#  fam    ele   dir  sequence    start     end
     1      1  1       gi|1     8831     9008 
     1    731  1     gi|160     6533     6711 
     1   2633  1      gi|89    17395    17588 
     2      2  1       gi|1     8939     9107 
     2   2759 -1     gi|109    33925    34033 
     2   2758 -1     gi|109    33841    33924 
     3      3  1       gi|1     9475     9968 
     3    732  1     gi|160     7083     7531 
     3   2726  1      gi|96    29467    29521 
     4      4  1       gi|1    18804    18888 
     4   2745 -1      gi|98    20301    20387 
     4    986  1     gi|181    15455    15538 
     4   2746  1      gi|98    20504    20577 
     5      5  1       gi|1    20213    21774 
     5    750  1     gi|161    14895    16220 
     5   2261  1      gi|61    26858    27838 
     6      6  1       gi|1    22172    22302 
     6    751  1     gi|161    16638    16769 
     7      7  1       gi|1    22370    22507 
     7    752  1     gi|161    16782    16920 
     8      9  1       gi|1    34462    34746 
     8    830 -1     gi|168    21498    21783 
     8    835 -1     gi|168    26675    26935 
     9     10  1       gi|1    35426    35923 
     9   2762  1      gi|57    10429    11665 
     9   2760  1      gi|92    13148    14399 
    10     13  1      gi|10    12087    12236 
    10   2190  1      gi|57     9234     9385 
    11     14  1      gi|10    25346    25417 
    11    640  1     gi|153     8451     8526 
    12     15  1      gi|10    25731    25891 
    12    641  1     gi|153     8775     8934 
    13     16  1      gi|10    26307    26419 
    13    642  1     gi|153     9189     9301 
    14     18  1      gi|10    37971    38127 
    14    291  1     gi|123    10635    10791 
    15     19  1      gi|10    38125    38897 
    15    292  1     gi|123    10863    11646 
    15    903 -1     gi|174     9293     9444 
    15   2781  1      gi|48    27889    28024 
    15    211 -1     gi|114    30294    30630 
    15   2782  1      gi|69        1      439 
    16     20  1      gi|10    38992    39933 
    16     75 -1     gi|104    24419    24517 
    16    955  1     gi|179     5229     6407 
    16   1493  1     gi|226    34742    35982 
    16   1905  1       gi|3      815     1377 
    17     22  1     gi|101    20691    20881 
    17   2146  1      gi|53    14758    14937 
    17   1334  1     gi|213     4043     4108 
    18     23  1     gi|101    22339    22980 
    18    610 -1      gi|15    36982    37528 
    19     24  1     gi|101    33113    33237 
    19   2127 -1      gi|50    30762    30889 
    20     25  1     gi|101    33426    33517 
    21     26  1     gi|101    37571    37659 
    21    668 -1     gi|154    33155    33303 
    21   2764 -1       gi|1    37245    37810 
    21    312  1     gi|124    27996    28117 
    21    323 -1     gi|125    19031    19726 
    21   1186 -1       gi|2    14067    14643 
    21   2098 -1      gi|47    29816    30217 
    21   2107  1      gi|48     5709     6404 
    21   2243  1      gi|60     1359     1555 
    21   2296  1      gi|63    31003    31703 
    21   2765  1     gi|113    28825    29516 
    21   2768  1      gi|38    37806    38022 
    21   1469 -1     gi|225     9716     9923 
    21   2534 -1       gi|8    40015    40173 
    21   2600  1      gi|87    32942    32994 
    21   2767 -1     gi|154    32735    32960 
    21   2774  1      gi|60      986     1138 
    21   2028  1      gi|38    36833    37103 
    21   2599  1      gi|87    32592    32676 
    22     27  1     gi|101    37705    37890 
    22    265 -1     gi|120    30069    30253 
    23     28  1     gi|101    37888    38231 
    23    264 -1     gi|120    16182    16526 
    24     29  1     gi|101    38232    38370 
    24    261 -1     gi|120    14628    14764 
    25     30  1     gi|102     2954     3210 
    25    593 -1      gi|15    11100    11356 
    26     31  1     gi|102     5261     5355 
    26   2577 -1      gi|83    10996    11124 
    26   1374  1     gi|218    27647    27772 
    26   1608 -1     gi|239    23990    24131 
    26   2787 -1     gi|117     1821     1938 
    26   3147 -1     gi|256     8697     8784 
    27     32  1     gi|102    14033    14105 
    27    609 -1      gi|15    34689    36445 
    27     33  1     gi|102    14351    14732 
    27   1477  1     gi|225    35551    37309 
    28     34  1     gi|102    15231    15655 
    28   1761 -1     gi|254    29163    29591 
    29     35  1     gi|102    17015    17203 
    29    607 -1      gi|15    32851    33034 
    30     37  1     gi|102    20089    20217 
    31     39  1     gi|102    20388    20491 
    31   2793  1     gi|199     2464     2561 
    31   2795  1     gi|102    20229    20353 
    31   2798  1     gi|102    19957    20080 
    32     40  1     gi|102    20529    20666 
    33     41  1     gi|102    20678    20805 
    34     42  1     gi|102    20850    20977 
    35     43  1     gi|102    20989    21190 
    35   2792  1     gi|199     2265     2316 
    35   2791  1     gi|199     2128     2263 
    35     44  1     gi|102    21198    21245 
    36     45  1     gi|102    21873    22648 
    36    603 -1      gi|15    24906    25677 
    37     46  1     gi|102    31919    31992 
    37    371  1      gi|13    23573    23645 
    37    382 -1      gi|13    39252    39323 
    37    724  1      gi|16    29344    29412 
    38     48  1     gi|102    34551    35595 
    38    380 -1      gi|13    35659    36703 
    38   1453  1     gi|224    16366    17399 
    38   1335 -1     gi|213     8568     8798 
    38    373  1      gi|13    26214    27128 
    39     49  1     gi|102    36992    37123 
    39    374  1      gi|13    28655    28786 
    39    379 -1      gi|13    34131    34262 
    40     50  1     gi|102    38492    38673 
    40    375  1      gi|13    30157    30336 
    40    378 -1      gi|13    32582    32764 
    41     51  1     gi|102    39109    39649 
    41    376  1      gi|13    30806    31322 
    41    377 -1      gi|13    31614    32155 
    41    476 -1     gi|140    16743    17285 
    41    725  1      gi|16    29838    30378 
    41   2538  1      gi|80    20509    21015 
    41   2801  1      gi|13    24109    24630 
    41   2804 -1      gi|13    38285    38826 
    41   2805 -1     gi|176     6660     7198 
    41    426 -1     gi|133    16857    17070 
    41   2799  1     gi|102    32428    32967 
    41    424 -1     gi|133    15217    15508 
    41   2806  1      gi|80    27891    27930 
    42     52  1     gi|103     5058     5431 
    42    887 -1     gi|171    32569    32992 
    43     53  1     gi|103     6615     6736 
    43   1248 -1     gi|203    27406    27624 
    43   1033  1     gi|185    23761    23970 
    44     54  1     gi|103    14469    14569 
    44   2105  1      gi|48     2503     2598 
    44     55 -1     gi|103    22480    22572 
    45     56  1     gi|103    34803    35169 
    45    470  1     gi|139     7626     8024 
    46     57  1     gi|103    36986    37060 
    46    769  1     gi|163    23171    23245 
    47     58  1     gi|103    39362    39417 
    47   2189  1      gi|57     1001     1056 
    48     60  1     gi|104      920     1331 
    48   2476  1      gi|77    12292    13628 
    48     83  1     gi|104    31405    32788 
    48   2474  1      gi|77    10369    11746 
    49     61  1     gi|104     1335     1535 
    49   2477  1      gi|77    14078    14284 
    50     62  1     gi|104     1625     1749 
    50   2478  1      gi|77    14250    14391 
    50     82 -1     gi|104    30636    30772 
    51     63  1     gi|104     2072     2441 
    51    155 -1     gi|109    24230    24767 
    51     81 -1     gi|104    29963    30218 
    51    824  1     gi|167    35758    36196 
    52     64  1     gi|104     3071     3326 
    52    154 -1     gi|109    23379    23643 
    52     80 -1     gi|104    29072    29327 
    53     66  1     gi|104     5309     5428 
    53   2682  1      gi|92      374      502 
    53   2742  1      gi|98    10225    10305 
    54     67  1     gi|104     5487     5590 
    54   1017  1     gi|182    24539    25284 
    54   2833  1      gi|22    38848    39606 
    54   1696 -1     gi|249    37564    38250 
    54   2826  1     gi|182     6754     7495 
    54     70  1     gi|104    10955    11670 
    54     73  1     gi|104    20057    20798 
    54   2825  1     gi|182    19691    20444 
    54   2823  1     gi|104    18380    19167 
    54   2832  1      gi|77     7710     8502 
    54   1013  1     gi|182    21961    22705 
    55     68  1     gi|104     5906     6064 
    55   2248 -1      gi|60    24517    24640 
    55   2841  1     gi|142    12063    12251 
    55   2843  1     gi|182    39214    39398 
    55   2847  1     gi|116    13699    13884 
    55    606 -1      gi|15    29078    29246 
    55   1832  1      gi|26    25534    25641 
    56     71  1     gi|104    16612    16889 
    56    730  1     gi|160     4587     4864 
    57     74  1     gi|104    22850    22899 
    57    330  1     gi|126    25815    25868 
    58     76  1     gi|104    26321    26362 
    58   2425 -1      gi|74      246      287 
    59     77  1     gi|104    26866    27325 
    59   1737  1     gi|253    11617    12081 
    59   1443 -1     gi|223    14803    14898 
    60     78  1     gi|104    27761    27807 
    60   2475 -1      gi|77    11914    11964 
    61     84  1     gi|104    33228    33531 
    61    254 -1      gi|12    36550    36654 
    61   2044  1      gi|41     8782     9411 
    61   1529  1     gi|230    20524    21139 
    61     86  1     gi|104    34234    34676 
    61   2159 -1      gi|54    11166    11553 
    61   2045  1      gi|41     9309     9729 
    61   1530  1     gi|230    27717    27766 
    62     85  1     gi|104    33804    33878 
    62   2016  1      gi|38     9351     9907 
    62    618 -1     gi|150    38626    39193 
    62   2252  1      gi|60    34490    34624 
    63     87  1     gi|104    34763    34835 
    63    310  1     gi|124    27443    27515 
    64     88  1     gi|104    35108    35219 
    64   1605  1     gi|239     5883     6013 
    64   2048  1      gi|41    32183    32304 
    65     89  1     gi|104    37675    37744 
    65   2852 -1      gi|68     1219     1406 
    65   2849  1     gi|176    27424    27902 
    65    433 -1     gi|133    37939    38241 
    65   2881  1      gi|54     5199     8675 
    65   1181 -1     gi|199    24692    25137 
    65   1182 -1     gi|199    26658    30125 
    65   2009  1      gi|37    29700    32596 
    65   2050  1      gi|41    37516    38285 
    65   2503  1      gi|78    27814    31233 
    65   2879 -1      gi|35     7697    11172 
    65   2885 -1      gi|56    28525    29023 
    65   2893 -1      gi|88     2924     3422 
    65   2988  1      gi|97    29662    33125 
    65   2332 -1      gi|68     1650     1916 
    65   2858 -1     gi|133    32966    33213 
    65   1305 -1     gi|208    38848    39305 
    65   2160 -1      gi|54    12798    16269 
    65   2551 -1      gi|80    37042    37294 
    65   2861  1     gi|154      760     1312 
    65   2863 -1     gi|165    24144    24665 
    65   2883 -1      gi|54    27159    30622 
    65   2886  1      gi|60    15085    16805 
    65   3016  1     gi|123    19431    22891 
    65   3020  1      gi|60     9063     9192 
    65    293  1     gi|123    15666    16090 
    65    386 -1     gi|131      577      988 
    65   1237 -1     gi|200    37577    37667 
    65   2162 -1      gi|54    19771    20017 
    65   2548 -1      gi|80    32669    33651 
    65   2734  1      gi|97    24075    24518 
    65   2989 -1     gi|165    29394    30035 
    65   2156  1      gi|54     1441     3684 
    65   1238 -1     gi|200    37949    38162 
    65   2008  1      gi|37    29147    29427 
    65   2436 -1      gi|74    21233    23505 
    65    430 -1     gi|133    28720    29465 
    65    793 -1     gi|165    28011    28827 
    65   2168 -1      gi|54    33927    34372 
    65   2246  1      gi|60    12816    14560 
    65   1560  1     gi|234     3298     3480 
    65   2007  1      gi|37    25403    25842 
    65    295 -1     gi|123    32449    34867 
    65   1114 -1     gi|190    36567    40021 
    65    427 -1     gi|133    20273    20334 
    65   1563  1     gi|234     8252     9028 
    65   2857 -1     gi|133    25998    28397 
    65   2875 -1     gi|235    26094    28507 
    65   2998  1     gi|128      109     3572 
    65    296 -1     gi|123    35144    35878 
    65    394  1     gi|131    14824    15552 
    65    792 -1     gi|165    27285    28013 
    65   2053  1      gi|41    39754    39997 
    65   2499 -1      gi|77    39486    40128 
    65   2859 -1     gi|150    23038    23288 
    65   2868  1     gi|212     1368     1504 
    65   1328  1     gi|212    19061    20288 
    65   2051  1      gi|41    38710    39422 
    65   2994  1      gi|54      224     1089 
    65   3018 -1     gi|235    33224    33301 
    65   1329  1     gi|212    27236    27908 
    65   1327  1     gi|212    18268    18643 
    65   1240 -1     gi|200    38853    40147 
    65   2501  1      gi|78    24009    24255 
    65   2853 -1     gi|123    39223    39665 
    65   2855  1     gi|131    11035    11479 
    65   2880 -1      gi|35    14509    14923 
    65   2891 -1      gi|74    20453    20968 
    65   3019  1      gi|60     8978     9062 
    65   2888  1      gi|73     2596     3483 
    65   2549 -1      gi|80    35342    36155 
    65   2550 -1      gi|80    36602    36748 
    65   2553 -1      gi|80    38553    38620 
    65   2992  1     gi|212    10304    10679 
    65   2438 -1      gi|74    28092    28258 
    65   2498  1      gi|77    38416    38898 
    65   3017 -1     gi|224    18250    18383 
    65   1183 -1     gi|199    33462    33877 
    65    658 -1     gi|154    12693    12951 
    65   2865  1     gi|190    27818    28310 
    65    395  1     gi|131    16001    18228 
    65   2867 -1     gi|200    34787    37175 
    65   2185 -1      gi|56    32084    32401 
    65   2608 -1      gi|88     6484     6941 
    65   2186 -1      gi|56    32878    33013 
    65    779 -1     gi|165      467      866 
    65   2870  1     gi|212    28492    28879 
    65   1169  1     gi|199     4376     4430 
    65   1578 -1     gi|235    28785    29352 
    65    392  1     gi|131    10504    10930 
    65   2877 -1      gi|25    21056    21541 
    65   1750  1     gi|254    15216    15772 
    65   1170 -1     gi|199    17833    18059 
    65   2547 -1      gi|80    32614    32686 
    65   2872 -1     gi|224    13135    13485 
    65   2049  1      gi|41    33794    34041 
    65   2873  1     gi|234     4689     4953 
    65   3021  1     gi|234    18120    18187 
    65   1180 -1     gi|199    22335    22423 
    66     90  1     gi|104    39106    39215 
    66    925  1     gi|176    25777    25886 
    67     91  1     gi|105     3652     4120 
    67   2761  1      gi|92    14400    14880 
    67    156 -1     gi|109    25754    26250 
    67   2763  1      gi|57    11681    12147 
    68     92  1     gi|105     8280     9811 
    68    434  1     gi|134      902     2432 
    68     96  1     gi|105    17926    18030 
    69     93  1     gi|105    12871    13601 
    69    907 -1     gi|174    14388    15110 
    69   1355 -1     gi|217      472      822 
    70     94  1     gi|105    15022    15203 
    70   1064  1     gi|188     6036     6372 
    71     95  1     gi|105    16326    17346 
    71    141 -1     gi|107    23739    23889 
    71   1520 -1      gi|23    31176    32223 
    72     98  1     gi|105    24256    24352 
    72    109 -1     gi|106     5707     5960 
    72    913  1     gi|174    39393    39657 
    72   1683  1     gi|249     7828     7897 
    72   1684  1     gi|249    10180    10360 
    73     99  1     gi|105    24796    25076 
    73   2024 -1      gi|38    19961    20193 
    73   2087 -1      gi|47    15070    15331 
    73   2088 -1      gi|47    16629    16656 
    73   2319 -1      gi|67    15053    15316 
    73   1654 -1     gi|242    34948    35088 
    74    100  1     gi|105    27691    27776 
    74   2731  1      gi|97    20026    20129 
    74   1522  1      gi|23    36059    36130 
    75    101  1     gi|105    34125    34180 
    75    276 -1     gi|121    22913    22966 
    76    102  1     gi|105    34182    35077 
    76    274 -1     gi|121    21237    22149 
    77    103  1     gi|105    36399    37391 
    77   2453  1      gi|75    21083    22046 
    77    399  1     gi|131    30185    30297 
    78    104  1     gi|106        1       70 
    78   2899 -1     gi|181    28062    29007 
    78    105  1     gi|106       91      124 
    78   2520 -1       gi|8     3022     3392 
    78   2902 -1     gi|242    15561    16506 
    79    106  1     gi|106      206      276 
    79   2905  1     gi|110      525      653 
    79    132 -1     gi|106    30848    30980 
    79   2907  1      gi|65    36589    36681 
    80    107  1     gi|106      655     1003 
    80    712 -1      gi|16     7533     7866 
    80    855  1     gi|169    38237    38311 
    80    857 -1     gi|169    39482    39675 
    80   2240 -1       gi|6    37622    37780 
    81    108  1     gi|106     3059     3228 
    81   1932  1      gi|34    12016    12195 
    82    110  1     gi|106     7674     8056 
    82    157 -1     gi|109    27268    27648 
    83    111  1     gi|106     8385     8453 
    83   1457 -1     gi|224    34284    34352 
    84    112  1     gi|106     8725     8811 
    84    605  1      gi|15    28652    28737 
    85    113  1     gi|106     9960     9995 
    85   1371  1     gi|218    21471    21506 
    86    114  1     gi|106    12512    12707 
    86    228 -1     gi|117    12078    12281 
    86   2593 -1      gi|87    13900    14048 
    87    115  1     gi|106    13738    13816 
    87   1144  1     gi|195    34322    34406 
    88    116  1     gi|106    14648    14793 
    88   1145  1     gi|195    35235    35375 
    89    117  1     gi|106    14754    14921 
    89   2628  1      gi|89     8605     8771 
    90    118  1     gi|106    14924    14956 
    90   2909  1       gi|9    33242    33462 
    90    120  1     gi|106    16433    16604 
    90   2911  1     gi|109    34387    34597 
    90   2913 -1     gi|256     2733     2890 
    90   2912 -1     gi|242    12208    12404 
    90   2915  1      gi|75    22527    22716 
    91    119  1     gi|106    16131    16473 
    91   1219 -1     gi|200    15018    15349 
    91   2698 -1      gi|93     7895     7954 
    92    121  1     gi|106    16867    16966 
    92   2663  1       gi|9    33720    33823 
    93    122  1     gi|106    17481    17886 
    93    163  1     gi|109    35267    35561 
    93   1636 -1     gi|242    11456    11818 
    93   1773 -1     gi|256     1845     2176 
    93   2916  1       gi|9    34202    34561 
    93   2458  1      gi|75    25584    25850 
    94    123  1     gi|106    23286    23410 
    94   2430  1      gi|74    11587    11710 
    95    124  1     gi|106    23945    24098 
    95    691 -1     gi|159     2365     2529 
    95    694  1     gi|159     5226     5390 
    96    125  1     gi|106    24213    24456 
    96    695  1     gi|159     5676     5936 
    97    126  1     gi|106    24472    24638 
    97    697  1     gi|159    21415    21560 
    98    127  1     gi|106    24890    24969 
    98   2741 -1      gi|98    10136    10218 
    99    128  1     gi|106    24997    25107 
    99    676 -1     gi|155    25218    25341 
   100    129  1     gi|106    25272    25376 
   100   1916 -1      gi|31    17131    17233 
   101    131  1     gi|106    26299    26969 
   101   1415 -1     gi|220    28177    28638 
   101   1915 -1      gi|31    10021    10552 
   101    930  1     gi|176    34398    34658 
   101    932  1     gi|176    37059    37213 
   101   2920 -1     gi|166    30301    30579 
   101   2918 -1     gi|151     4075     4122 
   102    133  1     gi|107     9408     9519 
   102   2135  1      gi|52    35203    35320 
   103    134  1     gi|107    14023    14523 
   103   1308  1     gi|209    34169    34465 
   103   1501 -1     gi|227    33550    34052 
   103   2378 -1      gi|70    23589    23776 
   104    135  1     gi|107    15181    15378 
   104    591 -1      gi|15      946     1144 
   104    595 -1      gi|15    18666    18796 
   104   1166  1     gi|199       32      118 
   105    136  1     gi|107    20791    21406 
   105    187  1     gi|111    12613    13334 
   105   1142  1     gi|195    29666    30491 
   105   1877  1     gi|264    31784    32169 
   105   1878  1     gi|264    32402    32850 
   105    186  1     gi|111    11275    11397 
   105   2348 -1      gi|69    36968    37118 
   106    137  1     gi|107    21898    22061 
   106   1463 -1     gi|224    38590    38752 
   107    139  1     gi|107    22340    22499 
   107   1461 -1     gi|224    37225    37384 
   108    140  1     gi|107    22470    22761 
   108   2733 -1      gi|97    23614    23904 
   109    142  1     gi|107    25055    25341 
   109   2934 -1      gi|96     2436     2707 
   109   2277 -1      gi|62    19245    19347 
   109   2935 -1      gi|62    10288    10516 
   110    143  1     gi|107    33154    33494 
   110    305  1     gi|124    20481    20786 
   111    144  1     gi|107    36484    36803 
   111   1888  1      gi|27    17220    17480 
   111   2032 -1      gi|39    18247    18557 
   112    145  1     gi|107    38738    39437 
   112    241  1     gi|119    13611    14345 
   112    506 -1     gi|141    38153    38230 
   113    146  1     gi|107    39699    39762 
   113   1445 -1     gi|223    21016    21079 
   114    147  1     gi|107    39767    39913 
   114    770  1     gi|164    20747    20839 
   114   1272  1     gi|205    40194    40334 
   115    149  1     gi|109      603     2933 
   115    947  1     gi|178    21449    21584 
   115   1805  1     gi|257    26133    28474 
   115   1068 -1     gi|188    17751    17808 
   116    150  1     gi|109     4010     4640 
   116   1806  1     gi|257    28474    29104 
   117    151  1     gi|109     4670     5407 
   117   1807  1     gi|257    29458    30185 
   118    152  1     gi|109    19774    19909 
   118   1157  1     gi|197      837      961 
   118   1163 -1     gi|197    14637    14761 
   119    158  1     gi|109    33317    33480 
   119   1191  1       gi|2    24311    24444 
   119   1195  1       gi|2    29873    30014 
   119    910 -1     gi|174    34453    34570 
   120    161  1     gi|109    34828    34862 
   120   2455  1      gi|75    23280    23314 
   121    162  1     gi|109    35119    35278 
   121   2456  1      gi|75    23962    24121 
   122    164  1     gi|109    36995    37098 
   122   2637  1      gi|89    29378    29488 
   123    165  1     gi|109    38854    39186 
   123   2638  1      gi|89    31589    31906 
   124    166  1      gi|11      248      365 
   124   2939 -1     gi|156     4323     4495 
   124    167 -1      gi|11      374      490 
   124   2940  1     gi|226     8273     8433 
   124   2936  1     gi|156     3681     3837 
   124    231  1     gi|117    27299    27398 
   125    168  1      gi|11      634     2066 
   125    318  1     gi|124    37569    39015 
   125   2134  1      gi|52    23142    24459 
   125    521 -1     gi|142    31727    31895 
   125    522  1     gi|142    31874    33025 
   125   1855 -1     gi|263       22       70 
   126    169  1      gi|11     2067     2159 
   126    320  1     gi|124    39871    39960 
   127    170  1      gi|11     4771     5323 
   127    671  1     gi|154    38443    38993 
   128    171  1      gi|11     5332     5611 
   128   2713 -1      gi|96      782     1045 
   129    173  1      gi|11     6773     6927 
   129   2683 -1      gi|92     8061     8213 
   130    174  1      gi|11     9770     9872 
   130   2686 -1      gi|92    12589    12693 
   131    175  1      gi|11    20089    20222 
   131    531 -1     gi|144     8325     8460 
   131    747 -1     gi|161     3760     3861 
   131   1847  1     gi|261    28179    28314 
   132    176  1      gi|11    21057    21192 
   132    530 -1     gi|144     7342     7479 
   132   1710  1     gi|250     5242     5362 
   133    177  1      gi|11    27983    29870 
   133   1029 -1     gi|183    34725    35909 
   133   1924 -1      gi|32    17230    19048 
   133   1030 -1     gi|183    36074    36367 
   133   1031 -1     gi|183    38376    38886 
   134    180  1     gi|110      904      957 
   134   1781  1     gi|256     8439     8493 
   135    181  1     gi|110      972     1072 
   135   1780 -1     gi|256     8262     8362 
   136    182  1     gi|110     1262     3266 
   136   1779 -1     gi|256     6276     8272 
   137    183  1     gi|110     3277     3338 
   137   1777 -1     gi|256     5276     5335 
   138    184  1     gi|110     6211     6341 
   138    963 -1     gi|179    31472    31608 
   138   2128 -1      gi|50    31211    31328 
   139    185  1     gi|110    17845    18051 
   139   1677  1     gi|248    27594    27790 
   140    188  1     gi|111    23047    23645 
   140   2951 -1      gi|15     3330     4194 
   140   2408  1      gi|72    38781    38858 
   140   2953 -1     gi|219    17063    17924 
   140    333 -1     gi|126    34759    35119 
   140   1582 -1     gi|235    35912    36447 
   141    189  1     gi|112    16428    16942 
   141   2596  1      gi|87    22327    22841 
   142    190  1     gi|112    16941    17264 
   142   2597  1      gi|87    32002    32325 
   143    191  1     gi|112    17814    17985 
   143   2598  1      gi|87    32405    32576 
   144    192  1     gi|112    19160    19349 
   144   1814  1     gi|258    10588    10786 
   144    197  1     gi|112    23398    23468 
   145    193  1     gi|112    19355    19422 
   145   2954  1     gi|258    10966    11053 
   145   2956  1     gi|112    23496    23558 
   146    194  1     gi|112    19668    19775 
   146   2955  1     gi|258    11055    13114 
   146    195  1     gi|112    20017    22226 
   146   1156 -1     gi|196    23134    25416 
   146   2957  1     gi|112    23582    25743 
   147    199  1     gi|112    30062    30624 
   147    200  1     gi|113    14597    14738 
   147   1908  1       gi|3    13189    13745 
   147   1617  1     gi|241     5048     5243 
   147   1999  1      gi|37    16538    16896 
   147    849  1     gi|169    26860    26951 
   147   2661 -1       gi|9    31483    31724 
   148    201  1     gi|113    14886    15069 
   148   1909  1       gi|3    14157    14309 
   148   2000  1      gi|37    16899    17082 
   149    204  1     gi|113    29957    30176 
   149    714  1      gi|16    13910    14131 
   150    205  1     gi|113    30176    30402 
   150    717  1      gi|16    16616    16842 
   151    206  1     gi|113    30728    32280 
   151    718  1      gi|16    16854    18415 
   152    207  1     gi|113    32611    32733 
   152   2552 -1      gi|80    38145    38552 
   152    778 -1     gi|164    37991    38366 
   152   1417  1     gi|220    38274    38692 
   152   1570  1     gi|234    22361    22780 
   152   1768 -1     gi|255    23157    23587 
   152   1528 -1     gi|230    18684    18776 
   153    208  1     gi|113    33584    33872 
   153    719  1      gi|16    18414    18706 
   154    209  1     gi|113    34505    35286 
   154    720  1      gi|16    18709    19488 
   155    210  1     gi|114        2      169 
   155   2391 -1      gi|71    18167    18328 
   156    214  1     gi|116    14484    14977 
   156   1122  1     gi|194    20607    20769 
   156   1536 -1     gi|231    19022    19512 
   157    215  1     gi|116    15848    17221 
   157   1535 -1     gi|231    16830    18198 
   158    216  1     gi|116    17346    17772 
   158   1727 -1     gi|251     3749     4175 
   159    217  1     gi|116    18052    18155 
   159    804  1     gi|166    17837    17976 
   159   1359 -1     gi|218     1331     1434 
   159   2653  1       gi|9    24823    24959 
   160    218  1     gi|116    19952    20135 
   160   1880  1     gi|264    36584    36783 
   161    219  1     gi|116    21063    21241 
   162    220  1     gi|116    21164    21387 
   162   2964  1      gi|60    34739    35049 
   162    384 -1     gi|130    16685    16826 
   162    601  1      gi|15    24421    24506 
   162   1798  1     gi|257     9784     9969 
   162   2965 -1     gi|131     6876     7000 
   163    221  1     gi|117      103     1758 
   163   2036 -1      gi|40     6453     8109 
   163    223  1     gi|117     2151     3762 
   164    224  1     gi|117     3767     3896 
   164   2035 -1      gi|40     6213     6340 
   165    225  1     gi|117     5593     6144 
   165    895 -1     gi|173    11510    12046 
   166    226  1     gi|117     7437     7796 
   166   1919 -1      gi|31    39318    39701 
   167    227  1     gi|117     9761     9921 
   167   1519  1      gi|23    30885    31048 
   168    229  1     gi|117    12382    12512 
   168   1860 -1     gi|264     2955     3086 
   169    230  1     gi|117    25549    26615 
   169    436  1     gi|134    10656    11183 
   169    445 -1     gi|134    30437    31532 
   170    232  1     gi|117    27763    27913 
   170    743  1     gi|160    36795    37358 
   170    354  1     gi|129    13619    13808 
   170   1421  1     gi|221    11757    12086 
   170   2968  1     gi|129    12946    13083 
   170   2969 -1     gi|144    31068    31635 
   171    233  1     gi|118     2601     3141 
   171   1856  1     gi|263     1892     2448 
   171   2730 -1      gi|96    35829    36364 
   172    234  1     gi|118     4274     4387 
   172   1498  1     gi|227    19368    19954 
   172   2085 -1      gi|46    21534    22071 
   173    235  1     gi|118     5411     5638 
   173   2729 -1      gi|96    35079    35296 
   174    236  1     gi|118    17262    17444 
   174   2971 -1      gi|24    36842    37028 
   174   2584 -1      gi|84     9873    10059 
   174   2972  1      gi|84     4305     4492 
   175    237  1     gi|118    31634    31844 
   175   1730 -1     gi|251    13112    13310 
   176    238  1     gi|119     4783     4854 
   176   2079  1      gi|46     2071     2140 
   177    239  1     gi|119     6489     7191 
   178    240  1     gi|119     9524     9619 
   178    957  1     gi|179    15011    15112 
   179    242  1     gi|119    20993    21110 
   179   1442 -1     gi|223    14391    14599 
   179   2234 -1       gi|6    19334    19534 
   180    243  1     gi|119    28151    28364 
   180    501  1     gi|141    31631    31851 
   181    244  1     gi|119    32451    32695 
   182    245  1     gi|119    33212    33689 
   182   2018  1      gi|38    10565    11051 
   182    248 -1     gi|119    37655    38132 
   183    246  1     gi|119    33955    34283 
   183    657 -1     gi|154    11420    11718 
   183    247 -1     gi|119    37061    37389 
   184    249  1     gi|119    38649    38893 
   185    251  1      gi|12    26874    26953 
   185   2283  1      gi|62    30898    30977 
   186    252  1      gi|12    27541    28346 
   186   2282  1      gi|62    28033    28893 
   186   2284  1      gi|62    31598    32419 
   187    253  1      gi|12    34783    34986 
   187   1808 -1     gi|257    31070    31358 
   187   1922  1      gi|32     5898     6102 
   187    282 -1     gi|122    26979    27253 
   187    567  1     gi|147     7609     7853 
   188    255  1      gi|12    36952    37013 
   188   2316  1      gi|66    37875    37937 
   189    256  1     gi|120        2      162 
   189   1244  1     gi|203     6899     7401 
   189   2512  1      gi|79    25285    25782 
   190    257  1     gi|120      163      253 
   190   1245  1     gi|203    14474    15340 
   190   2976  1      gi|79    25788    26600 
   190   2978  1     gi|120      269      698 
   190   2977  1      gi|79    26602    26811 
   191    259  1     gi|120    12265    12433 
   191    390  1     gi|131     8376     8538 
   192    260  1     gi|120    12505    13171 
   192   2349 -1       gi|7    12205    12947 
   193    262  1     gi|120    14833    15147 
   193   2591 -1      gi|87     5969     6267 
   194    263  1     gi|120    15190    16063 
   194   1662  1     gi|246     3260     3322 
   194   2589 -1      gi|87     3532     4360 
   195    266  1     gi|121     5215     5296 
   195   1811 -1     gi|257    38041    38112 
   196    267  1     gi|121     9706     9838 
   196   2416 -1      gi|73    17110    17241 
   197    268  1     gi|121    11164    11236 
   197    873 -1     gi|170    18850    18913 
   198    269  1     gi|121    16077    16551 
   198    829 -1     gi|168    13030    13502 
   198    273 -1     gi|121    20361    20835 
   199    270  1     gi|121    17497    17833 
   199    737 -1     gi|160    16325    16449 
   199    739 -1     gi|160    17398    17544 
   199   1947 -1      gi|35    15728    16062 
   200    271  1     gi|121    18115    18646 
   200   1946 -1      gi|35    14914    15447 
   201    272  1     gi|121    18634    19283 
   201   1943 -1      gi|35     7046     7695 
   201   2973  1      gi|38     9890    10130 
   202    275  1     gi|121    22397    22848 
   202   1096  1      gi|19    36605    37074 
   203    277  1     gi|121    23073    23414 
   203    524 -1     gi|143     8756     9085 
   203   2320 -1      gi|67    18287    18645 
   204    279  1     gi|121    29406    29506 
   204   2448 -1      gi|75    12631    12719 
   205    280  1     gi|121    31918    32496 
   205   2260 -1      gi|61    17021    17629 
   206    281  1     gi|121    34886    35883 
   206    958  1     gi|179    15864    16932 
   206   1059  1     gi|187    31185    31289 
   207    283  1     gi|122    27246    27335 
   207   1111 -1     gi|190    33694    33900 
   207   1678  1     gi|249        1      200 
   208    284  1     gi|123     3070     3344 
   208    823 -1     gi|167    17277    17568 
   209    285  1     gi|123     4016     4179 
   209    822 -1     gi|167    17130    17278 
   210    286  1     gi|123     4222     4500 
   210   1476 -1     gi|225    34812    35102 
   211    287  1     gi|123     4758     4844 
   211   1475 -1     gi|225    34660    34758 
   212    288  1     gi|123     4827     4949 
   212   1787  1     gi|256    38416    38536 
   213    289  1     gi|123     6925     7343 
   213   1360  1     gi|218     2389     2814 
   213   2668  1      gi|90    25652    25969 
   214    290  1     gi|123     7582     7628 
   214   1875  1     gi|264    24832    24882 
   215    298  1     gi|123    39757    40117 
   215   2012 -1      gi|37    37079    37439 
   216    299  1     gi|124     1299     1773 
   216    715 -1      gi|16    14462    14917 
   217    300  1     gi|124     2534     2904 
   217    557  1     gi|145    38788    39158 
   218    301  1     gi|124     4420     4652 
   218    558  1     gi|145    39787    40013 
   219    302  1     gi|124     7988     8199 
   219    617 -1     gi|150    35159    35370 
   220    303  1     gi|124    14832    15095 
   220    566  1     gi|147     6661     7602 
   220   1809 -1     gi|257    31517    32445 
   221    304  1     gi|124    16565    16891 
   221    620  1     gi|150    39795    40106 
   222    306  1     gi|124    22967    23032 
   222   2788  1     gi|197     4202     4302 
   222   2789  1     gi|235    34604    34767 
   222    483  1     gi|140    33848    33911 
   223    307  1     gi|124    23804    24042 
   223    995 -1     gi|181    26526    26773 
   223   1376  1     gi|219        1       44 
   223   2514  1      gi|79    26951    27146 
   224    308  1     gi|124    25297    25545 
   224   2602  1      gi|87    37028    37502 
   224   2500  1      gi|78    18628    19667 
   224   2601 -1      gi|87    33445    34423 
   224   2603  1      gi|87    37505    37717 
   224   2604  1      gi|87    37695    37793 
   225    309  1     gi|124    26833    27122 
   225   2302  1      gi|63    35583    36082 
   225   1404  1      gi|22    34851    35349 
   226    311  1     gi|124    27523    27582 
   226   1368 -1     gi|218    18386    18445 
   227    313  1     gi|124    29654    30454 
   227   2415 -1      gi|73    14828    15643 
   228    314  1     gi|124    32500    32591 
   228   1101  1     gi|190     2410     2502 
   229    315  1     gi|124    33219    35819 
   229   2132  1      gi|52    17782    20257 
   229   1796  1     gi|257     6407     8909 
   229   2650  1       gi|9    20929    23754 
   230    316  1     gi|124    35185    37109 
   231    317  1     gi|124    36218    38201 
   231   2133  1      gi|52    20656    22675 
   231   1952 -1      gi|35    30699    31075 
   232    319  1     gi|124    39280    39519 
   232   2368 -1      gi|70    11007    11252 
   233    321  1     gi|125    17647    17728 
   233   1468 -1     gi|225     8983     9043 
   233   2030 -1      gi|38    38377    38422 
   233   2109 -1      gi|48     7737     7819 
   233   2297 -1      gi|63    32058    32139 
   234    322  1     gi|125    18056    18758 
   234    767  1     gi|163    17600    18304 
   234    791 -1     gi|165    25373    26071 
   234   2999  1      gi|17    23529    24078 
   234   1598  1     gi|237     3683     3816 
   234   1599  1     gi|237     4062     4091 
   234   2091  1      gi|47    24932    24995 
   234   2108 -1      gi|48     6707     7410 
   234   1596  1     gi|237     2086     2389 
   235    324  1     gi|125    26328    26758 
   235    977  1     gi|180    23154    23583 
   236    325  1     gi|126    12628    12697 
   236    629  1     gi|151    17045    17113 
   237    326  1     gi|126    12676    12770 
   237   2975 -1      gi|12    13669    13872 
   237   1380 -1     gi|219    10545    10635 
   237   1508  1     gi|229    37676    37905 
   237   2974  1      gi|60    25038    25141 
   238    327  1     gi|126    13310    13449 
   238   2631  1      gi|89    11214    11344 
   239    328  1     gi|126    13617    13817 
   239   2003 -1      gi|37    21257    21475 
   240    329  1     gi|126    24203    24251 
   240    745 -1     gi|161     2713     2761 
   241    332  1     gi|126    33246    33573 
   241   2897  1     gi|105    21221    21543 
   241    338 -1     gi|126    37072    37394 
   241   2898  1     gi|126    26622    26951 
   242    334  1     gi|126    35025    35379 
   242   1262 -1     gi|205    23466    23844 
   243    335  1     gi|126    35326    35546 
   243    656  1     gi|154     9417     9550 
   243   1121 -1     gi|194    18806    19018 
   243   2409 -1      gi|72    38869    38927 
   244    336  1     gi|126    35581    35796 
   244   1473 -1     gi|225    18580    18799 
   245    337  1     gi|126    35794    35861 
   245   1472 -1     gi|225    17124    17191 
   246    339  1     gi|126    38346    38594 
   246    594  1      gi|15    17394    17643 
   247    340  1     gi|127     8570     8669 
   247   2059  1      gi|43     7591     7691 
   247   2125 -1      gi|50    23551    23651 
   247   2922  1     gi|129     6800     6895 
   247   2924  1     gi|132    29795    29893 
   247   2925 -1     gi|169    26224    26324 
   247   2927  1     gi|192    37291    37387 
   247   2929  1     gi|251    37204    37300 
   247   2930  1      gi|64    19146    19242 
   247   2932  1     gi|147    22841    22940 
   247   2921 -1     gi|107    22095    22149 
   247   2054  1      gi|42     7017     7103 
   248    341  1     gi|127    13920    15377 
   248    604  1      gi|15    27221    28652 
   249    342  1     gi|127    18003    18787 
   249   1642 -1     gi|242    18429    19211 
   250    343  1     gi|127    18842    19231 
   250   1640 -1     gi|242    14490    14896 
   251    345  1     gi|128    18741    18930 
   251   2579 -1      gi|83    28023    28192 
   252    346  1     gi|129      582     1418 
   252   2265 -1      gi|62      376     1220 
   252   2470  1      gi|77     5846     5999 
   253    347  1     gi|129     1727     2046 
   253    889 -1     gi|171    34422    34590 
   253    914 -1     gi|175    22091    22343 
   254    348  1     gi|129     1954     2725 
   254   2122 -1       gi|5    12674    12796 
   254   2471  1      gi|77     6076     6873 
   255    349  1     gi|129     4311     4392 
   255   1838 -1     gi|260    29258    29339 
   256    351  1     gi|129     7695     7762 
   256    578  1     gi|147    36875    36941 
   256    352 -1     gi|129    11086    11153 
   257    356  1     gi|129    17268    18464 
   257   1524 -1     gi|230     8262     8563 
   257   1525  1     gi|230     9564    10763 
   258    357  1     gi|129    18600    18648 
   258   2230 -1       gi|6     5918     5966 
   259    358  1     gi|129    19112    21762 
   259   2229 -1       gi|6     3278     5915 
   260    359  1     gi|129    23609    24164 
   260   2702  1      gi|93    12882    13409 
   261    360  1     gi|129    24752    24995 
   261   2703  1      gi|93    13997    14246 
   262    361  1     gi|129    28850    30522 
   262    686 -1     gi|156    27422    29089 
   262    924 -1     gi|176    21556    23245 
   262   1455  1     gi|224    26296    27825 
   263    364  1     gi|129    35479    35698 
   263   3013 -1     gi|153    26011    27339 
   263   3009  1     gi|129    34810    35498 
   263   3011 -1     gi|141    13322    14672 
   263    365  1     gi|129    35824    36272 
   264    366  1     gi|129    36415    37632 
   264   3010 -1     gi|141    12025    13320 
   264   3012 -1     gi|153    24711    26011 
   264    500 -1     gi|141    30108    30689 
   265    367  1     gi|129    37825    38571 
   265    492 -1     gi|141     7262    12033 
   265    648 -1     gi|153    15672    20442 
   265    503 -1     gi|141    33675    34837 
   265    498 -1     gi|141    28692    28915 
   265    499 -1     gi|141    28985    30116 
   265    487 -1     gi|140    38829    39183 
   265   2625  1      gi|88    35720    35937 
   265   1772  1     gi|256      604     1361 
   265   1785 -1     gi|256    28784    29549 
   266    368  1     gi|129    39547    39707 
   266   2231  1       gi|6     7315     7481 
   267    369  1      gi|13    15956    16197 
   267    906  1     gi|174    14045    14172 
   267   2665  1       gi|9    35055    35288 
   268    370  1      gi|13    23302    23444 
   268   1797 -1     gi|257     8895     9039 
   269    383  1     gi|130    14500    16623 
   269   1241 -1     gi|201        1     2124 
   270    385  1     gi|130    17781    17874 
   270   2412 -1      gi|73     6127     6220 
   270    449 -1     gi|135    12675    12805 
   270    818  1     gi|167     6129     6250 
   271    388  1     gi|131     7325     8006 
   271   2617  1      gi|88    26146    26805 
   272    389  1     gi|131     7998     8086 
   272   1212 -1     gi|200     9287     9374 
   272   1879  1     gi|264    33177    33263 
   272   2468 -1      gi|77     2858     2946 
   272   2632 -1      gi|89    12049    12118 
   272   3022 -1     gi|223      168      253 
   273    391  1     gi|131     9144     9218 
   273    486  1     gi|140    38370    38442 
   274    396  1     gi|131    18302    19063 
   274   1296  1     gi|208    11858    12632 
   275    397  1     gi|131    20442    21773 
   275   1297  1     gi|208    12640    13950 
   276    398  1     gi|131    29514    29637 
   276   1052  1     gi|187      760      888 
   277    400  1     gi|131    31170    31283 
   277   1471 -1     gi|225    16566    16674 
   278    401  1     gi|131    32214    32649 
   278    964  1     gi|179    33242    33703 
   279    402  1     gi|131    32817    33029 
   279    965  1     gi|179    34700    34903 
   280    403  1     gi|131    35705    35821 
   280   1953  1      gi|35    34556    34666 
   281    404  1     gi|131    36002    36145 
   281    967  1     gi|179    36480    36616 
   282    405  1     gi|131    36778    37151 
   282   1693 -1     gi|249    34361    34734 
   283    406  1     gi|131    37705    40000 
   283    968  1     gi|179    36618    38877 
   284    407  1     gi|132    19198    19355 
   284   1733 -1     gi|251    22799    22958 
   285    408  1     gi|132    23985    24342 
   285   1426  1     gi|221    39813    40167 
   285    410  1     gi|132    33328    33629 
   286    411  1     gi|132    33951    34276 
   286   2307 -1      gi|64    24469    24823 
   287    412  1     gi|132    34284    35808 
   287   2306 -1      gi|64    22720    24308 
   288    413  1     gi|132    37404    37544 
   288   2635 -1      gi|89    25307    25436 
   289    414  1     gi|132    37658    37708 
   289   1792 -1     gi|256    39889    39950 
   290    415  1     gi|132    37993    38331 
   290   2419 -1      gi|73    19042    19180 
   290   3023  1      gi|73    18570    18909 
   290   1263  1     gi|205    24269    24711 
   290   2031  1      gi|39        2      203 
   291    416  1     gi|133        2      105 
   291   1079 -1     gi|189    18915    19025 
   292    417  1     gi|133     2892     3220 
   292   1567 -1     gi|234    12226    12493 
   292   1568  1     gi|234    16690    17025 
   293    418  1     gi|133     3184     3298 
   293   1565 -1     gi|234    11554    11633 
   294    419  1     gi|133     7275     7392 
   294   2574  1      gi|81    40014    40136 
   295    420  1     gi|133     8819     9132 
   295   1228  1     gi|200    27484    27791 
   296    421  1     gi|133    10179    10223 
   296   1229  1     gi|200    28303    28347 
   297    422  1     gi|133    10216    10306 
   297   1466 -1     gi|225     2640     6501 
   297   1083 -1     gi|189    23644    27496 
   297   1419  1     gi|220    40004    40161 
   298    423  1     gi|133    11125    11306 
   298   1465 -1     gi|225     2061     2242 
   299    425  1     gi|133    16328    16526 
   299    929  1     gi|176    31012    31206 
   299   2544 -1      gi|80    31041    31221 
   300    428  1     gi|133    23001    25995 
   300   1883  1      gi|27     6974     9955 
   300   2173  1      gi|55     9507     9616 
   301    432  1     gi|133    33218    34054 
   301   1884  1      gi|27     9947    10783 
   302    435  1     gi|134     2928     3036 
   302    497 -1     gi|141    27627    27737 
   302    437 -1     gi|134    13106    13188 
   303    438  1     gi|134    13758    14459 
   303    961  1     gi|179    20081    20168 
   303    989 -1     gi|181    17135    17828 
   303   2736 -1      gi|98       52      356 
   304    439  1     gi|134    20632    20828 
   304   1502 -1     gi|227    34559    34941 
   304    447 -1     gi|135    11715    11791 
   304   1634 -1     gi|242     9149     9536 
   304   1675 -1     gi|248     3532     3836 
   304   3025 -1      gi|68    24131    24511 
   304    701  1     gi|159    27286    27459 
   304   3024  1     gi|251    12496    12640 
   305    440  1     gi|134    25113    25246 
   305   1254  1     gi|205     8512     8644 
   305   1261 -1     gi|205    22415    22548 
   305   1267 -1     gi|205    29435    29569 
   305   1269  1     gi|205    33528    33662 
   306    441  1     gi|134    25781    25930 
   306   1255  1     gi|205     9138     9203 
   306   1270  1     gi|205    34160    34311 
   307    442  1     gi|134    26250    26409 
   307   1260 -1     gi|205    21288    21451 
   308    444  1     gi|134    28889    29002 
   308   2341  1      gi|69    15877    15996 
   309    446  1     gi|134    36690    36766 
   309   1315 -1     gi|210    25295    25369 
   309   1714  1     gi|250    18409    18486 
   310    448  1     gi|135    11777    12329 
   310   1886  1      gi|27    13596    14206 
   311    450  1     gi|135    38472    38537 
   311   1243  1     gi|203     4647     4715 
   312    451  1     gi|136    12413    12472 
   312   1061  1     gi|187    39585    39644 
   313    452  1     gi|136    12528    12691 
   313   1062  1     gi|187    39645    39808 
   314    453  1     gi|136    30206    30261 
   314   2047 -1      gi|41    27834    27891 
   315    458  1     gi|137    19126    19794 
   316    462  1     gi|137    20517    20743 
   317    467  1     gi|137    23640    24002 
   317   1242 -1     gi|202        1      361 
   318    469  1     gi|139     4101     5194 
   318   1437 -1     gi|223     4384     5055 
   318   1282  1     gi|206    37248    37455 
   318   2716 -1      gi|96     4501     4647 
   318   3031  1     gi|234     3470     4696 
   318   1950 -1      gi|35    21761    21853 
   318   3032 -1      gi|35    21062    21212 
   319    471  1      gi|14    21661    21972 
   319    899  1     gi|174     3566     3877 
   319    473 -1      gi|14    23384    23424 
   320    472  1      gi|14    21981    22060 
   320    900  1     gi|174     5712     5795 
   321    474  1     gi|140    14163    14682 
   321   1542 -1     gi|231    31618    32119 
   322    475  1     gi|140    15162    16741 
   322   1541 -1     gi|231    29035    30641 
   322   1543  1     gi|231    32964    33639 
   323    477  1     gi|140    18834    19620 
   323   1540 -1     gi|231    28117    28880 
   323   1544  1     gi|231    33794    34557 
   324    478  1     gi|140    20116    20184 
   324   1539 -1     gi|231    27599    27667 
   324   1545  1     gi|231    35007    35075 
   325    479  1     gi|140    21723    22172 
   325    868  1     gi|170     3845     4179 
   325   1434 -1     gi|222    36956    37245 
   325   1619  1     gi|241    10769    10887 
   326    480  1     gi|140    22793    23041 
   326   1433 -1     gi|222    36087    36335 
   327    481  1     gi|140    32457    33403 
   327    688 -1     gi|158    13833    14863 
   327   1854  1     gi|262    36090    37055 
   328    482  1     gi|140    33325    33570 
   328   2530 -1       gi|8    31582    31829 
   329    484  1     gi|140    34421    34565 
   329   1353  1     gi|215    39134    39250 
   329   1602  1     gi|237    37638    37721 
   330    485  1     gi|140    36604    37350 
   330   1573  1     gi|235    12749    13500 
   331    488  1     gi|141      451     3416 
   331   1531  1     gi|230    31527    31963 
   331   3035  1      gi|90     4919     6729 
   331   3034  1      gi|90     4761     4915 
   331   3033  1      gi|90     3641     4761 
   331   2037 -1      gi|41        2      440 
   332    489  1     gi|141     4038     4216 
   332   1719  1     gi|250    26371    26534 
   333    490  1     gi|141     4219     5755 
   333    646  1     gi|153    12629    14165 
   334    491  1     gi|141     6438     6583 
   334    647  1     gi|153    14848    14993 
   335    495  1     gi|141    26772    26880 
   335    653  1     gi|153    38950    39059 
   336    496  1     gi|141    26872    26997 
   336    654  1     gi|153    39129    39254 
   337    502  1     gi|141    32567    32749 
   337   1147  1     gi|196       56      238 
   338    504  1     gi|141    35338    37602 
   338   2620 -1      gi|88    29301    31499 
   339    505  1     gi|141    37827    37896 
   339   2619 -1      gi|88    29112    29181 
   340    507  1     gi|141    38252    39277 
   340   2618 -1      gi|88    27681    28685 
   341    508  1     gi|142     5468     5685 
   341    993 -1     gi|181    26155    26387 
   341    821  1     gi|167    16958    17123 
   342    509  1     gi|142     7609     8964 
   342   1057 -1     gi|187    27025    28331 
   343    510  1     gi|142     9074     9704 
   343    526 -1     gi|143    34290    34757 
   343   2428  1      gi|74     6562     7193 
   343   1732  1     gi|251    18477    18554 
   343   2069 -1      gi|44     8133     8328 
   344    511  1     gi|142    10265    11528 
   344   1056 -1     gi|187    25755    26976 
   345    513  1     gi|142    12995    14092 
   345   1054 -1     gi|187    21114    22186 
   346    514  1     gi|142    14322    14539 
   346   1866 -1     gi|264     8402     8609 
   347    515  1     gi|142    15036    15201 
   347   1728  1     gi|251    11603    11781 
   347    820  1     gi|167    15973    16076 
   348    517  1     gi|142    22742    23020 
   348   1669 -1     gi|246    19079    19343 
   349    518  1     gi|142    26328    27135 
   349   2440  1      gi|74    33709    34494 
   350    519  1     gi|142    27138    28286 
   350   2441  1      gi|74    34587    35767 
   351    523  1     gi|142    34175    34245 
   351   2941  1     gi|226     8433     8566 
   351   2937  1     gi|156     3841     3971 
   351   2938 -1     gi|156     4189     4322 
   352    525  1     gi|143     9901    10037 
   352   2587  1      gi|87      444      575 
   353    527  1     gi|143    34938    34986 
   353   1852 -1     gi|262    31354    31404 
   354    529  1     gi|143    39231    40152 
   354   1279 -1     gi|206    34864    35393 
   355    532  1     gi|144     9195     9943 
   355   2312 -1      gi|64    39186    39937 
   356    533  1     gi|144    10703    10886 
   356   2311 -1      gi|64    38244    38421 
   357    534  1     gi|144    13969    14132 
   357   1666  1     gi|246    12004    12157 
   358    535  1     gi|144    22913    24400 
   358   1621  1     gi|241    35639    37126 
   359    536  1     gi|144    28639    29524 
   359   1874 -1     gi|264    21007    21899 
   360    538  1     gi|144    31625    31954 
   360   1873 -1     gi|264    20666    20973 
   361    539  1     gi|144    34060    34135 
   361   2573 -1      gi|81    39882    39957 
   362    540  1     gi|144    37602    37642 
   362   2377 -1      gi|70    23549    23589 
   363    541  1     gi|144    37641    37677 
   363   2376 -1      gi|70    23358    23438 
   363   2559 -1      gi|81     6173     6254 
   364    542  1     gi|145     2276     3224 
   364   2350  1       gi|7    16481    17428 
   364   2356  1       gi|7    30857    31686 
   364   2461  1      gi|76    27923    28871 
   364    545  1     gi|145    13353    14059 
   364    548  1     gi|145    21115    21273 
   364    552  1     gi|145    26482    27188 
   364    556  1     gi|145    36530    37472 
   364   2353  1       gi|7    23146    23797 
   364   2357  1       gi|7    32193    32283 
   364    549  1     gi|145    21274    21339 
   365    543  1     gi|145     5615     6170 
   365   2351  1       gi|7    19824    20377 
   365   1077 -1     gi|189     5875     6055 
   365   1085 -1     gi|189    39342    39704 
   365    553  1     gi|145    29814    30367 
   365   2462  1      gi|76    33124    33519 
   365   3042  1      gi|76    37420    37801 
   365   1429  1     gi|222    15073    15177 
   365   2358  1       gi|7    34687    34874 
   365   3043  1     gi|145    16708    16882 
   366    544  1     gi|145     6357     6506 
   366   2352  1       gi|7    20627    20716 
   366   2460  1      gi|76       73      222 
   366    554  1     gi|145    30595    30704 
   367    547  1     gi|145    17349    18020 
   367   2359  1       gi|7    35337    36011 
   368    550  1     gi|145    21718    21789 
   368   1299  1     gi|208    18845    18918 
   369    551  1     gi|145    23554    23605 
   369   1300  1     gi|208    20013    20065 
   369   2232 -1       gi|6     7664     7703 
   370    555  1     gi|145    35382    35448 
   370   1841 -1     gi|261    14458    14524 
   371    559  1     gi|146     7367     7840 
   371   1060 -1     gi|187    35551    36026 
   372    560  1     gi|146    19173    19258 
   372    645 -1     gi|153    12409    12495 
   373    561  1     gi|146    22927    23477 
   373   1201  1      gi|20     6815     7356 
   374    562  1     gi|146    23816    24472 
   374   1202  1      gi|20     7360     7981 
   375    563  1     gi|146    26340    26519 
   375   1203  1      gi|20     8119     8297 
   376    564  1     gi|146    26738    26814 
   376   1914 -1      gi|30    24702    24787 
   377    565  1     gi|147      529     1307 
   377   1848 -1     gi|261    30813    31592 
   378    568  1     gi|147     9146    11663 
   378   1674 -1     gi|246    28922    31413 
   379    569  1     gi|147    11655    12168 
   379   1673 -1     gi|246    28283    28834 
   380    570  1     gi|147    15413    15503 
   380   1285  1     gi|207     3190     3281 
   381    571  1     gi|147    15501    15618 
   381   1603 -1     gi|237    38433    38550 
   382    572  1     gi|147    16267    16938 
   382   1672 -1     gi|246    27614    28285 
   383    573  1     gi|147    17165    17322 
   383    584  1     gi|148    23377    23534 
   384    574  1     gi|147    20492    20801 
   384   1028  1     gi|183    32073    32397 
   384    837  1     gi|168    27906    28153 
   385    576  1     gi|147    25400    25835 
   385    832  1     gi|168    22409    22835 
   385    838  1     gi|168    28142    28317 
   386    577  1     gi|147    34755    35206 
   386    869 -1     gi|170     6758     7203 
   387    579  1     gi|148      145      524 
   387   1490  1     gi|226    15814    16194 
   388    580  1     gi|148      736     1872 
   388   1523 -1     gi|230     7037     8147 
   388   1526 -1     gi|230    10877    10943 
   388   1827  1     gi|258    35521    36701 
   388    661  1     gi|154    20737    21056 
   388    662  1     gi|154    27685    27896 
   388    878 -1     gi|170    27191    27297 
   388   1538  1     gi|231    26619    26940 
   389    581  1     gi|148     2127     2356 
   389   1488  1     gi|226    14531    14749 
   389   1491  1     gi|226    16200    16415 
   390    582  1     gi|148     7073     7497 
   390   1479 -1     gi|226      475      568 
   390   1486 -1     gi|226    12773    13208 
   391    583  1     gi|148     8301     8571 
   391   1485 -1     gi|226    12272    12499 
   392    585  1     gi|148    26627    27448 
   392   3044 -1      gi|88    16939    17762 
   392   3047  1     gi|190    29829    29957 
   392   1110  1     gi|190    30145    30543 
   393    586  1     gi|148    27278    27677 
   394    587  1     gi|148    27679    27728 
   394   3045  1      gi|88    17763    17812 
   394   3046 -1     gi|190    29791    29829 
   395    588  1     gi|148    29219    29982 
   395    854 -1     gi|169    37270    37572 
   395   2254  1      gi|60    35062    35535 
   395   2481  1      gi|77    17361    18028 
   395   2517  1       gi|8        6      629 
   395   1790 -1     gi|256    39275    39405 
   395    761 -1     gi|162    15949    16028 
   396    597  1      gi|15    22345    22640 
   396   3061 -1     gi|218    19175    21144 
   396    845  1     gi|169    11308    13237 
   396   1738  1     gi|253    13508    13930 
   396   1891  1      gi|27    33196    35252 
   396   2218 -1      gi|58    36118    37291 
   396   2691 -1      gi|92    18648    19139 
   396   2217 -1      gi|58    35273    35426 
   396   2692 -1      gi|92    19144    19555 
   396    598  1      gi|15    22754    23287 
   397    599  1      gi|15    24021    24110 
   397    785 -1     gi|165    17412    17554 
   397   2704  1      gi|93    15414    15529 
   398    600  1      gi|15    24366    24439 
   398   2545  1      gi|80    31220    31390 
   398   2962 -1     gi|113    29519    29937 
   398   2961 -1      gi|16    13464    13815 
   398   1800 -1     gi|257    10893    11113 
   398   1804  1     gi|257    22967    23096 
   398   2268 -1      gi|62     7244     7333 
   399    602  1      gi|15    24635    24755 
   399   2251 -1      gi|60    33960    34132 
   399   1793 -1     gi|257     1438     1570 
   400    608  1      gi|15    34041    34227 
   400   1478 -1     gi|225    37772    37958 
   401    611  1      gi|15    37533    38117 
   401   1072  1     gi|188    28202    28942 
   401    815  1     gi|167     2843     3325 
   402    612  1     gi|150    11336    11496 
   402   2696  1      gi|92    37810    37970 
   403    613  1     gi|150    15423    15600 
   403   2317  1      gi|67     7335     7518 
   403   3037  1      gi|91    16385    16555 
   403   3036  1     gi|142    31246    31370 
   404    614  1     gi|150    16076    16341 
   404   2318  1      gi|67     7700     7897 
   405    616  1     gi|150    32701    32789 
   405   1397 -1      gi|22     7091     7179 
   406    619  1     gi|150    39470    39627 
   406    856 -1     gi|169    38402    38586 
   406   2015 -1      gi|38     8884     9077 
   407    621  1     gi|151      552      708 
   407   1826 -1     gi|258    33861    34019 
   408    625  1     gi|151     5430     7440 
   408    673 -1     gi|155     2426     4437 
   408    674  1     gi|155     4862     6112 
   408    675  1     gi|155     6757     7424 
   409    626  1     gi|151     7477     9478 
   409    672 -1     gi|155        1     1986 
   410    627  1     gi|151    10995    11274 
   410   1537 -1     gi|231    19545    19841 
   411    628  1     gi|151    11399    11534 
   411   1188  1       gi|2    18635    18766 
   411   1194  1       gi|2    28241    28369 
   411   1198  1       gi|2    33486    33610 
   412    630  1     gi|151    19029    19113 
   412   2615 -1      gi|88    22050    22132 
   413    631  1     gi|152        2     3314 
   413   2222 -1      gi|59    14412    23234 
   413   1897  1      gi|29      528     9369 
   413   1899  1      gi|29    10102    18916 
   413   1902  1      gi|29    29195    38029 
   413    633  1     gi|152     4045    12854 
   413    635  1     gi|152    13604    22423 
   413    638  1     gi|152    32707    41478 
   413   3065  1      gi|29    19647    28465 
   413   3070  1     gi|152    23155    31973 
   413   3069 -1      gi|99       54      214 
   413   2225 -1      gi|59    25999    26049 
   413   2227 -1      gi|59    35985    36046 
   413   2219 -1      gi|59        1     3335 
   413   2224 -1      gi|59    23969    25821 
   413   2226 -1      gi|59    35755    35807 
   413   1904  1      gi|29    38761    39232 
   413   2220 -1      gi|59    11186    13677 
   413   1752  1     gi|254    18797    18970 
   414    632  1     gi|152     3574     3788 
   414   1896  1      gi|29       55      271 
   414   1898  1      gi|29     9646     9787 
   414   1900  1      gi|29    19176    19390 
   414   1903  1      gi|29    38337    38504 
   414   3067  1      gi|29    28727    28940 
   414    634  1     gi|152    13132    13347 
   414    636  1     gi|152    22684    22898 
   414   2221 -1      gi|59    13992    14133 
   414   2223 -1      gi|59    23549    23690 
   414   3072  1     gi|152    32251    32392 
   415    639  1     gi|153     5422     5816 
   415    817 -1     gi|167     5399     5791 
   416    643  1     gi|153    10513    10727 
   416    805  1     gi|166    19597    19675 
   416   1035  1     gi|185    29948    30164 
   417    650  1     gi|153    23320    24712 
   417   1313  1     gi|210    13558    16701 
   417    734  1     gi|160     8473     9555 
   417   2068 -1      gi|44     4702     7755 
   417   2779  1      gi|10    28656    31725 
   417   2780  1     gi|153    20442    22245 
   417   2364  1       gi|7    39652    39768 
   417    733  1     gi|160     7600     8492 
   418    659  1     gi|154    17605    17724 
   418   2052 -1      gi|41    39407    39524 
   419    660  1     gi|154    20569    20808 
   419   1704  1      gi|25    34941    35188 
   419    663 -1     gi|154    28427    28537 
   420    664  1     gi|154    31171    31248 
   420    789  1     gi|165    23997    24078 
   421    665  1     gi|154    31972    32062 
   421   1564  1     gi|234     9022     9113 
   422    666  1     gi|154    32130    32345 
   422   2067 -1      gi|43    39203    39841 
   422    669  1     gi|154    33885    34583 
   422   1099 -1     gi|190      982     1317 
   423    670  1     gi|154    34893    35030 
   423   1755 -1     gi|254    26800    26937 
   424    677  1     gi|155    25568    25648 
   424   1504 -1     gi|227    36705    36785 
   425    678  1     gi|156        7      438 
   425   2673 -1      gi|91     6569     7005 
   426    681  1     gi|156     5178     5396 
   426   1252 -1     gi|205      499     1482 
   426   2721  1      gi|96    21997    22988 
   427    682  1     gi|156     5355     5555 
   427   1253 -1     gi|205     1482     4783 
   427   1357 -1     gi|217     7576     7722 
   427   2524  1       gi|8     8303     8943 
   427   2531 -1       gi|8    32801    33478 
   427   2533  1       gi|8    37736    38148 
   427   2720  1      gi|96    17256    20526 
   427   2334  1      gi|68    21378    21611 
   427   1258 -1     gi|205    11633    14639 
   428    683  1     gi|156    24485    24891 
   428   3005 -1     gi|129    31171    31792 
   428    923  1     gi|176    20291    20911 
   428   1456 -1     gi|224    28629    29250 
   428   3006  1     gi|156    26548    26767 
   429    684  1     gi|156    26506    26547 
   429   2164  1      gi|54    23797    23836 
   429   2504 -1      gi|78    33240    33280 
   429   2629  1      gi|89    10641    10672 
   429   3063 -1     gi|151     1653     1692 
   429   3064 -1      gi|43    29987    30026 
   430    689  1     gi|158    21006    21873 
   430    736  1     gi|160    12002    12903 
   430   1420 -1     gi|221    10185    10873 
   431    690  1     gi|159      437     1818 
   431   1432  1     gi|222    35785    35975 
   431   1497  1     gi|227    17099    18485 
   431   2699  1      gi|93     9156     9700 
   432    692  1     gi|159     3914     4165 
   432   1948 -1      gi|35    16296    16679 
   432    693 -1     gi|159     4483     4857 
   433    696  1     gi|159     6617     6703 
   433    936 -1     gi|177    12657    12743 
   433   1326  1     gi|212    12063    12095 
   434    698  1     gi|159    21721    21779 
   434   2010  1      gi|37    34235    34293 
   435    699  1     gi|159    25414    25611 
   435   2588  1      gi|87     3026     3646 
   435    700  1     gi|159    25785    26376 
   435    727 -1      gi|16    30792    30974 
   435    728 -1      gi|16    31198    31276 
   435   2622 -1      gi|88    32459    33235 
   435   2724  1      gi|96    28526    28804 
   436    702  1     gi|159    32283    32374 
   436   2675 -1      gi|91    14122    14213 
   437    703  1     gi|159    32805    32848 
   437   1393  1      gi|22     1240     1283 
   437   2674 -1      gi|91    13693    13736 
   438    704  1     gi|159    36383    36640 
   438    738 -1     gi|160    16504    17262 
   438    904  1     gi|174     9466     9695 
   438   2980  1     gi|159    37082    37167 
   438   2983 -1     gi|256     5398     6202 
   439    706  1      gi|16        1      795 
   439   1670 -1     gi|246    19379    19725 
   439   3002 -1     gi|129    15504    15818 
   439   3001 -1     gi|129    15307    15504 
   439   3000 -1     gi|129    14969    15306 
   440    707  1      gi|16     1464     1532 
   440   2175  1      gi|55    17612    17687 
   441    708  1      gi|16     1627     1681 
   441   1951 -1      gi|35    30232    30286 
   442    709  1      gi|16     2745     3368 
   442    758  1     gi|161    32976    33627 
   442   1751 -1     gi|254    17303    17368 
   442   1352  1     gi|215        1      249 
   443    710  1      gi|16     4022     4272 
   443   2452 -1      gi|75    15150    15400 
   444    711  1      gi|16     6064     6423 
   444    807 -1     gi|166    20361    20712 
   444   1799  1     gi|257    10606    10900 
   444   1776  1     gi|256     5054     5230 
   445    716  1      gi|16    15452    16557 
   445   2102  1      gi|48        4     1103 
   446    721  1      gi|16    21485    21598 
   446   1409  1     gi|220     9965    10435 
   446    722  1      gi|16    21570    21695 
   446    723  1      gi|16    21722    22127 
   447    726  1      gi|16    30461    30790 
   447   2592 -1      gi|87     6216     6610 
   447   2725 -1      gi|96    28803    29067 
   448    729  1      gi|16    35871    36528 
   448   2508 -1      gi|79     3055     3712 
   449    735  1     gi|160    11211    11349 
   449   1923  1      gi|32     8197     8321 
   449   2959 -1      gi|74    11743    11834 
   449   2960  1     gi|112    23065    23177 
   449   2432 -1      gi|74    12178    12238 
   450    740  1     gi|160    20518    21567 
   450   1893  1      gi|27    36234    37285 
   451    741  1     gi|160    23632    23738 
   451   1834  1      gi|26    37765    38362 
   451   1364 -1     gi|218    14714    15292 
   452    742  1     gi|160    35117    36313 
   452    897  1     gi|173    27560    28746 
   453    744  1     gi|160    37971    38161 
   453   1822 -1     gi|258    25395    25853 
   453   1350  1     gi|214    33666    34159 
   453   1817 -1     gi|258    16029    16375 
   454    746  1     gi|161     2781     3234 
   454    876  1     gi|170    25860    26370 
   454   1149 -1     gi|196     1397     1780 
   454    972  1     gi|180     1629     1734 
   454    974 -1     gi|180     2573     2818 
   454   1306 -1     gi|209     5249     5397 
   455    749  1     gi|161    11893    12063 
   455   2406  1      gi|72    31772    31935 
   456    753  1     gi|161    20052    20368 
   456   1379 -1     gi|219     9783    10108 
   457    754  1     gi|161    21467    21731 
   457   1378 -1     gi|219     7934     8210 
   458    755  1     gi|161    23681    25047 
   458   1377 -1     gi|219     5221     6630 
   459    756  1     gi|161    31339    32067 
   459   2718  1      gi|96     5413     6128 
   460    757  1     gi|161    32714    32991 
   460   2717  1      gi|96     5143     5407 
   461    760  1     gi|161    35243    38771 
   461   1398  1      gi|22    12775    16143 
   461   2670 -1      gi|90    26325    26808 
   462    762  1     gi|162    19931    19961 
   462   1424  1     gi|221    34425    34455 
   463    763  1     gi|162    24193    24260 
   463   2651 -1       gi|9    23909    23976 
   464    764  1     gi|162    30459    30577 
   464   1011  1     gi|182    20780    20899 
   465    766  1     gi|163     7618     8674 
   465   2262  1      gi|61    30598    31642 
   466    768  1     gi|163    19171    19382 
   466   2585  1      gi|84    28100    28311 
   467    771  1     gi|164    20954    21044 
   467   2404 -1      gi|72    22411    22672 
   467    991 -1     gi|181    19276    19538 
   468    772  1     gi|164    21599    21741 
   468   2402  1      gi|72    20216    20569 
   468    773  1     gi|164    23557    23682 
   469    774  1     gi|164    24416    24732 
   469   1857  1     gi|263     3932     4240 
   470    775  1     gi|164    25002    25641 
   470   1747  1     gi|254      475     1141 
   471    776  1     gi|164    26764    27365 
   471   1748  1     gi|254     1212     1865 
   472    777  1     gi|164    37670    37739 
   472   1418 -1     gi|220    38945    39016 
   472   1527  1     gi|230    18360    18431 
   473    780  1     gi|165     1332     1381 
   473   1234 -1     gi|200    32232    33792 
   473    781  1     gi|165    14556    14733 
   473    782  1     gi|165    15087    15224 
   473   1449 -1     gi|224     7829     9136 
   473   3083 -1      gi|32    26250    27678 
   473    901 -1     gi|174     7070     7663 
   473    902 -1     gi|174     8205     8348 
   473   1927 -1      gi|32    33768    33894 
   474    783  1     gi|165    15410    16100 
   474   1081  1     gi|189    20999    21095 
   475    784  1     gi|165    16247    16332 
   475   1725  1     gi|251      633      719 
   476    786  1     gi|165    17804    21408 
   476   2429  1      gi|74     9163    11579 
   476   2433  1      gi|74    12514    13365 
   476   2434  1      gi|74    14295    17928 
   477    787  1     gi|165    23159    23864 
   477   2890  1      gi|74    20414    20450 
   477   2889  1      gi|74    20370    20414 
   477   2427  1      gi|74     5496     5764 
   477   2439  1      gi|74    28252    28804 
   477   2103  1      gi|48     1179     1452 
   477   2113  1      gi|48    24671    24987 
   478    788  1     gi|165    23879    23961 
   478   1103 -1     gi|190     5695     5781 
   479    795  1     gi|165    32313    33711 
   479    980 -1     gi|181     8730    10122 
   479   2390  1      gi|70    38843    39531 
   479   1336 -1     gi|213     9635     9674 
   479   2389  1      gi|70    38337    38997 
   480    796  1     gi|165    35384    35816 
   480    979 -1     gi|181        1      433 
   481    797  1     gi|165    36385    36976 
   481   1589 -1     gi|236     8778     9372 
   482    798  1     gi|165    37115    37233 
   482   1588 -1     gi|236     8601     8718 
   483    799  1     gi|166     2973     6053 
   483   1712 -1     gi|250    17842    17928 
   483   2138 -1      gi|53     3038     4153 
   483   2142 -1      gi|53     6953    10070 
   483   2144 -1      gi|53    11255    11523 
   483   2151 -1      gi|53    22710    23533 
   483    800  1     gi|166     6090     6207 
   483   1771  1     gi|255    24884    24958 
   484    801  1     gi|166     8388     8418 
   484   1574 -1     gi|235    15110    15140 
   484   2011  1      gi|37    34986    35016 
   484    802 -1     gi|166    10331    10361 
   485    803  1     gi|166    17672    17773 
   485   2655  1       gi|9    27705    27798 
   486    806  1     gi|166    20298    20411 
   486   3076  1     gi|185    30674    30975 
   486   3074  1     gi|153    10724    11025 
   487    808  1     gi|166    21573    21825 
   487   2491  1      gi|77    29736    29786 
   487   3075  1     gi|153    11025    11319 
   487   3077  1     gi|185    30975    31269 
   488    809  1     gi|166    29480    30298 
   488   2140 -1      gi|53     5375     5711 
   488   1713 -1     gi|250    17988    18102 
   488   2139 -1      gi|53     3804     4638 
   489    811  1     gi|166    30575    30684 
   489   1416  1     gi|220    28515    29816 
   489    812  1     gi|166    31199    32327 
   489   1055  1     gi|187    24460    25466 
   489   1918  1      gi|31    18139    18362 
   489   2919 -1     gi|151     4124     5434 
   489   1917  1      gi|31    17184    17451 
   490    813  1     gi|167      845      987 
   490   1070  1     gi|188    26846    26988 
   491    814  1     gi|167     1519     2309 
   491   1071  1     gi|188    26987    27749 
   492    816  1     gi|167     3579     3673 
   492   2080 -1      gi|46     2136     2230 
   492   2081  1      gi|46     2539     2602 
   493    819  1     gi|167     9039     9257 
   493   1303  1     gi|208    24108    24352 
   494    825  1     gi|168      452     2572 
   494   2394 -1      gi|71    34869    37029 
   495    826  1     gi|168     2783     5694 
   495   1384 -1     gi|219    18084    18164 
   495   2393 -1      gi|71    31626    34623 
   495   2395 -1      gi|71    38741    39127 
   496    827  1     gi|168     7164     8043 
   496   2392 -1      gi|71    29153    30040 
   497    828  1     gi|168     8393     8529 
   497   2163  1      gi|54    21025    21775 
   497   1682  1     gi|249     5726     5785 
   497   3084 -1      gi|70    36623    37371 
   497   1930  1      gi|34     8221     8272 
   498    831  1     gi|168    21919    22005 
   499    833  1     gi|168    23907    24128 
   499   2233  1       gi|6     7835     8056 
   500    834  1     gi|168    25085    25315 
   500   1724 -1     gi|251       82      513 
   500   2158  1      gi|54    10503    10914 
   501    839  1     gi|169       49      691 
   501   2752  1      gi|98    35434    36397 
   501   3062 -1     gi|169     3509     4367 
   501   1844 -1     gi|261    18741    18925 
   501   2754  1      gi|98    39834    40062 
   501   3141  1      gi|98    18100    18762 
   501   2114  1      gi|48    27058    27156 
   502    841  1     gi|169     6444     7523 
   502   2753 -1      gi|98    37287    38343 
   503    842  1     gi|169     8034     8213 
   503   1365  1     gi|218    15932    16109 
   504    843  1     gi|169     8388     8578 
   504   1366  1     gi|218    16113    16325 
   505    844  1     gi|169     8872    10432 
   505   1367  1     gi|218    16386    17978 
   505   1375  1     gi|218    28047    29544 
   506    846  1     gi|169    17558    17756 
   506   1845  1     gi|261    19040    19244 
   507    847  1     gi|169    24391    24458 
   507   3089 -1     gi|253    17823    19312 
   507   1215  1     gi|200    11353    11440 
   507   1223  1     gi|200    20789    20876 
   507   1227  1     gi|200    25217    26834 
   507   3090  1     gi|200    21224    22982 
   507   1739 -1     gi|253    15313    17594 
   507   3146 -1     gi|253    28282    28798 
   507   1214  1     gi|200     9833    11353 
   507   1218  1     gi|200    13482    15059 
   507   1220  1     gi|200    16640    17181 
   507   1222  1     gi|200    19298    20789 
   507   1226  1     gi|200    24850    25237 
   507   3091  1     gi|200    22982    23434 
   507   3092 -1      gi|27    23466    24624 
   507   1217  1     gi|200    11788    11973 
   507   2680  1      gi|91    23622    23866 
   507   2681  1      gi|91    23849    24251 
   507   3088 -1     gi|253    17670    17819 
   508    850  1     gi|169    31234    31347 
   508   1533  1     gi|231    14387    14498 
   509    851  1     gi|169    33175    33255 
   509   1534  1     gi|231    14492    14572 
   510    852  1     gi|169    35532    35801 
   510   1906  1       gi|3     1781     2152 
   511    858  1      gi|17     8550     8971 
   511   1892  1      gi|27    35571    36042 
   511    865  1      gi|17    31051    31469 
   512    859  1      gi|17    13229    13285 
   512   1715  1     gi|250    19327    19353 
   512   3093 -1      gi|18    14414    14470 
   512    860  1      gi|17    16443    16498 
   512    866  1      gi|17    31992    32047 
   512   3096  1      gi|17    24533    24587 
   513    861  1      gi|17    17457    18487 
   513   2056 -1      gi|43        1     1031 
   514    864  1      gi|17    24699    24878 
   514   1004  1     gi|182    10759    10866 
   514   1458  1     gi|224    34374    34503 
   515    867  1      gi|17    35432    35458 
   516    871  1     gi|170    11227    11819 
   516   1301  1     gi|208    20949    21264 
   516   2057 -1      gi|43     1835     2432 
   516   2414 -1      gi|73    10784    10936 
   517    872  1     gi|170    11954    12124 
   517   1116  1     gi|192    29363    29561 
   517   2118 -1      gi|48    33794    33992 
   517   1078 -1     gi|189    18627    18667 
   517   1074  1     gi|188    32979    33010 
   518    874  1     gi|170    19037    19302 
   518   1680  1     gi|249      913     1179 
   519    875  1     gi|170    19509    19566 
   519   1681  1     gi|249     1184     1236 
   520    879  1     gi|171     5359     6028 
   520   1290  1     gi|207    31922    32614 
   520   1339 -1     gi|213    29918    30450 
   520   2180  1      gi|56     9794    10162 
   520   1340 -1     gi|213    30652    30794 
   521    880  1     gi|171     8100     8371 
   521    908  1     gi|174    31767    32037 
   522    881  1     gi|171    10440    10912 
   522   1590 -1     gi|236    18992    19474 
   523    882  1     gi|171    12041    12547 
   523   1317 -1     gi|210    26353    26859 
   524    883  1     gi|171    13028    13808 
   524   1316 -1     gi|210    25358    26137 
   525    884  1     gi|171    13862    13897 
   525   2750 -1      gi|98    30316    30350 
   525   2400  1      gi|72     1503     1542 
   525    954 -1     gi|179     4931     4974 
   526    885  1     gi|171    20214    20614 
   526   1510  1      gi|23     7299    10429 
   526    886 -1     gi|171    20873    24108 
   526   2259  1      gi|61     9212     9258 
   527    888  1     gi|171    33945    34087 
   528    890  1     gi|172    11700    12643 
   528   2443 -1      gi|74    36673    38221 
   528    891  1     gi|172    18928    20502 
   529    892  1     gi|172    21123    21409 
   529   2446  1      gi|75     3577     3862 
   530    893  1     gi|172    25801    25930 
   530   1392 -1     gi|219    39949    40078 
   531    894  1     gi|172    25959    26589 
   531   1391 -1     gi|219    39253    39869 
   532    896  1     gi|173    13850    13907 
   532    970 -1      gi|18    11248    11305 
   533    898  1     gi|173    30984    31181 
   533   1657 -1     gi|243     8462     8643 
   534    905  1     gi|174     9692     9838 
   534   1216  1     gi|200    11416    11571 
   534   1224  1     gi|200    20852    21006 
   535    911  1     gi|174    36543    36596 
   535   1193 -1       gi|2    25121    25175 
   535   1197 -1       gi|2    30709    30762 
   536    912  1     gi|174    37144    37285 
   537    915  1     gi|176     5042     5374 
   537   1321 -1     gi|212     2108     2440 
   537   1571 -1     gi|234    26796    27054 
   537   2136  1      gi|52    37791    38126 
   537   1754  1     gi|254    20035    20129 
   537   1753  1     gi|254    19836    19891 
   538    917  1     gi|176     7728     7821 
   538   2043 -1      gi|41     8612     8705 
   539    918  1     gi|176     8866     9104 
   539   2042 -1      gi|41     8375     8612 
   540    919  1     gi|176     9221     9295 
   540   2642 -1       gi|9     9535     9670 
   540    928 -1     gi|176    30295    30418 
   541    921  1     gi|176    12095    13078 
   542    922  1     gi|176    14754    14859 
   542   2110 -1      gi|48     8795     8900 
   543    926  1     gi|176    26220    26347 
   543   1098 -1     gi|190      748      878 
   544    931  1     gi|176    35335    36188 
   544   2648 -1       gi|9    16581    17486 
   544   2634  1      gi|89    23861    24411 
   544   1609  1      gi|24    13105    13665 
   544   2361  1       gi|7    38911    39045 
   545    933  1     gi|177      519     1942 
   545   1124  1     gi|194    27019    28299 
   545   2172  1      gi|54    39214    40173 
   545   2381 -1      gi|70    28571    29526 
   546    934  1     gi|177     3356     4876 
   546   1125  1     gi|194    29713    31224 
   546   2379 -1      gi|70    25636    25837 
   546   2380 -1      gi|70    26243    26786 
   546   1414  1     gi|220    23657    23991 
   547    935  1     gi|177     6333     7050 
   547   1126  1     gi|194    31230    31947 
   547   2375 -1      gi|70    22010    22432 
   548    937  1     gi|177    14058    14099 
   548   1127  1     gi|194    31947    31988 
   549    938  1     gi|177    24920    25719 
   549   1128  1     gi|194    32078    32875 
   549   2374 -1      gi|70    21526    21579 
   550    939  1     gi|177    25663    26195 
   550   2373 -1      gi|70    20432    20922 
   550   3110  1     gi|194    32859    33072 
   550   3113 -1      gi|70    20391    20509 
   551    940  1     gi|177    26764    27733 
   551   2365  1      gi|70     4859     5157 
   551   3111  1     gi|194    33072    34224 
   551   3112 -1      gi|70    19239    20388 
   552    941  1     gi|177    27734    28355 
   552   1130  1     gi|194    34136    34768 
   553    942  1     gi|177    35242    36607 
   553   1131  1     gi|194    34765    36129 
   554    943  1     gi|177    36601    37438 
   554   1133  1     gi|194    36559    37396 
   555    944  1     gi|177    37759    39006 
   555   2371  1      gi|70    16209    18050 
   555   1134  1     gi|194    37125    38964 
   555   2369  1      gi|70    12755    13146 
   556    945  1     gi|178      650     1331 
   556   1206 -1      gi|20    13499    14168 
   556   1208 -1      gi|20    29923    30382 
   557    946  1     gi|178     6246     6332 
   557   2535  1      gi|80     3998     4086 
   558    948  1     gi|178    26423    26875 
   558   1913 -1      gi|30    21083    21533 
   559    949  1     gi|178    27159    27312 
   559   1912 -1      gi|30    20821    20967 
   559   2083 -1      gi|46     4471     4641 
   560    950  1     gi|179     1292     1614 
   560   2295  1      gi|63    26062    30272 
   560   1400  1      gi|22    24329    28516 
   560    951  1     gi|179     2050     2305 
   560    952  1     gi|179     3466     4497 
   560   2572  1      gi|81    34775    34835 
   560    953  1     gi|179     4787     4915 
   561    956  1     gi|179     6667     8174 
   561   2304  1      gi|63    37708    38866 
   562    959  1     gi|179    18560    18858 
   562   1448 -1     gi|224     6035     7046 
   562   1233 -1     gi|200    30275    31218 
   563    960  1     gi|179    19086    19622 
   563   1231 -1     gi|200    28741    29767 
   563   1460 -1     gi|224    36101    36364 
   564    962  1     gi|179    25610    26094 
   564   1444  1     gi|223    16000    16471 
   565    966  1     gi|179    34903    35126 
   565   1842  1     gi|261    15745    15968 
   566    969  1     gi|179    38686    40000 
   566   1708  1     gi|250        2     1129 
   567    975  1     gi|180    10036    10158 
   567   1436  1     gi|223     3763     3872 
   568    976  1     gi|180    22017    22596 
   568   1859 -1     gi|263    13579    14159 
   568   1910 -1       gi|3    15129    15167 
   569    978  1     gi|180    37222    37265 
   569   1749  1     gi|254    11507    11550 
   570    981  1     gi|181    11722    12209 
   570   1007  1     gi|182    13182    13306 
   570   2521 -1       gi|8     5025     5659 
   570    982 -1     gi|181    12574    13251 
   570   1362  1     gi|218    11205    11408 
   570    985  1     gi|181    14940    15127 
   571    983  1     gi|181    13943    13988 
   571   1232 -1     gi|200    30086    30134 
   571   2020  1      gi|38    13203    13250 
   571   2522  1       gi|8     6358     6403 
   572    984  1     gi|181    14334    14941 
   572   2022  1      gi|38    13585    14020 
   572   2523  1       gi|8     6739     7346 
   572   1230 -1     gi|200    28341    28773 
   572   1446 -1     gi|224     3229     3590 
   572   2021  1      gi|38    13550    13587 
   573    987  1     gi|181    15742    16624 
   573   2496 -1      gi|77    34516    35535 
   573   3115  1     gi|208    16842    17864 
   573   3117  1      gi|25     1393     2415 
   574    988  1     gi|181    16969    17207 
   574   2241  1       gi|6    39604    39845 
   575    990  1     gi|181    18763    18965 
   575   2403  1      gi|72    21894    22096 
   576    992  1     gi|181    26091    26153 
   576   3122 -1      gi|38     7975     8035 
   576   3127 -1      gi|50    17004    17064 
   577    994  1     gi|181    26414    26504 
   577   3121 -1      gi|38     7174     7975 
   577   1954 -1      gi|35    34928    35133 
   577   3126 -1      gi|50    16203    17004 
   577   1000 -1     gi|181    33865    34360 
   578    996  1     gi|181    27019    27107 
   578   3125 -1      gi|50    15617    16203 
   578   3120 -1      gi|38     6588     7174 
   579    997  1     gi|181    27172    27282 
   579   3119 -1      gi|38     6475     6586 
   579   3124 -1      gi|50    15504    15615 
   580    999  1     gi|181    31083    31187 
   580   3118 -1      gi|38     6368     6471 
   580   3123 -1      gi|50    15397    15500 
   581   1001  1     gi|182     6029     6517 
   581   3128  1      gi|22    38001    38509 
   581   1008  1     gi|182    17741    18251 
   581   1009  1     gi|182    19007    19475 
   581   1012  1     gi|182    21254    21715 
   581   1016  1     gi|182    23826    24333 
   581   3129  1     gi|182     8164     8276 
   582   1005  1     gi|182    11529    11602 
   582   2327  1      gi|67    31364    31425 
   583   1006  1     gi|182    11867    12061 
   583   1518  1      gi|23    15213    15399 
   584   1014  1     gi|182    22604    22832 
   584   2827 -1     gi|242    12428    13352 
   584   2490  1      gi|77    28197    29153 
   584   1652 -1     gi|242    27973    28938 
   585   1015  1     gi|182    23086    23251 
   585   2685 -1      gi|92    10086    10244 
   586   1019  1     gi|182    39709    39988 
   586   2775  1     gi|151     3626     3899 
   587   1020  1     gi|182    40080    40129 
   587   1164 -1     gi|197    15537    15586 
   588   1021  1     gi|183     1162     1543 
   588   2154  1      gi|53    39896    40276 
   589   1022  1     gi|183    10866    11200 
   589   2399 -1      gi|72      847     1170 
   589   1024  1     gi|183    20277    20377 
   590   1023  1     gi|183    11297    12104 
   590   3058 -1      gi|72       42      812 
   590   1026  1     gi|183    23912    24706 
   590   1027  1     gi|183    27160    27413 
   590   3059  1     gi|183    20464    21261 
   590   3060 -1     gi|148    37683    38003 
   591   1034  1     gi|185    25231    25356 
   591   1618 -1     gi|241     9063     9191 
   592   1036  1     gi|185    30279    30865 
   592   1926 -1      gi|32    28235    28812 
   593   1040  1     gi|186      646      715 
   593   1975  1      gi|36    12004    12074 
   594   1053  1     gi|187     3180     3223 
   594   1342  1     gi|213    32222    32265 
   595   1058  1     gi|187    28366    28564 
   595   1929  1      gi|34     5364     5551 
   595   1595  1     gi|236    31071    31162 
   596   1063  1     gi|188     1816     2653 
   596   1532  1     gi|230    32703    33639 
   597   1065  1     gi|188     6672     6845 
   597   1207  1      gi|20    19637    19813 
   598   1066  1     gi|188     7391     7459 
   598   2701 -1      gi|93    10691    10761 
   598   2505  1      gi|78    35013    35060 
   599   1067  1     gi|188     7454     7688 
   599   2700 -1      gi|93    10418    10708 
   599   2506  1      gi|78    35129    35327 
   600   1069  1     gi|188    23483    23611 
   600   2906 -1     gi|110      654      777 
   600   2908 -1      gi|65    36682    36823 
   600   1073 -1     gi|188    30090    30192 
   601   1075  1     gi|188    35186    35532 
   601   2264 -1      gi|61    39741    40083 
   602   1076  1     gi|188    35702    36460 
   602   2263 -1      gi|61    38888    39635 
   603   1080  1     gi|189    19344    19801 
   603   1594  1     gi|236    29315    29761 
   604   1082  1     gi|189    21082    21313 
   604   1464  1     gi|225      132      381 
   605   1084  1     gi|189    27793    29907 
   605   1467  1     gi|225     6719     8848 
   606   1087  1      gi|19    11149    11466 
   606   2149 -1      gi|53    18102    18425 
   606   1090 -1      gi|19    21050    21372 
   607   1088  1      gi|19    13908    14806 
   607   1600 -1     gi|237    18083    18985 
   607   2308 -1      gi|64    35974    36445 
   607   2310  1      gi|64    37529    37654 
   607   2309 -1      gi|64    36927    37119 
   608   1089  1      gi|19    18558    20460 
   608   1154 -1     gi|196    17884    19778 
   609   1091  1      gi|19    21369    21833 
   609   3133  1      gi|53    18477    19031 
   609   3132 -1      gi|19    10633    11152 
   610   1092  1      gi|19    22566    23224 
   610   1388 -1     gi|219    33907    33994 
   610   3134  1      gi|53    18984    20692 
   610   1093  1      gi|19    23632    24545 
   610   1381 -1     gi|219    14342    14393 
   610   1385 -1     gi|219    30430    30666 
   610   3131 -1      gi|19    10478    10631 
   610   3135 -1      gi|19     8970    10477 
   610   1387 -1     gi|219    33309    33450 
   611   1094  1      gi|19    25954    27060 
   611   1686  1     gi|249    18988    19094 
   611   1695 -1     gi|249    35970    37025 
   611   2727 -1      gi|96    31947    32581 
   611   1685  1     gi|249    17937    18026 
   612   1095  1      gi|19    27437    27742 
   612   1694 -1     gi|249    35272    35579 
   613   1097  1     gi|190      345      611 
   613   1213  1     gi|200     9429     9686 
   613   1221  1     gi|200    18815    18991 
   613   2641 -1       gi|9     7585     7800 
   613   2643  1       gi|9     9831     9998 
   614   1100  1     gi|190     1381     1459 
   614   2342  1      gi|69    16248    16557 
   614   1566  1     gi|234    11758    12089 
   614   2344 -1      gi|69    17363    17537 
   615   1102  1     gi|190     5485     5563 
   615   1655 -1     gi|242    37524    37603 
   616   1104  1     gi|190    19962    20934 
   616   1614  1     gi|241     1176     2126 
   616   2719 -1      gi|96     7594     7718 
   617   1105  1     gi|190    20902    20995 
   617   2645  1       gi|9    15136    15221 
   618   1106  1     gi|190    21170    21205 
   618   2418 -1      gi|73    18937    19048 
   618   2946  1      gi|11    30002    30459 
   618   2948 -1     gi|260     7894     8352 
   618   2949  1      gi|15    21559    21999 
   619   1107  1     gi|190    27726    27817 
   619   2131 -1      gi|52    15693    15784 
   620   1112  1     gi|190    34487    34709 
   620   1665 -1     gi|246     9923    10148 
   621   1113  1     gi|190    34722    34779 
   621   1521 -1      gi|23    33607    33664 
   622   1119  1     gi|194        1     1208 
   622   1744 -1     gi|253    32518    33725 
   623   1120  1     gi|194     1267     2456 
   623   1746  1     gi|253    37343    38544 
   623   2061 -1      gi|43    22262    23706 
   624   1123  1     gi|194    22062    22311 
   624   2170  1      gi|54    36014    36368 
   624   2383 -1      gi|70    32617    32856 
   625   1132  1     gi|194    36302    36688 
   625   2370  1      gi|70    15429    15814 
   626   1135  1     gi|195     2565     2746 
   626   1701 -1      gi|25    21523    21706 
   627   1136  1     gi|195     2700     2847 
   627   1699 -1      gi|25    20932    21077 
   628   1137  1     gi|195     2849     4644 
   628   1698 -1      gi|25    18648    20443 
   629   1138  1     gi|195     5740     5962 
   629   1423  1     gi|221    33885    33997 
   629   2420 -1      gi|73    19950    20076 
   629   2738 -1      gi|98     2903     3039 
   630   1139  1     gi|195     9614     9784 
   630   1289  1     gi|207    19187    19354 
   630   1312  1     gi|210     9550     9705 
   630   2025  1      gi|38    25349    25518 
   630   2137 -1      gi|53     2322     2414 
   631   1140  1     gi|195    19295    19557 
   631   1288  1     gi|207     7361     7623 
   631   1291  1     gi|207    34569    34824 
   631   1314  1     gi|210    17276    17522 
   631   1318  1     gi|210    35252    35495 
   631   1907  1       gi|3     5943     6195 
   631   2023  1      gi|38    15711    15903 
   631   2026  1      gi|38    27687    27943 
   631   3078  1     gi|161     5446     5706 
   631   3079 -1      gi|78    39708    39965 
   631   1146  1     gi|195    35861    36108 
   631   1911  1       gi|3    15976    16146 
   632   1141  1     gi|195    25800    25864 
   632   1185 -1       gi|2    13585    13649 
   633   1143  1     gi|195    31146    31223 
   633   2027  1      gi|38    35146    35229 
   634   1148  1     gi|196     1061     1402 
   634   3105 -1     gi|170    26793    27186 
   634   3106  1     gi|180     1859     2239 
   635   1150  1     gi|196     2131     2231 
   635   3038  1      gi|69    15567    15674 
   635   3041 -1     gi|143    35444    35518 
   636   1151  1     gi|196     2434     2632 
   636   3039  1      gi|69    15676    15845 
   636   3040 -1     gi|143    35271    35444 
   637   1152  1     gi|196     3373     3704 
   637   2423  1      gi|73    33470    33806 
   638   1153  1     gi|196     3774     4221 
   638   2424  1      gi|73    33983    34437 
   639   1155  1     gi|196    22893    23096 
   639   1646 -1     gi|242    23042    23296 
   639   3136  1      gi|24    14511    14753 
   639   2749  1      gi|98    27156    27239 
   640   1158  1     gi|197     1281     1903 
   640   1824 -1     gi|258    29239    29849 
   640   1162 -1     gi|197    13715    14236 
   641   1161  1     gi|197     9470    11041 
   641   2176 -1      gi|55    22956    24539 
   641   2595  1      gi|87    18592    20034 
   642   1171  1     gi|199    18369    18465 
   642   1764  1     gi|255    11288    11384 
   642   1179 -1     gi|199    21952    22033 
   643   1172  1     gi|199    19325    19399 
   643   1591  1     gi|236    26280    26358 
   643   1765  1     gi|255    12026    12100 
   643   1177 -1     gi|199    21152    21230 
   643   1178 -1     gi|199    21598    21655 
   644   1173  1     gi|199    19511    19714 
   644   1592  1     gi|236    26729    27671 
   644   1174 -1     gi|199    19687    20691 
   644   1766  1     gi|255    12750    13039 
   644   1593 -1     gi|236    27431    28009 
   644   1175 -1     gi|199    20884    20992 
   644   1176 -1     gi|199    20946    21085 
   645   1184  1     gi|199    37879    38928 
   645   1278  1     gi|206    34351    34862 
   645   2407 -1      gi|72    38379    38741 
   645   2542 -1      gi|80    29238    29476 
   646   1187  1       gi|2    16505    16682 
   646   1620  1     gi|241    19610    19796 
   647   1189  1       gi|2    19947    20219 
   647   2747 -1      gi|98    23573    23862 
   647   2153  1      gi|53    30002    30077 
   648   1190  1       gi|2    21633    21894 
   648   1658  1     gi|245    34591    34908 
   648   1199 -1       gi|2    35661    35865 
   649   1196  1       gi|2    30551    30627 
   649   2757  1       gi|1    34277    34384 
   649   3086  1       gi|2    24962    25076 
   649   3108 -1     gi|174    33897    33978 
   649   3087 -1     gi|168    27070    27169 
   649   2578 -1      gi|83    15480    15543 
   650   1200  1      gi|20     6759     6817 
   650   1440  1     gi|223    11398    11962 
   650   1865  1     gi|264     7863     8423 
   651   1204  1      gi|20     8877     9214 
   651   2834  1     gi|104     3469     3867 
   651   2839 -1     gi|104    28531    28929 
   651   2837 -1     gi|109    22894    23287 
   652   1205  1      gi|20     9769     9831 
   652   2835  1     gi|104     3867     4118 
   652   2836 -1     gi|109    22643    22888 
   652   2838 -1     gi|104    28280    28531 
   653   1209  1     gi|200        1      335 
   653   2116  1      gi|48    28323    28869 
   653   3137 -1      gi|58     5289     5321 
   653   2212 -1      gi|58    29893    30420 
   653   2289  1      gi|63    17903    18306 
   653   2291  1      gi|63    20280    20668 
   653   2397  1      gi|71    39950    40147 
   653   3138 -1      gi|58     5323     5832 
   653   1399  1      gi|22    19799    20096 
   653   2203 -1      gi|58    19038    19476 
   653   2571  1      gi|81    30152    30264 
   654   1210  1     gi|200     4506     5294 
   654   2117  1      gi|48    32818    32893 
   654   2193 -1      gi|58       96      862 
   654   2198 -1      gi|58     7919     8095 
   654   2201 -1      gi|58    14493    14650 
   654   2205 -1      gi|58    21067    21431 
   654   2208 -1      gi|58    24537    24854 
   654   2209 -1      gi|58    24860    25008 
   654   2216 -1      gi|58    33505    34262 
   654   2210 -1      gi|58    25251    25302 
   654   2211 -1      gi|58    25325    25372 
   655   1211  1     gi|200     5254     5564 
   655   2197 -1      gi|58     7554     7739 
   655   2207 -1      gi|58    23830    24151 
   655   2215 -1      gi|58    32959    33114 
   656   1235  1     gi|200    34274    34612 
   656   1450  1     gi|224     9737    10074 
   657   1239  1     gi|200    38529    38612 
   657   2161  1      gi|54    16573    16665 
   657   2245 -1      gi|60    12453    12511 
   657   2437  1      gi|74    24214    24313 
   657   2554  1      gi|80    38932    39003 
   657   1322 -1     gi|212     6421     6474 
   657   1324 -1     gi|212     9944    10002 
   658   1246  1     gi|203    17420    17639 
   658   2979  1     gi|120      698      914 
   659   1247  1     gi|203    23855    23896 
   659   1286 -1     gi|207     3486     3527 
   660   1249  1     gi|204    19765    19865 
   660   2126 -1      gi|50    24458    24558 
   661   1250  1     gi|204    35928    36110 
   661   2273  1      gi|62    14427    14609 
   662   1251  1     gi|205        1      205 
   662   2722 -1      gi|96    23283    23496 
   663   1256  1     gi|205    10026    10509 
   663   3027  1     gi|134    26501    26975 
   663   1259 -1     gi|205    20603    21049 
   663   1266 -1     gi|205    27611    28227 
   663   1268  1     gi|205    31789    32189 
   663   1271  1     gi|205    35012    35455 
   663   3026  1     gi|134    26393    26501 
   664   1257  1     gi|205    11587    11631 
   664   2723 -1      gi|96    25019    25063 
   665   1264  1     gi|205    25567    26018 
   665   1721  1     gi|250    31375    31820 
   666   1265  1     gi|205    26308    27020 
   666   1722  1     gi|250    32092    32796 
   667   1273  1     gi|206     9309     9396 
   667   1679  1     gi|249      169      252 
   668   1274  1     gi|206    18113    18163 
   668   1791  1     gi|256    39662    39712 
   669   1275  1     gi|206    26514    28872 
   669   2626  1      gi|89     3617     5958 
   669   1597  1     gi|237     2994     3190 
   670   1276  1     gi|206    29307    29448 
   670   1481  1     gi|226     3801     3942 
   670   2627  1      gi|89     6393     6562 
   671   1277  1     gi|206    31817    31915 
   671   2442 -1      gi|74    36426    36525 
   672   1280  1     gi|206    35701    35849 
   672   2582  1      gi|83    38999    39135 
   673   1281  1     gi|206    36007    36193 
   673   2256  1      gi|60    36416    36730 
   673   1459 -1     gi|224    35789    36037 
   674   1283  1     gi|207       39      439 
   674   2451 -1      gi|75    13892    14293 
   675   1284  1     gi|207      993     1495 
   675   2450 -1      gi|75    13392    13894 
   676   1287  1     gi|207     5312     5446 
   676   2449 -1      gi|75    13260    13394 
   677   1292  1     gi|208     1972     2024 
   677   2152  1      gi|53    27981    28134 
   677   2743 -1      gi|98    13676    13831 
   677   2119 -1      gi|48    36531    36696 
   677   2739 -1      gi|98     9007     9107 
   678   1293  1     gi|208     3687     4341 
   678   2123  1       gi|5    26359    27018 
   679   1294  1     gi|208     8486     8751 
   679   1850  1     gi|261    38180    38441 
   680   1295  1     gi|208     9559    10213 
   680   1851  1     gi|261    39250    39898 
   681   1302  1     gi|208    21259    21419 
   681   1470  1     gi|225    15523    15683 
   682   1304  1     gi|208    35686    35912 
   682   2145  1      gi|53    12430    12657 
   683   1307  1     gi|209    33144    33377 
   683   2235  1       gi|6    25279    25502 
   684   1309  1     gi|209    34622    35028 
   684   2236  1       gi|6    26127    26523 
   685   1311  1     gi|210      154     2200 
   685   1441  1     gi|223    12316    14332 
   685   2482  1      gi|77    18364    20422 
   686   1323  1     gi|212     6784     7365 
   686   2986 -1      gi|56    38920    39971 
   686   2995 -1      gi|88     7496    10103 
   686   2187 -1      gi|56    33568    35058 
   687   1331  1     gi|212    30981    31043 
   687   1997 -1      gi|37     5128     5190 
   688   1332  1     gi|212    34272    34459 
   688   2576  1      gi|83     1220     1432 
   689   1333  1     gi|212    36391    36597 
   689   1428 -1     gi|222    12215    12421 
   690   1337  1     gi|213    10846    11090 
   690   2147  1      gi|53    15019    15289 
   691   1338  1     gi|213    11090    11900 
   691   2148  1      gi|53    15754    16558 
   692   1341  1     gi|213    31311    31640 
   692   1661 -1     gi|246     2691     3011 
   692   3139 -1     gi|217     1910     2242 
   692   3140 -1     gi|213    34821    34943 
   693   1344  1     gi|213    35946    36113 
   693   2422  1      gi|73    29548    29724 
   694   1345  1     gi|214    12862    13211 
   694   2075 -1      gi|44    39292    39365 
   694   2239  1       gi|6    33492    33860 
   695   1346  1     gi|214    14447    14795 
   695   2073 -1      gi|44    37347    37685 
   695   1348  1     gi|214    22022    22353 
   696   1347  1     gi|214    20576    20689 
   696   2074 -1      gi|44    38689    38802 
   697   1349  1     gi|214    30480    30569 
   697   2672 -1      gi|91     5682     5773 
   698   1351  1     gi|214    36972    37208 
   699   1358  1     gi|217    39032    39607 
   699   1869  1     gi|264    14189    15060 
   699   2728  1      gi|96    33827    34690 
   699   2558 -1      gi|81     4795     5262 
   700   1361  1     gi|218    10581    10711 
   700   1517 -1      gi|23    14807    14940 
   701   1363  1     gi|218    13409    13925 
   701   1835 -1      gi|26    39198    39753 
   702   1369  1     gi|218    18716    18925 
   702   2033  1      gi|39    36708    36914 
   703   1372  1     gi|218    25552    25609 
   703   1802  1     gi|257    18346    18421 
   703   1373 -1     gi|218    25736    25801 
   704   1382  1     gi|219    15243    15392 
   705   1386  1     gi|219    31688    31838 
   706   1389  1     gi|219    34217    34371 
   707   1390  1     gi|219    37049    37205 
   707   1998 -1      gi|37     5983     6139 
   708   1394  1      gi|22     2499     2558 
   708   2671  1      gi|90    28065    29037 
   708   2612 -1      gi|88    18226    18425 
   708   2943 -1     gi|161    34219    35575 
   708   2944  1     gi|253     9822    11184 
   708   2942  1      gi|11     6083     6657 
   708   2945  1       gi|9    30980    31416 
   709   1395  1      gi|22     2674     3473 
   709   2287  1      gi|63     9217    10015 
   710   1396  1      gi|22     3174     4694 
   710   2288  1      gi|63    16833    18007 
   710   2290  1      gi|63    18907    20378 
   710   2694 -1      gi|92    27109    27385 
   710   2695 -1      gi|92    27760    28021 
   711   1401  1      gi|22    28920    32343 
   711   2286  1      gi|63      445     3918 
   712   1402  1      gi|22    33407    33828 
   712   2267 -1      gi|62     4479     6164 
   712   2300 -1      gi|63    34990    35142 
   712   1825 -1     gi|258    30469    32169 
   712   1881 -1      gi|27     2714     3088 
   713   1403  1      gi|22    33992    34740 
   713   2301  1      gi|63    35224    35582 
   714   1405  1      gi|22    36304    37256 
   714   2303  1      gi|63    37110    38033 
   715   1408  1     gi|220     5653     6600 
   715   1572  1     gi|235     4820     5582 
   715   1840 -1     gi|261     2109     2556 
   716   1410  1     gi|220    13387    14797 
   716   1942 -1      gi|35     5366     6787 
   716   1575  1     gi|235    22220    22677 
   717   1411  1     gi|220    15260    15735 
   717   1576  1     gi|235    23292    23456 
   717   1941 -1      gi|35     4395     4863 
   718   1412  1     gi|220    15731    16131 
   718   1940 -1      gi|35     2260     2659 
   719   1413  1     gi|220    18699    18984 
   719   1583  1     gi|235    37762    38049 
   720   1422  1     gi|221    32004    33597 
   720   1616 -1     gi|241     2516     4099 
   721   1425  1     gi|221    36508    36709 
   721   2536 -1      gi|80     4092     4293 
   722   1427  1     gi|222        4     1158 
   722   2084 -1      gi|46    18790    19959 
   723   1430  1     gi|222    31803    32652 
   723   1928  1      gi|32    38761    39610 
   724   1431  1     gi|222    33591    33710 
   724   1496  1     gi|227    15488    15605 
   725   1438  1     gi|223    10337    10631 
   725   2473 -1      gi|77     9674     9968 
   726   1439  1     gi|223    11049    11257 
   726   1864  1     gi|264     7616     7829 
   726   1837  1     gi|260    21357    21431 
   727   1447  1     gi|224     4304     5173 
   728   1451  1     gi|224    10505    10782 
   728   2019 -1      gi|38    11824    12228 
   729   1462  1     gi|224    38263    38410 
   729   2367 -1      gi|70     8557     8707 
   730   1474  1     gi|225    25784    25931 
   730   1756  1     gi|254    27015    27129 
   731   1480  1     gi|226      901     1114 
   731   1601  1     gi|237    36346    36680 
   731   1489  1     gi|226    15446    15648 
   731   1492  1     gi|226    16778    17060 
   732   1482  1     gi|226     4447     4638 
   732   1624  1     gi|242     1212     1399 
   733   1484  1     gi|226    10164    11216 
   733   1831  1      gi|26    15877    16069 
   733   2055 -1      gi|42    39092    40145 
   734   1487  1     gi|226    14174    14344 
   734   2784  1     gi|141    25300    25860 
   734   2785  1     gi|153    27349    37699 
   734   1935 -1      gi|34    15414    18346 
   734   2328  1      gi|67    32105    34433 
   734   2783  1     gi|141    15006    25295 
   734   2324  1      gi|67    26772    28336 
   734   1934 -1      gi|34    14084    14906 
   734   2325  1      gi|67    28810    29946 
   734   2330  1      gi|67    35429    35743 
   734   3008 -1     gi|129    34404    34808 
   734   3150  1      gi|67    34680    35318 
   735   1494  1     gi|227     1506     1712 
   735   1775 -1     gi|256     4650     4861 
   736   1495  1     gi|227    14073    14418 
   736   2421  1      gi|73    25555    25900 
   737   1499  1     gi|227    28881    29050 
   737   1890  1      gi|27    29894    30064 
   738   1500  1     gi|227    33325    33421 
   738   2401  1      gi|72    10046    10134 
   739   1503  1     gi|227    36047    36370 
   739   2314  1      gi|66    17791    18099 
   740   1505  1     gi|228    22103    22318 
   740   2580  1      gi|83    34953    35214 
   741   1506  1     gi|228    22375    22628 
   741   2581  1      gi|83    35481    35736 
   742   1507  1     gi|229    34857    35022 
   742   1833  1      gi|26    29541    29675 
   742   2343  1      gi|69    16826    16988 
   743   1509  1     gi|229    39184    39296 
   743   2614 -1      gi|88    18587    18697 
   744   1511  1      gi|23    10499    11023 
   744   1861  1     gi|264     3839     4376 
   744   1871  1     gi|264    18662    19171 
   745   1512  1      gi|23    10995    11632 
   745   2094  1      gi|47    26500    27114 
   746   1513  1      gi|23    12116    13391 
   746   2095  1      gi|47    27112    28331 
   747   1514  1      gi|23    13433    13574 
   747   2097  1      gi|47    29418    29579 
   748   1515  1      gi|23    13589    13725 
   748   2086  1      gi|47    14679    14811 
   749   1516  1      gi|23    13715    13837 
   749   2096  1      gi|47    28398    28511 
   750   1548  1     gi|232     2958     3114 
   751   1550  1     gi|232     3708     3799 
   751   1977  1      gi|36    12316    12415 
   752   1555  1     gi|232     5678     5773 
   752   1980  1      gi|36    16346    16442 
   753   1556  1     gi|232     5943     6114 
   753   1981  1      gi|36    16443    16582 
   754   1557  1     gi|232     6059     6465 
   755   1581  1     gi|235    35002    35113 
   755   2950  1      gi|15     3219     3330 
   755   2952  1     gi|219    16951    17061 
   756   1584  1     gi|236     4004     4156 
   756   2444  1      gi|74    39845    39997 
   757   1585  1     gi|236     4216     4269 
   757   1741  1     gi|253    19564    19618 
   758   1586  1     gi|236     8275     8404 
   758   1706  1      gi|25    39534    39800 
   759   1587  1     gi|236     8441     8629 
   759   1705  1      gi|25    39243    39431 
   760   1604  1     gi|238    24762    25551 
   760   2120 -1      gi|48    38297    39064 
   761   1606  1     gi|239     6153     6210 
   761   2511 -1      gi|79    20930    20987 
   762   1615  1     gi|241     2392     2516 
   762   1920 -1      gi|32     4486     4602 
   763   1622  1     gi|241    38535    38661 
   763   1723 -1     gi|250    38609    38749 
   764   1625  1     gi|242     1390     2131 
   765   1627  1     gi|242     3030     3350 
   765   2495 -1      gi|77    32781    33103 
   765   1648  1     gi|242    24406    24513 
   766   1628  1     gi|242     3448     3622 
   766   2494 -1      gi|77    32598    32775 
   766   1649  1     gi|242    24544    24706 
   767   1630  1     gi|242     5211     5581 
   767   2492 -1      gi|77    30446    30838 
   767   1644  1     gi|242    21127    21364 
   767   1651  1     gi|242    26309    26686 
   768   1631  1     gi|242     6113     6507 
   768   2484 -1      gi|77    20821    21251 
   769   1632  1     gi|242     6596     7535 
   769   2816 -1      gi|77    26373    27281 
   769   2811  1     gi|242    24726    25665 
   769   2828  1     gi|242     3642     4574 
   769   2830  1     gi|242    19476    20432 
   769   2479  1      gi|77    14510    15466 
   769   2818 -1      gi|77    31477    32411 
   769   2807 -1     gi|104        1      349 
   769   2813  1      gi|77    20508    20725 
   769   2814 -1      gi|77    23092    24068 
   769   1647  1     gi|242    23948    24293 
   769   1645  1     gi|242    22649    23043 
   769   2810  1     gi|242      820     1040 
   770   1633  1     gi|242     8105     8318 
   770   2485 -1      gi|77    22095    22428 
   770   3145  1     gi|242     2444     2744 
   770   2480  1      gi|77    16151    16247 
   770   2819 -1      gi|77    25437    25690 
   770   1639  1     gi|242    13972    14152 
   770   1653  1     gi|242    29493    29765 
   771   1635  1     gi|242    10224    10296 
   771   2338 -1      gi|69     4770     4842 
   771   1656 -1     gi|242    38325    38397 
   772   1659  1     gi|246     1347     1442 
   772   2532 -1       gi|8    34561    34653 
   773   1660  1     gi|246     1877     2661 
   773   2590 -1      gi|87     4254     5049 
   774   1663  1     gi|246     4811     5144 
   775   1664  1     gi|246     5370     5540 
   775   3003 -1     gi|142    22154    22456 
   775   1668  1     gi|246    15573    15743 
   776   1667  1     gi|246    15014    15347 
   777   1671  1     gi|246    19616    19885 
   778   1676  1     gi|248    22123    22404 
   778   2070 -1      gi|44    22240    22496 
   779   1687  1     gi|249    22676    22827 
   779   1829  1     gi|259     3764     3936 
   779   1692  1     gi|249    31435    31613 
   780   1688  1     gi|249    28565    28679 
   780   3143 -1     gi|239     7456     7574 
   780   1689  1     gi|249    28829    28923 
   780   1690  1     gi|249    29019    29127 
   780   3144  1     gi|249    29328    29430 
   781   1702  1      gi|25    22382    22528 
   781   2543  1      gi|80    29647    29794 
   782   1703  1      gi|25    22531    22702 
   782   2546  1      gi|80    31395    31569 
   783   1707  1      gi|25    39798    39999 
   783   2644  1       gi|9    13056    13259 
   784   1709  1     gi|250     4409     4496 
   784   2516 -1      gi|79    37067    37277 
   784   2594 -1      gi|87    14539    14732 
   784   2509  1      gi|79    19715    19864 
   785   1716  1     gi|250    19562    19761 
   785   3048  1      gi|72    29998    30192 
   785   3052  1       gi|8      671      864 
   786   1718  1     gi|250    25130    25363 
   786   1786  1     gi|256    36058    36272 
   787   1720  1     gi|250    30464    30735 
   787   1853  1     gi|262    31450    31722 
   788   1726  1     gi|251     1136     1281 
   788   2041  1      gi|41     7087     7242 
   789   1731  1     gi|251    14616    14746 
   789   2076 -1      gi|45    24979    25106 
   789   2077  1      gi|45    27106    27233 
   790   1742  1     gi|253    20609    21689 
   790   1882 -1      gi|27     3454     3785 
   791   1745  1     gi|253    35543    37049 
   791   2062 -1      gi|43    24007    25530 
   792   1757  1     gi|254    27159    27223 
   792   2541 -1      gi|80    28831    28958 
   792   1758 -1     gi|254    27416    27474 
   792   2611 -1      gi|88    18150    18229 
   792   2659 -1       gi|9    30840    30948 
   793   1759  1     gi|254    27643    28238 
   793   2179 -1      gi|56     8981     9628 
   794   1760  1     gi|254    28231    28480 
   794   2178 -1      gi|56     8221     8470 
   795   1762  1     gi|255     2451     2503 
   795   2510  1      gi|79    20672    20724 
   795   1763 -1     gi|255     2677     2729 
   796   1767  1     gi|255    20645    21620 
   796   1801  1     gi|257    15691    16665 
   797   1769  1     gi|255    24772    24830 
   797   3085  1     gi|197     5073     5272 
   797   2174 -1      gi|55    10357    10528 
   797   3153 -1      gi|75    37890    38074 
   798   1770  1     gi|255    24813    24918 
   799   1783  1     gi|256    16433    16478 
   799   2630  1      gi|89    10853    10898 
   800   1784  1     gi|256    18542    19400 
   801   1788  1     gi|256    38575    38688 
   801   2285  1      gi|62    33974    34048 
   801   2366  1      gi|70     7000     7103 
   802   1789  1     gi|256    39143    39265 
   802   3054 -1       gi|8     1279     2247 
   802   3055  1     gi|169    35972    36918 
   803   1794  1     gi|257     1656     1774 
   803   2963  1      gi|60    34621    34739 
   803   2966 -1     gi|131     7018     7125 
   804   1795  1     gi|257     2568     5891 
   804   2649  1       gi|9    17925    21216 
   805   1803  1     gi|257    18699    18993 
   806   1810  1     gi|257    36686    36749 
   806   2616  1      gi|88    22278    22342 
   807   1812  1     gi|258      598     2009 
   807   3149 -1      gi|63    33320    34826 
   807   1816  1     gi|258    14032    15564 
   807   1821  1     gi|258    23743    24949 
   807   3148 -1      gi|63    33264    33320 
   808   1813  1     gi|258    10029    10218 
   808   2457 -1      gi|75    24469    24649 
   809   1818  1     gi|258    16512    16871 
   809   2298 -1      gi|63    32848    33256 
   809   1823  1     gi|258    25850    26271 
   810   1819  1     gi|258    18064    18869 
   810   2639  1      gi|89    32494    33320 
   811   1820  1     gi|258    18877    19485 
   811   2640  1      gi|89    33192    33833 
   812   1828  1     gi|258    37131    37279 
   813   1830  1     gi|259    39628    39734 
   813   1858 -1     gi|263     9443     9549 
   814   1839  1     gi|260    29499    29582 
   814   2586  1      gi|85     2307     2389 
   815   1843  1     gi|261    15989    17254 
   815   2684 -1      gi|92     8760     9994 
   815   2693 -1      gi|92    20015    21218 
   816   1846  1     gi|261    26233    26451 
   816   2257  1      gi|61        8      239 
   817   1849  1     gi|261    36648    36695 
   817   2071  1      gi|44    22479    22525 
   818   1862  1     gi|264     4499     4964 
   818   2092  1      gi|47    25108    25587 
   818   1872  1     gi|264    19057    19676 
   819   1863  1     gi|264     5361     6369 
   819   2093  1      gi|47    25615    26585 
   820   1867  1     gi|264     9081    11665 
   820   2339  1      gi|69     9691    11984 
   820   2346 -1      gi|69    18371    20621 
   820   2347  1      gi|69    29926    32499 
   820   1868  1     gi|264    12304    13668 
   820   1870  1     gi|264    15627    16482 
   821   1876  1     gi|264    25655    25872 
   822   1885  1      gi|27    13222    13305 
   822   2237  1       gi|6    27065    27148 
   823   1887  1      gi|27    14735    14848 
   823   2238  1       gi|6    27670    27783 
   823   2255  1      gi|60    35739    35851 
   823   2900  1     gi|181    29007    29120 
   823   2903  1     gi|242    16506    16619 
   824   1921  1      gi|32     4990     5085 
   824   2082  1      gi|46     2605     2699 
   825   1931  1      gi|34     8516    11729 
   826   1933  1      gi|34    13118    14303 
   826   2326 -1      gi|67    29560    30595 
   827   1936  1      gi|34    18414    18856 
   827   2322 -1      gi|67    24848    25319 
   828   1937  1      gi|34    19283    19652 
   828   2321 -1      gi|67    23031    23365 
   829   1938  1      gi|34    23220    23726 
   829   2129 -1      gi|50    39593    40125 
   830   1958  1      gi|36     1177     1404 
   831   1961  1      gi|36     2212     2266 
   831   3030  1     gi|137    22460    22515 
   832   1983  1      gi|36    16907    17495 
   833   1990  1      gi|36    19665    20093 
   834   1996  1      gi|36    25070    25382 
   834   2707 -1      gi|94     1762     2073 
   835   2001  1      gi|37    18465    18610 
   835   2104  1      gi|48     1941     2073 
   836   2002  1      gi|37    19592    19826 
   836   2106  1      gi|48     2737     2968 
   837   2005  1      gi|37    23222    23480 
   837   2527 -1       gi|8    15790    16048 
   838   2006  1      gi|37    24077    25268 
   838   2034  1       gi|4    38363    38442 
   838   2066  1      gi|43    37959    38205 
   838   2525 -1       gi|8    13668    13930 
   838   2526 -1       gi|8    14283    15193 
   839   2013  1      gi|37    38923    39359 
   840   2038  1      gi|41     2638     2791 
   841   2039  1      gi|41     2955     4046 
   842   2040  1      gi|41     4498     5251 
   842   2666 -1      gi|90     2591     3345 
   843   2046  1      gi|41     9982    10056 
   843   2099 -1      gi|47    36335    36410 
   844   2058  1      gi|43     4581     4887 
   844   2557 -1      gi|81     3178     3483 
   844   2064 -1      gi|43    28999    29303 
   845   2060  1      gi|43    18359    18994 
   845   2555  1      gi|81        2      638 
   846   2063  1      gi|43    25943    26577 
   846   2556  1      gi|81      637     1264 
   847   2072  1      gi|44    28402    28472 
   847   2469 -1      gi|77     5724     5803 
   848   2078  1      gi|46      525      883 
   848   2337 -1      gi|69     2787     3168 
   849   2089  1      gi|47    21876    22040 
   850   2090  1      gi|47    24890    24936 
   850   2740  1      gi|98    10025    10071 
   851   2100  1      gi|47    38787    39051 
   851   2689  1      gi|92    16695    16957 
   852   2101  1      gi|47    39039    39809 
   852   2690  1      gi|92    17004    17758 
   853   2111  1      gi|48    13546    13622 
   853   2751  1      gi|98    32645    33206 
   854   2112  1      gi|48    19462    22929 
   854   2426  1      gi|74      333     3723 
   855   2141  1      gi|53     6762     6896 
   855   2228 -1       gi|6     2854     2989 
   856   2143  1      gi|53    10968    11088 
   857   2166  1      gi|54    25771    26709 
   857   2386 -1      gi|70    33996    34934 
   858   2169  1      gi|54    34438    35058 
   858   2384 -1      gi|70    32860    33480 
   859   2171  1      gi|54    38276    38384 
   859   2382 -1      gi|70    30486    30594 
   860   2177  1      gi|55    37442    37552 
   860   2445 -1      gi|75      337      447 
   861   2181  1      gi|56    24425    25221 
   861   2606  1      gi|88     1257     2080 
   861   2183  1      gi|56    26846    27696 
   862   2182  1      gi|56    26134    26497 
   862   2605  1      gi|88      541      907 
   863   2192  1      gi|57    22539    22595 
   863   2250 -1      gi|60    27408    27463 
   864   2194  1      gi|58      825      900 
   865   2196  1      gi|58     6860     7213 
   865   2396 -1      gi|71    39166    39972 
   865   2200  1      gi|58    13168    13999 
   865   2204  1      gi|58    19878    20708 
   865   2206  1      gi|58    22693    23070 
   865   2213  1      gi|58    30620    30862 
   865   2214  1      gi|58    31787    32222 
   866   2199  1      gi|58    12354    12790 
   867   2202  1      gi|58    14622    14687 
   868   2258  1      gi|61      141      343 
   868   2737  1      gi|98     2519     2722 
   869   2266  1      gi|62     3203     3473 
   869   2466  1      gi|77     1033     1511 
   869   2272  1      gi|62    13118    13505 
   869   2274  1      gi|62    14690    15015 
   869   2275  1      gi|62    15785    16170 
   869   2278  1      gi|62    20479    20909 
   869   2279  1      gi|62    21933    22319 
   869   2281  1      gi|62    24192    24575 
   869   3151  1      gi|77      130      467 
   869   2276  1      gi|62    17008    17363 
   869   2280  1      gi|62    23154    23480 
   869   3152  1      gi|62    11778    12070 
   869   2467  1      gi|77     2004     2153 
   870   2270  1      gi|62    10749    11171 
   870   2715  1      gi|96     2934     3381 
   871   2292  1      gi|63    20679    20779 
   871   2624 -1      gi|88    35312    35412 
   872   2293  1      gi|63    21152    21322 
   872   2623 -1      gi|88    35141    35308 
   873   2294  1      gi|63    21326    21362 
   873   2621 -1      gi|88    31656    31692 
   874   2315  1      gi|66    28557    28634 
   874   2413  1      gi|73     8586     8663 
   875   2323  1      gi|67    25766    26879 
   876   2333  1      gi|68    19380    19868 
   876   2529 -1       gi|8    29392    29507 
   877   2345  1      gi|69    18009    18215 
   877   3081 -1      gi|34    33778    33909 
   877   3082  1     gi|162    32334    32404 
   878   2354  1       gi|7    26188    26648 
   879   2355  1       gi|7    26838    27399 
   879   2464  1      gi|76    37921    38476 
   880   2360  1       gi|7    38796    38850 
   881   2362  1       gi|7    39053    39097 
   881   2647 -1       gi|9    16172    16216 
   882   2363  1       gi|7    39091    39157 
   882   2646 -1       gi|9    15739    15805 
   883   2385  1      gi|70    33564    33614 
   883   2882 -1      gi|54    27084    27158 
   883   2851 -1      gi|68     1122     1217 
   883   2871  1     gi|212    28883    28930 
   884   2410  1      gi|72    39163    39986 
   884   2567  1      gi|81    19788    20611 
   885   2447  1      gi|75     4083     4205 
   885   2697 -1      gi|93     5992     6119 
   886   2497  1      gi|77    36942    37604 
   886   3114 -1     gi|208    16013    16842 
   886   3116 -1      gi|25      564     1393 
   887   2502  1      gi|78    27397    27447 
   888   2515  1      gi|79    27752    28177 
   889   2519  1       gi|8     2464     2893 
   889   2748  1      gi|98    26587    26991 
   890   2537  1      gi|80    19842    19985 
   890   2654 -1       gi|9    25100    25197 
   890   2656  1       gi|9    29019    29140 
   890   2917 -1     gi|106    25420    25561 
   890   2657  1       gi|9    29525    29583 
   891   2540  1      gi|80    28045    28208 
   891   2652 -1       gi|9    24586    24742 
   891   2658  1       gi|9    30572    30710 
   892   2560  1      gi|81    11379    11547 
   892   2679 -1      gi|91    23448    23622 
   893   2561  1      gi|81    11773    13304 
   893   2678 -1      gi|91    21284    23097 
   893   2563  1      gi|81    14657    15675 
   893   2564  1      gi|81    15927    16459 
   893   2566  1      gi|81    17551    18179 
   893   2568  1      gi|81    25113    25332 
   893   2569  1      gi|81    25486    26599 
   894   2562  1      gi|81    14003    14228 
   894   2677 -1      gi|91    20671    20916 
   894   2565  1      gi|81    16839    16936 
   894   2570  1      gi|81    27003    27239 
   895   2613  1      gi|88    18452    18549 
   895   2669 -1      gi|90    25939    26036 
   896   2636  1      gi|89    26675    26782 
   896   3104  1     gi|170    26665    26788 
   896   3107 -1     gi|180     2241     2371 
   897   2687  1      gi|92    12921    13012 
   898   2732  1      gi|97    22985    23232 
   899   2756  1       gi|1    34186    34271 
   899   3109 -1     gi|174    33978    34073 
   900   2769  1      gi|54    24693    25073 
   900   2772 -1      gi|70    34973    35354 
   901   2770  1      gi|54    25076    25117 
   901   2771 -1      gi|70    34930    34971 
   902   2773  1      gi|60        1      980 
   902   2777 -1       gi|1    37826    38794 
   903   2776  1       gi|1    37667    37814 
   904   2786  1     gi|153    37704    38263 
   905   2790  1     gi|199     1658     2126 
   905   2797  1     gi|102    19488    19944 
   906   2794  1     gi|199     2563     2596 
   906   2796  1     gi|102    20354    20387 
   907   2800  1     gi|102    32970    34182 
   907   2802  1      gi|13    24633    25845 
   907   2803 -1      gi|13    37072    38284 
   908   2808  1     gi|104      352      412 
   908   2815  1      gi|77    24088    24131 
   909   2809  1     gi|242      506      818 
   909   2821 -1      gi|77    27331    27646 
   910   2812  1     gi|242    25667    25729 
   910   2817 -1      gi|77    31416    31472 
   910   2829  1     gi|242     4579     4634 
   911   2820  1      gi|77    27106    27331 
   912   2822  1     gi|104    18334    18374 
   912   2831  1      gi|77     7662     7709 
   913   2840  1     gi|142    12032    12063 
   913   2845 -1     gi|250    14497    14529 
   914   2842  1     gi|182    38949    39213 
   914   2846  1     gi|116    13434    13699 
   915   2844  1     gi|250    14393    14497 
   916   2848  1     gi|176    27374    27422 
   916   2860 -1     gi|150    23289    23363 
   916   2854  1     gi|131    10964    11032 
   917   2850  1     gi|176    27906    27945 
   917   2856 -1     gi|133    25940    25994 
   917   2869  1     gi|212     1508     1546 
   918   2862  1     gi|165    24093    24143 
   919   2874  1     gi|235    26040    26089 
   919   2878  1      gi|35     7644     7693 
   920   2876  1      gi|25    21014    21053 
   920   2887 -1      gi|60    16806    16852 
   921   2884  1      gi|56    28241    28524 
   921   2892  1      gi|88     2640     2923 
   922   2894  1      gi|97    29490    29560 
   922   2984  1      gi|54       52      122 
   923   2896  1      gi|97    33129    33163 
   924   2901  1     gi|181    29122    29153 
   924   2904  1     gi|242    16621    16652 
   925   2910  1     gi|109    34308    34385 
   925   2914 -1     gi|256     2895     2976 
   926   2926  1     gi|192    37195    37271 
   926   2933  1     gi|132    29717    29777 
   927   2928  1     gi|251    37160    37202 
   927   2931  1     gi|147    22793    22840 
   928   2967  1     gi|129    12904    12944 
   928   2970 -1     gi|144    31639    31684 
   929   2981  1     gi|159    37177    37210 
   929   2982 -1     gi|256     5350     5395 
   930   2987  1      gi|97    29562    29661 
   930   2990 -1     gi|165    30037    30134 
   930   2991  1     gi|212    10205    10303 
   930   2993  1      gi|54      124      223 
   930   2997  1     gi|128       10      107 
   930   3015  1     gi|123    19330    19429 
   930   2996 -1      gi|88    10108    10200 
   931   3004  1     gi|129    31097    31171 
   931   3007 -1     gi|156    26768    26842 
   932   3014  1     gi|153    27412    27743 
   933   3028  1     gi|137    18292    18789 
   933   3029  1      gi|36     2673     3111 
   934   3050  1      gi|72    30195    30604 
   934   3051  1     gi|250    20090    20495 
   934   3053  1       gi|8      866     1278 
   934   3056 -1     gi|169    36921    37280 
   935   3066  1      gi|29    28467    28726 
   935   3068 -1      gi|99        1       54 
   935   3071  1     gi|152    31974    32236 
   935   3073  1      gi|29       31      104 
   936   3094  1      gi|18    14471    14505 
   936   3095 -1      gi|17    24498    24531 
   937   3098  1     gi|170     7814     8009 
   937   3099  1     gi|176    11297    11445 
   937   3100  1      gi|37    21670    21844 
   937   3103 -1       gi|8    16507    16682 
   938   3101  1      gi|37    21846    22302 
   938   3102 -1       gi|8    16049    16507 
