S1	E1	S2	E2	Reference	Contig	IDY	Ambiguous	Best_group
CONTIG	utg000608l	8346	unaligned
286093	286243	3757	3907	NC_057373.1	utg000292l	100.0		True
unknown
286245	286331	3908	3994	NC_057373.1	utg000292l	96.55		True
unknown
286347	286522	4007	4182	NC_057373.1	utg000292l	99.43		True
unknown
286799	287073	4515	4789	NC_057373.1	utg000292l	97.82		True
unknown
299521	299637	16909	17026	NC_057373.1	utg000292l	99.15		True
unknown
CONTIG	utg000292l	85149	mis_unaligned
CONTIG	utg000471l	88382	unaligned
CONTIG	utg000287l	81752	unaligned
416903	417048	18265	18410	NC_057377.1	utg000498l	95.89		True
unknown
417266	417365	18627	18726	NC_057377.1	utg000498l	98.0		True
unknown
417703	417767	19063	19127	NC_057377.1	utg000498l	100.0		True
unknown
434238	434337	39657	39756	NC_057377.1	utg000498l	100.0		True
unknown
435929	436009	41456	41536	NC_057377.1	utg000498l	100.0		True
unknown
436897	436978	42417	42498	NC_057377.1	utg000498l	100.0		True
unknown
457789	457875	63970	64056	NC_057377.1	utg000498l	98.85		True
unknown
461933	462005	67257	67329	NC_057377.1	utg000498l	98.63		True
unknown
CONTIG	utg000498l	81724	mis_unaligned
CONTIG	utg000710l	9121	unaligned
CONTIG	utg000776l	8990	unaligned
CONTIG	utg000686l	8362	unaligned
CONTIG	utg000586l	9661	unaligned
CONTIG	utg000378l	8345	unaligned
CONTIG	utg000692l	9641	unaligned
1302914	1302993	9592	9671	NC_057385.1	utg000197l	98.75		True
unknown
1304295	1304406	10977	11088	NC_057385.1	utg000197l	100.0		True
unknown
1304465	1304665	11148	11348	NC_057385.1	utg000197l	96.02		True
unknown
1306371	1306457	13114	13200	NC_057385.1	utg000197l	100.0		True
unknown
1309607	1309694	16331	16418	NC_057385.1	utg000197l	100.0		True
unknown
1312887	1312961	19601	19675	NC_057385.1	utg000197l	100.0		True
unknown
CONTIG	utg000197l	88511	mis_unaligned
CONTIG	utg000529l	8361	unaligned
CONTIG	utg000555l	8721	unaligned
267879	267955	26959	26882	NC_057381.1	utg000223l	98.72		True
unknown
265802	265892	29021	28931	NC_057381.1	utg000223l	100.0		True
unknown
264731	264803	30088	30016	NC_057381.1	utg000223l	100.0		True
unknown
264511	264581	30310	30240	NC_057381.1	utg000223l	98.59		True
unknown
263525	263663	31310	31172	NC_057381.1	utg000223l	100.0		True
unknown
863960	864031	43373	43302	NC_057382.1	utg000223l	98.61		True
unknown
863491	863709	43842	43624	NC_057382.1	utg000223l	97.26		True
unknown
862773	863031	44553	44295	NC_057382.1	utg000223l	97.68		True
unknown
862675	862747	44648	44576	NC_057382.1	utg000223l	97.26		True
unknown
1192370	1192518	65673	65525	NC_057379.1	utg000223l	95.97		True
unknown
1191951	1192036	66089	66004	NC_057379.1	utg000223l	100.0		True
unknown
1191814	1191884	66226	66156	NC_057379.1	utg000223l	95.77		True
unknown
1191577	1191708	66470	66339	NC_057379.1	utg000223l	97.73		True
unknown
1191495	1191575	66551	66471	NC_057379.1	utg000223l	97.53		True
unknown
CONTIG	utg000223l	88943	mis_unaligned
CONTIG	utg000645l	8169	unaligned
CONTIG	utg000809l	8447	unaligned
961933	962041	5072	5181	NC_057382.1	utg000256l	99.09		True
unknown
963506	963623	6519	6636	NC_057382.1	utg000256l	100.0		True
unknown
964899	965065	7825	7991	NC_057382.1	utg000256l	100.0		True
unknown
1026824	1026935	62745	62856	NC_057382.1	utg000256l	100.0		True
unknown
1027008	1027082	62938	63012	NC_057382.1	utg000256l	100.0		True
unknown
1027082	1027159	63199	63276	NC_057382.1	utg000256l	100.0		True
unknown
1027215	1027299	63329	63413	NC_057382.1	utg000256l	95.29		True
unknown
1032084	1032250	69707	69873	NC_057382.1	utg000256l	100.0		True
unknown
1032521	1032605	70137	70221	NC_057382.1	utg000256l	100.0		True
unknown
1032839	1032914	70454	70529	NC_057382.1	utg000256l	96.05		True
unknown
1037928	1038044	75306	75422	NC_057382.1	utg000256l	98.29		True
unknown
CONTIG	utg000256l	98261	mis_unaligned
CONTIG	utg000177l	89530	unaligned
CONTIG	utg000535l	9040	unaligned
CONTIG	utg000407l	88759	unaligned
3535455	3535601	35477	35623	NC_057385.1	utg000263l	97.96		True
CONTIG	utg000263l	90052	correct_unaligned
CONTIG	utg000811l	8410	unaligned
CONTIG	utg000254l	83858	unaligned
1227953	1228027	70236	70162	NC_057380.1	utg000132l	96.0		True
unknown
1227699	1227813	70495	70381	NC_057380.1	utg000132l	95.65		True
unknown
CONTIG	utg000132l	96774	mis_unaligned
1474331	1474470	41304	41443	NC_057378.1	utg000025l	99.29		True
unknown
1474804	1474915	41783	41894	NC_057378.1	utg000025l	95.54		True
unknown
1474916	1475012	41896	41992	NC_057378.1	utg000025l	97.94		True
unknown
811373	811456	56754	56837	NC_057375.1	utg000025l	100.0		True
unknown
811863	811970	57214	57321	NC_057375.1	utg000025l	98.15		True
unknown
823632	823729	68421	68518	NC_057375.1	utg000025l	100.0		True
unknown
845667	845813	85820	85966	NC_057375.1	utg000025l	100.0		True
unknown
849762	850012	90008	90262	NC_057375.1	utg000025l	96.47		True
unknown
954063	954139	99518	99594	NC_057375.1	utg000025l	98.7		True
unknown
957582	957693	102899	103010	NC_057375.1	utg000025l	98.21		True
unknown
958776	958861	104098	104183	NC_057375.1	utg000025l	100.0		True
unknown
962109	962190	108070	108151	NC_057375.1	utg000025l	100.0		True
unknown
966701	966780	109519	109598	NC_057375.1	utg000025l	100.0		True
unknown
969608	969886	112820	113098	NC_057375.1	utg000025l	100.0		True
unknown
969890	969987	113099	113196	NC_057375.1	utg000025l	100.0		True
unknown
970275	970412	113478	113615	NC_057375.1	utg000025l	95.65		True
unknown
970470	970555	113673	113758	NC_057375.1	utg000025l	100.0		True
unknown
970613	970731	113819	113937	NC_057375.1	utg000025l	99.16		True
unknown
979171	979239	122271	122339	NC_057375.1	utg000025l	100.0		True
unknown
980290	980454	123416	123580	NC_057375.1	utg000025l	100.0		True
unknown
980760	980824	123894	123958	NC_057375.1	utg000025l	100.0		True
unknown
988152	988245	131306	131399	NC_057375.1	utg000025l	100.0		True
unknown
990895	991013	134194	134312	NC_057375.1	utg000025l	98.32		True
unknown
991261	991412	134531	134682	NC_057375.1	utg000025l	98.03		True
unknown
991524	991639	134789	134904	NC_057375.1	utg000025l	97.41		True
unknown
1015501	1015600	158497	158596	NC_057375.1	utg000025l	100.0		True
unknown
1015651	1015741	158638	158728	NC_057375.1	utg000025l	100.0		True
unknown
1016487	1016670	159469	159652	NC_057375.1	utg000025l	96.74		True
unknown
1016845	1016970	159819	159944	NC_057375.1	utg000025l	98.41		True
unknown
1018344	1018438	161275	161369	NC_057375.1	utg000025l	98.95		True
unknown
1019081	1019161	161998	162078	NC_057375.1	utg000025l	98.77		True
unknown
1019635	1019840	162536	162741	NC_057375.1	utg000025l	97.57		True
unknown
1020302	1020413	163188	163299	NC_057375.1	utg000025l	100.0		True
unknown
1021075	1021165	163950	164040	NC_057375.1	utg000025l	100.0		True
unknown
1021812	1021919	164667	164774	NC_057375.1	utg000025l	100.0		True
unknown
1045627	1045738	204171	204282	NC_057375.1	utg000025l	99.11		True
unknown
1047474	1047586	205933	206045	NC_057375.1	utg000025l	100.0		True
unknown
1047811	1047940	206270	206399	NC_057375.1	utg000025l	98.46		True
unknown
1047983	1048070	206444	206531	NC_057375.1	utg000025l	97.73		True
unknown
1048223	1048483	206686	206946	NC_057375.1	utg000025l	98.08		True
unknown
1123612	1123696	282903	282987	NC_057375.1	utg000025l	100.0		True
unknown
1125381	1125655	284718	284992	NC_057375.1	utg000025l	97.09		True
unknown
1126456	1126562	285785	285891	NC_057375.1	utg000025l	98.13		True
unknown
1126938	1127101	286265	286428	NC_057375.1	utg000025l	96.95		True
unknown
1127402	1127678	286738	287014	NC_057375.1	utg000025l	97.83		True
unknown
1129367	1129483	288740	288856	NC_057375.1	utg000025l	100.0		True
unknown
1129615	1129714	288986	289085	NC_057375.1	utg000025l	99.0		True
unknown
1130650	1130768	290000	290118	NC_057375.1	utg000025l	99.16		True
unknown
1155005	1155081	301658	301734	NC_057375.1	utg000025l	100.0		True
unknown
1199639	1199751	347094	347206	NC_057375.1	utg000025l	100.0		True
unknown
1200387	1200564	347866	348044	NC_057375.1	utg000025l	95.0		True
unknown
1208550	1208704	355630	355784	NC_057375.1	utg000025l	100.0		True
unknown
1223071	1223140	369202	369271	NC_057375.1	utg000025l	100.0		True
unknown
1223967	1224057	370093	370183	NC_057375.1	utg000025l	100.0		True
unknown
1224903	1225036	371035	371168	NC_057375.1	utg000025l	100.0		True
unknown
1230829	1230897	376978	377046	NC_057375.1	utg000025l	100.0		True
unknown
1244162	1244340	391435	391613	NC_057375.1	utg000025l	100.0		True
unknown
1245130	1245286	392380	392536	NC_057375.1	utg000025l	99.36		True
unknown
1246325	1246398	393555	393628	NC_057375.1	utg000025l	98.65		True
unknown
1246835	1246946	394059	394170	NC_057375.1	utg000025l	96.43		True
unknown
1250453	1250554	397645	397746	NC_057375.1	utg000025l	100.0		True
unknown
1253996	1254072	401489	401565	NC_057375.1	utg000025l	100.0		True
unknown
1257218	1257333	404645	404760	NC_057375.1	utg000025l	99.14		True
unknown
1260465	1260556	407958	408049	NC_057375.1	utg000025l	100.0		True
unknown
1261193	1261309	408689	408805	NC_057375.1	utg000025l	100.0		True
unknown
1265435	1265521	412875	412961	NC_057375.1	utg000025l	100.0		True
unknown
1268320	1268404	415725	415810	NC_057375.1	utg000025l	98.84		True
unknown
1269219	1269310	416597	416688	NC_057375.1	utg000025l	98.91		True
unknown
1269850	1269969	417247	417366	NC_057375.1	utg000025l	98.33		True
unknown
1281498	1281618	428498	428618	NC_057375.1	utg000025l	98.35		True
unknown
1282448	1282551	429456	429559	NC_057375.1	utg000025l	100.0		True
unknown
1284751	1284822	431700	431771	NC_057375.1	utg000025l	100.0		True
unknown
1285116	1285196	432064	432144	NC_057375.1	utg000025l	100.0		True
unknown
1286608	1286715	433555	433662	NC_057375.1	utg000025l	97.22		True
unknown
1288059	1288142	435005	435088	NC_057375.1	utg000025l	100.0		True
unknown
1322997	1323082	462690	462775	NC_057375.1	utg000025l	100.0		True
unknown
1323368	1323432	463063	463127	NC_057375.1	utg000025l	100.0		True
unknown
1348387	1348475	488967	489055	NC_057375.1	utg000025l	96.63		True
unknown
1349252	1349335	489855	489938	NC_057375.1	utg000025l	100.0		True
unknown
1372120	1372185	520487	520552	NC_057375.1	utg000025l	100.0		True
unknown
1372369	1372483	520726	520840	NC_057375.1	utg000025l	97.39		True
unknown
1373602	1373925	521938	522260	NC_057375.1	utg000025l	96.31		True
unknown
1472686	1472764	625434	625512	NC_057375.1	utg000025l	98.73		True
unknown
1475025	1475163	627774	627912	NC_057375.1	utg000025l	95.68		True
unknown
1476240	1476309	629022	629091	NC_057375.1	utg000025l	100.0		True
unknown
1482351	1482449	639947	640045	NC_057375.1	utg000025l	100.0		True
unknown
1482807	1482901	640411	640505	NC_057375.1	utg000025l	100.0		True
unknown
1485973	1486109	643562	643697	NC_057375.1	utg000025l	96.35		True
unknown
1498854	1498928	654605	654679	NC_057375.1	utg000025l	100.0		True
unknown
1499529	1499687	655277	655435	NC_057375.1	utg000025l	100.0		True
unknown
1500451	1500549	656271	656369	NC_057375.1	utg000025l	100.0		True
unknown
1526382	1526451	681973	681904	NC_057375.1	utg000025l	100.0		True
unknown
1525738	1525827	682629	682540	NC_057375.1	utg000025l	100.0		True
unknown
1518427	1518576	689521	689372	NC_057375.1	utg000025l	99.33		True
unknown
1517791	1517903	690156	690044	NC_057375.1	utg000025l	97.35		True
unknown
1517614	1517758	690336	690192	NC_057375.1	utg000025l	96.55		True
unknown
1516521	1516691	691426	691256	NC_057375.1	utg000025l	96.49		True
unknown
1515877	1516005	692057	691929	NC_057375.1	utg000025l	100.0		True
unknown
1515215	1515279	692710	692646	NC_057375.1	utg000025l	100.0		True
unknown
1513276	1513427	694550	694400	NC_057375.1	utg000025l	98.03		True
unknown
1512446	1512578	695357	695225	NC_057375.1	utg000025l	98.5		True
unknown
1512194	1512286	695610	695518	NC_057375.1	utg000025l	100.0		True
unknown
1534343	1534449	706522	706628	NC_057375.1	utg000025l	100.0		True
unknown
1534598	1534909	706772	707083	NC_057375.1	utg000025l	97.44		True
unknown
1535169	1535233	707328	707392	NC_057375.1	utg000025l	98.46		True
unknown
1645362	1645432	759449	759519	NC_057375.1	utg000025l	100.0		True
unknown
1647955	1648051	762058	762154	NC_057375.1	utg000025l	100.0		True
unknown
1649169	1649253	763267	763351	NC_057375.1	utg000025l	100.0		True
unknown
1650177	1650333	764290	764446	NC_057375.1	utg000025l	99.36		True
unknown
1651565	1651660	765664	765759	NC_057375.1	utg000025l	97.92		True
unknown
1660410	1660593	774379	774562	NC_057375.1	utg000025l	99.46		True
unknown
1662716	1662782	776659	776725	NC_057375.1	utg000025l	100.0		True
unknown
1665747	1665825	779610	779688	NC_057375.1	utg000025l	100.0		True
unknown
1666044	1666313	779903	780172	NC_057375.1	utg000025l	97.04		True
unknown
3535375	3535497	828608	828730	NC_057385.1	utg000025l	95.93		True
unknown
3535498	3535745	828733	828980	NC_057385.1	utg000025l	97.18		True
unknown
3536075	3536193	829308	829426	NC_057385.1	utg000025l	98.32		True
unknown
3536196	3536347	829427	829578	NC_057385.1	utg000025l	96.71		True
unknown
CONTIG	utg000025l	846669	mis_unaligned
CONTIG	utg000677l	84665	unaligned
CONTIG	utg000792l	8759	unaligned
CONTIG	utg000244l	8579	unaligned
CONTIG	utg000785l	8374	unaligned
CONTIG	utg000577l	8307	unaligned
1641394	1641466	17601	17529	NC_057384.1	utg000237l	100.0		True
CONTIG	utg000237l	88421	correct_unaligned
1987379	1987488	29944	29835	NC_057383.1	utg000053l	99.09		True
unknown
1986856	1987020	30453	30289	NC_057383.1	utg000053l	97.58		True
unknown
1986384	1986811	30923	30496	NC_057383.1	utg000053l	97.9		True
unknown
1985772	1986034	31535	31273	NC_057383.1	utg000053l	96.2		True
unknown
1985016	1985095	32264	32185	NC_057383.1	utg000053l	100.0		True
unknown
1984154	1984266	33119	33007	NC_057383.1	utg000053l	100.0		True
unknown
1982243	1982347	35025	34921	NC_057383.1	utg000053l	99.05		True
unknown
1980328	1980445	36946	36829	NC_057383.1	utg000053l	99.15		True
unknown
1880108	1880256	103249	103101	NC_057383.1	utg000053l	98.66		True
unknown
1877747	1877887	105081	104941	NC_057383.1	utg000053l	98.58		True
unknown
1841328	1841488	141247	141087	NC_057383.1	utg000053l	100.0		True
unknown
1841087	1841174	141478	141391	NC_057383.1	utg000053l	98.86		True
unknown
1840866	1841040	141702	141528	NC_057383.1	utg000053l	98.86		True
unknown
1840530	1840739	142035	141826	NC_057383.1	utg000053l	99.52		True
unknown
1840356	1840490	142206	142072	NC_057383.1	utg000053l	98.52		True
unknown
1840183	1840302	142371	142252	NC_057383.1	utg000053l	100.0		True
unknown
1839761	1840037	142792	142516	NC_057383.1	utg000053l	99.64		True
unknown
1839503	1839597	143032	142938	NC_057383.1	utg000053l	100.0		True
unknown
1837358	1837445	144750	144663	NC_057383.1	utg000053l	100.0		True
unknown
1836545	1836627	145537	145454	NC_057383.1	utg000053l	98.81		True
unknown
1835567	1835664	146506	146409	NC_057383.1	utg000053l	98.98		True
unknown
1835331	1835479	146739	146591	NC_057383.1	utg000053l	95.97		True
unknown
1834330	1834434	147741	147637	NC_057383.1	utg000053l	100.0		True
unknown
1833750	1833827	148360	148283	NC_057383.1	utg000053l	98.72		True
unknown
1833059	1833139	149071	148991	NC_057383.1	utg000053l	100.0		True
unknown
1832063	1832136	149896	149823	NC_057383.1	utg000053l	100.0		True
unknown
1827402	1827553	154262	154111	NC_057383.1	utg000053l	99.34		True
unknown
1798641	1798725	163340	163256	NC_057383.1	utg000053l	97.65		True
unknown
1797476	1797585	164556	164447	NC_057383.1	utg000053l	100.0		True
unknown
1796580	1796732	165457	165306	NC_057383.1	utg000053l	99.35		True
unknown
1785041	1785142	175372	175271	NC_057383.1	utg000053l	100.0		True
unknown
1784505	1784614	175907	175798	NC_057383.1	utg000053l	97.27		True
unknown
1784285	1784410	176126	176001	NC_057383.1	utg000053l	96.03		True
unknown
1784156	1784259	176254	176151	NC_057383.1	utg000053l	98.08		True
unknown
1783165	1783270	177246	177141	NC_057383.1	utg000053l	98.11		True
unknown
1782926	1783006	177488	177408	NC_057383.1	utg000053l	100.0		True
unknown
1780883	1780959	179515	179439	NC_057383.1	utg000053l	98.7		True
unknown
1780557	1780636	179828	179749	NC_057383.1	utg000053l	100.0		True
unknown
1774946	1775046	185434	185334	NC_057383.1	utg000053l	100.0		True
unknown
1759919	1760062	204575	204431	NC_057383.1	utg000053l	99.31		True
unknown
1758790	1758904	205745	205631	NC_057383.1	utg000053l	100.0		True
unknown
1757835	1757972	206699	206562	NC_057383.1	utg000053l	100.0		True
unknown
1757034	1757129	207531	207436	NC_057383.1	utg000053l	96.88		True
unknown
1748373	1748458	226662	226577	NC_057383.1	utg000053l	100.0		True
unknown
1743123	1743325	231840	231638	NC_057383.1	utg000053l	98.03		True
unknown
1742210	1742334	232747	232623	NC_057383.1	utg000053l	98.4		True
unknown
1741751	1741850	233196	233097	NC_057383.1	utg000053l	100.0		True
unknown
1673551	1673649	268247	268345	NC_057383.1	utg000053l	95.96		True
unknown
1673767	1673964	268461	268658	NC_057383.1	utg000053l	95.96		True
unknown
1673967	1674138	268659	268830	NC_057383.1	utg000053l	96.51		True
unknown
1698358	1698468	281295	281405	NC_057383.1	utg000053l	99.1		True
unknown
1698732	1698846	281668	281782	NC_057383.1	utg000053l	96.52		True
unknown
1698847	1699021	281784	281958	NC_057383.1	utg000053l	97.14		True
unknown
1699345	1699433	282273	282361	NC_057383.1	utg000053l	95.51		True
unknown
1699815	1699933	282751	282869	NC_057383.1	utg000053l	100.0		True
unknown
1702398	1702486	285393	285481	NC_057383.1	utg000053l	98.88		True
unknown
1653327	1653503	301857	301682	NC_057383.1	utg000053l	95.51		True
unknown
1652384	1652510	302825	302699	NC_057383.1	utg000053l	96.85		True
unknown
1647479	1647578	306359	306260	NC_057383.1	utg000053l	98.0		True
unknown
1647349	1647435	306492	306406	NC_057383.1	utg000053l	100.0		True
unknown
1647229	1647310	306617	306536	NC_057383.1	utg000053l	96.34		True
unknown
1646759	1646869	307087	306977	NC_057383.1	utg000053l	99.1		True
unknown
1646123	1646198	307741	307666	NC_057383.1	utg000053l	100.0		True
unknown
1642437	1642566	311091	310963	NC_057383.1	utg000053l	99.23		True
unknown
1636892	1636989	317064	316967	NC_057383.1	utg000053l	100.0		True
unknown
1632509	1632616	321565	321458	NC_057383.1	utg000053l	98.15		True
unknown
1607104	1607197	343295	343202	NC_057383.1	utg000053l	100.0		True
unknown
1602852	1602923	347541	347469	NC_057383.1	utg000053l	98.63		True
unknown
1596587	1596681	354364	354270	NC_057383.1	utg000053l	100.0		True
unknown
1587027	1587104	364743	364666	NC_057383.1	utg000053l	100.0		True
unknown
1584945	1585055	366806	366696	NC_057383.1	utg000053l	100.0		True
unknown
1584590	1584838	367156	366908	NC_057383.1	utg000053l	96.39		True
unknown
1584484	1584580	367256	367160	NC_057383.1	utg000053l	98.97		True
unknown
1584032	1584189	367690	367533	NC_057383.1	utg000053l	100.0		True
unknown
1579123	1579216	375950	375857	NC_057383.1	utg000053l	98.94		True
unknown
1578912	1579015	376164	376061	NC_057383.1	utg000053l	97.12		True
unknown
1570733	1570799	384696	384630	NC_057383.1	utg000053l	98.51		True
unknown
1570540	1570647	384888	384781	NC_057383.1	utg000053l	99.07		True
unknown
1570108	1570193	385305	385220	NC_057383.1	utg000053l	95.35		True
unknown
1558672	1558782	400135	400025	NC_057383.1	utg000053l	100.0		True
unknown
1556243	1556386	402464	402321	NC_057383.1	utg000053l	98.61		True
unknown
1556033	1556170	402673	402536	NC_057383.1	utg000053l	99.28		True
unknown
1555218	1555328	403477	403367	NC_057383.1	utg000053l	100.0		True
unknown
1552577	1552709	405990	405858	NC_057383.1	utg000053l	100.0		True
unknown
1552133	1552264	406422	406291	NC_057383.1	utg000053l	99.24		True
unknown
1548399	1548487	410219	410131	NC_057383.1	utg000053l	100.0		True
unknown
1513113	1513236	445805	445685	NC_057383.1	utg000053l	95.16		True
unknown
1487929	1488107	495052	494874	NC_057383.1	utg000053l	100.0		True
unknown
1487783	1487881	495200	495102	NC_057383.1	utg000053l	96.97		True
unknown
1462456	1462550	516623	516529	NC_057383.1	utg000053l	100.0		True
unknown
1460566	1460667	518477	518376	NC_057383.1	utg000053l	100.0		True
unknown
1459672	1459784	519369	519257	NC_057383.1	utg000053l	100.0		True
unknown
1459072	1459139	519970	519903	NC_057383.1	utg000053l	100.0		True
unknown
1426064	1426145	553408	553327	NC_057383.1	utg000053l	100.0		True
unknown
1423969	1424189	555517	555297	NC_057383.1	utg000053l	96.38		True
unknown
1423737	1423884	555768	555621	NC_057383.1	utg000053l	97.3		True
unknown
1422198	1422388	557294	557104	NC_057383.1	utg000053l	100.0		True
unknown
1412315	1412495	570009	569826	NC_057383.1	utg000053l	97.83		True
unknown
1410896	1410976	571426	571346	NC_057383.1	utg000053l	98.77		True
unknown
1410297	1410390	572021	571928	NC_057383.1	utg000053l	97.87		True
unknown
1410130	1410217	572191	572104	NC_057383.1	utg000053l	100.0		True
unknown
1404017	1404306	579140	578851	NC_057383.1	utg000053l	95.86		True
unknown
1403814	1403914	579326	579226	NC_057383.1	utg000053l	100.0		True
unknown
1402295	1402378	581008	580925	NC_057383.1	utg000053l	100.0		True
unknown
1398376	1398470	585597	585503	NC_057383.1	utg000053l	100.0		True
unknown
1398001	1398087	585976	585890	NC_057383.1	utg000053l	95.4		True
unknown
1396745	1396836	587556	587465	NC_057383.1	utg000053l	95.65		True
unknown
1396255	1396362	588042	587935	NC_057383.1	utg000053l	97.22		True
unknown
1395372	1395471	588930	588831	NC_057383.1	utg000053l	99.0		True
unknown
1395044	1395163	589243	589124	NC_057383.1	utg000053l	96.67		True
unknown
1394628	1394977	589658	589309	NC_057383.1	utg000053l	97.71		True
unknown
1394384	1394596	589898	589686	NC_057383.1	utg000053l	95.77		True
unknown
1394180	1394331	590090	589939	NC_057383.1	utg000053l	97.37		True
unknown
1393871	1394010	590403	590264	NC_057383.1	utg000053l	99.29		True
unknown
1393631	1393722	590632	590541	NC_057383.1	utg000053l	100.0		True
unknown
1341265	1341356	600216	600125	NC_057383.1	utg000053l	96.74		True
unknown
1340980	1341142	600504	600342	NC_057383.1	utg000053l	96.32		True
unknown
1340836	1340914	600649	600571	NC_057383.1	utg000053l	98.73		True
unknown
1218981	1219066	604277	604362	NC_057380.1	utg000053l	95.35		True
unknown
1219138	1219257	604436	604555	NC_057380.1	utg000053l	99.17		True
unknown
1219504	1219636	604803	604935	NC_057380.1	utg000053l	96.99		True
unknown
1956171	1956531	605795	605438	NC_057379.1	utg000053l	96.41		True
unknown
1373372	1373476	619148	619044	NC_057383.1	utg000053l	98.1		True
unknown
1364774	1364860	627209	627123	NC_057383.1	utg000053l	100.0		True
unknown
1357908	1357979	633926	633855	NC_057383.1	utg000053l	100.0		True
unknown
1356686	1356774	635134	635046	NC_057383.1	utg000053l	100.0		True
unknown
1354442	1354515	637396	637323	NC_057383.1	utg000053l	100.0		True
unknown
1350234	1350353	641545	641426	NC_057383.1	utg000053l	100.0		True
unknown
1347232	1347309	644556	644479	NC_057383.1	utg000053l	98.72		True
unknown
1328553	1328638	654942	654857	NC_057383.1	utg000053l	100.0		True
unknown
1327313	1327427	656194	656080	NC_057383.1	utg000053l	99.13		True
unknown
1326883	1326993	656634	656524	NC_057383.1	utg000053l	99.1		True
unknown
3536173	3536286	673276	673163	NC_057385.1	utg000053l	98.25		True
unknown
3535883	3536011	673565	673437	NC_057385.1	utg000053l	97.67		True
unknown
3535460	3535666	673986	673780	NC_057385.1	utg000053l	96.14		True
unknown
1282861	1283034	695380	695207	NC_057383.1	utg000053l	99.43		True
unknown
1278689	1278783	699521	699427	NC_057383.1	utg000053l	100.0		True
unknown
1264429	1264586	711080	710924	NC_057383.1	utg000053l	96.84		True
unknown
1263455	1263587	712081	711949	NC_057383.1	utg000053l	97.74		True
unknown
1261281	1261350	714168	714099	NC_057383.1	utg000053l	97.14		True
unknown
1259046	1259223	716425	716248	NC_057383.1	utg000053l	100.0		True
unknown
1220122	1220237	746353	746238	NC_057383.1	utg000053l	100.0		True
unknown
1212548	1212617	754246	754177	NC_057383.1	utg000053l	100.0		True
unknown
1210147	1210306	756621	756463	NC_057383.1	utg000053l	95.0		True
unknown
1209728	1209837	757043	756934	NC_057383.1	utg000053l	100.0		True
unknown
1207869	1207963	758890	758796	NC_057383.1	utg000053l	100.0		True
unknown
1206964	1207067	759773	759670	NC_057383.1	utg000053l	96.15		True
unknown
1206386	1206476	760331	760241	NC_057383.1	utg000053l	100.0		True
unknown
1159875	1159959	778084	778000	NC_057383.1	utg000053l	100.0		True
unknown
1159172	1159254	778819	778737	NC_057383.1	utg000053l	100.0		True
unknown
1155504	1155594	782473	782383	NC_057383.1	utg000053l	98.9		True
unknown
1148633	1148733	789137	789036	NC_057383.1	utg000053l	99.02		True
unknown
1148129	1148203	789637	789563	NC_057383.1	utg000053l	100.0		True
unknown
1144510	1144601	792803	792712	NC_057383.1	utg000053l	100.0		True
unknown
1143957	1144150	793340	793147	NC_057383.1	utg000053l	100.0		True
unknown
1143109	1143365	794204	793947	NC_057383.1	utg000053l	97.29		True
unknown
1134524	1134611	802192	802105	NC_057383.1	utg000053l	100.0		True
unknown
1124884	1124972	811742	811654	NC_057383.1	utg000053l	100.0		True
unknown
1120330	1120430	816170	816070	NC_057383.1	utg000053l	100.0		True
unknown
1119639	1119703	816879	816815	NC_057383.1	utg000053l	100.0		True
unknown
1117296	1117410	819256	819142	NC_057383.1	utg000053l	100.0		True
unknown
1065792	1065916	870454	870326	NC_057383.1	utg000053l	96.12		True
unknown
1061234	1061346	874718	874606	NC_057383.1	utg000053l	97.35		True
unknown
1060625	1060703	875313	875235	NC_057383.1	utg000053l	100.0		True
unknown
1059994	1060058	875939	875875	NC_057383.1	utg000053l	100.0		True
unknown
1042651	1042770	891209	891090	NC_057383.1	utg000053l	98.33		True
unknown
1041931	1042028	891925	891828	NC_057383.1	utg000053l	97.96		True
unknown
1041573	1041880	892288	891981	NC_057383.1	utg000053l	100.0		True
unknown
1025926	1026049	906442	906319	NC_057383.1	utg000053l	100.0		True
unknown
1025753	1025823	906617	906547	NC_057383.1	utg000053l	100.0		True
unknown
1022723	1022799	909648	909572	NC_057383.1	utg000053l	100.0		True
unknown
1019583	1019659	912772	912696	NC_057383.1	utg000053l	100.0		True
unknown
CONTIG	utg000053l	941703	mis_unaligned
CONTIG	utg000427l	9222	unaligned
301501	301610	38018	38127	NC_057384.1	utg000277l	100.0		True
CONTIG	utg000277l	99051	correct_unaligned
1162576	1162712	914	778	NC_057379.1	utg000261l	98.54		True
unknown
1141420	1141535	21791	21676	NC_057379.1	utg000261l	100.0		True
unknown
1141093	1141238	22115	21970	NC_057379.1	utg000261l	95.21		True
unknown
1140825	1140901	22386	22310	NC_057379.1	utg000261l	100.0		True
unknown
1140076	1140141	23161	23096	NC_057379.1	utg000261l	100.0		True
unknown
1117116	1117181	64093	64028	NC_057379.1	utg000261l	100.0		True
unknown
1114412	1114532	66681	66561	NC_057379.1	utg000261l	96.69		True
unknown
1114090	1114200	67000	66890	NC_057379.1	utg000261l	99.1		True
unknown
CONTIG	utg000261l	86491	mis_unaligned
CONTIG	utg000700l	9349	unaligned
2033697	2033767	30020	30090	NC_057377.1	utg000275l	100.0		True
unknown
2034039	2034112	30363	30436	NC_057377.1	utg000275l	100.0		True
unknown
2036753	2036907	33041	33194	NC_057377.1	utg000275l	96.13		True
unknown
CONTIG	utg000275l	85306	mis_unaligned
672945	673019	26917	26991	NC_057380.1	utg000101l	98.67		True
unknown
673365	673469	27335	27439	NC_057380.1	utg000101l	96.19		True
unknown
676952	677074	30946	31068	NC_057380.1	utg000101l	99.19		True
unknown
CONTIG	utg000101l	96186	mis_unaligned
CONTIG	utg000451l	8475	unaligned
1434286	1434351	3873	3938	NC_057374.1	utg000105l	100.0		True
unknown
1434644	1434817	4183	4356	NC_057374.1	utg000105l	98.85		True
unknown
1434904	1434991	4440	4527	NC_057374.1	utg000105l	100.0		True
unknown
1477433	1477510	49684	49607	NC_057374.1	utg000105l	100.0		True
unknown
1474402	1474596	52476	52279	NC_057374.1	utg000105l	98.48		True
unknown
1469948	1470078	56908	56778	NC_057374.1	utg000105l	96.18		True
unknown
1469361	1469549	57489	57301	NC_057374.1	utg000105l	99.47		True
unknown
1464351	1464441	62850	62760	NC_057374.1	utg000105l	98.9		True
unknown
1464011	1464104	63180	63087	NC_057374.1	utg000105l	100.0		True
unknown
1508920	1509233	82216	82529	NC_057374.1	utg000105l	99.68		True
unknown
1509249	1509367	82545	82663	NC_057374.1	utg000105l	98.32		True
unknown
1510156	1510350	83448	83642	NC_057374.1	utg000105l	96.41		True
unknown
1510607	1510739	83879	84011	NC_057374.1	utg000105l	96.99		True
unknown
1520865	1520935	93962	94032	NC_057374.1	utg000105l	100.0		True
unknown
CONTIG	utg000105l	99692	mis_unaligned
CONTIG	utg000386l	9033	unaligned
1154986	1155080	29133	29039	NC_057380.1	utg000153l	100.0		True
unknown
1153811	1153933	30303	30181	NC_057380.1	utg000153l	99.19		True
unknown
1153453	1153657	30687	30483	NC_057380.1	utg000153l	98.05		True
unknown
1144127	1144212	40959	40874	NC_057380.1	utg000153l	100.0		True
unknown
1135493	1135598	49101	48996	NC_057380.1	utg000153l	99.06		True
unknown
1070275	1070414	92886	92747	NC_057380.1	utg000153l	98.57		True
unknown
1069324	1069442	93844	93726	NC_057380.1	utg000153l	98.32		True
unknown
1069153	1069250	94021	93924	NC_057380.1	utg000153l	98.98		True
unknown
CONTIG	utg000153l	96525	mis_unaligned
CONTIG	utg000693l	9596	unaligned
893802	893913	50726	50837	NC_057384.1	utg000009l	95.54		True
unknown
893914	894094	50839	51019	NC_057384.1	utg000009l	95.03		True
unknown
894207	894404	51138	51335	NC_057384.1	utg000009l	96.46		True
unknown
894500	894618	51428	51546	NC_057384.1	utg000009l	97.48		True
unknown
863098	863209	51658	51547	NC_057382.1	utg000009l	99.11		True
unknown
862883	862986	51878	51775	NC_057382.1	utg000009l	97.12		True
unknown
862513	862770	52245	51988	NC_057382.1	utg000009l	95.35		True
unknown
792970	793091	58572	58693	NC_057377.1	utg000009l	95.08		True
unknown
793282	793440	58886	59044	NC_057377.1	utg000009l	99.37		True
unknown
793641	793780	59242	59381	NC_057377.1	utg000009l	98.57		True
unknown
793865	794023	59461	59619	NC_057377.1	utg000009l	97.48		True
unknown
794225	794477	59813	60065	NC_057377.1	utg000009l	96.05		True
unknown
852676	852785	106349	106458	NC_057377.1	utg000009l	100.0		True
unknown
853167	853247	106814	106894	NC_057377.1	utg000009l	100.0		True
unknown
854413	854573	108061	108221	NC_057377.1	utg000009l	96.89		True
unknown
854807	854970	108450	108613	NC_057377.1	utg000009l	98.78		True
unknown
862542	862662	115217	115337	NC_057377.1	utg000009l	97.52		True
unknown
862885	862953	115568	115636	NC_057377.1	utg000009l	97.1		True
unknown
863006	863169	115690	115853	NC_057377.1	utg000009l	95.73		True
unknown
869565	869646	123059	123140	NC_057377.1	utg000009l	100.0		True
unknown
870006	870167	123508	123669	NC_057377.1	utg000009l	100.0		True
unknown
870815	870951	124295	124431	NC_057377.1	utg000009l	95.62		True
unknown
872412	872540	125901	126029	NC_057377.1	utg000009l	98.45		True
unknown
879529	879626	132882	132979	NC_057377.1	utg000009l	100.0		True
unknown
890361	890461	143736	143836	NC_057377.1	utg000009l	100.0		True
unknown
891416	891494	144789	144867	NC_057377.1	utg000009l	98.73		True
unknown
891976	892087	145357	145468	NC_057377.1	utg000009l	99.11		True
unknown
914584	914686	159738	159840	NC_057377.1	utg000009l	100.0		True
unknown
915948	916056	161083	161191	NC_057377.1	utg000009l	100.0		True
unknown
916226	916466	161350	161590	NC_057377.1	utg000009l	98.34		True
unknown
918596	918670	163499	163573	NC_057377.1	utg000009l	97.33		True
unknown
918959	919023	163844	163908	NC_057377.1	utg000009l	98.46		True
unknown
919419	919575	164298	164454	NC_057377.1	utg000009l	98.73		True
unknown
920128	920213	164999	165084	NC_057377.1	utg000009l	98.84		True
unknown
945547	945733	189752	189938	NC_057377.1	utg000009l	99.47		True
unknown
953627	953693	197651	197717	NC_057377.1	utg000009l	100.0		True
unknown
954773	954956	198789	198969	NC_057377.1	utg000009l	95.65		True
unknown
959763	959863	205527	205627	NC_057377.1	utg000009l	100.0		True
unknown
960729	960844	206477	206592	NC_057377.1	utg000009l	96.55		True
unknown
961239	961342	206962	207065	NC_057377.1	utg000009l	100.0		True
unknown
962927	963016	208515	208604	NC_057377.1	utg000009l	100.0		True
unknown
970781	970878	216381	216478	NC_057377.1	utg000009l	100.0		True
unknown
971055	971185	216660	216790	NC_057377.1	utg000009l	96.18		True
unknown
978177	978293	224485	224601	NC_057377.1	utg000009l	100.0		True
unknown
978443	978553	224759	224869	NC_057377.1	utg000009l	99.1		True
unknown
978744	978831	225066	225153	NC_057377.1	utg000009l	98.86		True
unknown
991011	991114	227338	227235	NC_057377.1	utg000009l	100.0		True
unknown
990411	990480	227890	227821	NC_057377.1	utg000009l	100.0		True
unknown
984682	984819	232949	232812	NC_057377.1	utg000009l	96.38		True
unknown
982009	982131	235480	235358	NC_057377.1	utg000009l	100.0		True
unknown
994262	994346	237490	237574	NC_057377.1	utg000009l	98.82		True
unknown
1001620	1001740	244685	244804	NC_057377.1	utg000009l	98.35		True
unknown
1002547	1002656	245603	245712	NC_057377.1	utg000009l	99.09		True
unknown
1002727	1002865	245780	245918	NC_057377.1	utg000009l	95.68		True
unknown
1002892	1003242	245950	246300	NC_057377.1	utg000009l	98.86		True
unknown
1003283	1003387	246345	246449	NC_057377.1	utg000009l	99.05		True
unknown
1005401	1005482	248478	248559	NC_057377.1	utg000009l	100.0		True
unknown
1007538	1007699	250630	250791	NC_057377.1	utg000009l	100.0		True
unknown
1048766	1048848	298402	298484	NC_057377.1	utg000009l	95.18		True
unknown
1048866	1048979	298500	298613	NC_057377.1	utg000009l	98.25		True
unknown
1049909	1050009	299565	299665	NC_057377.1	utg000009l	100.0		True
unknown
1058536	1058972	308217	308653	NC_057377.1	utg000009l	99.77		True
unknown
1061920	1062105	311701	311886	NC_057377.1	utg000009l	100.0		True
unknown
1065868	1065975	315576	315683	NC_057377.1	utg000009l	100.0		True
unknown
1067614	1067689	317300	317375	NC_057377.1	utg000009l	100.0		True
unknown
1068566	1068637	318277	318348	NC_057377.1	utg000009l	100.0		True
unknown
1068695	1068850	318405	318560	NC_057377.1	utg000009l	100.0		True
unknown
1070248	1070329	319900	319981	NC_057377.1	utg000009l	100.0		True
unknown
1070876	1071081	320532	320737	NC_057377.1	utg000009l	96.6		True
unknown
1071120	1071234	320779	320893	NC_057377.1	utg000009l	96.52		True
unknown
1071346	1071457	321010	321121	NC_057377.1	utg000009l	100.0		True
unknown
1092945	1093033	343550	343638	NC_057377.1	utg000009l	100.0		True
unknown
1093074	1093161	343674	343761	NC_057377.1	utg000009l	95.45		True
unknown
1093409	1093494	343982	344067	NC_057377.1	utg000009l	97.67		True
unknown
1096044	1096115	346490	346561	NC_057377.1	utg000009l	100.0		True
unknown
1099410	1099513	349751	349854	NC_057377.1	utg000009l	100.0		True
unknown
1105218	1105392	355391	355565	NC_057377.1	utg000009l	96.57		True
unknown
1105725	1105800	355893	355968	NC_057377.1	utg000009l	100.0		True
unknown
1106258	1106426	356426	356594	NC_057377.1	utg000009l	97.63		True
unknown
1147436	1147555	390363	390481	NC_057377.1	utg000009l	96.67		True
unknown
1148532	1148609	391452	391529	NC_057377.1	utg000009l	100.0		True
unknown
1148677	1148797	391599	391719	NC_057377.1	utg000009l	98.35		True
unknown
1148927	1149028	391852	391953	NC_057377.1	utg000009l	99.02		True
unknown
1149116	1149267	392036	392187	NC_057377.1	utg000009l	98.03		True
unknown
1151543	1151634	394425	394516	NC_057377.1	utg000009l	96.74		True
unknown
1155347	1155446	398216	398315	NC_057377.1	utg000009l	100.0		True
unknown
1156390	1156495	399260	399365	NC_057377.1	utg000009l	99.06		True
unknown
1156939	1157025	399822	399908	NC_057377.1	utg000009l	100.0		True
unknown
1157125	1157240	400008	400123	NC_057377.1	utg000009l	99.14		True
unknown
1159660	1159738	402428	402506	NC_057377.1	utg000009l	100.0		True
unknown
1166618	1166718	409390	409490	NC_057377.1	utg000009l	100.0		True
unknown
1182724	1182898	425425	425599	NC_057377.1	utg000009l	99.43		True
unknown
1187189	1187301	429786	429898	NC_057377.1	utg000009l	100.0		True
unknown
1194933	1195049	437445	437561	NC_057377.1	utg000009l	100.0		True
unknown
1199460	1199547	441921	442008	NC_057377.1	utg000009l	100.0		True
unknown
1200563	1200648	443012	443097	NC_057377.1	utg000009l	100.0		True
unknown
1206873	1206959	446163	446249	NC_057377.1	utg000009l	98.85		True
unknown
1209182	1209312	448394	448524	NC_057377.1	utg000009l	96.95		True
unknown
1210955	1211050	450207	450302	NC_057377.1	utg000009l	98.96		True
unknown
1215149	1215254	454237	454342	NC_057377.1	utg000009l	100.0		True
unknown
1218222	1218319	457312	457409	NC_057377.1	utg000009l	98.98		True
unknown
1225221	1225370	464265	464414	NC_057377.1	utg000009l	98.0		True
unknown
1225578	1225670	464625	464717	NC_057377.1	utg000009l	100.0		True
unknown
1233261	1233353	472086	472178	NC_057377.1	utg000009l	98.92		True
unknown
1234034	1234218	472859	473043	NC_057377.1	utg000009l	98.38		True
unknown
1234611	1234678	473360	473427	NC_057377.1	utg000009l	100.0		True
unknown
1235237	1235303	473951	474017	NC_057377.1	utg000009l	100.0		True
unknown
1240955	1241337	479647	480033	NC_057377.1	utg000009l	95.87		True
unknown
1242512	1242700	481158	481346	NC_057377.1	utg000009l	99.47		True
unknown
1243149	1243311	481741	481903	NC_057377.1	utg000009l	100.0		True
unknown
1245775	1245854	484282	484361	NC_057377.1	utg000009l	100.0		True
unknown
1246696	1246914	485190	485408	NC_057377.1	utg000009l	100.0		True
unknown
1247191	1247286	485690	485785	NC_057377.1	utg000009l	97.92		True
unknown
1277364	1277464	516953	517053	NC_057377.1	utg000009l	100.0		True
unknown
1279234	1279367	518801	518934	NC_057377.1	utg000009l	97.01		True
unknown
1279675	1279794	519243	519362	NC_057377.1	utg000009l	100.0		True
unknown
1280757	1280894	520317	520451	NC_057377.1	utg000009l	97.1		True
unknown
1281641	1281739	521197	521295	NC_057377.1	utg000009l	100.0		True
unknown
1327368	1327464	555858	555954	NC_057377.1	utg000009l	100.0		True
unknown
1330291	1330386	558912	559007	NC_057377.1	utg000009l	98.96		True
unknown
1338211	1338371	566847	567007	NC_057377.1	utg000009l	100.0		True
unknown
1340876	1341005	569467	569596	NC_057377.1	utg000009l	97.69		True
unknown
1347054	1347220	576205	576371	NC_057377.1	utg000009l	100.0		True
unknown
1348623	1348868	577959	578204	NC_057377.1	utg000009l	99.59		True
unknown
1349554	1349696	578858	579000	NC_057377.1	utg000009l	100.0		True
unknown
1358405	1358505	587611	587711	NC_057377.1	utg000009l	100.0		True
unknown
1359402	1359489	588600	588687	NC_057377.1	utg000009l	100.0		True
unknown
1361041	1361117	590217	590293	NC_057377.1	utg000009l	97.4		True
unknown
1361164	1361294	590340	590470	NC_057377.1	utg000009l	96.95		True
unknown
1362095	1362185	591284	591374	NC_057377.1	utg000009l	100.0		True
unknown
1362837	1362962	592037	592164	NC_057377.1	utg000009l	98.44		True
unknown
1363448	1363512	592650	592714	NC_057377.1	utg000009l	100.0		True
unknown
1365293	1365399	594520	594626	NC_057377.1	utg000009l	100.0		True
unknown
1380635	1380732	604783	604880	NC_057377.1	utg000009l	98.98		True
unknown
1383198	1383302	607185	607289	NC_057377.1	utg000009l	99.05		True
unknown
1387606	1387677	611454	611525	NC_057377.1	utg000009l	97.22		True
unknown
1387801	1387867	611639	611705	NC_057377.1	utg000009l	100.0		True
unknown
1389436	1389520	613282	613366	NC_057377.1	utg000009l	100.0		True
unknown
1392130	1392232	615966	616068	NC_057377.1	utg000009l	100.0		True
unknown
1398853	1399037	630093	630277	NC_057377.1	utg000009l	100.0		True
unknown
1400246	1400318	631487	631559	NC_057377.1	utg000009l	100.0		True
unknown
1401339	1401435	632574	632670	NC_057377.1	utg000009l	100.0		True
unknown
1402130	1402305	633367	633542	NC_057377.1	utg000009l	100.0		True
unknown
1449064	1449178	675251	675365	NC_057377.1	utg000009l	100.0		True
unknown
1451409	1451511	677499	677601	NC_057377.1	utg000009l	100.0		True
unknown
1451550	1451621	677639	677710	NC_057377.1	utg000009l	100.0		True
unknown
1452525	1452593	678678	678746	NC_057377.1	utg000009l	100.0		True
unknown
1454256	1454348	680388	680480	NC_057377.1	utg000009l	100.0		True
unknown
1455888	1455962	681974	682048	NC_057377.1	utg000009l	100.0		True
unknown
1456489	1456651	682577	682739	NC_057377.1	utg000009l	99.39		True
unknown
1472782	1472852	698677	698747	NC_057377.1	utg000009l	100.0		True
unknown
1552553	1552644	778760	778851	NC_057377.1	utg000009l	100.0		True
unknown
1554219	1554305	780435	780521	NC_057377.1	utg000009l	100.0		True
unknown
1556074	1556173	782283	782382	NC_057377.1	utg000009l	96.0		True
unknown
1569458	1569557	795664	795763	NC_057377.1	utg000009l	99.0		True
unknown
1618881	1618968	844540	844627	NC_057377.1	utg000009l	97.73		True
unknown
1618973	1619084	844634	844745	NC_057377.1	utg000009l	98.21		True
unknown
1620522	1620621	846188	846287	NC_057377.1	utg000009l	100.0		True
unknown
1632655	1632727	858738	858810	NC_057377.1	utg000009l	100.0		True
unknown
CONTIG	utg000009l	891976	mis_unaligned
CONTIG	utg000230l	9760	unaligned
949864	949949	72926	72841	NC_057382.1	utg000126l	100.0		True
unknown
948793	948878	74018	73933	NC_057382.1	utg000126l	100.0		True
unknown
946202	946311	76633	76524	NC_057382.1	utg000126l	100.0		True
unknown
CONTIG	utg000126l	99004	mis_unaligned
CONTIG	utg000712l	9753	unaligned
2816564	2816671	72262	72155	NC_057371.1	utg000001l	98.15		True
unknown
2815657	2815758	73150	73049	NC_057371.1	utg000001l	99.02		True
unknown
2814659	2814723	74141	74077	NC_057371.1	utg000001l	100.0		True
unknown
2589957	2590034	189013	188936	NC_057371.1	utg000001l	98.72		True
unknown
2589786	2589855	189199	189130	NC_057371.1	utg000001l	98.57		True
unknown
2586237	2586340	192659	192556	NC_057371.1	utg000001l	99.04		True
unknown
2585125	2585216	193747	193656	NC_057371.1	utg000001l	100.0		True
unknown
2301491	2301584	384198	384105	NC_057371.1	utg000001l	100.0		True
unknown
2300254	2300345	385437	385346	NC_057371.1	utg000001l	100.0		True
unknown
2298958	2299160	386731	386529	NC_057371.1	utg000001l	100.0		True
unknown
2296560	2296704	389097	388953	NC_057371.1	utg000001l	96.55		True
unknown
2296170	2296292	389489	389367	NC_057371.1	utg000001l	97.56		True
unknown
2286754	2286845	399364	399273	NC_057371.1	utg000001l	100.0		True
unknown
2271546	2271617	411448	411377	NC_057371.1	utg000001l	100.0		True
unknown
2271255	2271352	411757	411660	NC_057371.1	utg000001l	100.0		True
unknown
2270238	2270324	412764	412678	NC_057371.1	utg000001l	96.55		True
unknown
2270066	2270133	412931	412864	NC_057371.1	utg000001l	100.0		True
unknown
2180742	2180877	451892	451757	NC_057371.1	utg000001l	100.0		True
unknown
2178080	2178213	454636	454503	NC_057371.1	utg000001l	97.76		True
unknown
2176457	2176534	456304	456227	NC_057371.1	utg000001l	98.72		True
unknown
2175940	2176101	456832	456671	NC_057371.1	utg000001l	100.0		True
unknown
2175125	2175279	457660	457506	NC_057371.1	utg000001l	99.35		True
unknown
2173866	2174000	458952	458818	NC_057371.1	utg000001l	98.52		True
unknown
2173704	2173805	459122	459021	NC_057371.1	utg000001l	98.04		True
unknown
2173074	2173188	459768	459654	NC_057371.1	utg000001l	100.0		True
unknown
2172439	2172515	460411	460335	NC_057371.1	utg000001l	100.0		True
unknown
2170367	2170523	462541	462385	NC_057371.1	utg000001l	98.09		True
unknown
2168073	2168165	464922	464830	NC_057371.1	utg000001l	100.0		True
unknown
2167118	2167326	465873	465665	NC_057371.1	utg000001l	96.65		True
unknown
2166616	2166685	466399	466330	NC_057371.1	utg000001l	98.57		True
unknown
2165312	2165405	467739	467646	NC_057371.1	utg000001l	100.0		True
unknown
2164818	2164991	468252	468079	NC_057371.1	utg000001l	100.0		True
unknown
2162371	2162851	470812	470336	NC_057371.1	utg000001l	95.08		True
unknown
2161893	2162069	471296	471120	NC_057371.1	utg000001l	96.61		True
unknown
2161158	2161272	472030	471916	NC_057371.1	utg000001l	100.0		True
unknown
2160462	2160663	472724	472521	NC_057371.1	utg000001l	97.07		True
unknown
2159184	2159286	474011	473909	NC_057371.1	utg000001l	99.03		True
unknown
2158742	2158822	474448	474368	NC_057371.1	utg000001l	100.0		True
unknown
2155936	2156045	477409	477300	NC_057371.1	utg000001l	99.09		True
unknown
2152435	2152518	480454	480371	NC_057371.1	utg000001l	100.0		True
unknown
2150890	2150972	481972	481890	NC_057371.1	utg000001l	100.0		True
unknown
2150443	2150525	482411	482329	NC_057371.1	utg000001l	98.8		True
unknown
2147038	2147154	485021	484905	NC_057371.1	utg000001l	100.0		True
unknown
2146527	2146655	485535	485407	NC_057371.1	utg000001l	98.45		True
unknown
2146005	2146145	486053	485913	NC_057371.1	utg000001l	100.0		True
unknown
2145742	2145853	486307	486196	NC_057371.1	utg000001l	99.11		True
unknown
2143075	2143153	488596	488518	NC_057371.1	utg000001l	100.0		True
unknown
2142923	2143018	488734	488639	NC_057371.1	utg000001l	98.96		True
unknown
2094003	2094185	527146	526960	NC_057371.1	utg000001l	96.79		True
unknown
2078517	2078631	542318	542204	NC_057371.1	utg000001l	97.39		True
unknown
2075778	2075918	545037	544897	NC_057371.1	utg000001l	97.87		True
unknown
2073710	2073775	547107	547042	NC_057371.1	utg000001l	96.97		True
unknown
2072943	2073026	547900	547817	NC_057371.1	utg000001l	100.0		True
unknown
2072250	2072325	548602	548527	NC_057371.1	utg000001l	100.0		True
unknown
2065860	2065964	556357	556253	NC_057371.1	utg000001l	100.0		True
unknown
2055250	2055366	566882	566766	NC_057371.1	utg000001l	100.0		True
unknown
2049836	2049907	572368	572297	NC_057371.1	utg000001l	100.0		True
unknown
2048543	2048664	573496	573375	NC_057371.1	utg000001l	100.0		True
unknown
2047237	2047323	574784	574698	NC_057371.1	utg000001l	98.85		True
unknown
2046272	2046538	575754	575488	NC_057371.1	utg000001l	97.0		True
unknown
2046033	2046251	575991	575773	NC_057371.1	utg000001l	98.17		True
unknown
2045775	2045934	576253	576094	NC_057371.1	utg000001l	98.12		True
unknown
2045565	2045727	576455	576293	NC_057371.1	utg000001l	99.39		True
unknown
2045431	2045500	576587	576518	NC_057371.1	utg000001l	100.0		True
unknown
2020660	2020783	594716	594593	NC_057371.1	utg000001l	100.0		True
unknown
2014668	2014814	600798	600652	NC_057371.1	utg000001l	100.0		True
unknown
2000731	2000796	614783	614718	NC_057371.1	utg000001l	100.0		True
unknown
1997284	1997381	616747	616650	NC_057371.1	utg000001l	96.94		True
unknown
1996955	1997040	617069	616984	NC_057371.1	utg000001l	100.0		True
unknown
1995391	1995486	618636	618541	NC_057371.1	utg000001l	100.0		True
unknown
1994154	1994301	619842	619695	NC_057371.1	utg000001l	95.95		True
unknown
1993891	1993977	620108	620022	NC_057371.1	utg000001l	95.4		True
unknown
1993326	1993418	620675	620583	NC_057371.1	utg000001l	97.85		True
unknown
1991795	1991882	622191	622104	NC_057371.1	utg000001l	100.0		True
unknown
1985332	1985422	629988	629898	NC_057371.1	utg000001l	98.9		True
unknown
1983775	1984017	631537	631295	NC_057371.1	utg000001l	98.77		True
unknown
1979459	1979525	638892	638826	NC_057371.1	utg000001l	100.0		True
unknown
1976040	1976167	641530	641403	NC_057371.1	utg000001l	100.0		True
unknown
1974392	1974532	643174	643034	NC_057371.1	utg000001l	99.29		True
unknown
1973126	1973237	644447	644336	NC_057371.1	utg000001l	96.43		True
unknown
1972648	1972724	644929	644853	NC_057371.1	utg000001l	100.0		True
unknown
1886261	1886345	669702	669620	NC_057371.1	utg000001l	97.65		True
unknown
1885472	1885579	670498	670391	NC_057371.1	utg000001l	100.0		True
unknown
1881519	1881619	674419	674319	NC_057371.1	utg000001l	100.0		True
unknown
1880062	1880226	675841	675677	NC_057371.1	utg000001l	98.79		True
unknown
1879630	1879782	676268	676116	NC_057371.1	utg000001l	98.04		True
unknown
1879476	1879584	676448	676340	NC_057371.1	utg000001l	100.0		True
unknown
1873470	1873575	682469	682364	NC_057371.1	utg000001l	95.28		True
unknown
1869880	1870056	685928	685752	NC_057371.1	utg000001l	100.0		True
unknown
1869780	1869859	686027	685948	NC_057371.1	utg000001l	100.0		True
unknown
1869570	1869675	686238	686133	NC_057371.1	utg000001l	100.0		True
unknown
1866903	1867012	688846	688737	NC_057371.1	utg000001l	98.18		True
unknown
1865051	1865122	690674	690603	NC_057371.1	utg000001l	100.0		True
unknown
2143222	2143326	704000	704104	NC_057375.1	utg000001l	95.24		True
unknown
2143332	2143992	704105	704765	NC_057375.1	utg000001l	96.82		True
unknown
2143994	2144520	704766	705292	NC_057375.1	utg000001l	95.45		True
unknown
1843491	1843606	710972	710857	NC_057371.1	utg000001l	97.41		True
unknown
1843341	1843484	711122	710979	NC_057371.1	utg000001l	95.83		True
unknown
1842951	1843142	711511	711320	NC_057371.1	utg000001l	100.0		True
unknown
1842614	1842692	711839	711761	NC_057371.1	utg000001l	100.0		True
unknown
1840849	1840944	713532	713437	NC_057371.1	utg000001l	100.0		True
unknown
1805653	1805723	743148	743218	NC_057371.1	utg000001l	100.0		True
unknown
1813730	1813891	751725	751886	NC_057371.1	utg000001l	100.0		True
unknown
1814762	1814857	752775	752870	NC_057371.1	utg000001l	98.96		True
unknown
1815917	1815983	753935	754001	NC_057371.1	utg000001l	100.0		True
unknown
1816456	1816593	754471	754608	NC_057371.1	utg000001l	100.0		True
unknown
1818399	1818520	756320	756441	NC_057371.1	utg000001l	100.0		True
unknown
1819908	1819989	757802	757883	NC_057371.1	utg000001l	100.0		True
unknown
1791104	1791207	773624	773521	NC_057371.1	utg000001l	100.0		True
unknown
1789278	1789399	775421	775300	NC_057371.1	utg000001l	100.0		True
unknown
1788562	1788663	776149	776048	NC_057371.1	utg000001l	98.04		True
unknown
1788375	1788439	776328	776264	NC_057371.1	utg000001l	96.92		True
unknown
1786688	1786788	778017	777917	NC_057371.1	utg000001l	99.01		True
unknown
1785589	1785668	779133	779054	NC_057371.1	utg000001l	100.0		True
unknown
1782985	1783098	781689	781576	NC_057371.1	utg000001l	99.12		True
unknown
1782811	1782890	781867	781788	NC_057371.1	utg000001l	97.5		True
unknown
1782564	1782647	782098	782015	NC_057371.1	utg000001l	95.24		True
unknown
1782443	1782563	782220	782100	NC_057371.1	utg000001l	100.0		True
unknown
1782202	1782287	782445	782360	NC_057371.1	utg000001l	100.0		True
unknown
1775259	1775378	788991	788872	NC_057371.1	utg000001l	100.0		True
unknown
1774664	1774768	789574	789470	NC_057371.1	utg000001l	99.05		True
unknown
1773871	1773967	790357	790261	NC_057371.1	utg000001l	100.0		True
unknown
1772702	1772908	791497	791291	NC_057371.1	utg000001l	98.55		True
unknown
1772230	1772353	791960	791837	NC_057371.1	utg000001l	97.58		True
unknown
1771924	1772194	792264	791994	NC_057371.1	utg000001l	98.15		True
unknown
1765552	1765688	798520	798384	NC_057371.1	utg000001l	100.0		True
unknown
1764918	1765020	799149	799047	NC_057371.1	utg000001l	99.03		True
unknown
1764571	1764646	799519	799444	NC_057371.1	utg000001l	100.0		True
unknown
1759907	1759985	804124	804046	NC_057371.1	utg000001l	100.0		True
unknown
1754583	1754679	809522	809426	NC_057371.1	utg000001l	98.97		True
unknown
1751739	1751905	812304	812138	NC_057371.1	utg000001l	100.0		True
unknown
1743862	1744023	820216	820055	NC_057371.1	utg000001l	99.38		True
unknown
1740166	1740248	823892	823810	NC_057371.1	utg000001l	100.0		True
unknown
1739080	1739163	824981	824898	NC_057371.1	utg000001l	100.0		True
unknown
1737484	1737584	826615	826515	NC_057371.1	utg000001l	100.0		True
unknown
1736611	1736725	827492	827378	NC_057371.1	utg000001l	97.39		True
unknown
1736078	1736260	828022	827840	NC_057371.1	utg000001l	95.63		True
unknown
1735339	1735421	828751	828669	NC_057371.1	utg000001l	97.59		True
unknown
1735186	1735303	828904	828787	NC_057371.1	utg000001l	100.0		True
unknown
1734307	1734521	829757	829543	NC_057371.1	utg000001l	97.21		True
unknown
1733695	1733956	830364	830103	NC_057371.1	utg000001l	98.85		True
unknown
1733008	1733108	831044	830944	NC_057371.1	utg000001l	99.01		True
unknown
1730807	1730895	833224	833136	NC_057371.1	utg000001l	100.0		True
unknown
1727031	1727145	837000	836886	NC_057371.1	utg000001l	100.0		True
unknown
1726160	1726239	837884	837805	NC_057371.1	utg000001l	98.75		True
unknown
1725866	1725986	838177	838057	NC_057371.1	utg000001l	95.87		True
unknown
1723662	1723756	840366	840272	NC_057371.1	utg000001l	98.95		True
unknown
1723434	1723525	840587	840496	NC_057371.1	utg000001l	100.0		True
unknown
1719696	1719776	844267	844187	NC_057371.1	utg000001l	98.77		True
unknown
1718736	1718849	845199	845086	NC_057371.1	utg000001l	100.0		True
unknown
1718474	1718640	845459	845293	NC_057371.1	utg000001l	97.6		True
unknown
1715168	1715242	846493	846419	NC_057371.1	utg000001l	98.67		True
unknown
1714951	1715110	846711	846552	NC_057371.1	utg000001l	95.0		True
unknown
1713907	1714011	847718	847614	NC_057371.1	utg000001l	100.0		True
unknown
1713533	1713602	848088	848019	NC_057371.1	utg000001l	100.0		True
unknown
1712737	1712882	848874	848729	NC_057371.1	utg000001l	100.0		True
unknown
1708439	1708548	853113	853004	NC_057371.1	utg000001l	100.0		True
unknown
1707937	1708007	853612	853542	NC_057371.1	utg000001l	100.0		True
unknown
1706200	1706306	855340	855234	NC_057371.1	utg000001l	96.26		True
unknown
1704737	1704830	856819	856726	NC_057371.1	utg000001l	98.94		True
unknown
CONTIG	utg000001l	903463	mis_unaligned
269896	270013	3141	3024	NC_057379.1	utg000334l	100.0		True
unknown
261590	261696	11890	11784	NC_057379.1	utg000334l	100.0		True
unknown
261092	261245	12394	12241	NC_057379.1	utg000334l	99.35		True
unknown
255357	255467	17531	17421	NC_057379.1	utg000334l	100.0		True
unknown
188657	188777	70129	70009	NC_057379.1	utg000334l	95.87		True
unknown
185393	185578	73392	73207	NC_057379.1	utg000334l	97.85		True
unknown
CONTIG	utg000334l	96328	mis_unaligned
CONTIG	utg000753l	9603	unaligned
533265	533396	78462	78593	NC_057375.1	utg000224l	99.24		True
unknown
533407	533493	78594	78680	NC_057375.1	utg000224l	97.7		True
unknown
533815	534016	79007	79208	NC_057375.1	utg000224l	99.01		True
unknown
536640	536746	81831	81937	NC_057375.1	utg000224l	100.0		True
unknown
CONTIG	utg000224l	84900	mis_unaligned
CONTIG	utg000434l	9073	unaligned
CONTIG	utg000202l	9044	unaligned
CONTIG	utg000698l	9007	unaligned
240481	240603	83474	83596	NC_057380.1	utg000045l	95.93		True
unknown
241738	241859	84730	84851	NC_057380.1	utg000045l	100.0		True
unknown
CONTIG	utg000045l	85226	mis_unaligned
CONTIG	utg000207l	96427	unaligned
CONTIG	utg000650l	90521	unaligned
CONTIG	utg000130l	94611	unaligned
1106520	1106625	27872	27767	NC_057379.1	utg000068l	100.0		True
unknown
1104873	1104975	29518	29416	NC_057379.1	utg000068l	100.0		True
unknown
CONTIG	utg000068l	89020	mis_unaligned
CONTIG	utg000627l	84939	unaligned
CONTIG	utg000484l	91397	unaligned
CONTIG	utg000805l	9689	unaligned
CONTIG	utg000767l	9414	unaligned
CONTIG	utg000649l	8776	unaligned
CONTIG	utg000368l	8519	unaligned
CONTIG	utg000790l	8960	unaligned
1024934	1025028	8928	8834	NC_057384.1	utg000382l	100.0		True
unknown
1023761	1023825	10104	10040	NC_057384.1	utg000382l	100.0		True
unknown
1023288	1023391	10586	10483	NC_057384.1	utg000382l	100.0		True
unknown
1022813	1022977	11076	10912	NC_057384.1	utg000382l	96.97		True
unknown
1022125	1022255	11780	11648	NC_057384.1	utg000382l	98.5		True
unknown
1019884	1019961	14015	13938	NC_057384.1	utg000382l	98.72		True
unknown
1016461	1016534	17428	17354	NC_057384.1	utg000382l	98.67		True
unknown
1006578	1006733	31463	31308	NC_057384.1	utg000382l	98.72		True
unknown
1004416	1004511	33712	33617	NC_057384.1	utg000382l	100.0		True
unknown
1002661	1002727	35377	35311	NC_057384.1	utg000382l	100.0		True
unknown
973515	973616	65957	65856	NC_057384.1	utg000382l	100.0		True
unknown
967685	967796	71876	71765	NC_057384.1	utg000382l	99.11		True
unknown
963034	963217	76332	76149	NC_057384.1	utg000382l	95.65		True
unknown
962523	962599	76832	76756	NC_057384.1	utg000382l	100.0		True
unknown
961614	961688	77969	77896	NC_057384.1	utg000382l	98.67		True
unknown
CONTIG	utg000382l	92652	mis_unaligned
230401	230496	17708	17803	NC_057378.1	utg000178l	100.0		True
unknown
231372	231521	18685	18834	NC_057378.1	utg000178l	98.67		True
unknown
232795	232877	20108	20190	NC_057378.1	utg000178l	100.0		True
unknown
1956183	1956531	86962	87310	NC_057379.1	utg000178l	98.85		True
unknown
CONTIG	utg000178l	87758	mis_unaligned
99256	99368	80482	80370	NC_057374.1	utg000360l	96.46		True
unknown
97164	97254	82566	82476	NC_057374.1	utg000360l	100.0		True
unknown
CONTIG	utg000360l	88804	mis_unaligned
CONTIG	utg000369l	87854	unaligned
CONTIG	utg000018l	9446	unaligned
CONTIG	utg000460l	90778	unaligned
1637472	1637574	29590	29488	NC_057377.1	utg000166l	100.0		True
unknown
1636950	1637051	30104	30003	NC_057377.1	utg000166l	100.0		True
unknown
1636840	1636906	30215	30149	NC_057377.1	utg000166l	100.0		True
unknown
1636460	1636546	30591	30505	NC_057377.1	utg000166l	100.0		True
unknown
1631593	1631707	35381	35267	NC_057377.1	utg000166l	100.0		True
unknown
CONTIG	utg000166l	88077	mis_unaligned
CONTIG	utg000751l	11662	unaligned
CONTIG	utg000469l	12659	unaligned
1708402	1708548	2421	2275	NC_057371.1	utg000040l	100.0		True
unknown
1707239	1707368	3574	3445	NC_057371.1	utg000040l	96.15		True
unknown
1705996	1706081	4818	4733	NC_057371.1	utg000040l	100.0		True
unknown
1701119	1701212	9721	9628	NC_057371.1	utg000040l	100.0		True
unknown
1696064	1696249	13228	13043	NC_057371.1	utg000040l	98.39		True
unknown
1695746	1695850	13543	13439	NC_057371.1	utg000040l	100.0		True
unknown
1689535	1689607	18731	18659	NC_057371.1	utg000040l	98.63		True
unknown
1689238	1689435	19027	18830	NC_057371.1	utg000040l	97.47		True
unknown
1687679	1687750	20557	20486	NC_057371.1	utg000040l	97.22		True
unknown
1687180	1687329	21067	20918	NC_057371.1	utg000040l	100.0		True
unknown
1683425	1683582	22981	22823	NC_057371.1	utg000040l	98.74		True
unknown
1682221	1682327	24176	24070	NC_057371.1	utg000040l	96.26		True
unknown
1679054	1679197	27367	27223	NC_057371.1	utg000040l	99.31		True
unknown
1673967	1674063	29990	29894	NC_057371.1	utg000040l	100.0		True
unknown
1669469	1669599	34493	34363	NC_057371.1	utg000040l	98.47		True
unknown
1668703	1668775	35266	35194	NC_057371.1	utg000040l	100.0		True
unknown
1665707	1665795	38249	38161	NC_057371.1	utg000040l	100.0		True
unknown
1664404	1664468	39543	39479	NC_057371.1	utg000040l	100.0		True
unknown
1663049	1663127	40898	40820	NC_057371.1	utg000040l	97.47		True
unknown
1662808	1662939	41128	40997	NC_057371.1	utg000040l	99.24		True
unknown
1660663	1660836	43253	43080	NC_057371.1	utg000040l	100.0		True
unknown
1656240	1656362	49880	49758	NC_057371.1	utg000040l	99.19		True
unknown
1653791	1653859	52343	52275	NC_057371.1	utg000040l	98.55		True
unknown
1653316	1653477	52816	52655	NC_057371.1	utg000040l	96.3		True
unknown
1653168	1653241	52970	52897	NC_057371.1	utg000040l	100.0		True
unknown
1652543	1652853	53587	53277	NC_057371.1	utg000040l	97.11		True
unknown
1649074	1649153	56916	56837	NC_057371.1	utg000040l	100.0		True
unknown
1648823	1648888	57158	57093	NC_057371.1	utg000040l	100.0		True
unknown
1644983	1645066	61086	61003	NC_057371.1	utg000040l	100.0		True
unknown
1644866	1644948	61204	61122	NC_057371.1	utg000040l	98.8		True
unknown
1638200	1638271	67642	67571	NC_057371.1	utg000040l	98.61		True
unknown
1635991	1636079	69853	69765	NC_057371.1	utg000040l	100.0		True
unknown
1633452	1633532	72402	72322	NC_057371.1	utg000040l	100.0		True
unknown
1630984	1631049	74612	74547	NC_057371.1	utg000040l	100.0		True
unknown
1629708	1629849	75918	75777	NC_057371.1	utg000040l	100.0		True
unknown
1618401	1618513	90356	90244	NC_057371.1	utg000040l	99.12		True
unknown
1617852	1618029	90897	90720	NC_057371.1	utg000040l	98.88		True
unknown
1616921	1617044	91848	91725	NC_057371.1	utg000040l	99.19		True
unknown
1616035	1616158	92732	92609	NC_057371.1	utg000040l	99.19		True
unknown
1615586	1615676	93185	93095	NC_057371.1	utg000040l	100.0		True
unknown
1615453	1615541	93320	93232	NC_057371.1	utg000040l	97.75		True
unknown
1614030	1614124	94769	94675	NC_057371.1	utg000040l	100.0		True
unknown
1607452	1607563	101224	101113	NC_057371.1	utg000040l	100.0		True
unknown
1607264	1607369	101412	101307	NC_057371.1	utg000040l	100.0		True
unknown
1606603	1606748	102069	101924	NC_057371.1	utg000040l	100.0		True
unknown
1599434	1599573	109216	109077	NC_057371.1	utg000040l	100.0		True
unknown
1593735	1593865	114798	114668	NC_057371.1	utg000040l	98.47		True
unknown
1589238	1589335	119305	119208	NC_057371.1	utg000040l	100.0		True
unknown
1581960	1582105	126434	126289	NC_057371.1	utg000040l	100.0		True
unknown
1581311	1581480	127078	126909	NC_057371.1	utg000040l	97.06		True
unknown
1579000	1579084	129205	129121	NC_057371.1	utg000040l	100.0		True
unknown
1577639	1577761	130879	130757	NC_057371.1	utg000040l	97.56		True
unknown
1576199	1576276	132320	132243	NC_057371.1	utg000040l	100.0		True
unknown
1572114	1572236	136496	136374	NC_057371.1	utg000040l	100.0		True
unknown
1568695	1568997	139565	139263	NC_057371.1	utg000040l	95.38		True
unknown
1568510	1568691	139750	139569	NC_057371.1	utg000040l	99.45		True
unknown
1568091	1568498	140168	139761	NC_057371.1	utg000040l	97.06		True
unknown
1567635	1567902	140612	140345	NC_057371.1	utg000040l	99.63		True
unknown
1567019	1567119	141216	141118	NC_057371.1	utg000040l	98.02		True
unknown
1566550	1566615	141669	141604	NC_057371.1	utg000040l	100.0		True
unknown
1565862	1566099	142352	142115	NC_057371.1	utg000040l	99.58		True
unknown
1565453	1565603	142743	142593	NC_057371.1	utg000040l	99.34		True
unknown
1564957	1565047	143236	143146	NC_057371.1	utg000040l	100.0		True
unknown
1564572	1564699	143587	143460	NC_057371.1	utg000040l	100.0		True
unknown
1563337	1563524	144785	144598	NC_057371.1	utg000040l	99.47		True
unknown
1563078	1563301	145049	144826	NC_057371.1	utg000040l	99.55		True
unknown
1562765	1562964	145362	145163	NC_057371.1	utg000040l	98.5		True
unknown
1562334	1562426	145794	145702	NC_057371.1	utg000040l	100.0		True
unknown
1562066	1562166	146060	145960	NC_057371.1	utg000040l	100.0		True
unknown
1561511	1561671	146602	146442	NC_057371.1	utg000040l	100.0		True
unknown
1559848	1560051	148236	148033	NC_057371.1	utg000040l	98.53		True
unknown
1559093	1559229	148989	148853	NC_057371.1	utg000040l	97.08		True
unknown
1558914	1558997	149171	149088	NC_057371.1	utg000040l	97.62		True
unknown
1558730	1558823	149350	149257	NC_057371.1	utg000040l	100.0		True
unknown
1551001	1551105	157194	157090	NC_057371.1	utg000040l	98.1		True
unknown
1542651	1542760	165715	165606	NC_057371.1	utg000040l	100.0		True
unknown
1529159	1529223	180394	180330	NC_057371.1	utg000040l	100.0		True
unknown
1528582	1528666	180963	180879	NC_057371.1	utg000040l	100.0		True
unknown
1524087	1524177	185369	185279	NC_057371.1	utg000040l	98.9		True
unknown
1523970	1524048	185485	185407	NC_057371.1	utg000040l	96.2		True
unknown
1523766	1523888	185698	185576	NC_057371.1	utg000040l	100.0		True
unknown
1523354	1523480	186118	185992	NC_057371.1	utg000040l	95.28		True
unknown
1523024	1523243	186450	186231	NC_057371.1	utg000040l	97.73		True
unknown
1518260	1518355	191229	191134	NC_057371.1	utg000040l	100.0		True
unknown
1512999	1513182	196403	196220	NC_057371.1	utg000040l	99.46		True
unknown
1511738	1511919	197667	197487	NC_057371.1	utg000040l	99.45		True
unknown
1508490	1508588	200845	200747	NC_057371.1	utg000040l	100.0		True
unknown
1505587	1505678	203666	203575	NC_057371.1	utg000040l	100.0		True
unknown
1500393	1500473	210505	210425	NC_057371.1	utg000040l	100.0		True
unknown
1493656	1493740	217196	217112	NC_057371.1	utg000040l	97.65		True
unknown
1492883	1492985	217983	217881	NC_057371.1	utg000040l	99.03		True
unknown
1492661	1492754	218204	218111	NC_057371.1	utg000040l	95.74		True
unknown
1485668	1485771	225243	225140	NC_057371.1	utg000040l	100.0		True
unknown
1485056	1485169	225864	225751	NC_057371.1	utg000040l	100.0		True
unknown
1484879	1485021	226040	225898	NC_057371.1	utg000040l	100.0		True
unknown
1478902	1479000	231933	231835	NC_057371.1	utg000040l	100.0		True
unknown
1478581	1478777	232253	232057	NC_057371.1	utg000040l	100.0		True
unknown
1474504	1474971	236245	235778	NC_057371.1	utg000040l	99.15		True
unknown
1473732	1473824	237297	237205	NC_057371.1	utg000040l	100.0		True
unknown
1473040	1473113	237975	237902	NC_057371.1	utg000040l	98.65		True
unknown
1472886	1472989	238136	238033	NC_057371.1	utg000040l	99.04		True
unknown
1472284	1472661	238728	238351	NC_057371.1	utg000040l	98.68		True
unknown
1472081	1472244	238911	238748	NC_057371.1	utg000040l	98.17		True
unknown
1471509	1471785	239481	239205	NC_057371.1	utg000040l	95.67		True
unknown
1471245	1471392	239754	239607	NC_057371.1	utg000040l	100.0		True
unknown
1470324	1470394	240698	240628	NC_057371.1	utg000040l	100.0		True
unknown
1469706	1469824	241310	241192	NC_057371.1	utg000040l	96.64		True
unknown
1468648	1468822	242380	242206	NC_057371.1	utg000040l	96.0		True
unknown
1468308	1468603	242727	242432	NC_057371.1	utg000040l	100.0		True
unknown
1467207	1467284	243791	243714	NC_057371.1	utg000040l	100.0		True
unknown
1464579	1464700	246357	246237	NC_057371.1	utg000040l	98.36		True
unknown
1462938	1463018	247942	247862	NC_057371.1	utg000040l	100.0		True
unknown
1460449	1460587	250472	250334	NC_057371.1	utg000040l	100.0		True
unknown
1460191	1460293	250739	250637	NC_057371.1	utg000040l	99.03		True
unknown
1459414	1459535	251525	251404	NC_057371.1	utg000040l	95.9		True
unknown
1458888	1458967	252059	251980	NC_057371.1	utg000040l	100.0		True
unknown
1455807	1455993	255181	254995	NC_057371.1	utg000040l	96.79		True
unknown
1448380	1448466	262513	262427	NC_057371.1	utg000040l	100.0		True
unknown
1447582	1447663	263314	263233	NC_057371.1	utg000040l	97.56		True
unknown
1444696	1444962	266251	265985	NC_057371.1	utg000040l	100.0		True
unknown
1444416	1444613	266531	266334	NC_057371.1	utg000040l	96.46		True
unknown
1444056	1444307	266893	266642	NC_057371.1	utg000040l	96.43		True
unknown
1443382	1443448	267563	267497	NC_057371.1	utg000040l	100.0		True
unknown
1442619	1442726	268319	268212	NC_057371.1	utg000040l	100.0		True
unknown
1442249	1442413	268695	268531	NC_057371.1	utg000040l	97.58		True
unknown
1442015	1442138	268925	268802	NC_057371.1	utg000040l	99.19		True
unknown
1441407	1441523	269532	269416	NC_057371.1	utg000040l	96.58		True
unknown
1441300	1441404	269637	269533	NC_057371.1	utg000040l	98.1		True
unknown
1440220	1440320	270752	270651	NC_057371.1	utg000040l	99.02		True
unknown
1439780	1439850	271197	271127	NC_057371.1	utg000040l	100.0		True
unknown
1438587	1438712	272376	272251	NC_057371.1	utg000040l	100.0		True
unknown
1436227	1436327	274776	274676	NC_057371.1	utg000040l	100.0		True
unknown
1435877	1435953	275131	275055	NC_057371.1	utg000040l	100.0		True
unknown
1434866	1434951	276128	276043	NC_057371.1	utg000040l	100.0		True
unknown
1432546	1432637	278518	278427	NC_057371.1	utg000040l	100.0		True
unknown
1432046	1432166	279009	278889	NC_057371.1	utg000040l	100.0		True
unknown
1430666	1430810	280442	280298	NC_057371.1	utg000040l	98.62		True
unknown
1430565	1430649	280539	280455	NC_057371.1	utg000040l	96.47		True
unknown
1429905	1430025	281171	281051	NC_057371.1	utg000040l	100.0		True
unknown
1427690	1427771	283343	283262	NC_057371.1	utg000040l	100.0		True
unknown
1420821	1420920	290180	290081	NC_057371.1	utg000040l	100.0		True
unknown
1419563	1419635	291434	291362	NC_057371.1	utg000040l	100.0		True
unknown
1410313	1410399	300660	300574	NC_057371.1	utg000040l	100.0		True
unknown
1404994	1405076	305900	305818	NC_057371.1	utg000040l	100.0		True
unknown
1403296	1403525	307594	307365	NC_057371.1	utg000040l	99.57		True
unknown
1402943	1403097	307945	307791	NC_057371.1	utg000040l	98.06		True
unknown
1399173	1399289	311635	311519	NC_057371.1	utg000040l	100.0		True
unknown
1398754	1399017	312062	311799	NC_057371.1	utg000040l	96.21		True
unknown
1398512	1398632	312301	312181	NC_057371.1	utg000040l	98.35		True
unknown
1396208	1396346	314610	314472	NC_057371.1	utg000040l	98.56		True
unknown
1396079	1396149	314739	314669	NC_057371.1	utg000040l	100.0		True
unknown
1389184	1389251	325700	325633	NC_057371.1	utg000040l	100.0		True
unknown
1377758	1377932	337168	336994	NC_057371.1	utg000040l	95.43		True
unknown
1377651	1377757	337276	337170	NC_057371.1	utg000040l	95.33		True
unknown
1377344	1377456	337582	337470	NC_057371.1	utg000040l	98.23		True
unknown
1372208	1372592	346547	346163	NC_057371.1	utg000040l	100.0		True
unknown
1371712	1371989	347042	346765	NC_057371.1	utg000040l	97.48		True
unknown
1369433	1369527	349319	349225	NC_057371.1	utg000040l	100.0		True
unknown
1367098	1367196	351742	351644	NC_057371.1	utg000040l	100.0		True
unknown
1364770	1364838	354082	354014	NC_057371.1	utg000040l	100.0		True
unknown
1362323	1362410	356503	356416	NC_057371.1	utg000040l	100.0		True
unknown
1360685	1360760	358104	358029	NC_057371.1	utg000040l	100.0		True
unknown
1358203	1358293	360496	360406	NC_057371.1	utg000040l	100.0		True
unknown
1356629	1356759	362077	361947	NC_057371.1	utg000040l	100.0		True
unknown
1353644	1353775	364967	364836	NC_057371.1	utg000040l	100.0		True
unknown
1347935	1348022	370507	370420	NC_057371.1	utg000040l	100.0		True
unknown
1346073	1346186	372401	372288	NC_057371.1	utg000040l	98.25		True
unknown
1345886	1346021	372585	372450	NC_057371.1	utg000040l	96.32		True
unknown
1345523	1345783	372948	372688	NC_057371.1	utg000040l	97.32		True
unknown
1344987	1345058	373504	373433	NC_057371.1	utg000040l	100.0		True
unknown
1326626	1326725	397478	397379	NC_057371.1	utg000040l	98.0		True
unknown
1324328	1324547	399774	399556	NC_057371.1	utg000040l	96.36		True
unknown
1323952	1324028	400152	400076	NC_057371.1	utg000040l	100.0		True
unknown
1323655	1323720	400449	400384	NC_057371.1	utg000040l	95.45		True
unknown
1323015	1323117	401077	400975	NC_057371.1	utg000040l	99.03		True
unknown
1317715	1317862	406447	406298	NC_057371.1	utg000040l	96.67		True
unknown
1314745	1314914	411060	410891	NC_057371.1	utg000040l	100.0		True
unknown
1314226	1314318	411575	411483	NC_057371.1	utg000040l	96.77		True
unknown
1312118	1312186	413662	413594	NC_057371.1	utg000040l	100.0		True
unknown
1309692	1309857	416059	415894	NC_057371.1	utg000040l	100.0		True
unknown
1309498	1309585	416212	416125	NC_057371.1	utg000040l	100.0		True
unknown
1307711	1307847	417915	417779	NC_057371.1	utg000040l	100.0		True
unknown
1306500	1306602	419078	418976	NC_057371.1	utg000040l	100.0		True
unknown
1306052	1306322	419519	419249	NC_057371.1	utg000040l	95.57		True
unknown
1305483	1305615	420077	419945	NC_057371.1	utg000040l	98.5		True
unknown
1305257	1305392	420310	420175	NC_057371.1	utg000040l	98.53		True
unknown
1303953	1304079	421478	421352	NC_057371.1	utg000040l	100.0		True
unknown
1303507	1303583	421917	421841	NC_057371.1	utg000040l	100.0		True
unknown
1303369	1303450	422050	421969	NC_057371.1	utg000040l	100.0		True
unknown
1273456	1273572	452501	452385	NC_057371.1	utg000040l	97.44		True
unknown
1270970	1271103	454941	454808	NC_057371.1	utg000040l	100.0		True
unknown
1269918	1270029	456000	455889	NC_057371.1	utg000040l	96.43		True
unknown
1268365	1269144	457545	456766	NC_057371.1	utg000040l	97.18		True
unknown
1266172	1266400	460613	460385	NC_057371.1	utg000040l	100.0		True
unknown
1265517	1265726	461251	461042	NC_057371.1	utg000040l	100.0		True
unknown
1264727	1264883	462028	461872	NC_057371.1	utg000040l	95.54		True
unknown
1264296	1264407	462465	462354	NC_057371.1	utg000040l	100.0		True
unknown
1263188	1263322	463653	463519	NC_057371.1	utg000040l	99.26		True
unknown
1258939	1259123	468007	467823	NC_057371.1	utg000040l	100.0		True
unknown
1258662	1258818	468279	468123	NC_057371.1	utg000040l	97.45		True
unknown
1256841	1256971	470104	469974	NC_057371.1	utg000040l	97.71		True
unknown
1250694	1250956	476459	476196	NC_057371.1	utg000040l	98.11		True
unknown
1249740	1249884	477412	477268	NC_057371.1	utg000040l	100.0		True
unknown
1248395	1248534	478750	478611	NC_057371.1	utg000040l	96.43		True
unknown
1248209	1248339	478935	478805	NC_057371.1	utg000040l	97.71		True
unknown
1247672	1247745	479476	479403	NC_057371.1	utg000040l	100.0		True
unknown
1246394	1246497	480771	480668	NC_057371.1	utg000040l	100.0		True
unknown
1245299	1245418	481855	481736	NC_057371.1	utg000040l	100.0		True
unknown
1244671	1245040	482487	482118	NC_057371.1	utg000040l	95.14		True
unknown
1244368	1244494	482788	482662	NC_057371.1	utg000040l	98.43		True
unknown
1244164	1244278	482994	482880	NC_057371.1	utg000040l	98.26		True
unknown
1243578	1243710	483589	483457	NC_057371.1	utg000040l	100.0		True
unknown
1243088	1243298	484064	483854	NC_057371.1	utg000040l	96.21		True
unknown
1242809	1242911	484331	484229	NC_057371.1	utg000040l	96.12		True
unknown
1241868	1242010	485284	485142	NC_057371.1	utg000040l	100.0		True
unknown
1241714	1241865	485436	485285	NC_057371.1	utg000040l	95.39		True
unknown
1241286	1241710	485865	485441	NC_057371.1	utg000040l	99.53		True
unknown
1239908	1240063	487255	487100	NC_057371.1	utg000040l	98.08		True
unknown
1239584	1239746	487576	487414	NC_057371.1	utg000040l	98.77		True
unknown
1239194	1239339	487966	487821	NC_057371.1	utg000040l	100.0		True
unknown
1238450	1238583	488731	488600	NC_057371.1	utg000040l	98.51		True
unknown
1214269	1214353	512871	512787	NC_057371.1	utg000040l	100.0		True
unknown
1212380	1212462	514788	514706	NC_057371.1	utg000040l	100.0		True
unknown
1211069	1211189	516055	515935	NC_057371.1	utg000040l	100.0		True
unknown
1210827	1211037	516320	516110	NC_057371.1	utg000040l	100.0		True
unknown
1205959	1206072	520878	520765	NC_057371.1	utg000040l	100.0		True
unknown
1202067	1202177	524552	524442	NC_057371.1	utg000040l	100.0		True
unknown
1200314	1200423	526323	526214	NC_057371.1	utg000040l	100.0		True
unknown
1197536	1197696	529085	528925	NC_057371.1	utg000040l	99.38		True
unknown
1192969	1193126	533785	533628	NC_057371.1	utg000040l	100.0		True
unknown
1189714	1189856	536917	536775	NC_057371.1	utg000040l	96.5		True
unknown
1189246	1189316	537397	537327	NC_057371.1	utg000040l	95.77		True
unknown
1188649	1188815	537982	537816	NC_057371.1	utg000040l	100.0		True
unknown
1186646	1186750	539929	539823	NC_057371.1	utg000040l	98.13		True
unknown
1178697	1178769	552525	552453	NC_057371.1	utg000040l	100.0		True
unknown
1177752	1177889	553467	553330	NC_057371.1	utg000040l	100.0		True
unknown
1174788	1174858	556615	556545	NC_057371.1	utg000040l	100.0		True
unknown
1159627	1159751	574994	574870	NC_057371.1	utg000040l	97.6		True
unknown
1159165	1159260	575454	575359	NC_057371.1	utg000040l	96.88		True
unknown
1158777	1158939	575838	575676	NC_057371.1	utg000040l	95.09		True
unknown
1158556	1158710	576057	575903	NC_057371.1	utg000040l	98.06		True
unknown
1158233	1158344	576377	576266	NC_057371.1	utg000040l	97.32		True
unknown
1157377	1157463	577244	577158	NC_057371.1	utg000040l	100.0		True
unknown
1156025	1156132	581002	580895	NC_057371.1	utg000040l	100.0		True
unknown
1154738	1154838	582013	581913	NC_057371.1	utg000040l	100.0		True
unknown
1153528	1153603	583246	583171	NC_057371.1	utg000040l	98.68		True
unknown
1150374	1150466	586267	586173	NC_057371.1	utg000040l	96.84		True
unknown
1149570	1149745	587070	586895	NC_057371.1	utg000040l	100.0		True
unknown
1148477	1148784	588085	587778	NC_057371.1	utg000040l	97.4		True
unknown
1148288	1148397	588278	588169	NC_057371.1	utg000040l	97.27		True
unknown
1147718	1148240	588845	588323	NC_057371.1	utg000040l	98.47		True
unknown
1147534	1147713	589027	588848	NC_057371.1	utg000040l	98.33		True
unknown
1147066	1147511	589502	589057	NC_057371.1	utg000040l	98.65		True
unknown
1146296	1146567	590281	590010	NC_057371.1	utg000040l	100.0		True
unknown
1144293	1144988	592269	591570	NC_057371.1	utg000040l	97.16		True
unknown
1143676	1143747	592858	592787	NC_057371.1	utg000040l	98.61		True
unknown
1142019	1142100	594522	594441	NC_057371.1	utg000040l	100.0		True
unknown
1135263	1135341	601364	601286	NC_057371.1	utg000040l	100.0		True
unknown
1133412	1133500	603219	603131	NC_057371.1	utg000040l	100.0		True
unknown
1128848	1129011	607851	607688	NC_057371.1	utg000040l	100.0		True
unknown
1127371	1127507	609311	609175	NC_057371.1	utg000040l	98.54		True
unknown
1120696	1120792	616026	615930	NC_057371.1	utg000040l	97.94		True
unknown
1120595	1120680	616129	616044	NC_057371.1	utg000040l	100.0		True
unknown
1117373	1117453	619322	619242	NC_057371.1	utg000040l	100.0		True
unknown
1116620	1116725	620082	619977	NC_057371.1	utg000040l	100.0		True
unknown
1114459	1114542	622209	622126	NC_057371.1	utg000040l	100.0		True
unknown
1114335	1114407	622329	622257	NC_057371.1	utg000040l	100.0		True
unknown
1111821	1111986	624820	624655	NC_057371.1	utg000040l	100.0		True
unknown
1111205	1111315	625437	625327	NC_057371.1	utg000040l	100.0		True
unknown
1106275	1106342	630403	630336	NC_057371.1	utg000040l	100.0		True
unknown
1102783	1102850	633940	633873	NC_057371.1	utg000040l	100.0		True
unknown
1102235	1102470	634501	634267	NC_057371.1	utg000040l	98.31		True
unknown
1100369	1100470	636368	636267	NC_057371.1	utg000040l	100.0		True
unknown
1099778	1099883	636959	636854	NC_057371.1	utg000040l	100.0		True
unknown
1092264	1092375	644586	644475	NC_057371.1	utg000040l	100.0		True
unknown
1089301	1089386	647527	647442	NC_057371.1	utg000040l	95.35		True
unknown
1088557	1088722	648284	648119	NC_057371.1	utg000040l	97.59		True
unknown
1088330	1088397	648508	648441	NC_057371.1	utg000040l	98.53		True
unknown
1085722	1085793	651131	651060	NC_057371.1	utg000040l	100.0		True
unknown
1084758	1084895	652017	651880	NC_057371.1	utg000040l	100.0		True
unknown
1084094	1084171	652675	652598	NC_057371.1	utg000040l	96.15		True
unknown
1083914	1084037	652857	652734	NC_057371.1	utg000040l	99.19		True
unknown
1083220	1083322	653557	653455	NC_057371.1	utg000040l	100.0		True
unknown
1078960	1079078	657833	657715	NC_057371.1	utg000040l	100.0		True
unknown
1078814	1078878	657983	657919	NC_057371.1	utg000040l	98.46		True
unknown
1077767	1077890	659028	658905	NC_057371.1	utg000040l	95.97		True
unknown
1074697	1074771	662084	662010	NC_057371.1	utg000040l	100.0		True
unknown
1071080	1071163	665727	665644	NC_057371.1	utg000040l	96.43		True
unknown
1070780	1070994	666033	665819	NC_057371.1	utg000040l	97.21		True
unknown
1070479	1070577	666333	666235	NC_057371.1	utg000040l	98.99		True
unknown
1054227	1054342	682496	682381	NC_057371.1	utg000040l	99.14		True
unknown
1052931	1053052	683765	683644	NC_057371.1	utg000040l	100.0		True
unknown
1051914	1051998	684761	684677	NC_057371.1	utg000040l	98.82		True
unknown
1051552	1051712	685124	684964	NC_057371.1	utg000040l	95.65		True
unknown
1049026	1049154	687622	687494	NC_057371.1	utg000040l	96.9		True
unknown
1031126	1031211	699126	699041	NC_057371.1	utg000040l	100.0		True
unknown
1030638	1030780	699606	699464	NC_057371.1	utg000040l	97.9		True
unknown
1029337	1029514	700919	700742	NC_057371.1	utg000040l	97.75		True
unknown
1466633	1466725	739012	738920	NC_057378.1	utg000040l	95.7		True
unknown
1466491	1466562	739154	739083	NC_057378.1	utg000040l	97.22		True
unknown
1466004	1466238	739638	739404	NC_057378.1	utg000040l	97.02		True
unknown
862873	863080	739931	739724	NC_057382.1	utg000040l	95.19		True
unknown
862772	862840	740032	739964	NC_057382.1	utg000040l	95.65		True
unknown
862647	862745	740159	740061	NC_057382.1	utg000040l	97.98		True
unknown
914989	915056	771555	771622	NC_057371.1	utg000040l	100.0		True
unknown
915795	915873	772351	772429	NC_057371.1	utg000040l	100.0		True
unknown
919819	919967	775886	776034	NC_057371.1	utg000040l	100.0		True
unknown
921635	921723	777705	777793	NC_057371.1	utg000040l	100.0		True
unknown
933728	933824	788380	788476	NC_057371.1	utg000040l	100.0		True
unknown
937709	937961	792335	792587	NC_057371.1	utg000040l	100.0		True
unknown
902844	902945	801254	801153	NC_057371.1	utg000040l	100.0		True
unknown
899456	899609	804691	804538	NC_057371.1	utg000040l	100.0		True
unknown
896272	896355	810875	810792	NC_057371.1	utg000040l	100.0		True
unknown
896026	896154	811118	810990	NC_057371.1	utg000040l	100.0		True
unknown
893501	893604	813744	813641	NC_057371.1	utg000040l	100.0		True
unknown
892928	893059	814333	814202	NC_057371.1	utg000040l	100.0		True
unknown
892462	892613	814789	814638	NC_057371.1	utg000040l	98.68		True
unknown
892371	892457	814876	814790	NC_057371.1	utg000040l	98.85		True
unknown
891011	891119	816246	816138	NC_057371.1	utg000040l	100.0		True
unknown
890755	890883	816497	816369	NC_057371.1	utg000040l	100.0		True
unknown
888510	888619	818727	818618	NC_057371.1	utg000040l	99.09		True
unknown
885026	885253	822208	821981	NC_057371.1	utg000040l	95.61		True
unknown
884674	884757	822552	822469	NC_057371.1	utg000040l	100.0		True
unknown
871486	871590	830629	830525	NC_057371.1	utg000040l	95.24		True
unknown
871171	871277	830937	830831	NC_057371.1	utg000040l	99.07		True
unknown
864585	864667	837392	837310	NC_057371.1	utg000040l	100.0		True
unknown
857521	857605	847718	847634	NC_057371.1	utg000040l	96.47		True
unknown
853763	853902	851821	851682	NC_057371.1	utg000040l	100.0		True
unknown
850918	851121	854713	854510	NC_057371.1	utg000040l	100.0		True
unknown
850173	850249	855434	855356	NC_057371.1	utg000040l	97.47		True
unknown
848998	849078	856590	856510	NC_057371.1	utg000040l	100.0		True
unknown
847941	848153	857649	857437	NC_057371.1	utg000040l	99.53		True
unknown
847256	847382	858340	858214	NC_057371.1	utg000040l	100.0		True
unknown
844404	844545	861309	861168	NC_057371.1	utg000040l	99.3		True
unknown
843495	843705	862233	862023	NC_057371.1	utg000040l	98.58		True
unknown
841979	842087	863712	863604	NC_057371.1	utg000040l	100.0		True
unknown
839228	839309	866454	866373	NC_057371.1	utg000040l	100.0		True
unknown
828591	828674	875324	875241	NC_057371.1	utg000040l	100.0		True
unknown
822818	822892	880752	880678	NC_057371.1	utg000040l	98.67		True
unknown
822498	822572	881080	881006	NC_057371.1	utg000040l	100.0		True
unknown
819529	819645	884933	884817	NC_057371.1	utg000040l	100.0		True
unknown
817506	817605	886817	886718	NC_057371.1	utg000040l	100.0		True
unknown
816763	816841	887584	887506	NC_057371.1	utg000040l	100.0		True
unknown
813463	813528	890932	890867	NC_057371.1	utg000040l	100.0		True
unknown
811905	812005	892464	892364	NC_057371.1	utg000040l	100.0		True
unknown
811088	811259	893320	893149	NC_057371.1	utg000040l	100.0		True
unknown
802320	802431	902782	902671	NC_057371.1	utg000040l	100.0		True
unknown
793981	794084	911031	910928	NC_057371.1	utg000040l	100.0		True
unknown
793062	793178	911949	911833	NC_057371.1	utg000040l	100.0		True
unknown
789613	789687	915247	915173	NC_057371.1	utg000040l	100.0		True
unknown
789491	789562	915363	915292	NC_057371.1	utg000040l	100.0		True
unknown
783516	783623	921378	921271	NC_057371.1	utg000040l	100.0		True
unknown
783359	783457	921524	921426	NC_057371.1	utg000040l	100.0		True
unknown
776333	776413	928269	928189	NC_057371.1	utg000040l	96.3		True
unknown
776188	776294	928411	928305	NC_057371.1	utg000040l	99.07		True
unknown
775061	775161	929528	929428	NC_057371.1	utg000040l	97.03		True
unknown
774635	774791	929950	929794	NC_057371.1	utg000040l	100.0		True
unknown
773884	773974	930709	930619	NC_057371.1	utg000040l	95.6		True
unknown
773681	773766	930912	930827	NC_057371.1	utg000040l	100.0		True
unknown
771392	771505	933157	933044	NC_057371.1	utg000040l	100.0		True
unknown
770205	770329	934314	934190	NC_057371.1	utg000040l	100.0		True
unknown
770036	770173	934480	934343	NC_057371.1	utg000040l	95.65		True
unknown
768801	768909	935701	935593	NC_057371.1	utg000040l	100.0		True
unknown
768657	768774	935849	935732	NC_057371.1	utg000040l	97.46		True
unknown
767879	767985	936620	936514	NC_057371.1	utg000040l	100.0		True
unknown
751098	751200	953123	953021	NC_057371.1	utg000040l	100.0		True
unknown
701576	701674	1003473	1003375	NC_057371.1	utg000040l	100.0		True
unknown
700145	700230	1004909	1004824	NC_057371.1	utg000040l	100.0		True
unknown
681163	681246	1014458	1014375	NC_057371.1	utg000040l	100.0		True
unknown
677587	677708	1018096	1017975	NC_057371.1	utg000040l	98.36		True
unknown
677496	677586	1018188	1018098	NC_057371.1	utg000040l	96.7		True
unknown
676790	676864	1018853	1018779	NC_057371.1	utg000040l	98.67		True
unknown
675830	676012	1019782	1019600	NC_057371.1	utg000040l	98.91		True
unknown
675632	675698	1019980	1019914	NC_057371.1	utg000040l	100.0		True
unknown
675144	675241	1020460	1020363	NC_057371.1	utg000040l	100.0		True
unknown
632761	632896	1062817	1062682	NC_057371.1	utg000040l	95.59		True
unknown
632039	632225	1063551	1063365	NC_057371.1	utg000040l	100.0		True
unknown
631404	631554	1064242	1064092	NC_057371.1	utg000040l	100.0		True
unknown
CONTIG	utg000040l	1076184	mis_unaligned
579260	579468	20685	20893	NC_057370.1	utg000170l	95.69		True
unknown
579893	579960	21307	21374	NC_057370.1	utg000170l	100.0		True
unknown
580061	580195	21477	21611	NC_057370.1	utg000170l	98.52		True
unknown
1039170	1039247	23233	23156	NC_057371.1	utg000170l	97.44		True
unknown
1039020	1039127	23381	23274	NC_057371.1	utg000170l	96.3		True
unknown
1038856	1039017	23543	23382	NC_057371.1	utg000170l	98.77		True
unknown
1038648	1038828	23749	23569	NC_057371.1	utg000170l	95.03		True
unknown
1038553	1038647	23846	23752	NC_057371.1	utg000170l	96.84		True
unknown
1038451	1038517	23947	23881	NC_057371.1	utg000170l	95.52		True
unknown
1038380	1038449	24017	23948	NC_057371.1	utg000170l	97.14		True
unknown
541238	541386	38559	38411	NC_057370.1	utg000170l	98.66		True
unknown
540803	540973	38994	38825	NC_057370.1	utg000170l	95.35		True
unknown
CONTIG	utg000170l	105088	mis_unaligned
CONTIG	utg000496l	12883	unaligned
286098	286201	44181	44284	NC_057373.1	utg000125l	100.0		True
unknown
286253	286454	44331	44532	NC_057373.1	utg000125l	99.01		True
unknown
286808	286938	44933	45063	NC_057373.1	utg000125l	99.24		True
unknown
CONTIG	utg000125l	125188	mis_unaligned
CONTIG	utg000314l	11880	unaligned
CONTIG	utg000624l	11412	unaligned
1690633	1690697	2510	2446	NC_057378.1	utg000109l	100.0		True
unknown
1690204	1690318	2953	2839	NC_057378.1	utg000109l	100.0		True
unknown
1689493	1689570	3654	3577	NC_057378.1	utg000109l	100.0		True
unknown
1689338	1689445	3812	3703	NC_057378.1	utg000109l	98.18		True
unknown
1667992	1668164	42583	42411	NC_057378.1	utg000109l	100.0		True
unknown
1667590	1667789	42988	42789	NC_057378.1	utg000109l	97.5		True
unknown
1628789	1628872	73142	73059	NC_057378.1	utg000109l	100.0		True
unknown
1628596	1628766	73331	73161	NC_057378.1	utg000109l	100.0		True
unknown
1628051	1628186	73873	73738	NC_057378.1	utg000109l	100.0		True
unknown
1627166	1627252	74773	74687	NC_057378.1	utg000109l	100.0		True
unknown
1592618	1592721	118815	118712	NC_057378.1	utg000109l	100.0		True
unknown
1592146	1592247	119268	119167	NC_057378.1	utg000109l	97.06		True
unknown
1591587	1591845	119829	119571	NC_057378.1	utg000109l	98.46		True
unknown
1591058	1591264	120352	120146	NC_057378.1	utg000109l	98.55		True
unknown
1590649	1590731	120757	120675	NC_057378.1	utg000109l	100.0		True
unknown
1576664	1576755	135325	135234	NC_057378.1	utg000109l	98.91		True
unknown
CONTIG	utg000109l	135409	mis_unaligned
164225	164926	1	701	NC_057372.1	utg000004l	96.2		True
unknown
158351	158464	3529	3642	NC_057372.1	utg000004l	99.12		True
unknown
158655	158893	3818	4056	NC_057372.1	utg000004l	99.58		True
unknown
158975	159059	4145	4229	NC_057372.1	utg000004l	100.0		True
unknown
159359	159434	4541	4616	NC_057372.1	utg000004l	100.0		True
unknown
159588	159673	4776	4861	NC_057372.1	utg000004l	97.67		True
unknown
159745	159921	4931	5107	NC_057372.1	utg000004l	100.0		True
unknown
159974	160176	5161	5363	NC_057372.1	utg000004l	98.52		True
unknown
160197	160427	5391	5621	NC_057372.1	utg000004l	100.0		True
unknown
160691	160786	5865	5960	NC_057372.1	utg000004l	100.0		True
unknown
160823	161293	5998	6468	NC_057372.1	utg000004l	100.0		True
unknown
161399	161932	6579	7112	NC_057372.1	utg000004l	99.81		True
unknown
871998	872080	14081	13999	NC_057382.1	utg000004l	98.8		True
unknown
871732	871808	14344	14268	NC_057382.1	utg000004l	96.1		True
unknown
871383	871515	14695	14563	NC_057382.1	utg000004l	98.5		True
unknown
454339	454478	113641	113780	NC_057372.1	utg000004l	100.0		True
unknown
456391	456495	115650	115754	NC_057372.1	utg000004l	98.1		True
unknown
457270	457338	116506	116574	NC_057372.1	utg000004l	100.0		True
unknown
479844	479984	130355	130496	NC_057372.1	utg000004l	98.59		True
unknown
480738	480819	131231	131312	NC_057372.1	utg000004l	100.0		True
unknown
480820	480910	131314	131404	NC_057372.1	utg000004l	97.8		True
unknown
481053	481152	131555	131654	NC_057372.1	utg000004l	100.0		True
unknown
487430	487494	139765	139829	NC_057372.1	utg000004l	100.0		True
unknown
488220	488337	140556	140674	NC_057372.1	utg000004l	99.16		True
unknown
490097	490167	142432	142502	NC_057372.1	utg000004l	98.59		True
unknown
490409	490520	142746	142857	NC_057372.1	utg000004l	99.11		True
unknown
490531	490644	142864	142977	NC_057372.1	utg000004l	97.37		True
unknown
498399	498523	150118	150242	NC_057372.1	utg000004l	100.0		True
unknown
499648	499866	151334	151552	NC_057372.1	utg000004l	97.26		True
unknown
500376	500479	152048	152151	NC_057372.1	utg000004l	100.0		True
unknown
549991	550104	164485	164598	NC_057372.1	utg000004l	100.0		True
unknown
551208	551379	165702	165873	NC_057372.1	utg000004l	100.0		True
unknown
553724	553789	168230	168295	NC_057372.1	utg000004l	100.0		True
unknown
554845	554986	169329	169470	NC_057372.1	utg000004l	97.89		True
unknown
555738	555940	170209	170411	NC_057372.1	utg000004l	100.0		True
unknown
558577	558678	173083	173184	NC_057372.1	utg000004l	100.0		True
unknown
564928	565000	179322	179394	NC_057372.1	utg000004l	100.0		True
unknown
566801	566903	181211	181313	NC_057372.1	utg000004l	100.0		True
unknown
570551	570698	184911	185058	NC_057372.1	utg000004l	97.3		True
unknown
570732	570858	185086	185212	NC_057372.1	utg000004l	96.06		True
unknown
570967	571104	185322	185459	NC_057372.1	utg000004l	96.38		True
unknown
571532	571721	185890	186079	NC_057372.1	utg000004l	99.47		True
unknown
577281	577394	191644	191757	NC_057372.1	utg000004l	100.0		True
unknown
579773	579858	194126	194211	NC_057372.1	utg000004l	100.0		True
unknown
581253	581409	195634	195790	NC_057372.1	utg000004l	100.0		True
unknown
582662	582767	197023	197128	NC_057372.1	utg000004l	100.0		True
unknown
583413	583480	197764	197831	NC_057372.1	utg000004l	100.0		True
unknown
584142	584420	198485	198766	NC_057372.1	utg000004l	97.87		True
unknown
591505	591631	205743	205869	NC_057372.1	utg000004l	99.21		True
unknown
616597	616689	230947	231039	NC_057372.1	utg000004l	95.7		True
unknown
616937	617040	231285	231388	NC_057372.1	utg000004l	96.15		True
unknown
617380	617571	231716	231907	NC_057372.1	utg000004l	97.4		True
unknown
626184	626338	241076	241227	NC_057372.1	utg000004l	95.48		True
unknown
627539	627649	242450	242560	NC_057372.1	utg000004l	100.0		True
unknown
630414	630514	245325	245425	NC_057372.1	utg000004l	100.0		True
unknown
630606	630706	245518	245618	NC_057372.1	utg000004l	100.0		True
unknown
634960	635071	249532	249643	NC_057372.1	utg000004l	100.0		True
unknown
635661	635735	250228	250302	NC_057372.1	utg000004l	100.0		True
unknown
635991	636091	250577	250677	NC_057372.1	utg000004l	100.0		True
unknown
636943	637061	251514	251632	NC_057372.1	utg000004l	96.64		True
unknown
637151	637334	251719	251902	NC_057372.1	utg000004l	98.91		True
unknown
637583	637749	252128	252294	NC_057372.1	utg000004l	100.0		True
unknown
646613	646696	260246	260329	NC_057372.1	utg000004l	95.24		True
unknown
660120	660312	276550	276742	NC_057372.1	utg000004l	99.48		True
unknown
660316	660416	276743	276843	NC_057372.1	utg000004l	95.05		True
unknown
661334	661441	277727	277834	NC_057372.1	utg000004l	99.07		True
unknown
661489	661626	277880	278017	NC_057372.1	utg000004l	100.0		True
unknown
666162	666242	282377	282457	NC_057372.1	utg000004l	100.0		True
unknown
672172	672278	288184	288290	NC_057372.1	utg000004l	100.0		True
unknown
677900	678018	293981	294100	NC_057372.1	utg000004l	99.17		True
unknown
684734	684805	300703	300774	NC_057372.1	utg000004l	100.0		True
unknown
690234	690321	306216	306303	NC_057372.1	utg000004l	98.86		True
unknown
693352	693452	309172	309272	NC_057372.1	utg000004l	100.0		True
unknown
694242	694333	310085	310176	NC_057372.1	utg000004l	98.91		True
unknown
694406	694514	310247	310355	NC_057372.1	utg000004l	100.0		True
unknown
695224	695355	311069	311200	NC_057372.1	utg000004l	100.0		True
unknown
696408	696509	312190	312291	NC_057372.1	utg000004l	100.0		True
unknown
701895	701965	317196	317266	NC_057372.1	utg000004l	100.0		True
unknown
713805	713903	334525	334623	NC_057372.1	utg000004l	100.0		True
unknown
720672	720752	340822	340902	NC_057372.1	utg000004l	100.0		True
unknown
723913	724027	344039	344153	NC_057372.1	utg000004l	97.39		True
unknown
724673	724754	344803	344884	NC_057372.1	utg000004l	100.0		True
unknown
724823	724888	344953	345018	NC_057372.1	utg000004l	98.48		True
unknown
738365	738449	358659	358743	NC_057372.1	utg000004l	100.0		True
unknown
738816	739008	359105	359297	NC_057372.1	utg000004l	98.45		True
unknown
739524	739693	359821	359990	NC_057372.1	utg000004l	100.0		True
unknown
739707	739813	360008	360114	NC_057372.1	utg000004l	96.26		True
unknown
740032	740168	360349	360485	NC_057372.1	utg000004l	99.27		True
unknown
740704	740838	361042	361176	NC_057372.1	utg000004l	100.0		True
unknown
740846	740988	361193	361335	NC_057372.1	utg000004l	97.2		True
unknown
741235	741332	361582	361679	NC_057372.1	utg000004l	96.94		True
unknown
762234	762352	383123	383241	NC_057372.1	utg000004l	100.0		True
unknown
766450	766526	387291	387367	NC_057372.1	utg000004l	97.4		True
unknown
766680	766753	387524	387597	NC_057372.1	utg000004l	98.65		True
unknown
767455	767566	388287	388398	NC_057372.1	utg000004l	100.0		True
unknown
770337	770512	391153	391328	NC_057372.1	utg000004l	100.0		True
unknown
770828	770921	391651	391744	NC_057372.1	utg000004l	100.0		True
unknown
771111	771193	391969	392051	NC_057372.1	utg000004l	100.0		True
unknown
789089	789168	410779	410858	NC_057372.1	utg000004l	100.0		True
unknown
790182	790422	411869	412109	NC_057372.1	utg000004l	98.34		True
unknown
791026	791106	412716	412796	NC_057372.1	utg000004l	100.0		True
unknown
791455	791642	413142	413329	NC_057372.1	utg000004l	99.47		True
unknown
791741	791889	413419	413567	NC_057372.1	utg000004l	95.97		True
unknown
793580	793697	415211	415328	NC_057372.1	utg000004l	99.15		True
unknown
799092	799166	420170	420244	NC_057372.1	utg000004l	96.0		True
unknown
799247	799350	420326	420429	NC_057372.1	utg000004l	99.04		True
unknown
804473	804557	424918	425002	NC_057372.1	utg000004l	100.0		True
unknown
807351	807454	427768	427871	NC_057372.1	utg000004l	100.0		True
unknown
807970	808062	428376	428468	NC_057372.1	utg000004l	100.0		True
unknown
808777	808890	429172	429285	NC_057372.1	utg000004l	100.0		True
unknown
809006	809099	429395	429488	NC_057372.1	utg000004l	97.87		True
unknown
814676	814903	434912	435139	NC_057372.1	utg000004l	99.56		True
unknown
816406	816494	436570	436658	NC_057372.1	utg000004l	100.0		True
unknown
822170	822282	442231	442343	NC_057372.1	utg000004l	100.0		True
unknown
823825	823901	443883	443959	NC_057372.1	utg000004l	100.0		True
unknown
823942	824049	444002	444109	NC_057372.1	utg000004l	98.15		True
unknown
824198	824334	444256	444392	NC_057372.1	utg000004l	98.54		True
unknown
824662	824798	444711	444847	NC_057372.1	utg000004l	100.0		True
unknown
828080	828162	448149	448231	NC_057372.1	utg000004l	100.0		True
unknown
828952	829063	449017	449128	NC_057372.1	utg000004l	100.0		True
unknown
829657	829742	449742	449827	NC_057372.1	utg000004l	100.0		True
unknown
830822	830887	450896	450961	NC_057372.1	utg000004l	100.0		True
unknown
832313	832433	452310	452430	NC_057372.1	utg000004l	95.87		True
unknown
832627	832802	452628	452803	NC_057372.1	utg000004l	97.16		True
unknown
833315	833428	453300	453413	NC_057372.1	utg000004l	99.12		True
unknown
836922	837058	456880	457016	NC_057372.1	utg000004l	97.08		True
unknown
837072	837195	457032	457155	NC_057372.1	utg000004l	98.39		True
unknown
838200	838307	458161	458268	NC_057372.1	utg000004l	99.07		True
unknown
839143	839263	459107	459228	NC_057372.1	utg000004l	99.18		True
unknown
839899	840012	459802	459915	NC_057372.1	utg000004l	100.0		True
unknown
841259	841336	461151	461228	NC_057372.1	utg000004l	100.0		True
unknown
843581	843656	463445	463520	NC_057372.1	utg000004l	100.0		True
unknown
844286	844396	464143	464253	NC_057372.1	utg000004l	100.0		True
unknown
845552	845684	465388	465520	NC_057372.1	utg000004l	100.0		True
unknown
845807	845965	465643	465801	NC_057372.1	utg000004l	100.0		True
unknown
846440	846600	466275	466435	NC_057372.1	utg000004l	99.38		True
unknown
848612	848677	468324	468389	NC_057372.1	utg000004l	100.0		True
unknown
850915	851064	470588	470737	NC_057372.1	utg000004l	99.33		True
unknown
851354	851424	471033	471103	NC_057372.1	utg000004l	100.0		True
unknown
851480	851561	471162	471243	NC_057372.1	utg000004l	98.78		True
unknown
866384	866455	485926	485997	NC_057372.1	utg000004l	100.0		True
unknown
866997	867076	486545	486624	NC_057372.1	utg000004l	100.0		True
unknown
867704	867853	487234	487383	NC_057372.1	utg000004l	100.0		True
unknown
869363	869493	488899	489032	NC_057372.1	utg000004l	97.01		True
unknown
875334	875437	494905	495008	NC_057372.1	utg000004l	100.0		True
unknown
879147	879272	498748	498873	NC_057372.1	utg000004l	100.0		True
unknown
886525	886647	506076	506198	NC_057372.1	utg000004l	95.12		True
unknown
893018	893132	512636	512750	NC_057372.1	utg000004l	100.0		True
unknown
893509	893578	513121	513190	NC_057372.1	utg000004l	100.0		True
unknown
894626	894720	514243	514337	NC_057372.1	utg000004l	98.95		True
unknown
895172	895399	514791	515018	NC_057372.1	utg000004l	97.81		True
unknown
895594	895745	515214	515365	NC_057372.1	utg000004l	98.03		True
unknown
895826	896084	515448	515706	NC_057372.1	utg000004l	100.0		True
unknown
898508	898635	518119	518246	NC_057372.1	utg000004l	100.0		True
unknown
898696	898818	518309	518431	NC_057372.1	utg000004l	98.37		True
unknown
903843	903949	523428	523534	NC_057372.1	utg000004l	100.0		True
unknown
903974	904076	523559	523661	NC_057372.1	utg000004l	100.0		True
unknown
904187	904270	523769	523852	NC_057372.1	utg000004l	100.0		True
unknown
912093	912184	531002	531093	NC_057372.1	utg000004l	100.0		True
unknown
914902	915079	533661	533839	NC_057372.1	utg000004l	99.44		True
unknown
916510	916654	535217	535361	NC_057372.1	utg000004l	98.62		True
unknown
916700	916784	535406	535490	NC_057372.1	utg000004l	96.47		True
unknown
916842	916976	535546	535680	NC_057372.1	utg000004l	99.26		True
unknown
917886	917954	536556	536624	NC_057372.1	utg000004l	98.55		True
unknown
920104	920220	538465	538581	NC_057372.1	utg000004l	100.0		True
unknown
921738	921882	540088	540232	NC_057372.1	utg000004l	97.24		True
unknown
928181	928247	546598	546664	NC_057372.1	utg000004l	100.0		True
unknown
928687	928785	547135	547233	NC_057372.1	utg000004l	100.0		True
unknown
932065	932173	550405	550513	NC_057372.1	utg000004l	100.0		True
unknown
932405	932532	550740	550867	NC_057372.1	utg000004l	100.0		True
unknown
933096	933239	551419	551562	NC_057372.1	utg000004l	98.61		True
unknown
935682	935794	553990	554102	NC_057372.1	utg000004l	97.35		True
unknown
936852	937165	555143	555456	NC_057372.1	utg000004l	98.73		True
unknown
937201	937300	555490	555589	NC_057372.1	utg000004l	99.0		True
unknown
937388	937465	555672	555749	NC_057372.1	utg000004l	100.0		True
unknown
940683	940760	558910	558987	NC_057372.1	utg000004l	100.0		True
unknown
941367	941450	559581	559664	NC_057372.1	utg000004l	100.0		True
unknown
946826	946929	561939	562042	NC_057372.1	utg000004l	100.0		True
unknown
947203	947346	562305	562448	NC_057372.1	utg000004l	97.92		True
unknown
950625	950712	565717	565804	NC_057372.1	utg000004l	100.0		True
unknown
951223	951309	566320	566407	NC_057372.1	utg000004l	96.63		True
unknown
952145	952547	567226	567628	NC_057372.1	utg000004l	97.02		True
unknown
959448	959550	574539	574641	NC_057372.1	utg000004l	100.0		True
unknown
959558	959646	574649	574737	NC_057372.1	utg000004l	97.75		True
unknown
959827	960061	574905	575139	NC_057372.1	utg000004l	96.17		True
unknown
960256	960414	575328	575486	NC_057372.1	utg000004l	100.0		True
unknown
960645	960820	575719	575894	NC_057372.1	utg000004l	100.0		True
unknown
961143	961312	576207	576376	NC_057372.1	utg000004l	98.82		True
unknown
969056	969154	583981	584079	NC_057372.1	utg000004l	97.98		True
unknown
969295	969386	584223	584314	NC_057372.1	utg000004l	100.0		True
unknown
972244	972349	587408	587513	NC_057372.1	utg000004l	100.0		True
unknown
976653	976756	592321	592424	NC_057372.1	utg000004l	100.0		True
unknown
1049061	1049171	594292	594402	NC_057372.1	utg000004l	100.0		True
unknown
1049560	1049686	594791	594917	NC_057372.1	utg000004l	100.0		True
unknown
1052884	1052976	597900	597995	NC_057372.1	utg000004l	95.83		True
unknown
1053408	1053506	598448	598550	NC_057372.1	utg000004l	96.12		True
unknown
1061658	1061820	605638	605800	NC_057372.1	utg000004l	99.39		True
unknown
1064322	1064463	608336	608477	NC_057372.1	utg000004l	99.3		True
unknown
1066208	1066591	610214	610594	NC_057372.1	utg000004l	96.37		True
unknown
1066975	1067153	610983	611161	NC_057372.1	utg000004l	98.88		True
unknown
1071406	1071503	615571	615668	NC_057372.1	utg000004l	100.0		True
unknown
1085288	1085395	625263	625370	NC_057372.1	utg000004l	100.0		True
unknown
1088613	1088710	628469	628566	NC_057372.1	utg000004l	100.0		True
unknown
1098280	1098355	639056	639131	NC_057372.1	utg000004l	100.0		True
unknown
1101515	1101600	643239	643324	NC_057372.1	utg000004l	100.0		True
unknown
1103983	1104099	645642	645758	NC_057372.1	utg000004l	100.0		True
unknown
1107655	1107748	649230	649323	NC_057372.1	utg000004l	97.87		True
unknown
1128580	1128656	650000	650076	NC_057372.1	utg000004l	98.7		True
unknown
1128703	1128813	650125	650235	NC_057372.1	utg000004l	95.5		True
unknown
1129231	1129336	650628	650733	NC_057372.1	utg000004l	98.11		True
unknown
1109753	1109835	653203	653285	NC_057372.1	utg000004l	100.0		True
unknown
1112344	1112443	655675	655774	NC_057372.1	utg000004l	100.0		True
unknown
1113940	1114157	657227	657445	NC_057372.1	utg000004l	99.54		True
unknown
1115551	1115690	658753	658893	NC_057372.1	utg000004l	98.58		True
unknown
1115857	1115954	659058	659155	NC_057372.1	utg000004l	96.94		True
unknown
1116012	1116137	659212	659337	NC_057372.1	utg000004l	95.24		True
unknown
1116187	1116265	659387	659465	NC_057372.1	utg000004l	100.0		True
unknown
1116976	1117316	660177	660517	NC_057372.1	utg000004l	100.0		True
unknown
1119784	1119863	663008	663087	NC_057372.1	utg000004l	100.0		True
unknown
1121885	1122051	665136	665302	NC_057372.1	utg000004l	97.01		True
unknown
1122874	1122938	666112	666176	NC_057372.1	utg000004l	100.0		True
unknown
1123765	1123878	667027	667140	NC_057372.1	utg000004l	96.49		True
unknown
1124102	1124166	667363	667427	NC_057372.1	utg000004l	98.46		True
unknown
1125631	1125717	668911	668997	NC_057372.1	utg000004l	100.0		True
unknown
1125802	1125935	669077	669210	NC_057372.1	utg000004l	99.25		True
unknown
1128571	1128661	671934	672024	NC_057372.1	utg000004l	96.7		True
unknown
1138741	1139290	680310	680861	NC_057372.1	utg000004l	95.5		True
unknown
1149177	1149294	690763	690880	NC_057372.1	utg000004l	99.15		True
unknown
1149945	1150017	691540	691612	NC_057372.1	utg000004l	100.0		True
unknown
1151885	1152011	693349	693475	NC_057372.1	utg000004l	100.0		True
unknown
1159108	1159258	701556	701706	NC_057372.1	utg000004l	99.34		True
unknown
1159692	1159897	702145	702350	NC_057372.1	utg000004l	98.54		True
unknown
1160715	1160917	703169	703371	NC_057372.1	utg000004l	95.07		True
unknown
1161048	1161153	703510	703615	NC_057372.1	utg000004l	98.11		True
unknown
1161722	1162175	704179	704632	NC_057372.1	utg000004l	95.37		True
unknown
1162458	1162549	704910	705001	NC_057372.1	utg000004l	98.91		True
unknown
1162701	1163038	705153	705490	NC_057372.1	utg000004l	100.0		True
unknown
1164005	1164120	706456	706571	NC_057372.1	utg000004l	99.14		True
unknown
1164524	1164743	706969	707188	NC_057372.1	utg000004l	98.18		True
unknown
1164784	1164915	707223	707354	NC_057372.1	utg000004l	96.21		True
unknown
1165010	1165077	707449	707516	NC_057372.1	utg000004l	97.06		True
unknown
1165078	1165337	707518	707777	NC_057372.1	utg000004l	99.62		True
unknown
1165338	1165455	707779	707896	NC_057372.1	utg000004l	97.46		True
unknown
1165621	1165717	708082	708178	NC_057372.1	utg000004l	100.0		True
unknown
1175238	1175327	717512	717601	NC_057372.1	utg000004l	100.0		True
unknown
1176387	1176498	718659	718770	NC_057372.1	utg000004l	99.11		True
unknown
1179399	1179649	721611	721862	NC_057372.1	utg000004l	96.05		True
unknown
1182836	1182940	725046	725150	NC_057372.1	utg000004l	100.0		True
unknown
1185189	1185269	727418	727498	NC_057372.1	utg000004l	100.0		True
unknown
1189306	1189447	731707	731848	NC_057372.1	utg000004l	95.07		True
unknown
1195521	1195594	737945	738018	NC_057372.1	utg000004l	100.0		True
unknown
1196527	1196645	738935	739053	NC_057372.1	utg000004l	98.32		True
unknown
1197792	1197917	740159	740284	NC_057372.1	utg000004l	99.21		True
unknown
1197995	1198098	740353	740456	NC_057372.1	utg000004l	100.0		True
unknown
1198151	1198240	740489	740578	NC_057372.1	utg000004l	100.0		True
unknown
1198303	1198374	740627	740698	NC_057372.1	utg000004l	100.0		True
unknown
1200582	1200731	742906	743055	NC_057372.1	utg000004l	99.33		True
unknown
1201200	1201292	743531	743623	NC_057372.1	utg000004l	100.0		True
unknown
1211850	1211936	754434	754520	NC_057372.1	utg000004l	100.0		True
unknown
1215807	1215883	758180	758256	NC_057372.1	utg000004l	100.0		True
unknown
1216869	1216983	759239	759353	NC_057372.1	utg000004l	100.0		True
unknown
1217233	1217344	759625	759736	NC_057372.1	utg000004l	95.54		True
unknown
1219304	1219371	761696	761763	NC_057372.1	utg000004l	100.0		True
unknown
1219834	1219935	762246	762347	NC_057372.1	utg000004l	99.02		True
unknown
1220629	1220775	763028	763174	NC_057372.1	utg000004l	99.32		True
unknown
1221206	1221334	763605	763733	NC_057372.1	utg000004l	97.67		True
unknown
1226454	1226546	768489	768581	NC_057372.1	utg000004l	100.0		True
unknown
1228309	1228422	770386	770499	NC_057372.1	utg000004l	100.0		True
unknown
1235867	1235948	777855	777936	NC_057372.1	utg000004l	100.0		True
unknown
1239514	1239688	781447	781621	NC_057372.1	utg000004l	100.0		True
unknown
1240125	1240301	782071	782247	NC_057372.1	utg000004l	100.0		True
unknown
1242235	1242383	784201	784349	NC_057372.1	utg000004l	96.64		True
unknown
1243254	1243330	785216	785292	NC_057372.1	utg000004l	100.0		True
unknown
1245138	1245217	787096	787175	NC_057372.1	utg000004l	98.75		True
unknown
1255181	1255270	797011	797100	NC_057372.1	utg000004l	100.0		True
unknown
1256317	1256469	798136	798288	NC_057372.1	utg000004l	98.04		True
unknown
1260059	1260165	801733	801839	NC_057372.1	utg000004l	100.0		True
unknown
1284296	1284404	829320	829428	NC_057372.1	utg000004l	99.08		True
unknown
1303108	1303195	847925	848012	NC_057372.1	utg000004l	100.0		True
unknown
1304815	1304909	849643	849737	NC_057372.1	utg000004l	100.0		True
unknown
1321602	1321756	866584	866738	NC_057372.1	utg000004l	100.0		True
unknown
1333942	1334065	878834	878957	NC_057372.1	utg000004l	100.0		True
unknown
1339044	1339141	883878	883975	NC_057372.1	utg000004l	100.0		True
unknown
1339632	1339703	884453	884524	NC_057372.1	utg000004l	100.0		True
unknown
1345862	1345931	890590	890659	NC_057372.1	utg000004l	100.0		True
unknown
1347479	1347596	892166	892283	NC_057372.1	utg000004l	98.31		True
unknown
1347621	1347700	892307	892386	NC_057372.1	utg000004l	100.0		True
unknown
1347723	1347867	892408	892552	NC_057372.1	utg000004l	97.24		True
unknown
1349000	1349093	893701	893794	NC_057372.1	utg000004l	100.0		True
unknown
1359170	1359268	904165	904263	NC_057372.1	utg000004l	98.99		True
unknown
1362436	1362531	907562	907657	NC_057372.1	utg000004l	100.0		True
unknown
1362733	1362819	907853	907940	NC_057372.1	utg000004l	98.86		True
unknown
1366274	1366354	911366	911446	NC_057372.1	utg000004l	100.0		True
unknown
1399074	1399199	945262	945387	NC_057372.1	utg000004l	97.62		True
unknown
1402176	1402274	948387	948485	NC_057372.1	utg000004l	100.0		True
unknown
1402371	1402446	948590	948665	NC_057372.1	utg000004l	97.37		True
unknown
1403260	1403357	949490	949587	NC_057372.1	utg000004l	100.0		True
unknown
1403912	1404001	950140	950229	NC_057372.1	utg000004l	100.0		True
unknown
1405095	1405159	951306	951370	NC_057372.1	utg000004l	100.0		True
unknown
1406783	1406864	952957	953038	NC_057372.1	utg000004l	100.0		True
unknown
1407980	1408070	954143	954233	NC_057372.1	utg000004l	98.9		True
unknown
1415765	1415850	963608	963693	NC_057372.1	utg000004l	100.0		True
unknown
1416394	1416465	964250	964321	NC_057372.1	utg000004l	100.0		True
unknown
1417102	1417189	964974	965061	NC_057372.1	utg000004l	95.45		True
unknown
1418892	1418988	966777	966873	NC_057372.1	utg000004l	100.0		True
unknown
1419100	1419258	966986	967144	NC_057372.1	utg000004l	100.0		True
unknown
1419558	1419712	967432	967586	NC_057372.1	utg000004l	97.42		True
unknown
1419931	1420113	967806	967988	NC_057372.1	utg000004l	99.45		True
unknown
1423492	1423578	971279	971365	NC_057372.1	utg000004l	100.0		True
unknown
1423695	1423827	971493	971625	NC_057372.1	utg000004l	99.25		True
unknown
1425177	1425343	972941	973106	NC_057372.1	utg000004l	95.21		True
unknown
1425954	1426123	973719	973888	NC_057372.1	utg000004l	100.0		True
unknown
1426457	1426564	974216	974323	NC_057372.1	utg000004l	100.0		True
unknown
1426952	1427085	974705	974838	NC_057372.1	utg000004l	96.27		True
unknown
1427096	1427254	974851	975009	NC_057372.1	utg000004l	96.23		True
unknown
1428343	1428467	976111	976235	NC_057372.1	utg000004l	99.2		True
unknown
1429205	1429341	976938	977074	NC_057372.1	utg000004l	96.35		True
unknown
1429895	1430045	977635	977785	NC_057372.1	utg000004l	100.0		True
unknown
1433777	1433877	981442	981542	NC_057372.1	utg000004l	96.04		True
unknown
1433895	1433986	981549	981640	NC_057372.1	utg000004l	96.74		True
unknown
1434231	1434297	981900	981966	NC_057372.1	utg000004l	95.52		True
unknown
1434343	1434454	982009	982120	NC_057372.1	utg000004l	96.43		True
unknown
1435645	1435728	983279	983362	NC_057372.1	utg000004l	95.24		True
unknown
1436005	1436208	983642	983845	NC_057372.1	utg000004l	99.51		True
unknown
1437074	1437216	984723	984865	NC_057372.1	utg000004l	100.0		True
unknown
1437783	1437897	985447	985561	NC_057372.1	utg000004l	99.13		True
unknown
1440021	1440123	987670	987772	NC_057372.1	utg000004l	98.06		True
unknown
1440608	1440676	988254	988322	NC_057372.1	utg000004l	100.0		True
unknown
1440681	1440754	988338	988411	NC_057372.1	utg000004l	97.3		True
unknown
1442556	1442651	990097	990192	NC_057372.1	utg000004l	98.96		True
unknown
1444008	1444149	991361	991502	NC_057372.1	utg000004l	99.3		True
unknown
1444674	1444759	992044	992129	NC_057372.1	utg000004l	98.84		True
unknown
1446042	1446115	993398	993471	NC_057372.1	utg000004l	100.0		True
unknown
1446416	1446509	993761	993854	NC_057372.1	utg000004l	98.94		True
unknown
1460972	1461041	1005389	1005458	NC_057372.1	utg000004l	100.0		True
unknown
1463379	1463478	1007781	1007880	NC_057372.1	utg000004l	100.0		True
unknown
1464590	1464654	1008974	1009038	NC_057372.1	utg000004l	100.0		True
unknown
1464883	1465025	1009258	1009400	NC_057372.1	utg000004l	95.1		True
unknown
1465804	1465892	1010195	1010283	NC_057372.1	utg000004l	100.0		True
unknown
1468127	1468316	1012514	1012703	NC_057372.1	utg000004l	100.0		True
unknown
1470279	1470447	1014665	1014833	NC_057372.1	utg000004l	97.63		True
unknown
1472170	1472272	1016553	1016655	NC_057372.1	utg000004l	100.0		True
unknown
1472493	1472621	1016878	1017006	NC_057372.1	utg000004l	98.45		True
unknown
1474592	1474670	1018980	1019058	NC_057372.1	utg000004l	100.0		True
unknown
1486139	1486293	1030299	1030453	NC_057372.1	utg000004l	97.42		True
unknown
1486699	1486833	1030854	1030988	NC_057372.1	utg000004l	100.0		True
unknown
1487723	1488085	1031883	1032244	NC_057372.1	utg000004l	98.35		True
unknown
1490841	1490947	1034975	1035081	NC_057372.1	utg000004l	100.0		True
unknown
1491680	1491863	1035809	1035993	NC_057372.1	utg000004l	99.46		True
unknown
1492369	1492463	1036495	1036589	NC_057372.1	utg000004l	96.84		True
unknown
1492729	1492838	1036855	1036964	NC_057372.1	utg000004l	97.27		True
unknown
1493685	1493903	1037808	1038026	NC_057372.1	utg000004l	98.63		True
unknown
1493967	1494061	1038096	1038190	NC_057372.1	utg000004l	100.0		True
unknown
1494816	1494921	1038947	1039052	NC_057372.1	utg000004l	100.0		True
unknown
1495783	1495898	1039935	1040051	NC_057372.1	utg000004l	98.29		True
unknown
1496204	1496271	1040356	1040423	NC_057372.1	utg000004l	100.0		True
unknown
1499615	1499778	1043812	1043975	NC_057372.1	utg000004l	100.0		True
unknown
1500324	1500533	1044530	1044739	NC_057372.1	utg000004l	99.05		True
unknown
1500849	1501037	1045070	1045258	NC_057372.1	utg000004l	97.35		True
unknown
1502023	1502152	1046261	1046390	NC_057372.1	utg000004l	100.0		True
unknown
1502300	1502392	1046536	1046628	NC_057372.1	utg000004l	100.0		True
unknown
1502792	1502902	1047041	1047151	NC_057372.1	utg000004l	100.0		True
unknown
1508822	1508917	1053251	1053346	NC_057372.1	utg000004l	100.0		True
unknown
1508932	1509000	1053365	1053433	NC_057372.1	utg000004l	97.1		True
unknown
1509132	1509268	1053564	1053700	NC_057372.1	utg000004l	100.0		True
unknown
1519284	1519357	1063729	1063802	NC_057372.1	utg000004l	100.0		True
unknown
CONTIG	utg000004l	1114763	mis_unaligned
441344	441486	11244	11102	NC_057373.1	utg000194l	100.0		True
unknown
441156	441303	11427	11280	NC_057373.1	utg000194l	98.65		True
unknown
440068	440153	12511	12426	NC_057373.1	utg000194l	100.0		True
unknown
438091	438190	14369	14270	NC_057373.1	utg000194l	100.0		True
unknown
373057	373142	72499	72414	NC_057373.1	utg000194l	100.0		True
unknown
372529	372624	72991	72896	NC_057373.1	utg000194l	100.0		True
unknown
366183	366260	80125	80048	NC_057373.1	utg000194l	100.0		True
unknown
365963	366063	80344	80244	NC_057373.1	utg000194l	100.0		True
unknown
365331	365401	80960	80890	NC_057373.1	utg000194l	100.0		True
unknown
364886	365004	81404	81286	NC_057373.1	utg000194l	100.0		True
unknown
364447	364671	81845	81621	NC_057373.1	utg000194l	98.67		True
unknown
CONTIG	utg000194l	110436	mis_unaligned
CONTIG	utg000393l	12939	unaligned
CONTIG	utg000445l	12204	unaligned
CONTIG	utg000599l	110672	unaligned
892564	892655	5205	5114	NC_057378.1	utg000216l	100.0		True
unknown
882413	882534	14487	14366	NC_057378.1	utg000216l	100.0		True
unknown
881102	881197	15731	15636	NC_057378.1	utg000216l	100.0		True
unknown
873111	873237	29479	29353	NC_057378.1	utg000216l	98.43		True
unknown
872740	872858	29859	29741	NC_057378.1	utg000216l	99.16		True
unknown
872520	872628	30081	29973	NC_057378.1	utg000216l	98.17		True
unknown
871746	871810	30867	30803	NC_057378.1	utg000216l	100.0		True
unknown
817194	817281	100117	100028	NC_057378.1	utg000216l	97.78		True
unknown
815262	815353	102747	102656	NC_057378.1	utg000216l	97.83		True
unknown
815157	815249	102854	102762	NC_057378.1	utg000216l	100.0		True
unknown
812944	813108	105040	104876	NC_057378.1	utg000216l	95.15		True
unknown
811756	811877	106201	106080	NC_057378.1	utg000216l	99.18		True
unknown
806080	806149	114912	114843	NC_057378.1	utg000216l	100.0		True
unknown
805470	805649	115513	115334	NC_057378.1	utg000216l	95.0		True
unknown
804964	805057	116020	115927	NC_057378.1	utg000216l	98.94		True
unknown
804844	804915	116135	116064	NC_057378.1	utg000216l	98.61		True
unknown
804590	804824	116395	116161	NC_057378.1	utg000216l	97.87		True
unknown
804139	804262	116860	116736	NC_057378.1	utg000216l	99.2		True
unknown
803785	803890	117259	117154	NC_057378.1	utg000216l	100.0		True
unknown
803314	803494	117717	117537	NC_057378.1	utg000216l	100.0		True
unknown
802977	803168	118047	117856	NC_057378.1	utg000216l	97.4		True
unknown
802810	802927	118207	118090	NC_057378.1	utg000216l	97.46		True
unknown
802602	802671	118415	118346	NC_057378.1	utg000216l	95.71		True
unknown
797188	797301	123938	123824	NC_057378.1	utg000216l	99.13		True
unknown
CONTIG	utg000216l	134835	mis_unaligned
CONTIG	utg000676l	10587	unaligned
CONTIG	utg000038l	13546	unaligned
CONTIG	utg000689l	12224	unaligned
957478	957660	63283	63465	NC_057374.1	utg000123l	97.27		True
unknown
959244	959370	65087	65213	NC_057374.1	utg000123l	100.0		True
unknown
959480	959617	65327	65464	NC_057374.1	utg000123l	96.38		True
unknown
959656	959884	65505	65733	NC_057374.1	utg000123l	95.2		True
unknown
960157	960238	66005	66086	NC_057374.1	utg000123l	100.0		True
unknown
962686	962862	68499	68675	NC_057374.1	utg000123l	97.74		True
unknown
962901	963020	68717	68836	NC_057374.1	utg000123l	96.67		True
unknown
964845	964995	70673	70823	NC_057374.1	utg000123l	98.01		True
unknown
965070	965225	70895	71050	NC_057374.1	utg000123l	96.79		True
unknown
966306	966370	72152	72216	NC_057374.1	utg000123l	100.0		True
unknown
967029	967097	72868	72936	NC_057374.1	utg000123l	100.0		True
unknown
968594	968771	74434	74611	NC_057374.1	utg000123l	100.0		True
unknown
972428	972514	78290	78376	NC_057374.1	utg000123l	98.85		True
unknown
977169	977293	87315	87439	NC_057374.1	utg000123l	99.2		True
unknown
979060	979247	89184	89371	NC_057374.1	utg000123l	100.0		True
unknown
979649	979773	89758	89882	NC_057374.1	utg000123l	96.8		True
unknown
982815	982898	92509	92593	NC_057374.1	utg000123l	98.82		True
unknown
984454	984574	94558	94678	NC_057374.1	utg000123l	98.35		True
unknown
988013	988107	98008	98102	NC_057374.1	utg000123l	100.0		True
unknown
988324	988466	98317	98459	NC_057374.1	utg000123l	100.0		True
unknown
989071	989192	99045	99166	NC_057374.1	utg000123l	100.0		True
unknown
989879	989958	99867	99946	NC_057374.1	utg000123l	100.0		True
unknown
991691	991755	101661	101725	NC_057374.1	utg000123l	100.0		True
unknown
CONTIG	utg000123l	106609	mis_unaligned
CONTIG	utg000807l	11504	unaligned
CONTIG	utg000511l	12642	unaligned
CONTIG	utg000800l	12099	unaligned
CONTIG	utg000779l	13776	unaligned
CONTIG	utg000595l	10739	unaligned
CONTIG	utg000787l	12332	unaligned
CONTIG	utg000532l	12447	unaligned
2785529	2785624	28705	28610	NC_057371.1	utg000330l	100.0		True
CONTIG	utg000330l	121365	correct_unaligned
1862077	1862176	7060	7159	NC_057383.1	utg000076l	100.0		True
unknown
1862309	1862437	7288	7416	NC_057383.1	utg000076l	96.12		True
unknown
1863014	1863151	7994	8131	NC_057383.1	utg000076l	100.0		True
unknown
1863626	1863732	8613	8719	NC_057383.1	utg000076l	98.13		True
unknown
1877830	1877998	18248	18416	NC_057383.1	utg000076l	97.04		True
unknown
1878092	1878334	18509	18751	NC_057383.1	utg000076l	99.59		True
unknown
1880129	1880301	20017	20189	NC_057383.1	utg000076l	97.11		True
unknown
1039122	1039246	31253	31129	NC_057371.1	utg000076l	95.2		True
unknown
1038795	1039111	31577	31261	NC_057371.1	utg000076l	96.85		True
unknown
1038378	1038458	31995	31915	NC_057371.1	utg000076l	96.3		True
unknown
1038254	1038332	32215	32137	NC_057371.1	utg000076l	96.2		True
unknown
1038135	1038253	32335	32217	NC_057371.1	utg000076l	96.64		True
unknown
CONTIG	utg000076l	114089	mis_unaligned
CONTIG	utg000550l	10957	unaligned
2785554	2785625	1776	1847	NC_057371.1	utg000685l	100.0		True
CONTIG	utg000685l	13774	correct_unaligned
CONTIG	utg000733l	11151	unaligned
871870	872067	94194	93997	NC_057382.1	utg000168l	96.46		True
unknown
871802	871866	94264	94200	NC_057382.1	utg000168l	96.92		True
unknown
871253	871438	94802	94617	NC_057382.1	utg000168l	95.7		True
unknown
CONTIG	utg000168l	116019	mis_unaligned
301419	301483	69765	69829	NC_057378.1	utg000233l	100.0		True
unknown
302099	302207	71380	71488	NC_057378.1	utg000233l	100.0		True
unknown
303017	303144	72309	72436	NC_057378.1	utg000233l	100.0		True
unknown
303249	303521	72540	72812	NC_057378.1	utg000233l	98.53		True
unknown
303577	303677	72873	72973	NC_057378.1	utg000233l	100.0		True
unknown
CONTIG	utg000233l	128319	mis_unaligned
1037716	1038066	5719	5369	NC_057371.1	utg000072l	96.3		True
CONTIG	utg000072l	107920	correct_unaligned
CONTIG	utg000503l	12107	unaligned
CONTIG	utg000325l	12227	unaligned
CONTIG	utg000465l	10081	unaligned
1627821	1627947	29615	29741	NC_057381.1	utg000309l	95.28		True
unknown
1628293	1628496	30082	30285	NC_057381.1	utg000309l	99.02		True
unknown
1628777	1628867	30604	30694	NC_057381.1	utg000309l	100.0		True
unknown
1628923	1629032	30741	30850	NC_057381.1	utg000309l	99.09		True
unknown
CONTIG	utg000309l	124474	mis_unaligned
CONTIG	utg000486l	12543	unaligned
309514	309601	25911	25824	NC_057379.1	utg000269l	100.0		True
unknown
280266	280385	55025	54906	NC_057379.1	utg000269l	100.0		True
unknown
279795	279940	55497	55352	NC_057379.1	utg000269l	95.21		True
unknown
279195	279386	56098	55907	NC_057379.1	utg000269l	97.4		True
unknown
1473033	1473138	69354	69459	NC_057378.1	utg000269l	100.0		True
unknown
1474346	1474460	70603	70717	NC_057378.1	utg000269l	99.13		True
unknown
1474507	1474931	70767	71191	NC_057378.1	utg000269l	97.65		True
unknown
CONTIG	utg000269l	112277	mis_unaligned
CONTIG	utg000773l	13629	unaligned
CONTIG	utg000810l	10701	unaligned
CONTIG	utg000683l	11257	unaligned
CONTIG	utg000517l	12097	unaligned
CONTIG	utg000661l	13002	unaligned
114691	114830	15179	15318	NC_057381.1	utg000092l	97.14		True
unknown
115285	115386	15759	15860	NC_057381.1	utg000092l	99.02		True
unknown
CONTIG	utg000092l	108700	mis_unaligned
198819	198923	57671	57775	NC_057384.1	utg000276l	100.0		True
unknown
200105	200307	58935	59137	NC_057384.1	utg000276l	98.03		True
unknown
200534	200635	59365	59466	NC_057384.1	utg000276l	100.0		True
unknown
204978	205080	63736	63838	NC_057384.1	utg000276l	100.0		True
unknown
205453	205527	64207	64281	NC_057384.1	utg000276l	100.0		True
unknown
CONTIG	utg000276l	101624	mis_unaligned
CONTIG	utg000719l	12335	unaligned
1332520	1332639	2237	2358	NC_057385.1	utg000106l	98.36		True
unknown
1334162	1334280	3881	3999	NC_057385.1	utg000106l	100.0		True
unknown
1336409	1336552	6142	6285	NC_057385.1	utg000106l	100.0		True
unknown
1338859	1338925	8579	8645	NC_057385.1	utg000106l	100.0		True
unknown
1342441	1342548	12103	12210	NC_057385.1	utg000106l	100.0		True
unknown
1350057	1350139	19713	19795	NC_057385.1	utg000106l	98.8		True
unknown
1351034	1351170	20650	20786	NC_057385.1	utg000106l	100.0		True
unknown
1351930	1352046	21537	21653	NC_057385.1	utg000106l	100.0		True
unknown
1352494	1352585	22099	22190	NC_057385.1	utg000106l	100.0		True
unknown
1355545	1355609	25163	25227	NC_057385.1	utg000106l	100.0		True
unknown
1361357	1361494	30974	31111	NC_057385.1	utg000106l	99.28		True
unknown
1361530	1361618	31150	31238	NC_057385.1	utg000106l	100.0		True
unknown
1364740	1364825	33817	33902	NC_057385.1	utg000106l	100.0		True
unknown
1365209	1365330	34278	34399	NC_057385.1	utg000106l	99.18		True
unknown
1366477	1366617	35574	35714	NC_057385.1	utg000106l	99.29		True
unknown
1368247	1368366	37315	37434	NC_057385.1	utg000106l	99.17		True
unknown
1369918	1370017	38953	39052	NC_057385.1	utg000106l	97.0		True
unknown
1370188	1370352	39215	39379	NC_057385.1	utg000106l	98.18		True
unknown
1371800	1371903	40834	40937	NC_057385.1	utg000106l	96.15		True
unknown
1374376	1374481	43382	43487	NC_057385.1	utg000106l	100.0		True
unknown
1378095	1378318	47074	47297	NC_057385.1	utg000106l	100.0		True
unknown
1389468	1389571	58375	58478	NC_057385.1	utg000106l	97.12		True
unknown
1389706	1389772	58617	58683	NC_057385.1	utg000106l	100.0		True
unknown
1390195	1390521	59079	59405	NC_057385.1	utg000106l	98.78		True
unknown
1390621	1390695	59509	59583	NC_057385.1	utg000106l	100.0		True
unknown
1390989	1391067	59886	59964	NC_057385.1	utg000106l	100.0		True
unknown
1391648	1391823	60532	60707	NC_057385.1	utg000106l	100.0		True
unknown
1392839	1392920	61739	61820	NC_057385.1	utg000106l	100.0		True
unknown
1393357	1393422	62292	62357	NC_057385.1	utg000106l	100.0		True
unknown
1393842	1393923	62788	62869	NC_057385.1	utg000106l	100.0		True
unknown
1395214	1395416	64167	64369	NC_057385.1	utg000106l	97.54		True
unknown
1426392	1426456	95452	95516	NC_057385.1	utg000106l	100.0		True
unknown
1440878	1440949	109158	109229	NC_057385.1	utg000106l	100.0		True
unknown
1460492	1460586	128303	128397	NC_057385.1	utg000106l	100.0		True
unknown
1474404	1474567	135826	135989	NC_057385.1	utg000106l	100.0		True
unknown
1475502	1475639	136907	137044	NC_057385.1	utg000106l	97.83		True
unknown
1477463	1477559	138608	138704	NC_057385.1	utg000106l	100.0		True
unknown
1479831	1479999	140928	141090	NC_057385.1	utg000106l	96.45		True
unknown
1484554	1484665	145889	146000	NC_057385.1	utg000106l	99.11		True
unknown
1484727	1484836	146062	146171	NC_057385.1	utg000106l	99.09		True
unknown
1485601	1485684	146934	147017	NC_057385.1	utg000106l	100.0		True
unknown
1486266	1486388	147597	147719	NC_057385.1	utg000106l	100.0		True
unknown
1488904	1489016	150176	150288	NC_057385.1	utg000106l	97.35		True
unknown
1489138	1489327	150409	150598	NC_057385.1	utg000106l	96.84		True
unknown
1490301	1490407	151577	151681	NC_057385.1	utg000106l	98.13		True
unknown
1496736	1496809	157783	157856	NC_057385.1	utg000106l	100.0		True
unknown
1497509	1497583	158532	158606	NC_057385.1	utg000106l	96.0		True
unknown
1502360	1502445	164029	164114	NC_057385.1	utg000106l	100.0		True
unknown
1503841	1503926	165499	165584	NC_057385.1	utg000106l	98.84		True
unknown
1505305	1505372	166915	166982	NC_057385.1	utg000106l	100.0		True
unknown
1509849	1509932	171275	171358	NC_057385.1	utg000106l	100.0		True
unknown
1513016	1513080	174399	174463	NC_057385.1	utg000106l	100.0		True
unknown
1522382	1522537	180550	180705	NC_057385.1	utg000106l	99.36		True
unknown
1523368	1523447	181528	181607	NC_057385.1	utg000106l	100.0		True
unknown
1529406	1529488	187956	188038	NC_057385.1	utg000106l	100.0		True
unknown
1531877	1531978	190461	190562	NC_057385.1	utg000106l	96.08		True
unknown
1532988	1533061	191553	191626	NC_057385.1	utg000106l	100.0		True
unknown
1534781	1534864	193362	193445	NC_057385.1	utg000106l	100.0		True
unknown
1543007	1543078	199373	199444	NC_057385.1	utg000106l	95.83		True
unknown
1546851	1546950	203127	203226	NC_057385.1	utg000106l	95.0		True
unknown
1548684	1548837	204932	205085	NC_057385.1	utg000106l	100.0		True
unknown
1549738	1549859	205944	206065	NC_057385.1	utg000106l	99.18		True
unknown
1549865	1549992	206075	206202	NC_057385.1	utg000106l	96.09		True
unknown
1550114	1550268	206321	206475	NC_057385.1	utg000106l	99.35		True
unknown
1550616	1550715	206835	206934	NC_057385.1	utg000106l	99.0		True
unknown
1550783	1550858	207007	207082	NC_057385.1	utg000106l	100.0		True
unknown
1551195	1551288	207416	207510	NC_057385.1	utg000106l	98.95		True
unknown
1553200	1553274	210072	210146	NC_057385.1	utg000106l	100.0		True
unknown
1560431	1560519	217317	217405	NC_057385.1	utg000106l	100.0		True
unknown
1561890	1562035	218759	218904	NC_057385.1	utg000106l	100.0		True
unknown
1572842	1572927	227620	227705	NC_057385.1	utg000106l	100.0		True
unknown
1574713	1574782	229510	229579	NC_057385.1	utg000106l	100.0		True
unknown
1579858	1579954	234678	234774	NC_057385.1	utg000106l	100.0		True
unknown
1580220	1580312	235053	235145	NC_057385.1	utg000106l	98.92		True
unknown
1581663	1581745	236477	236559	NC_057385.1	utg000106l	100.0		True
unknown
1587959	1588127	242784	242952	NC_057385.1	utg000106l	100.0		True
unknown
1588302	1588500	243130	243328	NC_057385.1	utg000106l	96.98		True
unknown
1588622	1588811	243451	243640	NC_057385.1	utg000106l	99.47		True
unknown
1589040	1589175	243872	244007	NC_057385.1	utg000106l	99.26		True
unknown
1589756	1589921	244591	244756	NC_057385.1	utg000106l	100.0		True
unknown
1591446	1591540	246284	246378	NC_057385.1	utg000106l	100.0		True
unknown
1592613	1592739	247350	247476	NC_057385.1	utg000106l	100.0		True
unknown
1600040	1600165	255082	255207	NC_057385.1	utg000106l	100.0		True
unknown
1602068	1602246	257091	257267	NC_057385.1	utg000106l	98.88		True
unknown
1602620	1602723	257646	257749	NC_057385.1	utg000106l	100.0		True
unknown
1603376	1603476	258397	258497	NC_057385.1	utg000106l	100.0		True
unknown
1603984	1604132	258971	259119	NC_057385.1	utg000106l	97.99		True
unknown
1605440	1605611	260424	260596	NC_057385.1	utg000106l	97.11		True
unknown
1610487	1610606	265496	265615	NC_057385.1	utg000106l	96.67		True
unknown
1610797	1610904	265807	265914	NC_057385.1	utg000106l	98.15		True
unknown
1611919	1612162	266923	267162	NC_057385.1	utg000106l	97.95		True
unknown
1612472	1612548	267478	267554	NC_057385.1	utg000106l	98.7		True
unknown
1612597	1612706	267602	267711	NC_057385.1	utg000106l	96.36		True
unknown
1617295	1617404	272311	272420	NC_057385.1	utg000106l	100.0		True
unknown
1623148	1623283	278147	278283	NC_057385.1	utg000106l	99.27		True
unknown
1627043	1627117	282065	282139	NC_057385.1	utg000106l	100.0		True
unknown
1636112	1636189	292242	292319	NC_057385.1	utg000106l	98.72		True
unknown
1640971	1641079	297021	297129	NC_057385.1	utg000106l	100.0		True
unknown
1643319	1643446	299430	299557	NC_057385.1	utg000106l	100.0		True
unknown
1644424	1644509	300531	300616	NC_057385.1	utg000106l	100.0		True
unknown
1647500	1647582	303550	303632	NC_057385.1	utg000106l	98.8		True
unknown
1648242	1648455	304290	304503	NC_057385.1	utg000106l	97.66		True
unknown
1648742	1648968	304788	305014	NC_057385.1	utg000106l	100.0		True
unknown
1650254	1650336	306302	306384	NC_057385.1	utg000106l	97.59		True
unknown
1651804	1651892	307841	307929	NC_057385.1	utg000106l	97.75		True
unknown
1684187	1684265	339678	339757	NC_057385.1	utg000106l	98.75		True
unknown
1685493	1685568	340997	341072	NC_057385.1	utg000106l	100.0		True
unknown
1685680	1685781	341180	341281	NC_057385.1	utg000106l	98.04		True
unknown
1691110	1691194	346603	346687	NC_057385.1	utg000106l	100.0		True
unknown
1693964	1694095	349436	349567	NC_057385.1	utg000106l	98.48		True
unknown
1694309	1694398	349763	349852	NC_057385.1	utg000106l	98.89		True
unknown
1694411	1694543	349861	349993	NC_057385.1	utg000106l	98.5		True
unknown
1697139	1697298	352527	352686	NC_057385.1	utg000106l	99.38		True
unknown
1697723	1697797	353095	353169	NC_057385.1	utg000106l	100.0		True
unknown
1698438	1698555	353801	353918	NC_057385.1	utg000106l	99.15		True
unknown
1698587	1698709	353941	354063	NC_057385.1	utg000106l	100.0		True
unknown
1698796	1698963	354142	354309	NC_057385.1	utg000106l	97.62		True
unknown
1699099	1699225	354431	354557	NC_057385.1	utg000106l	99.21		True
unknown
1699263	1699643	354589	354969	NC_057385.1	utg000106l	100.0		True
unknown
1699712	1699837	355038	355163	NC_057385.1	utg000106l	100.0		True
unknown
1699839	1700023	355164	355348	NC_057385.1	utg000106l	95.14		True
unknown
1700090	1700422	355417	355749	NC_057385.1	utg000106l	99.4		True
unknown
1700426	1700658	355750	355982	NC_057385.1	utg000106l	97.42		True
unknown
1700695	1700800	356018	356123	NC_057385.1	utg000106l	95.28		True
unknown
1700839	1700973	356163	356297	NC_057385.1	utg000106l	99.26		True
unknown
1701447	1701522	356769	356844	NC_057385.1	utg000106l	100.0		True
unknown
1703140	1703230	358461	358551	NC_057385.1	utg000106l	95.6		True
unknown
1703975	1704077	359288	359390	NC_057385.1	utg000106l	100.0		True
unknown
1705021	1705088	360317	360384	NC_057385.1	utg000106l	100.0		True
unknown
1706419	1706549	361730	361861	NC_057385.1	utg000106l	99.24		True
unknown
1707223	1707363	362570	362710	NC_057385.1	utg000106l	100.0		True
unknown
1708099	1708232	363431	363564	NC_057385.1	utg000106l	100.0		True
unknown
1709647	1709860	364970	365183	NC_057385.1	utg000106l	97.2		True
unknown
1709880	1709973	365192	365285	NC_057385.1	utg000106l	97.87		True
unknown
1710021	1710099	365340	365418	NC_057385.1	utg000106l	98.73		True
unknown
1710512	1710670	365848	366006	NC_057385.1	utg000106l	97.48		True
unknown
1711177	1711394	366510	366727	NC_057385.1	utg000106l	98.62		True
unknown
1711565	1711696	366903	367034	NC_057385.1	utg000106l	100.0		True
unknown
1712166	1712323	367498	367655	NC_057385.1	utg000106l	97.47		True
unknown
1713614	1713840	368959	369185	NC_057385.1	utg000106l	98.24		True
unknown
1714638	1714733	369983	370078	NC_057385.1	utg000106l	100.0		True
unknown
1716180	1716307	371508	371635	NC_057385.1	utg000106l	98.44		True
unknown
1716447	1716586	371769	371908	NC_057385.1	utg000106l	100.0		True
unknown
1716667	1716815	371998	372146	NC_057385.1	utg000106l	100.0		True
unknown
1726685	1726832	381910	382057	NC_057385.1	utg000106l	100.0		True
unknown
1727126	1727239	382357	382470	NC_057385.1	utg000106l	99.12		True
unknown
1727404	1727733	382653	382982	NC_057385.1	utg000106l	98.48		True
unknown
1727946	1728017	383214	383285	NC_057385.1	utg000106l	98.61		True
unknown
1729208	1729281	384456	384529	NC_057385.1	utg000106l	100.0		True
unknown
1729761	1729858	384974	385071	NC_057385.1	utg000106l	100.0		True
unknown
1731025	1731092	386279	386346	NC_057385.1	utg000106l	100.0		True
unknown
1731320	1731414	386582	386676	NC_057385.1	utg000106l	100.0		True
unknown
1737816	1738402	394451	395023	NC_057385.1	utg000106l	95.44		True
unknown
1739315	1739583	395961	396229	NC_057385.1	utg000106l	98.88		True
unknown
1740039	1740214	396681	396856	NC_057385.1	utg000106l	97.16		True
unknown
1741043	1741217	397675	397849	NC_057385.1	utg000106l	100.0		True
unknown
1743548	1743712	400138	400302	NC_057385.1	utg000106l	99.39		True
unknown
1743815	1743882	400406	400473	NC_057385.1	utg000106l	95.59		True
unknown
1744416	1744502	400984	401070	NC_057385.1	utg000106l	100.0		True
unknown
1749633	1749726	406092	406185	NC_057385.1	utg000106l	100.0		True
unknown
1750695	1750803	407140	407248	NC_057385.1	utg000106l	100.0		True
unknown
1752838	1752976	409385	409523	NC_057385.1	utg000106l	99.28		True
unknown
1755559	1755660	412105	412206	NC_057385.1	utg000106l	100.0		True
unknown
1756399	1756481	412950	413032	NC_057385.1	utg000106l	100.0		True
unknown
1763515	1763612	419888	419985	NC_057385.1	utg000106l	100.0		True
unknown
1764604	1764743	420978	421117	NC_057385.1	utg000106l	100.0		True
unknown
1766086	1766219	422459	422591	NC_057385.1	utg000106l	97.01		True
unknown
1767262	1767536	423633	423907	NC_057385.1	utg000106l	95.64		True
unknown
1767605	1767726	423974	424095	NC_057385.1	utg000106l	100.0		True
unknown
1771655	1771733	428108	428186	NC_057385.1	utg000106l	100.0		True
unknown
1776261	1776347	432745	432831	NC_057385.1	utg000106l	100.0		True
unknown
1776867	1777034	433345	433512	NC_057385.1	utg000106l	100.0		True
unknown
1778101	1778252	434562	434713	NC_057385.1	utg000106l	99.34		True
unknown
1778412	1778591	434873	435052	NC_057385.1	utg000106l	100.0		True
unknown
1787322	1787422	443946	444046	NC_057385.1	utg000106l	100.0		True
unknown
1787525	1787663	444142	444280	NC_057385.1	utg000106l	98.56		True
unknown
1789685	1789771	446363	446449	NC_057385.1	utg000106l	97.7		True
unknown
1790063	1790262	446714	446913	NC_057385.1	utg000106l	100.0		True
unknown
1790316	1790417	446950	447051	NC_057385.1	utg000106l	100.0		True
unknown
1792095	1792196	448620	448721	NC_057385.1	utg000106l	96.08		True
unknown
1792252	1792349	448778	448875	NC_057385.1	utg000106l	100.0		True
unknown
1795136	1795243	451686	451793	NC_057385.1	utg000106l	100.0		True
unknown
1796138	1796206	452678	452746	NC_057385.1	utg000106l	100.0		True
unknown
1796567	1796686	453097	453216	NC_057385.1	utg000106l	100.0		True
unknown
1798522	1798641	455026	455145	NC_057385.1	utg000106l	98.33		True
unknown
1799834	1800009	456345	456520	NC_057385.1	utg000106l	96.02		True
unknown
1800051	1800124	456568	456641	NC_057385.1	utg000106l	100.0		True
unknown
1801615	1801843	458161	458389	NC_057385.1	utg000106l	97.38		True
unknown
1802057	1802248	458600	458791	NC_057385.1	utg000106l	99.48		True
unknown
1802289	1802362	458825	458898	NC_057385.1	utg000106l	98.65		True
unknown
1802744	1802826	459285	459367	NC_057385.1	utg000106l	98.8		True
unknown
1802925	1803126	459443	459644	NC_057385.1	utg000106l	98.02		True
unknown
1804827	1804984	461286	461443	NC_057385.1	utg000106l	97.47		True
unknown
1805407	1805483	461824	461900	NC_057385.1	utg000106l	100.0		True
unknown
1808093	1808187	464479	464573	NC_057385.1	utg000106l	100.0		True
unknown
1817844	1817911	474042	474109	NC_057385.1	utg000106l	100.0		True
unknown
1821387	1821561	477563	477737	NC_057385.1	utg000106l	97.14		True
unknown
1826713	1826819	482885	482991	NC_057385.1	utg000106l	100.0		True
unknown
1831139	1831239	487302	487402	NC_057385.1	utg000106l	100.0		True
unknown
1831595	1831662	487746	487813	NC_057385.1	utg000106l	100.0		True
unknown
1832951	1833025	489100	489174	NC_057385.1	utg000106l	100.0		True
unknown
1835408	1835521	491528	491641	NC_057385.1	utg000106l	100.0		True
unknown
1836117	1836190	492233	492306	NC_057385.1	utg000106l	100.0		True
unknown
1837672	1837850	493776	493954	NC_057385.1	utg000106l	99.44		True
unknown
1842857	1843073	499096	499312	NC_057385.1	utg000106l	98.62		True
unknown
1850242	1850399	506785	506942	NC_057385.1	utg000106l	100.0		True
unknown
1852337	1852483	508874	509020	NC_057385.1	utg000106l	98.64		True
unknown
1852864	1852930	509389	509455	NC_057385.1	utg000106l	95.52		True
unknown
1854790	1854952	511316	511478	NC_057385.1	utg000106l	100.0		True
unknown
1855728	1855843	512248	512363	NC_057385.1	utg000106l	100.0		True
unknown
1856156	1856272	512653	512769	NC_057385.1	utg000106l	99.15		True
unknown
1856544	1856657	513037	513150	NC_057385.1	utg000106l	100.0		True
unknown
1857137	1857221	513627	513711	NC_057385.1	utg000106l	98.82		True
unknown
1857325	1857555	513810	514040	NC_057385.1	utg000106l	100.0		True
unknown
1857599	1857684	514084	514169	NC_057385.1	utg000106l	100.0		True
unknown
1857903	1858649	514384	515130	NC_057385.1	utg000106l	96.39		True
unknown
1858747	1858937	515231	515421	NC_057385.1	utg000106l	95.81		True
unknown
1859135	1859361	515620	515846	NC_057385.1	utg000106l	95.59		True
unknown
1859366	1859715	515851	516200	NC_057385.1	utg000106l	99.71		True
unknown
1860703	1860863	517174	517334	NC_057385.1	utg000106l	97.52		True
unknown
1861323	1861484	517783	517944	NC_057385.1	utg000106l	96.91		True
unknown
1867183	1867302	523230	523349	NC_057385.1	utg000106l	95.0		True
unknown
1867521	1867628	523564	523671	NC_057385.1	utg000106l	100.0		True
unknown
1869869	1869952	525763	525846	NC_057385.1	utg000106l	100.0		True
unknown
1884555	1884620	538420	538485	NC_057385.1	utg000106l	100.0		True
unknown
1885087	1885226	538952	539090	NC_057385.1	utg000106l	99.29		True
unknown
1885435	1885561	539305	539431	NC_057385.1	utg000106l	100.0		True
unknown
1886131	1886256	539997	540122	NC_057385.1	utg000106l	98.41		True
unknown
1888434	1888532	542333	542431	NC_057385.1	utg000106l	100.0		True
unknown
1889489	1889601	543376	543488	NC_057385.1	utg000106l	100.0		True
unknown
1890116	1890287	544005	544176	NC_057385.1	utg000106l	98.84		True
unknown
1891360	1891470	545258	545370	NC_057385.1	utg000106l	98.23		True
unknown
1899017	1899148	552155	552286	NC_057385.1	utg000106l	99.24		True
unknown
1899482	1899670	552626	552814	NC_057385.1	utg000106l	96.3		True
unknown
1903975	1904042	557108	557175	NC_057385.1	utg000106l	100.0		True
unknown
1907089	1907170	559151	559232	NC_057385.1	utg000106l	100.0		True
unknown
1911931	1912192	563991	564252	NC_057385.1	utg000106l	98.47		True
unknown
1913608	1913759	565657	565808	NC_057385.1	utg000106l	100.0		True
unknown
1914902	1915031	566946	567075	NC_057385.1	utg000106l	100.0		True
unknown
1915876	1915995	567921	568040	NC_057385.1	utg000106l	100.0		True
unknown
1916557	1916806	568600	568851	NC_057385.1	utg000106l	97.62		True
unknown
1920060	1920129	572085	572154	NC_057385.1	utg000106l	100.0		True
unknown
1921158	1921225	573178	573245	NC_057385.1	utg000106l	100.0		True
unknown
1921949	1922047	573976	574074	NC_057385.1	utg000106l	100.0		True
unknown
1923012	1923144	575025	575157	NC_057385.1	utg000106l	96.99		True
unknown
1923298	1923460	575311	575473	NC_057385.1	utg000106l	95.09		True
unknown
1925545	1925671	577553	577679	NC_057385.1	utg000106l	99.21		True
unknown
1929222	1929319	581193	581290	NC_057385.1	utg000106l	100.0		True
unknown
1929878	1929978	581845	581945	NC_057385.1	utg000106l	100.0		True
unknown
1931031	1931298	583014	583281	NC_057385.1	utg000106l	95.17		True
unknown
1931806	1931906	583792	583892	NC_057385.1	utg000106l	100.0		True
unknown
1937915	1938027	590039	590151	NC_057385.1	utg000106l	100.0		True
unknown
1938971	1939105	591087	591221	NC_057385.1	utg000106l	95.56		True
unknown
1939282	1939774	591400	591892	NC_057385.1	utg000106l	95.94		True
unknown
1940195	1940285	592309	592399	NC_057385.1	utg000106l	95.6		True
unknown
1941487	1941629	593612	593754	NC_057385.1	utg000106l	98.6		True
unknown
1941953	1942054	594069	594170	NC_057385.1	utg000106l	99.02		True
unknown
1942221	1942345	594344	594468	NC_057385.1	utg000106l	100.0		True
unknown
1942623	1942741	594747	594865	NC_057385.1	utg000106l	98.32		True
unknown
1943013	1943117	595248	595352	NC_057385.1	utg000106l	100.0		True
unknown
1943583	1943683	595799	595899	NC_057385.1	utg000106l	100.0		True
unknown
1948485	1948629	600693	600837	NC_057385.1	utg000106l	98.62		True
unknown
1950909	1951004	603100	603195	NC_057385.1	utg000106l	97.92		True
unknown
1952039	1952109	604240	604310	NC_057385.1	utg000106l	100.0		True
unknown
1952177	1952281	604378	604482	NC_057385.1	utg000106l	99.05		True
unknown
1961479	1961622	613470	613613	NC_057385.1	utg000106l	100.0		True
unknown
1963505	1963588	615502	615585	NC_057385.1	utg000106l	100.0		True
unknown
1963710	1963790	615713	615793	NC_057385.1	utg000106l	98.77		True
unknown
1963823	1963910	615833	615920	NC_057385.1	utg000106l	98.86		True
unknown
1965583	1965667	617435	617519	NC_057385.1	utg000106l	100.0		True
unknown
1967324	1967507	619116	619299	NC_057385.1	utg000106l	99.46		True
unknown
1968137	1968209	619949	620021	NC_057385.1	utg000106l	100.0		True
unknown
1980180	1980318	631598	631736	NC_057385.1	utg000106l	100.0		True
unknown
1987428	1987546	638916	639034	NC_057385.1	utg000106l	100.0		True
unknown
1989553	1989650	641019	641116	NC_057385.1	utg000106l	100.0		True
unknown
1989983	1990095	641456	641568	NC_057385.1	utg000106l	100.0		True
unknown
1994704	1994791	646100	646187	NC_057385.1	utg000106l	100.0		True
unknown
1998360	1998457	649731	649828	NC_057385.1	utg000106l	100.0		True
unknown
2001425	2001527	652709	652811	NC_057385.1	utg000106l	100.0		True
unknown
2003979	2004080	655222	655323	NC_057385.1	utg000106l	100.0		True
unknown
2006209	2006323	657443	657557	NC_057385.1	utg000106l	96.52		True
unknown
2008262	2008358	659500	659596	NC_057385.1	utg000106l	100.0		True
unknown
2011014	2011098	662260	662344	NC_057385.1	utg000106l	100.0		True
unknown
2017578	2017686	668857	668963	NC_057385.1	utg000106l	98.17		True
unknown
2023285	2023385	674575	674675	NC_057385.1	utg000106l	100.0		True
unknown
2036604	2036708	687803	687907	NC_057385.1	utg000106l	100.0		True
unknown
2036987	2037097	688186	688296	NC_057385.1	utg000106l	99.1		True
unknown
2044854	2044938	696061	696145	NC_057385.1	utg000106l	100.0		True
unknown
2045804	2045877	697002	697075	NC_057385.1	utg000106l	100.0		True
unknown
2045939	2046019	697132	697212	NC_057385.1	utg000106l	97.53		True
unknown
2049839	2049956	700925	701042	NC_057385.1	utg000106l	100.0		True
unknown
2052500	2052602	703834	703936	NC_057385.1	utg000106l	100.0		True
unknown
2053921	2054062	705245	705386	NC_057385.1	utg000106l	99.3		True
unknown
2056028	2056108	707346	707426	NC_057385.1	utg000106l	100.0		True
unknown
2062482	2062568	713754	713840	NC_057385.1	utg000106l	100.0		True
unknown
2065858	2065979	717132	717253	NC_057385.1	utg000106l	100.0		True
unknown
2067312	2067430	718643	718761	NC_057385.1	utg000106l	100.0		True
unknown
2068657	2068753	719983	720079	NC_057385.1	utg000106l	100.0		True
unknown
2070106	2070208	721412	721514	NC_057385.1	utg000106l	95.15		True
unknown
2080408	2080755	731724	732070	NC_057385.1	utg000106l	97.7		True
unknown
2081004	2081082	732319	732397	NC_057385.1	utg000106l	100.0		True
unknown
2081124	2081209	732442	732527	NC_057385.1	utg000106l	98.84		True
unknown
2081585	2081649	732887	732951	NC_057385.1	utg000106l	100.0		True
unknown
2085264	2085331	736532	736599	NC_057385.1	utg000106l	100.0		True
unknown
2085730	2085832	741869	741971	NC_057385.1	utg000106l	100.0		True
unknown
2086534	2086642	742644	742752	NC_057385.1	utg000106l	100.0		True
unknown
2088377	2088527	744498	744648	NC_057385.1	utg000106l	99.34		True
unknown
2091444	2091512	747565	747633	NC_057385.1	utg000106l	100.0		True
unknown
2092166	2092281	748285	748400	NC_057385.1	utg000106l	100.0		True
unknown
2093232	2093332	749344	749444	NC_057385.1	utg000106l	100.0		True
unknown
2094778	2094944	750934	751100	NC_057385.1	utg000106l	96.41		True
unknown
2101891	2101974	758528	758611	NC_057385.1	utg000106l	100.0		True
unknown
2102112	2102242	758750	758880	NC_057385.1	utg000106l	100.0		True
unknown
2103014	2103128	759657	759771	NC_057385.1	utg000106l	100.0		True
unknown
2103723	2103838	760382	760497	NC_057385.1	utg000106l	95.69		True
unknown
2105156	2105292	761800	761936	NC_057385.1	utg000106l	97.08		True
unknown
2111240	2111323	767893	767976	NC_057385.1	utg000106l	100.0		True
unknown
2120475	2120607	777251	777383	NC_057385.1	utg000106l	100.0		True
unknown
2121792	2121886	778582	778676	NC_057385.1	utg000106l	100.0		True
unknown
2122172	2122293	778960	779081	NC_057385.1	utg000106l	100.0		True
unknown
2126036	2126158	782441	782563	NC_057385.1	utg000106l	100.0		True
unknown
2129416	2129519	785779	785882	NC_057385.1	utg000106l	100.0		True
unknown
2130018	2130134	786353	786468	NC_057385.1	utg000106l	99.15		True
unknown
2135902	2136031	792212	792341	NC_057385.1	utg000106l	100.0		True
unknown
2139313	2139414	795563	795664	NC_057385.1	utg000106l	100.0		True
unknown
1051379	1051551	808594	808422	NC_057385.1	utg000106l	99.42		True
unknown
1050073	1050155	809902	809820	NC_057385.1	utg000106l	98.8		True
unknown
1048539	1048635	811338	811242	NC_057385.1	utg000106l	100.0		True
unknown
1048150	1048216	811719	811653	NC_057385.1	utg000106l	100.0		True
unknown
1047616	1047895	812232	811953	NC_057385.1	utg000106l	100.0		True
unknown
1046453	1046569	813386	813270	NC_057385.1	utg000106l	96.58		True
unknown
1045217	1045328	814569	814458	NC_057385.1	utg000106l	99.11		True
unknown
1044620	1044727	815113	815006	NC_057385.1	utg000106l	100.0		True
unknown
1041742	1041817	817794	817719	NC_057385.1	utg000106l	97.37		True
unknown
1041122	1041271	818419	818270	NC_057385.1	utg000106l	100.0		True
unknown
1033996	1034109	825416	825303	NC_057385.1	utg000106l	95.61		True
unknown
1033234	1033316	826172	826090	NC_057385.1	utg000106l	100.0		True
unknown
1031706	1031887	827706	827525	NC_057385.1	utg000106l	96.7		True
unknown
1031053	1031207	828349	828195	NC_057385.1	utg000106l	100.0		True
unknown
1029337	1029412	830045	829970	NC_057385.1	utg000106l	100.0		True
unknown
1026004	1026092	833417	833329	NC_057385.1	utg000106l	100.0		True
unknown
1025836	1025934	833587	833489	NC_057385.1	utg000106l	95.96		True
unknown
1025662	1025743	833762	833681	NC_057385.1	utg000106l	100.0		True
unknown
1008333	1008415	851545	851463	NC_057385.1	utg000106l	100.0		True
unknown
1007847	1007922	852047	851972	NC_057385.1	utg000106l	100.0		True
unknown
1005852	1006000	854024	853876	NC_057385.1	utg000106l	97.99		True
unknown
1004819	1004919	855035	854935	NC_057385.1	utg000106l	100.0		True
unknown
995829	995982	864200	864047	NC_057385.1	utg000106l	100.0		True
unknown
989711	989796	870410	870325	NC_057385.1	utg000106l	100.0		True
unknown
988251	988348	871879	871782	NC_057385.1	utg000106l	98.98		True
unknown
987992	988116	872132	872008	NC_057385.1	utg000106l	95.2		True
unknown
987204	987352	872904	872755	NC_057385.1	utg000106l	98.0		True
unknown
983600	983706	876448	876342	NC_057385.1	utg000106l	100.0		True
unknown
982937	983061	877101	876977	NC_057385.1	utg000106l	96.8		True
unknown
981761	981869	878264	878156	NC_057385.1	utg000106l	100.0		True
unknown
981318	981540	878719	878499	NC_057385.1	utg000106l	98.65		True
unknown
980921	981031	879097	878987	NC_057385.1	utg000106l	100.0		True
unknown
979269	980152	880742	879861	NC_057385.1	utg000106l	97.06		True
unknown
978538	978727	881468	881279	NC_057385.1	utg000106l	95.26		True
unknown
978431	978537	881577	881471	NC_057385.1	utg000106l	99.07		True
unknown
978217	978426	881792	881583	NC_057385.1	utg000106l	96.67		True
unknown
977962	978088	882034	881908	NC_057385.1	utg000106l	97.64		True
unknown
977629	977706	882377	882300	NC_057385.1	utg000106l	97.44		True
unknown
976737	976834	883249	883152	NC_057385.1	utg000106l	98.98		True
unknown
975855	976117	884121	883859	NC_057385.1	utg000106l	98.48		True
unknown
975276	975724	884699	884251	NC_057385.1	utg000106l	99.78		True
unknown
974830	975049	885147	884928	NC_057385.1	utg000106l	97.27		True
unknown
974488	974709	885479	885258	NC_057385.1	utg000106l	99.1		True
unknown
974333	974432	885643	885544	NC_057385.1	utg000106l	100.0		True
unknown
973937	974102	886047	885882	NC_057385.1	utg000106l	98.8		True
unknown
973529	973623	886461	886367	NC_057385.1	utg000106l	100.0		True
unknown
971672	971760	888350	888262	NC_057385.1	utg000106l	100.0		True
unknown
971229	971358	888807	888678	NC_057385.1	utg000106l	100.0		True
unknown
968269	968355	891730	891644	NC_057385.1	utg000106l	100.0		True
unknown
958191	958262	902241	902170	NC_057385.1	utg000106l	95.83		True
unknown
957929	958061	902504	902372	NC_057385.1	utg000106l	100.0		True
unknown
947563	947628	912688	912623	NC_057385.1	utg000106l	100.0		True
unknown
944618	944797	915638	915459	NC_057385.1	utg000106l	98.89		True
unknown
937965	938077	922759	922647	NC_057385.1	utg000106l	98.23		True
unknown
937812	937885	922905	922832	NC_057385.1	utg000106l	100.0		True
unknown
936901	936977	923814	923738	NC_057385.1	utg000106l	100.0		True
unknown
931391	931484	929435	929342	NC_057385.1	utg000106l	98.94		True
unknown
929471	929551	931422	931342	NC_057385.1	utg000106l	98.77		True
unknown
929361	929452	931532	931441	NC_057385.1	utg000106l	96.74		True
unknown
928035	928140	932857	932752	NC_057385.1	utg000106l	100.0		True
unknown
924628	924727	936243	936144	NC_057385.1	utg000106l	99.0		True
unknown
923064	923262	937823	937625	NC_057385.1	utg000106l	95.98		True
unknown
915448	915552	945420	945315	NC_057385.1	utg000106l	97.2		True
unknown
910461	910558	950442	950345	NC_057385.1	utg000106l	98.98		True
unknown
910063	910231	950835	950667	NC_057385.1	utg000106l	100.0		True
unknown
909854	909932	951041	950963	NC_057385.1	utg000106l	100.0		True
unknown
909098	909230	951800	951668	NC_057385.1	utg000106l	100.0		True
unknown
908367	908444	952506	952429	NC_057385.1	utg000106l	98.72		True
unknown
908220	908315	952646	952551	NC_057385.1	utg000106l	100.0		True
unknown
907209	907313	953646	953542	NC_057385.1	utg000106l	100.0		True
unknown
905417	905514	955172	955075	NC_057385.1	utg000106l	100.0		True
unknown
904398	904506	956175	956067	NC_057385.1	utg000106l	100.0		True
unknown
893510	893624	967199	967085	NC_057385.1	utg000106l	100.0		True
unknown
891167	891265	969425	969327	NC_057385.1	utg000106l	100.0		True
unknown
890782	890864	969812	969730	NC_057385.1	utg000106l	100.0		True
unknown
882817	882941	977820	977696	NC_057385.1	utg000106l	100.0		True
unknown
879042	879112	981601	981531	NC_057385.1	utg000106l	98.59		True
unknown
876747	876818	983859	983788	NC_057385.1	utg000106l	95.83		True
unknown
876473	876580	984130	984023	NC_057385.1	utg000106l	98.15		True
unknown
873611	873774	987035	986872	NC_057385.1	utg000106l	98.17		True
unknown
871965	872080	988673	988558	NC_057385.1	utg000106l	100.0		True
unknown
870613	870767	990010	989856	NC_057385.1	utg000106l	100.0		True
unknown
867861	868008	992782	992634	NC_057385.1	utg000106l	97.32		True
unknown
866256	866361	994401	994296	NC_057385.1	utg000106l	95.28		True
unknown
864592	864688	996066	995969	NC_057385.1	utg000106l	98.98		True
unknown
852977	853093	1008292	1008176	NC_057385.1	utg000106l	98.29		True
unknown
851982	852082	1009294	1009194	NC_057385.1	utg000106l	100.0		True
unknown
844621	844709	1016987	1016899	NC_057385.1	utg000106l	100.0		True
unknown
841700	841783	1019863	1019780	NC_057385.1	utg000106l	95.24		True
unknown
841293	841363	1020282	1020212	NC_057385.1	utg000106l	97.18		True
unknown
840447	840530	1021126	1021043	NC_057385.1	utg000106l	100.0		True
unknown
837091	837193	1024495	1024393	NC_057385.1	utg000106l	100.0		True
unknown
833437	833675	1027769	1028006	NC_057385.1	utg000106l	95.4		True
unknown
834090	834161	1028427	1028498	NC_057385.1	utg000106l	100.0		True
unknown
834630	834837	1028961	1029168	NC_057385.1	utg000106l	97.6		True
unknown
829296	829517	1033469	1033248	NC_057385.1	utg000106l	98.2		True
unknown
829080	829216	1033698	1033562	NC_057385.1	utg000106l	97.81		True
unknown
828695	828837	1034078	1033936	NC_057385.1	utg000106l	100.0		True
unknown
826503	826646	1036292	1036149	NC_057385.1	utg000106l	100.0		True
unknown
826254	826420	1036540	1036374	NC_057385.1	utg000106l	98.8		True
unknown
825663	825925	1037122	1036860	NC_057385.1	utg000106l	95.06		True
unknown
825082	825214	1037696	1037564	NC_057385.1	utg000106l	100.0		True
unknown
824475	824579	1038284	1038180	NC_057385.1	utg000106l	100.0		True
unknown
815511	815630	1047268	1047149	NC_057385.1	utg000106l	99.17		True
unknown
813895	814006	1048856	1048745	NC_057385.1	utg000106l	100.0		True
unknown
805640	805730	1057359	1057269	NC_057385.1	utg000106l	100.0		True
unknown
804905	804990	1058098	1058013	NC_057385.1	utg000106l	100.0		True
unknown
804498	804598	1058524	1058424	NC_057385.1	utg000106l	98.02		True
unknown
804294	804369	1058744	1058669	NC_057385.1	utg000106l	100.0		True
unknown
796763	796915	1066432	1066279	NC_057385.1	utg000106l	99.35		True
unknown
795575	795695	1067653	1067533	NC_057385.1	utg000106l	100.0		True
unknown
794951	795075	1068338	1068214	NC_057385.1	utg000106l	100.0		True
unknown
794460	794560	1068821	1068721	NC_057385.1	utg000106l	98.02		True
unknown
793799	793911	1069445	1069333	NC_057385.1	utg000106l	96.46		True
unknown
792542	792623	1070670	1070589	NC_057385.1	utg000106l	97.56		True
unknown
786888	786996	1074345	1074237	NC_057385.1	utg000106l	100.0		True
unknown
786504	786776	1074740	1074468	NC_057385.1	utg000106l	99.27		True
unknown
786209	786494	1075036	1074751	NC_057385.1	utg000106l	100.0		True
unknown
786093	786194	1075154	1075053	NC_057385.1	utg000106l	98.04		True
unknown
785922	786036	1075345	1075231	NC_057385.1	utg000106l	98.26		True
unknown
785539	785891	1075725	1075373	NC_057385.1	utg000106l	98.87		True
unknown
785078	785305	1076179	1075952	NC_057385.1	utg000106l	96.93		True
unknown
784715	784865	1076533	1076383	NC_057385.1	utg000106l	97.35		True
unknown
784522	784629	1076732	1076625	NC_057385.1	utg000106l	100.0		True
unknown
779567	779687	1081477	1081359	NC_057385.1	utg000106l	96.69		True
unknown
765635	765720	1095417	1095332	NC_057385.1	utg000106l	100.0		True
unknown
764287	764404	1096747	1096630	NC_057385.1	utg000106l	100.0		True
unknown
762760	762907	1098287	1098140	NC_057385.1	utg000106l	100.0		True
unknown
762150	762238	1098893	1098805	NC_057385.1	utg000106l	97.75		True
unknown
760081	760223	1100808	1100666	NC_057385.1	utg000106l	100.0		True
unknown
751695	751800	1108247	1108142	NC_057385.1	utg000106l	100.0		True
unknown
751289	751425	1108649	1108512	NC_057385.1	utg000106l	97.83		True
unknown
742918	743006	1116943	1116855	NC_057385.1	utg000106l	100.0		True
unknown
738174	738509	1121650	1121317	NC_057385.1	utg000106l	97.03		True
unknown
737272	737412	1122525	1122385	NC_057385.1	utg000106l	100.0		True
unknown
732086	732222	1127716	1127578	NC_057385.1	utg000106l	96.4		True
unknown
728712	728795	1131057	1130974	NC_057385.1	utg000106l	100.0		True
unknown
726702	726789	1132778	1132691	NC_057385.1	utg000106l	97.73		True
unknown
726177	726285	1133310	1133202	NC_057385.1	utg000106l	98.17		True
unknown
721481	721567	1137747	1137661	NC_057385.1	utg000106l	100.0		True
unknown
717440	717560	1141786	1141666	NC_057385.1	utg000106l	100.0		True
unknown
712694	712787	1146590	1146497	NC_057385.1	utg000106l	98.94		True
unknown
711590	711683	1147722	1147629	NC_057385.1	utg000106l	100.0		True
unknown
707887	707982	1151378	1151283	NC_057385.1	utg000106l	100.0		True
unknown
707193	707356	1152078	1151915	NC_057385.1	utg000106l	98.17		True
unknown
707033	707160	1152236	1152109	NC_057385.1	utg000106l	96.09		True
unknown
706579	706821	1152681	1152439	NC_057385.1	utg000106l	95.88		True
unknown
703974	704138	1155274	1155110	NC_057385.1	utg000106l	98.79		True
unknown
653019	653188	1202113	1201944	NC_057385.1	utg000106l	99.41		True
unknown
651894	651969	1203229	1203154	NC_057385.1	utg000106l	100.0		True
unknown
649538	649609	1205555	1205484	NC_057385.1	utg000106l	100.0		True
unknown
620047	620194	1236333	1236480	NC_057385.1	utg000106l	95.27		True
unknown
620605	620930	1236897	1237222	NC_057385.1	utg000106l	97.85		True
unknown
620935	621040	1237223	1237328	NC_057385.1	utg000106l	99.06		True
unknown
622510	622650	1238853	1238993	NC_057385.1	utg000106l	99.29		True
unknown
622829	623217	1239172	1239560	NC_057385.1	utg000106l	99.49		True
unknown
623277	623391	1239625	1239739	NC_057385.1	utg000106l	100.0		True
unknown
CONTIG	utg000106l	1262401	mis_unaligned
CONTIG	utg000682l	10888	unaligned
1675388	1675471	2924	3007	NC_057381.1	utg000071l	100.0		True
unknown
1676510	1676577	4017	4084	NC_057381.1	utg000071l	100.0		True
unknown
1677186	1677283	4683	4780	NC_057381.1	utg000071l	100.0		True
unknown
1679301	1679445	6814	6958	NC_057381.1	utg000071l	96.55		True
unknown
1679604	1679966	7114	7476	NC_057381.1	utg000071l	99.17		True
unknown
1679970	1680085	7479	7594	NC_057381.1	utg000071l	99.14		True
unknown
1680116	1680253	7624	7761	NC_057381.1	utg000071l	99.28		True
unknown
1680416	1680597	7923	8104	NC_057381.1	utg000071l	97.25		True
unknown
1681066	1681170	8562	8666	NC_057381.1	utg000071l	99.05		True
unknown
1681886	1682029	9380	9523	NC_057381.1	utg000071l	95.14		True
unknown
1682030	1682175	9525	9670	NC_057381.1	utg000071l	99.32		True
unknown
1682362	1682498	9848	9984	NC_057381.1	utg000071l	95.62		True
unknown
1683040	1683209	10537	10706	NC_057381.1	utg000071l	100.0		True
unknown
1683732	1683938	11212	11418	NC_057381.1	utg000071l	98.55		True
unknown
1767159	1767228	63228	63297	NC_057381.1	utg000071l	100.0		True
unknown
1771023	1771121	66913	67011	NC_057381.1	utg000071l	97.98		True
unknown
1772840	1772992	68708	68860	NC_057381.1	utg000071l	100.0		True
unknown
CONTIG	utg000071l	124438	mis_unaligned
CONTIG	utg000772l	10468	unaligned
CONTIG	utg000554l	12592	unaligned
CONTIG	utg000626l	12895	unaligned
CONTIG	utg000559l	12231	unaligned
CONTIG	utg000421l	13020	unaligned
1886008	1886090	20594	20512	NC_057379.1	utg000268l	97.59		True
unknown
1885888	1885963	20708	20633	NC_057379.1	utg000268l	100.0		True
unknown
1884271	1884337	22497	22431	NC_057379.1	utg000268l	100.0		True
unknown
CONTIG	utg000268l	123139	mis_unaligned
CONTIG	utg000374l	12671	unaligned
CONTIG	utg000587l	11162	unaligned
2615488	2615559	109056	108985	NC_057372.1	utg000117l	100.0		True
unknown
2614922	2615051	109597	109469	NC_057372.1	utg000117l	99.23		True
unknown
CONTIG	utg000117l	128092	mis_unaligned
272969	273055	21417	21503	NC_057376.1	utg000164l	100.0		True
unknown
284752	284855	32605	32708	NC_057376.1	utg000164l	100.0		True
unknown
285153	285269	33025	33141	NC_057376.1	utg000164l	99.15		True
unknown
288135	288236	35233	35334	NC_057376.1	utg000164l	100.0		True
unknown
288465	288569	35561	35665	NC_057376.1	utg000164l	98.1		True
unknown
289664	289748	36779	36863	NC_057376.1	utg000164l	100.0		True
unknown
291798	291882	38848	38932	NC_057376.1	utg000164l	100.0		True
unknown
311904	311994	91620	91710	NC_057376.1	utg000164l	98.9		True
unknown
312763	312872	92457	92566	NC_057376.1	utg000164l	100.0		True
unknown
313396	313556	93077	93237	NC_057376.1	utg000164l	99.38		True
unknown
315342	315454	95026	95138	NC_057376.1	utg000164l	100.0		True
unknown
315895	316028	95581	95714	NC_057376.1	utg000164l	95.52		True
unknown
321828	321926	106064	106162	NC_057376.1	utg000164l	100.0		True
unknown
324041	324163	108225	108347	NC_057376.1	utg000164l	99.19		True
unknown
324281	324435	108458	108612	NC_057376.1	utg000164l	96.77		True
unknown
324536	324650	108706	108820	NC_057376.1	utg000164l	97.39		True
unknown
329537	329610	113635	113709	NC_057376.1	utg000164l	98.67		True
unknown
CONTIG	utg000164l	127104	mis_unaligned
CONTIG	utg000634l	12435	unaligned
CONTIG	utg000757l	13842	unaligned
CONTIG	utg000705l	11496	unaligned
CONTIG	utg000044l	11620	unaligned
2393127	2393214	118290	118377	NC_057375.1	utg000097l	100.0		True
unknown
2397519	2397623	122630	122734	NC_057375.1	utg000097l	100.0		True
unknown
CONTIG	utg000097l	138135	mis_unaligned
CONTIG	utg000090l	129663	unaligned
CONTIG	utg000696l	11359	unaligned
CONTIG	utg000302l	11438	unaligned
CONTIG	utg000328l	13130	unaligned
3303718	3303806	12283	12195	NC_057370.1	utg000354l	100.0		True
unknown
3303211	3303281	12791	12721	NC_057370.1	utg000354l	100.0		True
unknown
3301104	3301208	14871	14767	NC_057370.1	utg000354l	96.19		True
unknown
3298116	3298233	17856	17739	NC_057370.1	utg000354l	100.0		True
unknown
3294767	3294833	25548	25482	NC_057370.1	utg000354l	100.0		True
unknown
3293687	3293775	26616	26528	NC_057370.1	utg000354l	100.0		True
unknown
3289337	3289417	30919	30839	NC_057370.1	utg000354l	98.77		True
unknown
3286736	3286811	33500	33425	NC_057370.1	utg000354l	100.0		True
unknown
3282247	3282349	37970	37868	NC_057370.1	utg000354l	98.06		True
unknown
3281826	3282039	38375	38162	NC_057370.1	utg000354l	97.66		True
unknown
3281291	3281824	38909	38376	NC_057370.1	utg000354l	99.06		True
unknown
3281068	3281243	39125	38950	NC_057370.1	utg000354l	100.0		True
unknown
3268519	3268654	52324	52189	NC_057370.1	utg000354l	95.59		True
unknown
3267423	3267532	53387	53278	NC_057370.1	utg000354l	100.0		True
unknown
3260348	3260437	62782	62693	NC_057370.1	utg000354l	100.0		True
unknown
3259167	3259282	63936	63821	NC_057370.1	utg000354l	96.55		True
unknown
3258413	3258523	64706	64596	NC_057370.1	utg000354l	99.1		True
unknown
3254902	3254984	68189	68107	NC_057370.1	utg000354l	97.59		True
unknown
CONTIG	utg000354l	109628	mis_unaligned
871407	871488	28350	28431	NC_057382.1	utg000122l	95.12		True
unknown
871751	871942	28693	28884	NC_057382.1	utg000122l	97.92		True
unknown
871987	872051	28926	28990	NC_057382.1	utg000122l	95.38		True
unknown
280227	280376	62669	62520	NC_057379.1	utg000122l	98.67		True
unknown
279668	279909	63224	62983	NC_057379.1	utg000122l	95.04		True
unknown
1474766	1474911	79656	79511	NC_057378.1	utg000122l	99.32		True
unknown
1474531	1474630	79890	79791	NC_057378.1	utg000122l	96.0		True
unknown
1474336	1474438	80084	79982	NC_057378.1	utg000122l	96.12		True
unknown
1473008	1473202	81328	81134	NC_057378.1	utg000122l	98.97		True
unknown
1472932	1473003	81404	81333	NC_057378.1	utg000122l	95.83		True
unknown
CONTIG	utg000122l	124413	mis_unaligned
587755	587854	72298	72397	NC_057373.1	utg000165l	100.0		True
CONTIG	utg000165l	111994	correct_unaligned
CONTIG	utg000414l	11359	unaligned
CONTIG	utg000762l	10129	unaligned
CONTIG	utg000270l	100366	unaligned
766490	766579	108159	108070	NC_057377.1	utg000225l	100.0		True
unknown
764453	764535	110219	110137	NC_057377.1	utg000225l	100.0		True
unknown
763862	763959	110811	110714	NC_057377.1	utg000225l	100.0		True
unknown
763130	763218	111547	111459	NC_057377.1	utg000225l	100.0		True
unknown
CONTIG	utg000225l	111826	mis_unaligned
CONTIG	utg000747l	10708	unaligned
1001281	1001368	56182	56095	NC_057380.1	utg000144l	98.86		True
unknown
1000847	1000995	56567	56419	NC_057380.1	utg000144l	99.33		True
unknown
994490	994567	62819	62742	NC_057380.1	utg000144l	100.0		True
unknown
991239	991382	66009	65866	NC_057380.1	utg000144l	97.92		True
unknown
CONTIG	utg000144l	100919	mis_unaligned
CONTIG	utg000495l	12758	unaligned
1195901	1196050	3345	3494	NC_057382.1	utg000049l	100.0		True
unknown
1196420	1196487	3871	3938	NC_057382.1	utg000049l	100.0		True
unknown
1199701	1199841	7175	7315	NC_057382.1	utg000049l	100.0		True
unknown
1259563	1259651	87092	87180	NC_057382.1	utg000049l	100.0		True
unknown
1264963	1265090	92301	92428	NC_057382.1	utg000049l	98.44		True
unknown
1265299	1265388	92649	92738	NC_057382.1	utg000049l	98.89		True
unknown
1267015	1267110	94226	94321	NC_057382.1	utg000049l	100.0		True
unknown
1272543	1272636	99045	99138	NC_057382.1	utg000049l	100.0		True
unknown
1276414	1276497	102893	102976	NC_057382.1	utg000049l	96.43		True
unknown
1277886	1277966	104363	104442	NC_057382.1	utg000049l	98.77		True
unknown
1282475	1282587	109721	109834	NC_057382.1	utg000049l	99.12		True
unknown
1295012	1295136	122350	122474	NC_057382.1	utg000049l	99.2		True
unknown
1295185	1295286	122521	122622	NC_057382.1	utg000049l	95.1		True
unknown
1295791	1295856	123127	123192	NC_057382.1	utg000049l	100.0		True
unknown
1301001	1301065	128375	128439	NC_057382.1	utg000049l	100.0		True
unknown
1350095	1350240	176167	176312	NC_057382.1	utg000049l	99.32		True
unknown
1351069	1351136	177165	177232	NC_057382.1	utg000049l	100.0		True
unknown
1351600	1351679	177862	177941	NC_057382.1	utg000049l	100.0		True
unknown
1355060	1355217	181448	181605	NC_057382.1	utg000049l	95.57		True
unknown
1356377	1356450	182761	182834	NC_057382.1	utg000049l	98.65		True
unknown
1360262	1360364	186602	186704	NC_057382.1	utg000049l	100.0		True
unknown
1364636	1364724	191012	191100	NC_057382.1	utg000049l	98.88		True
unknown
1365000	1365240	191374	191617	NC_057382.1	utg000049l	95.9		True
unknown
1375679	1375778	202061	202160	NC_057382.1	utg000049l	99.0		True
unknown
1375981	1376053	202368	202440	NC_057382.1	utg000049l	95.89		True
unknown
1390859	1390995	215257	215393	NC_057382.1	utg000049l	97.08		True
unknown
1394557	1394660	218882	218985	NC_057382.1	utg000049l	96.15		True
unknown
1395009	1395139	219335	219465	NC_057382.1	utg000049l	98.47		True
unknown
1396634	1396702	220945	221013	NC_057382.1	utg000049l	100.0		True
unknown
1398076	1398146	222356	222426	NC_057382.1	utg000049l	100.0		True
unknown
1399000	1399086	223273	223359	NC_057382.1	utg000049l	98.85		True
unknown
1403848	1403914	228058	228124	NC_057382.1	utg000049l	100.0		True
unknown
1404337	1404414	228528	228605	NC_057382.1	utg000049l	100.0		True
unknown
1405815	1405953	229966	230104	NC_057382.1	utg000049l	100.0		True
unknown
1406085	1406204	230225	230344	NC_057382.1	utg000049l	100.0		True
unknown
1407665	1407770	231821	231926	NC_057382.1	utg000049l	100.0		True
unknown
1446749	1446844	280225	280320	NC_057382.1	utg000049l	100.0		True
unknown
1461164	1461261	295523	295620	NC_057382.1	utg000049l	100.0		True
unknown
1463094	1463164	297255	297325	NC_057382.1	utg000049l	100.0		True
unknown
1464519	1464587	298636	298704	NC_057382.1	utg000049l	100.0		True
unknown
1471068	1471146	305174	305252	NC_057382.1	utg000049l	100.0		True
unknown
1493649	1493844	335045	335240	NC_057382.1	utg000049l	99.49		True
unknown
1494592	1494686	335975	336069	NC_057382.1	utg000049l	100.0		True
unknown
1496533	1496627	337932	338026	NC_057382.1	utg000049l	98.95		True
unknown
1497150	1497331	338525	338706	NC_057382.1	utg000049l	96.15		True
unknown
1499880	1500033	341289	341442	NC_057382.1	utg000049l	95.45		True
unknown
1500802	1501025	342220	342443	NC_057382.1	utg000049l	100.0		True
unknown
1502769	1502904	344270	344406	NC_057382.1	utg000049l	99.27		True
unknown
1503594	1503763	345095	345265	NC_057382.1	utg000049l	99.42		True
unknown
1504770	1504845	346248	346323	NC_057382.1	utg000049l	100.0		True
unknown
1506582	1506655	348310	348383	NC_057382.1	utg000049l	100.0		True
unknown
1518246	1518350	359598	359702	NC_057382.1	utg000049l	100.0		True
unknown
1518693	1518766	360038	360111	NC_057382.1	utg000049l	98.65		True
unknown
1520218	1520290	361540	361612	NC_057382.1	utg000049l	100.0		True
unknown
1536925	1537019	382482	382576	NC_057382.1	utg000049l	100.0		True
unknown
1537714	1537815	383293	383394	NC_057382.1	utg000049l	100.0		True
unknown
1539130	1539234	384691	384796	NC_057382.1	utg000049l	99.06		True
unknown
1540577	1540690	386127	386240	NC_057382.1	utg000049l	97.37		True
unknown
1541671	1541749	386879	386957	NC_057382.1	utg000049l	100.0		True
unknown
1541782	1541891	387001	387110	NC_057382.1	utg000049l	100.0		True
unknown
1544003	1544151	389227	389375	NC_057382.1	utg000049l	95.3		True
unknown
1544773	1544904	390007	390138	NC_057382.1	utg000049l	100.0		True
unknown
1549715	1549797	394609	394691	NC_057382.1	utg000049l	100.0		True
unknown
1551614	1551684	396317	396387	NC_057382.1	utg000049l	100.0		True
unknown
1560459	1560664	405928	406133	NC_057382.1	utg000049l	95.15		True
unknown
1561530	1561757	406994	407221	NC_057382.1	utg000049l	96.93		True
unknown
1561844	1561962	407308	407426	NC_057382.1	utg000049l	95.8		True
unknown
1562954	1563068	408428	408542	NC_057382.1	utg000049l	99.13		True
unknown
1563358	1563552	408839	409033	NC_057382.1	utg000049l	97.44		True
unknown
1567909	1568005	412800	412896	NC_057382.1	utg000049l	100.0		True
unknown
1573153	1573284	418608	418739	NC_057382.1	utg000049l	96.21		True
unknown
1576126	1576253	424070	424197	NC_057382.1	utg000049l	100.0		True
unknown
1577953	1578034	425900	425981	NC_057382.1	utg000049l	100.0		True
unknown
1584895	1584987	432292	432384	NC_057382.1	utg000049l	100.0		True
unknown
1587320	1587427	434682	434789	NC_057382.1	utg000049l	100.0		True
unknown
1587781	1587925	435151	435295	NC_057382.1	utg000049l	99.31		True
unknown
1621583	1621710	468983	469110	NC_057382.1	utg000049l	100.0		True
unknown
1625324	1625435	472762	472873	NC_057382.1	utg000049l	100.0		True
unknown
1626393	1626465	473808	473880	NC_057382.1	utg000049l	97.26		True
unknown
1635922	1636019	483885	483982	NC_057382.1	utg000049l	98.98		True
unknown
1636160	1636266	484121	484227	NC_057382.1	utg000049l	100.0		True
unknown
1637261	1637331	485244	485314	NC_057382.1	utg000049l	100.0		True
unknown
1639222	1639299	486944	487021	NC_057382.1	utg000049l	100.0		True
unknown
1639949	1640022	487668	487741	NC_057382.1	utg000049l	98.65		True
unknown
1642450	1642539	490144	490233	NC_057382.1	utg000049l	98.89		True
unknown
1642967	1643080	490659	490772	NC_057382.1	utg000049l	100.0		True
unknown
1643862	1643953	491665	491756	NC_057382.1	utg000049l	100.0		True
unknown
1689209	1689273	536456	536520	NC_057382.1	utg000049l	100.0		True
unknown
1694484	1694576	541344	541436	NC_057382.1	utg000049l	100.0		True
unknown
1697769	1697893	544643	544767	NC_057382.1	utg000049l	96.8		True
unknown
1703843	1703922	550628	550707	NC_057382.1	utg000049l	100.0		True
unknown
1738557	1738637	584450	584530	NC_057382.1	utg000049l	100.0		True
unknown
1776619	1776702	628327	628410	NC_057382.1	utg000049l	100.0		True
unknown
1776831	1777028	628531	628728	NC_057382.1	utg000049l	98.99		True
unknown
1777106	1777183	628791	628868	NC_057382.1	utg000049l	98.72		True
unknown
1778331	1778401	630034	630104	NC_057382.1	utg000049l	100.0		True
unknown
1781627	1781730	633325	633428	NC_057382.1	utg000049l	100.0		True
unknown
1791400	1791502	643187	643289	NC_057382.1	utg000049l	100.0		True
unknown
1802902	1803107	657425	657630	NC_057382.1	utg000049l	99.03		True
unknown
1803532	1803600	658045	658113	NC_057382.1	utg000049l	100.0		True
unknown
1808639	1808784	662803	662948	NC_057382.1	utg000049l	100.0		True
unknown
1817113	1817235	670991	671113	NC_057382.1	utg000049l	100.0		True
unknown
1821856	1821923	675655	675722	NC_057382.1	utg000049l	100.0		True
unknown
1822466	1822568	676250	676352	NC_057382.1	utg000049l	100.0		True
unknown
1824034	1824101	677779	677846	NC_057382.1	utg000049l	100.0		True
unknown
1825951	1826055	679678	679782	NC_057382.1	utg000049l	100.0		True
unknown
1826486	1826608	680192	680314	NC_057382.1	utg000049l	95.93		True
unknown
1826720	1826917	680435	680632	NC_057382.1	utg000049l	100.0		True
unknown
1826934	1827097	680648	680811	NC_057382.1	utg000049l	100.0		True
unknown
1827604	1827712	681354	681462	NC_057382.1	utg000049l	100.0		True
unknown
1835175	1835376	688580	688781	NC_057382.1	utg000049l	99.5		True
unknown
1835380	1835459	688782	688861	NC_057382.1	utg000049l	100.0		True
unknown
1836193	1836363	689575	689745	NC_057382.1	utg000049l	100.0		True
unknown
1872879	1872961	691639	691557	NC_057382.1	utg000049l	97.59		True
unknown
1865998	1866107	698549	698440	NC_057382.1	utg000049l	99.09		True
unknown
1864978	1865099	699557	699436	NC_057382.1	utg000049l	100.0		True
unknown
1863956	1864546	700581	699991	NC_057382.1	utg000049l	95.09		True
unknown
1863550	1863662	700982	700870	NC_057382.1	utg000049l	99.12		True
unknown
1861140	1861217	703608	703531	NC_057382.1	utg000049l	100.0		True
unknown
1857544	1857677	707402	707269	NC_057382.1	utg000049l	100.0		True
unknown
1855969	1856051	709017	708935	NC_057382.1	utg000049l	100.0		True
unknown
1849820	1849945	714781	714656	NC_057382.1	utg000049l	100.0		True
unknown
1878737	1878811	730194	730268	NC_057382.1	utg000049l	100.0		True
unknown
1879199	1879362	730653	730816	NC_057382.1	utg000049l	100.0		True
unknown
1880208	1880286	731603	731681	NC_057382.1	utg000049l	100.0		True
unknown
1882334	1882422	733667	733755	NC_057382.1	utg000049l	100.0		True
unknown
1893359	1893444	744784	744869	NC_057382.1	utg000049l	100.0		True
unknown
1898456	1898556	749869	749969	NC_057382.1	utg000049l	100.0		True
unknown
1905791	1906004	755813	756026	NC_057382.1	utg000049l	100.0		True
unknown
1906236	1906359	756260	756383	NC_057382.1	utg000049l	96.77		True
unknown
1906676	1906743	756708	756775	NC_057382.1	utg000049l	100.0		True
unknown
1907383	1907568	757420	757605	NC_057382.1	utg000049l	100.0		True
unknown
1910045	1910155	760054	760164	NC_057382.1	utg000049l	99.1		True
unknown
1911189	1911263	761160	761234	NC_057382.1	utg000049l	97.33		True
unknown
1911810	1911880	761761	761831	NC_057382.1	utg000049l	98.59		True
unknown
1914142	1914307	764068	764233	NC_057382.1	utg000049l	100.0		True
unknown
1920822	1920919	769863	769960	NC_057382.1	utg000049l	98.98		True
unknown
2013308	2013385	797577	797500	NC_057382.1	utg000049l	100.0		True
unknown
1993800	1993904	817335	817231	NC_057382.1	utg000049l	100.0		True
unknown
1988875	1988967	822378	822286	NC_057382.1	utg000049l	100.0		True
unknown
1976750	1976883	834074	833941	NC_057382.1	utg000049l	97.01		True
unknown
1957722	1957854	854067	853935	NC_057382.1	utg000049l	100.0		True
unknown
2251446	2251545	1127906	1128005	NC_057382.1	utg000049l	100.0		True
unknown
2252933	2253093	1129335	1129495	NC_057382.1	utg000049l	99.38		True
unknown
CONTIG	utg000049l	1144241	mis_unaligned
500781	500862	45274	45193	NC_057380.1	utg000285l	97.56		True
unknown
500408	500502	45647	45553	NC_057380.1	utg000285l	100.0		True
unknown
499399	499471	46647	46575	NC_057380.1	utg000285l	100.0		True
unknown
CONTIG	utg000285l	117320	mis_unaligned
CONTIG	utg000707l	17107	unaligned
CONTIG	utg000545l	14548	unaligned
CONTIG	utg000695l	14986	unaligned
CONTIG	utg000575l	18076	unaligned
2026625	2026706	145973	145892	NC_057375.1	utg000187l	100.0		True
unknown
2025873	2025949	146714	146638	NC_057375.1	utg000187l	100.0		True
unknown
2025585	2025734	147038	146886	NC_057375.1	utg000187l	98.04		True
unknown
2025045	2025200	147437	147282	NC_057375.1	utg000187l	96.15		True
unknown
2024917	2025015	147564	147466	NC_057375.1	utg000187l	98.99		True
unknown
2024690	2024774	147800	147716	NC_057375.1	utg000187l	100.0		True
unknown
2024590	2024680	147903	147813	NC_057375.1	utg000187l	100.0		True
unknown
CONTIG	utg000187l	158875	mis_unaligned
CONTIG	utg000512l	15381	unaligned
CONTIG	utg000771l	13900	unaligned
CONTIG	utg000497l	15395	unaligned
CONTIG	utg000289l	18312	unaligned
157477	157585	58677	58569	NC_057383.1	utg000204l	100.0		True
unknown
154464	154560	61651	61555	NC_057383.1	utg000204l	100.0		True
unknown
152102	152177	63826	63751	NC_057383.1	utg000204l	100.0		True
unknown
118489	118613	129870	129746	NC_057383.1	utg000204l	98.4		True
unknown
118295	118392	130064	129967	NC_057383.1	utg000204l	100.0		True
unknown
115382	115455	133021	132948	NC_057383.1	utg000204l	97.3		True
unknown
82005	82114	157299	157408	NC_057383.1	utg000204l	100.0		True
unknown
83130	83266	158410	158546	NC_057383.1	utg000204l	98.54		True
unknown
85960	86047	161225	161312	NC_057383.1	utg000204l	100.0		True
unknown
CONTIG	utg000204l	162593	mis_unaligned
CONTIG	utg000718l	16553	unaligned
1935302	1935451	91951	92100	NC_057375.1	utg000181l	96.67		True
unknown
1935870	1935973	92509	92612	NC_057375.1	utg000181l	100.0		True
unknown
1983477	1983561	140672	140756	NC_057375.1	utg000181l	100.0		True
unknown
1986295	1986410	143488	143603	NC_057375.1	utg000181l	100.0		True
unknown
CONTIG	utg000181l	150512	mis_unaligned
CONTIG	utg000777l	17829	unaligned
209999	210193	32206	32009	NC_057379.1	utg000102l	95.0		True
unknown
208087	208265	34178	34000	NC_057379.1	utg000102l	100.0		True
unknown
200565	200652	41495	41408	NC_057379.1	utg000102l	97.73		True
unknown
200232	200324	41818	41726	NC_057379.1	utg000102l	100.0		True
unknown
199274	199365	42757	42666	NC_057379.1	utg000102l	100.0		True
unknown
163181	163246	110270	110205	NC_057379.1	utg000102l	95.45		True
unknown
162682	162780	110768	110670	NC_057379.1	utg000102l	96.97		True
unknown
162052	162255	111396	111193	NC_057379.1	utg000102l	95.59		True
unknown
161729	161882	111701	111548	NC_057379.1	utg000102l	98.7		True
unknown
64424	64540	132319	132435	NC_057379.1	utg000102l	100.0		True
unknown
64798	64939	132684	132825	NC_057379.1	utg000102l	95.77		True
unknown
65446	65735	133311	133600	NC_057379.1	utg000102l	95.55		True
unknown
66705	66848	134581	134724	NC_057379.1	utg000102l	95.83		True
unknown
66878	67038	134759	134919	NC_057379.1	utg000102l	99.38		True
unknown
67229	67450	135092	135313	NC_057379.1	utg000102l	98.65		True
unknown
CONTIG	utg000102l	163376	mis_unaligned
143213	143379	21950	22116	NC_057378.1	utg000175l	97.01		True
unknown
143944	144084	22663	22803	NC_057378.1	utg000175l	97.16		True
unknown
145432	145614	24150	24332	NC_057378.1	utg000175l	99.45		True
unknown
CONTIG	utg000175l	142087	mis_unaligned
CONTIG	utg000739l	14744	unaligned
871827	871913	154903	154817	NC_057382.1	utg000006l	95.4		True
unknown
871708	871800	155025	154933	NC_057382.1	utg000006l	100.0		True
unknown
871355	871517	155378	155216	NC_057382.1	utg000006l	96.93		True
unknown
871212	871342	155521	155391	NC_057382.1	utg000006l	95.42		True
unknown
CONTIG	utg000006l	177441	mis_unaligned
CONTIG	utg000513l	17411	unaligned
1652557	1652683	43364	43490	NC_057374.1	utg000084l	98.43		True
unknown
1653707	1653957	44488	44738	NC_057374.1	utg000084l	96.41		True
unknown
1654008	1654077	44781	44850	NC_057374.1	utg000084l	97.14		True
unknown
1654254	1654371	45019	45136	NC_057374.1	utg000084l	97.46		True
unknown
1647830	1647896	53989	53923	NC_057374.1	utg000084l	100.0		True
unknown
1646728	1646853	55068	54943	NC_057374.1	utg000084l	100.0		True
unknown
1644817	1644996	56549	56370	NC_057374.1	utg000084l	96.67		True
unknown
1644594	1644696	56774	56672	NC_057374.1	utg000084l	100.0		True
unknown
1606085	1606167	94320	94238	NC_057374.1	utg000084l	100.0		True
unknown
1605735	1605815	94660	94580	NC_057374.1	utg000084l	100.0		True
unknown
CONTIG	utg000084l	158029	mis_unaligned
733282	733366	24950	24866	NC_057377.1	utg000115l	100.0		True
unknown
732497	732632	25709	25574	NC_057377.1	utg000115l	97.79		True
unknown
732325	732465	25880	25740	NC_057377.1	utg000115l	96.45		True
unknown
732086	732320	26118	25884	NC_057377.1	utg000115l	98.3		True
unknown
731913	732084	26290	26119	NC_057377.1	utg000115l	96.51		True
unknown
731366	731433	26836	26769	NC_057377.1	utg000115l	100.0		True
unknown
719608	719807	40271	40072	NC_057377.1	utg000115l	99.5		True
unknown
719095	719192	40788	40691	NC_057377.1	utg000115l	98.98		True
unknown
718786	718868	41090	41008	NC_057377.1	utg000115l	100.0		True
unknown
717935	718131	41932	41736	NC_057377.1	utg000115l	100.0		True
unknown
714679	714807	45165	45037	NC_057377.1	utg000115l	100.0		True
unknown
712535	712782	47280	47033	NC_057377.1	utg000115l	100.0		True
unknown
561428	561545	82216	82098	NC_057377.1	utg000115l	99.16		True
unknown
551513	551585	92066	91994	NC_057377.1	utg000115l	98.63		True
unknown
550671	550781	92895	92785	NC_057377.1	utg000115l	100.0		True
unknown
548940	549046	94441	94335	NC_057377.1	utg000115l	100.0		True
unknown
510191	510316	103443	103318	NC_057377.1	utg000115l	100.0		True
unknown
509841	509996	103792	103637	NC_057377.1	utg000115l	99.36		True
unknown
509585	509728	104051	103908	NC_057377.1	utg000115l	97.22		True
unknown
508774	508863	104826	104737	NC_057377.1	utg000115l	98.89		True
unknown
508556	508683	105041	104914	NC_057377.1	utg000115l	97.66		True
unknown
505632	505791	107892	107733	NC_057377.1	utg000115l	100.0		True
unknown
CONTIG	utg000115l	147958	mis_unaligned
CONTIG	utg000629l	16350	unaligned
CONTIG	utg000784l	14177	unaligned
CONTIG	utg000660l	15510	unaligned
CONTIG	utg000746l	15936	unaligned
CONTIG	utg000327l	18226	unaligned
CONTIG	utg000570l	13998	unaligned
CONTIG	utg000504l	15866	unaligned
3083846	3083918	100473	100401	NC_057372.1	utg000047l	100.0		True
unknown
3081339	3081430	102969	102878	NC_057372.1	utg000047l	100.0		True
unknown
3075530	3075624	108819	108725	NC_057372.1	utg000047l	100.0		True
unknown
3074139	3074326	109879	109692	NC_057372.1	utg000047l	97.87		True
unknown
3033987	3034082	149305	149210	NC_057372.1	utg000047l	100.0		True
unknown
CONTIG	utg000047l	159189	mis_unaligned
CONTIG	utg000527l	17300	unaligned
CONTIG	utg000737l	17628	unaligned
1944367	1944524	77562	77406	NC_057379.1	utg000067l	99.37		True
unknown
1942535	1942640	79417	79312	NC_057379.1	utg000067l	95.28		True
unknown
CONTIG	utg000067l	146223	mis_unaligned
CONTIG	utg000644l	17274	unaligned
CONTIG	utg000652l	18456	unaligned
CONTIG	utg000594l	16470	unaligned
96471	96542	123401	123472	NC_057377.1	utg000245l	95.83		True
unknown
96713	96894	123644	123825	NC_057377.1	utg000245l	95.6		True
unknown
96896	96960	123826	123890	NC_057377.1	utg000245l	95.38		True
unknown
96992	97058	123918	123984	NC_057377.1	utg000245l	98.51		True
unknown
97086	97204	124011	124129	NC_057377.1	utg000245l	95.8		True
unknown
97272	97352	124193	124273	NC_057377.1	utg000245l	95.06		True
unknown
CONTIG	utg000245l	148588	mis_unaligned
76053	76158	7033	6928	NC_057381.1	utg000234l	95.28		True
unknown
75787	76046	7298	7039	NC_057381.1	utg000234l	95.77		True
unknown
75392	75691	7695	7396	NC_057381.1	utg000234l	95.33		True
unknown
75239	75390	7847	7696	NC_057381.1	utg000234l	96.05		True
unknown
75076	75237	8009	7848	NC_057381.1	utg000234l	97.53		True
unknown
1391811	1391901	55615	55705	NC_057370.1	utg000234l	98.9		True
unknown
1397498	1397575	61158	61235	NC_057370.1	utg000234l	96.15		True
unknown
1397612	1397772	61262	61422	NC_057370.1	utg000234l	95.65		True
unknown
1397983	1398111	61614	61742	NC_057370.1	utg000234l	95.35		True
unknown
1399234	1399316	62851	62933	NC_057370.1	utg000234l	100.0		True
unknown
1399403	1399501	63017	63115	NC_057370.1	utg000234l	96.97		True
unknown
1191500	1192523	110804	109788	NC_057379.1	utg000234l	95.23		True
unknown
862620	862709	163538	163627	NC_057382.1	utg000234l	97.78		True
unknown
862717	862819	163633	163735	NC_057382.1	utg000234l	96.12		True
unknown
862882	862969	163796	163883	NC_057382.1	utg000234l	95.45		True
unknown
862973	863043	163884	163954	NC_057382.1	utg000234l	98.59		True
unknown
863124	863464	164039	164379	NC_057382.1	utg000234l	96.48		True
unknown
863467	863550	164380	164463	NC_057382.1	utg000234l	96.43		True
unknown
CONTIG	utg000234l	183053	mis_unaligned
CONTIG	utg000731l	15787	unaligned
75120	75222	14545	14647	NC_057381.1	utg000078l	95.15		True
unknown
75327	75403	14747	14823	NC_057381.1	utg000078l	97.4		True
unknown
75404	75636	14825	15057	NC_057381.1	utg000078l	96.57		True
unknown
75662	75832	15088	15258	NC_057381.1	utg000078l	97.08		True
unknown
CONTIG	utg000078l	177178	mis_unaligned
389758	389848	61062	60972	NC_057375.1	utg000048l	100.0		True
unknown
388807	388943	62014	61878	NC_057375.1	utg000048l	100.0		True
unknown
364497	364590	85996	85903	NC_057375.1	utg000048l	100.0		True
unknown
CONTIG	utg000048l	165944	mis_unaligned
CONTIG	utg000614l	17465	unaligned
CONTIG	utg000786l	17659	unaligned
CONTIG	utg000704l	17550	unaligned
598149	598365	75477	75260	NC_057380.1	utg000005l	99.54		True
unknown
596968	597086	76652	76534	NC_057380.1	utg000005l	100.0		True
unknown
563984	564076	107148	107056	NC_057380.1	utg000005l	100.0		True
unknown
562338	562450	108800	108688	NC_057380.1	utg000005l	100.0		True
unknown
546692	546799	124379	124272	NC_057380.1	utg000005l	100.0		True
unknown
CONTIG	utg000005l	170677	mis_unaligned
153869	154189	1	321	NC_057372.1	utg000558l	99.38		True
unknown
154400	154501	521	622	NC_057372.1	utg000558l	100.0		True
unknown
154502	154584	625	707	NC_057372.1	utg000558l	97.59		True
unknown
154629	154704	755	830	NC_057372.1	utg000558l	98.68		True
unknown
CONTIG	utg000558l	14395	mis_unaligned
CONTIG	utg000727l	18253	unaligned
CONTIG	utg000755l	15604	unaligned
676952	677061	144318	144208	NC_057380.1	utg000065l	95.5		True
unknown
675525	675613	145750	145662	NC_057380.1	utg000065l	100.0		True
unknown
675241	675321	146034	145954	NC_057380.1	utg000065l	100.0		True
unknown
672947	673081	148321	148187	NC_057380.1	utg000065l	100.0		True
unknown
CONTIG	utg000065l	171751	mis_unaligned
CONTIG	utg000735l	16539	unaligned
CONTIG	utg000464l	15354	unaligned
CONTIG	utg000531l	14627	unaligned
CONTIG	utg000680l	16857	unaligned
CONTIG	utg000410l	16106	unaligned
CONTIG	utg000584l	17344	unaligned
CONTIG	utg000516l	14423	unaligned
CONTIG	utg000669l	15282	unaligned
467293	467429	135902	136038	NC_057378.1	utg000093l	95.62		True
unknown
467470	467555	136065	136150	NC_057378.1	utg000093l	98.84		True
unknown
CONTIG	utg000093l	155565	mis_unaligned
97110	97251	73810	73669	NC_057377.1	utg000088l	95.07		True
unknown
96691	96787	74219	74123	NC_057377.1	utg000088l	95.88		True
unknown
96508	96602	74404	74310	NC_057377.1	utg000088l	97.89		True
unknown
826098	826223	74546	74671	NC_057384.1	utg000088l	97.62		True
unknown
826354	826437	74805	74888	NC_057384.1	utg000088l	95.24		True
unknown
826462	826727	74915	75180	NC_057384.1	utg000088l	96.99		True
unknown
759635	759716	91328	91247	NC_057370.1	utg000088l	95.12		True
unknown
752369	752614	98603	98359	NC_057370.1	utg000088l	96.34		True
unknown
740209	740304	106616	106521	NC_057370.1	utg000088l	100.0		True
unknown
739873	739960	106955	106868	NC_057370.1	utg000088l	100.0		True
unknown
738551	738734	108255	108072	NC_057370.1	utg000088l	100.0		True
unknown
738004	738103	108797	108697	NC_057370.1	utg000088l	99.01		True
unknown
764461	764578	119854	119971	NC_057370.1	utg000088l	100.0		True
unknown
765530	765703	120914	121087	NC_057370.1	utg000088l	100.0		True
unknown
773747	773830	130076	130159	NC_057370.1	utg000088l	100.0		True
unknown
779270	779381	135532	135643	NC_057370.1	utg000088l	97.32		True
unknown
788325	788424	141570	141669	NC_057370.1	utg000088l	100.0		True
unknown
789988	790075	143241	143328	NC_057370.1	utg000088l	100.0		True
unknown
790106	790216	143355	143465	NC_057370.1	utg000088l	96.4		True
unknown
791869	792003	145065	145199	NC_057370.1	utg000088l	100.0		True
unknown
793056	793187	146246	146377	NC_057370.1	utg000088l	98.48		True
unknown
793835	793945	147024	147134	NC_057370.1	utg000088l	99.1		True
unknown
794029	794156	147216	147343	NC_057370.1	utg000088l	100.0		True
unknown
794924	795090	148098	148264	NC_057370.1	utg000088l	98.2		True
unknown
795182	795250	148357	148425	NC_057370.1	utg000088l	95.65		True
unknown
795583	795709	148753	148879	NC_057370.1	utg000088l	98.43		True
unknown
797406	797503	150554	150651	NC_057370.1	utg000088l	100.0		True
unknown
798630	798727	151770	151867	NC_057370.1	utg000088l	100.0		True
unknown
810657	810819	159105	159267	NC_057370.1	utg000088l	100.0		True
unknown
812729	812953	161153	161377	NC_057370.1	utg000088l	100.0		True
unknown
813525	813594	161925	161994	NC_057370.1	utg000088l	100.0		True
unknown
814174	814240	162575	162641	NC_057370.1	utg000088l	100.0		True
unknown
818709	818798	167084	167173	NC_057370.1	utg000088l	97.78		True
unknown
820019	820169	168371	168521	NC_057370.1	utg000088l	100.0		True
unknown
820237	820354	168589	168706	NC_057370.1	utg000088l	96.61		True
unknown
820551	820626	168888	168963	NC_057370.1	utg000088l	100.0		True
unknown
838167	838252	190297	190382	NC_057370.1	utg000088l	100.0		True
unknown
839261	839358	191385	191482	NC_057370.1	utg000088l	100.0		True
unknown
843715	843785	195912	195982	NC_057370.1	utg000088l	100.0		True
unknown
851168	851232	203605	203669	NC_057370.1	utg000088l	100.0		True
unknown
852159	852269	204580	204690	NC_057370.1	utg000088l	100.0		True
unknown
854517	854581	206939	207003	NC_057370.1	utg000088l	100.0		True
unknown
862146	862258	214954	215066	NC_057370.1	utg000088l	100.0		True
unknown
864288	864374	217084	217170	NC_057370.1	utg000088l	100.0		True
unknown
864704	864850	217492	217638	NC_057370.1	utg000088l	100.0		True
unknown
871776	871849	224765	224838	NC_057370.1	utg000088l	100.0		True
unknown
873246	873331	226226	226311	NC_057370.1	utg000088l	96.51		True
unknown
875717	875807	228688	228778	NC_057370.1	utg000088l	100.0		True
unknown
888825	888961	238540	238676	NC_057370.1	utg000088l	100.0		True
unknown
898794	898890	248883	248979	NC_057370.1	utg000088l	100.0		True
unknown
908067	908166	257821	257920	NC_057370.1	utg000088l	100.0		True
unknown
909452	909582	259201	259331	NC_057370.1	utg000088l	100.0		True
unknown
910270	910409	260030	260168	NC_057370.1	utg000088l	95.71		True
unknown
947587	947675	290315	290403	NC_057370.1	utg000088l	98.88		True
unknown
947974	948045	290697	290768	NC_057370.1	utg000088l	100.0		True
unknown
967884	967952	309978	310046	NC_057370.1	utg000088l	100.0		True
unknown
968759	968876	310848	310965	NC_057370.1	utg000088l	99.15		True
unknown
972310	972410	314367	314469	NC_057370.1	utg000088l	98.06		True
unknown
973005	973168	315057	315220	NC_057370.1	utg000088l	96.95		True
unknown
975755	975865	317780	317890	NC_057370.1	utg000088l	98.2		True
unknown
976642	976804	318637	318799	NC_057370.1	utg000088l	99.39		True
unknown
982978	983118	324937	325077	NC_057370.1	utg000088l	100.0		True
unknown
983531	983657	325495	325621	NC_057370.1	utg000088l	100.0		True
unknown
991179	991264	331553	331638	NC_057370.1	utg000088l	100.0		True
unknown
992855	992935	333241	333321	NC_057370.1	utg000088l	100.0		True
unknown
996425	996560	336801	336936	NC_057370.1	utg000088l	99.26		True
unknown
996580	996662	336948	337030	NC_057370.1	utg000088l	98.8		True
unknown
997477	997822	337831	338176	NC_057370.1	utg000088l	97.69		True
unknown
998322	998415	338690	338783	NC_057370.1	utg000088l	100.0		True
unknown
999593	999663	339918	339988	NC_057370.1	utg000088l	100.0		True
unknown
1000942	1001026	341025	341109	NC_057370.1	utg000088l	100.0		True
unknown
1002974	1003038	343076	343140	NC_057370.1	utg000088l	100.0		True
unknown
1004017	1004135	344097	344215	NC_057370.1	utg000088l	100.0		True
unknown
1005397	1005566	345473	345642	NC_057370.1	utg000088l	100.0		True
unknown
1007847	1007965	347907	348025	NC_057370.1	utg000088l	99.16		True
unknown
1009045	1009144	349091	349190	NC_057370.1	utg000088l	100.0		True
unknown
1021616	1021700	361450	361534	NC_057370.1	utg000088l	100.0		True
unknown
1025710	1025789	365259	365338	NC_057370.1	utg000088l	100.0		True
unknown
1033429	1033507	373096	373174	NC_057370.1	utg000088l	100.0		True
unknown
1034552	1034628	374217	374293	NC_057370.1	utg000088l	100.0		True
unknown
1071693	1071862	382021	382190	NC_057370.1	utg000088l	98.82		True
unknown
1071895	1072014	382223	382342	NC_057370.1	utg000088l	99.17		True
unknown
1076871	1076987	386766	386882	NC_057370.1	utg000088l	100.0		True
unknown
1078460	1078536	388373	388449	NC_057370.1	utg000088l	100.0		True
unknown
1079297	1079456	389222	389381	NC_057370.1	utg000088l	98.75		True
unknown
1081247	1081340	391155	391248	NC_057370.1	utg000088l	100.0		True
unknown
1085332	1085397	395210	395275	NC_057370.1	utg000088l	100.0		True
unknown
1086979	1087043	396870	396934	NC_057370.1	utg000088l	100.0		True
unknown
1090712	1090798	400146	400232	NC_057370.1	utg000088l	100.0		True
unknown
1093504	1093609	402874	402979	NC_057370.1	utg000088l	100.0		True
unknown
1096347	1096440	405240	405333	NC_057370.1	utg000088l	100.0		True
unknown
1097279	1097349	406170	406240	NC_057370.1	utg000088l	100.0		True
unknown
1100651	1100802	409219	409370	NC_057370.1	utg000088l	100.0		True
unknown
1102533	1102644	411088	411199	NC_057370.1	utg000088l	97.32		True
unknown
1102985	1103104	411542	411661	NC_057370.1	utg000088l	100.0		True
unknown
1109220	1109299	416788	416867	NC_057370.1	utg000088l	96.25		True
unknown
1111739	1112041	419225	419527	NC_057370.1	utg000088l	95.71		True
unknown
1112093	1112197	419576	419680	NC_057370.1	utg000088l	100.0		True
unknown
1112354	1112463	419835	419944	NC_057370.1	utg000088l	100.0		True
unknown
1124298	1124395	432258	432353	NC_057370.1	utg000088l	96.94		True
unknown
1126789	1126896	434736	434843	NC_057370.1	utg000088l	100.0		True
unknown
1128839	1128917	436818	436896	NC_057370.1	utg000088l	100.0		True
unknown
1129526	1129620	437490	437584	NC_057370.1	utg000088l	100.0		True
unknown
1137900	1138057	444371	444528	NC_057370.1	utg000088l	100.0		True
unknown
1138334	1138463	444803	444932	NC_057370.1	utg000088l	98.46		True
unknown
1139928	1139994	446388	446454	NC_057370.1	utg000088l	100.0		True
unknown
1141477	1141578	447930	448031	NC_057370.1	utg000088l	100.0		True
unknown
1142096	1142196	448540	448640	NC_057370.1	utg000088l	96.04		True
unknown
1142460	1142550	448903	448993	NC_057370.1	utg000088l	100.0		True
unknown
1142984	1143218	449417	449651	NC_057370.1	utg000088l	95.74		True
unknown
1144350	1144659	450768	451077	NC_057370.1	utg000088l	95.48		True
unknown
1144862	1144979	451282	451399	NC_057370.1	utg000088l	100.0		True
unknown
1148678	1148772	455464	455558	NC_057370.1	utg000088l	100.0		True
unknown
1151876	1152008	459081	459213	NC_057370.1	utg000088l	97.74		True
unknown
1153034	1153105	460227	460298	NC_057370.1	utg000088l	98.61		True
unknown
1153706	1153791	460903	460988	NC_057370.1	utg000088l	100.0		True
unknown
1158706	1158809	465840	465943	NC_057370.1	utg000088l	100.0		True
unknown
1165768	1165881	472830	472943	NC_057370.1	utg000088l	100.0		True
unknown
1170509	1170581	477572	477644	NC_057370.1	utg000088l	100.0		True
unknown
1171879	1172024	478932	479077	NC_057370.1	utg000088l	98.63		True
unknown
1172097	1172165	479154	479222	NC_057370.1	utg000088l	98.55		True
unknown
1178952	1179049	485924	486021	NC_057370.1	utg000088l	98.98		True
unknown
1180575	1180661	487544	487630	NC_057370.1	utg000088l	100.0		True
unknown
1181154	1181258	488114	488218	NC_057370.1	utg000088l	100.0		True
unknown
1181951	1182073	488900	489022	NC_057370.1	utg000088l	100.0		True
unknown
1182778	1182867	489696	489785	NC_057370.1	utg000088l	100.0		True
unknown
1185204	1185317	491757	491870	NC_057370.1	utg000088l	100.0		True
unknown
1187129	1187243	493600	493714	NC_057370.1	utg000088l	100.0		True
unknown
1187287	1187414	493762	493889	NC_057370.1	utg000088l	99.22		True
unknown
1190698	1190774	497137	497213	NC_057370.1	utg000088l	100.0		True
unknown
1191261	1191400	497686	497825	NC_057370.1	utg000088l	100.0		True
unknown
1191451	1191560	497871	497980	NC_057370.1	utg000088l	98.18		True
unknown
1191805	1191915	498231	498341	NC_057370.1	utg000088l	100.0		True
unknown
1192231	1192355	498657	498781	NC_057370.1	utg000088l	100.0		True
unknown
1192673	1192762	499112	499201	NC_057370.1	utg000088l	95.56		True
unknown
1193118	1193236	499559	499677	NC_057370.1	utg000088l	97.48		True
unknown
1197281	1197351	503703	503773	NC_057370.1	utg000088l	100.0		True
unknown
1202367	1202506	508676	508815	NC_057370.1	utg000088l	98.57		True
unknown
1203528	1203709	509824	510006	NC_057370.1	utg000088l	96.17		True
unknown
1207648	1207740	514161	514253	NC_057370.1	utg000088l	100.0		True
unknown
1237701	1237778	542270	542347	NC_057370.1	utg000088l	97.44		True
unknown
1242687	1242751	547262	547326	NC_057370.1	utg000088l	100.0		True
unknown
1243776	1243877	548354	548455	NC_057370.1	utg000088l	99.02		True
unknown
1247017	1247087	551664	551734	NC_057370.1	utg000088l	100.0		True
unknown
1248722	1248826	553391	553495	NC_057370.1	utg000088l	100.0		True
unknown
1269324	1269391	573444	573511	NC_057370.1	utg000088l	100.0		True
unknown
1288879	1288991	593453	593565	NC_057370.1	utg000088l	100.0		True
unknown
1289012	1289114	593586	593688	NC_057370.1	utg000088l	95.15		True
unknown
1292913	1293045	597397	597529	NC_057370.1	utg000088l	97.74		True
unknown
1293150	1293238	597634	597722	NC_057370.1	utg000088l	98.88		True
unknown
1293495	1293614	597961	598080	NC_057370.1	utg000088l	98.33		True
unknown
1295232	1295529	599683	599979	NC_057370.1	utg000088l	97.99		True
unknown
1296142	1296264	600571	600693	NC_057370.1	utg000088l	100.0		True
unknown
1296782	1296925	601198	601341	NC_057370.1	utg000088l	97.92		True
unknown
1297668	1297743	602055	602130	NC_057370.1	utg000088l	100.0		True
unknown
1298084	1298165	602460	602541	NC_057370.1	utg000088l	100.0		True
unknown
1298224	1298338	602594	602708	NC_057370.1	utg000088l	100.0		True
unknown
1298924	1299111	603260	603447	NC_057370.1	utg000088l	100.0		True
unknown
1299784	1299850	604111	604177	NC_057370.1	utg000088l	100.0		True
unknown
1299937	1300069	604262	604394	NC_057370.1	utg000088l	96.99		True
unknown
1307015	1307084	616646	616715	NC_057370.1	utg000088l	100.0		True
unknown
1308773	1308889	618257	618373	NC_057370.1	utg000088l	100.0		True
unknown
1309595	1309694	619088	619187	NC_057370.1	utg000088l	98.0		True
unknown
1309741	1309818	619228	619305	NC_057370.1	utg000088l	96.15		True
unknown
1310011	1310269	619497	619755	NC_057370.1	utg000088l	97.3		True
unknown
1310470	1310600	619956	620086	NC_057370.1	utg000088l	96.95		True
unknown
1315185	1315293	624442	624550	NC_057370.1	utg000088l	98.17		True
unknown
1316482	1316576	625705	625799	NC_057370.1	utg000088l	98.95		True
unknown
1316794	1316884	626010	626100	NC_057370.1	utg000088l	98.9		True
unknown
1319704	1319768	628922	628986	NC_057370.1	utg000088l	100.0		True
unknown
1319883	1320007	629099	629223	NC_057370.1	utg000088l	99.2		True
unknown
1321864	1321968	631067	631171	NC_057370.1	utg000088l	100.0		True
unknown
1323906	1323986	633063	633143	NC_057370.1	utg000088l	100.0		True
unknown
1327645	1327798	638543	638696	NC_057370.1	utg000088l	99.35		True
unknown
1332859	1332934	643751	643826	NC_057370.1	utg000088l	100.0		True
unknown
1337382	1337468	648178	648264	NC_057370.1	utg000088l	98.85		True
unknown
1337488	1337552	648286	648350	NC_057370.1	utg000088l	96.92		True
unknown
1337927	1338069	648683	648826	NC_057370.1	utg000088l	97.92		True
unknown
1338335	1338487	649081	649233	NC_057370.1	utg000088l	100.0		True
unknown
1338964	1339046	649708	649790	NC_057370.1	utg000088l	100.0		True
unknown
1339932	1340011	650649	650728	NC_057370.1	utg000088l	97.5		True
unknown
1340325	1340511	651053	651239	NC_057370.1	utg000088l	96.79		True
unknown
1340713	1340804	651438	651529	NC_057370.1	utg000088l	95.65		True
unknown
1341616	1341719	652320	652423	NC_057370.1	utg000088l	100.0		True
unknown
1347821	1347924	658546	658649	NC_057370.1	utg000088l	100.0		True
unknown
1348827	1348902	659556	659631	NC_057370.1	utg000088l	100.0		True
unknown
1349163	1349300	659895	660032	NC_057370.1	utg000088l	97.1		True
unknown
1349689	1349820	660421	660552	NC_057370.1	utg000088l	99.24		True
unknown
1349854	1350037	660586	660769	NC_057370.1	utg000088l	95.11		True
unknown
1352074	1352215	662858	662999	NC_057370.1	utg000088l	97.89		True
unknown
1352445	1352577	663233	663365	NC_057370.1	utg000088l	95.49		True
unknown
1352729	1352808	663521	663600	NC_057370.1	utg000088l	96.25		True
unknown
1353576	1353709	664343	664478	NC_057370.1	utg000088l	98.53		True
unknown
1354284	1354402	665052	665170	NC_057370.1	utg000088l	100.0		True
unknown
1354586	1354683	665356	665453	NC_057370.1	utg000088l	100.0		True
unknown
1364360	1364460	675023	675123	NC_057370.1	utg000088l	100.0		True
unknown
1379852	1379936	690549	690633	NC_057370.1	utg000088l	97.65		True
unknown
1380854	1380928	691582	691656	NC_057370.1	utg000088l	100.0		True
unknown
1406363	1406429	704198	704264	NC_057370.1	utg000088l	100.0		True
unknown
1408297	1408456	706088	706247	NC_057370.1	utg000088l	98.12		True
unknown
1408857	1408940	706633	706716	NC_057370.1	utg000088l	96.43		True
unknown
1411694	1411866	709245	709417	NC_057370.1	utg000088l	100.0		True
unknown
1414651	1414771	711999	712119	NC_057370.1	utg000088l	100.0		True
unknown
1420505	1420683	717873	718051	NC_057370.1	utg000088l	96.65		True
unknown
1428164	1428348	726144	726328	NC_057370.1	utg000088l	99.46		True
unknown
1433336	1433496	731357	731517	NC_057370.1	utg000088l	98.76		True
unknown
1434817	1435030	732840	733053	NC_057370.1	utg000088l	99.07		True
unknown
1435477	1435631	733493	733647	NC_057370.1	utg000088l	100.0		True
unknown
1458635	1458705	757541	757611	NC_057370.1	utg000088l	100.0		True
unknown
1459516	1459608	758427	758519	NC_057370.1	utg000088l	96.77		True
unknown
1460831	1460936	759758	759863	NC_057370.1	utg000088l	100.0		True
unknown
1461417	1461514	760317	760414	NC_057370.1	utg000088l	98.98		True
unknown
1462016	1462107	760910	761001	NC_057370.1	utg000088l	100.0		True
unknown
1463914	1464169	762810	763065	NC_057370.1	utg000088l	98.44		True
unknown
1464668	1464739	763568	763639	NC_057370.1	utg000088l	98.61		True
unknown
1464873	1465062	763776	763965	NC_057370.1	utg000088l	98.42		True
unknown
1465114	1465306	764016	764208	NC_057370.1	utg000088l	96.89		True
unknown
1467135	1467257	765973	766095	NC_057370.1	utg000088l	100.0		True
unknown
1467790	1467865	766652	766727	NC_057370.1	utg000088l	100.0		True
unknown
1468508	1468621	767378	767492	NC_057370.1	utg000088l	99.13		True
unknown
1469035	1469219	767917	768101	NC_057370.1	utg000088l	97.84		True
unknown
1469358	1469433	768251	768326	NC_057370.1	utg000088l	100.0		True
unknown
1476084	1476160	774966	775042	NC_057370.1	utg000088l	100.0		True
unknown
1477195	1477323	776087	776215	NC_057370.1	utg000088l	100.0		True
unknown
1477845	1477919	776732	776806	NC_057370.1	utg000088l	100.0		True
unknown
1478291	1478384	777173	777266	NC_057370.1	utg000088l	100.0		True
unknown
1479730	1479809	779454	779533	NC_057370.1	utg000088l	100.0		True
unknown
1481025	1481140	780749	780864	NC_057370.1	utg000088l	100.0		True
unknown
1481859	1482002	781565	781707	NC_057370.1	utg000088l	98.61		True
unknown
1482455	1482603	782166	782314	NC_057370.1	utg000088l	100.0		True
unknown
1488263	1488411	787899	788047	NC_057370.1	utg000088l	100.0		True
unknown
1489941	1490068	789576	789703	NC_057370.1	utg000088l	96.88		True
unknown
1493263	1493411	792796	792944	NC_057370.1	utg000088l	99.33		True
unknown
1493503	1493579	793022	793098	NC_057370.1	utg000088l	98.7		True
unknown
1496313	1496420	795785	795892	NC_057370.1	utg000088l	100.0		True
unknown
1497047	1497192	796493	796638	NC_057370.1	utg000088l	100.0		True
unknown
1497284	1497372	796718	796806	NC_057370.1	utg000088l	100.0		True
unknown
1497820	1498029	797256	797465	NC_057370.1	utg000088l	97.62		True
unknown
1498509	1498744	797951	798186	NC_057370.1	utg000088l	97.88		True
unknown
1498836	1498943	798274	798381	NC_057370.1	utg000088l	97.22		True
unknown
1499532	1499731	798981	799180	NC_057370.1	utg000088l	100.0		True
unknown
1500360	1500453	799804	799897	NC_057370.1	utg000088l	100.0		True
unknown
1500772	1500880	800208	800316	NC_057370.1	utg000088l	100.0		True
unknown
1501200	1501331	800636	800767	NC_057370.1	utg000088l	100.0		True
unknown
1501638	1501753	801067	801182	NC_057370.1	utg000088l	100.0		True
unknown
1504149	1504270	803614	803735	NC_057370.1	utg000088l	98.36		True
unknown
1505536	1505641	805029	805134	NC_057370.1	utg000088l	100.0		True
unknown
1507458	1507533	806955	807030	NC_057370.1	utg000088l	100.0		True
unknown
1516859	1517142	814715	814998	NC_057370.1	utg000088l	95.42		True
unknown
1517463	1517552	815333	815422	NC_057370.1	utg000088l	100.0		True
unknown
1519719	1519846	817456	817582	NC_057370.1	utg000088l	99.22		True
unknown
1520384	1520535	818123	818274	NC_057370.1	utg000088l	96.05		True
unknown
1520751	1520821	818477	818547	NC_057370.1	utg000088l	98.59		True
unknown
1521815	1522012	819557	819754	NC_057370.1	utg000088l	98.99		True
unknown
1522997	1523096	820728	820827	NC_057370.1	utg000088l	99.0		True
unknown
1523197	1523368	820925	821096	NC_057370.1	utg000088l	95.35		True
unknown
1523429	1523591	821154	821316	NC_057370.1	utg000088l	100.0		True
unknown
1524095	1524187	821775	821867	NC_057370.1	utg000088l	100.0		True
unknown
1524284	1524412	821954	822082	NC_057370.1	utg000088l	99.22		True
unknown
1526295	1526387	823858	823950	NC_057370.1	utg000088l	100.0		True
unknown
1526649	1526737	824220	824308	NC_057370.1	utg000088l	95.51		True
unknown
1530682	1530817	828220	828355	NC_057370.1	utg000088l	97.06		True
unknown
1535352	1535469	832665	832782	NC_057370.1	utg000088l	100.0		True
unknown
1536372	1536448	833718	833794	NC_057370.1	utg000088l	100.0		True
unknown
1536905	1537078	834243	834415	NC_057370.1	utg000088l	97.7		True
unknown
1540525	1540652	837866	837993	NC_057370.1	utg000088l	98.44		True
unknown
1541921	1541985	839266	839330	NC_057370.1	utg000088l	98.46		True
unknown
1542350	1542443	839715	839808	NC_057370.1	utg000088l	100.0		True
unknown
1543749	1543980	841103	841331	NC_057370.1	utg000088l	95.28		True
unknown
1545213	1545298	842659	842744	NC_057370.1	utg000088l	98.84		True
unknown
1545863	1545943	843313	843394	NC_057370.1	utg000088l	98.78		True
unknown
1546328	1546534	843775	843981	NC_057370.1	utg000088l	100.0		True
unknown
1547398	1547484	844842	844930	NC_057370.1	utg000088l	97.75		True
unknown
1549373	1549456	846767	846851	NC_057370.1	utg000088l	98.82		True
unknown
1561061	1561132	857605	857676	NC_057370.1	utg000088l	100.0		True
unknown
1562163	1562283	858738	858859	NC_057370.1	utg000088l	98.36		True
unknown
1570868	1570943	867473	867548	NC_057370.1	utg000088l	100.0		True
unknown
1579728	1579804	876284	876360	NC_057370.1	utg000088l	100.0		True
unknown
1583719	1583795	879973	880049	NC_057370.1	utg000088l	100.0		True
unknown
1584696	1584779	880966	881049	NC_057370.1	utg000088l	100.0		True
unknown
1594239	1594308	890801	890870	NC_057370.1	utg000088l	100.0		True
unknown
1595163	1595238	891804	891879	NC_057370.1	utg000088l	98.68		True
unknown
1595388	1595497	892038	892147	NC_057370.1	utg000088l	99.09		True
unknown
1598956	1599077	895888	896009	NC_057370.1	utg000088l	97.54		True
unknown
1603576	1603719	900645	900789	NC_057370.1	utg000088l	99.31		True
unknown
1604072	1604173	901146	901247	NC_057370.1	utg000088l	100.0		True
unknown
1604534	1604615	901588	901669	NC_057370.1	utg000088l	100.0		True
unknown
1608124	1608190	905123	905189	NC_057370.1	utg000088l	100.0		True
unknown
1608246	1608511	905246	905511	NC_057370.1	utg000088l	99.25		True
unknown
1609421	1609568	906404	906551	NC_057370.1	utg000088l	100.0		True
unknown
1610514	1610639	907512	907637	NC_057370.1	utg000088l	100.0		True
unknown
1610868	1610969	907885	907986	NC_057370.1	utg000088l	99.02		True
unknown
1612030	1612135	909083	909188	NC_057370.1	utg000088l	98.11		True
unknown
1612604	1612796	909659	909851	NC_057370.1	utg000088l	95.85		True
unknown
1613001	1613136	910057	910192	NC_057370.1	utg000088l	98.53		True
unknown
1613999	1614149	910994	911144	NC_057370.1	utg000088l	100.0		True
unknown
1614542	1614688	911517	911663	NC_057370.1	utg000088l	97.96		True
unknown
1614937	1615026	911917	912006	NC_057370.1	utg000088l	100.0		True
unknown
1616041	1616107	913031	913097	NC_057370.1	utg000088l	95.52		True
unknown
1616251	1616476	913233	913458	NC_057370.1	utg000088l	100.0		True
unknown
1620592	1620771	917505	917684	NC_057370.1	utg000088l	99.44		True
unknown
1621062	1621230	917978	918146	NC_057370.1	utg000088l	99.41		True
unknown
1624234	1624377	921144	921287	NC_057370.1	utg000088l	99.31		True
unknown
1631753	1631855	926182	926284	NC_057370.1	utg000088l	100.0		True
unknown
1632248	1632337	926665	926754	NC_057370.1	utg000088l	100.0		True
unknown
1635569	1635643	929728	929802	NC_057370.1	utg000088l	100.0		True
unknown
1635705	1635798	929847	929940	NC_057370.1	utg000088l	97.87		True
unknown
1636040	1636134	930180	930274	NC_057370.1	utg000088l	98.95		True
unknown
1639383	1639499	933378	933494	NC_057370.1	utg000088l	100.0		True
unknown
1648166	1648251	940337	940422	NC_057370.1	utg000088l	100.0		True
unknown
1649766	1649868	941988	942090	NC_057370.1	utg000088l	100.0		True
unknown
1650041	1650175	942265	942399	NC_057370.1	utg000088l	98.52		True
unknown
1655191	1655291	947496	947596	NC_057370.1	utg000088l	100.0		True
unknown
1657114	1657227	949309	949422	NC_057370.1	utg000088l	100.0		True
unknown
1657555	1657735	949737	949917	NC_057370.1	utg000088l	100.0		True
unknown
1658303	1658443	950473	950613	NC_057370.1	utg000088l	95.04		True
unknown
1658917	1659007	951091	951181	NC_057370.1	utg000088l	98.9		True
unknown
1660506	1660651	952637	952782	NC_057370.1	utg000088l	100.0		True
unknown
1661715	1661781	953864	953930	NC_057370.1	utg000088l	95.52		True
unknown
1662095	1662219	954240	954364	NC_057370.1	utg000088l	96.8		True
unknown
1662649	1662735	954796	954882	NC_057370.1	utg000088l	100.0		True
unknown
1662851	1663014	954997	955160	NC_057370.1	utg000088l	95.12		True
unknown
1665591	1665655	957723	957787	NC_057370.1	utg000088l	100.0		True
unknown
1665941	1666035	958075	958169	NC_057370.1	utg000088l	100.0		True
unknown
1666680	1666800	958809	958929	NC_057370.1	utg000088l	100.0		True
unknown
1667191	1667294	959335	959438	NC_057370.1	utg000088l	100.0		True
unknown
1670860	1670974	963678	963792	NC_057370.1	utg000088l	100.0		True
unknown
1674661	1674735	967488	967562	NC_057370.1	utg000088l	100.0		True
unknown
1674932	1675012	967752	967832	NC_057370.1	utg000088l	97.53		True
unknown
1675867	1675952	968695	968780	NC_057370.1	utg000088l	100.0		True
unknown
1676476	1676594	969304	969422	NC_057370.1	utg000088l	100.0		True
unknown
1683168	1683265	975971	976068	NC_057370.1	utg000088l	100.0		True
unknown
1694035	1694108	987901	987974	NC_057370.1	utg000088l	100.0		True
unknown
1694182	1694322	988047	988187	NC_057370.1	utg000088l	99.29		True
unknown
1694749	1694901	988606	988758	NC_057370.1	utg000088l	100.0		True
unknown
1700743	1700819	994411	994487	NC_057370.1	utg000088l	100.0		True
unknown
1709838	1709904	1003673	1003739	NC_057370.1	utg000088l	100.0		True
unknown
1720158	1720289	1011740	1011871	NC_057370.1	utg000088l	96.21		True
unknown
1720559	1720673	1012142	1012256	NC_057370.1	utg000088l	95.65		True
unknown
1721225	1721310	1012800	1012885	NC_057370.1	utg000088l	98.84		True
unknown
1722797	1722941	1014369	1014513	NC_057370.1	utg000088l	100.0		True
unknown
1738216	1738348	1029775	1029907	NC_057370.1	utg000088l	95.49		True
unknown
1738350	1738433	1029908	1029991	NC_057370.1	utg000088l	95.24		True
unknown
1738548	1738716	1030103	1030271	NC_057370.1	utg000088l	99.41		True
unknown
1741518	1741586	1032134	1032202	NC_057370.1	utg000088l	100.0		True
unknown
1744029	1744115	1034645	1034731	NC_057370.1	utg000088l	100.0		True
unknown
1751924	1752027	1038936	1039039	NC_057370.1	utg000088l	100.0		True
unknown
1752663	1752776	1039662	1039774	NC_057370.1	utg000088l	99.12		True
unknown
1755418	1755512	1042335	1042429	NC_057370.1	utg000088l	100.0		True
unknown
1759174	1759281	1046023	1046128	NC_057370.1	utg000088l	98.15		True
unknown
1759921	1760021	1046753	1046853	NC_057370.1	utg000088l	100.0		True
unknown
1762593	1762680	1049484	1049571	NC_057370.1	utg000088l	95.45		True
unknown
1764267	1764477	1051085	1051298	NC_057370.1	utg000088l	98.6		True
unknown
1764877	1764983	1051699	1051805	NC_057370.1	utg000088l	99.07		True
unknown
1767542	1767633	1054389	1054480	NC_057370.1	utg000088l	100.0		True
unknown
1772312	1772460	1059546	1059694	NC_057370.1	utg000088l	100.0		True
unknown
1773175	1773257	1060426	1060508	NC_057370.1	utg000088l	100.0		True
unknown
1773475	1773614	1060732	1060871	NC_057370.1	utg000088l	96.43		True
unknown
1774871	1774995	1062180	1062304	NC_057370.1	utg000088l	100.0		True
unknown
1775071	1775139	1062375	1062443	NC_057370.1	utg000088l	98.55		True
unknown
1777751	1777852	1065092	1065193	NC_057370.1	utg000088l	100.0		True
unknown
1777888	1777969	1065233	1065315	NC_057370.1	utg000088l	98.8		True
unknown
1779424	1779574	1066793	1066943	NC_057370.1	utg000088l	100.0		True
unknown
1780405	1780516	1067758	1067871	NC_057370.1	utg000088l	96.49		True
unknown
1783941	1784009	1071298	1071366	NC_057370.1	utg000088l	100.0		True
unknown
1786545	1786640	1073921	1074016	NC_057370.1	utg000088l	100.0		True
unknown
1795588	1795675	1082319	1082406	NC_057370.1	utg000088l	100.0		True
unknown
1796065	1796155	1082804	1082894	NC_057370.1	utg000088l	100.0		True
unknown
1800507	1800673	1087347	1087513	NC_057370.1	utg000088l	97.01		True
unknown
1800797	1800947	1087635	1087785	NC_057370.1	utg000088l	100.0		True
unknown
1801630	1801753	1088492	1088615	NC_057370.1	utg000088l	99.19		True
unknown
1803186	1803310	1090050	1090173	NC_057370.1	utg000088l	96.8		True
unknown
1805195	1805326	1092113	1092244	NC_057370.1	utg000088l	100.0		True
unknown
1805958	1806097	1092857	1092996	NC_057370.1	utg000088l	98.57		True
unknown
1806716	1806825	1093630	1093740	NC_057370.1	utg000088l	99.1		True
unknown
1808058	1808151	1094962	1095055	NC_057370.1	utg000088l	100.0		True
unknown
1808486	1808635	1095385	1095534	NC_057370.1	utg000088l	100.0		True
unknown
1808681	1808799	1095581	1095699	NC_057370.1	utg000088l	98.32		True
unknown
1809173	1809249	1096075	1096151	NC_057370.1	utg000088l	100.0		True
unknown
1809440	1809548	1096336	1096444	NC_057370.1	utg000088l	99.08		True
unknown
1810044	1810126	1096937	1097019	NC_057370.1	utg000088l	95.18		True
unknown
1810993	1811057	1097892	1097956	NC_057370.1	utg000088l	100.0		True
unknown
1813688	1813854	1100598	1100764	NC_057370.1	utg000088l	100.0		True
unknown
1818174	1818238	1105274	1105338	NC_057370.1	utg000088l	100.0		True
unknown
1822579	1822672	1109764	1109858	NC_057370.1	utg000088l	98.95		True
unknown
1826263	1826371	1113497	1113605	NC_057370.1	utg000088l	100.0		True
unknown
1831865	1831986	1118930	1119052	NC_057370.1	utg000088l	99.19		True
unknown
1833735	1833817	1120825	1120907	NC_057370.1	utg000088l	100.0		True
unknown
1850633	1850781	1140492	1140640	NC_057370.1	utg000088l	99.33		True
unknown
1851346	1851503	1141187	1141344	NC_057370.1	utg000088l	100.0		True
unknown
1851999	1852063	1141831	1141895	NC_057370.1	utg000088l	100.0		True
unknown
1856287	1856404	1146739	1146854	NC_057370.1	utg000088l	98.31		True
unknown
1857640	1857769	1148069	1148198	NC_057370.1	utg000088l	98.46		True
unknown
1865811	1865883	1156396	1156468	NC_057370.1	utg000088l	100.0		True
unknown
1867475	1867578	1158036	1158139	NC_057370.1	utg000088l	100.0		True
unknown
1870478	1870550	1162838	1162910	NC_057370.1	utg000088l	100.0		True
unknown
1872585	1872790	1164944	1165149	NC_057370.1	utg000088l	98.54		True
unknown
1873080	1873205	1165444	1165569	NC_057370.1	utg000088l	100.0		True
unknown
1873232	1873369	1165596	1165733	NC_057370.1	utg000088l	100.0		True
unknown
1873380	1873600	1165743	1165963	NC_057370.1	utg000088l	97.74		True
unknown
1874194	1874345	1166563	1166714	NC_057370.1	utg000088l	99.34		True
unknown
1876929	1877034	1169898	1170003	NC_057370.1	utg000088l	99.06		True
unknown
1877190	1877392	1170151	1170353	NC_057370.1	utg000088l	97.54		True
unknown
1878317	1878633	1171266	1171582	NC_057370.1	utg000088l	96.53		True
unknown
1882356	1882442	1175277	1175363	NC_057370.1	utg000088l	100.0		True
unknown
1883279	1883364	1176183	1176267	NC_057370.1	utg000088l	97.67		True
unknown
1884740	1884853	1177613	1177726	NC_057370.1	utg000088l	100.0		True
unknown
1885636	1885711	1178504	1178579	NC_057370.1	utg000088l	100.0		True
unknown
1887956	1888020	1181299	1181363	NC_057370.1	utg000088l	100.0		True
unknown
1895540	1895671	1188590	1188721	NC_057370.1	utg000088l	100.0		True
unknown
1896082	1896191	1189139	1189248	NC_057370.1	utg000088l	95.45		True
unknown
1896245	1896521	1189293	1189569	NC_057370.1	utg000088l	98.19		True
unknown
1898077	1898531	1191689	1192143	NC_057370.1	utg000088l	99.78		True
unknown
1898647	1898789	1192258	1192400	NC_057370.1	utg000088l	97.9		True
unknown
1898810	1898996	1192421	1192607	NC_057370.1	utg000088l	97.33		True
unknown
1899096	1899381	1192712	1192997	NC_057370.1	utg000088l	98.95		True
unknown
1899732	1899854	1193351	1193473	NC_057370.1	utg000088l	95.12		True
unknown
1900475	1900601	1194107	1194233	NC_057370.1	utg000088l	95.28		True
unknown
1900839	1900939	1194482	1194582	NC_057370.1	utg000088l	100.0		True
unknown
1909689	1909823	1203165	1203299	NC_057370.1	utg000088l	97.78		True
unknown
1915898	1916027	1209435	1209564	NC_057370.1	utg000088l	99.23		True
unknown
1916443	1916602	1209981	1210140	NC_057370.1	utg000088l	100.0		True
unknown
1921096	1921208	1214560	1214672	NC_057370.1	utg000088l	100.0		True
unknown
1921921	1922017	1215377	1215473	NC_057370.1	utg000088l	100.0		True
unknown
1922797	1922960	1216257	1216420	NC_057370.1	utg000088l	98.78		True
unknown
1923378	1923489	1216828	1216939	NC_057370.1	utg000088l	100.0		True
unknown
1923848	1923996	1217284	1217432	NC_057370.1	utg000088l	98.66		True
unknown
1955013	1955112	1248496	1248595	NC_057370.1	utg000088l	99.0		True
unknown
1965046	1965124	1258491	1258569	NC_057370.1	utg000088l	100.0		True
unknown
1965444	1965547	1258888	1258991	NC_057370.1	utg000088l	98.08		True
unknown
1966186	1966282	1259612	1259708	NC_057370.1	utg000088l	100.0		True
unknown
1967106	1967239	1260542	1260675	NC_057370.1	utg000088l	97.01		True
unknown
1969254	1969362	1262606	1262714	NC_057370.1	utg000088l	99.08		True
unknown
1971585	1971654	1264875	1264944	NC_057370.1	utg000088l	100.0		True
unknown
1973332	1973489	1266599	1266756	NC_057370.1	utg000088l	98.73		True
unknown
1975715	1975890	1268923	1269098	NC_057370.1	utg000088l	96.02		True
unknown
1982369	1982457	1274735	1274823	NC_057370.1	utg000088l	100.0		True
unknown
1985383	1985481	1277033	1277131	NC_057370.1	utg000088l	96.97		True
unknown
1986632	1986789	1278281	1278438	NC_057370.1	utg000088l	98.73		True
unknown
1989749	1989886	1281341	1281478	NC_057370.1	utg000088l	95.65		True
unknown
1990388	1990455	1281973	1282040	NC_057370.1	utg000088l	98.53		True
unknown
1990999	1991133	1282596	1282730	NC_057370.1	utg000088l	99.26		True
unknown
1991212	1991339	1282804	1282931	NC_057370.1	utg000088l	100.0		True
unknown
1991599	1991802	1283191	1283394	NC_057370.1	utg000088l	96.08		True
unknown
1991952	1992100	1283542	1283690	NC_057370.1	utg000088l	97.99		True
unknown
1994238	1994356	1285857	1285975	NC_057370.1	utg000088l	99.16		True
unknown
1995113	1995209	1286726	1286822	NC_057370.1	utg000088l	100.0		True
unknown
1996199	1996338	1287811	1287950	NC_057370.1	utg000088l	97.86		True
unknown
1996399	1996500	1288009	1288110	NC_057370.1	utg000088l	96.08		True
unknown
1996813	1996917	1288419	1288523	NC_057370.1	utg000088l	100.0		True
unknown
1999164	1999247	1290722	1290805	NC_057370.1	utg000088l	100.0		True
unknown
1999304	1999411	1290868	1290975	NC_057370.1	utg000088l	96.3		True
unknown
2000391	2000491	1291930	1292030	NC_057370.1	utg000088l	100.0		True
unknown
2005168	2005252	1296914	1296998	NC_057370.1	utg000088l	100.0		True
unknown
2016583	2016657	1308358	1308432	NC_057370.1	utg000088l	100.0		True
unknown
2017861	2017972	1309644	1309755	NC_057370.1	utg000088l	99.11		True
unknown
2029707	2029790	1321319	1321402	NC_057370.1	utg000088l	100.0		True
unknown
2032723	2032813	1324204	1324295	NC_057370.1	utg000088l	97.83		True
unknown
2033346	2033413	1324797	1324864	NC_057370.1	utg000088l	98.53		True
unknown
2046284	2046371	1337883	1337970	NC_057370.1	utg000088l	97.73		True
unknown
2046638	2046745	1338232	1338339	NC_057370.1	utg000088l	100.0		True
unknown
2048563	2048667	1340161	1340267	NC_057370.1	utg000088l	98.13		True
unknown
2050669	2050766	1342213	1342310	NC_057370.1	utg000088l	100.0		True
unknown
2051483	2051634	1343016	1343167	NC_057370.1	utg000088l	98.68		True
unknown
2052130	2052249	1343640	1343759	NC_057370.1	utg000088l	100.0		True
unknown
2052311	2052506	1343822	1344017	NC_057370.1	utg000088l	98.47		True
unknown
2128980	2129058	1358294	1358216	NC_057370.1	utg000088l	100.0		True
unknown
2128412	2128529	1358862	1358745	NC_057370.1	utg000088l	100.0		True
unknown
2123947	2124042	1363296	1363201	NC_057370.1	utg000088l	100.0		True
unknown
2122435	2122520	1364791	1364706	NC_057370.1	utg000088l	97.67		True
unknown
2121999	2122230	1365203	1364972	NC_057370.1	utg000088l	97.84		True
unknown
2120777	2120909	1366428	1366296	NC_057370.1	utg000088l	96.24		True
unknown
2120083	2120194	1367178	1367067	NC_057370.1	utg000088l	97.32		True
unknown
2119094	2119194	1368145	1368045	NC_057370.1	utg000088l	100.0		True
unknown
2117851	2117929	1369396	1369317	NC_057370.1	utg000088l	98.75		True
unknown
2116104	2116183	1371105	1371026	NC_057370.1	utg000088l	98.75		True
unknown
2113626	2113761	1373544	1373409	NC_057370.1	utg000088l	100.0		True
unknown
2113164	2113304	1374003	1373863	NC_057370.1	utg000088l	100.0		True
unknown
2111984	2112225	1375174	1374933	NC_057370.1	utg000088l	100.0		True
unknown
2111393	2111485	1375743	1375651	NC_057370.1	utg000088l	100.0		True
unknown
2110804	2110895	1376308	1376217	NC_057370.1	utg000088l	100.0		True
unknown
2102033	2102182	1384467	1384318	NC_057370.1	utg000088l	95.33		True
unknown
2101708	2101779	1384779	1384708	NC_057370.1	utg000088l	97.22		True
unknown
2100559	2100702	1385929	1385786	NC_057370.1	utg000088l	100.0		True
unknown
2098174	2098290	1388203	1388087	NC_057370.1	utg000088l	99.15		True
unknown
2096949	2097045	1389327	1389230	NC_057370.1	utg000088l	95.92		True
unknown
2095035	2095135	1391233	1391132	NC_057370.1	utg000088l	98.04		True
unknown
2092986	2093219	1393257	1393025	NC_057370.1	utg000088l	97.86		True
unknown
2089059	2089123	1397019	1396955	NC_057370.1	utg000088l	100.0		True
unknown
2088552	2088624	1397513	1397441	NC_057370.1	utg000088l	100.0		True
unknown
2087662	2087763	1398388	1398287	NC_057370.1	utg000088l	100.0		True
unknown
2086426	2086567	1399614	1399473	NC_057370.1	utg000088l	100.0		True
unknown
2084996	2085124	1401060	1400932	NC_057370.1	utg000088l	98.45		True
unknown
2084855	2084963	1401199	1401091	NC_057370.1	utg000088l	98.17		True
unknown
2084327	2084398	1401726	1401655	NC_057370.1	utg000088l	100.0		True
unknown
2080733	2080808	1404914	1404839	NC_057370.1	utg000088l	100.0		True
unknown
2080596	2080673	1405051	1404974	NC_057370.1	utg000088l	100.0		True
unknown
2079673	2079783	1405972	1405862	NC_057370.1	utg000088l	100.0		True
unknown
2079085	2079167	1406551	1406469	NC_057370.1	utg000088l	96.39		True
unknown
2077799	2077903	1407836	1407731	NC_057370.1	utg000088l	99.06		True
unknown
2076313	2076386	1409331	1409258	NC_057370.1	utg000088l	100.0		True
unknown
2073712	2073803	1411940	1411849	NC_057370.1	utg000088l	100.0		True
unknown
2068168	2068264	1417486	1417390	NC_057370.1	utg000088l	100.0		True
unknown
2146877	2146943	1435309	1435375	NC_057370.1	utg000088l	100.0		True
unknown
2148438	2148523	1436850	1436935	NC_057370.1	utg000088l	100.0		True
unknown
2150080	2150177	1438487	1438584	NC_057370.1	utg000088l	96.94		True
unknown
2150804	2150924	1439206	1439326	NC_057370.1	utg000088l	98.35		True
unknown
2151480	2151590	1439877	1439987	NC_057370.1	utg000088l	99.1		True
unknown
2151812	2151888	1440200	1440276	NC_057370.1	utg000088l	100.0		True
unknown
2152437	2152531	1440833	1440927	NC_057370.1	utg000088l	96.84		True
unknown
2153566	2153678	1441987	1442099	NC_057370.1	utg000088l	100.0		True
unknown
2161394	2161473	1449766	1449845	NC_057370.1	utg000088l	100.0		True
unknown
2162080	2162197	1450459	1450576	NC_057370.1	utg000088l	100.0		True
unknown
2162925	2163016	1451313	1451404	NC_057370.1	utg000088l	100.0		True
unknown
2163985	2164058	1452394	1452467	NC_057370.1	utg000088l	100.0		True
unknown
2164577	2164660	1452980	1453063	NC_057370.1	utg000088l	98.81		True
unknown
2164822	2164899	1453225	1453302	NC_057370.1	utg000088l	98.72		True
unknown
2167539	2167656	1455933	1456051	NC_057370.1	utg000088l	99.16		True
unknown
2173917	2174009	1462452	1462544	NC_057370.1	utg000088l	100.0		True
unknown
2174321	2174439	1462866	1462984	NC_057370.1	utg000088l	98.32		True
unknown
2175799	2175911	1464356	1464468	NC_057370.1	utg000088l	100.0		True
unknown
2185471	2185555	1478419	1478503	NC_057370.1	utg000088l	100.0		True
unknown
2190307	2190380	1483413	1483486	NC_057370.1	utg000088l	100.0		True
unknown
2190635	2190734	1483741	1483840	NC_057370.1	utg000088l	100.0		True
unknown
2197870	2198094	1490669	1490893	NC_057370.1	utg000088l	99.56		True
unknown
2202620	2202796	1495366	1495542	NC_057370.1	utg000088l	100.0		True
unknown
2203680	2203744	1496427	1496491	NC_057370.1	utg000088l	98.46		True
unknown
2204883	2204991	1497579	1497687	NC_057370.1	utg000088l	100.0		True
unknown
2205420	2205503	1498103	1498187	NC_057370.1	utg000088l	98.82		True
unknown
2205702	2205767	1498377	1498442	NC_057370.1	utg000088l	100.0		True
unknown
2206384	2206524	1499061	1499201	NC_057370.1	utg000088l	100.0		True
unknown
2207072	2207158	1499747	1499833	NC_057370.1	utg000088l	100.0		True
unknown
2208245	2208375	1500916	1501046	NC_057370.1	utg000088l	100.0		True
unknown
2209404	2209490	1502061	1502147	NC_057370.1	utg000088l	100.0		True
unknown
2216118	2216227	1508747	1508856	NC_057370.1	utg000088l	100.0		True
unknown
2220633	2220785	1512135	1512286	NC_057370.1	utg000088l	98.69		True
unknown
2221114	2221222	1512612	1512719	NC_057370.1	utg000088l	98.17		True
unknown
2223287	2223423	1514784	1514920	NC_057370.1	utg000088l	100.0		True
unknown
2227295	2227392	1519395	1519492	NC_057370.1	utg000088l	100.0		True
unknown
2233680	2233752	1525730	1525802	NC_057370.1	utg000088l	100.0		True
unknown
2235495	2235698	1527540	1527743	NC_057370.1	utg000088l	100.0		True
unknown
2236192	2236401	1528232	1528441	NC_057370.1	utg000088l	96.67		True
unknown
2237034	2237360	1529058	1529384	NC_057370.1	utg000088l	100.0		True
unknown
2238642	2238735	1530619	1530712	NC_057370.1	utg000088l	100.0		True
unknown
2239898	2239976	1531865	1531943	NC_057370.1	utg000088l	100.0		True
unknown
2240680	2241030	1532632	1532982	NC_057370.1	utg000088l	95.16		True
unknown
2241291	2241388	1533246	1533343	NC_057370.1	utg000088l	100.0		True
unknown
2242259	2242372	1534209	1534322	NC_057370.1	utg000088l	100.0		True
unknown
2260042	2260160	1551438	1551556	NC_057370.1	utg000088l	100.0		True
unknown
2260522	2260633	1551914	1552025	NC_057370.1	utg000088l	100.0		True
unknown
2262479	2262583	1553841	1553945	NC_057370.1	utg000088l	100.0		True
unknown
2266301	2266398	1557635	1557732	NC_057370.1	utg000088l	100.0		True
unknown
2275510	2275588	1566769	1566847	NC_057370.1	utg000088l	100.0		True
unknown
2275850	2275914	1567106	1567170	NC_057370.1	utg000088l	100.0		True
unknown
2277801	2277985	1569060	1569244	NC_057370.1	utg000088l	96.22		True
unknown
2278289	2278357	1569554	1569622	NC_057370.1	utg000088l	100.0		True
unknown
2278608	2278772	1569864	1570028	NC_057370.1	utg000088l	99.39		True
unknown
2278938	2279067	1570189	1570318	NC_057370.1	utg000088l	98.46		True
unknown
2279253	2279583	1570513	1570843	NC_057370.1	utg000088l	99.7		True
unknown
2280219	2280321	1571489	1571591	NC_057370.1	utg000088l	99.03		True
unknown
2280776	2280884	1572037	1572145	NC_057370.1	utg000088l	100.0		True
unknown
2282931	2283252	1574221	1574542	NC_057370.1	utg000088l	100.0		True
unknown
2290604	2290779	1582044	1582219	NC_057370.1	utg000088l	99.43		True
unknown
2294908	2295174	1586425	1586691	NC_057370.1	utg000088l	96.25		True
unknown
2295244	2295385	1586772	1586913	NC_057370.1	utg000088l	99.3		True
unknown
2295968	2296066	1587472	1587570	NC_057370.1	utg000088l	100.0		True
unknown
2296699	2296790	1588171	1588262	NC_057370.1	utg000088l	96.74		True
unknown
2298031	2298104	1589519	1589592	NC_057370.1	utg000088l	100.0		True
unknown
2298433	2298726	1589926	1590219	NC_057370.1	utg000088l	99.66		True
unknown
2298853	2298995	1590341	1590483	NC_057370.1	utg000088l	99.3		True
unknown
2299269	2299372	1590763	1590866	NC_057370.1	utg000088l	100.0		True
unknown
2300776	2301014	1592273	1592511	NC_057370.1	utg000088l	100.0		True
unknown
2301633	2301787	1593128	1593282	NC_057370.1	utg000088l	97.42		True
unknown
2301979	2302078	1593476	1593575	NC_057370.1	utg000088l	99.0		True
unknown
2302726	2302823	1594232	1594329	NC_057370.1	utg000088l	100.0		True
unknown
2304186	2304270	1595711	1595795	NC_057370.1	utg000088l	98.82		True
unknown
2304278	2304350	1595802	1595874	NC_057370.1	utg000088l	97.26		True
unknown
2304905	2304985	1596432	1596512	NC_057370.1	utg000088l	100.0		True
unknown
2305670	2305776	1597389	1597495	NC_057370.1	utg000088l	100.0		True
unknown
2305868	2305987	1597589	1597708	NC_057370.1	utg000088l	100.0		True
unknown
2309855	2309924	1601425	1601494	NC_057370.1	utg000088l	100.0		True
unknown
2313413	2313481	1605054	1605122	NC_057370.1	utg000088l	100.0		True
unknown
2314419	2314542	1606040	1606162	NC_057370.1	utg000088l	99.19		True
unknown
2315189	2315519	1606794	1607124	NC_057370.1	utg000088l	99.4		True
unknown
2315869	2316026	1607471	1607628	NC_057370.1	utg000088l	96.2		True
unknown
2316477	2316592	1608070	1608185	NC_057370.1	utg000088l	99.14		True
unknown
2317139	2317215	1608734	1608810	NC_057370.1	utg000088l	100.0		True
unknown
2318135	2318227	1609707	1609799	NC_057370.1	utg000088l	96.77		True
unknown
2318921	2319010	1610498	1610587	NC_057370.1	utg000088l	100.0		True
unknown
2319219	2319354	1610795	1610930	NC_057370.1	utg000088l	97.06		True
unknown
2319764	2319837	1611343	1611416	NC_057370.1	utg000088l	98.65		True
unknown
2325615	2325753	1617146	1617284	NC_057370.1	utg000088l	97.12		True
unknown
2325818	2326014	1617348	1617544	NC_057370.1	utg000088l	100.0		True
unknown
2332298	2332364	1623823	1623889	NC_057370.1	utg000088l	100.0		True
unknown
2338067	2338162	1629477	1629572	NC_057370.1	utg000088l	100.0		True
unknown
2346764	2346896	1638107	1638239	NC_057370.1	utg000088l	100.0		True
unknown
2347019	2347142	1638364	1638487	NC_057370.1	utg000088l	100.0		True
unknown
2348797	2348950	1640135	1640288	NC_057370.1	utg000088l	100.0		True
unknown
2350274	2350340	1641555	1641621	NC_057370.1	utg000088l	100.0		True
unknown
2350389	2350674	1641666	1641951	NC_057370.1	utg000088l	96.5		True
unknown
2351686	2351752	1642952	1643018	NC_057370.1	utg000088l	100.0		True
unknown
2353484	2353554	1644791	1644861	NC_057370.1	utg000088l	100.0		True
unknown
2354210	2354411	1645515	1645716	NC_057370.1	utg000088l	97.03		True
unknown
2356582	2356679	1648118	1648215	NC_057370.1	utg000088l	98.98		True
unknown
2357317	2357409	1648669	1648761	NC_057370.1	utg000088l	100.0		True
unknown
2358127	2358194	1649488	1649555	NC_057370.1	utg000088l	100.0		True
unknown
2360162	2360249	1651452	1651539	NC_057370.1	utg000088l	100.0		True
unknown
2360719	2360832	1652003	1652116	NC_057370.1	utg000088l	100.0		True
unknown
2363347	2363442	1654588	1654683	NC_057370.1	utg000088l	100.0		True
unknown
2365583	2365691	1656820	1656928	NC_057370.1	utg000088l	100.0		True
unknown
2374280	2374374	1665670	1665764	NC_057370.1	utg000088l	100.0		True
unknown
2375538	2375707	1666947	1667116	NC_057370.1	utg000088l	98.24		True
unknown
2375818	2375979	1667221	1667382	NC_057370.1	utg000088l	99.38		True
unknown
2376160	2376284	1667560	1667684	NC_057370.1	utg000088l	98.4		True
unknown
2377227	2377342	1668608	1668723	NC_057370.1	utg000088l	98.28		True
unknown
2377738	2377844	1669118	1669224	NC_057370.1	utg000088l	100.0		True
unknown
2392008	2392113	1683362	1683467	NC_057370.1	utg000088l	100.0		True
unknown
2392906	2393007	1684236	1684337	NC_057370.1	utg000088l	100.0		True
unknown
2395287	2395392	1686513	1686618	NC_057370.1	utg000088l	100.0		True
unknown
2395881	2395976	1687097	1687192	NC_057370.1	utg000088l	100.0		True
unknown
2396353	2396444	1687560	1687651	NC_057370.1	utg000088l	100.0		True
unknown
2396535	2396655	1687738	1687858	NC_057370.1	utg000088l	97.52		True
unknown
2396788	2396869	1687997	1688078	NC_057370.1	utg000088l	97.56		True
unknown
2397808	2397974	1689022	1689186	NC_057370.1	utg000088l	98.8		True
unknown
2398871	2398937	1690070	1690136	NC_057370.1	utg000088l	100.0		True
unknown
2402313	2402391	1695158	1695236	NC_057370.1	utg000088l	100.0		True
unknown
2406761	2406954	1699854	1700048	NC_057370.1	utg000088l	99.49		True
unknown
2411292	2411389	1704503	1704600	NC_057370.1	utg000088l	100.0		True
unknown
2415819	2415912	1708963	1709056	NC_057370.1	utg000088l	100.0		True
unknown
2416935	2417074	1710063	1710202	NC_057370.1	utg000088l	97.86		True
unknown
2418698	2418866	1711809	1711977	NC_057370.1	utg000088l	100.0		True
unknown
2420357	2420474	1713460	1713577	NC_057370.1	utg000088l	97.46		True
unknown
2421303	2421390	1714407	1714494	NC_057370.1	utg000088l	100.0		True
unknown
2422274	2422385	1715360	1715471	NC_057370.1	utg000088l	100.0		True
unknown
2422723	2422810	1715816	1715903	NC_057370.1	utg000088l	100.0		True
unknown
2423718	2423783	1716838	1716903	NC_057370.1	utg000088l	100.0		True
unknown
2428911	2429064	1722015	1722168	NC_057370.1	utg000088l	100.0		True
unknown
2430512	2430638	1723603	1723729	NC_057370.1	utg000088l	100.0		True
unknown
2431047	2431137	1724135	1724225	NC_057370.1	utg000088l	98.9		True
unknown
2432979	2433048	1725976	1726045	NC_057370.1	utg000088l	98.57		True
unknown
2433309	2433508	1726288	1726487	NC_057370.1	utg000088l	98.5		True
unknown
2433545	2433665	1726520	1726640	NC_057370.1	utg000088l	95.87		True
unknown
2434072	2434155	1727045	1727128	NC_057370.1	utg000088l	100.0		True
unknown
2434857	2434947	1727810	1727900	NC_057370.1	utg000088l	100.0		True
unknown
2440803	2440878	1733837	1733912	NC_057370.1	utg000088l	98.68		True
unknown
2449765	2449855	1742718	1742808	NC_057370.1	utg000088l	100.0		True
unknown
2450604	2450704	1743560	1743660	NC_057370.1	utg000088l	99.01		True
unknown
2452837	2452929	1745768	1745860	NC_057370.1	utg000088l	100.0		True
unknown
2460745	2460967	1753482	1753705	NC_057370.1	utg000088l	96.88		True
unknown
2462323	2462486	1755050	1755212	NC_057370.1	utg000088l	98.78		True
unknown
2463127	2463226	1755860	1755959	NC_057370.1	utg000088l	100.0		True
unknown
2465727	2465870	1758424	1758567	NC_057370.1	utg000088l	99.31		True
unknown
2470037	2470101	1763112	1763176	NC_057370.1	utg000088l	100.0		True
unknown
2470924	2471020	1764014	1764110	NC_057370.1	utg000088l	100.0		True
unknown
2471768	2471889	1764853	1764974	NC_057370.1	utg000088l	100.0		True
unknown
2473348	2473412	1766454	1766518	NC_057370.1	utg000088l	100.0		True
unknown
2475413	2475521	1771257	1771365	NC_057370.1	utg000088l	100.0		True
unknown
2477156	2477229	1772998	1773071	NC_057370.1	utg000088l	95.95		True
unknown
2477231	2477336	1773072	1773177	NC_057370.1	utg000088l	98.11		True
unknown
2478376	2478476	1774200	1774300	NC_057370.1	utg000088l	100.0		True
unknown
2487124	2487194	1782675	1782745	NC_057370.1	utg000088l	100.0		True
unknown
2489937	2490003	1785480	1785546	NC_057370.1	utg000088l	100.0		True
unknown
2492641	2492761	1788144	1788264	NC_057370.1	utg000088l	96.69		True
unknown
2494399	2494477	1789669	1789747	NC_057370.1	utg000088l	100.0		True
unknown
2524265	2524487	1799674	1799898	NC_057370.1	utg000088l	99.11		True
unknown
2526263	2526330	1801696	1801763	NC_057370.1	utg000088l	100.0		True
unknown
2528936	2529034	1804299	1804397	NC_057370.1	utg000088l	100.0		True
unknown
2543455	2543547	1819758	1819850	NC_057370.1	utg000088l	100.0		True
unknown
2545961	2546069	1822267	1822375	NC_057370.1	utg000088l	100.0		True
unknown
2546685	2546760	1823005	1823080	NC_057370.1	utg000088l	98.68		True
unknown
2546914	2547100	1823235	1823421	NC_057370.1	utg000088l	97.33		True
unknown
CONTIG	utg000088l	1826049	mis_unaligned
680172	680275	561	458	NC_057371.1	utg000050l	100.0		True
unknown
678190	678280	2338	2248	NC_057371.1	utg000050l	100.0		True
unknown
678004	678085	2523	2442	NC_057371.1	utg000050l	100.0		True
unknown
677236	677330	3254	3160	NC_057371.1	utg000050l	96.84		True
unknown
676790	676890	3666	3566	NC_057371.1	utg000050l	100.0		True
unknown
675160	675289	5252	5123	NC_057371.1	utg000050l	96.92		True
unknown
CONTIG	utg000050l	141803	mis_unaligned
CONTIG	utg000157l	17813	unaligned
CONTIG	utg000699l	15400	unaligned
CONTIG	utg000684l	13950	unaligned
CONTIG	utg000267c	159260	unaligned
CONTIG	utg000351l	15873	unaligned
CONTIG	utg000726l	17857	unaligned
CONTIG	utg000536l	15613	unaligned
96133	96226	100975	101068	NC_057377.1	utg000060l	95.74		True
unknown
96468	96557	101306	101395	NC_057377.1	utg000060l	96.67		True
unknown
96670	96763	101511	101604	NC_057377.1	utg000060l	95.74		True
unknown
96867	97000	101705	101838	NC_057377.1	utg000060l	95.52		True
unknown
97060	97157	101896	101993	NC_057377.1	utg000060l	98.98		True
unknown
1817964	1818118	126608	126454	NC_057377.1	utg000060l	100.0		True
unknown
1815670	1815773	128879	128776	NC_057377.1	utg000060l	100.0		True
unknown
CONTIG	utg000060l	181741	mis_unaligned
CONTIG	utg000367l	17495	unaligned
CONTIG	utg000729l	17921	unaligned
1809527	1809666	146796	146657	NC_057381.1	utg000161l	100.0		True
CONTIG	utg000161l	161579	correct_unaligned
CONTIG	utg000473l	17044	unaligned
CONTIG	utg000377l	16847	unaligned
CONTIG	utg000801l	14011	unaligned
214915	214999	6675	6591	NC_057375.1	utg000118l	100.0		True
CONTIG	utg000118l	165689	correct_unaligned
CONTIG	utg000541l	14027	unaligned
CONTIG	utg000667l	17348	unaligned
CONTIG	utg000775l	14349	unaligned
CONTIG	utg000475l	14536	unaligned
854248	854342	6240	6334	NC_057378.1	utg000136l	100.0		True
unknown
855454	855530	7429	7505	NC_057378.1	utg000136l	98.7		True
unknown
855770	855935	7727	7892	NC_057378.1	utg000136l	96.39		True
unknown
856447	856622	8425	8600	NC_057378.1	utg000136l	100.0		True
unknown
858001	858104	9994	10097	NC_057378.1	utg000136l	100.0		True
unknown
869978	870076	23736	23834	NC_057378.1	utg000136l	98.99		True
unknown
871200	871354	24905	25059	NC_057378.1	utg000136l	100.0		True
unknown
872651	872809	26354	26512	NC_057378.1	utg000136l	99.37		True
unknown
880442	880520	33447	33525	NC_057378.1	utg000136l	100.0		True
unknown
881011	881119	34008	34116	NC_057378.1	utg000136l	95.41		True
unknown
881464	881617	34438	34591	NC_057378.1	utg000136l	96.1		True
unknown
882479	882564	35436	35521	NC_057378.1	utg000136l	97.67		True
unknown
892961	893050	44980	45069	NC_057378.1	utg000136l	100.0		True
unknown
936649	936731	97586	97668	NC_057378.1	utg000136l	100.0		True
unknown
942981	943076	104660	104755	NC_057378.1	utg000136l	96.88		True
unknown
972634	972758	134496	134620	NC_057378.1	utg000136l	100.0		True
unknown
973263	973389	135098	135224	NC_057378.1	utg000136l	100.0		True
unknown
975603	975731	137445	137574	NC_057378.1	utg000136l	98.46		True
unknown
978130	978225	139942	140037	NC_057378.1	utg000136l	98.96		True
unknown
982750	982872	144442	144564	NC_057378.1	utg000136l	100.0		True
unknown
CONTIG	utg000136l	154887	mis_unaligned
CONTIG	utg000601l	16936	unaligned
CONTIG	utg000668l	17633	unaligned
CONTIG	utg000648l	16995	unaligned
CONTIG	utg000617l	16122	unaligned
CONTIG	utg000632l	19557	unaligned
CONTIG	utg000171l	22410	unaligned
CONTIG	utg000530l	22431	unaligned
CONTIG	utg000515l	22573	unaligned
CONTIG	utg000321l	20746	unaligned
CONTIG	utg000749l	21672	unaligned
CONTIG	utg000295l	21707	unaligned
935218	935292	6113	6040	NC_057374.1	utg000054l	98.67		True
unknown
933029	933129	8285	8185	NC_057374.1	utg000054l	97.03		True
unknown
932751	932857	8564	8458	NC_057374.1	utg000054l	98.13		True
unknown
932222	932327	9089	8984	NC_057374.1	utg000054l	97.17		True
unknown
922588	922676	22093	22005	NC_057374.1	utg000054l	100.0		True
unknown
918821	918913	25674	25582	NC_057374.1	utg000054l	100.0		True
unknown
917061	917144	27434	27351	NC_057374.1	utg000054l	96.43		True
unknown
911501	911602	32919	32818	NC_057374.1	utg000054l	99.02		True
unknown
908809	908886	35075	34998	NC_057374.1	utg000054l	98.72		True
unknown
812888	813015	115700	115827	NC_057374.1	utg000054l	100.0		True
unknown
813829	813961	116654	116786	NC_057374.1	utg000054l	98.5		True
unknown
814698	814773	117513	117588	NC_057374.1	utg000054l	100.0		True
unknown
800566	800652	146459	146373	NC_057374.1	utg000054l	97.7		True
unknown
798472	798578	148393	148287	NC_057374.1	utg000054l	100.0		True
unknown
797595	797685	149257	149167	NC_057374.1	utg000054l	98.9		True
unknown
75857	75990	174480	174347	NC_057381.1	utg000054l	95.52		True
unknown
75218	75348	175116	174986	NC_057381.1	utg000054l	99.24		True
unknown
752761	752925	192736	192572	NC_057374.1	utg000054l	100.0		True
unknown
752481	752619	193015	192877	NC_057374.1	utg000054l	96.4		True
unknown
CONTIG	utg000054l	200078	mis_unaligned
1228321	1228440	143234	143115	NC_057380.1	utg000013l	95.0		True
unknown
1228230	1228320	143326	143236	NC_057380.1	utg000013l	98.9		True
unknown
1228095	1228196	143459	143358	NC_057380.1	utg000013l	95.1		True
unknown
1227997	1228094	143558	143461	NC_057380.1	utg000013l	98.98		True
unknown
1226918	1226999	144641	144560	NC_057380.1	utg000013l	98.78		True
unknown
CONTIG	utg000013l	231245	mis_unaligned
CONTIG	utg000160l	18695	unaligned
1474774	1474879	29285	29180	NC_057378.1	utg000070l	95.28		True
unknown
1474298	1474674	29770	29394	NC_057378.1	utg000070l	98.14		True
unknown
1474049	1474255	30021	29815	NC_057378.1	utg000070l	95.65		True
unknown
1473158	1473280	30345	30223	NC_057378.1	utg000070l	95.12		True
unknown
539282	539356	93343	93417	NC_057370.1	utg000070l	100.0		True
unknown
539939	540029	94000	94090	NC_057370.1	utg000070l	98.9		True
unknown
540516	540611	94579	94674	NC_057370.1	utg000070l	100.0		True
unknown
580291	580411	123542	123422	NC_057370.1	utg000070l	100.0		True
unknown
580061	580269	123787	123579	NC_057370.1	utg000070l	98.09		True
unknown
579887	580013	123962	123836	NC_057370.1	utg000070l	98.43		True
unknown
530744	530903	190228	190069	NC_057370.1	utg000070l	99.38		True
unknown
526687	526755	194134	194066	NC_057370.1	utg000070l	100.0		True
unknown
525388	525474	195462	195377	NC_057370.1	utg000070l	98.85		True
unknown
524154	524227	196754	196681	NC_057370.1	utg000070l	100.0		True
unknown
523048	523217	197837	197668	NC_057370.1	utg000070l	95.29		True
unknown
522461	522584	198416	198293	NC_057370.1	utg000070l	100.0		True
unknown
871885	872052	209845	209678	NC_057382.1	utg000070l	97.02		True
unknown
871321	871557	210409	210173	NC_057382.1	utg000070l	95.36		True
unknown
497549	497632	211420	211337	NC_057370.1	utg000070l	100.0		True
unknown
496304	496461	212762	212605	NC_057370.1	utg000070l	98.73		True
unknown
495747	495903	213398	213242	NC_057370.1	utg000070l	98.09		True
unknown
495544	495630	213604	213518	NC_057370.1	utg000070l	100.0		True
unknown
CONTIG	utg000070l	214958	mis_unaligned
CONTIG	utg000505l	20811	unaligned
CONTIG	utg000500l	22179	unaligned
CONTIG	utg000457l	19842	unaligned
CONTIG	utg000717l	19255	unaligned
CONTIG	utg000734l	21321	unaligned
CONTIG	utg000449l	20220	unaligned
CONTIG	utg000179l	20257	unaligned
CONTIG	utg000546l	21832	unaligned
CONTIG	utg000312l	23639	unaligned
CONTIG	utg000741l	19223	unaligned
CONTIG	utg000566l	18581	unaligned
CONTIG	utg000095l	20344	unaligned
1002557	1002651	6164	6258	NC_057377.1	utg000033l	97.89		True
CONTIG	utg000033l	23707	correct_unaligned
CONTIG	utg000654l	19360	unaligned
CONTIG	utg000248l	20199	unaligned
CONTIG	utg000482l	23920	unaligned
CONTIG	utg000452l	24217	unaligned
CONTIG	utg000748l	22251	unaligned
CONTIG	utg000702l	22930	unaligned
CONTIG	utg000468l	2152	unaligned
CONTIG	utg000547l	22393	unaligned
1599009	1599094	140320	140235	NC_057380.1	utg000056l	100.0		True
unknown
1597405	1597608	141924	141721	NC_057380.1	utg000056l	100.0		True
unknown
188387	188547	169141	169301	NC_057383.1	utg000056l	98.14		True
unknown
193845	194033	174531	174719	NC_057383.1	utg000056l	100.0		True
unknown
194617	194704	175231	175318	NC_057383.1	utg000056l	98.86		True
unknown
194932	195050	175542	175660	NC_057383.1	utg000056l	100.0		True
unknown
195579	195770	176172	176363	NC_057383.1	utg000056l	100.0		True
unknown
197378	197459	177779	177860	NC_057383.1	utg000056l	100.0		True
unknown
198395	198500	178797	178902	NC_057383.1	utg000056l	100.0		True
unknown
CONTIG	utg000056l	190871	mis_unaligned
720398	720507	41013	40904	NC_057374.1	utg000086l	100.0		True
unknown
717586	717686	43835	43735	NC_057374.1	utg000086l	96.04		True
unknown
712312	712391	48921	48842	NC_057374.1	utg000086l	100.0		True
unknown
711788	711973	49454	49269	NC_057374.1	utg000086l	95.7		True
unknown
709079	709206	52745	52618	NC_057374.1	utg000086l	97.66		True
unknown
678975	679087	78959	78847	NC_057374.1	utg000086l	100.0		True
unknown
676488	676556	81436	81368	NC_057374.1	utg000086l	100.0		True
unknown
676282	676453	81642	81471	NC_057374.1	utg000086l	95.35		True
unknown
675918	676020	82014	81912	NC_057374.1	utg000086l	100.0		True
unknown
675409	675486	82523	82446	NC_057374.1	utg000086l	100.0		True
unknown
661457	661590	90951	90818	NC_057374.1	utg000086l	95.52		True
unknown
660739	660861	91665	91543	NC_057374.1	utg000086l	98.37		True
unknown
657641	657720	94777	94698	NC_057374.1	utg000086l	100.0		True
unknown
657478	657581	94941	94838	NC_057374.1	utg000086l	95.19		True
unknown
646352	646457	107012	106907	NC_057374.1	utg000086l	100.0		True
unknown
645601	645818	107765	107548	NC_057374.1	utg000086l	98.17		True
unknown
643800	644002	109545	109343	NC_057374.1	utg000086l	100.0		True
unknown
1039064	1039148	125078	124994	NC_057371.1	utg000086l	95.29		True
unknown
1038724	1038850	125415	125289	NC_057371.1	utg000086l	97.64		True
unknown
1038543	1038635	125597	125505	NC_057371.1	utg000086l	97.85		True
unknown
1038388	1038455	125744	125677	NC_057371.1	utg000086l	100.0		True
unknown
1038148	1038375	126076	125849	NC_057371.1	utg000086l	96.49		True
unknown
1037937	1038119	126289	126107	NC_057371.1	utg000086l	97.81		True
unknown
CONTIG	utg000086l	196972	mis_unaligned
CONTIG	utg000678l	21319	unaligned
CONTIG	utg000282l	23442	unaligned
1084256	1084332	52210	52286	NC_057382.1	utg000128l	98.7		True
unknown
1093873	1094013	62180	62320	NC_057382.1	utg000128l	95.74		True
unknown
1094433	1094542	62737	62846	NC_057382.1	utg000128l	98.18		True
unknown
1094581	1094671	62882	62972	NC_057382.1	utg000128l	96.7		True
unknown
1106403	1106489	85074	85160	NC_057382.1	utg000128l	100.0		True
unknown
1108371	1108492	86937	87058	NC_057382.1	utg000128l	98.36		True
unknown
1109075	1109187	87651	87763	NC_057382.1	utg000128l	98.23		True
unknown
1109801	1109921	88370	88490	NC_057382.1	utg000128l	99.17		True
unknown
1112459	1112549	90973	91063	NC_057382.1	utg000128l	100.0		True
unknown
1114841	1114978	93377	93514	NC_057382.1	utg000128l	100.0		True
unknown
1115152	1115229	93694	93771	NC_057382.1	utg000128l	100.0		True
unknown
1118627	1118712	97169	97254	NC_057382.1	utg000128l	100.0		True
unknown
1118990	1119098	97535	97643	NC_057382.1	utg000128l	95.41		True
unknown
1119289	1119425	97862	97998	NC_057382.1	utg000128l	99.27		True
unknown
1126111	1126182	105009	105080	NC_057382.1	utg000128l	100.0		True
unknown
1133234	1133368	112308	112442	NC_057382.1	utg000128l	97.04		True
unknown
1133916	1134008	112993	113085	NC_057382.1	utg000128l	100.0		True
unknown
1134171	1134237	113237	113303	NC_057382.1	utg000128l	100.0		True
unknown
1160285	1160358	140273	140346	NC_057382.1	utg000128l	100.0		True
unknown
1161535	1161658	141500	141623	NC_057382.1	utg000128l	100.0		True
unknown
1179431	1179516	160266	160351	NC_057382.1	utg000128l	100.0		True
unknown
1181775	1181848	162803	162876	NC_057382.1	utg000128l	100.0		True
unknown
1182254	1182406	163290	163442	NC_057382.1	utg000128l	100.0		True
unknown
1252903	1253032	192331	192202	NC_057382.1	utg000128l	100.0		True
unknown
1251772	1251856	193471	193387	NC_057382.1	utg000128l	100.0		True
unknown
1250261	1250351	194978	194888	NC_057382.1	utg000128l	100.0		True
unknown
97238	97356	208882	208764	NC_057377.1	utg000128l	95.8		True
unknown
96875	96987	209251	209139	NC_057377.1	utg000128l	98.23		True
unknown
96549	96646	209580	209483	NC_057377.1	utg000128l	95.92		True
unknown
1236181	1236326	226910	226765	NC_057382.1	utg000128l	95.21		True
unknown
1230458	1230548	232572	232482	NC_057382.1	utg000128l	100.0		True
unknown
1229656	1229758	233388	233284	NC_057382.1	utg000128l	98.1		True
unknown
1227840	1227915	235247	235172	NC_057382.1	utg000128l	100.0		True
unknown
1227549	1227646	235585	235488	NC_057382.1	utg000128l	100.0		True
unknown
1226707	1226825	236522	236404	NC_057382.1	utg000128l	95.8		True
unknown
CONTIG	utg000128l	246523	mis_unaligned
CONTIG	utg000675l	21102	unaligned
CONTIG	utg000782l	18751	unaligned
2927095	2927183	584	496	NC_057373.1	utg000002l	100.0		True
unknown
2925150	2925229	2565	2486	NC_057373.1	utg000002l	100.0		True
unknown
2924772	2924889	2939	2822	NC_057373.1	utg000002l	100.0		True
unknown
2922339	2922407	5275	5207	NC_057373.1	utg000002l	100.0		True
unknown
2922010	2922087	5586	5509	NC_057373.1	utg000002l	100.0		True
unknown
2919344	2919468	8250	8126	NC_057373.1	utg000002l	100.0		True
unknown
2918809	2918966	8809	8652	NC_057373.1	utg000002l	95.57		True
unknown
2918472	2918700	9138	8910	NC_057373.1	utg000002l	100.0		True
unknown
2918024	2918291	9583	9316	NC_057373.1	utg000002l	99.63		True
unknown
2917557	2917676	10046	9927	NC_057373.1	utg000002l	100.0		True
unknown
2916514	2916609	11068	10973	NC_057373.1	utg000002l	100.0		True
unknown
2914879	2914983	12585	12481	NC_057373.1	utg000002l	100.0		True
unknown
2914351	2914558	13117	12910	NC_057373.1	utg000002l	97.6		True
unknown
2914097	2914312	13370	13155	NC_057373.1	utg000002l	96.3		True
unknown
2913633	2913811	13831	13653	NC_057373.1	utg000002l	96.65		True
unknown
2906291	2906387	19500	19404	NC_057373.1	utg000002l	100.0		True
unknown
2905276	2905420	20500	20356	NC_057373.1	utg000002l	99.31		True
unknown
2904685	2904836	21086	20935	NC_057373.1	utg000002l	100.0		True
unknown
2896425	2896566	34540	34399	NC_057373.1	utg000002l	100.0		True
unknown
2891908	2891991	39110	39027	NC_057373.1	utg000002l	100.0		True
unknown
2890916	2891160	40116	39872	NC_057373.1	utg000002l	100.0		True
unknown
2889860	2890135	41137	40865	NC_057373.1	utg000002l	95.29		True
unknown
2889214	2889451	41794	41556	NC_057373.1	utg000002l	97.07		True
unknown
2888319	2888471	42683	42531	NC_057373.1	utg000002l	100.0		True
unknown
2887184	2887305	43806	43685	NC_057373.1	utg000002l	99.18		True
unknown
2886662	2886801	44332	44193	NC_057373.1	utg000002l	99.29		True
unknown
2886507	2886607	44481	44381	NC_057373.1	utg000002l	99.01		True
unknown
2885721	2885792	45333	45262	NC_057373.1	utg000002l	100.0		True
unknown
2883557	2883627	47457	47387	NC_057373.1	utg000002l	100.0		True
unknown
2882584	2882662	52879	52801	NC_057373.1	utg000002l	100.0		True
unknown
2878020	2878084	57386	57322	NC_057373.1	utg000002l	100.0		True
unknown
2877021	2877163	58372	58230	NC_057373.1	utg000002l	100.0		True
unknown
2875034	2875122	60295	60207	NC_057373.1	utg000002l	100.0		True
unknown
2872722	2872799	62555	62478	NC_057373.1	utg000002l	100.0		True
unknown
2872257	2872374	63004	62887	NC_057373.1	utg000002l	100.0		True
unknown
2861448	2861553	74140	74035	NC_057373.1	utg000002l	100.0		True
unknown
2854199	2854275	81255	81179	NC_057373.1	utg000002l	100.0		True
unknown
2851961	2852091	83500	83370	NC_057373.1	utg000002l	100.0		True
unknown
2851347	2851479	84086	83955	NC_057373.1	utg000002l	98.5		True
unknown
2850968	2851035	84472	84405	NC_057373.1	utg000002l	95.59		True
unknown
2850824	2850931	84604	84497	NC_057373.1	utg000002l	99.07		True
unknown
2846673	2846753	88671	88591	NC_057373.1	utg000002l	100.0		True
unknown
2846313	2846391	89038	88960	NC_057373.1	utg000002l	100.0		True
unknown
2843065	2843155	92278	92188	NC_057373.1	utg000002l	100.0		True
unknown
2836983	2837047	98319	98255	NC_057373.1	utg000002l	100.0		True
unknown
2834964	2835081	100432	100315	NC_057373.1	utg000002l	100.0		True
unknown
2833551	2833754	101859	101656	NC_057373.1	utg000002l	97.55		True
unknown
2832582	2832782	102825	102625	NC_057373.1	utg000002l	100.0		True
unknown
2830589	2830724	104793	104658	NC_057373.1	utg000002l	97.79		True
unknown
2829992	2830297	105387	105082	NC_057373.1	utg000002l	100.0		True
unknown
2828529	2828626	106847	106750	NC_057373.1	utg000002l	100.0		True
unknown
2827111	2827207	108221	108125	NC_057373.1	utg000002l	100.0		True
unknown
2826393	2826508	108938	108823	NC_057373.1	utg000002l	99.14		True
unknown
2826149	2826281	109183	109051	NC_057373.1	utg000002l	100.0		True
unknown
2817164	2817333	120977	120808	NC_057373.1	utg000002l	97.06		True
unknown
2816895	2817025	121251	121121	NC_057373.1	utg000002l	97.71		True
unknown
2816500	2816577	121620	121543	NC_057373.1	utg000002l	100.0		True
unknown
2815753	2815931	122350	122172	NC_057373.1	utg000002l	98.32		True
unknown
2815258	2815490	122831	122599	NC_057373.1	utg000002l	98.71		True
unknown
2815039	2815145	123051	122945	NC_057373.1	utg000002l	99.07		True
unknown
2814008	2814104	124077	123981	NC_057373.1	utg000002l	100.0		True
unknown
2813718	2813802	124363	124279	NC_057373.1	utg000002l	96.47		True
unknown
2799015	2799084	142116	142047	NC_057373.1	utg000002l	100.0		True
unknown
2797574	2797683	143522	143413	NC_057373.1	utg000002l	100.0		True
unknown
2796934	2797023	144164	144074	NC_057373.1	utg000002l	97.8		True
unknown
2796354	2796460	144743	144637	NC_057373.1	utg000002l	100.0		True
unknown
2793775	2793983	147325	147117	NC_057373.1	utg000002l	100.0		True
unknown
2792925	2793019	148162	148068	NC_057373.1	utg000002l	100.0		True
unknown
2784730	2784812	156410	156328	NC_057373.1	utg000002l	100.0		True
unknown
2778261	2778411	167056	166906	NC_057373.1	utg000002l	98.68		True
unknown
2777583	2777698	167742	167627	NC_057373.1	utg000002l	100.0		True
unknown
2772281	2772359	173036	172958	NC_057373.1	utg000002l	100.0		True
unknown
2772077	2772178	173254	173153	NC_057373.1	utg000002l	96.08		True
unknown
2765956	2766032	179295	179219	NC_057373.1	utg000002l	98.7		True
unknown
2765676	2765748	179570	179498	NC_057373.1	utg000002l	100.0		True
unknown
2764215	2764294	181033	180954	NC_057373.1	utg000002l	100.0		True
unknown
2761444	2761554	183797	183687	NC_057373.1	utg000002l	100.0		True
unknown
2760575	2760685	184661	184551	NC_057373.1	utg000002l	100.0		True
unknown
2746284	2746374	199582	199492	NC_057373.1	utg000002l	100.0		True
unknown
2743429	2743526	202396	202299	NC_057373.1	utg000002l	100.0		True
unknown
2742273	2742426	203705	203552	NC_057373.1	utg000002l	100.0		True
unknown
2737744	2737813	208862	208793	NC_057373.1	utg000002l	95.71		True
unknown
2737612	2737704	208989	208897	NC_057373.1	utg000002l	98.92		True
unknown
2737303	2737387	209285	209201	NC_057373.1	utg000002l	98.82		True
unknown
2734459	2734585	212014	211888	NC_057373.1	utg000002l	100.0		True
unknown
2729900	2730000	216459	216359	NC_057373.1	utg000002l	100.0		True
unknown
2729708	2729794	216658	216572	NC_057373.1	utg000002l	100.0		True
unknown
2721265	2721371	225054	224948	NC_057373.1	utg000002l	100.0		True
unknown
2718373	2718459	227909	227823	NC_057373.1	utg000002l	98.85		True
unknown
2715916	2716019	230330	230225	NC_057373.1	utg000002l	98.11		True
unknown
2714995	2715096	231253	231152	NC_057373.1	utg000002l	97.06		True
unknown
2713118	2713245	233545	233418	NC_057373.1	utg000002l	99.22		True
unknown
2709437	2709525	236381	236293	NC_057373.1	utg000002l	100.0		True
unknown
2708447	2708533	237364	237278	NC_057373.1	utg000002l	98.85		True
unknown
2695627	2695725	250130	250032	NC_057373.1	utg000002l	100.0		True
unknown
2694529	2694646	251209	251092	NC_057373.1	utg000002l	100.0		True
unknown
2692026	2692144	253693	253576	NC_057373.1	utg000002l	96.64		True
unknown
2690674	2690791	255045	254928	NC_057373.1	utg000002l	100.0		True
unknown
2690284	2690395	255432	255321	NC_057373.1	utg000002l	95.54		True
unknown
2688066	2688144	257644	257566	NC_057373.1	utg000002l	100.0		True
unknown
2686048	2686144	259672	259576	NC_057373.1	utg000002l	100.0		True
unknown
2685526	2685700	260213	260039	NC_057373.1	utg000002l	98.29		True
unknown
2682962	2683209	262830	262583	NC_057373.1	utg000002l	96.37		True
unknown
2682495	2682590	263295	263200	NC_057373.1	utg000002l	100.0		True
unknown
2681505	2681838	264293	263960	NC_057373.1	utg000002l	98.8		True
unknown
2681334	2681468	264466	264332	NC_057373.1	utg000002l	97.78		True
unknown
2680632	2681051	265162	264743	NC_057373.1	utg000002l	99.76		True
unknown
2676311	2676478	269510	269343	NC_057373.1	utg000002l	99.4		True
unknown
2661360	2661492	286211	286079	NC_057373.1	utg000002l	100.0		True
unknown
2650063	2650401	296931	296595	NC_057373.1	utg000002l	98.23		True
unknown
2645674	2645756	301115	301033	NC_057373.1	utg000002l	100.0		True
unknown
2642519	2642645	304198	304072	NC_057373.1	utg000002l	96.85		True
unknown
2642137	2642251	304578	304464	NC_057373.1	utg000002l	98.26		True
unknown
2641591	2641665	305127	305053	NC_057373.1	utg000002l	100.0		True
unknown
2638637	2638765	307921	307793	NC_057373.1	utg000002l	99.22		True
unknown
2638410	2638501	308147	308056	NC_057373.1	utg000002l	100.0		True
unknown
2637555	2637682	308967	308840	NC_057373.1	utg000002l	100.0		True
unknown
2634439	2634509	311944	311874	NC_057373.1	utg000002l	100.0		True
unknown
2632683	2632776	313686	313593	NC_057373.1	utg000002l	100.0		True
unknown
2631960	2632061	314363	314262	NC_057373.1	utg000002l	100.0		True
unknown
2626626	2626754	319523	319395	NC_057373.1	utg000002l	97.67		True
unknown
2613268	2613475	331718	331511	NC_057373.1	utg000002l	98.08		True
unknown
2612690	2612836	332289	332143	NC_057373.1	utg000002l	100.0		True
unknown
2612225	2612350	332752	332627	NC_057373.1	utg000002l	96.03		True
unknown
2608315	2608390	336616	336541	NC_057373.1	utg000002l	98.68		True
unknown
2607578	2607885	337353	337046	NC_057373.1	utg000002l	99.35		True
unknown
2607386	2607546	337549	337389	NC_057373.1	utg000002l	97.52		True
unknown
2606218	2606299	338722	338641	NC_057373.1	utg000002l	100.0		True
unknown
2598949	2599132	345981	345798	NC_057373.1	utg000002l	97.28		True
unknown
2598750	2598866	346178	346062	NC_057373.1	utg000002l	97.44		True
unknown
2595462	2595539	349454	349377	NC_057373.1	utg000002l	100.0		True
unknown
2592310	2592394	352505	352421	NC_057373.1	utg000002l	100.0		True
unknown
2585647	2586048	358958	358560	NC_057373.1	utg000002l	95.8		True
unknown
2585045	2585232	359550	359363	NC_057373.1	utg000002l	98.4		True
unknown
2584802	2584914	359791	359679	NC_057373.1	utg000002l	95.58		True
unknown
2583421	2583522	361136	361035	NC_057373.1	utg000002l	100.0		True
unknown
2580554	2580645	364000	363909	NC_057373.1	utg000002l	100.0		True
unknown
2566836	2566926	376681	376591	NC_057373.1	utg000002l	100.0		True
unknown
2566679	2566744	376826	376761	NC_057373.1	utg000002l	98.48		True
unknown
2565967	2566179	377525	377313	NC_057373.1	utg000002l	96.71		True
unknown
2565450	2565631	378038	377857	NC_057373.1	utg000002l	97.8		True
unknown
2565328	2565423	378161	378066	NC_057373.1	utg000002l	97.92		True
unknown
2564845	2565004	378652	378493	NC_057373.1	utg000002l	95.0		True
unknown
2564258	2564827	379237	378668	NC_057373.1	utg000002l	99.47		True
unknown
2564112	2564245	379390	379257	NC_057373.1	utg000002l	99.25		True
unknown
2563844	2563996	379661	379509	NC_057373.1	utg000002l	98.69		True
unknown
2561896	2561983	381632	381545	NC_057373.1	utg000002l	100.0		True
unknown
2560001	2560140	383487	383348	NC_057373.1	utg000002l	96.43		True
unknown
2559724	2559919	383765	383570	NC_057373.1	utg000002l	98.98		True
unknown
2558050	2558169	385385	385266	NC_057373.1	utg000002l	100.0		True
unknown
2556815	2557372	386613	386061	NC_057373.1	utg000002l	95.2		True
unknown
2555512	2555664	387877	387725	NC_057373.1	utg000002l	100.0		True
unknown
2554853	2555015	388523	388362	NC_057373.1	utg000002l	98.17		True
unknown
2552366	2552442	390990	390914	NC_057373.1	utg000002l	100.0		True
unknown
2552111	2552206	391248	391153	NC_057373.1	utg000002l	98.96		True
unknown
2551295	2551497	392048	391846	NC_057373.1	utg000002l	100.0		True
unknown
2550463	2550545	392876	392794	NC_057373.1	utg000002l	98.8		True
unknown
2550099	2550257	393250	393092	NC_057373.1	utg000002l	100.0		True
unknown
2548190	2548273	395285	395202	NC_057373.1	utg000002l	100.0		True
unknown
2543338	2543449	400057	399946	NC_057373.1	utg000002l	99.11		True
unknown
2540511	2540649	402856	402718	NC_057373.1	utg000002l	98.56		True
unknown
2540363	2540441	403005	402927	NC_057373.1	utg000002l	96.2		True
unknown
2538471	2538634	404884	404721	NC_057373.1	utg000002l	95.12		True
unknown
2538142	2538286	405214	405070	NC_057373.1	utg000002l	100.0		True
unknown
2533225	2533487	410129	409868	NC_057373.1	utg000002l	95.85		True
unknown
2531833	2531900	411493	411426	NC_057373.1	utg000002l	100.0		True
unknown
2530683	2530758	412586	412511	NC_057373.1	utg000002l	96.05		True
unknown
2530273	2530367	412942	412848	NC_057373.1	utg000002l	98.95		True
unknown
2530191	2530272	413025	412944	NC_057373.1	utg000002l	100.0		True
unknown
2530032	2530138	413171	413065	NC_057373.1	utg000002l	100.0		True
unknown
2529068	2529198	414122	413992	NC_057373.1	utg000002l	96.95		True
unknown
2528769	2528932	414413	414250	NC_057373.1	utg000002l	97.56		True
unknown
2528519	2528725	414661	414455	NC_057373.1	utg000002l	99.03		True
unknown
2528221	2528480	414971	414712	NC_057373.1	utg000002l	97.31		True
unknown
2528134	2528201	415055	414988	NC_057373.1	utg000002l	100.0		True
unknown
2527152	2527299	416018	415871	NC_057373.1	utg000002l	96.62		True
unknown
2518227	2518349	423933	423811	NC_057373.1	utg000002l	97.56		True
unknown
2517150	2517257	425010	424903	NC_057373.1	utg000002l	100.0		True
unknown
2514586	2514719	427557	427424	NC_057373.1	utg000002l	100.0		True
unknown
2514086	2514172	428052	427966	NC_057373.1	utg000002l	100.0		True
unknown
2505510	2505664	436739	436585	NC_057373.1	utg000002l	100.0		True
unknown
2494650	2494740	444687	444597	NC_057373.1	utg000002l	100.0		True
unknown
2492533	2492616	446798	446715	NC_057373.1	utg000002l	100.0		True
unknown
2483943	2484418	455239	454765	NC_057373.1	utg000002l	95.62		True
unknown
2483145	2483210	456060	455995	NC_057373.1	utg000002l	100.0		True
unknown
2482948	2483031	456250	456167	NC_057373.1	utg000002l	97.62		True
unknown
2482835	2482934	456354	456255	NC_057373.1	utg000002l	100.0		True
unknown
2482354	2482420	456833	456767	NC_057373.1	utg000002l	100.0		True
unknown
2482042	2482139	457148	457051	NC_057373.1	utg000002l	98.98		True
unknown
2477571	2477832	461674	461413	NC_057373.1	utg000002l	98.09		True
unknown
2477217	2477327	462026	461916	NC_057373.1	utg000002l	99.1		True
unknown
2475857	2476224	463378	463011	NC_057373.1	utg000002l	96.2		True
unknown
2475622	2475814	463613	463421	NC_057373.1	utg000002l	98.45		True
unknown
2474641	2474790	464604	464455	NC_057373.1	utg000002l	96.67		True
unknown
2474366	2474512	464883	464737	NC_057373.1	utg000002l	95.92		True
unknown
2473992	2474165	465266	465093	NC_057373.1	utg000002l	95.4		True
unknown
2473150	2473339	466100	465911	NC_057373.1	utg000002l	98.95		True
unknown
2472969	2473055	466278	466192	NC_057373.1	utg000002l	97.7		True
unknown
2472423	2472553	466827	466697	NC_057373.1	utg000002l	98.47		True
unknown
2469595	2469677	469620	469538	NC_057373.1	utg000002l	98.8		True
unknown
2467362	2467429	471766	471699	NC_057373.1	utg000002l	100.0		True
unknown
2465672	2465748	473438	473362	NC_057373.1	utg000002l	98.7		True
unknown
2464055	2464155	475046	474946	NC_057373.1	utg000002l	100.0		True
unknown
2462588	2462687	476491	476392	NC_057373.1	utg000002l	100.0		True
unknown
2462310	2462431	476768	476647	NC_057373.1	utg000002l	97.54		True
unknown
2462034	2462106	477029	476957	NC_057373.1	utg000002l	100.0		True
unknown
2461514	2461643	477536	477408	NC_057373.1	utg000002l	98.46		True
unknown
2451846	2451930	487083	486999	NC_057373.1	utg000002l	100.0		True
unknown
2445943	2446069	490446	490320	NC_057373.1	utg000002l	95.28		True
unknown
2445772	2445852	490626	490546	NC_057373.1	utg000002l	100.0		True
unknown
2442470	2442550	493933	493853	NC_057373.1	utg000002l	100.0		True
unknown
2441770	2441893	494628	494505	NC_057373.1	utg000002l	98.39		True
unknown
2440461	2440571	495922	495812	NC_057373.1	utg000002l	100.0		True
unknown
2439396	2439503	496998	496891	NC_057373.1	utg000002l	98.15		True
unknown
2437980	2438072	498386	498294	NC_057373.1	utg000002l	100.0		True
unknown
2432726	2432790	503481	503417	NC_057373.1	utg000002l	100.0		True
unknown
2430640	2430724	505547	505463	NC_057373.1	utg000002l	100.0		True
unknown
1421974	1422076	522400	522502	NC_057373.1	utg000002l	100.0		True
unknown
1423962	1424085	524391	524514	NC_057373.1	utg000002l	99.19		True
unknown
1428215	1428353	528516	528654	NC_057373.1	utg000002l	97.12		True
unknown
1428840	1428938	529124	529222	NC_057373.1	utg000002l	97.98		True
unknown
1429574	1429698	529867	529991	NC_057373.1	utg000002l	96.8		True
unknown
1429831	1429933	530117	530219	NC_057373.1	utg000002l	99.03		True
unknown
1433872	1433974	534118	534220	NC_057373.1	utg000002l	98.06		True
unknown
1435463	1435615	534909	535061	NC_057373.1	utg000002l	99.35		True
unknown
1438742	1438806	538002	538066	NC_057373.1	utg000002l	100.0		True
unknown
1441166	1441266	540215	540315	NC_057373.1	utg000002l	99.01		True
unknown
1445265	1445428	544295	544459	NC_057373.1	utg000002l	96.36		True
unknown
1453879	1453962	552634	552717	NC_057373.1	utg000002l	100.0		True
unknown
1454391	1454522	553149	553280	NC_057373.1	utg000002l	99.24		True
unknown
1457429	1457512	556147	556230	NC_057373.1	utg000002l	100.0		True
unknown
1471675	1471786	570392	570503	NC_057373.1	utg000002l	96.43		True
unknown
1473015	1473088	571714	571787	NC_057373.1	utg000002l	100.0		True
unknown
1473576	1473687	572271	572383	NC_057373.1	utg000002l	99.12		True
unknown
1482218	1482298	581002	581082	NC_057373.1	utg000002l	100.0		True
unknown
1482686	1482784	581455	581553	NC_057373.1	utg000002l	100.0		True
unknown
1483741	1483822	582499	582580	NC_057373.1	utg000002l	100.0		True
unknown
1485462	1485559	586938	587035	NC_057373.1	utg000002l	100.0		True
unknown
1490286	1490351	591606	591671	NC_057373.1	utg000002l	100.0		True
unknown
1491462	1491529	592763	592830	NC_057373.1	utg000002l	100.0		True
unknown
1494035	1494185	595378	595526	NC_057373.1	utg000002l	98.01		True
unknown
1496789	1496968	598185	598363	NC_057373.1	utg000002l	97.78		True
unknown
1498357	1498448	599748	599839	NC_057373.1	utg000002l	100.0		True
unknown
1498728	1498798	600120	600190	NC_057373.1	utg000002l	100.0		True
unknown
1498893	1498966	600278	600351	NC_057373.1	utg000002l	100.0		True
unknown
1500886	1500972	602237	602323	NC_057373.1	utg000002l	100.0		True
unknown
1508542	1508620	609711	609789	NC_057373.1	utg000002l	100.0		True
unknown
1511383	1511472	612579	612668	NC_057373.1	utg000002l	100.0		True
unknown
1519866	1519939	618908	618981	NC_057373.1	utg000002l	100.0		True
unknown
1520525	1520630	619577	619682	NC_057373.1	utg000002l	98.11		True
unknown
1523650	1523772	622625	622747	NC_057373.1	utg000002l	100.0		True
unknown
1524155	1524300	623116	623261	NC_057373.1	utg000002l	100.0		True
unknown
1524712	1524883	623679	623850	NC_057373.1	utg000002l	100.0		True
unknown
1527303	1527422	626272	626391	NC_057373.1	utg000002l	99.17		True
unknown
1527816	1527915	626777	626876	NC_057373.1	utg000002l	96.0		True
unknown
1528148	1528219	627122	627193	NC_057373.1	utg000002l	95.83		True
unknown
1530526	1530605	629533	629612	NC_057373.1	utg000002l	98.75		True
unknown
1530958	1531095	629966	630103	NC_057373.1	utg000002l	98.55		True
unknown
1531178	1531297	630153	630272	NC_057373.1	utg000002l	97.5		True
unknown
1531321	1531414	630305	630398	NC_057373.1	utg000002l	98.94		True
unknown
1531530	1531667	630516	630653	NC_057373.1	utg000002l	100.0		True
unknown
1531773	1531983	630758	630968	NC_057373.1	utg000002l	98.58		True
unknown
1532741	1532823	631724	631806	NC_057373.1	utg000002l	100.0		True
unknown
1532917	1532996	631898	631977	NC_057373.1	utg000002l	100.0		True
unknown
1533352	1533496	632332	632476	NC_057373.1	utg000002l	100.0		True
unknown
1534717	1534823	633686	633792	NC_057373.1	utg000002l	96.26		True
unknown
1559077	1559159	661307	661389	NC_057373.1	utg000002l	100.0		True
unknown
1559706	1559855	661930	662079	NC_057373.1	utg000002l	99.33		True
unknown
1560779	1560869	663015	663105	NC_057373.1	utg000002l	95.6		True
unknown
1561538	1561680	663678	663820	NC_057373.1	utg000002l	96.5		True
unknown
1563398	1563555	665534	665691	NC_057373.1	utg000002l	99.37		True
unknown
1563944	1564191	666090	666337	NC_057373.1	utg000002l	98.39		True
unknown
1565193	1565265	667299	667371	NC_057373.1	utg000002l	100.0		True
unknown
1565427	1565503	667524	667600	NC_057373.1	utg000002l	100.0		True
unknown
1566108	1566220	668218	668330	NC_057373.1	utg000002l	95.58		True
unknown
1573627	1573699	675050	675122	NC_057373.1	utg000002l	100.0		True
unknown
1573712	1573845	675126	675259	NC_057373.1	utg000002l	95.52		True
unknown
1574609	1574776	676042	676209	NC_057373.1	utg000002l	98.21		True
unknown
1581067	1581139	682314	682386	NC_057373.1	utg000002l	98.63		True
unknown
1590695	1590911	692188	692404	NC_057373.1	utg000002l	98.16		True
unknown
1595847	1595974	697307	697434	NC_057373.1	utg000002l	100.0		True
unknown
1604289	1604467	702820	702998	NC_057373.1	utg000002l	100.0		True
unknown
1604549	1604712	703096	703259	NC_057373.1	utg000002l	99.39		True
unknown
1605072	1605139	703613	703680	NC_057373.1	utg000002l	100.0		True
unknown
1613269	1613393	711995	712119	NC_057373.1	utg000002l	100.0		True
unknown
1619932	1620070	719352	719490	NC_057373.1	utg000002l	100.0		True
unknown
1622453	1622539	721917	722003	NC_057373.1	utg000002l	100.0		True
unknown
1622900	1623074	722354	722528	NC_057373.1	utg000002l	100.0		True
unknown
1624627	1624722	724085	724180	NC_057373.1	utg000002l	100.0		True
unknown
1625227	1625413	724699	724885	NC_057373.1	utg000002l	100.0		True
unknown
1625705	1625832	725178	725305	NC_057373.1	utg000002l	96.09		True
unknown
1630150	1630223	729632	729705	NC_057373.1	utg000002l	100.0		True
unknown
1630477	1630575	729955	730053	NC_057373.1	utg000002l	100.0		True
unknown
1631173	1631315	730675	730817	NC_057373.1	utg000002l	100.0		True
unknown
1639091	1639323	738737	738969	NC_057373.1	utg000002l	100.0		True
unknown
1641986	1642136	741626	741776	NC_057373.1	utg000002l	100.0		True
unknown
1646799	1646896	746377	746474	NC_057373.1	utg000002l	100.0		True
unknown
1653582	1653735	753246	753399	NC_057373.1	utg000002l	98.05		True
unknown
1653934	1654082	753597	753745	NC_057373.1	utg000002l	97.32		True
unknown
1655036	1655218	754702	754884	NC_057373.1	utg000002l	100.0		True
unknown
1655767	1655831	755419	755483	NC_057373.1	utg000002l	100.0		True
unknown
1656842	1656953	756438	756549	NC_057373.1	utg000002l	99.11		True
unknown
1657569	1657946	757149	757526	NC_057373.1	utg000002l	95.0		True
unknown
1658457	1658562	758042	758147	NC_057373.1	utg000002l	100.0		True
unknown
1659940	1660015	759534	759609	NC_057373.1	utg000002l	98.68		True
unknown
1660165	1660360	759755	759950	NC_057373.1	utg000002l	95.41		True
unknown
1660762	1661210	760350	760798	NC_057373.1	utg000002l	98.66		True
unknown
1661599	1661734	761188	761323	NC_057373.1	utg000002l	97.79		True
unknown
1662861	1662943	762465	762547	NC_057373.1	utg000002l	100.0		True
unknown
1665599	1665700	765177	765278	NC_057373.1	utg000002l	100.0		True
unknown
1671006	1671165	770566	770725	NC_057373.1	utg000002l	100.0		True
unknown
1672238	1672304	771764	771830	NC_057373.1	utg000002l	100.0		True
unknown
1673350	1673476	772895	773021	NC_057373.1	utg000002l	99.21		True
unknown
1675177	1675250	774718	774791	NC_057373.1	utg000002l	100.0		True
unknown
1682831	1682910	782332	782411	NC_057373.1	utg000002l	100.0		True
unknown
1685856	1685964	784039	784147	NC_057373.1	utg000002l	100.0		True
unknown
1686556	1686723	784736	784903	NC_057373.1	utg000002l	95.83		True
unknown
1687160	1687241	785346	785427	NC_057373.1	utg000002l	100.0		True
unknown
1687624	1687729	785807	785912	NC_057373.1	utg000002l	100.0		True
unknown
1688276	1688385	786481	786590	NC_057373.1	utg000002l	100.0		True
unknown
1688836	1688902	787058	787124	NC_057373.1	utg000002l	100.0		True
unknown
1689655	1689771	787877	787993	NC_057373.1	utg000002l	100.0		True
unknown
1689986	1690101	788215	788330	NC_057373.1	utg000002l	100.0		True
unknown
1690484	1690614	788720	788850	NC_057373.1	utg000002l	96.95		True
unknown
1693698	1693791	791911	792004	NC_057373.1	utg000002l	100.0		True
unknown
1696256	1696413	794532	794689	NC_057373.1	utg000002l	100.0		True
unknown
1698276	1698371	796536	796631	NC_057373.1	utg000002l	100.0		True
unknown
1699131	1699217	797292	797378	NC_057373.1	utg000002l	100.0		True
unknown
1699502	1699603	797659	797760	NC_057373.1	utg000002l	100.0		True
unknown
1700249	1700365	798411	798527	NC_057373.1	utg000002l	95.73		True
unknown
1703532	1703607	801698	801773	NC_057373.1	utg000002l	100.0		True
unknown
1705110	1705204	803253	803347	NC_057373.1	utg000002l	100.0		True
unknown
1706146	1706249	804300	804403	NC_057373.1	utg000002l	99.04		True
unknown
1717499	1717663	815198	815362	NC_057373.1	utg000002l	100.0		True
unknown
1719433	1719534	817170	817271	NC_057373.1	utg000002l	100.0		True
unknown
1721466	1721573	819231	819338	NC_057373.1	utg000002l	95.37		True
unknown
1721675	1721774	819440	819539	NC_057373.1	utg000002l	97.0		True
unknown
1722089	1722269	819842	820022	NC_057373.1	utg000002l	98.9		True
unknown
1724013	1724115	821756	821858	NC_057373.1	utg000002l	100.0		True
unknown
1734205	1734303	831907	832005	NC_057373.1	utg000002l	100.0		True
unknown
1734357	1734426	832061	832130	NC_057373.1	utg000002l	100.0		True
unknown
1735966	1736104	833644	833782	NC_057373.1	utg000002l	100.0		True
unknown
1736342	1736465	834004	834127	NC_057373.1	utg000002l	99.19		True
unknown
1738733	1738799	836371	836437	NC_057373.1	utg000002l	100.0		True
unknown
1739172	1739240	836813	836881	NC_057373.1	utg000002l	100.0		True
unknown
1739968	1740123	837585	837740	NC_057373.1	utg000002l	100.0		True
unknown
1740854	1740944	838463	838553	NC_057373.1	utg000002l	97.8		True
unknown
1742981	1743103	840592	840714	NC_057373.1	utg000002l	100.0		True
unknown
1746676	1746742	844301	844367	NC_057373.1	utg000002l	100.0		True
unknown
1746964	1747106	844585	844727	NC_057373.1	utg000002l	99.3		True
unknown
1760575	1760685	858151	858261	NC_057373.1	utg000002l	100.0		True
unknown
1767138	1767302	864715	864879	NC_057373.1	utg000002l	96.97		True
unknown
1767979	1768222	865556	865799	NC_057373.1	utg000002l	96.31		True
unknown
1769951	1770041	867534	867624	NC_057373.1	utg000002l	100.0		True
unknown
1770501	1770611	868100	868210	NC_057373.1	utg000002l	100.0		True
unknown
1770713	1770804	868314	868405	NC_057373.1	utg000002l	96.74		True
unknown
1771083	1771162	868681	868760	NC_057373.1	utg000002l	98.75		True
unknown
1773044	1773134	870574	870664	NC_057373.1	utg000002l	100.0		True
unknown
1774145	1774228	871671	871754	NC_057373.1	utg000002l	100.0		True
unknown
1775852	1776012	873328	873488	NC_057373.1	utg000002l	99.38		True
unknown
1777839	1777955	875314	875430	NC_057373.1	utg000002l	99.15		True
unknown
1777985	1778166	875463	875644	NC_057373.1	utg000002l	97.8		True
unknown
1778523	1778662	876004	876143	NC_057373.1	utg000002l	95.71		True
unknown
1778925	1779030	876382	876487	NC_057373.1	utg000002l	97.17		True
unknown
1779150	1779336	876597	876783	NC_057373.1	utg000002l	96.26		True
unknown
1779475	1779574	876913	877012	NC_057373.1	utg000002l	97.0		True
unknown
1780403	1780531	877829	877957	NC_057373.1	utg000002l	100.0		True
unknown
1781076	1781152	878430	878506	NC_057373.1	utg000002l	97.4		True
unknown
1781436	1781524	878791	878879	NC_057373.1	utg000002l	100.0		True
unknown
1782780	1782858	880113	880191	NC_057373.1	utg000002l	100.0		True
unknown
1782974	1783048	880287	880361	NC_057373.1	utg000002l	98.67		True
unknown
1783177	1783273	880489	880585	NC_057373.1	utg000002l	100.0		True
unknown
1784164	1784267	881496	881599	NC_057373.1	utg000002l	100.0		True
unknown
1784656	1784761	881982	882087	NC_057373.1	utg000002l	100.0		True
unknown
1786334	1786627	883644	883937	NC_057373.1	utg000002l	100.0		True
unknown
1786662	1786797	883976	884111	NC_057373.1	utg000002l	97.79		True
unknown
1787563	1787678	884890	885005	NC_057373.1	utg000002l	100.0		True
unknown
1789192	1789292	886525	886625	NC_057373.1	utg000002l	95.05		True
unknown
1792317	1792387	889602	889672	NC_057373.1	utg000002l	100.0		True
unknown
1792841	1792976	890109	890244	NC_057373.1	utg000002l	100.0		True
unknown
1793312	1793383	890582	890653	NC_057373.1	utg000002l	100.0		True
unknown
1796209	1796284	893452	893527	NC_057373.1	utg000002l	100.0		True
unknown
1805254	1805318	902978	903042	NC_057373.1	utg000002l	100.0		True
unknown
1805424	1805509	903149	903234	NC_057373.1	utg000002l	100.0		True
unknown
1809197	1809305	906974	907082	NC_057373.1	utg000002l	100.0		True
unknown
1811438	1811520	909244	909326	NC_057373.1	utg000002l	98.8		True
unknown
1812267	1812356	910094	910183	NC_057373.1	utg000002l	100.0		True
unknown
1812999	1813091	910827	910919	NC_057373.1	utg000002l	100.0		True
unknown
1819429	1819548	917990	918110	NC_057373.1	utg000002l	99.17		True
unknown
1820685	1820749	919294	919358	NC_057373.1	utg000002l	100.0		True
unknown
1820870	1821034	919474	919638	NC_057373.1	utg000002l	98.18		True
unknown
1822281	1822359	920790	920868	NC_057373.1	utg000002l	100.0		True
unknown
1828425	1828549	926885	927009	NC_057373.1	utg000002l	100.0		True
unknown
1829319	1829715	927788	928182	NC_057373.1	utg000002l	99.24		True
unknown
1830632	1830708	929123	929199	NC_057373.1	utg000002l	98.7		True
unknown
1832029	1832205	930511	930687	NC_057373.1	utg000002l	96.61		True
unknown
1832551	1832616	931024	931089	NC_057373.1	utg000002l	100.0		True
unknown
1832898	1833122	931359	931583	NC_057373.1	utg000002l	99.11		True
unknown
1833754	1833863	932212	932321	NC_057373.1	utg000002l	100.0		True
unknown
1833913	1834072	932371	932530	NC_057373.1	utg000002l	99.38		True
unknown
1834237	1834450	932689	932902	NC_057373.1	utg000002l	98.6		True
unknown
1836302	1836367	934729	934794	NC_057373.1	utg000002l	100.0		True
unknown
1836635	1836800	935043	935208	NC_057373.1	utg000002l	98.8		True
unknown
1847333	1847416	945706	945789	NC_057373.1	utg000002l	100.0		True
unknown
1857558	1857651	955462	955555	NC_057373.1	utg000002l	100.0		True
unknown
1858023	1858100	955921	955998	NC_057373.1	utg000002l	97.44		True
unknown
1862457	1862591	957908	958042	NC_057373.1	utg000002l	100.0		True
unknown
1866169	1866326	961501	961658	NC_057373.1	utg000002l	100.0		True
unknown
1866803	1866947	962152	962296	NC_057373.1	utg000002l	99.31		True
unknown
1881710	1881837	977565	977692	NC_057373.1	utg000002l	100.0		True
unknown
1882346	1882459	978204	978317	NC_057373.1	utg000002l	100.0		True
unknown
1883349	1883450	979175	979276	NC_057373.1	utg000002l	100.0		True
unknown
1883632	1883737	979460	979565	NC_057373.1	utg000002l	96.23		True
unknown
1886381	1886487	982173	982279	NC_057373.1	utg000002l	95.33		True
unknown
1886488	1886672	982281	982465	NC_057373.1	utg000002l	97.3		True
unknown
1890215	1890285	986164	986234	NC_057373.1	utg000002l	97.18		True
unknown
1890325	1890432	986266	986373	NC_057373.1	utg000002l	98.15		True
unknown
1892690	1892762	988838	988910	NC_057373.1	utg000002l	100.0		True
unknown
1893472	1893567	989635	989730	NC_057373.1	utg000002l	100.0		True
unknown
1894767	1894861	991056	991150	NC_057373.1	utg000002l	97.89		True
unknown
1894873	1895084	991160	991371	NC_057373.1	utg000002l	98.58		True
unknown
1895107	1895426	991378	991697	NC_057373.1	utg000002l	96.88		True
unknown
1895513	1895595	991775	991857	NC_057373.1	utg000002l	98.8		True
unknown
1896465	1896540	992724	992799	NC_057373.1	utg000002l	100.0		True
unknown
1896747	1896867	993007	993127	NC_057373.1	utg000002l	97.52		True
unknown
1896934	1897020	993185	993271	NC_057373.1	utg000002l	100.0		True
unknown
1897082	1897205	993354	993477	NC_057373.1	utg000002l	99.19		True
unknown
1897505	1897741	993774	994010	NC_057373.1	utg000002l	98.31		True
unknown
1898010	1898207	994270	994467	NC_057373.1	utg000002l	100.0		True
unknown
1901751	1901816	997930	997995	NC_057373.1	utg000002l	100.0		True
unknown
1902964	1903028	999121	999185	NC_057373.1	utg000002l	100.0		True
unknown
1905928	1906025	1002050	1002147	NC_057373.1	utg000002l	100.0		True
unknown
1910621	1910779	1006618	1006776	NC_057373.1	utg000002l	96.23		True
unknown
1910860	1910966	1006858	1006964	NC_057373.1	utg000002l	98.13		True
unknown
1915359	1915575	1011338	1011554	NC_057373.1	utg000002l	96.31		True
unknown
1915922	1916119	1011902	1012099	NC_057373.1	utg000002l	95.45		True
unknown
1916843	1916913	1012820	1012890	NC_057373.1	utg000002l	100.0		True
unknown
1918562	1918630	1014851	1014919	NC_057373.1	utg000002l	100.0		True
unknown
1919911	1920019	1016206	1016314	NC_057373.1	utg000002l	98.17		True
unknown
1921097	1921175	1017405	1017483	NC_057373.1	utg000002l	98.73		True
unknown
1921281	1921419	1017590	1017728	NC_057373.1	utg000002l	99.28		True
unknown
1921790	1921906	1018110	1018226	NC_057373.1	utg000002l	96.58		True
unknown
1922785	1922896	1019120	1019231	NC_057373.1	utg000002l	100.0		True
unknown
1923089	1923239	1019418	1019568	NC_057373.1	utg000002l	100.0		True
unknown
1928126	1928228	1024523	1024625	NC_057373.1	utg000002l	100.0		True
unknown
1930728	1930858	1027119	1027249	NC_057373.1	utg000002l	96.18		True
unknown
1931108	1931193	1027485	1027570	NC_057373.1	utg000002l	100.0		True
unknown
1932209	1932286	1028591	1028668	NC_057373.1	utg000002l	98.72		True
unknown
1936125	1936474	1032451	1032800	NC_057373.1	utg000002l	98.86		True
unknown
1936507	1936646	1032839	1032978	NC_057373.1	utg000002l	95.0		True
unknown
1936657	1936763	1032990	1033096	NC_057373.1	utg000002l	100.0		True
unknown
1936886	1937084	1033206	1033404	NC_057373.1	utg000002l	100.0		True
unknown
1937107	1937214	1033424	1033531	NC_057373.1	utg000002l	97.22		True
unknown
1939407	1939486	1035837	1035916	NC_057373.1	utg000002l	100.0		True
unknown
1939903	1940042	1036337	1036476	NC_057373.1	utg000002l	99.29		True
unknown
1940206	1940399	1036642	1036835	NC_057373.1	utg000002l	100.0		True
unknown
1941020	1941170	1037461	1037611	NC_057373.1	utg000002l	100.0		True
unknown
1942078	1942279	1038491	1038692	NC_057373.1	utg000002l	97.52		True
unknown
1942401	1942532	1038804	1038935	NC_057373.1	utg000002l	99.24		True
unknown
1942563	1942636	1038974	1039047	NC_057373.1	utg000002l	97.3		True
unknown
1942760	1942857	1039176	1039273	NC_057373.1	utg000002l	100.0		True
unknown
1942869	1942954	1039287	1039372	NC_057373.1	utg000002l	95.35		True
unknown
1943178	1943361	1039596	1039779	NC_057373.1	utg000002l	98.91		True
unknown
1943484	1943616	1039902	1040034	NC_057373.1	utg000002l	99.25		True
unknown
1943958	1944047	1040374	1040463	NC_057373.1	utg000002l	97.78		True
unknown
1944554	1944619	1040943	1041008	NC_057373.1	utg000002l	100.0		True
unknown
1944886	1944967	1041261	1041342	NC_057373.1	utg000002l	100.0		True
unknown
1945949	1946068	1042322	1042441	NC_057373.1	utg000002l	100.0		True
unknown
1948326	1948451	1044654	1044779	NC_057373.1	utg000002l	100.0		True
unknown
1955743	1956044	1051974	1052275	NC_057373.1	utg000002l	100.0		True
unknown
1958882	1958983	1055094	1055195	NC_057373.1	utg000002l	98.04		True
unknown
1959123	1959255	1055317	1055449	NC_057373.1	utg000002l	99.25		True
unknown
1959815	1959934	1056045	1056164	NC_057373.1	utg000002l	100.0		True
unknown
1961672	1961807	1057859	1057994	NC_057373.1	utg000002l	100.0		True
unknown
1963402	1963575	1059580	1059753	NC_057373.1	utg000002l	95.4		True
unknown
1964646	1964710	1060818	1060882	NC_057373.1	utg000002l	100.0		True
unknown
1965696	1965845	1061859	1062008	NC_057373.1	utg000002l	97.33		True
unknown
1967575	1967786	1063735	1063946	NC_057373.1	utg000002l	99.53		True
unknown
1968451	1968681	1064614	1064844	NC_057373.1	utg000002l	99.57		True
unknown
1969125	1969209	1065280	1065364	NC_057373.1	utg000002l	100.0		True
unknown
1970684	1970803	1066811	1066930	NC_057373.1	utg000002l	99.17		True
unknown
1972621	1972715	1068705	1068799	NC_057373.1	utg000002l	100.0		True
unknown
1973408	1973505	1069502	1069599	NC_057373.1	utg000002l	97.96		True
unknown
1975958	1976122	1071766	1071930	NC_057373.1	utg000002l	100.0		True
unknown
1978098	1978223	1073828	1073953	NC_057373.1	utg000002l	99.21		True
unknown
1979197	1979271	1074862	1074936	NC_057373.1	utg000002l	98.67		True
unknown
1979318	1979456	1074981	1075119	NC_057373.1	utg000002l	99.28		True
unknown
1986290	1986395	1082641	1082746	NC_057373.1	utg000002l	100.0		True
unknown
1988689	1988771	1085126	1085208	NC_057373.1	utg000002l	100.0		True
unknown
1989322	1989422	1085759	1085859	NC_057373.1	utg000002l	97.03		True
unknown
1989741	1989811	1086196	1086266	NC_057373.1	utg000002l	100.0		True
unknown
1993442	1993620	1089847	1090025	NC_057373.1	utg000002l	98.88		True
unknown
1993976	1994087	1090382	1090493	NC_057373.1	utg000002l	98.21		True
unknown
1996279	1996430	1092811	1092962	NC_057373.1	utg000002l	100.0		True
unknown
1998166	1998269	1094625	1094728	NC_057373.1	utg000002l	100.0		True
unknown
2001682	2001814	1098124	1098256	NC_057373.1	utg000002l	99.25		True
unknown
2002769	2002863	1099211	1099305	NC_057373.1	utg000002l	100.0		True
unknown
2008261	2008331	1104630	1104700	NC_057373.1	utg000002l	100.0		True
unknown
2011867	2011946	1108248	1108327	NC_057373.1	utg000002l	100.0		True
unknown
2016760	2016846	1113111	1113194	NC_057373.1	utg000002l	96.55		True
unknown
2017944	2018062	1114275	1114393	NC_057373.1	utg000002l	97.48		True
unknown
2025065	2025134	1121150	1121219	NC_057373.1	utg000002l	100.0		True
unknown
2027165	2027235	1123156	1123226	NC_057373.1	utg000002l	98.59		True
unknown
2029165	2029341	1125141	1125317	NC_057373.1	utg000002l	96.05		True
unknown
2029634	2029721	1125608	1125695	NC_057373.1	utg000002l	100.0		True
unknown
2030683	2030747	1126660	1126724	NC_057373.1	utg000002l	100.0		True
unknown
2031465	2031603	1127431	1127569	NC_057373.1	utg000002l	100.0		True
unknown
2038870	2038984	1135131	1135245	NC_057373.1	utg000002l	97.39		True
unknown
2049398	2049506	1145999	1146107	NC_057373.1	utg000002l	100.0		True
unknown
2051311	2051381	1147925	1147995	NC_057373.1	utg000002l	100.0		True
unknown
2068919	2069020	1166072	1166173	NC_057373.1	utg000002l	100.0		True
unknown
2077936	2078056	1174973	1175093	NC_057373.1	utg000002l	100.0		True
unknown
2078102	2078202	1175143	1175243	NC_057373.1	utg000002l	95.05		True
unknown
2078316	2078426	1175359	1175469	NC_057373.1	utg000002l	96.4		True
unknown
2105871	2105943	1203016	1203088	NC_057373.1	utg000002l	100.0		True
unknown
2109142	2109207	1206673	1206738	NC_057373.1	utg000002l	100.0		True
unknown
2109778	2109887	1207314	1207423	NC_057373.1	utg000002l	95.45		True
unknown
2110620	2110714	1208148	1208242	NC_057373.1	utg000002l	100.0		True
unknown
2119692	2119764	1217153	1217225	NC_057373.1	utg000002l	100.0		True
unknown
2120112	2120183	1217567	1217638	NC_057373.1	utg000002l	98.61		True
unknown
2120413	2120549	1217849	1217985	NC_057373.1	utg000002l	100.0		True
unknown
2120796	2120888	1218230	1218322	NC_057373.1	utg000002l	100.0		True
unknown
2121163	2121485	1218598	1218920	NC_057373.1	utg000002l	99.07		True
unknown
2121500	2121640	1218935	1219075	NC_057373.1	utg000002l	96.45		True
unknown
2121812	2121919	1219243	1219350	NC_057373.1	utg000002l	100.0		True
unknown
2124854	2125083	1222267	1222496	NC_057373.1	utg000002l	100.0		True
unknown
2125927	2126033	1223317	1223423	NC_057373.1	utg000002l	97.2		True
unknown
2126230	2126392	1223616	1223778	NC_057373.1	utg000002l	97.55		True
unknown
2131802	2131901	1229008	1229107	NC_057373.1	utg000002l	100.0		True
unknown
2133526	2133634	1230677	1230781	NC_057373.1	utg000002l	96.33		True
unknown
2134241	2134341	1231334	1231434	NC_057373.1	utg000002l	100.0		True
unknown
2135126	2135208	1232201	1232283	NC_057373.1	utg000002l	97.59		True
unknown
2135277	2135368	1232354	1232445	NC_057373.1	utg000002l	97.83		True
unknown
2136008	2136085	1233097	1233174	NC_057373.1	utg000002l	100.0		True
unknown
2136832	2136936	1233947	1234051	NC_057373.1	utg000002l	100.0		True
unknown
2151815	2151894	1248668	1248747	NC_057373.1	utg000002l	100.0		True
unknown
2153435	2153539	1250283	1250388	NC_057373.1	utg000002l	98.11		True
unknown
2154888	2154967	1251719	1251798	NC_057373.1	utg000002l	98.75		True
unknown
2158741	2158814	1255531	1255604	NC_057373.1	utg000002l	100.0		True
unknown
2158984	2159049	1255766	1255831	NC_057373.1	utg000002l	100.0		True
unknown
2159202	2159343	1255981	1256122	NC_057373.1	utg000002l	96.48		True
unknown
2159574	2159644	1256354	1256424	NC_057373.1	utg000002l	100.0		True
unknown
2161578	2161708	1258510	1258640	NC_057373.1	utg000002l	99.24		True
unknown
2162436	2162517	1259372	1259453	NC_057373.1	utg000002l	100.0		True
unknown
2164108	2164190	1261037	1261119	NC_057373.1	utg000002l	96.39		True
unknown
2164366	2164477	1261295	1261406	NC_057373.1	utg000002l	96.43		True
unknown
2164683	2164805	1261589	1261711	NC_057373.1	utg000002l	100.0		True
unknown
2167918	2168021	1264909	1265012	NC_057373.1	utg000002l	100.0		True
unknown
2180688	2180851	1276494	1276657	NC_057373.1	utg000002l	98.78		True
unknown
2180855	2180940	1276658	1276743	NC_057373.1	utg000002l	100.0		True
unknown
2180991	2181169	1276789	1276967	NC_057373.1	utg000002l	97.77		True
unknown
2181174	2181487	1276974	1277287	NC_057373.1	utg000002l	99.04		True
unknown
2183657	2183757	1279424	1279524	NC_057373.1	utg000002l	100.0		True
unknown
2185213	2185283	1280992	1281062	NC_057373.1	utg000002l	100.0		True
unknown
2189533	2189602	1285367	1285436	NC_057373.1	utg000002l	100.0		True
unknown
2191853	2191995	1287709	1287851	NC_057373.1	utg000002l	100.0		True
unknown
2192647	2192818	1288488	1288659	NC_057373.1	utg000002l	98.84		True
unknown
2192882	2193004	1288740	1288862	NC_057373.1	utg000002l	100.0		True
unknown
2207485	2207630	1302286	1302431	NC_057373.1	utg000002l	100.0		True
unknown
2219101	2219173	1313182	1313254	NC_057373.1	utg000002l	100.0		True
unknown
2220488	2220603	1314467	1314582	NC_057373.1	utg000002l	100.0		True
unknown
2229256	2229373	1323712	1323828	NC_057373.1	utg000002l	97.46		True
unknown
2233000	2233092	1327477	1327569	NC_057373.1	utg000002l	100.0		True
unknown
2236920	2237068	1331389	1331537	NC_057373.1	utg000002l	99.33		True
unknown
2239387	2239474	1333782	1333869	NC_057373.1	utg000002l	100.0		True
unknown
2239490	2239706	1333885	1334101	NC_057373.1	utg000002l	96.31		True
unknown
2240582	2240758	1334981	1335157	NC_057373.1	utg000002l	99.44		True
unknown
2240778	2241053	1335181	1335456	NC_057373.1	utg000002l	96.74		True
unknown
2241445	2241568	1335832	1335955	NC_057373.1	utg000002l	100.0		True
unknown
2242349	2242446	1336741	1336838	NC_057373.1	utg000002l	100.0		True
unknown
2245413	2245644	1339851	1340087	NC_057373.1	utg000002l	97.47		True
unknown
2246526	2246681	1340977	1341132	NC_057373.1	utg000002l	98.72		True
unknown
2247248	2247406	1341732	1341890	NC_057373.1	utg000002l	96.86		True
unknown
2250491	2250671	1344886	1345066	NC_057373.1	utg000002l	98.9		True
unknown
2251444	2251616	1345881	1346053	NC_057373.1	utg000002l	100.0		True
unknown
2251719	2251874	1346164	1346319	NC_057373.1	utg000002l	95.51		True
unknown
2252341	2252435	1346789	1346883	NC_057373.1	utg000002l	100.0		True
unknown
2252695	2252802	1347161	1347268	NC_057373.1	utg000002l	100.0		True
unknown
2262510	2262620	1356285	1356395	NC_057373.1	utg000002l	99.1		True
unknown
2265260	2265407	1359124	1359271	NC_057373.1	utg000002l	97.3		True
unknown
2266839	2266903	1360726	1360790	NC_057373.1	utg000002l	100.0		True
unknown
2267526	2267685	1361397	1361556	NC_057373.1	utg000002l	100.0		True
unknown
2268008	2268491	1361872	1362355	NC_057373.1	utg000002l	98.35		True
unknown
2268533	2268652	1362395	1362514	NC_057373.1	utg000002l	100.0		True
unknown
2268765	2268887	1362626	1362748	NC_057373.1	utg000002l	99.19		True
unknown
2269198	2269308	1363057	1363167	NC_057373.1	utg000002l	96.4		True
unknown
2269379	2269531	1363243	1363395	NC_057373.1	utg000002l	97.39		True
unknown
2272760	2272843	1368866	1368949	NC_057373.1	utg000002l	100.0		True
unknown
2273370	2273454	1369471	1369555	NC_057373.1	utg000002l	100.0		True
unknown
2276006	2276075	1372061	1372130	NC_057373.1	utg000002l	100.0		True
unknown
2276696	2276760	1372746	1372810	NC_057373.1	utg000002l	100.0		True
unknown
2278879	2279031	1374935	1375087	NC_057373.1	utg000002l	100.0		True
unknown
2282305	2282456	1378290	1378441	NC_057373.1	utg000002l	98.68		True
unknown
2282889	2282969	1378873	1378953	NC_057373.1	utg000002l	98.77		True
unknown
2284843	2284966	1380815	1380938	NC_057373.1	utg000002l	100.0		True
unknown
2289438	2289528	1385472	1385562	NC_057373.1	utg000002l	95.6		True
unknown
2290601	2290680	1386639	1386718	NC_057373.1	utg000002l	100.0		True
unknown
2294807	2294874	1390724	1390791	NC_057373.1	utg000002l	100.0		True
unknown
2357305	2357408	1404042	1404145	NC_057373.1	utg000002l	100.0		True
unknown
2360754	2360881	1407462	1407589	NC_057373.1	utg000002l	100.0		True
unknown
2362011	2362086	1408709	1408784	NC_057373.1	utg000002l	100.0		True
unknown
2363739	2363841	1410410	1410512	NC_057373.1	utg000002l	100.0		True
unknown
2364627	2364733	1411303	1411409	NC_057373.1	utg000002l	97.2		True
unknown
2366858	2367033	1413549	1413724	NC_057373.1	utg000002l	100.0		True
unknown
2369192	2369269	1415884	1415961	NC_057373.1	utg000002l	100.0		True
unknown
2369420	2369654	1416134	1416368	NC_057373.1	utg000002l	100.0		True
unknown
2372130	2372234	1418661	1418765	NC_057373.1	utg000002l	100.0		True
unknown
2372416	2372558	1418946	1419088	NC_057373.1	utg000002l	100.0		True
unknown
2372716	2373041	1419243	1419568	NC_057373.1	utg000002l	95.71		True
unknown
2373285	2373470	1419808	1419993	NC_057373.1	utg000002l	97.31		True
unknown
2373473	2373572	1419994	1420093	NC_057373.1	utg000002l	95.0		True
unknown
2374635	2374744	1421153	1421262	NC_057373.1	utg000002l	100.0		True
unknown
2374910	2375016	1421435	1421541	NC_057373.1	utg000002l	100.0		True
unknown
2375892	2375992	1422402	1422502	NC_057373.1	utg000002l	100.0		True
unknown
2378457	2378557	1424999	1425099	NC_057373.1	utg000002l	99.01		True
unknown
2380485	2380615	1426981	1427111	NC_057373.1	utg000002l	100.0		True
unknown
2383816	2383914	1430278	1430376	NC_057373.1	utg000002l	100.0		True
unknown
2384226	2384309	1430677	1430760	NC_057373.1	utg000002l	95.24		True
unknown
2384310	2384427	1430762	1430879	NC_057373.1	utg000002l	97.46		True
unknown
2387391	2387497	1433742	1433848	NC_057373.1	utg000002l	100.0		True
unknown
2387621	2387701	1433969	1434049	NC_057373.1	utg000002l	98.77		True
unknown
2387961	2388056	1434296	1434391	NC_057373.1	utg000002l	100.0		True
unknown
2388077	2388192	1434402	1434517	NC_057373.1	utg000002l	100.0		True
unknown
2389003	2389081	1435351	1435429	NC_057373.1	utg000002l	100.0		True
unknown
2389402	2389503	1435759	1435860	NC_057373.1	utg000002l	98.04		True
unknown
2389869	2390011	1436256	1436398	NC_057373.1	utg000002l	98.6		True
unknown
2400891	2401022	1447622	1447753	NC_057373.1	utg000002l	100.0		True
unknown
2401335	2401429	1448066	1448160	NC_057373.1	utg000002l	100.0		True
unknown
2403798	2403967	1450431	1450600	NC_057373.1	utg000002l	96.47		True
unknown
2404427	2404511	1451042	1451126	NC_057373.1	utg000002l	100.0		True
unknown
2405000	2405088	1451604	1451692	NC_057373.1	utg000002l	100.0		True
unknown
2407585	2407724	1454219	1454358	NC_057373.1	utg000002l	97.14		True
unknown
2407790	2407908	1454428	1454546	NC_057373.1	utg000002l	99.16		True
unknown
2410399	2410494	1457260	1457355	NC_057373.1	utg000002l	100.0		True
unknown
2415802	2415881	1462744	1462823	NC_057373.1	utg000002l	100.0		True
unknown
2419123	2419200	1466323	1466400	NC_057373.1	utg000002l	100.0		True
unknown
2420404	2420475	1467627	1467698	NC_057373.1	utg000002l	100.0		True
unknown
1333983	1334064	1472438	1472519	NC_057373.1	utg000002l	100.0		True
unknown
1342920	1343019	1482172	1482271	NC_057373.1	utg000002l	100.0		True
unknown
1343186	1343275	1482435	1482524	NC_057373.1	utg000002l	98.89		True
unknown
1343355	1343434	1482605	1482684	NC_057373.1	utg000002l	100.0		True
unknown
1345574	1345680	1484697	1484803	NC_057373.1	utg000002l	100.0		True
unknown
1349662	1349728	1489232	1489298	NC_057373.1	utg000002l	97.01		True
unknown
1349755	1349839	1489324	1489408	NC_057373.1	utg000002l	95.29		True
unknown
1350734	1350805	1490280	1490351	NC_057373.1	utg000002l	100.0		True
unknown
1351135	1351247	1490657	1490769	NC_057373.1	utg000002l	99.12		True
unknown
1351598	1351720	1491107	1491229	NC_057373.1	utg000002l	98.37		True
unknown
1351759	1351871	1491270	1491382	NC_057373.1	utg000002l	100.0		True
unknown
1354588	1354684	1495835	1495931	NC_057373.1	utg000002l	100.0		True
unknown
1359379	1359495	1500590	1500706	NC_057373.1	utg000002l	100.0		True
unknown
1363191	1363265	1504273	1504347	NC_057373.1	utg000002l	100.0		True
unknown
1363797	1363862	1504870	1504935	NC_057373.1	utg000002l	100.0		True
unknown
1364057	1364195	1505123	1505261	NC_057373.1	utg000002l	98.56		True
unknown
1364355	1364496	1505422	1505563	NC_057373.1	utg000002l	97.18		True
unknown
1366127	1366248	1507209	1507330	NC_057373.1	utg000002l	100.0		True
unknown
1371911	1372076	1512856	1513021	NC_057373.1	utg000002l	96.39		True
unknown
1372461	1372573	1513386	1513498	NC_057373.1	utg000002l	99.12		True
unknown
1373482	1373647	1514383	1514548	NC_057373.1	utg000002l	97.59		True
unknown
1374848	1374957	1515558	1515667	NC_057373.1	utg000002l	100.0		True
unknown
1375135	1375316	1515823	1516004	NC_057373.1	utg000002l	96.15		True
unknown
1376223	1376344	1516833	1516954	NC_057373.1	utg000002l	99.18		True
unknown
1376393	1376501	1516994	1517102	NC_057373.1	utg000002l	95.41		True
unknown
1376577	1376669	1517175	1517267	NC_057373.1	utg000002l	95.7		True
unknown
1376752	1376848	1517307	1517403	NC_057373.1	utg000002l	97.94		True
unknown
1378483	1378611	1518919	1519047	NC_057373.1	utg000002l	99.22		True
unknown
1378654	1378775	1519083	1519204	NC_057373.1	utg000002l	99.18		True
unknown
1380555	1380683	1520822	1520950	NC_057373.1	utg000002l	100.0		True
unknown
1381806	1381901	1522075	1522170	NC_057373.1	utg000002l	100.0		True
unknown
1381936	1382072	1522206	1522342	NC_057373.1	utg000002l	99.27		True
unknown
1384465	1384559	1525308	1525402	NC_057373.1	utg000002l	100.0		True
unknown
1384983	1385087	1525826	1525930	NC_057373.1	utg000002l	100.0		True
unknown
1386074	1386195	1526877	1526998	NC_057373.1	utg000002l	100.0		True
unknown
1388634	1388714	1529458	1529538	NC_057373.1	utg000002l	100.0		True
unknown
1389467	1389552	1530269	1530354	NC_057373.1	utg000002l	97.67		True
unknown
1390550	1390651	1531337	1531438	NC_057373.1	utg000002l	100.0		True
unknown
1391654	1391721	1532432	1532499	NC_057373.1	utg000002l	97.06		True
unknown
1392043	1392149	1532821	1532927	NC_057373.1	utg000002l	100.0		True
unknown
1398895	1399010	1537212	1537327	NC_057373.1	utg000002l	97.41		True
unknown
1401869	1401962	1540169	1540262	NC_057373.1	utg000002l	98.94		True
unknown
1402051	1402123	1540352	1540424	NC_057373.1	utg000002l	100.0		True
unknown
1402165	1402275	1540465	1540575	NC_057373.1	utg000002l	96.4		True
unknown
1403804	1403928	1542096	1542220	NC_057373.1	utg000002l	95.2		True
unknown
1404256	1404338	1542547	1542629	NC_057373.1	utg000002l	98.8		True
unknown
1407452	1407559	1545743	1545854	NC_057373.1	utg000002l	96.43		True
unknown
1327586	1327659	1556579	1556506	NC_057373.1	utg000002l	100.0		True
unknown
1326190	1326254	1557970	1557906	NC_057373.1	utg000002l	100.0		True
unknown
1325474	1325546	1558710	1558638	NC_057373.1	utg000002l	100.0		True
unknown
1324579	1324735	1559625	1559469	NC_057373.1	utg000002l	98.73		True
unknown
1324239	1324360	1559986	1559865	NC_057373.1	utg000002l	100.0		True
unknown
1324039	1324192	1560186	1560033	NC_057373.1	utg000002l	99.35		True
unknown
1313098	1313171	1571757	1571684	NC_057373.1	utg000002l	100.0		True
unknown
1310234	1310354	1574711	1574590	NC_057373.1	utg000002l	98.36		True
unknown
1303332	1303435	1581742	1581639	NC_057373.1	utg000002l	100.0		True
unknown
1302676	1302765	1582425	1582336	NC_057373.1	utg000002l	100.0		True
unknown
1297546	1297611	1588201	1588136	NC_057373.1	utg000002l	100.0		True
unknown
1296958	1297067	1588789	1588680	NC_057373.1	utg000002l	96.36		True
unknown
1291287	1291392	1594558	1594453	NC_057373.1	utg000002l	100.0		True
unknown
1282422	1282558	1603524	1603388	NC_057373.1	utg000002l	100.0		True
unknown
1282328	1282414	1603637	1603551	NC_057373.1	utg000002l	100.0		True
unknown
1273288	1273373	1612573	1612488	NC_057373.1	utg000002l	96.51		True
unknown
1272809	1272924	1613047	1612932	NC_057373.1	utg000002l	97.41		True
unknown
1270956	1271052	1614827	1614731	NC_057373.1	utg000002l	97.94		True
unknown
1270671	1270744	1615100	1615027	NC_057373.1	utg000002l	100.0		True
unknown
1269426	1269518	1616362	1616270	NC_057373.1	utg000002l	100.0		True
unknown
1268995	1269120	1616794	1616669	NC_057373.1	utg000002l	99.21		True
unknown
1268699	1268808	1617085	1616976	NC_057373.1	utg000002l	100.0		True
unknown
1268478	1268577	1617306	1617207	NC_057373.1	utg000002l	100.0		True
unknown
1265514	1265589	1620277	1620202	NC_057373.1	utg000002l	98.68		True
unknown
1264577	1264724	1621218	1621071	NC_057373.1	utg000002l	100.0		True
unknown
1264330	1264484	1621459	1621305	NC_057373.1	utg000002l	97.42		True
unknown
1264128	1264217	1621652	1621563	NC_057373.1	utg000002l	100.0		True
unknown
1263120	1263192	1622669	1622597	NC_057373.1	utg000002l	98.63		True
unknown
1262790	1263085	1623001	1622706	NC_057373.1	utg000002l	99.32		True
unknown
1262496	1262616	1623292	1623172	NC_057373.1	utg000002l	100.0		True
unknown
1256687	1256784	1629242	1629145	NC_057373.1	utg000002l	100.0		True
unknown
1256129	1256195	1629797	1629731	NC_057373.1	utg000002l	100.0		True
unknown
1255691	1255800	1630252	1630143	NC_057373.1	utg000002l	96.36		True
unknown
1255078	1255245	1630869	1630702	NC_057373.1	utg000002l	98.81		True
unknown
1254340	1254612	1631610	1631338	NC_057373.1	utg000002l	99.63		True
unknown
1253116	1253198	1632875	1632793	NC_057373.1	utg000002l	100.0		True
unknown
1249720	1249844	1636273	1636149	NC_057373.1	utg000002l	100.0		True
unknown
1249349	1249440	1636641	1636550	NC_057373.1	utg000002l	100.0		True
unknown
1248702	1248889	1637300	1637113	NC_057373.1	utg000002l	98.94		True
unknown
1248507	1248632	1637499	1637374	NC_057373.1	utg000002l	96.83		True
unknown
1248132	1248403	1637870	1637599	NC_057373.1	utg000002l	100.0		True
unknown
1247400	1247503	1638606	1638503	NC_057373.1	utg000002l	100.0		True
unknown
1242098	1242213	1643804	1643689	NC_057373.1	utg000002l	99.14		True
unknown
1239880	1239978	1646052	1645954	NC_057373.1	utg000002l	100.0		True
unknown
1234984	1235148	1651004	1650840	NC_057373.1	utg000002l	100.0		True
unknown
1234427	1234529	1651574	1651472	NC_057373.1	utg000002l	98.06		True
unknown
1231961	1232030	1654074	1654005	NC_057373.1	utg000002l	100.0		True
unknown
1231254	1231410	1654801	1654645	NC_057373.1	utg000002l	95.54		True
unknown
1230440	1230682	1655628	1655386	NC_057373.1	utg000002l	99.59		True
unknown
1224807	1224890	1661168	1661085	NC_057373.1	utg000002l	96.43		True
unknown
1224407	1224510	1661570	1661467	NC_057373.1	utg000002l	97.12		True
unknown
1224198	1224320	1661775	1661653	NC_057373.1	utg000002l	99.19		True
unknown
1222812	1223055	1663089	1662846	NC_057373.1	utg000002l	100.0		True
unknown
1221037	1221171	1664930	1664796	NC_057373.1	utg000002l	95.56		True
unknown
1220865	1220949	1665101	1665017	NC_057373.1	utg000002l	96.47		True
unknown
1220456	1220561	1665506	1665401	NC_057373.1	utg000002l	100.0		True
unknown
1219940	1220035	1666011	1665916	NC_057373.1	utg000002l	100.0		True
unknown
1216233	1216321	1669573	1669485	NC_057373.1	utg000002l	100.0		True
unknown
1215605	1215728	1670175	1670052	NC_057373.1	utg000002l	98.39		True
unknown
1215257	1215351	1670512	1670418	NC_057373.1	utg000002l	100.0		True
unknown
1214782	1214859	1670967	1670890	NC_057373.1	utg000002l	100.0		True
unknown
1208283	1208385	1677267	1677165	NC_057373.1	utg000002l	100.0		True
unknown
1206475	1206605	1678782	1678652	NC_057373.1	utg000002l	100.0		True
unknown
1200967	1201055	1684246	1684158	NC_057373.1	utg000002l	98.88		True
unknown
1195049	1195118	1690170	1690101	NC_057373.1	utg000002l	100.0		True
unknown
1189535	1189710	1695607	1695432	NC_057373.1	utg000002l	99.43		True
unknown
1188636	1188722	1696495	1696409	NC_057373.1	utg000002l	100.0		True
unknown
1188371	1188506	1696762	1696627	NC_057373.1	utg000002l	96.32		True
unknown
1187631	1187724	1697495	1697402	NC_057373.1	utg000002l	95.74		True
unknown
1187334	1187415	1697774	1697693	NC_057373.1	utg000002l	95.12		True
unknown
1187115	1187290	1697993	1697818	NC_057373.1	utg000002l	96.02		True
unknown
1186974	1187071	1698123	1698026	NC_057373.1	utg000002l	100.0		True
unknown
1186899	1186963	1698188	1698124	NC_057373.1	utg000002l	100.0		True
unknown
1186559	1186635	1698523	1698447	NC_057373.1	utg000002l	100.0		True
unknown
1186199	1186386	1698877	1698690	NC_057373.1	utg000002l	98.4		True
unknown
1185386	1185485	1699677	1699578	NC_057373.1	utg000002l	97.0		True
unknown
1185274	1185385	1699790	1699679	NC_057373.1	utg000002l	100.0		True
unknown
1185125	1185248	1699938	1699815	NC_057373.1	utg000002l	96.77		True
unknown
1184667	1184774	1700385	1700278	NC_057373.1	utg000002l	97.22		True
unknown
1184553	1184624	1700497	1700426	NC_057373.1	utg000002l	100.0		True
unknown
1184182	1184307	1700890	1700764	NC_057373.1	utg000002l	99.21		True
unknown
1181157	1181222	1703863	1703798	NC_057373.1	utg000002l	100.0		True
unknown
1176291	1176355	1708725	1708661	NC_057373.1	utg000002l	100.0		True
unknown
1173938	1174031	1711090	1710997	NC_057373.1	utg000002l	100.0		True
unknown
1169004	1169106	1715984	1715882	NC_057373.1	utg000002l	97.09		True
unknown
1168770	1168911	1716216	1716075	NC_057373.1	utg000002l	98.59		True
unknown
1168211	1168333	1716759	1716637	NC_057373.1	utg000002l	97.56		True
unknown
1166284	1166353	1718729	1718660	NC_057373.1	utg000002l	98.57		True
unknown
1165994	1166159	1719016	1718851	NC_057373.1	utg000002l	95.78		True
unknown
1163900	1164031	1721064	1720932	NC_057373.1	utg000002l	98.5		True
unknown
1161934	1162060	1723068	1722942	NC_057373.1	utg000002l	100.0		True
unknown
1159923	1160011	1725088	1725000	NC_057373.1	utg000002l	100.0		True
unknown
1159559	1159636	1725456	1725379	NC_057373.1	utg000002l	100.0		True
unknown
1157440	1157560	1727568	1727448	NC_057373.1	utg000002l	100.0		True
unknown
1156822	1156943	1728164	1728043	NC_057373.1	utg000002l	100.0		True
unknown
1154486	1154607	1730481	1730360	NC_057373.1	utg000002l	97.54		True
unknown
1154378	1154476	1730591	1730493	NC_057373.1	utg000002l	95.96		True
unknown
1154180	1154291	1730785	1730674	NC_057373.1	utg000002l	100.0		True
unknown
1146864	1147286	1738127	1737710	NC_057373.1	utg000002l	95.28		True
unknown
1146250	1146360	1738749	1738639	NC_057373.1	utg000002l	100.0		True
unknown
1145343	1145460	1739687	1739570	NC_057373.1	utg000002l	98.31		True
unknown
1143717	1143782	1741289	1741224	NC_057373.1	utg000002l	100.0		True
unknown
1141038	1141166	1744304	1744176	NC_057373.1	utg000002l	99.22		True
unknown
1140312	1140379	1745014	1744947	NC_057373.1	utg000002l	100.0		True
unknown
1139588	1139657	1745733	1745664	NC_057373.1	utg000002l	100.0		True
unknown
1139273	1139398	1746055	1745930	NC_057373.1	utg000002l	98.41		True
unknown
1139020	1139084	1746301	1746237	NC_057373.1	utg000002l	100.0		True
unknown
1138227	1138444	1747100	1746883	NC_057373.1	utg000002l	99.54		True
unknown
1136943	1137016	1748397	1748324	NC_057373.1	utg000002l	100.0		True
unknown
1136649	1136807	1748687	1748529	NC_057373.1	utg000002l	98.11		True
unknown
1136467	1136578	1748866	1748755	NC_057373.1	utg000002l	98.21		True
unknown
1136257	1136465	1749075	1748867	NC_057373.1	utg000002l	99.04		True
unknown
1136051	1136184	1749275	1749142	NC_057373.1	utg000002l	97.76		True
unknown
1134452	1134768	1750880	1750564	NC_057373.1	utg000002l	97.79		True
unknown
1133156	1133295	1752132	1751993	NC_057373.1	utg000002l	100.0		True
unknown
1132566	1132665	1752715	1752616	NC_057373.1	utg000002l	100.0		True
unknown
1131795	1131917	1753483	1753361	NC_057373.1	utg000002l	100.0		True
unknown
1131500	1131692	1753777	1753585	NC_057373.1	utg000002l	97.41		True
unknown
1130754	1130882	1754500	1754372	NC_057373.1	utg000002l	96.9		True
unknown
1130058	1130163	1755173	1755068	NC_057373.1	utg000002l	100.0		True
unknown
1129917	1130057	1755315	1755175	NC_057373.1	utg000002l	97.87		True
unknown
1129778	1129868	1755449	1755359	NC_057373.1	utg000002l	100.0		True
unknown
1128180	1128312	1757056	1756924	NC_057373.1	utg000002l	100.0		True
unknown
1120303	1120381	1765042	1764964	NC_057373.1	utg000002l	100.0		True
unknown
1118718	1118845	1766721	1766594	NC_057373.1	utg000002l	98.44		True
unknown
1115216	1115394	1770224	1770046	NC_057373.1	utg000002l	100.0		True
unknown
1113813	1113936	1771565	1771442	NC_057373.1	utg000002l	96.77		True
unknown
1113527	1113628	1771827	1771726	NC_057373.1	utg000002l	98.04		True
unknown
1109644	1109785	1775681	1775540	NC_057373.1	utg000002l	99.3		True
unknown
1109421	1109591	1775901	1775731	NC_057373.1	utg000002l	99.42		True
unknown
1108690	1108814	1776633	1776509	NC_057373.1	utg000002l	96.8		True
unknown
1108483	1108636	1776843	1776690	NC_057373.1	utg000002l	95.45		True
unknown
1108323	1108432	1777000	1776891	NC_057373.1	utg000002l	98.18		True
unknown
1108159	1108287	1777168	1777040	NC_057373.1	utg000002l	96.9		True
unknown
1103640	1103989	1780321	1779972	NC_057373.1	utg000002l	100.0		True
unknown
1101992	1102080	1781956	1781868	NC_057373.1	utg000002l	100.0		True
unknown
1101533	1101604	1782442	1782371	NC_057373.1	utg000002l	95.83		True
unknown
1101300	1101409	1782674	1782565	NC_057373.1	utg000002l	98.18		True
unknown
1095205	1095443	1788825	1788587	NC_057373.1	utg000002l	99.16		True
unknown
1095078	1095169	1788949	1788858	NC_057373.1	utg000002l	98.91		True
unknown
1094881	1095016	1789149	1789014	NC_057373.1	utg000002l	100.0		True
unknown
1094681	1094880	1789350	1789151	NC_057373.1	utg000002l	100.0		True
unknown
1094557	1094638	1789486	1789405	NC_057373.1	utg000002l	97.56		True
unknown
1094450	1094533	1789595	1789512	NC_057373.1	utg000002l	100.0		True
unknown
1094360	1094446	1789682	1789596	NC_057373.1	utg000002l	100.0		True
unknown
1090364	1090504	1793703	1793563	NC_057373.1	utg000002l	100.0		True
unknown
1087560	1087662	1796533	1796431	NC_057373.1	utg000002l	99.03		True
unknown
1085285	1085490	1798772	1798567	NC_057373.1	utg000002l	99.51		True
unknown
1064794	1064884	1818769	1818679	NC_057373.1	utg000002l	100.0		True
unknown
1060703	1060818	1822821	1822706	NC_057373.1	utg000002l	97.41		True
unknown
1059493	1059599	1824062	1823956	NC_057373.1	utg000002l	100.0		True
unknown
1056817	1056907	1826697	1826607	NC_057373.1	utg000002l	100.0		True
unknown
1056397	1056564	1827125	1826958	NC_057373.1	utg000002l	98.21		True
unknown
1056024	1056215	1827504	1827313	NC_057373.1	utg000002l	100.0		True
unknown
1055845	1055989	1827681	1827537	NC_057373.1	utg000002l	100.0		True
unknown
1051518	1051615	1831871	1831774	NC_057373.1	utg000002l	100.0		True
unknown
1049787	1049853	1833590	1833524	NC_057373.1	utg000002l	100.0		True
unknown
1041255	1041394	1842222	1842083	NC_057373.1	utg000002l	99.29		True
unknown
1039739	1039883	1843705	1843561	NC_057373.1	utg000002l	100.0		True
unknown
1038222	1038341	1845224	1845105	NC_057373.1	utg000002l	97.5		True
unknown
1037348	1037471	1846101	1845978	NC_057373.1	utg000002l	100.0		True
unknown
1036988	1037103	1846463	1846348	NC_057373.1	utg000002l	95.69		True
unknown
1036309	1036388	1847143	1847064	NC_057373.1	utg000002l	98.75		True
unknown
1033844	1033971	1849652	1849525	NC_057373.1	utg000002l	97.66		True
unknown
1033426	1033554	1850082	1849954	NC_057373.1	utg000002l	99.22		True
unknown
1020411	1020544	1863312	1863179	NC_057373.1	utg000002l	95.52		True
unknown
1011933	1012066	1871573	1871440	NC_057373.1	utg000002l	100.0		True
unknown
1000204	1000293	1875759	1875670	NC_057373.1	utg000002l	100.0		True
unknown
997826	997916	1878141	1878051	NC_057373.1	utg000002l	100.0		True
unknown
997396	997489	1878570	1878477	NC_057373.1	utg000002l	97.87		True
unknown
993758	993867	1881888	1881779	NC_057373.1	utg000002l	100.0		True
unknown
992325	992423	1883337	1883239	NC_057373.1	utg000002l	98.99		True
unknown
990896	991013	1884755	1884638	NC_057373.1	utg000002l	99.15		True
unknown
988293	988492	1887359	1887160	NC_057373.1	utg000002l	99.0		True
unknown
986735	986846	1888906	1888795	NC_057373.1	utg000002l	99.11		True
unknown
985393	985665	1890232	1889960	NC_057373.1	utg000002l	98.17		True
unknown
983590	983747	1892010	1891853	NC_057373.1	utg000002l	100.0		True
unknown
980748	980915	1894840	1894673	NC_057373.1	utg000002l	100.0		True
unknown
980505	980598	1895084	1894991	NC_057373.1	utg000002l	100.0		True
unknown
978451	978520	1897165	1897096	NC_057373.1	utg000002l	100.0		True
unknown
977209	977275	1898348	1898282	NC_057373.1	utg000002l	100.0		True
unknown
975665	975818	1899810	1899657	NC_057373.1	utg000002l	98.05		True
unknown
968598	968682	1906626	1906542	NC_057373.1	utg000002l	97.65		True
unknown
967887	967978	1907354	1907263	NC_057373.1	utg000002l	98.91		True
unknown
962478	962582	1912754	1912650	NC_057373.1	utg000002l	100.0		True
unknown
961155	961230	1914072	1913997	NC_057373.1	utg000002l	100.0		True
unknown
957755	957850	1917483	1917388	NC_057373.1	utg000002l	100.0		True
unknown
955701	955774	1919525	1919452	NC_057373.1	utg000002l	100.0		True
unknown
954569	954642	1920606	1920533	NC_057373.1	utg000002l	98.65		True
unknown
951139	951230	1923972	1923881	NC_057373.1	utg000002l	100.0		True
unknown
949403	949576	1925709	1925536	NC_057373.1	utg000002l	100.0		True
unknown
947077	947164	1928143	1928056	NC_057373.1	utg000002l	96.59		True
unknown
946598	946663	1928622	1928557	NC_057373.1	utg000002l	96.97		True
unknown
946296	946443	1928917	1928770	NC_057373.1	utg000002l	95.27		True
unknown
941012	941096	1934295	1934211	NC_057373.1	utg000002l	100.0		True
unknown
940778	940902	1934526	1934402	NC_057373.1	utg000002l	98.4		True
unknown
939990	940159	1935310	1935141	NC_057373.1	utg000002l	95.29		True
unknown
935631	935806	1939612	1939437	NC_057373.1	utg000002l	99.43		True
unknown
935285	935379	1939955	1939861	NC_057373.1	utg000002l	98.95		True
unknown
934666	934790	1940572	1940448	NC_057373.1	utg000002l	99.2		True
unknown
934474	934569	1940756	1940661	NC_057373.1	utg000002l	96.88		True
unknown
933946	934099	1941281	1941128	NC_057373.1	utg000002l	100.0		True
unknown
929866	930008	1945397	1945253	NC_057373.1	utg000002l	97.93		True
unknown
911032	911161	1965781	1965651	NC_057373.1	utg000002l	96.95		True
unknown
908992	909102	1967802	1967692	NC_057373.1	utg000002l	100.0		True
unknown
907233	907325	1969576	1969484	NC_057373.1	utg000002l	100.0		True
unknown
906086	906268	1970706	1970524	NC_057373.1	utg000002l	95.63		True
unknown
904259	904411	1972519	1972367	NC_057373.1	utg000002l	97.39		True
unknown
903820	903922	1972962	1972860	NC_057373.1	utg000002l	100.0		True
unknown
902209	902293	1974528	1974443	NC_057373.1	utg000002l	96.55		True
unknown
900191	900290	1976588	1976489	NC_057373.1	utg000002l	95.0		True
unknown
899688	899791	1977108	1977005	NC_057373.1	utg000002l	100.0		True
unknown
897890	898020	1978894	1978764	NC_057373.1	utg000002l	100.0		True
unknown
896577	896677	1980193	1980093	NC_057373.1	utg000002l	100.0		True
unknown
895345	895427	1981432	1981350	NC_057373.1	utg000002l	100.0		True
unknown
891086	891197	1985759	1985648	NC_057373.1	utg000002l	100.0		True
unknown
890221	890309	1986617	1986529	NC_057373.1	utg000002l	100.0		True
unknown
888002	888107	1988064	1987959	NC_057373.1	utg000002l	95.28		True
unknown
887418	887512	1988637	1988543	NC_057373.1	utg000002l	100.0		True
unknown
885576	885694	1990506	1990388	NC_057373.1	utg000002l	97.48		True
unknown
885247	885311	1990825	1990761	NC_057373.1	utg000002l	100.0		True
unknown
878182	878267	1998617	1998531	NC_057373.1	utg000002l	98.85		True
unknown
873009	873127	2002939	2002821	NC_057373.1	utg000002l	99.16		True
unknown
870319	870430	2005698	2005587	NC_057373.1	utg000002l	100.0		True
unknown
867970	868053	2008003	2007920	NC_057373.1	utg000002l	100.0		True
unknown
866238	866332	2009746	2009652	NC_057373.1	utg000002l	100.0		True
unknown
866110	866195	2009879	2009794	NC_057373.1	utg000002l	100.0		True
unknown
865086	865329	2010921	2010678	NC_057373.1	utg000002l	99.59		True
unknown
864869	864963	2011130	2011036	NC_057373.1	utg000002l	96.84		True
unknown
859108	859209	2016912	2016811	NC_057373.1	utg000002l	100.0		True
unknown
853050	853144	2023075	2022981	NC_057373.1	utg000002l	100.0		True
unknown
852693	852804	2023416	2023305	NC_057373.1	utg000002l	99.11		True
unknown
846765	846859	2029404	2029310	NC_057373.1	utg000002l	100.0		True
unknown
834614	834697	2040721	2040638	NC_057373.1	utg000002l	100.0		True
unknown
833144	833217	2042200	2042127	NC_057373.1	utg000002l	100.0		True
unknown
832078	832189	2043218	2043107	NC_057373.1	utg000002l	100.0		True
unknown
831352	831428	2043927	2043851	NC_057373.1	utg000002l	96.1		True
unknown
830891	831062	2044391	2044220	NC_057373.1	utg000002l	100.0		True
unknown
830175	830246	2045118	2045047	NC_057373.1	utg000002l	100.0		True
unknown
824051	824169	2051075	2050957	NC_057373.1	utg000002l	100.0		True
unknown
823259	823408	2051880	2051731	NC_057373.1	utg000002l	98.0		True
unknown
822922	823028	2052214	2052108	NC_057373.1	utg000002l	99.07		True
unknown
818882	818951	2056273	2056204	NC_057373.1	utg000002l	100.0		True
unknown
817616	817791	2057525	2057350	NC_057373.1	utg000002l	99.43		True
unknown
813979	814104	2060836	2060711	NC_057373.1	utg000002l	100.0		True
unknown
786137	786261	2089438	2089314	NC_057373.1	utg000002l	100.0		True
unknown
781848	781925	2093739	2093662	NC_057373.1	utg000002l	96.15		True
unknown
781629	781757	2093956	2093828	NC_057373.1	utg000002l	100.0		True
unknown
781356	781476	2094226	2094106	NC_057373.1	utg000002l	100.0		True
unknown
780733	780811	2094866	2094788	NC_057373.1	utg000002l	100.0		True
unknown
777861	777934	2097739	2097666	NC_057373.1	utg000002l	100.0		True
unknown
769881	769998	2107984	2107867	NC_057373.1	utg000002l	100.0		True
unknown
769553	769629	2108307	2108231	NC_057373.1	utg000002l	100.0		True
unknown
761356	761477	2116508	2116387	NC_057373.1	utg000002l	100.0		True
unknown
725669	725768	2148630	2148729	NC_057373.1	utg000002l	100.0		True
unknown
726371	726515	2149310	2149454	NC_057373.1	utg000002l	100.0		True
unknown
727741	727820	2150608	2150687	NC_057373.1	utg000002l	100.0		True
unknown
728672	728849	2151458	2151635	NC_057373.1	utg000002l	96.63		True
unknown
728879	728944	2151668	2151733	NC_057373.1	utg000002l	98.48		True
unknown
732975	733074	2152892	2152991	NC_057373.1	utg000002l	96.0		True
unknown
733712	733778	2153609	2153675	NC_057373.1	utg000002l	97.01		True
unknown
733932	734052	2153828	2153948	NC_057373.1	utg000002l	95.04		True
unknown
699225	699349	2169756	2169632	NC_057373.1	utg000002l	96.8		True
unknown
698969	699113	2170013	2169869	NC_057373.1	utg000002l	95.17		True
unknown
697456	697561	2171541	2171436	NC_057373.1	utg000002l	97.17		True
unknown
697250	697406	2171742	2171586	NC_057373.1	utg000002l	98.09		True
unknown
696823	696999	2172177	2172001	NC_057373.1	utg000002l	97.74		True
unknown
695814	695962	2173136	2172988	NC_057373.1	utg000002l	100.0		True
unknown
688547	688664	2180447	2180330	NC_057373.1	utg000002l	100.0		True
unknown
686721	686787	2182255	2182189	NC_057373.1	utg000002l	100.0		True
unknown
676706	676826	2194039	2193919	NC_057373.1	utg000002l	96.69		True
unknown
676516	676665	2194225	2194076	NC_057373.1	utg000002l	98.67		True
unknown
673807	673915	2196850	2196742	NC_057373.1	utg000002l	99.08		True
unknown
634584	634648	2202895	2202831	NC_057373.1	utg000002l	100.0		True
unknown
632288	632388	2205180	2205080	NC_057373.1	utg000002l	100.0		True
unknown
629326	629414	2208081	2207992	NC_057373.1	utg000002l	98.89		True
unknown
626088	626167	2211293	2211214	NC_057373.1	utg000002l	100.0		True
unknown
617150	617380	2220162	2219933	NC_057373.1	utg000002l	95.69		True
unknown
615328	615433	2221889	2221784	NC_057373.1	utg000002l	100.0		True
unknown
613970	614057	2223232	2223145	NC_057373.1	utg000002l	100.0		True
unknown
611831	611980	2225630	2225481	NC_057373.1	utg000002l	100.0		True
unknown
611362	611488	2226096	2225970	NC_057373.1	utg000002l	100.0		True
unknown
611169	611293	2226288	2226164	NC_057373.1	utg000002l	96.0		True
unknown
607755	607878	2229662	2229538	NC_057373.1	utg000002l	96.8		True
unknown
607066	607197	2230345	2230214	NC_057373.1	utg000002l	100.0		True
unknown
606122	606350	2231289	2231061	NC_057373.1	utg000002l	99.56		True
unknown
605401	605595	2232012	2231817	NC_057373.1	utg000002l	98.47		True
unknown
590642	590738	2247353	2247257	NC_057373.1	utg000002l	95.88		True
unknown
590379	590561	2247614	2247432	NC_057373.1	utg000002l	95.63		True
unknown
589745	590010	2248251	2247986	NC_057373.1	utg000002l	98.5		True
unknown
589649	589744	2248350	2248255	NC_057373.1	utg000002l	100.0		True
unknown
589089	589293	2248918	2248714	NC_057373.1	utg000002l	100.0		True
unknown
588388	588629	2249618	2249377	NC_057373.1	utg000002l	100.0		True
unknown
587989	588386	2250016	2249619	NC_057373.1	utg000002l	100.0		True
unknown
587541	587706	2250464	2250299	NC_057373.1	utg000002l	95.18		True
unknown
587361	587482	2250649	2250528	NC_057373.1	utg000002l	97.54		True
unknown
583353	583473	2254202	2254082	NC_057373.1	utg000002l	99.17		True
unknown
551687	551779	2268293	2268201	NC_057373.1	utg000002l	98.92		True
unknown
551161	551329	2268818	2268650	NC_057373.1	utg000002l	97.04		True
unknown
550334	550452	2269645	2269527	NC_057373.1	utg000002l	100.0		True
unknown
549950	550049	2270025	2269925	NC_057373.1	utg000002l	98.02		True
unknown
543584	543695	2276350	2276239	NC_057373.1	utg000002l	96.43		True
unknown
542437	542541	2277435	2277331	NC_057373.1	utg000002l	100.0		True
unknown
541982	542124	2277893	2277751	NC_057373.1	utg000002l	100.0		True
unknown
CONTIG	utg000002l	2389792	mis_unaligned
871610	871718	112213	112105	NC_057382.1	utg000099l	97.25		True
unknown
871395	871557	112427	112265	NC_057382.1	utg000099l	96.32		True
unknown
1546817	1546996	144420	144241	NC_057384.1	utg000099l	100.0		True
unknown
1545464	1545551	145747	145660	NC_057384.1	utg000099l	100.0		True
unknown
CONTIG	utg000099l	200501	mis_unaligned
CONTIG	utg000740l	23435	unaligned
CONTIG	utg000808l	22761	unaligned
CONTIG	utg000240l	18501	unaligned
CONTIG	utg000563l	24430	unaligned
CONTIG	utg000628l	24607	unaligned
CONTIG	utg000350l	20003	unaligned
CONTIG	utg000789l	21420	unaligned
CONTIG	utg000571l	18748	unaligned
CONTIG	utg000431l	18975	unaligned
CONTIG	utg000697l	20360	unaligned
CONTIG	utg000673l	22939	unaligned
CONTIG	utg000658l	19730	unaligned
CONTIG	utg000300l	22179	unaligned
CONTIG	utg000426l	24566	unaligned
1001691	1001818	149180	149053	NC_057380.1	utg000146l	99.22		True
unknown
1000538	1000692	150300	150146	NC_057380.1	utg000146l	100.0		True
unknown
992373	992437	158328	158264	NC_057380.1	utg000146l	100.0		True
unknown
991311	991429	159341	159224	NC_057380.1	utg000146l	95.0		True
unknown
CONTIG	utg000146l	197695	mis_unaligned
CONTIG	utg000188l	21627	unaligned
CONTIG	utg000568l	21957	unaligned
CONTIG	utg000346l	23519	unaligned
CONTIG	utg000335l	23977	unaligned
871810	871882	17501	17429	NC_057382.1	utg000096l	95.89		True
unknown
871476	871557	17833	17752	NC_057382.1	utg000096l	95.12		True
unknown
871309	871474	17999	17834	NC_057382.1	utg000096l	95.78		True
unknown
1956171	1956531	18848	18488	NC_057379.1	utg000096l	98.61		True
unknown
2205679	2205780	106342	106241	NC_057375.1	utg000096l	100.0		True
unknown
2204551	2204669	107484	107366	NC_057375.1	utg000096l	100.0		True
unknown
2203115	2203197	108906	108824	NC_057375.1	utg000096l	100.0		True
unknown
2165663	2165736	145924	145851	NC_057375.1	utg000096l	100.0		True
unknown
2099221	2099305	223020	222936	NC_057375.1	utg000096l	100.0		True
unknown
2097444	2097567	224839	224716	NC_057375.1	utg000096l	99.19		True
unknown
2097307	2097429	224974	224852	NC_057375.1	utg000096l	95.93		True
unknown
CONTIG	utg000096l	228612	mis_unaligned
652887	652968	32209	32128	NC_057370.1	utg000155l	97.56		True
unknown
652606	652807	32491	32290	NC_057370.1	utg000155l	98.02		True
unknown
863917	864020	48700	48597	NC_057382.1	utg000155l	95.19		True
unknown
863618	863720	48999	48897	NC_057382.1	utg000155l	99.03		True
unknown
863401	863544	49212	49069	NC_057382.1	utg000155l	97.22		True
unknown
863173	863333	49434	49274	NC_057382.1	utg000155l	95.65		True
unknown
862613	862724	50002	49891	NC_057382.1	utg000155l	97.32		True
unknown
CONTIG	utg000155l	186691	mis_unaligned
CONTIG	utg000494l	20960	unaligned
CONTIG	utg000405l	23122	unaligned
CONTIG	utg000651l	20097	unaligned
CONTIG	utg000681l	20564	unaligned
CONTIG	utg000344l	19181	unaligned
928532	928681	67744	67595	NC_057380.1	utg000192l	99.33		True
unknown
928390	928461	67891	67820	NC_057380.1	utg000192l	100.0		True
unknown
928060	928189	68222	68093	NC_057380.1	utg000192l	99.23		True
unknown
927919	927992	68361	68288	NC_057380.1	utg000192l	100.0		True
unknown
927734	927825	68548	68457	NC_057380.1	utg000192l	100.0		True
unknown
871857	872010	102996	102843	NC_057382.1	utg000192l	98.05		True
unknown
871641	871786	103207	103062	NC_057382.1	utg000192l	96.58		True
unknown
871407	871557	103443	103293	NC_057382.1	utg000192l	97.35		True
unknown
1956171	1956452	104385	104104	NC_057379.1	utg000192l	95.39		True
unknown
866382	866460	130707	130785	NC_057380.1	utg000192l	96.2		True
unknown
866487	866570	130815	130898	NC_057380.1	utg000192l	100.0		True
unknown
866964	867030	131307	131373	NC_057380.1	utg000192l	97.01		True
unknown
867661	867745	132003	132087	NC_057380.1	utg000192l	97.65		True
unknown
871336	871429	163663	163756	NC_057382.1	utg000192l	96.81		True
unknown
871434	871550	163759	163875	NC_057382.1	utg000192l	99.15		True
unknown
871853	871941	164184	164272	NC_057382.1	utg000192l	95.51		True
unknown
871942	872025	164275	164358	NC_057382.1	utg000192l	96.43		True
unknown
CONTIG	utg000192l	190771	mis_unaligned
CONTIG	utg000288l	23730	unaligned
CONTIG	utg000780l	19897	unaligned
CONTIG	utg000493l	18641	unaligned
CONTIG	utg000659l	21275	unaligned
321775	321879	9595	9699	NC_057377.1	utg000055l	100.0		True
unknown
322833	322978	10596	10741	NC_057377.1	utg000055l	95.27		True
unknown
323587	323762	11332	11509	NC_057377.1	utg000055l	95.51		True
unknown
338528	338615	41868	41955	NC_057377.1	utg000055l	97.73		True
unknown
339039	339118	42373	42452	NC_057377.1	utg000055l	100.0		True
unknown
339774	339879	43128	43233	NC_057377.1	utg000055l	99.06		True
unknown
352860	353011	70137	70288	NC_057377.1	utg000055l	100.0		True
unknown
353490	353704	70764	70978	NC_057377.1	utg000055l	97.21		True
unknown
460643	460734	178357	178448	NC_057377.1	utg000055l	100.0		True
unknown
CONTIG	utg000055l	192299	mis_unaligned
CONTIG	utg000578l	19246	unaligned
CONTIG	utg000715l	22852	unaligned
CONTIG	utg000262l	21717	unaligned
CONTIG	utg000167l	18776	unaligned
CONTIG	utg000569l	23741	unaligned
CONTIG	utg000458l	21707	unaligned
CONTIG	utg000806l	22183	unaligned
266286	266413	51578	51451	NC_057382.1	utg000311l	96.09		True
unknown
264167	264241	53423	53349	NC_057382.1	utg000311l	100.0		True
unknown
262475	262542	55011	54944	NC_057382.1	utg000311l	100.0		True
unknown
261321	261430	56134	56025	NC_057382.1	utg000311l	100.0		True
unknown
235755	235858	81539	81436	NC_057382.1	utg000311l	100.0		True
unknown
232609	232724	84710	84595	NC_057382.1	utg000311l	100.0		True
unknown
185503	185609	111724	111618	NC_057382.1	utg000311l	98.13		True
unknown
181424	181514	115682	115592	NC_057382.1	utg000311l	95.6		True
unknown
181043	181145	116083	115981	NC_057382.1	utg000311l	98.06		True
unknown
170259	170429	125961	125791	NC_057382.1	utg000311l	100.0		True
unknown
167529	167621	128396	128304	NC_057382.1	utg000311l	100.0		True
unknown
167170	167289	128731	128612	NC_057382.1	utg000311l	100.0		True
unknown
167005	167100	128872	128777	NC_057382.1	utg000311l	98.96		True
unknown
166528	166605	129340	129263	NC_057382.1	utg000311l	100.0		True
unknown
CONTIG	utg000311l	200663	mis_unaligned
26773	26851	154751	154673	NC_057373.1	utg000176l	100.0		True
unknown
26153	26247	155355	155261	NC_057373.1	utg000176l	98.95		True
unknown
23981	24061	157468	157388	NC_057373.1	utg000176l	100.0		True
unknown
22438	22516	158980	158902	NC_057373.1	utg000176l	100.0		True
unknown
CONTIG	utg000176l	192025	mis_unaligned
CONTIG	utg000250l	26137	unaligned
CONTIG	utg000619l	29512	unaligned
CONTIG	utg000253l	26474	unaligned
CONTIG	utg000640l	25731	unaligned
CONTIG	utg000797l	27770	unaligned
CONTIG	utg000032l	29483	unaligned
CONTIG	utg000759l	26669	unaligned
620726	620799	3413	3486	NC_057385.1	utg000022l	100.0		True
unknown
620888	620971	3577	3660	NC_057385.1	utg000022l	100.0		True
unknown
621262	621424	3939	4101	NC_057385.1	utg000022l	98.16		True
unknown
621593	621780	4271	4458	NC_057385.1	utg000022l	95.74		True
unknown
621783	621969	4459	4645	NC_057385.1	utg000022l	97.86		True
unknown
622918	623019	5566	5667	NC_057385.1	utg000022l	97.06		True
unknown
627335	627527	14528	14720	NC_057385.1	utg000022l	100.0		True
unknown
628006	628083	15207	15284	NC_057385.1	utg000022l	97.44		True
unknown
630445	630557	17664	17776	NC_057385.1	utg000022l	100.0		True
unknown
630956	631065	18184	18293	NC_057385.1	utg000022l	96.36		True
unknown
425308	425422	100049	100163	NC_057385.1	utg000022l	96.52		True
unknown
425962	426057	100695	100790	NC_057385.1	utg000022l	96.88		True
unknown
429516	429640	104312	104436	NC_057385.1	utg000022l	99.2		True
unknown
433698	433842	108736	108881	NC_057385.1	utg000022l	99.32		True
unknown
434860	435018	109886	110044	NC_057385.1	utg000022l	98.74		True
unknown
435491	435744	110516	110769	NC_057385.1	utg000022l	99.61		True
unknown
449256	449342	124310	124396	NC_057385.1	utg000022l	100.0		True
unknown
450170	450252	125220	125302	NC_057385.1	utg000022l	100.0		True
unknown
465081	465238	145393	145550	NC_057385.1	utg000022l	100.0		True
unknown
466188	466572	146514	146899	NC_057385.1	utg000022l	99.48		True
unknown
468298	468381	148596	148679	NC_057385.1	utg000022l	100.0		True
unknown
470167	470251	150450	150534	NC_057385.1	utg000022l	100.0		True
unknown
471999	472063	152272	152336	NC_057385.1	utg000022l	100.0		True
unknown
350384	350574	187001	186811	NC_057385.1	utg000022l	95.81		True
unknown
349868	349991	187512	187389	NC_057385.1	utg000022l	100.0		True
unknown
346733	346820	190649	190561	NC_057385.1	utg000022l	98.88		True
unknown
344851	344922	192524	192453	NC_057385.1	utg000022l	100.0		True
unknown
342254	342336	194896	194814	NC_057385.1	utg000022l	100.0		True
unknown
342046	342139	195072	194979	NC_057385.1	utg000022l	98.94		True
unknown
341459	341558	195621	195522	NC_057385.1	utg000022l	100.0		True
unknown
340958	341186	196103	195875	NC_057385.1	utg000022l	97.82		True
unknown
339818	339912	197232	197138	NC_057385.1	utg000022l	100.0		True
unknown
336880	336971	199962	199871	NC_057385.1	utg000022l	100.0		True
unknown
336209	336309	200620	200520	NC_057385.1	utg000022l	98.02		True
unknown
294216	294328	225139	225027	NC_057385.1	utg000022l	99.12		True
unknown
285591	285712	234238	234117	NC_057385.1	utg000022l	99.18		True
unknown
282444	282591	237227	237080	NC_057385.1	utg000022l	100.0		True
unknown
CONTIG	utg000022l	292230	mis_unaligned
CONTIG	utg000183l	26063	unaligned
339009	339117	41930	42038	NC_057376.1	utg000104l	100.0		True
unknown
344442	344551	48163	48272	NC_057376.1	utg000104l	100.0		True
unknown
344792	344869	48508	48586	NC_057376.1	utg000104l	98.73		True
unknown
346687	346833	50747	50894	NC_057376.1	utg000104l	99.32		True
unknown
347450	347533	51521	51604	NC_057376.1	utg000104l	100.0		True
unknown
347600	347677	51673	51750	NC_057376.1	utg000104l	100.0		True
unknown
352138	352220	56385	56467	NC_057376.1	utg000104l	100.0		True
unknown
359433	359628	64004	64199	NC_057376.1	utg000104l	98.47		True
unknown
359819	359889	64393	64463	NC_057376.1	utg000104l	100.0		True
unknown
359925	360093	64491	64659	NC_057376.1	utg000104l	96.45		True
unknown
360108	360452	64671	65015	NC_057376.1	utg000104l	99.42		True
unknown
360456	360974	65018	65536	NC_057376.1	utg000104l	98.07		True
unknown
361316	361603	65876	66163	NC_057376.1	utg000104l	100.0		True
unknown
361604	361847	66165	66408	NC_057376.1	utg000104l	100.0		True
unknown
365258	365337	70970	71049	NC_057376.1	utg000104l	100.0		True
unknown
365778	365955	71486	71663	NC_057376.1	utg000104l	100.0		True
unknown
371772	371863	76970	77061	NC_057376.1	utg000104l	100.0		True
unknown
375107	375189	79963	80045	NC_057376.1	utg000104l	100.0		True
unknown
375481	375626	80345	80490	NC_057376.1	utg000104l	99.32		True
unknown
381257	381356	86290	86389	NC_057376.1	utg000104l	100.0		True
unknown
384905	384993	90692	90779	NC_057376.1	utg000104l	98.88		True
unknown
390657	390821	96472	96636	NC_057376.1	utg000104l	100.0		True
unknown
391240	391335	97053	97148	NC_057376.1	utg000104l	97.92		True
unknown
391455	391597	97269	97411	NC_057376.1	utg000104l	100.0		True
unknown
409639	409804	116730	116895	NC_057376.1	utg000104l	98.8		True
unknown
409852	409940	116945	117033	NC_057376.1	utg000104l	100.0		True
unknown
413302	413376	120335	120409	NC_057376.1	utg000104l	100.0		True
unknown
413792	413926	120845	120979	NC_057376.1	utg000104l	99.26		True
unknown
418589	418752	125430	125593	NC_057376.1	utg000104l	100.0		True
unknown
418877	419031	125715	125869	NC_057376.1	utg000104l	95.48		True
unknown
419968	420064	126707	126803	NC_057376.1	utg000104l	100.0		True
unknown
420166	420297	126886	127017	NC_057376.1	utg000104l	96.21		True
unknown
420544	420637	127239	127332	NC_057376.1	utg000104l	100.0		True
unknown
422636	422735	129302	129401	NC_057376.1	utg000104l	100.0		True
unknown
423090	423178	129735	129823	NC_057376.1	utg000104l	98.88		True
unknown
423565	423674	130197	130306	NC_057376.1	utg000104l	100.0		True
unknown
436829	436940	146420	146531	NC_057376.1	utg000104l	100.0		True
unknown
437168	437251	146769	146852	NC_057376.1	utg000104l	100.0		True
unknown
441334	441405	150835	150906	NC_057376.1	utg000104l	97.22		True
unknown
443655	443926	153115	153386	NC_057376.1	utg000104l	99.26		True
unknown
447512	447627	156884	156999	NC_057376.1	utg000104l	99.14		True
unknown
449448	449732	158908	159192	NC_057376.1	utg000104l	99.3		True
unknown
450030	450137	159487	159594	NC_057376.1	utg000104l	99.07		True
unknown
461523	461679	169019	169174	NC_057376.1	utg000104l	96.82		True
unknown
463578	463642	171191	171255	NC_057376.1	utg000104l	100.0		True
unknown
464962	465041	172544	172623	NC_057376.1	utg000104l	96.25		True
unknown
467234	467342	174815	174923	NC_057376.1	utg000104l	100.0		True
unknown
469454	469543	176945	177034	NC_057376.1	utg000104l	100.0		True
unknown
469822	469902	177301	177381	NC_057376.1	utg000104l	98.77		True
unknown
493158	493240	205769	205851	NC_057376.1	utg000104l	100.0		True
unknown
499987	500058	213335	213406	NC_057376.1	utg000104l	100.0		True
unknown
500312	500418	213673	213779	NC_057376.1	utg000104l	99.07		True
unknown
500991	501107	214347	214463	NC_057376.1	utg000104l	99.15		True
unknown
503580	503672	216869	216961	NC_057376.1	utg000104l	100.0		True
unknown
504172	504292	217434	217554	NC_057376.1	utg000104l	100.0		True
unknown
505333	505515	218567	218747	NC_057376.1	utg000104l	98.91		True
unknown
CONTIG	utg000104l	264612	mis_unaligned
1855460	1855618	25807	25649	NC_057372.1	utg000057l	96.86		True
unknown
1850046	1850172	31155	31029	NC_057372.1	utg000057l	100.0		True
unknown
1847844	1847964	33127	33007	NC_057372.1	utg000057l	100.0		True
unknown
1847704	1847828	33266	33142	NC_057372.1	utg000057l	100.0		True
unknown
1847338	1847495	33638	33481	NC_057372.1	utg000057l	95.57		True
unknown
1845487	1845588	35523	35422	NC_057372.1	utg000057l	100.0		True
unknown
1840863	1840957	40242	40148	NC_057372.1	utg000057l	100.0		True
unknown
1834837	1835000	46707	46544	NC_057372.1	utg000057l	98.17		True
unknown
1834352	1834451	47180	47081	NC_057372.1	utg000057l	100.0		True
unknown
1833277	1833359	48269	48187	NC_057372.1	utg000057l	100.0		True
unknown
1833151	1833223	48395	48323	NC_057372.1	utg000057l	100.0		True
unknown
1830501	1830629	51441	51313	NC_057372.1	utg000057l	100.0		True
unknown
1828167	1828293	53775	53649	NC_057372.1	utg000057l	96.85		True
unknown
1824897	1825043	56929	56783	NC_057372.1	utg000057l	100.0		True
unknown
1824259	1824379	57586	57465	NC_057372.1	utg000057l	99.18		True
unknown
1823785	1823865	58035	57955	NC_057372.1	utg000057l	100.0		True
unknown
1823645	1823741	58176	58080	NC_057372.1	utg000057l	96.91		True
unknown
1812157	1812340	69462	69279	NC_057372.1	utg000057l	97.83		True
unknown
1811050	1811141	70555	70464	NC_057372.1	utg000057l	95.65		True
unknown
1810912	1810983	70694	70623	NC_057372.1	utg000057l	100.0		True
unknown
1808819	1809224	72788	72386	NC_057372.1	utg000057l	95.6		True
unknown
1806913	1806983	74656	74586	NC_057372.1	utg000057l	100.0		True
unknown
1804959	1805034	76635	76560	NC_057372.1	utg000057l	100.0		True
unknown
1804737	1804824	76866	76779	NC_057372.1	utg000057l	100.0		True
unknown
1800402	1800497	81022	80927	NC_057372.1	utg000057l	100.0		True
unknown
1795792	1795885	85597	85504	NC_057372.1	utg000057l	98.94		True
unknown
1795409	1795552	85974	85831	NC_057372.1	utg000057l	95.83		True
unknown
1794396	1794508	86993	86881	NC_057372.1	utg000057l	99.12		True
unknown
1792847	1793002	88544	88389	NC_057372.1	utg000057l	100.0		True
unknown
1754763	1754884	98259	98380	NC_057372.1	utg000057l	100.0		True
unknown
1756637	1756736	100107	100206	NC_057372.1	utg000057l	100.0		True
unknown
1759080	1759157	102513	102590	NC_057372.1	utg000057l	100.0		True
unknown
1768457	1768628	111762	111933	NC_057372.1	utg000057l	98.84		True
unknown
1769217	1769283	112535	112601	NC_057372.1	utg000057l	100.0		True
unknown
1771805	1772016	115162	115373	NC_057372.1	utg000057l	98.58		True
unknown
1774710	1774881	118064	118235	NC_057372.1	utg000057l	100.0		True
unknown
1776245	1776321	119599	119675	NC_057372.1	utg000057l	100.0		True
unknown
1776900	1777006	120263	120369	NC_057372.1	utg000057l	100.0		True
unknown
1782568	1782678	125852	125962	NC_057372.1	utg000057l	100.0		True
unknown
1742797	1742910	145414	145301	NC_057372.1	utg000057l	100.0		True
unknown
1740216	1740408	148038	147846	NC_057372.1	utg000057l	97.93		True
unknown
1740083	1740181	148175	148077	NC_057372.1	utg000057l	100.0		True
unknown
1737552	1737759	150697	150490	NC_057372.1	utg000057l	99.04		True
unknown
1737106	1737210	151147	151043	NC_057372.1	utg000057l	100.0		True
unknown
1727586	1727682	159905	159809	NC_057372.1	utg000057l	100.0		True
unknown
1723333	1723416	164195	164112	NC_057372.1	utg000057l	100.0		True
unknown
1722786	1722916	164738	164608	NC_057372.1	utg000057l	100.0		True
unknown
1722645	1722709	164882	164818	NC_057372.1	utg000057l	98.46		True
unknown
1722271	1722435	165254	165090	NC_057372.1	utg000057l	96.97		True
unknown
1719940	1720018	167592	167514	NC_057372.1	utg000057l	100.0		True
unknown
1719448	1719530	168089	168007	NC_057372.1	utg000057l	100.0		True
unknown
1718901	1719010	168638	168529	NC_057372.1	utg000057l	100.0		True
unknown
1713189	1713311	174259	174137	NC_057372.1	utg000057l	100.0		True
unknown
1712318	1712422	175161	175057	NC_057372.1	utg000057l	100.0		True
unknown
1710989	1711127	176508	176370	NC_057372.1	utg000057l	96.4		True
unknown
1710614	1710690	176886	176810	NC_057372.1	utg000057l	100.0		True
unknown
1710240	1710311	177261	177190	NC_057372.1	utg000057l	100.0		True
unknown
1708250	1708351	179251	179149	NC_057372.1	utg000057l	99.03		True
unknown
1704993	1705108	182525	182410	NC_057372.1	utg000057l	100.0		True
unknown
1703398	1703464	184130	184064	NC_057372.1	utg000057l	100.0		True
unknown
1701741	1701809	185798	185730	NC_057372.1	utg000057l	100.0		True
unknown
1228410	1228522	248691	248579	NC_057380.1	utg000057l	98.23		True
unknown
1228331	1228408	248769	248692	NC_057380.1	utg000057l	96.15		True
unknown
1228115	1228306	248989	248798	NC_057380.1	utg000057l	96.88		True
unknown
1191565	1191678	249019	249132	NC_057379.1	utg000057l	97.37		True
unknown
1191814	1192393	249244	249823	NC_057379.1	utg000057l	96.21		True
unknown
1192391	1192505	269659	269545	NC_057379.1	utg000057l	96.52		True
unknown
1192176	1192242	269872	269806	NC_057379.1	utg000057l	95.52		True
unknown
1192038	1192147	270012	269903	NC_057379.1	utg000057l	100.0		True
unknown
1191597	1191678	270429	270348	NC_057379.1	utg000057l	96.34		True
unknown
CONTIG	utg000057l	283351	mis_unaligned
CONTIG	utg000763l	27963	unaligned
CONTIG	utg000752l	27792	unaligned
CONTIG	utg000208l	28068	unaligned
CONTIG	utg000593l	26846	unaligned
899343	899505	229371	229533	NC_057382.1	utg000059l	99.39		True
unknown
899887	899972	229912	229997	NC_057382.1	utg000059l	100.0		True
unknown
904803	904910	234807	234914	NC_057382.1	utg000059l	99.07		True
unknown
908038	908144	238135	238241	NC_057382.1	utg000059l	97.2		True
unknown
908177	908488	238275	238586	NC_057382.1	utg000059l	95.83		True
unknown
CONTIG	utg000059l	249058	mis_unaligned
CONTIG	utg000491l	29968	unaligned
CONTIG	utg000420l	28814	unaligned
CONTIG	utg000607l	28937	unaligned
CONTIG	utg000450l	26181	unaligned
CONTIG	utg000562l	27533	unaligned
CONTIG	utg000422l	27792	unaligned
CONTIG	utg000257l	25823	unaligned
CONTIG	utg000522l	25626	unaligned
CONTIG	utg000349l	26398	unaligned
CONTIG	utg000730l	30401	unaligned
CONTIG	utg000111l	27127	unaligned
CONTIG	utg000158l	26513	unaligned
CONTIG	utg000561l	24858	unaligned
CONTIG	utg000791l	28260	unaligned
47349	47537	34432	34620	NC_057376.1	utg000064l	95.24		True
unknown
47647	47737	34728	34818	NC_057376.1	utg000064l	100.0		True
unknown
48048	48194	35143	35289	NC_057376.1	utg000064l	100.0		True
unknown
48784	48945	35889	36050	NC_057376.1	utg000064l	100.0		True
unknown
51319	51407	38357	38445	NC_057376.1	utg000064l	100.0		True
unknown
99771	99953	45938	46120	NC_057376.1	utg000064l	100.0		True
unknown
106874	106963	52967	53056	NC_057376.1	utg000064l	100.0		True
unknown
107416	107481	53524	53589	NC_057376.1	utg000064l	100.0		True
unknown
244636	244786	117710	117860	NC_057376.1	utg000064l	100.0		True
unknown
247050	247121	120291	120362	NC_057376.1	utg000064l	100.0		True
unknown
256432	256526	129677	129771	NC_057376.1	utg000064l	100.0		True
unknown
256897	256993	130158	130254	NC_057376.1	utg000064l	98.97		True
unknown
258681	258826	131799	131944	NC_057376.1	utg000064l	100.0		True
unknown
263820	264051	148964	149195	NC_057376.1	utg000064l	99.57		True
unknown
266550	266708	151672	151830	NC_057376.1	utg000064l	100.0		True
unknown
284253	284336	168839	168922	NC_057376.1	utg000064l	100.0		True
unknown
284787	284868	169349	169430	NC_057376.1	utg000064l	100.0		True
unknown
287400	287480	171236	171316	NC_057376.1	utg000064l	100.0		True
unknown
288251	288363	172058	172170	NC_057376.1	utg000064l	100.0		True
unknown
289086	289205	172915	173035	NC_057376.1	utg000064l	99.17		True
unknown
CONTIG	utg000064l	264960	mis_unaligned
111573	111675	200502	200604	NC_057381.1	utg000069l	100.0		True
unknown
111683	111769	200608	200694	NC_057381.1	utg000069l	98.85		True
unknown
111917	112599	200842	201524	NC_057381.1	utg000069l	97.66		True
unknown
112600	112768	201527	201695	NC_057381.1	utg000069l	97.04		True
unknown
CONTIG	utg000069l	264811	mis_unaligned
CONTIG	utg000358l	28137	unaligned
322492	322586	35845	35751	NC_057377.1	utg000062l	100.0		True
unknown
321738	321879	36591	36450	NC_057377.1	utg000062l	98.59		True
unknown
321346	321431	36951	36866	NC_057377.1	utg000062l	100.0		True
unknown
305120	305220	90693	90593	NC_057377.1	utg000062l	98.02		True
unknown
304158	304232	91663	91589	NC_057377.1	utg000062l	97.33		True
unknown
299723	299802	95998	95919	NC_057377.1	utg000062l	98.75		True
unknown
299183	299262	96541	96462	NC_057377.1	utg000062l	100.0		True
unknown
299046	299141	96685	96590	NC_057377.1	utg000062l	97.92		True
unknown
298782	298981	96945	96746	NC_057377.1	utg000062l	98.0		True
unknown
239356	239461	196814	196709	NC_057377.1	utg000062l	100.0		True
unknown
238330	238506	197843	197667	NC_057377.1	utg000062l	100.0		True
unknown
237502	237592	198694	198604	NC_057377.1	utg000062l	100.0		True
unknown
237071	237171	199127	199027	NC_057377.1	utg000062l	100.0		True
unknown
825340	825483	225195	225338	NC_057384.1	utg000062l	95.83		True
unknown
825575	825669	225432	225526	NC_057384.1	utg000062l	95.79		True
unknown
825746	825937	225589	225780	NC_057384.1	utg000062l	98.96		True
unknown
825939	826042	225781	225884	NC_057384.1	utg000062l	98.08		True
unknown
826175	826298	226016	226139	NC_057384.1	utg000062l	96.77		True
unknown
826399	826467	226243	226311	NC_057384.1	utg000062l	95.65		True
unknown
CONTIG	utg000062l	295937	mis_unaligned
CONTIG	utg000537l	24654	unaligned
CONTIG	utg000769l	28597	unaligned
CONTIG	utg000656l	26276	unaligned
CONTIG	utg000439l	30205	unaligned
CONTIG	utg000534l	28070	unaligned
CONTIG	utg000642l	26014	unaligned
CONTIG	utg000603l	24706	unaligned
2508912	2508996	24297	24381	NC_057385.1	utg000156l	100.0		True
unknown
2509072	2509178	24463	24569	NC_057385.1	utg000156l	98.13		True
unknown
2509536	2509622	24929	25015	NC_057385.1	utg000156l	97.7		True
unknown
2511447	2511527	26868	26948	NC_057385.1	utg000156l	98.77		True
unknown
2511898	2511994	27302	27398	NC_057385.1	utg000156l	100.0		True
unknown
2512709	2512777	28111	28179	NC_057385.1	utg000156l	100.0		True
unknown
2514942	2515088	30323	30469	NC_057385.1	utg000156l	98.64		True
unknown
2515330	2515400	30690	30760	NC_057385.1	utg000156l	100.0		True
unknown
2516415	2516482	31761	31828	NC_057385.1	utg000156l	100.0		True
unknown
2517159	2517302	32515	32658	NC_057385.1	utg000156l	100.0		True
unknown
2522561	2522646	39521	39606	NC_057385.1	utg000156l	100.0		True
unknown
2522901	2523046	39870	40015	NC_057385.1	utg000156l	95.21		True
unknown
2523223	2523340	40188	40305	NC_057385.1	utg000156l	100.0		True
unknown
2523718	2523839	40677	40798	NC_057385.1	utg000156l	98.36		True
unknown
2524649	2524755	41606	41712	NC_057385.1	utg000156l	100.0		True
unknown
2525902	2525970	42873	42941	NC_057385.1	utg000156l	100.0		True
unknown
2526141	2526209	43128	43196	NC_057385.1	utg000156l	100.0		True
unknown
2528454	2528523	45429	45498	NC_057385.1	utg000156l	100.0		True
unknown
2529039	2529130	45997	46088	NC_057385.1	utg000156l	100.0		True
unknown
2531532	2531627	48484	48579	NC_057385.1	utg000156l	100.0		True
unknown
2539903	2539981	56732	56810	NC_057385.1	utg000156l	96.2		True
unknown
2541608	2541685	58408	58485	NC_057385.1	utg000156l	100.0		True
unknown
2545059	2545171	61877	61989	NC_057385.1	utg000156l	100.0		True
unknown
2545656	2545748	62495	62587	NC_057385.1	utg000156l	100.0		True
unknown
2546029	2546107	62853	62931	NC_057385.1	utg000156l	100.0		True
unknown
2551435	2551523	68116	68205	NC_057385.1	utg000156l	98.89		True
unknown
2552048	2552151	68706	68809	NC_057385.1	utg000156l	100.0		True
unknown
2552729	2552832	69376	69479	NC_057385.1	utg000156l	100.0		True
unknown
2553979	2554081	70633	70735	NC_057385.1	utg000156l	95.15		True
unknown
2560695	2560781	78143	78229	NC_057385.1	utg000156l	100.0		True
unknown
2563079	2563143	80552	80616	NC_057385.1	utg000156l	100.0		True
unknown
2565102	2565209	82582	82689	NC_057385.1	utg000156l	100.0		True
unknown
2566728	2566870	84281	84423	NC_057385.1	utg000156l	100.0		True
unknown
2572809	2573026	90435	90652	NC_057385.1	utg000156l	98.17		True
unknown
2575104	2575168	92860	92924	NC_057385.1	utg000156l	100.0		True
unknown
2575850	2575954	93601	93705	NC_057385.1	utg000156l	97.14		True
unknown
2576235	2576365	93985	94115	NC_057385.1	utg000156l	96.95		True
unknown
2576407	2576605	94158	94356	NC_057385.1	utg000156l	98.49		True
unknown
2577178	2577362	94932	95116	NC_057385.1	utg000156l	99.46		True
unknown
2577481	2577601	95244	95364	NC_057385.1	utg000156l	95.04		True
unknown
2577901	2578024	95640	95763	NC_057385.1	utg000156l	96.77		True
unknown
2578025	2578147	95765	95887	NC_057385.1	utg000156l	99.19		True
unknown
2578194	2578351	95931	96088	NC_057385.1	utg000156l	99.37		True
unknown
2578487	2578565	96210	96288	NC_057385.1	utg000156l	96.2		True
unknown
2578591	2578734	96325	96468	NC_057385.1	utg000156l	95.14		True
unknown
2578779	2578924	96512	96657	NC_057385.1	utg000156l	100.0		True
unknown
2579135	2579307	96862	97034	NC_057385.1	utg000156l	100.0		True
unknown
2579309	2579437	97035	97163	NC_057385.1	utg000156l	96.12		True
unknown
2579564	2579638	97276	97350	NC_057385.1	utg000156l	100.0		True
unknown
2579832	2580081	97545	97794	NC_057385.1	utg000156l	99.6		True
unknown
2580929	2581059	98649	98779	NC_057385.1	utg000156l	100.0		True
unknown
2581468	2581552	99192	99276	NC_057385.1	utg000156l	100.0		True
unknown
2583974	2584044	101653	101723	NC_057385.1	utg000156l	100.0		True
unknown
2584489	2584609	102134	102254	NC_057385.1	utg000156l	100.0		True
unknown
2594702	2594824	112709	112831	NC_057385.1	utg000156l	100.0		True
unknown
2595850	2595916	113878	113944	NC_057385.1	utg000156l	100.0		True
unknown
2620496	2620606	141488	141598	NC_057385.1	utg000156l	95.5		True
unknown
2632949	2633034	153070	153156	NC_057385.1	utg000156l	96.59		True
unknown
2644750	2644841	164643	164734	NC_057385.1	utg000156l	95.65		True
unknown
2644863	2644955	164757	164849	NC_057385.1	utg000156l	95.7		True
unknown
2660897	2661004	170923	171030	NC_057385.1	utg000156l	99.07		True
unknown
2661166	2661417	171238	171489	NC_057385.1	utg000156l	100.0		True
unknown
2661593	2661675	171669	171751	NC_057385.1	utg000156l	100.0		True
unknown
2662366	2662480	172425	172539	NC_057385.1	utg000156l	100.0		True
unknown
2662947	2663138	172872	173063	NC_057385.1	utg000156l	100.0		True
unknown
2663363	2663484	173283	173404	NC_057385.1	utg000156l	100.0		True
unknown
2663525	2663616	173446	173537	NC_057385.1	utg000156l	98.91		True
unknown
2715938	2716082	190540	190396	NC_057385.1	utg000156l	95.17		True
unknown
2715571	2715663	190912	190820	NC_057385.1	utg000156l	96.77		True
unknown
2715166	2715242	191328	191252	NC_057385.1	utg000156l	100.0		True
unknown
2714454	2714620	192028	191859	NC_057385.1	utg000156l	95.32		True
unknown
2710524	2710623	195893	195794	NC_057385.1	utg000156l	100.0		True
unknown
2710240	2710334	196179	196085	NC_057385.1	utg000156l	100.0		True
unknown
2708608	2708677	197816	197747	NC_057385.1	utg000156l	100.0		True
unknown
2708031	2708124	198375	198282	NC_057385.1	utg000156l	100.0		True
unknown
2707428	2707519	198957	198866	NC_057385.1	utg000156l	97.83		True
unknown
2706843	2706961	199543	199425	NC_057385.1	utg000156l	100.0		True
unknown
2705457	2705587	200875	200745	NC_057385.1	utg000156l	99.24		True
unknown
2704396	2704482	201896	201810	NC_057385.1	utg000156l	100.0		True
unknown
2703394	2703527	202909	202776	NC_057385.1	utg000156l	96.27		True
unknown
2699864	2699935	207140	207069	NC_057385.1	utg000156l	100.0		True
unknown
2699029	2699180	207996	207845	NC_057385.1	utg000156l	100.0		True
unknown
2698406	2698538	208613	208481	NC_057385.1	utg000156l	100.0		True
unknown
2697632	2697761	209390	209261	NC_057385.1	utg000156l	96.15		True
unknown
2697152	2697346	209877	209683	NC_057385.1	utg000156l	97.44		True
unknown
2694792	2695074	212182	211900	NC_057385.1	utg000156l	97.53		True
unknown
2694309	2694410	212685	212584	NC_057385.1	utg000156l	100.0		True
unknown
2693912	2694035	213078	212955	NC_057385.1	utg000156l	100.0		True
unknown
2692504	2692611	214464	214357	NC_057385.1	utg000156l	100.0		True
unknown
2692024	2692104	214968	214888	NC_057385.1	utg000156l	100.0		True
unknown
CONTIG	utg000156l	272470	mis_unaligned
CONTIG	utg000479l	28216	unaligned
CONTIG	utg000336l	27266	unaligned
CONTIG	utg000703l	28728	unaligned
CONTIG	utg000742l	27616	unaligned
1201403	1201517	14968	15082	NC_057379.1	utg000087l	95.65		True
CONTIG	utg000087l	29310	correct_unaligned
CONTIG	utg000736l	25497	unaligned
CONTIG	utg000616l	25627	unaligned
1964588	1964756	113722	113554	NC_057374.1	utg000135l	100.0		True
unknown
1962185	1962337	116642	116490	NC_057374.1	utg000135l	98.04		True
unknown
1940149	1940243	136678	136584	NC_057374.1	utg000135l	100.0		True
unknown
1939649	1939766	137175	137058	NC_057374.1	utg000135l	99.15		True
unknown
1938601	1938699	138214	138116	NC_057374.1	utg000135l	100.0		True
unknown
1937897	1937992	138902	138807	NC_057374.1	utg000135l	100.0		True
unknown
1474635	1474750	187615	187500	NC_057378.1	utg000135l	97.41		True
unknown
1474303	1474438	187945	187810	NC_057378.1	utg000135l	98.53		True
unknown
1473159	1473271	188520	188408	NC_057378.1	utg000135l	98.23		True
unknown
1853513	1853600	225908	225821	NC_057374.1	utg000135l	100.0		True
unknown
1852727	1852852	226686	226561	NC_057374.1	utg000135l	99.21		True
unknown
1852374	1852491	227047	226930	NC_057374.1	utg000135l	99.15		True
unknown
1840202	1840271	245449	245380	NC_057374.1	utg000135l	100.0		True
unknown
1838800	1838930	246832	246702	NC_057374.1	utg000135l	97.71		True
unknown
1837815	1838046	247810	247579	NC_057374.1	utg000135l	100.0		True
unknown
1837501	1837618	248121	248004	NC_057374.1	utg000135l	100.0		True
unknown
1805048	1805180	262335	262203	NC_057374.1	utg000135l	96.99		True
unknown
1804626	1804857	262752	262521	NC_057374.1	utg000135l	98.28		True
unknown
1804404	1804577	262971	262798	NC_057374.1	utg000135l	95.4		True
unknown
1804172	1804293	263205	263084	NC_057374.1	utg000135l	98.36		True
unknown
1799581	1799701	268266	268146	NC_057374.1	utg000135l	100.0		True
unknown
1798594	1798681	269263	269176	NC_057374.1	utg000135l	100.0		True
unknown
CONTIG	utg000135l	282165	mis_unaligned
CONTIG	utg000543l	25270	unaligned
CONTIG	utg000440l	26964	unaligned
CONTIG	utg000756l	25284	unaligned
CONTIG	utg000502l	28733	unaligned
CONTIG	utg000701l	24713	unaligned
CONTIG	utg000664l	25114	unaligned
CONTIG	utg000391l	27451	unaligned
176539	176615	10949	11025	NC_057370.1	utg000191l	100.0		True
unknown
177519	177631	12205	12317	NC_057370.1	utg000191l	100.0		True
unknown
178894	179026	13577	13709	NC_057370.1	utg000191l	100.0		True
unknown
689513	689729	53903	53687	NC_057370.1	utg000191l	95.39		True
unknown
689356	689444	54062	53974	NC_057370.1	utg000191l	95.51		True
unknown
1227151	1227261	117714	117824	NC_057380.1	utg000191l	95.5		True
unknown
1227308	1227372	117878	117942	NC_057380.1	utg000191l	95.38		True
unknown
1227508	1227580	118077	118149	NC_057380.1	utg000191l	95.89		True
unknown
1227700	1227832	118269	118401	NC_057380.1	utg000191l	95.49		True
unknown
1227917	1228018	118490	118591	NC_057380.1	utg000191l	100.0		True
unknown
1228163	1228252	118734	118823	NC_057380.1	utg000191l	95.56		True
unknown
1228253	1228320	118826	118893	NC_057380.1	utg000191l	97.06		True
unknown
75349	75432	178358	178441	NC_057381.1	utg000191l	96.43		True
unknown
75435	75518	178442	178525	NC_057381.1	utg000191l	95.24		True
unknown
75533	75700	178541	178708	NC_057381.1	utg000191l	95.83		True
unknown
495544	495645	235957	236058	NC_057370.1	utg000191l	100.0		True
unknown
495794	495903	236211	236320	NC_057370.1	utg000191l	95.45		True
unknown
496387	496475	236890	236978	NC_057370.1	utg000191l	100.0		True
unknown
518312	518435	245384	245507	NC_057370.1	utg000191l	100.0		True
unknown
518756	518851	245817	245912	NC_057370.1	utg000191l	97.92		True
unknown
519606	519689	246709	246792	NC_057370.1	utg000191l	98.81		True
unknown
519712	519861	246810	246959	NC_057370.1	utg000191l	96.0		True
unknown
522504	522709	249633	249838	NC_057370.1	utg000191l	100.0		True
unknown
522746	522830	249876	249960	NC_057370.1	utg000191l	97.65		True
unknown
523332	523448	250473	250589	NC_057370.1	utg000191l	100.0		True
unknown
525388	525474	252589	252675	NC_057370.1	utg000191l	100.0		True
unknown
527316	527451	254501	254636	NC_057370.1	utg000191l	100.0		True
unknown
530744	530912	257790	257958	NC_057370.1	utg000191l	100.0		True
unknown
CONTIG	utg000191l	266941	mis_unaligned
CONTIG	utg000585l	28636	unaligned
CONTIG	utg000690l	26573	unaligned
CONTIG	utg000485l	25518	unaligned
2036075	2036182	9014	8907	NC_057377.1	utg000162l	100.0		True
unknown
2035741	2035822	9357	9276	NC_057377.1	utg000162l	100.0		True
unknown
2034767	2034846	10302	10223	NC_057377.1	utg000162l	100.0		True
unknown
871817	872080	26954	26691	NC_057382.1	utg000162l	95.08		True
unknown
871184	871267	27586	27503	NC_057382.1	utg000162l	100.0		True
unknown
2011065	2011292	30821	30594	NC_057377.1	utg000162l	100.0		True
unknown
2009927	2010012	31948	31863	NC_057377.1	utg000162l	100.0		True
unknown
2009539	2009648	32333	32224	NC_057377.1	utg000162l	96.36		True
unknown
2008023	2008133	33858	33748	NC_057377.1	utg000162l	98.2		True
unknown
1909738	1909809	109795	109724	NC_057377.1	utg000162l	100.0		True
unknown
1907560	1907723	111978	111815	NC_057377.1	utg000162l	98.78		True
unknown
1906140	1906243	113413	113310	NC_057377.1	utg000162l	100.0		True
unknown
1900843	1900958	119568	119453	NC_057377.1	utg000162l	97.41		True
unknown
1895421	1895575	133485	133331	NC_057377.1	utg000162l	99.35		True
unknown
1891464	1891572	137385	137277	NC_057377.1	utg000162l	100.0		True
unknown
1874105	1874177	158799	158727	NC_057377.1	utg000162l	100.0		True
unknown
1872256	1872341	160800	160715	NC_057377.1	utg000162l	96.51		True
unknown
1871850	1871974	161201	161077	NC_057377.1	utg000162l	97.6		True
unknown
1871405	1871539	161640	161506	NC_057377.1	utg000162l	99.26		True
unknown
1831431	1831559	219459	219331	NC_057377.1	utg000162l	99.22		True
unknown
1831108	1831232	219766	219642	NC_057377.1	utg000162l	97.6		True
unknown
1830929	1831034	219927	219822	NC_057377.1	utg000162l	100.0		True
unknown
1830635	1830755	220222	220102	NC_057377.1	utg000162l	100.0		True
unknown
95925	96022	228652	228749	NC_057377.1	utg000162l	95.92		True
unknown
96163	96227	228887	228951	NC_057377.1	utg000162l	98.46		True
unknown
96788	96921	229525	229658	NC_057377.1	utg000162l	95.52		True
unknown
97108	97240	229843	229975	NC_057377.1	utg000162l	95.49		True
unknown
97253	97340	229988	230075	NC_057377.1	utg000162l	100.0		True
unknown
CONTIG	utg000162l	259119	mis_unaligned
CONTIG	utg000371l	26459	unaligned
CONTIG	utg000633l	28438	unaligned
CONTIG	utg000709l	25597	unaligned
CONTIG	utg000017l	270482	unaligned
1016915	1017022	19546	19439	NC_057377.1	utg000200l	100.0		True
CONTIG	utg000200l	28466	correct_unaligned
CONTIG	utg000444l	29754	unaligned
CONTIG	utg000372l	27849	unaligned
CONTIG	utg000296l	26325	unaligned
CONTIG	utg000745l	27810	unaligned
1016393	1016534	74380	74521	NC_057384.1	utg000137l	100.0		True
unknown
1016626	1016813	74617	74804	NC_057384.1	utg000137l	96.28		True
unknown
1017624	1017757	75593	75726	NC_057384.1	utg000137l	95.52		True
unknown
1019678	1019771	77653	77746	NC_057384.1	utg000137l	100.0		True
unknown
1022206	1022275	80163	80232	NC_057384.1	utg000137l	98.57		True
unknown
1022375	1022500	80336	80461	NC_057384.1	utg000137l	96.83		True
unknown
1023179	1023244	81153	81218	NC_057384.1	utg000137l	100.0		True
unknown
1061177	1061282	112792	112897	NC_057384.1	utg000137l	100.0		True
unknown
1066066	1066146	117764	117844	NC_057384.1	utg000137l	100.0		True
unknown
1066310	1066406	118002	118098	NC_057384.1	utg000137l	96.91		True
unknown
1088927	1089011	136299	136383	NC_057384.1	utg000137l	100.0		True
unknown
1093229	1093308	140668	140747	NC_057384.1	utg000137l	100.0		True
unknown
1093587	1093681	141023	141117	NC_057384.1	utg000137l	100.0		True
unknown
1113911	1114022	161878	161989	NC_057384.1	utg000137l	100.0		True
unknown
1114059	1114136	162024	162101	NC_057384.1	utg000137l	100.0		True
unknown
1114171	1114291	162139	162259	NC_057384.1	utg000137l	95.87		True
unknown
1116688	1116780	164757	164849	NC_057384.1	utg000137l	100.0		True
unknown
1173897	1174157	228212	228472	NC_057384.1	utg000137l	100.0		True
unknown
1183605	1183736	237770	237901	NC_057384.1	utg000137l	99.24		True
unknown
CONTIG	utg000137l	269519	mis_unaligned
CONTIG	utg000657l	26784	unaligned
CONTIG	utg000379l	27334	unaligned
3213272	3213422	6403	6553	NC_057385.1	utg000127l	98.03		True
unknown
3213829	3214024	6961	7156	NC_057385.1	utg000127l	100.0		True
unknown
3215449	3215575	8565	8691	NC_057385.1	utg000127l	100.0		True
unknown
3216158	3216308	9243	9393	NC_057385.1	utg000127l	98.68		True
unknown
3254923	3255043	50461	50581	NC_057385.1	utg000127l	100.0		True
unknown
3259237	3259323	55434	55520	NC_057385.1	utg000127l	100.0		True
unknown
3260454	3260582	56661	56789	NC_057385.1	utg000127l	100.0		True
unknown
3305798	3305895	109920	109823	NC_057385.1	utg000127l	96.94		True
unknown
3305612	3305754	110107	109965	NC_057385.1	utg000127l	100.0		True
unknown
3305431	3305543	110289	110177	NC_057385.1	utg000127l	97.35		True
unknown
3305210	3305282	110519	110447	NC_057385.1	utg000127l	95.89		True
unknown
3304578	3304735	111145	110988	NC_057385.1	utg000127l	97.47		True
unknown
3304295	3304420	111432	111307	NC_057385.1	utg000127l	100.0		True
unknown
3302504	3302590	113043	112957	NC_057385.1	utg000127l	100.0		True
unknown
3301390	3301504	114189	114075	NC_057385.1	utg000127l	98.26		True
unknown
3301150	3301319	114434	114265	NC_057385.1	utg000127l	100.0		True
unknown
3300339	3300466	115261	115137	NC_057385.1	utg000127l	97.66		True
unknown
3326202	3326271	132773	132842	NC_057385.1	utg000127l	98.57		True
unknown
3326309	3326377	132879	132947	NC_057385.1	utg000127l	97.1		True
unknown
3328075	3328172	134480	134577	NC_057385.1	utg000127l	100.0		True
unknown
3331250	3331318	137182	137250	NC_057385.1	utg000127l	100.0		True
unknown
3335274	3335377	140631	140734	NC_057385.1	utg000127l	100.0		True
unknown
3366266	3366371	165528	165633	NC_057385.1	utg000127l	99.06		True
unknown
3366522	3366606	165773	165857	NC_057385.1	utg000127l	100.0		True
unknown
3367268	3367377	166561	166670	NC_057385.1	utg000127l	100.0		True
unknown
3373423	3373497	172882	172956	NC_057385.1	utg000127l	100.0		True
unknown
3376789	3376866	176419	176496	NC_057385.1	utg000127l	100.0		True
unknown
3392758	3392885	191698	191825	NC_057385.1	utg000127l	96.09		True
unknown
3397846	3397987	196021	196159	NC_057385.1	utg000127l	97.89		True
unknown
3402846	3402924	204440	204518	NC_057385.1	utg000127l	100.0		True
unknown
3405181	3405300	206797	206916	NC_057385.1	utg000127l	99.17		True
unknown
3406258	3406349	207854	207945	NC_057385.1	utg000127l	100.0		True
unknown
3406894	3406981	208496	208583	NC_057385.1	utg000127l	100.0		True
unknown
3435604	3435699	249890	249985	NC_057385.1	utg000127l	98.96		True
unknown
3438401	3438508	252735	252842	NC_057385.1	utg000127l	100.0		True
unknown
3438881	3438947	253214	253280	NC_057385.1	utg000127l	100.0		True
unknown
CONTIG	utg000127l	260440	mis_unaligned
CONTIG	utg000365l	26004	unaligned
CONTIG	utg000639l	27645	unaligned
CONTIG	utg000688l	25245	unaligned
CONTIG	utg000258l	28658	unaligned
CONTIG	utg000205l	27917	unaligned
CONTIG	utg000694l	27882	unaligned
CONTIG	utg000415l	25584	unaligned
CONTIG	utg000316l	32817	unaligned
CONTIG	utg000539l	33263	unaligned
CONTIG	utg000612l	35683	unaligned
CONTIG	utg000424l	32608	unaligned
CONTIG	utg000520l	33875	unaligned
CONTIG	utg000765l	34733	unaligned
CONTIG	utg000357l	30538	unaligned
CONTIG	utg000034l	33171	unaligned
CONTIG	utg000804l	34562	unaligned
CONTIG	utg000630l	35171	unaligned
CONTIG	utg000098l	32407	unaligned
CONTIG	utg000342l	34340	unaligned
CONTIG	utg000036l	32485	unaligned
CONTIG	utg000260l	33656	unaligned
CONTIG	utg000195l	33160	unaligned
1192474	1192641	728	561	NC_057376.1	utg000083l	97.62		True
unknown
1192249	1192316	934	867	NC_057376.1	utg000083l	95.59		True
unknown
1191329	1191470	1851	1710	NC_057376.1	utg000083l	99.3		True
unknown
1190334	1190477	2834	2691	NC_057376.1	utg000083l	100.0		True
unknown
1190112	1190211	3065	2966	NC_057376.1	utg000083l	100.0		True
unknown
1189565	1189713	3608	3460	NC_057376.1	utg000083l	95.3		True
unknown
1189228	1189308	3945	3865	NC_057376.1	utg000083l	97.53		True
unknown
1184211	1184281	8807	8737	NC_057376.1	utg000083l	100.0		True
unknown
1169931	1170063	24294	24162	NC_057376.1	utg000083l	100.0		True
unknown
1169182	1169269	25067	24980	NC_057376.1	utg000083l	96.59		True
unknown
1167663	1167733	26604	26534	NC_057376.1	utg000083l	100.0		True
unknown
1158658	1158777	37715	37596	NC_057376.1	utg000083l	97.5		True
unknown
1156050	1156132	40296	40214	NC_057376.1	utg000083l	100.0		True
unknown
1154176	1154285	42223	42114	NC_057376.1	utg000083l	100.0		True
unknown
1153832	1153907	42556	42481	NC_057376.1	utg000083l	100.0		True
unknown
1149601	1149665	46035	45971	NC_057376.1	utg000083l	100.0		True
unknown
1143799	1143905	57108	57002	NC_057376.1	utg000083l	100.0		True
unknown
1143514	1143618	57388	57284	NC_057376.1	utg000083l	97.14		True
unknown
1142762	1142857	58142	58047	NC_057376.1	utg000083l	100.0		True
unknown
1141328	1141407	59565	59486	NC_057376.1	utg000083l	100.0		True
unknown
1137642	1137768	63270	63144	NC_057376.1	utg000083l	100.0		True
unknown
1133790	1133899	67187	67078	NC_057376.1	utg000083l	100.0		True
unknown
1133576	1133707	67393	67262	NC_057376.1	utg000083l	99.24		True
unknown
1132176	1132279	68798	68695	NC_057376.1	utg000083l	97.12		True
unknown
1120590	1120658	80416	80348	NC_057376.1	utg000083l	97.1		True
unknown
1119896	1119997	81124	81023	NC_057376.1	utg000083l	100.0		True
unknown
1118267	1118339	82738	82666	NC_057376.1	utg000083l	100.0		True
unknown
1117322	1117432	83669	83559	NC_057376.1	utg000083l	100.0		True
unknown
1115853	1115941	85143	85055	NC_057376.1	utg000083l	98.88		True
unknown
1114489	1114587	86513	86415	NC_057376.1	utg000083l	98.99		True
unknown
1109892	1109994	91123	91021	NC_057376.1	utg000083l	96.12		True
unknown
1105966	1106081	95051	94936	NC_057376.1	utg000083l	97.41		True
unknown
1104199	1104471	96808	96536	NC_057376.1	utg000083l	99.63		True
unknown
1101285	1101470	99647	99462	NC_057376.1	utg000083l	95.7		True
unknown
1098435	1098619	102510	102326	NC_057376.1	utg000083l	100.0		True
unknown
1091900	1091972	109108	109036	NC_057376.1	utg000083l	98.63		True
unknown
1089809	1089939	111228	111098	NC_057376.1	utg000083l	96.18		True
unknown
1089176	1089307	111859	111728	NC_057376.1	utg000083l	96.97		True
unknown
1088167	1088267	112870	112770	NC_057376.1	utg000083l	100.0		True
unknown
1087294	1087461	113716	113555	NC_057376.1	utg000083l	95.27		True
unknown
1086835	1086938	114185	114082	NC_057376.1	utg000083l	100.0		True
unknown
1086221	1086367	114801	114655	NC_057376.1	utg000083l	97.28		True
unknown
1085998	1086067	115023	114954	NC_057376.1	utg000083l	100.0		True
unknown
1084693	1084766	116326	116253	NC_057376.1	utg000083l	100.0		True
unknown
1081909	1081988	120389	120310	NC_057376.1	utg000083l	100.0		True
unknown
1081412	1081558	120880	120734	NC_057376.1	utg000083l	100.0		True
unknown
1080165	1080298	122113	121980	NC_057376.1	utg000083l	100.0		True
unknown
1040831	1040932	160530	160429	NC_057376.1	utg000083l	100.0		True
unknown
1040560	1040682	160821	160699	NC_057376.1	utg000083l	100.0		True
unknown
1040019	1040141	161365	161243	NC_057376.1	utg000083l	96.75		True
unknown
1039240	1039436	162103	161907	NC_057376.1	utg000083l	98.98		True
unknown
1037622	1037837	163605	163390	NC_057376.1	utg000083l	100.0		True
unknown
1036079	1036301	165131	164909	NC_057376.1	utg000083l	100.0		True
unknown
1035396	1035564	165803	165635	NC_057376.1	utg000083l	98.82		True
unknown
1034857	1034966	166334	166225	NC_057376.1	utg000083l	100.0		True
unknown
1034622	1034714	166568	166476	NC_057376.1	utg000083l	98.92		True
unknown
1026813	1026978	174293	174128	NC_057376.1	utg000083l	100.0		True
unknown
1025091	1025228	175943	175806	NC_057376.1	utg000083l	95.65		True
unknown
1024575	1024737	176457	176295	NC_057376.1	utg000083l	96.93		True
unknown
1024117	1024537	176911	176491	NC_057376.1	utg000083l	97.86		True
unknown
1023572	1023646	177476	177403	NC_057376.1	utg000083l	98.67		True
unknown
1022502	1022577	178719	178644	NC_057376.1	utg000083l	100.0		True
unknown
1022216	1022316	179259	179159	NC_057376.1	utg000083l	99.01		True
unknown
1021724	1021831	179742	179635	NC_057376.1	utg000083l	100.0		True
unknown
1021041	1021192	180429	180278	NC_057376.1	utg000083l	99.34		True
unknown
1020916	1020988	180568	180496	NC_057376.1	utg000083l	100.0		True
unknown
1019653	1019810	181873	181716	NC_057376.1	utg000083l	96.84		True
unknown
1019210	1019309	182319	182220	NC_057376.1	utg000083l	99.0		True
unknown
1017770	1017868	183768	183670	NC_057376.1	utg000083l	100.0		True
unknown
1009834	1009932	191543	191445	NC_057376.1	utg000083l	96.97		True
unknown
1009339	1009460	192037	191916	NC_057376.1	utg000083l	100.0		True
unknown
1008996	1009102	192387	192281	NC_057376.1	utg000083l	99.07		True
unknown
1008830	1008900	192550	192480	NC_057376.1	utg000083l	100.0		True
unknown
1008113	1008207	193268	193174	NC_057376.1	utg000083l	100.0		True
unknown
1007713	1007894	193659	193478	NC_057376.1	utg000083l	98.9		True
unknown
1007294	1007687	194073	193680	NC_057376.1	utg000083l	95.43		True
unknown
1007038	1007123	194303	194218	NC_057376.1	utg000083l	100.0		True
unknown
1006579	1006792	194705	194492	NC_057376.1	utg000083l	96.26		True
unknown
1005759	1005934	195511	195336	NC_057376.1	utg000083l	98.3		True
unknown
1004036	1004209	197285	197112	NC_057376.1	utg000083l	96.0		True
unknown
1000644	1000717	200843	200770	NC_057376.1	utg000083l	100.0		True
unknown
1000022	1000143	201446	201325	NC_057376.1	utg000083l	97.54		True
unknown
997162	997266	204282	204178	NC_057376.1	utg000083l	100.0		True
unknown
996057	996165	205309	205201	NC_057376.1	utg000083l	100.0		True
unknown
994082	994242	207168	207008	NC_057376.1	utg000083l	98.14		True
unknown
991952	992031	209226	209147	NC_057376.1	utg000083l	100.0		True
unknown
985449	985539	215766	215676	NC_057376.1	utg000083l	100.0		True
unknown
959940	960012	241037	240965	NC_057376.1	utg000083l	100.0		True
unknown
953480	953568	247343	247255	NC_057376.1	utg000083l	100.0		True
unknown
941527	941616	259161	259072	NC_057376.1	utg000083l	98.89		True
unknown
939136	939365	261448	261219	NC_057376.1	utg000083l	100.0		True
unknown
938740	938959	261850	261631	NC_057376.1	utg000083l	96.82		True
unknown
938628	938736	261961	261853	NC_057376.1	utg000083l	95.41		True
unknown
938278	938438	262305	262145	NC_057376.1	utg000083l	96.89		True
unknown
937085	937183	263498	263400	NC_057376.1	utg000083l	100.0		True
unknown
930777	930918	269638	269497	NC_057376.1	utg000083l	97.18		True
unknown
930537	930771	269876	269642	NC_057376.1	utg000083l	97.45		True
unknown
930085	930325	270301	270061	NC_057376.1	utg000083l	98.76		True
unknown
929503	929602	270857	270758	NC_057376.1	utg000083l	99.0		True
unknown
929389	929458	270967	270898	NC_057376.1	utg000083l	100.0		True
unknown
928761	928862	271587	271486	NC_057376.1	utg000083l	100.0		True
unknown
927196	927306	273184	273074	NC_057376.1	utg000083l	100.0		True
unknown
912714	912881	287324	287157	NC_057376.1	utg000083l	98.81		True
unknown
906756	906824	293248	293180	NC_057376.1	utg000083l	100.0		True
unknown
902928	903008	297134	297054	NC_057376.1	utg000083l	97.53		True
unknown
902193	902267	297859	297785	NC_057376.1	utg000083l	100.0		True
unknown
899808	899945	300186	300049	NC_057376.1	utg000083l	99.28		True
unknown
899003	899104	300973	300872	NC_057376.1	utg000083l	100.0		True
unknown
877948	878118	321380	321210	NC_057376.1	utg000083l	100.0		True
unknown
876297	876393	323021	322924	NC_057376.1	utg000083l	97.96		True
unknown
874994	875132	324397	324259	NC_057376.1	utg000083l	99.28		True
unknown
871250	871581	328073	327741	NC_057376.1	utg000083l	99.7		True
unknown
869777	869848	329565	329494	NC_057376.1	utg000083l	98.61		True
unknown
869068	869192	330272	330148	NC_057376.1	utg000083l	96.8		True
unknown
868929	869029	330409	330309	NC_057376.1	utg000083l	98.02		True
unknown
866342	866460	333013	332895	NC_057376.1	utg000083l	100.0		True
unknown
865242	865309	334110	334043	NC_057376.1	utg000083l	100.0		True
unknown
864940	865099	334411	334252	NC_057376.1	utg000083l	95.0		True
unknown
864686	864788	334670	334568	NC_057376.1	utg000083l	96.12		True
unknown
864544	864654	334811	334701	NC_057376.1	utg000083l	97.3		True
unknown
863186	863308	336175	336053	NC_057376.1	utg000083l	98.37		True
unknown
861288	861402	338053	337939	NC_057376.1	utg000083l	100.0		True
unknown
855704	856066	343375	343011	NC_057376.1	utg000083l	97.0		True
unknown
851631	851825	347516	347322	NC_057376.1	utg000083l	95.9		True
unknown
851352	851483	347797	347666	NC_057376.1	utg000083l	97.73		True
unknown
851154	851341	347995	347808	NC_057376.1	utg000083l	96.28		True
unknown
850991	851122	348163	348032	NC_057376.1	utg000083l	96.21		True
unknown
850853	850990	348302	348165	NC_057376.1	utg000083l	99.28		True
unknown
850387	850496	348759	348650	NC_057376.1	utg000083l	100.0		True
unknown
846663	846729	352315	352249	NC_057376.1	utg000083l	100.0		True
unknown
846468	846542	352509	352435	NC_057376.1	utg000083l	97.33		True
unknown
845272	845360	353729	353641	NC_057376.1	utg000083l	100.0		True
unknown
844485	844789	354542	354238	NC_057376.1	utg000083l	99.67		True
unknown
839320	839412	359805	359713	NC_057376.1	utg000083l	100.0		True
unknown
837869	837975	361249	361142	NC_057376.1	utg000083l	97.22		True
unknown
836172	836253	362958	362877	NC_057376.1	utg000083l	100.0		True
unknown
CONTIG	utg000083l	363180	mis_unaligned
CONTIG	utg000215l	30559	unaligned
CONTIG	utg000798l	3350	unaligned
CONTIG	utg000483l	32320	unaligned
CONTIG	utg000403l	31641	unaligned
CONTIG	utg000590l	30587	unaligned
CONTIG	utg000272l	32904	unaligned
CONTIG	utg000301l	32530	unaligned
CONTIG	utg000211l	34362	unaligned
CONTIG	utg000794l	35102	unaligned
CONTIG	utg000591l	32609	unaligned
CONTIG	utg000802l	35872	unaligned
CONTIG	utg000796l	33859	unaligned
CONTIG	utg000461l	33210	unaligned
CONTIG	utg000387l	35349	unaligned
1810052	1810141	52604	52693	NC_057375.1	utg000180l	100.0		True
unknown
1814586	1814658	57163	57235	NC_057375.1	utg000180l	100.0		True
unknown
1815708	1815810	58267	58369	NC_057375.1	utg000180l	100.0		True
unknown
1816536	1816601	59097	59162	NC_057375.1	utg000180l	100.0		True
unknown
1817074	1817171	59619	59716	NC_057375.1	utg000180l	100.0		True
unknown
1819133	1819214	61660	61741	NC_057375.1	utg000180l	100.0		True
unknown
1823409	1823503	65897	65991	NC_057375.1	utg000180l	100.0		True
unknown
1830281	1830355	73487	73561	NC_057375.1	utg000180l	100.0		True
unknown
1831429	1831523	74649	74743	NC_057375.1	utg000180l	98.95		True
unknown
1953225	1953302	197030	197110	NC_057375.1	utg000180l	96.3		True
unknown
111625	111921	219274	219569	NC_057381.1	utg000180l	95.64		True
unknown
112499	112766	220648	220916	NC_057381.1	utg000180l	97.03		True
unknown
2018356	2018514	282397	282555	NC_057375.1	utg000180l	99.37		True
unknown
2024722	2024815	288082	288175	NC_057375.1	utg000180l	96.81		True
unknown
2024857	2024980	288219	288342	NC_057375.1	utg000180l	99.19		True
unknown
2025072	2025209	288438	288575	NC_057375.1	utg000180l	100.0		True
unknown
2025613	2025725	288844	288956	NC_057375.1	utg000180l	97.35		True
unknown
2026477	2026574	289749	289846	NC_057375.1	utg000180l	100.0		True
unknown
2026626	2026706	289900	289980	NC_057375.1	utg000180l	100.0		True
unknown
CONTIG	utg000180l	338582	mis_unaligned
CONTIG	utg000679l	30486	unaligned
CONTIG	utg000605l	33644	unaligned
CONTIG	utg000363l	30552	unaligned
CONTIG	utg000544l	33777	unaligned
CONTIG	utg000548l	35306	unaligned
1670908	1671097	13092	12905	NC_057378.1	utg000438l	95.26		True
unknown
1666491	1666602	17554	17443	NC_057378.1	utg000438l	99.11		True
unknown
1661603	1661701	22914	22816	NC_057378.1	utg000438l	100.0		True
unknown
CONTIG	utg000438l	34115	mis_unaligned
CONTIG	utg000620l	33474	unaligned
CONTIG	utg000343l	32475	unaligned
CONTIG	utg000390l	34776	unaligned
75265	75681	18957	19373	NC_057381.1	utg000058l	96.16		True
unknown
75796	75991	19488	19683	NC_057381.1	utg000058l	97.45		True
unknown
76092	76158	19784	19850	NC_057381.1	utg000058l	97.01		True
unknown
365836	365909	77458	77531	NC_057370.1	utg000058l	100.0		True
unknown
371636	371772	83221	83357	NC_057370.1	utg000058l	100.0		True
unknown
375250	375414	87523	87687	NC_057370.1	utg000058l	95.76		True
unknown
796749	796943	249933	249739	NC_057384.1	utg000058l	97.95		True
unknown
796254	796330	250435	250359	NC_057384.1	utg000058l	97.4		True
unknown
795817	795955	250869	250731	NC_057384.1	utg000058l	96.4		True
unknown
795628	795708	251055	250975	NC_057384.1	utg000058l	96.3		True
unknown
493494	493599	277114	277219	NC_057370.1	utg000058l	98.11		True
unknown
493600	493686	277221	277307	NC_057370.1	utg000058l	95.4		True
unknown
493790	493989	277408	277607	NC_057370.1	utg000058l	96.0		True
unknown
495771	495879	279369	279477	NC_057370.1	utg000058l	97.25		True
unknown
519284	519408	291107	291231	NC_057370.1	utg000058l	95.2		True
unknown
519530	519689	291383	291542	NC_057370.1	utg000058l	98.75		True
unknown
519712	519895	291560	291743	NC_057370.1	utg000058l	100.0		True
unknown
522241	522400	294106	294265	NC_057370.1	utg000058l	96.88		True
unknown
522480	522591	294349	294460	NC_057370.1	utg000058l	99.11		True
unknown
522610	522709	294473	294572	NC_057370.1	utg000058l	99.0		True
unknown
523881	523967	295700	295786	NC_057370.1	utg000058l	100.0		True
unknown
524154	524223	295996	296065	NC_057370.1	utg000058l	100.0		True
unknown
525388	525476	297289	297377	NC_057370.1	utg000058l	100.0		True
unknown
527299	527407	299180	299288	NC_057370.1	utg000058l	100.0		True
unknown
CONTIG	utg000058l	306116	mis_unaligned
CONTIG	utg000647l	32772	unaligned
CONTIG	utg000037l	32197	unaligned
CONTIG	utg000716l	32796	unaligned
CONTIG	utg000271l	33121	unaligned
CONTIG	utg000212l	33546	unaligned
601205	601291	49274	49360	NC_057383.1	utg000066l	100.0		True
unknown
601538	601640	49600	49702	NC_057383.1	utg000066l	100.0		True
unknown
601642	601835	49703	49896	NC_057383.1	utg000066l	97.42		True
unknown
602098	602200	50159	50261	NC_057383.1	utg000066l	99.03		True
unknown
602312	602417	50366	50471	NC_057383.1	utg000066l	99.06		True
unknown
871422	871529	60793	60900	NC_057382.1	utg000066l	97.22		True
unknown
871801	872007	61171	61377	NC_057382.1	utg000066l	96.62		True
unknown
699540	699667	93757	93883	NC_057383.1	utg000066l	99.22		True
unknown
700611	700693	94798	94880	NC_057383.1	utg000066l	100.0		True
unknown
701635	701828	95833	96026	NC_057383.1	utg000066l	98.97		True
unknown
711476	711559	105268	105351	NC_057383.1	utg000066l	98.81		True
unknown
711629	711702	105416	105489	NC_057383.1	utg000066l	100.0		True
unknown
718545	718736	113985	114176	NC_057383.1	utg000066l	100.0		True
unknown
719137	719293	114577	114733	NC_057383.1	utg000066l	96.82		True
unknown
721064	721136	116521	116593	NC_057383.1	utg000066l	100.0		True
unknown
749387	749457	135382	135452	NC_057383.1	utg000066l	100.0		True
unknown
749785	749934	135759	135908	NC_057383.1	utg000066l	100.0		True
unknown
749980	750044	135957	136021	NC_057383.1	utg000066l	100.0		True
unknown
750090	750161	136067	136138	NC_057383.1	utg000066l	98.61		True
unknown
750340	750507	136307	136474	NC_057383.1	utg000066l	95.83		True
unknown
750630	750755	136590	136715	NC_057383.1	utg000066l	98.41		True
unknown
750820	750886	136758	136824	NC_057383.1	utg000066l	100.0		True
unknown
751037	751435	136982	137380	NC_057383.1	utg000066l	96.28		True
unknown
761564	761812	147416	147669	NC_057383.1	utg000066l	96.46		True
unknown
770166	770312	155842	155988	NC_057383.1	utg000066l	99.32		True
unknown
770693	770811	156373	156491	NC_057383.1	utg000066l	100.0		True
unknown
775969	776062	161627	161720	NC_057383.1	utg000066l	96.81		True
unknown
776563	776805	162243	162485	NC_057383.1	utg000066l	95.06		True
unknown
777676	777908	163381	163613	NC_057383.1	utg000066l	97.85		True
unknown
777948	778028	163653	163733	NC_057383.1	utg000066l	100.0		True
unknown
780584	780650	166279	166345	NC_057383.1	utg000066l	100.0		True
unknown
782116	782233	167828	167945	NC_057383.1	utg000066l	100.0		True
unknown
782539	782687	168249	168397	NC_057383.1	utg000066l	100.0		True
unknown
783244	783309	168966	169031	NC_057383.1	utg000066l	100.0		True
unknown
787301	787435	173189	173321	NC_057383.1	utg000066l	98.52		True
unknown
788016	788104	173902	173990	NC_057383.1	utg000066l	100.0		True
unknown
789444	789574	175323	175453	NC_057383.1	utg000066l	100.0		True
unknown
790004	790107	175882	175985	NC_057383.1	utg000066l	100.0		True
unknown
792639	792790	178481	178632	NC_057383.1	utg000066l	97.37		True
unknown
793354	793472	179197	179315	NC_057383.1	utg000066l	99.16		True
unknown
793481	793886	179325	179730	NC_057383.1	utg000066l	99.75		True
unknown
793906	794408	179747	180249	NC_057383.1	utg000066l	97.22		True
unknown
813362	813452	193262	193352	NC_057383.1	utg000066l	97.8		True
unknown
813523	813692	193424	193593	NC_057383.1	utg000066l	99.41		True
unknown
819327	819452	199123	199248	NC_057383.1	utg000066l	100.0		True
unknown
820333	820406	200138	200211	NC_057383.1	utg000066l	100.0		True
unknown
822537	822656	202451	202570	NC_057383.1	utg000066l	100.0		True
unknown
823212	823331	203145	203264	NC_057383.1	utg000066l	100.0		True
unknown
823596	823684	203526	203614	NC_057383.1	utg000066l	98.88		True
unknown
825660	825754	205635	205729	NC_057383.1	utg000066l	100.0		True
unknown
825918	825990	205889	205961	NC_057383.1	utg000066l	100.0		True
unknown
829485	829630	208734	208877	NC_057383.1	utg000066l	95.24		True
unknown
830711	830935	209907	210130	NC_057383.1	utg000066l	97.8		True
unknown
836659	836783	219405	219529	NC_057383.1	utg000066l	100.0		True
unknown
839668	839736	222249	222317	NC_057383.1	utg000066l	100.0		True
unknown
843527	843624	225986	226083	NC_057383.1	utg000066l	100.0		True
unknown
849191	849308	231603	231720	NC_057383.1	utg000066l	100.0		True
unknown
851204	851288	233554	233638	NC_057383.1	utg000066l	96.47		True
unknown
852802	852921	235135	235254	NC_057383.1	utg000066l	98.33		True
unknown
852966	853090	235301	235425	NC_057383.1	utg000066l	100.0		True
unknown
896883	896984	263871	263770	NC_057383.1	utg000066l	100.0		True
unknown
895741	895883	264998	264856	NC_057383.1	utg000066l	96.5		True
unknown
892481	892555	268225	268151	NC_057383.1	utg000066l	100.0		True
unknown
892179	892251	268526	268454	NC_057383.1	utg000066l	100.0		True
unknown
904921	905067	283480	283626	NC_057383.1	utg000066l	100.0		True
unknown
905826	905931	284371	284476	NC_057383.1	utg000066l	96.23		True
unknown
907023	907089	285584	285650	NC_057383.1	utg000066l	100.0		True
unknown
910137	910238	288675	288776	NC_057383.1	utg000066l	100.0		True
unknown
CONTIG	utg000066l	310111	mis_unaligned
CONTIG	utg000553l	33996	unaligned
CONTIG	utg000526l	34055	unaligned
CONTIG	utg000231l	32903	unaligned
CONTIG	utg000592l	35945	unaligned
249999	250094	189150	189055	NC_057380.1	utg000043l	100.0		True
unknown
245762	245934	194281	194109	NC_057380.1	utg000043l	97.11		True
unknown
245451	245621	194587	194417	NC_057380.1	utg000043l	98.83		True
unknown
240295	240362	199639	199572	NC_057380.1	utg000043l	100.0		True
unknown
1012217	1012318	328315	328416	NC_057380.1	utg000043l	100.0		True
unknown
1016340	1016414	332419	332493	NC_057380.1	utg000043l	100.0		True
unknown
1017071	1017296	333132	333356	NC_057380.1	utg000043l	95.13		True
unknown
CONTIG	utg000043l	346806	mis_unaligned
CONTIG	utg000641l	31152	unaligned
CONTIG	utg000572l	32698	unaligned
CONTIG	utg000409l	31175	unaligned
CONTIG	utg000615l	30953	unaligned
CONTIG	utg000510l	30914	unaligned
1039019	1039120	163185	163084	NC_057371.1	utg000169l	97.06		True
unknown
1038934	1039017	163269	163186	NC_057371.1	utg000169l	98.81		True
unknown
1038469	1038544	163730	163655	NC_057371.1	utg000169l	96.05		True
unknown
1038382	1038459	163819	163742	NC_057371.1	utg000169l	98.72		True
unknown
1330666	1330816	230114	229964	NC_057384.1	utg000169l	100.0		True
unknown
1327702	1327800	233126	233028	NC_057384.1	utg000169l	100.0		True
unknown
1324847	1324957	236008	235898	NC_057384.1	utg000169l	100.0		True
unknown
1278031	1278163	260657	260525	NC_057384.1	utg000169l	100.0		True
unknown
1277310	1277630	261371	261051	NC_057384.1	utg000169l	96.88		True
unknown
1276863	1276955	261824	261732	NC_057384.1	utg000169l	97.85		True
unknown
871921	872053	282543	282411	NC_057382.1	utg000169l	96.24		True
unknown
871559	871681	282910	282788	NC_057382.1	utg000169l	95.93		True
unknown
871490	871557	282978	282911	NC_057382.1	utg000169l	95.59		True
unknown
1956168	1956506	284002	283664	NC_057379.1	utg000169l	96.76		True
unknown
CONTIG	utg000169l	358945	mis_unaligned
CONTIG	utg000720l	32868	unaligned
2785527	2785624	26658	26561	NC_057371.1	utg000213l	98.98		True
CONTIG	utg000213l	32101	correct_unaligned
1358747	1358835	8920	8832	NC_057372.1	utg000398l	100.0		True
CONTIG	utg000398l	36270	correct_unaligned
CONTIG	utg000552l	35365	unaligned
CONTIG	utg000400l	35218	unaligned
831061	831159	25481	25579	NC_057373.1	utg000770l	100.0		True
CONTIG	utg000770l	33256	correct_unaligned
CONTIG	utg000373l	32835	unaligned
CONTIG	utg000781l	30516	unaligned
CONTIG	utg000540l	31300	unaligned
679260	679332	421	349	NC_057379.1	utg000108l	100.0		True
unknown
678858	678955	830	733	NC_057379.1	utg000108l	100.0		True
unknown
676535	676615	3145	3065	NC_057379.1	utg000108l	97.53		True
unknown
675715	675805	3967	3877	NC_057379.1	utg000108l	100.0		True
unknown
669005	669080	10069	9994	NC_057379.1	utg000108l	97.37		True
unknown
657876	657977	20805	20704	NC_057379.1	utg000108l	100.0		True
unknown
657340	657487	21348	21201	NC_057379.1	utg000108l	100.0		True
unknown
655701	655814	22948	22835	NC_057379.1	utg000108l	100.0		True
unknown
651199	651325	27468	27342	NC_057379.1	utg000108l	100.0		True
unknown
642150	642217	36442	36375	NC_057379.1	utg000108l	100.0		True
unknown
641257	641450	37327	37134	NC_057379.1	utg000108l	100.0		True
unknown
631433	631549	48658	48542	NC_057379.1	utg000108l	95.73		True
unknown
631126	631226	48964	48864	NC_057379.1	utg000108l	100.0		True
unknown
630265	630381	49811	49695	NC_057379.1	utg000108l	99.15		True
unknown
629915	630244	50155	49826	NC_057379.1	utg000108l	100.0		True
unknown
629405	629521	50672	50556	NC_057379.1	utg000108l	95.73		True
unknown
629218	629355	50851	50714	NC_057379.1	utg000108l	96.38		True
unknown
626167	626231	53539	53475	NC_057379.1	utg000108l	100.0		True
unknown
625452	625545	54268	54175	NC_057379.1	utg000108l	100.0		True
unknown
624553	624664	55158	55047	NC_057379.1	utg000108l	97.32		True
unknown
623784	623911	55927	55800	NC_057379.1	utg000108l	100.0		True
unknown
610663	610825	65930	65768	NC_057379.1	utg000108l	100.0		True
unknown
605181	605285	71265	71161	NC_057379.1	utg000108l	100.0		True
unknown
604597	604672	71832	71757	NC_057379.1	utg000108l	96.05		True
unknown
604428	604564	72011	71875	NC_057379.1	utg000108l	100.0		True
unknown
602812	602877	73602	73537	NC_057379.1	utg000108l	100.0		True
unknown
597228	597336	78977	78869	NC_057379.1	utg000108l	99.08		True
unknown
593694	593758	82218	82154	NC_057379.1	utg000108l	100.0		True
unknown
593017	593181	82866	82702	NC_057379.1	utg000108l	98.79		True
unknown
589568	589714	86765	86619	NC_057379.1	utg000108l	100.0		True
unknown
589418	589502	86912	86828	NC_057379.1	utg000108l	100.0		True
unknown
586475	586558	90116	90033	NC_057379.1	utg000108l	100.0		True
unknown
575878	575981	100704	100601	NC_057379.1	utg000108l	100.0		True
unknown
561632	561776	114798	114654	NC_057379.1	utg000108l	98.62		True
unknown
549722	549802	128183	128103	NC_057379.1	utg000108l	100.0		True
unknown
540162	540265	137762	137659	NC_057379.1	utg000108l	100.0		True
unknown
539945	540015	137978	137908	NC_057379.1	utg000108l	100.0		True
unknown
517243	517389	169734	169588	NC_057379.1	utg000108l	100.0		True
unknown
516925	517049	170097	169973	NC_057379.1	utg000108l	96.0		True
unknown
516003	516157	171011	170857	NC_057379.1	utg000108l	100.0		True
unknown
503645	503736	190511	190420	NC_057379.1	utg000108l	100.0		True
unknown
502814	502888	191335	191261	NC_057379.1	utg000108l	100.0		True
unknown
498628	498738	195007	194897	NC_057379.1	utg000108l	100.0		True
unknown
498361	498534	195268	195095	NC_057379.1	utg000108l	97.7		True
unknown
492012	492286	201578	201304	NC_057379.1	utg000108l	100.0		True
unknown
491562	491733	202020	201849	NC_057379.1	utg000108l	97.09		True
unknown
491443	491532	202110	202021	NC_057379.1	utg000108l	100.0		True
unknown
490261	490367	203325	203219	NC_057379.1	utg000108l	100.0		True
unknown
489307	489382	204274	204199	NC_057379.1	utg000108l	100.0		True
unknown
487331	487421	206251	206161	NC_057379.1	utg000108l	100.0		True
unknown
467300	467376	222787	222711	NC_057379.1	utg000108l	100.0		True
unknown
467102	467174	222983	222911	NC_057379.1	utg000108l	100.0		True
unknown
466523	466641	223571	223453	NC_057379.1	utg000108l	98.32		True
unknown
460885	460997	229193	229081	NC_057379.1	utg000108l	100.0		True
unknown
454783	454891	233836	233728	NC_057379.1	utg000108l	95.41		True
unknown
441602	441696	246116	246022	NC_057379.1	utg000108l	96.84		True
unknown
441297	441400	246408	246305	NC_057379.1	utg000108l	100.0		True
unknown
440429	440680	247141	246893	NC_057379.1	utg000108l	95.24		True
unknown
440149	440229	247415	247335	NC_057379.1	utg000108l	100.0		True
unknown
CONTIG	utg000108l	355577	mis_unaligned
CONTIG	utg000174l	36079	unaligned
CONTIG	utg000412l	34358	unaligned
CONTIG	utg000672l	33722	unaligned
CONTIG	utg000470l	30628	unaligned
2132514	2132626	23263	23151	NC_057378.1	utg000075l	100.0		True
unknown
2130950	2131128	24792	24614	NC_057378.1	utg000075l	99.44		True
unknown
1977415	1977486	183646	183575	NC_057378.1	utg000075l	100.0		True
unknown
1971409	1971510	190034	189933	NC_057378.1	utg000075l	100.0		True
unknown
1970980	1971129	190454	190305	NC_057378.1	utg000075l	99.33		True
unknown
1970328	1970398	191115	191045	NC_057378.1	utg000075l	98.59		True
unknown
1969494	1969626	192037	191906	NC_057378.1	utg000075l	97.76		True
unknown
1753893	1754061	243663	243831	NC_057378.1	utg000075l	95.27		True
unknown
1754102	1754200	243868	243966	NC_057378.1	utg000075l	96.97		True
unknown
1054691	1054892	263796	263997	NC_057378.1	utg000075l	99.01		True
unknown
1055233	1055356	264334	264457	NC_057378.1	utg000075l	96.77		True
unknown
1055485	1055646	264591	264752	NC_057378.1	utg000075l	95.68		True
unknown
1691267	1691451	294374	294190	NC_057378.1	utg000075l	99.46		True
unknown
1690728	1690881	294922	294769	NC_057378.1	utg000075l	96.75		True
unknown
1690533	1690618	295120	295035	NC_057378.1	utg000075l	98.84		True
unknown
1690202	1690379	295459	295282	NC_057378.1	utg000075l	95.51		True
unknown
1689658	1689805	296007	295860	NC_057378.1	utg000075l	98.65		True
unknown
1689306	1689375	296363	296294	NC_057378.1	utg000075l	100.0		True
unknown
1689041	1689138	296633	296536	NC_057378.1	utg000075l	95.92		True
unknown
CONTIG	utg000075l	343106	mis_unaligned
CONTIG	utg000665l	31352	unaligned
CONTIG	utg000383l	32786	unaligned
CONTIG	utg000016l	31086	unaligned
CONTIG	utg000533l	31433	unaligned
CONTIG	utg000576l	33894	unaligned
CONTIG	utg000653l	32574	unaligned
785331	785434	7547	7444	NC_057375.1	utg000027l	99.04		True
unknown
770423	770544	22485	22361	NC_057375.1	utg000027l	95.24		True
unknown
769934	770025	22981	22890	NC_057375.1	utg000027l	98.91		True
unknown
769182	769299	23684	23567	NC_057375.1	utg000027l	97.46		True
unknown
768743	768932	24128	23939	NC_057375.1	utg000027l	97.37		True
unknown
871882	872025	40869	40726	NC_057382.1	utg000027l	96.53		True
unknown
871321	871557	41423	41187	NC_057382.1	utg000027l	97.89		True
unknown
683238	683393	85667	85512	NC_057375.1	utg000027l	100.0		True
unknown
682052	682180	86843	86715	NC_057375.1	utg000027l	95.35		True
unknown
614416	614484	123657	123589	NC_057375.1	utg000027l	100.0		True
unknown
613788	613891	124298	124195	NC_057375.1	utg000027l	100.0		True
unknown
606413	606535	131369	131247	NC_057375.1	utg000027l	100.0		True
unknown
606083	606186	131695	131592	NC_057375.1	utg000027l	100.0		True
unknown
603870	603937	133899	133832	NC_057375.1	utg000027l	100.0		True
unknown
598864	598941	137921	137844	NC_057375.1	utg000027l	100.0		True
unknown
597637	597718	139093	139012	NC_057375.1	utg000027l	98.78		True
unknown
587031	587144	147621	147508	NC_057375.1	utg000027l	98.25		True
unknown
586394	586560	148242	148076	NC_057375.1	utg000027l	100.0		True
unknown
570265	570400	163505	163370	NC_057375.1	utg000027l	97.06		True
unknown
567063	567145	167048	166966	NC_057375.1	utg000027l	100.0		True
unknown
456482	456639	263523	263366	NC_057375.1	utg000027l	100.0		True
unknown
455581	455661	264449	264369	NC_057375.1	utg000027l	100.0		True
unknown
455141	455320	264882	264700	NC_057375.1	utg000027l	97.28		True
unknown
CONTIG	utg000027l	340386	mis_unaligned
CONTIG	utg000623l	31556	unaligned
CONTIG	utg000487l	34521	unaligned
CONTIG	utg000708l	42236	unaligned
208899	208984	32876	32961	NC_057371.1	utg000190l	100.0		True
CONTIG	utg000190l	41397	correct_unaligned
CONTIG	utg000397l	39735	unaligned
CONTIG	utg000297l	39308	unaligned
CONTIG	utg000139l	43857	unaligned
CONTIG	utg000462l	42206	unaligned
CONTIG	utg000186l	40808	unaligned
CONTIG	utg000725l	39384	unaligned
CONTIG	utg000189l	38366	unaligned
CONTIG	utg000455l	44653	unaligned
CONTIG	utg000557l	41478	unaligned
1911900	1911986	23656	23570	NC_057381.1	utg000477l	95.4		True
unknown
1910487	1910587	24994	24894	NC_057381.1	utg000477l	100.0		True
unknown
1910398	1910476	25084	25006	NC_057381.1	utg000477l	96.2		True
unknown
1910263	1910366	25214	25111	NC_057381.1	utg000477l	99.04		True
unknown
1909685	1909761	25778	25702	NC_057381.1	utg000477l	98.7		True
unknown
1908677	1908741	26795	26731	NC_057381.1	utg000477l	100.0		True
unknown
CONTIG	utg000477l	41345	mis_unaligned
CONTIG	utg000435l	37024	unaligned
CONTIG	utg000598l	42183	unaligned
CONTIG	utg000509l	40360	unaligned
CONTIG	utg000218l	37705	unaligned
CONTIG	utg000463l	39402	unaligned
CONTIG	utg000333l	37848	unaligned
CONTIG	utg000352l	37438	unaligned
CONTIG	utg000241l	36443	unaligned
1108490	1108660	1612	1782	NC_057381.1	utg000514l	99.42		True
unknown
1109039	1109147	2162	2270	NC_057381.1	utg000514l	100.0		True
unknown
1120555	1120633	14644	14720	NC_057381.1	utg000514l	97.47		True
unknown
1155266	1155395	40336	40465	NC_057381.1	utg000514l	96.15		True
unknown
1156653	1156739	41678	41764	NC_057381.1	utg000514l	98.85		True
unknown
1156889	1157003	41893	42007	NC_057381.1	utg000514l	97.39		True
unknown
1158337	1158478	43323	43464	NC_057381.1	utg000514l	100.0		True
unknown
CONTIG	utg000514l	43557	mis_unaligned
CONTIG	utg000488l	38531	unaligned
CONTIG	utg000413l	36767	unaligned
CONTIG	utg000610l	38630	unaligned
CONTIG	utg000538l	42627	unaligned
CONTIG	utg000206l	38696	unaligned
CONTIG	utg000433l	42946	unaligned
CONTIG	utg000443l	37738	unaligned
CONTIG	utg000150l	41723	unaligned
CONTIG	utg000320l	40285	unaligned
CONTIG	utg000565l	42141	unaligned
CONTIG	utg000728l	39361	unaligned
CONTIG	utg000582l	41089	unaligned
CONTIG	utg000467l	39518	unaligned
CONTIG	utg000602l	38398	unaligned
CONTIG	utg000347l	43332	unaligned
CONTIG	utg000573l	39070	unaligned
CONTIG	utg000721l	37241	unaligned
CONTIG	utg000392l	44618	unaligned
CONTIG	utg000442l	42028	unaligned
CONTIG	utg000255l	39728	unaligned
CONTIG	utg000317l	44010	unaligned
CONTIG	utg000542l	42985	unaligned
CONTIG	utg000597l	38756	unaligned
805735	805853	12304	12186	NC_057378.1	utg000021l	100.0		True
unknown
804590	804668	13454	13376	NC_057378.1	utg000021l	100.0		True
unknown
804155	804256	13918	13816	NC_057378.1	utg000021l	95.15		True
unknown
802218	802321	16045	15942	NC_057378.1	utg000021l	100.0		True
unknown
797216	797311	21161	21066	NC_057378.1	utg000021l	100.0		True
unknown
795428	795568	23154	23014	NC_057378.1	utg000021l	100.0		True
unknown
794159	794232	24425	24352	NC_057378.1	utg000021l	100.0		True
unknown
1465515	1465629	38369	38483	NC_057378.1	utg000021l	96.52		True
unknown
1465921	1466022	38768	38869	NC_057378.1	utg000021l	95.1		True
unknown
1466563	1466724	39396	39557	NC_057378.1	utg000021l	95.06		True
unknown
788461	788705	50565	50321	NC_057378.1	utg000021l	98.78		True
unknown
788308	788421	50714	50601	NC_057378.1	utg000021l	98.25		True
unknown
778151	778220	60432	60363	NC_057378.1	utg000021l	100.0		True
unknown
772168	772246	66319	66241	NC_057378.1	utg000021l	100.0		True
unknown
765134	765252	73456	73338	NC_057378.1	utg000021l	100.0		True
unknown
764754	764894	73843	73703	NC_057378.1	utg000021l	100.0		True
unknown
755884	755983	82512	82413	NC_057378.1	utg000021l	100.0		True
unknown
751572	751680	86828	86725	NC_057378.1	utg000021l	95.41		True
unknown
737892	737976	103513	103429	NC_057378.1	utg000021l	100.0		True
unknown
735638	735722	105801	105717	NC_057378.1	utg000021l	100.0		True
unknown
733067	733146	108230	108151	NC_057378.1	utg000021l	100.0		True
unknown
732586	732653	108667	108600	NC_057378.1	utg000021l	100.0		True
unknown
731085	731265	110222	110042	NC_057378.1	utg000021l	97.24		True
unknown
730317	730406	110999	110910	NC_057378.1	utg000021l	97.78		True
unknown
729963	730042	111338	111259	NC_057378.1	utg000021l	97.5		True
unknown
729705	729792	111586	111499	NC_057378.1	utg000021l	95.45		True
unknown
729267	729413	112011	111865	NC_057378.1	utg000021l	100.0		True
unknown
728548	728715	112719	112552	NC_057378.1	utg000021l	97.62		True
unknown
658557	658775	133205	133423	NC_057378.1	utg000021l	97.72		True
unknown
658914	659099	133556	133741	NC_057378.1	utg000021l	97.31		True
unknown
659257	659410	133900	134053	NC_057378.1	utg000021l	98.05		True
unknown
659758	659841	134373	134456	NC_057378.1	utg000021l	100.0		True
unknown
666268	666339	140733	140804	NC_057378.1	utg000021l	100.0		True
unknown
671465	671640	145606	145781	NC_057378.1	utg000021l	98.86		True
unknown
671777	671894	145906	146023	NC_057378.1	utg000021l	100.0		True
unknown
672570	672652	146686	146768	NC_057378.1	utg000021l	98.8		True
unknown
677284	677367	152580	152664	NC_057378.1	utg000021l	97.65		True
unknown
677792	677864	153088	153160	NC_057378.1	utg000021l	100.0		True
unknown
678504	678570	153798	153864	NC_057378.1	utg000021l	100.0		True
unknown
680044	680151	155332	155439	NC_057378.1	utg000021l	99.07		True
unknown
681236	681336	156565	156665	NC_057378.1	utg000021l	98.02		True
unknown
683735	683914	158833	159012	NC_057378.1	utg000021l	100.0		True
unknown
684472	684545	159551	159624	NC_057378.1	utg000021l	100.0		True
unknown
685214	685299	160285	160370	NC_057378.1	utg000021l	100.0		True
unknown
685379	685542	160457	160620	NC_057378.1	utg000021l	96.95		True
unknown
686448	686512	161525	161589	NC_057378.1	utg000021l	100.0		True
unknown
686538	686697	161620	161779	NC_057378.1	utg000021l	99.38		True
unknown
686957	687030	162042	162115	NC_057378.1	utg000021l	100.0		True
unknown
687132	687220	162210	162298	NC_057378.1	utg000021l	98.88		True
unknown
694220	694345	169012	169137	NC_057378.1	utg000021l	96.03		True
unknown
694365	694464	169150	169249	NC_057378.1	utg000021l	95.0		True
unknown
694829	694950	169607	169728	NC_057378.1	utg000021l	95.08		True
unknown
708431	708526	183894	183989	NC_057378.1	utg000021l	100.0		True
unknown
714910	714995	190321	190406	NC_057378.1	utg000021l	100.0		True
unknown
717647	717720	192245	192318	NC_057378.1	utg000021l	100.0		True
unknown
719252	719320	193497	193565	NC_057378.1	utg000021l	100.0		True
unknown
648670	648787	199917	199800	NC_057378.1	utg000021l	100.0		True
unknown
646259	646385	202342	202216	NC_057378.1	utg000021l	100.0		True
unknown
646101	646206	202501	202396	NC_057378.1	utg000021l	97.17		True
unknown
635694	635768	213791	213717	NC_057378.1	utg000021l	100.0		True
unknown
634369	634513	215129	214985	NC_057378.1	utg000021l	100.0		True
unknown
633403	633574	216082	215911	NC_057378.1	utg000021l	99.42		True
unknown
619317	619429	235512	235400	NC_057378.1	utg000021l	99.12		True
unknown
618280	618350	236545	236475	NC_057378.1	utg000021l	100.0		True
unknown
597783	597892	256466	256357	NC_057378.1	utg000021l	97.27		True
unknown
597654	597719	256591	256526	NC_057378.1	utg000021l	98.48		True
unknown
586582	586697	285259	285144	NC_057378.1	utg000021l	100.0		True
unknown
586405	586511	285437	285331	NC_057378.1	utg000021l	100.0		True
unknown
586056	586152	285790	285694	NC_057378.1	utg000021l	100.0		True
unknown
585186	585261	286672	286597	NC_057378.1	utg000021l	100.0		True
unknown
585075	585144	286782	286713	NC_057378.1	utg000021l	100.0		True
unknown
584715	584834	287121	287002	NC_057378.1	utg000021l	100.0		True
unknown
577470	577553	294401	294318	NC_057378.1	utg000021l	100.0		True
unknown
576518	576664	295351	295205	NC_057378.1	utg000021l	100.0		True
unknown
542817	542937	332612	332732	NC_057378.1	utg000021l	100.0		True
unknown
544109	544234	333852	333977	NC_057378.1	utg000021l	100.0		True
unknown
546805	546878	335971	336044	NC_057378.1	utg000021l	100.0		True
unknown
547018	547132	336182	336296	NC_057378.1	utg000021l	98.26		True
unknown
547281	547366	336449	336534	NC_057378.1	utg000021l	95.35		True
unknown
548594	548743	337710	337859	NC_057378.1	utg000021l	100.0		True
unknown
550166	550305	339276	339415	NC_057378.1	utg000021l	98.57		True
unknown
551591	551749	340723	340881	NC_057378.1	utg000021l	98.74		True
unknown
551905	552130	341035	341260	NC_057378.1	utg000021l	98.23		True
unknown
552952	553100	342064	342212	NC_057378.1	utg000021l	95.97		True
unknown
553751	553839	342853	342941	NC_057378.1	utg000021l	98.88		True
unknown
555458	555526	344540	344608	NC_057378.1	utg000021l	100.0		True
unknown
504029	504150	349122	349001	NC_057378.1	utg000021l	100.0		True
unknown
503814	503900	349337	349251	NC_057378.1	utg000021l	100.0		True
unknown
467470	467539	385644	385575	NC_057378.1	utg000021l	97.14		True
unknown
CONTIG	utg000021l	428499	mis_unaligned
CONTIG	utg000376l	42500	unaligned
CONTIG	utg000356l	36377	unaligned
CONTIG	utg000035l	41618	unaligned
672947	673151	36219	36424	NC_057380.1	utg000100l	99.51		True
unknown
673694	673815	36973	37094	NC_057380.1	utg000100l	97.54		True
unknown
674049	674153	37329	37433	NC_057380.1	utg000100l	99.05		True
unknown
675242	675340	38489	38588	NC_057380.1	utg000100l	98.0		True
unknown
675558	675661	38808	38911	NC_057380.1	utg000100l	100.0		True
unknown
676245	676354	39486	39595	NC_057380.1	utg000100l	99.09		True
unknown
CONTIG	utg000100l	41265	mis_unaligned
221825	221956	21397	21265	NC_057383.1	utg000402l	98.5		True
CONTIG	utg000402l	38968	correct_unaligned
CONTIG	utg000600l	39175	unaligned
CONTIG	utg000221l	39135	unaligned
CONTIG	utg000408l	3808	unaligned
CONTIG	utg000466l	39188	unaligned
CONTIG	utg000525l	36965	unaligned
550895	550991	29130	29226	NC_057376.1	utg000182l	100.0		True
unknown
552361	552446	30563	30648	NC_057376.1	utg000182l	100.0		True
unknown
552482	552581	30680	30779	NC_057376.1	utg000182l	100.0		True
unknown
554196	554296	32350	32450	NC_057376.1	utg000182l	100.0		True
unknown
575646	575790	54522	54668	NC_057376.1	utg000182l	96.6		True
unknown
576357	576440	55199	55282	NC_057376.1	utg000182l	100.0		True
unknown
577133	577222	55963	56052	NC_057376.1	utg000182l	100.0		True
unknown
577633	577722	56464	56553	NC_057376.1	utg000182l	100.0		True
unknown
584678	584878	60255	60455	NC_057376.1	utg000182l	99.5		True
unknown
590674	590764	66191	66281	NC_057376.1	utg000182l	95.6		True
unknown
597898	597972	73434	73508	NC_057376.1	utg000182l	98.67		True
unknown
598207	598428	73744	73965	NC_057376.1	utg000182l	98.2		True
unknown
598964	599038	74489	74563	NC_057376.1	utg000182l	100.0		True
unknown
600286	600388	75819	75921	NC_057376.1	utg000182l	100.0		True
unknown
600668	600796	76200	76328	NC_057376.1	utg000182l	99.22		True
unknown
600797	600915	76330	76448	NC_057376.1	utg000182l	98.32		True
unknown
600961	601137	76497	76673	NC_057376.1	utg000182l	95.48		True
unknown
601242	601356	76770	76884	NC_057376.1	utg000182l	96.52		True
unknown
605876	605954	81236	81314	NC_057376.1	utg000182l	100.0		True
unknown
606120	606332	81470	81682	NC_057376.1	utg000182l	99.53		True
unknown
606631	606794	81974	82137	NC_057376.1	utg000182l	98.78		True
unknown
607409	607539	82761	82891	NC_057376.1	utg000182l	99.24		True
unknown
607598	607716	82957	83075	NC_057376.1	utg000182l	96.64		True
unknown
609059	609134	84403	84478	NC_057376.1	utg000182l	100.0		True
unknown
609336	609425	84643	84732	NC_057376.1	utg000182l	97.78		True
unknown
612484	612692	87594	87806	NC_057376.1	utg000182l	95.79		True
unknown
616717	616808	92488	92579	NC_057376.1	utg000182l	100.0		True
unknown
625163	625263	100743	100844	NC_057376.1	utg000182l	97.06		True
unknown
634453	634683	109863	110091	NC_057376.1	utg000182l	96.55		True
unknown
635290	635412	110649	110771	NC_057376.1	utg000182l	100.0		True
unknown
640274	640436	115497	115659	NC_057376.1	utg000182l	100.0		True
unknown
640547	640646	115764	115863	NC_057376.1	utg000182l	95.0		True
unknown
640793	640897	116006	116110	NC_057376.1	utg000182l	100.0		True
unknown
641025	641154	116242	116371	NC_057376.1	utg000182l	96.92		True
unknown
641804	641907	117023	117126	NC_057376.1	utg000182l	96.15		True
unknown
643039	643156	118245	118362	NC_057376.1	utg000182l	100.0		True
unknown
651611	651703	123554	123646	NC_057376.1	utg000182l	100.0		True
unknown
651954	652057	123897	124000	NC_057376.1	utg000182l	100.0		True
unknown
652545	652629	124479	124563	NC_057376.1	utg000182l	100.0		True
unknown
654573	654657	126542	126626	NC_057376.1	utg000182l	98.82		True
unknown
655823	655957	127997	128131	NC_057376.1	utg000182l	100.0		True
unknown
656036	656139	128209	128312	NC_057376.1	utg000182l	100.0		True
unknown
684135	684204	137164	137233	NC_057376.1	utg000182l	100.0		True
unknown
684421	684529	137442	137550	NC_057376.1	utg000182l	97.25		True
unknown
689281	689518	142337	142580	NC_057376.1	utg000182l	97.54		True
unknown
696693	696790	149651	149748	NC_057376.1	utg000182l	100.0		True
unknown
699617	699723	157699	157805	NC_057376.1	utg000182l	100.0		True
unknown
699845	699966	157938	158059	NC_057376.1	utg000182l	98.36		True
unknown
700585	700700	158673	158788	NC_057376.1	utg000182l	100.0		True
unknown
701808	701937	159870	159999	NC_057376.1	utg000182l	99.23		True
unknown
702416	702567	160464	160615	NC_057376.1	utg000182l	96.05		True
unknown
702676	702778	160730	160832	NC_057376.1	utg000182l	99.03		True
unknown
704714	704785	162778	162849	NC_057376.1	utg000182l	100.0		True
unknown
709974	710181	168032	168239	NC_057376.1	utg000182l	96.15		True
unknown
710522	710720	168578	168776	NC_057376.1	utg000182l	100.0		True
unknown
711865	711932	169859	169926	NC_057376.1	utg000182l	100.0		True
unknown
712224	712310	170199	170285	NC_057376.1	utg000182l	98.85		True
unknown
713325	713407	171303	171385	NC_057376.1	utg000182l	100.0		True
unknown
713525	713680	171478	171633	NC_057376.1	utg000182l	100.0		True
unknown
716552	716669	174401	174518	NC_057376.1	utg000182l	98.31		True
unknown
716738	716941	174581	174784	NC_057376.1	utg000182l	98.53		True
unknown
716983	717189	174826	175032	NC_057376.1	utg000182l	100.0		True
unknown
717310	717398	175150	175238	NC_057376.1	utg000182l	97.75		True
unknown
717781	717886	175618	175723	NC_057376.1	utg000182l	100.0		True
unknown
718463	718617	176303	176457	NC_057376.1	utg000182l	97.42		True
unknown
721484	721560	179194	179270	NC_057376.1	utg000182l	100.0		True
unknown
736970	737045	196948	197023	NC_057376.1	utg000182l	100.0		True
unknown
739973	740045	199958	200030	NC_057376.1	utg000182l	97.26		True
unknown
740281	740415	200264	200398	NC_057376.1	utg000182l	100.0		True
unknown
742007	742151	202003	202147	NC_057376.1	utg000182l	98.62		True
unknown
742358	742455	202353	202450	NC_057376.1	utg000182l	100.0		True
unknown
745105	745234	205116	205245	NC_057376.1	utg000182l	100.0		True
unknown
749345	749410	209304	209369	NC_057376.1	utg000182l	100.0		True
unknown
754933	754998	214844	214909	NC_057376.1	utg000182l	100.0		True
unknown
761961	762064	220946	221049	NC_057376.1	utg000182l	100.0		True
unknown
766728	766809	225919	226000	NC_057376.1	utg000182l	100.0		True
unknown
767178	767299	226362	226483	NC_057376.1	utg000182l	100.0		True
unknown
767423	767501	226611	226689	NC_057376.1	utg000182l	100.0		True
unknown
769576	769649	228846	228919	NC_057376.1	utg000182l	100.0		True
unknown
773122	773204	232339	232421	NC_057376.1	utg000182l	97.59		True
unknown
773701	773832	232905	233036	NC_057376.1	utg000182l	95.45		True
unknown
774309	774379	233502	233572	NC_057376.1	utg000182l	98.59		True
unknown
774617	774757	233803	233943	NC_057376.1	utg000182l	99.29		True
unknown
777214	777324	236766	236876	NC_057376.1	utg000182l	96.4		True
unknown
779155	779232	238675	238752	NC_057376.1	utg000182l	100.0		True
unknown
780666	780740	240110	240184	NC_057376.1	utg000182l	98.67		True
unknown
780755	780875	240195	240315	NC_057376.1	utg000182l	95.87		True
unknown
780886	781341	240330	240785	NC_057376.1	utg000182l	97.81		True
unknown
781361	781632	240804	241075	NC_057376.1	utg000182l	99.63		True
unknown
782858	782996	242281	242419	NC_057376.1	utg000182l	100.0		True
unknown
783153	783348	242579	242774	NC_057376.1	utg000182l	100.0		True
unknown
784607	784759	244041	244193	NC_057376.1	utg000182l	96.73		True
unknown
788189	788781	247571	248165	NC_057376.1	utg000182l	96.67		True
unknown
789342	789917	248726	249301	NC_057376.1	utg000182l	99.31		True
unknown
790107	790339	249484	249716	NC_057376.1	utg000182l	96.57		True
unknown
790534	790794	249916	250176	NC_057376.1	utg000182l	98.08		True
unknown
791333	791497	250725	250889	NC_057376.1	utg000182l	96.97		True
unknown
792122	792234	251506	251618	NC_057376.1	utg000182l	97.35		True
unknown
792365	792496	251746	251877	NC_057376.1	utg000182l	96.21		True
unknown
792717	792860	252087	252230	NC_057376.1	utg000182l	97.92		True
unknown
793234	793363	252589	252718	NC_057376.1	utg000182l	98.46		True
unknown
794166	794242	253524	253600	NC_057376.1	utg000182l	100.0		True
unknown
794531	794628	253878	253979	NC_057376.1	utg000182l	96.08		True
unknown
795005	795084	254326	254405	NC_057376.1	utg000182l	96.25		True
unknown
795489	795655	254803	254969	NC_057376.1	utg000182l	98.2		True
unknown
796645	796747	255944	256046	NC_057376.1	utg000182l	100.0		True
unknown
799857	799955	259104	259202	NC_057376.1	utg000182l	100.0		True
unknown
800708	800815	259953	260060	NC_057376.1	utg000182l	97.22		True
unknown
801686	801812	260914	261040	NC_057376.1	utg000182l	100.0		True
unknown
802690	802763	261895	261968	NC_057376.1	utg000182l	100.0		True
unknown
806842	806922	266015	266095	NC_057376.1	utg000182l	100.0		True
unknown
816141	816274	275431	275564	NC_057376.1	utg000182l	100.0		True
unknown
818530	818642	277773	277885	NC_057376.1	utg000182l	100.0		True
unknown
818958	819060	278200	278302	NC_057376.1	utg000182l	100.0		True
unknown
820237	820402	279434	279599	NC_057376.1	utg000182l	98.8		True
unknown
820731	821008	279915	280192	NC_057376.1	utg000182l	99.64		True
unknown
825141	825267	284264	284389	NC_057376.1	utg000182l	98.43		True
unknown
828022	828125	287121	287224	NC_057376.1	utg000182l	100.0		True
unknown
828369	828536	287472	287639	NC_057376.1	utg000182l	98.81		True
unknown
828923	829031	288029	288137	NC_057376.1	utg000182l	98.17		True
unknown
829353	829505	288429	288581	NC_057376.1	utg000182l	100.0		True
unknown
829834	829965	288906	289037	NC_057376.1	utg000182l	97.73		True
unknown
830830	830911	289910	289991	NC_057376.1	utg000182l	100.0		True
unknown
831532	831716	290612	290796	NC_057376.1	utg000182l	99.46		True
unknown
831778	831947	290860	291029	NC_057376.1	utg000182l	100.0		True
unknown
833466	833648	292519	292701	NC_057376.1	utg000182l	100.0		True
unknown
839492	839562	298537	298607	NC_057376.1	utg000182l	100.0		True
unknown
844539	844670	303595	303726	NC_057376.1	utg000182l	96.97		True
unknown
849225	849352	308214	308341	NC_057376.1	utg000182l	98.44		True
unknown
850387	850459	309284	309356	NC_057376.1	utg000182l	100.0		True
unknown
850695	850809	309586	309700	NC_057376.1	utg000182l	95.65		True
unknown
851168	851340	310049	310221	NC_057376.1	utg000182l	97.11		True
unknown
851424	851574	310302	310452	NC_057376.1	utg000182l	98.68		True
unknown
851675	851804	310562	310691	NC_057376.1	utg000182l	100.0		True
unknown
857712	857823	316637	316748	NC_057376.1	utg000182l	99.11		True
unknown
858618	858733	317518	317633	NC_057376.1	utg000182l	97.41		True
unknown
859409	859473	318054	318118	NC_057376.1	utg000182l	100.0		True
unknown
859824	859954	318470	318600	NC_057376.1	utg000182l	99.24		True
unknown
868932	869052	331165	331285	NC_057376.1	utg000182l	98.35		True
unknown
869095	869188	331330	331423	NC_057376.1	utg000182l	98.94		True
unknown
874715	874820	336870	336975	NC_057376.1	utg000182l	100.0		True
unknown
874946	875102	337096	337252	NC_057376.1	utg000182l	97.45		True
unknown
881472	881598	343623	343749	NC_057376.1	utg000182l	100.0		True
unknown
895000	895155	357477	357630	NC_057376.1	utg000182l	98.72		True
unknown
898998	899079	360549	360630	NC_057376.1	utg000182l	100.0		True
unknown
900055	900170	361558	361673	NC_057376.1	utg000182l	97.41		True
unknown
902144	902258	363651	363765	NC_057376.1	utg000182l	100.0		True
unknown
902928	903008	364401	364481	NC_057376.1	utg000182l	96.3		True
unknown
905384	905461	366992	367069	NC_057376.1	utg000182l	100.0		True
unknown
CONTIG	utg000182l	367623	mis_unaligned
CONTIG	utg000425l	38778	unaligned
2785536	2785617	26150	26069	NC_057371.1	utg000596l	98.78		True
CONTIG	utg000596l	39725	correct_unaligned
CONTIG	utg000774l	40502	unaligned
CONTIG	utg000480l	39358	unaligned
CONTIG	utg000613l	37048	unaligned
CONTIG	utg000266l	37766	unaligned
CONTIG	utg000201l	37772	unaligned
CONTIG	utg000589l	39420	unaligned
CONTIG	utg000436l	37112	unaligned
CONTIG	utg000732l	44498	unaligned
CONTIG	utg000340l	38075	unaligned
2785553	2785625	1436	1364	NC_057371.1	utg000663l	100.0		True
CONTIG	utg000663l	43645	correct_unaligned
CONTIG	utg000446l	37688	unaligned
CONTIG	utg000489l	40297	unaligned
CONTIG	utg000380l	42741	unaligned
CONTIG	utg000655l	42523	unaligned
CONTIG	utg000556l	36834	unaligned
CONTIG	utg000711l	38073	unaligned
2279229	2279311	4859	4941	NC_057372.1	utg000114l	100.0		True
unknown
2279727	2280035	5365	5673	NC_057372.1	utg000114l	95.79		True
unknown
2282268	2282334	7930	7996	NC_057372.1	utg000114l	100.0		True
unknown
2286783	2286879	12530	12626	NC_057372.1	utg000114l	95.88		True
unknown
2290936	2291003	16598	16665	NC_057372.1	utg000114l	100.0		True
unknown
2291425	2291520	17067	17162	NC_057372.1	utg000114l	96.88		True
unknown
2291595	2291669	17233	17307	NC_057372.1	utg000114l	100.0		True
unknown
2292032	2292123	17668	17759	NC_057372.1	utg000114l	100.0		True
unknown
2296246	2296352	21534	21640	NC_057372.1	utg000114l	100.0		True
unknown
2303510	2303642	28545	28677	NC_057372.1	utg000114l	97.74		True
unknown
2202459	2202527	61636	61568	NC_057372.1	utg000114l	100.0		True
unknown
2201078	2201165	63018	62931	NC_057372.1	utg000114l	100.0		True
unknown
2200189	2200307	63944	63826	NC_057372.1	utg000114l	99.16		True
unknown
2200016	2200085	64118	64049	NC_057372.1	utg000114l	100.0		True
unknown
2197408	2197607	66739	66540	NC_057372.1	utg000114l	97.5		True
unknown
2194802	2194980	69385	69207	NC_057372.1	utg000114l	99.44		True
unknown
2191706	2191771	72481	72416	NC_057372.1	utg000114l	98.48		True
unknown
2191615	2191705	72573	72483	NC_057372.1	utg000114l	100.0		True
unknown
2191341	2191445	72840	72736	NC_057372.1	utg000114l	97.14		True
unknown
2191144	2191276	73034	72902	NC_057372.1	utg000114l	96.99		True
unknown
2190149	2190378	74018	73789	NC_057372.1	utg000114l	96.96		True
unknown
2189836	2190035	74329	74130	NC_057372.1	utg000114l	98.5		True
unknown
2189191	2189320	74974	74845	NC_057372.1	utg000114l	100.0		True
unknown
2177530	2177613	86854	86771	NC_057372.1	utg000114l	100.0		True
unknown
2176222	2176440	88179	87960	NC_057372.1	utg000114l	96.36		True
unknown
2159570	2159664	104942	104848	NC_057372.1	utg000114l	100.0		True
unknown
2158146	2158249	106330	106227	NC_057372.1	utg000114l	100.0		True
unknown
2153388	2153477	111087	110998	NC_057372.1	utg000114l	100.0		True
unknown
2152977	2153071	111492	111398	NC_057372.1	utg000114l	97.89		True
unknown
2151306	2151442	113178	113042	NC_057372.1	utg000114l	100.0		True
unknown
2150761	2150842	113736	113655	NC_057372.1	utg000114l	98.78		True
unknown
2150306	2150454	114190	114042	NC_057372.1	utg000114l	95.3		True
unknown
2147786	2147954	116698	116528	NC_057372.1	utg000114l	98.83		True
unknown
2146377	2146508	118084	117953	NC_057372.1	utg000114l	100.0		True
unknown
2138830	2139000	127154	126984	NC_057372.1	utg000114l	100.0		True
unknown
2137860	2138023	128110	127947	NC_057372.1	utg000114l	95.73		True
unknown
2137738	2137859	128234	128113	NC_057372.1	utg000114l	99.18		True
unknown
2137265	2137544	128708	128429	NC_057372.1	utg000114l	98.21		True
unknown
2137157	2137258	128813	128712	NC_057372.1	utg000114l	98.04		True
unknown
2135411	2135635	130548	130324	NC_057372.1	utg000114l	99.11		True
unknown
2135158	2135337	130779	130600	NC_057372.1	utg000114l	95.56		True
unknown
2134825	2135029	131116	130912	NC_057372.1	utg000114l	97.56		True
unknown
2134472	2134574	131466	131364	NC_057372.1	utg000114l	97.09		True
unknown
2134370	2134467	131568	131471	NC_057372.1	utg000114l	100.0		True
unknown
2116815	2116909	148271	148177	NC_057372.1	utg000114l	100.0		True
unknown
2114289	2114379	150689	150599	NC_057372.1	utg000114l	100.0		True
unknown
2112066	2112166	152821	152721	NC_057372.1	utg000114l	100.0		True
unknown
2106770	2106880	158904	158793	NC_057372.1	utg000114l	99.11		True
unknown
2105170	2105300	160479	160349	NC_057372.1	utg000114l	98.47		True
unknown
2104025	2104148	161617	161494	NC_057372.1	utg000114l	99.19		True
unknown
2099411	2099522	166338	166227	NC_057372.1	utg000114l	100.0		True
unknown
2099183	2099252	166555	166486	NC_057372.1	utg000114l	100.0		True
unknown
2098567	2098635	167174	167106	NC_057372.1	utg000114l	95.65		True
unknown
2097475	2097613	168325	168187	NC_057372.1	utg000114l	98.56		True
unknown
2093925	2094056	171816	171685	NC_057372.1	utg000114l	100.0		True
unknown
2093289	2093408	172451	172332	NC_057372.1	utg000114l	100.0		True
unknown
2092048	2092135	173785	173698	NC_057372.1	utg000114l	100.0		True
unknown
2091575	2091641	174280	174214	NC_057372.1	utg000114l	100.0		True
unknown
2057885	2058010	198870	198745	NC_057372.1	utg000114l	97.62		True
unknown
2057285	2057380	199465	199370	NC_057372.1	utg000114l	100.0		True
unknown
2056845	2056909	199900	199836	NC_057372.1	utg000114l	100.0		True
unknown
2056144	2056250	200584	200478	NC_057372.1	utg000114l	96.26		True
unknown
2053139	2053334	203420	203225	NC_057372.1	utg000114l	100.0		True
unknown
2051763	2051883	204982	204862	NC_057372.1	utg000114l	100.0		True
unknown
2050978	2051081	205783	205680	NC_057372.1	utg000114l	100.0		True
unknown
2047608	2047713	208786	208681	NC_057372.1	utg000114l	98.11		True
unknown
2046549	2046646	209828	209731	NC_057372.1	utg000114l	100.0		True
unknown
2044128	2044288	212239	212079	NC_057372.1	utg000114l	98.14		True
unknown
2043275	2043348	213088	213015	NC_057372.1	utg000114l	100.0		True
unknown
2031896	2032050	219010	218856	NC_057372.1	utg000114l	100.0		True
unknown
2026929	2027050	224162	224041	NC_057372.1	utg000114l	100.0		True
unknown
2023578	2023704	227674	227551	NC_057372.1	utg000114l	97.64		True
unknown
2019541	2019614	232548	232475	NC_057372.1	utg000114l	100.0		True
unknown
2018333	2018426	233765	233672	NC_057372.1	utg000114l	100.0		True
unknown
2017745	2017819	234342	234268	NC_057372.1	utg000114l	100.0		True
unknown
2017453	2017537	234611	234527	NC_057372.1	utg000114l	100.0		True
unknown
2016846	2016999	235195	235042	NC_057372.1	utg000114l	96.75		True
unknown
2016265	2016362	235779	235682	NC_057372.1	utg000114l	100.0		True
unknown
2015618	2015926	236425	236118	NC_057372.1	utg000114l	95.5		True
unknown
2014713	2014846	237328	237195	NC_057372.1	utg000114l	100.0		True
unknown
2013894	2013961	238138	238071	NC_057372.1	utg000114l	100.0		True
unknown
2009984	2010098	242053	241939	NC_057372.1	utg000114l	96.52		True
unknown
2009201	2009288	242800	242713	NC_057372.1	utg000114l	100.0		True
unknown
2008374	2008494	243604	243484	NC_057372.1	utg000114l	99.17		True
unknown
1999872	1999989	252036	251919	NC_057372.1	utg000114l	99.15		True
unknown
1999475	1999560	252433	252348	NC_057372.1	utg000114l	100.0		True
unknown
1996400	1996472	255577	255505	NC_057372.1	utg000114l	100.0		True
unknown
1995755	1995898	256241	256098	NC_057372.1	utg000114l	100.0		True
unknown
1994803	1994871	257376	257308	NC_057372.1	utg000114l	100.0		True
unknown
1993467	1993541	258715	258641	NC_057372.1	utg000114l	100.0		True
unknown
1988338	1988472	264058	263924	NC_057372.1	utg000114l	100.0		True
unknown
1986950	1987042	265455	265363	NC_057372.1	utg000114l	100.0		True
unknown
1980753	1980879	271627	271501	NC_057372.1	utg000114l	98.43		True
unknown
1979944	1980086	272441	272298	NC_057372.1	utg000114l	98.61		True
unknown
1972425	1972514	280050	279961	NC_057372.1	utg000114l	100.0		True
unknown
1971855	1971952	280598	280501	NC_057372.1	utg000114l	97.96		True
unknown
1968456	1968579	283991	283868	NC_057372.1	utg000114l	95.16		True
unknown
1966052	1966192	286446	286306	NC_057372.1	utg000114l	98.58		True
unknown
1965155	1965269	287372	287257	NC_057372.1	utg000114l	98.28		True
unknown
1964704	1964866	287813	287651	NC_057372.1	utg000114l	100.0		True
unknown
1951972	1952039	301808	301741	NC_057372.1	utg000114l	100.0		True
unknown
1945082	1945154	309299	309227	NC_057372.1	utg000114l	100.0		True
unknown
1944495	1944600	309885	309780	NC_057372.1	utg000114l	100.0		True
unknown
1942824	1942950	311582	311456	NC_057372.1	utg000114l	100.0		True
unknown
1941668	1941808	312724	312582	NC_057372.1	utg000114l	98.6		True
unknown
1937370	1937460	316502	316412	NC_057372.1	utg000114l	100.0		True
unknown
1937170	1937281	316693	316582	NC_057372.1	utg000114l	98.21		True
unknown
1927092	1927194	328594	328489	NC_057372.1	utg000114l	97.17		True
unknown
1925982	1926090	329887	329779	NC_057372.1	utg000114l	98.17		True
unknown
1924846	1925028	331014	330832	NC_057372.1	utg000114l	99.45		True
unknown
1924178	1924266	331663	331575	NC_057372.1	utg000114l	98.88		True
unknown
1923661	1923778	332193	332076	NC_057372.1	utg000114l	98.31		True
unknown
1922910	1923067	332937	332780	NC_057372.1	utg000114l	100.0		True
unknown
1910425	1910528	345396	345293	NC_057372.1	utg000114l	98.08		True
unknown
1910227	1910301	345587	345513	NC_057372.1	utg000114l	100.0		True
unknown
1909770	1909886	346045	345929	NC_057372.1	utg000114l	100.0		True
unknown
1909056	1909142	346772	346686	NC_057372.1	utg000114l	100.0		True
unknown
1887999	1888077	374537	374459	NC_057372.1	utg000114l	100.0		True
unknown
1884574	1884646	377952	377880	NC_057372.1	utg000114l	100.0		True
unknown
1878100	1878179	384178	384099	NC_057372.1	utg000114l	100.0		True
unknown
1875954	1876102	386300	386151	NC_057372.1	utg000114l	99.33		True
unknown
CONTIG	utg000114l	402454	mis_unaligned
CONTIG	utg000476l	41333	unaligned
CONTIG	utg000687l	36558	unaligned
CONTIG	utg000041l	36783	unaligned
CONTIG	utg000507l	36490	unaligned
CONTIG	utg000738l	39829	unaligned
651198	651322	4372	4497	NC_057379.1	utg000081l	97.62		True
unknown
655701	655814	8871	8983	NC_057379.1	utg000081l	99.12		True
unknown
657442	657533	10519	10610	NC_057379.1	utg000081l	100.0		True
unknown
658949	659017	12027	12095	NC_057379.1	utg000081l	100.0		True
unknown
659436	659530	12518	12611	NC_057379.1	utg000081l	97.89		True
unknown
664335	664420	17453	17538	NC_057379.1	utg000081l	96.51		True
unknown
665598	665737	18638	18777	NC_057379.1	utg000081l	100.0		True
unknown
668777	668931	21462	21616	NC_057379.1	utg000081l	98.71		True
unknown
676072	676169	28141	28238	NC_057379.1	utg000081l	100.0		True
unknown
676370	676488	28437	28555	NC_057379.1	utg000081l	98.32		True
unknown
676539	676615	28609	28685	NC_057379.1	utg000081l	100.0		True
unknown
679681	679827	31770	31916	NC_057379.1	utg000081l	97.28		True
unknown
680251	680347	32343	32439	NC_057379.1	utg000081l	100.0		True
unknown
691243	691553	43471	43786	NC_057379.1	utg000081l	97.47		True
unknown
692992	693106	45175	45290	NC_057379.1	utg000081l	99.14		True
unknown
694492	694650	46685	46839	NC_057379.1	utg000081l	96.23		True
unknown
707166	707287	60094	60215	NC_057379.1	utg000081l	100.0		True
unknown
707820	707917	60759	60856	NC_057379.1	utg000081l	98.98		True
unknown
723170	723327	70363	70520	NC_057379.1	utg000081l	98.1		True
unknown
728151	728331	75269	75449	NC_057379.1	utg000081l	99.45		True
unknown
728711	728819	75835	75943	NC_057379.1	utg000081l	100.0		True
unknown
753454	753522	90933	91001	NC_057379.1	utg000081l	100.0		True
unknown
756410	756589	93885	94067	NC_057379.1	utg000081l	97.81		True
unknown
757044	757139	94513	94608	NC_057379.1	utg000081l	100.0		True
unknown
760363	760433	97878	97948	NC_057379.1	utg000081l	100.0		True
unknown
760640	760747	98154	98261	NC_057379.1	utg000081l	100.0		True
unknown
767411	767545	109794	109928	NC_057379.1	utg000081l	100.0		True
unknown
767825	767914	110203	110292	NC_057379.1	utg000081l	97.78		True
unknown
768054	768125	110429	110500	NC_057379.1	utg000081l	98.61		True
unknown
768807	768943	111186	111322	NC_057379.1	utg000081l	100.0		True
unknown
769407	769483	111783	111859	NC_057379.1	utg000081l	97.4		True
unknown
769831	769919	112203	112291	NC_057379.1	utg000081l	97.75		True
unknown
771566	771638	113826	113898	NC_057379.1	utg000081l	98.63		True
unknown
782654	782728	122236	122310	NC_057379.1	utg000081l	100.0		True
unknown
782828	783079	122411	122662	NC_057379.1	utg000081l	98.81		True
unknown
783687	783808	123258	123379	NC_057379.1	utg000081l	96.72		True
unknown
785132	785240	124692	124800	NC_057379.1	utg000081l	97.25		True
unknown
785243	785406	124801	124964	NC_057379.1	utg000081l	95.73		True
unknown
822633	822756	141275	141398	NC_057379.1	utg000081l	100.0		True
unknown
824731	824814	143626	143709	NC_057379.1	utg000081l	96.43		True
unknown
830327	830426	149138	149237	NC_057379.1	utg000081l	100.0		True
unknown
831895	831983	150701	150789	NC_057379.1	utg000081l	98.88		True
unknown
833766	833895	152572	152701	NC_057379.1	utg000081l	100.0		True
unknown
840320	840407	159941	160028	NC_057379.1	utg000081l	100.0		True
unknown
845435	845520	165139	165224	NC_057379.1	utg000081l	98.84		True
unknown
854663	854744	174408	174489	NC_057379.1	utg000081l	100.0		True
unknown
859024	859089	178808	178873	NC_057379.1	utg000081l	98.48		True
unknown
861440	861593	181412	181565	NC_057379.1	utg000081l	96.1		True
unknown
872895	872962	193265	193332	NC_057379.1	utg000081l	100.0		True
unknown
880919	881061	201124	201266	NC_057379.1	utg000081l	100.0		True
unknown
915976	916359	248514	248897	NC_057379.1	utg000081l	96.35		True
unknown
917125	917205	249667	249747	NC_057379.1	utg000081l	100.0		True
unknown
917869	917984	250420	250535	NC_057379.1	utg000081l	100.0		True
unknown
931214	931350	264720	264856	NC_057379.1	utg000081l	98.54		True
unknown
934558	934654	268001	268097	NC_057379.1	utg000081l	100.0		True
unknown
934891	934982	268332	268423	NC_057379.1	utg000081l	100.0		True
unknown
937980	938053	271276	271349	NC_057379.1	utg000081l	100.0		True
unknown
938956	939110	272245	272399	NC_057379.1	utg000081l	100.0		True
unknown
939340	939469	272660	272789	NC_057379.1	utg000081l	99.23		True
unknown
946006	946109	286076	286182	NC_057379.1	utg000081l	97.2		True
unknown
948632	948733	288648	288749	NC_057379.1	utg000081l	100.0		True
unknown
951388	951459	291386	291457	NC_057379.1	utg000081l	100.0		True
unknown
992171	992303	335834	335966	NC_057379.1	utg000081l	100.0		True
unknown
1005675	1005846	349109	349280	NC_057379.1	utg000081l	100.0		True
unknown
1005925	1006034	349352	349461	NC_057379.1	utg000081l	96.36		True
unknown
1006409	1006526	349831	349948	NC_057379.1	utg000081l	100.0		True
unknown
1009310	1009379	352773	352842	NC_057379.1	utg000081l	98.57		True
unknown
1009600	1009687	353063	353150	NC_057379.1	utg000081l	100.0		True
unknown
1009700	1009770	353161	353231	NC_057379.1	utg000081l	97.18		True
unknown
1014633	1014712	358402	358481	NC_057379.1	utg000081l	100.0		True
unknown
1015001	1015097	358763	358859	NC_057379.1	utg000081l	100.0		True
unknown
1015723	1015839	359494	359610	NC_057379.1	utg000081l	100.0		True
unknown
1021506	1021622	364641	364757	NC_057379.1	utg000081l	100.0		True
unknown
1033980	1034108	372618	372746	NC_057379.1	utg000081l	96.9		True
unknown
1034758	1034945	373393	373578	NC_057379.1	utg000081l	98.94		True
unknown
1043126	1043237	382255	382366	NC_057379.1	utg000081l	95.54		True
unknown
CONTIG	utg000081l	399687	mis_unaligned
CONTIG	utg000198l	41669	unaligned
CONTIG	utg000549l	52746	unaligned
CONTIG	utg000029l	53174	unaligned
CONTIG	utg000322l	53163	unaligned
1038956	1039062	16311	16205	NC_057371.1	utg000124l	95.33		True
unknown
1038579	1038862	16683	16400	NC_057371.1	utg000124l	95.42		True
unknown
1038300	1038382	17047	16965	NC_057371.1	utg000124l	98.8		True
unknown
1038194	1038274	17155	17075	NC_057371.1	utg000124l	97.53		True
unknown
1037918	1037982	17436	17372	NC_057371.1	utg000124l	98.46		True
unknown
75835	75999	51198	51034	NC_057381.1	utg000124l	96.36		True
unknown
75688	75788	51347	51247	NC_057381.1	utg000124l	96.04		True
unknown
75135	75280	51893	51748	NC_057381.1	utg000124l	98.63		True
unknown
CONTIG	utg000124l	51917	mis_unaligned
1473996	1475051	9248	8195	NC_057378.1	utg000026l	95.59		True
unknown
784072	784175	30964	30861	NC_057375.1	utg000026l	100.0		True
unknown
782926	782999	32067	31994	NC_057375.1	utg000026l	100.0		True
unknown
771199	771287	43744	43655	NC_057375.1	utg000026l	98.89		True
unknown
770361	770539	44574	44396	NC_057375.1	utg000026l	100.0		True
unknown
769184	769350	45695	45529	NC_057375.1	utg000026l	100.0		True
unknown
767122	767233	47762	47651	NC_057375.1	utg000026l	97.32		True
unknown
CONTIG	utg000026l	49951	mis_unaligned
CONTIG	utg000501l	53333	unaligned
CONTIG	utg000788l	48039	unaligned
CONTIG	utg000042l	45348	unaligned
CONTIG	utg000519l	45833	unaligned
CONTIG	utg000674l	47146	unaligned
CONTIG	utg000142l	4772	unaligned
968694	968830	6641	6505	NC_057384.1	utg000089l	97.81		True
unknown
966544	966617	8801	8728	NC_057384.1	utg000089l	98.65		True
unknown
963120	963202	12068	11986	NC_057384.1	utg000089l	97.59		True
unknown
863003	863087	60029	60113	NC_057382.1	utg000089l	96.47		True
unknown
863111	863235	60139	60263	NC_057382.1	utg000089l	96.8		True
unknown
863487	863706	60513	60732	NC_057382.1	utg000089l	95.91		True
unknown
740724	740797	73430	73357	NC_057384.1	utg000089l	98.65		True
unknown
738799	738919	75374	75254	NC_057384.1	utg000089l	100.0		True
unknown
715444	715524	99463	99383	NC_057384.1	utg000089l	100.0		True
unknown
706415	706526	108247	108136	NC_057384.1	utg000089l	100.0		True
unknown
700348	700416	113826	113758	NC_057384.1	utg000089l	100.0		True
unknown
697395	697513	116653	116535	NC_057384.1	utg000089l	100.0		True
unknown
695556	695640	118461	118377	NC_057384.1	utg000089l	100.0		True
unknown
664501	664591	150075	149985	NC_057384.1	utg000089l	100.0		True
unknown
664316	664394	150259	150181	NC_057384.1	utg000089l	96.2		True
unknown
663959	664084	150624	150499	NC_057384.1	utg000089l	99.21		True
unknown
663525	663702	151064	150887	NC_057384.1	utg000089l	98.31		True
unknown
663415	663482	151172	151105	NC_057384.1	utg000089l	100.0		True
unknown
663080	663184	151504	151400	NC_057384.1	utg000089l	98.1		True
unknown
659562	659658	154929	154833	NC_057384.1	utg000089l	100.0		True
unknown
659363	659499	155124	154988	NC_057384.1	utg000089l	100.0		True
unknown
659241	659308	155229	155162	NC_057384.1	utg000089l	97.06		True
unknown
637315	637480	176865	176700	NC_057384.1	utg000089l	100.0		True
unknown
637113	637225	177073	176961	NC_057384.1	utg000089l	100.0		True
unknown
636360	636499	177793	177654	NC_057384.1	utg000089l	100.0		True
unknown
636155	636227	177995	177923	NC_057384.1	utg000089l	100.0		True
unknown
634107	634219	179925	179813	NC_057384.1	utg000089l	100.0		True
unknown
605068	605154	184717	184631	NC_057384.1	utg000089l	98.85		True
unknown
604907	605025	184872	184754	NC_057384.1	utg000089l	100.0		True
unknown
604272	604381	185513	185404	NC_057384.1	utg000089l	100.0		True
unknown
527762	527897	194703	194568	NC_057384.1	utg000089l	99.26		True
unknown
527623	527700	194834	194757	NC_057384.1	utg000089l	96.15		True
unknown
527405	527549	195046	194902	NC_057384.1	utg000089l	100.0		True
unknown
523268	523527	199161	198902	NC_057384.1	utg000089l	98.85		True
unknown
522837	523128	199610	199319	NC_057384.1	utg000089l	100.0		True
unknown
522439	522510	200028	199957	NC_057384.1	utg000089l	100.0		True
unknown
520548	520635	201926	201839	NC_057384.1	utg000089l	100.0		True
unknown
519484	519719	202995	202760	NC_057384.1	utg000089l	98.31		True
unknown
518141	518258	204361	204244	NC_057384.1	utg000089l	98.31		True
unknown
518057	518140	204446	204363	NC_057384.1	utg000089l	95.24		True
unknown
507818	507927	212965	212856	NC_057384.1	utg000089l	98.18		True
unknown
505945	506046	214843	214742	NC_057384.1	utg000089l	100.0		True
unknown
504677	504812	216124	215989	NC_057384.1	utg000089l	98.53		True
unknown
504438	504608	216363	216193	NC_057384.1	utg000089l	98.25		True
unknown
503543	503714	217258	217087	NC_057384.1	utg000089l	99.42		True
unknown
502876	503145	217905	217636	NC_057384.1	utg000089l	100.0		True
unknown
502643	502781	218143	218005	NC_057384.1	utg000089l	98.56		True
unknown
502448	502550	218341	218239	NC_057384.1	utg000089l	100.0		True
unknown
497969	498132	222740	222577	NC_057384.1	utg000089l	100.0		True
unknown
497795	497964	222915	222746	NC_057384.1	utg000089l	95.88		True
unknown
495763	495920	224910	224753	NC_057384.1	utg000089l	100.0		True
unknown
495535	495668	225139	225006	NC_057384.1	utg000089l	97.76		True
unknown
494347	494518	226320	226149	NC_057384.1	utg000089l	97.67		True
unknown
455881	455969	265091	265003	NC_057384.1	utg000089l	100.0		True
unknown
447260	447352	295094	295002	NC_057384.1	utg000089l	100.0		True
unknown
443439	443532	298840	298747	NC_057384.1	utg000089l	97.87		True
unknown
440245	440329	301459	301374	NC_057384.1	utg000089l	98.84		True
unknown
435879	436017	305189	305051	NC_057384.1	utg000089l	100.0		True
unknown
434342	434431	306699	306610	NC_057384.1	utg000089l	100.0		True
unknown
433250	433316	307769	307703	NC_057384.1	utg000089l	100.0		True
unknown
429280	429361	311648	311567	NC_057384.1	utg000089l	100.0		True
unknown
428235	428391	312661	312505	NC_057384.1	utg000089l	100.0		True
unknown
427708	427805	313195	313098	NC_057384.1	utg000089l	98.98		True
unknown
426322	426439	314580	314463	NC_057384.1	utg000089l	100.0		True
unknown
424005	424118	316884	316771	NC_057384.1	utg000089l	99.12		True
unknown
422741	422850	318148	318039	NC_057384.1	utg000089l	97.27		True
unknown
422424	422488	318460	318396	NC_057384.1	utg000089l	100.0		True
unknown
413980	414269	323172	322883	NC_057384.1	utg000089l	99.66		True
unknown
413673	413932	323484	323225	NC_057384.1	utg000089l	96.92		True
unknown
3535336	3535631	374314	374609	NC_057385.1	utg000089l	95.61		True
unknown
3535928	3536131	374917	375120	NC_057385.1	utg000089l	96.08		True
unknown
3536147	3536224	375136	375213	NC_057385.1	utg000089l	98.72		True
unknown
308375	308464	412087	412176	NC_057384.1	utg000089l	98.89		True
unknown
309396	309570	413084	413258	NC_057384.1	utg000089l	98.29		True
unknown
309577	309719	413263	413405	NC_057384.1	utg000089l	98.6		True
unknown
310006	310186	413681	413861	NC_057384.1	utg000089l	100.0		True
unknown
310789	310871	414458	414540	NC_057384.1	utg000089l	100.0		True
unknown
CONTIG	utg000089l	519422	mis_unaligned
CONTIG	utg000239l	45638	unaligned
CONTIG	utg000618l	47735	unaligned
CONTIG	utg000031l	45936	unaligned
CONTIG	utg000666l	53470	unaligned
CONTIG	utg000401l	47937	unaligned
1956170	1956531	14987	15351	NC_057379.1	utg000329l	96.45		True
unknown
871974	872052	17019	16941	NC_057382.1	utg000329l	96.2		True
unknown
871810	871886	17185	17109	NC_057382.1	utg000329l	97.4		True
unknown
871682	871808	17312	17186	NC_057382.1	utg000329l	97.64		True
unknown
871485	871557	17511	17439	NC_057382.1	utg000329l	95.89		True
unknown
CONTIG	utg000329l	45912	mis_unaligned
CONTIG	utg000209l	50087	unaligned
CONTIG	utg000574l	50319	unaligned
CONTIG	utg000419l	46233	unaligned
2730649	2730726	5065	4988	NC_057385.1	utg000003l	100.0		True
unknown
2728884	2729098	6833	6619	NC_057385.1	utg000003l	96.74		True
unknown
2726786	2726981	8908	8713	NC_057385.1	utg000003l	98.47		True
unknown
2769599	2769752	52742	52893	NC_057385.1	utg000003l	98.7		True
unknown
2770141	2770232	53241	53332	NC_057385.1	utg000003l	100.0		True
unknown
2770982	2771092	54062	54172	NC_057385.1	utg000003l	100.0		True
unknown
2772430	2772532	55501	55603	NC_057385.1	utg000003l	100.0		True
unknown
2773021	2773101	56084	56164	NC_057385.1	utg000003l	100.0		True
unknown
2773565	2773646	56630	56711	NC_057385.1	utg000003l	100.0		True
unknown
2773994	2774123	57059	57188	NC_057385.1	utg000003l	95.38		True
unknown
2775053	2775162	58089	58198	NC_057385.1	utg000003l	100.0		True
unknown
2775533	2775623	58560	58650	NC_057385.1	utg000003l	100.0		True
unknown
2775970	2776184	59004	59219	NC_057385.1	utg000003l	99.54		True
unknown
2776637	2776749	59670	59782	NC_057385.1	utg000003l	100.0		True
unknown
2782979	2783221	66062	66304	NC_057385.1	utg000003l	95.47		True
unknown
2783471	2783595	66556	66680	NC_057385.1	utg000003l	100.0		True
unknown
2783748	2783897	66838	66987	NC_057385.1	utg000003l	100.0		True
unknown
2785987	2786158	69010	69181	NC_057385.1	utg000003l	100.0		True
unknown
2786277	2786420	69309	69452	NC_057385.1	utg000003l	99.31		True
unknown
2789230	2789309	72225	72304	NC_057385.1	utg000003l	100.0		True
unknown
2789643	2789739	72632	72728	NC_057385.1	utg000003l	100.0		True
unknown
2793959	2794142	76943	77126	NC_057385.1	utg000003l	98.92		True
unknown
2797394	2797469	80360	80435	NC_057385.1	utg000003l	96.05		True
unknown
2799217	2799314	82189	82286	NC_057385.1	utg000003l	100.0		True
unknown
2800196	2800271	83167	83242	NC_057385.1	utg000003l	100.0		True
unknown
2801382	2801545	84343	84506	NC_057385.1	utg000003l	100.0		True
unknown
2801868	2801966	84837	84935	NC_057385.1	utg000003l	96.97		True
unknown
2803226	2803535	88178	88486	NC_057385.1	utg000003l	95.82		True
unknown
2804352	2804423	89307	89378	NC_057385.1	utg000003l	100.0		True
unknown
2806596	2806701	91598	91703	NC_057385.1	utg000003l	99.06		True
unknown
2814708	2814860	99796	99948	NC_057385.1	utg000003l	100.0		True
unknown
2814971	2815038	100056	100123	NC_057385.1	utg000003l	97.06		True
unknown
2815916	2816034	100995	101113	NC_057385.1	utg000003l	100.0		True
unknown
2817286	2817398	102353	102465	NC_057385.1	utg000003l	100.0		True
unknown
2818031	2818161	103071	103201	NC_057385.1	utg000003l	100.0		True
unknown
2819751	2819822	104679	104750	NC_057385.1	utg000003l	100.0		True
unknown
2820128	2820238	105036	105146	NC_057385.1	utg000003l	100.0		True
unknown
2820407	2820479	105317	105389	NC_057385.1	utg000003l	100.0		True
unknown
2821874	2821971	106644	106741	NC_057385.1	utg000003l	100.0		True
unknown
2822389	2822540	107156	107307	NC_057385.1	utg000003l	100.0		True
unknown
2822978	2823054	107742	107818	NC_057385.1	utg000003l	100.0		True
unknown
2823805	2823904	108556	108655	NC_057385.1	utg000003l	100.0		True
unknown
2825809	2825927	110557	110674	NC_057385.1	utg000003l	99.16		True
unknown
2828582	2828651	113341	113410	NC_057385.1	utg000003l	100.0		True
unknown
2829258	2829383	114016	114141	NC_057385.1	utg000003l	100.0		True
unknown
2834636	2834731	119376	119471	NC_057385.1	utg000003l	100.0		True
unknown
2846968	2847046	132472	132550	NC_057385.1	utg000003l	97.47		True
unknown
2849333	2849417	134914	134998	NC_057385.1	utg000003l	100.0		True
unknown
2850125	2850269	135686	135830	NC_057385.1	utg000003l	97.93		True
unknown
2850429	2850566	135990	136127	NC_057385.1	utg000003l	97.1		True
unknown
2850600	2850720	136154	136274	NC_057385.1	utg000003l	96.69		True
unknown
2850835	2850906	136389	136460	NC_057385.1	utg000003l	98.61		True
unknown
2850910	2851049	136462	136601	NC_057385.1	utg000003l	97.14		True
unknown
2852708	2852980	138266	138538	NC_057385.1	utg000003l	100.0		True
unknown
2853254	2853361	138809	138916	NC_057385.1	utg000003l	100.0		True
unknown
2854591	2854729	140125	140263	NC_057385.1	utg000003l	97.84		True
unknown
2856288	2856372	141791	141876	NC_057385.1	utg000003l	98.84		True
unknown
2857055	2857158	142555	142658	NC_057385.1	utg000003l	100.0		True
unknown
2857862	2857945	143343	143426	NC_057385.1	utg000003l	100.0		True
unknown
2863039	2863121	146693	146775	NC_057385.1	utg000003l	100.0		True
unknown
2864583	2864647	148228	148292	NC_057385.1	utg000003l	100.0		True
unknown
2870664	2870747	153336	153419	NC_057385.1	utg000003l	98.81		True
unknown
2872140	2872215	154799	154874	NC_057385.1	utg000003l	100.0		True
unknown
2873330	2873432	155978	156080	NC_057385.1	utg000003l	100.0		True
unknown
2885514	2885636	163887	164009	NC_057385.1	utg000003l	100.0		True
unknown
2889675	2889893	167965	168181	NC_057385.1	utg000003l	96.38		True
unknown
2891795	2891899	170126	170230	NC_057385.1	utg000003l	100.0		True
unknown
2894100	2894194	172414	172508	NC_057385.1	utg000003l	100.0		True
unknown
2899980	2900060	179006	179086	NC_057385.1	utg000003l	98.77		True
unknown
2900953	2901018	179976	180041	NC_057385.1	utg000003l	100.0		True
unknown
2909328	2909405	188387	188464	NC_057385.1	utg000003l	100.0		True
unknown
2918043	2918149	197176	197282	NC_057385.1	utg000003l	99.07		True
unknown
2918304	2918583	197436	197715	NC_057385.1	utg000003l	98.21		True
unknown
2919044	2919144	198172	198272	NC_057385.1	utg000003l	100.0		True
unknown
2919548	2919668	198668	198788	NC_057385.1	utg000003l	95.87		True
unknown
2921784	2921851	200818	200885	NC_057385.1	utg000003l	100.0		True
unknown
2924052	2924186	202916	203050	NC_057385.1	utg000003l	99.26		True
unknown
2926414	2926491	205229	205306	NC_057385.1	utg000003l	97.44		True
unknown
2927271	2927402	206082	206213	NC_057385.1	utg000003l	95.45		True
unknown
2927574	2927667	206392	206485	NC_057385.1	utg000003l	97.87		True
unknown
2928617	2928821	207443	207647	NC_057385.1	utg000003l	98.54		True
unknown
2928822	2928968	207649	207795	NC_057385.1	utg000003l	100.0		True
unknown
2928969	2929034	207797	207862	NC_057385.1	utg000003l	100.0		True
unknown
2929035	2929186	207864	208015	NC_057385.1	utg000003l	96.05		True
unknown
2929195	2929269	208021	208095	NC_057385.1	utg000003l	96.0		True
unknown
2929752	2929865	208569	208682	NC_057385.1	utg000003l	100.0		True
unknown
2931825	2931913	210650	210739	NC_057385.1	utg000003l	97.78		True
unknown
2933390	2933469	212238	212317	NC_057385.1	utg000003l	100.0		True
unknown
2935837	2936021	214610	214796	NC_057385.1	utg000003l	98.4		True
unknown
2937039	2937135	215824	215921	NC_057385.1	utg000003l	98.98		True
unknown
2984620	2984823	228151	227948	NC_057385.1	utg000003l	98.04		True
unknown
2983944	2984166	228823	228601	NC_057385.1	utg000003l	99.1		True
unknown
2983330	2983415	229433	229348	NC_057385.1	utg000003l	97.67		True
unknown
2982722	2982835	230027	229914	NC_057385.1	utg000003l	100.0		True
unknown
2980717	2980828	231996	231885	NC_057385.1	utg000003l	100.0		True
unknown
2979626	2979708	232980	232898	NC_057385.1	utg000003l	98.8		True
unknown
2978952	2979076	233660	233536	NC_057385.1	utg000003l	98.4		True
unknown
2978607	2978735	233964	233836	NC_057385.1	utg000003l	98.45		True
unknown
2976161	2976281	236265	236142	NC_057385.1	utg000003l	97.58		True
unknown
2970677	2970774	241601	241504	NC_057385.1	utg000003l	100.0		True
unknown
2969467	2969567	242767	242667	NC_057385.1	utg000003l	100.0		True
unknown
2968877	2968949	243347	243275	NC_057385.1	utg000003l	100.0		True
unknown
2966988	2967055	245255	245188	NC_057385.1	utg000003l	100.0		True
unknown
2966007	2966120	246225	246112	NC_057385.1	utg000003l	99.12		True
unknown
2961972	2962121	250138	249987	NC_057385.1	utg000003l	98.03		True
unknown
2956972	2957045	255034	254961	NC_057385.1	utg000003l	100.0		True
unknown
2956666	2956782	255345	255229	NC_057385.1	utg000003l	100.0		True
unknown
2955367	2955448	256603	256522	NC_057385.1	utg000003l	98.78		True
unknown
2948691	2948790	263139	263039	NC_057385.1	utg000003l	99.01		True
unknown
2990040	2990154	273920	274034	NC_057385.1	utg000003l	99.13		True
unknown
2991456	2991592	275304	275440	NC_057385.1	utg000003l	100.0		True
unknown
2993515	2993598	277300	277383	NC_057385.1	utg000003l	100.0		True
unknown
2994683	2994825	278471	278613	NC_057385.1	utg000003l	100.0		True
unknown
2996355	2996427	280135	280206	NC_057385.1	utg000003l	98.63		True
unknown
2996864	2996943	280626	280705	NC_057385.1	utg000003l	100.0		True
unknown
2997912	2998018	281682	281788	NC_057385.1	utg000003l	100.0		True
unknown
3001594	3001667	285373	285446	NC_057385.1	utg000003l	100.0		True
unknown
3003066	3003164	286837	286935	NC_057385.1	utg000003l	100.0		True
unknown
3004244	3004400	288017	288173	NC_057385.1	utg000003l	97.45		True
unknown
3008475	3008560	292196	292281	NC_057385.1	utg000003l	98.84		True
unknown
3010336	3010409	294120	294193	NC_057385.1	utg000003l	100.0		True
unknown
3010556	3010637	294332	294413	NC_057385.1	utg000003l	98.78		True
unknown
3011018	3011184	294815	294981	NC_057385.1	utg000003l	100.0		True
unknown
3016658	3016734	300135	300211	NC_057385.1	utg000003l	100.0		True
unknown
3019062	3019205	302541	302688	NC_057385.1	utg000003l	97.3		True
unknown
3020950	3021035	304472	304557	NC_057385.1	utg000003l	98.84		True
unknown
3021248	3021342	304758	304852	NC_057385.1	utg000003l	100.0		True
unknown
3036776	3036847	319827	319898	NC_057385.1	utg000003l	100.0		True
unknown
3037459	3037563	320490	320594	NC_057385.1	utg000003l	100.0		True
unknown
3045007	3045087	327978	328058	NC_057385.1	utg000003l	100.0		True
unknown
3046921	3047265	329896	330239	NC_057385.1	utg000003l	95.36		True
unknown
3048647	3048787	331633	331773	NC_057385.1	utg000003l	97.16		True
unknown
3049440	3049556	332434	332550	NC_057385.1	utg000003l	97.44		True
unknown
3054154	3054241	337162	337249	NC_057385.1	utg000003l	100.0		True
unknown
3054395	3054460	337398	337463	NC_057385.1	utg000003l	100.0		True
unknown
3054582	3054711	337586	337715	NC_057385.1	utg000003l	97.69		True
unknown
3055186	3055253	338163	338230	NC_057385.1	utg000003l	100.0		True
unknown
3056170	3056258	339162	339250	NC_057385.1	utg000003l	100.0		True
unknown
3057418	3057505	340346	340433	NC_057385.1	utg000003l	100.0		True
unknown
3058676	3058742	341571	341637	NC_057385.1	utg000003l	95.52		True
unknown
3059487	3059610	342289	342412	NC_057385.1	utg000003l	98.39		True
unknown
3061945	3062095	344525	344675	NC_057385.1	utg000003l	95.36		True
unknown
3063153	3063267	345713	345827	NC_057385.1	utg000003l	100.0		True
unknown
3063830	3063995	346379	346544	NC_057385.1	utg000003l	95.78		True
unknown
3064172	3064322	346741	346891	NC_057385.1	utg000003l	100.0		True
unknown
3067359	3067527	349904	350072	NC_057385.1	utg000003l	97.04		True
unknown
3067769	3067902	350294	350427	NC_057385.1	utg000003l	97.76		True
unknown
3070226	3070397	352754	352925	NC_057385.1	utg000003l	99.42		True
unknown
3070865	3070992	353396	353523	NC_057385.1	utg000003l	99.22		True
unknown
3071398	3071531	353939	354072	NC_057385.1	utg000003l	99.25		True
unknown
3077532	3077632	359181	359281	NC_057385.1	utg000003l	100.0		True
unknown
3077633	3077755	359283	359405	NC_057385.1	utg000003l	100.0		True
unknown
3077944	3078026	359590	359672	NC_057385.1	utg000003l	95.18		True
unknown
3079336	3079622	360998	361284	NC_057385.1	utg000003l	95.82		True
unknown
3080609	3080723	362252	362367	NC_057385.1	utg000003l	98.28		True
unknown
3081207	3081341	362861	362995	NC_057385.1	utg000003l	100.0		True
unknown
3081653	3081818	363323	363488	NC_057385.1	utg000003l	98.19		True
unknown
3082521	3082648	364189	364316	NC_057385.1	utg000003l	98.44		True
unknown
3082683	3082766	364350	364433	NC_057385.1	utg000003l	95.24		True
unknown
3093274	3093530	375691	375947	NC_057385.1	utg000003l	99.22		True
unknown
3093630	3093734	376026	376130	NC_057385.1	utg000003l	100.0		True
unknown
3093766	3093864	376157	376255	NC_057385.1	utg000003l	96.97		True
unknown
3093866	3094015	376256	376405	NC_057385.1	utg000003l	97.33		True
unknown
3094034	3094183	376422	376571	NC_057385.1	utg000003l	97.33		True
unknown
3094764	3094879	377125	377240	NC_057385.1	utg000003l	97.41		True
unknown
3103946	3104029	385838	385921	NC_057385.1	utg000003l	100.0		True
unknown
3106417	3106507	388299	388389	NC_057385.1	utg000003l	96.7		True
unknown
3106973	3107108	388849	388984	NC_057385.1	utg000003l	100.0		True
unknown
3113437	3113511	395326	395400	NC_057385.1	utg000003l	100.0		True
unknown
3113663	3113781	395540	395658	NC_057385.1	utg000003l	95.8		True
unknown
3114096	3114247	395975	396126	NC_057385.1	utg000003l	95.39		True
unknown
3114265	3114350	396141	396226	NC_057385.1	utg000003l	100.0		True
unknown
3115637	3115785	397460	397608	NC_057385.1	utg000003l	100.0		True
unknown
3116352	3116469	398178	398295	NC_057385.1	utg000003l	100.0		True
unknown
3116822	3116957	398641	398776	NC_057385.1	utg000003l	100.0		True
unknown
3118420	3118642	400171	400393	NC_057385.1	utg000003l	98.21		True
unknown
3119812	3119955	401572	401715	NC_057385.1	utg000003l	95.83		True
unknown
3119993	3120087	401752	401846	NC_057385.1	utg000003l	96.84		True
unknown
3120463	3120539	402217	402293	NC_057385.1	utg000003l	97.4		True
unknown
3131257	3131368	409171	409282	NC_057385.1	utg000003l	99.11		True
unknown
3134202	3134334	412117	412249	NC_057385.1	utg000003l	100.0		True
unknown
3139713	3139802	417083	417172	NC_057385.1	utg000003l	100.0		True
unknown
3141681	3141812	419060	419191	NC_057385.1	utg000003l	98.48		True
unknown
3160281	3160367	437631	437717	NC_057385.1	utg000003l	100.0		True
unknown
3164578	3164670	441905	441997	NC_057385.1	utg000003l	98.92		True
unknown
3165649	3165753	442996	443100	NC_057385.1	utg000003l	100.0		True
unknown
3168391	3168512	445844	445965	NC_057385.1	utg000003l	99.18		True
unknown
3170069	3170151	447520	447602	NC_057385.1	utg000003l	95.18		True
unknown
3170886	3170990	448339	448443	NC_057385.1	utg000003l	100.0		True
unknown
3171870	3172006	449274	449410	NC_057385.1	utg000003l	100.0		True
unknown
3172343	3172472	449762	449891	NC_057385.1	utg000003l	97.69		True
unknown
3172565	3172644	449974	450053	NC_057385.1	utg000003l	100.0		True
unknown
3174717	3174880	452121	452283	NC_057385.1	utg000003l	96.97		True
unknown
3178241	3178327	455693	455779	NC_057385.1	utg000003l	95.4		True
unknown
3181214	3181309	458559	458654	NC_057385.1	utg000003l	100.0		True
unknown
3193645	3193778	469865	469998	NC_057385.1	utg000003l	100.0		True
unknown
3193994	3194129	470206	470341	NC_057385.1	utg000003l	100.0		True
unknown
3197222	3197297	473311	473386	NC_057385.1	utg000003l	96.05		True
unknown
3246603	3246783	522237	522421	NC_057385.1	utg000003l	96.77		True
unknown
3247185	3247324	522822	522961	NC_057385.1	utg000003l	100.0		True
unknown
3247865	3247974	523524	523633	NC_057385.1	utg000003l	98.18		True
unknown
3250305	3250383	525995	526073	NC_057385.1	utg000003l	100.0		True
unknown
3250384	3250581	526075	526272	NC_057385.1	utg000003l	98.48		True
unknown
3250865	3250999	526556	526690	NC_057385.1	utg000003l	100.0		True
unknown
3251034	3251118	526727	526811	NC_057385.1	utg000003l	98.82		True
unknown
3251135	3251369	526826	527060	NC_057385.1	utg000003l	96.17		True
unknown
3251665	3251760	527361	527456	NC_057385.1	utg000003l	100.0		True
unknown
3252245	3252360	527933	528048	NC_057385.1	utg000003l	100.0		True
unknown
3254352	3254426	530044	530118	NC_057385.1	utg000003l	100.0		True
unknown
3255078	3255166	530771	530858	NC_057385.1	utg000003l	98.88		True
unknown
CONTIG	utg000003l	533978	mis_unaligned
CONTIG	utg000459l	45687	unaligned
1907409	1907553	36782	36638	NC_057371.1	utg000238l	96.55		True
CONTIG	utg000238l	53356	correct_unaligned
CONTIG	utg000472l	54638	unaligned
316534	316739	5950	6155	NC_057381.1	utg000082l	97.09		True
unknown
318325	318414	7725	7814	NC_057381.1	utg000082l	97.78		True
unknown
318621	318703	8017	8099	NC_057381.1	utg000082l	95.18		True
unknown
319065	319182	8449	8567	NC_057381.1	utg000082l	99.16		True
unknown
CONTIG	utg000082l	54717	mis_unaligned
CONTIG	utg000399l	45741	unaligned
CONTIG	utg000265l	49029	unaligned
3312949	3313033	28510	28594	NC_057385.1	utg000232l	97.65		True
CONTIG	utg000232l	46304	correct_unaligned
614490	614598	41163	41055	NC_057382.1	utg000331l	100.0		True
unknown
614185	614318	41472	41339	NC_057382.1	utg000331l	97.76		True
unknown
606458	606558	48739	48639	NC_057382.1	utg000331l	100.0		True
unknown
CONTIG	utg000331l	53256	mis_unaligned
CONTIG	utg000447l	54807	unaligned
CONTIG	utg000014l	47211	unaligned
CONTIG	utg000635l	48822	unaligned
CONTIG	utg000662l	45050	unaligned
CONTIG	utg000210l	44825	unaligned
CONTIG	utg000567l	50732	unaligned
CONTIG	utg000381l	49076	unaligned
CONTIG	utg000432l	54550	unaligned
CONTIG	utg000723l	5281	unaligned
1413531	1413629	2194	2292	NC_057374.1	utg000247l	100.0		True
unknown
1416867	1416957	5558	5649	NC_057374.1	utg000247l	98.91		True
unknown
1418149	1418228	6842	6921	NC_057374.1	utg000247l	98.75		True
unknown
1418931	1419013	7640	7722	NC_057374.1	utg000247l	100.0		True
unknown
1426167	1426250	14944	15028	NC_057374.1	utg000247l	98.82		True
unknown
1427670	1427734	16472	16536	NC_057374.1	utg000247l	100.0		True
unknown
1431442	1431523	20074	20155	NC_057374.1	utg000247l	100.0		True
unknown
1434244	1434351	21278	21385	NC_057374.1	utg000247l	100.0		True
unknown
1434645	1434725	21627	21707	NC_057374.1	utg000247l	100.0		True
unknown
1434850	1434991	21824	21965	NC_057374.1	utg000247l	100.0		True
unknown
1438449	1438530	24851	24933	NC_057374.1	utg000247l	98.8		True
unknown
CONTIG	utg000247l	53403	mis_unaligned
2058549	2058729	94227	94047	NC_057376.1	utg000113l	96.69		True
unknown
2057012	2057116	95766	95662	NC_057376.1	utg000113l	100.0		True
unknown
2054661	2054733	98319	98247	NC_057376.1	utg000113l	100.0		True
unknown
2052298	2052425	100595	100468	NC_057376.1	utg000113l	95.31		True
unknown
2052179	2052250	100711	100640	NC_057376.1	utg000113l	97.22		True
unknown
2052047	2052145	100841	100743	NC_057376.1	utg000113l	96.97		True
unknown
2051268	2051368	101617	101517	NC_057376.1	utg000113l	100.0		True
unknown
2049850	2049957	102935	102828	NC_057376.1	utg000113l	100.0		True
unknown
2034407	2034504	150271	150177	NC_057376.1	utg000113l	96.94		True
unknown
2031490	2031571	153042	152961	NC_057376.1	utg000113l	100.0		True
unknown
2031011	2031094	153505	153422	NC_057376.1	utg000113l	100.0		True
unknown
2030495	2030631	154037	153901	NC_057376.1	utg000113l	100.0		True
unknown
2015591	2015716	167498	167373	NC_057376.1	utg000113l	99.21		True
unknown
2012723	2012797	170353	170279	NC_057376.1	utg000113l	100.0		True
unknown
2012613	2012722	170464	170355	NC_057376.1	utg000113l	99.09		True
unknown
2012297	2012371	170775	170701	NC_057376.1	utg000113l	100.0		True
unknown
2003845	2003952	174622	174513	NC_057376.1	utg000113l	98.18		True
unknown
2002409	2002514	176045	175940	NC_057376.1	utg000113l	96.23		True
unknown
2002174	2002335	176283	176122	NC_057376.1	utg000113l	98.77		True
unknown
1969078	1969142	209115	209051	NC_057376.1	utg000113l	100.0		True
unknown
1958824	1958922	219285	219187	NC_057376.1	utg000113l	100.0		True
unknown
1908862	1908932	269847	269777	NC_057376.1	utg000113l	100.0		True
unknown
1829838	1829949	293317	293205	NC_057376.1	utg000113l	99.12		True
unknown
1824466	1824538	298509	298437	NC_057376.1	utg000113l	100.0		True
unknown
1822224	1822354	300794	300664	NC_057376.1	utg000113l	100.0		True
unknown
1816441	1816560	303613	303494	NC_057376.1	utg000113l	95.83		True
unknown
1815994	1816148	304067	303913	NC_057376.1	utg000113l	100.0		True
unknown
1814075	1814159	305976	305892	NC_057376.1	utg000113l	100.0		True
unknown
1790490	1790581	336911	336820	NC_057376.1	utg000113l	100.0		True
unknown
1786264	1786380	341130	341014	NC_057376.1	utg000113l	100.0		True
unknown
1784368	1784489	343012	342891	NC_057376.1	utg000113l	100.0		True
unknown
1764766	1764891	362491	362366	NC_057376.1	utg000113l	100.0		True
unknown
1763231	1763347	363977	363861	NC_057376.1	utg000113l	100.0		True
unknown
1761776	1761887	365163	365052	NC_057376.1	utg000113l	99.11		True
unknown
1760978	1761056	365902	365824	NC_057376.1	utg000113l	100.0		True
unknown
1759283	1759438	367508	367353	NC_057376.1	utg000113l	98.08		True
unknown
1759067	1759145	367722	367644	NC_057376.1	utg000113l	100.0		True
unknown
1758601	1758756	368107	367952	NC_057376.1	utg000113l	100.0		True
unknown
1756122	1756198	370435	370359	NC_057376.1	utg000113l	100.0		True
unknown
1713574	1713692	419943	419825	NC_057376.1	utg000113l	100.0		True
unknown
1713275	1713471	420238	420042	NC_057376.1	utg000113l	95.43		True
unknown
1690979	1691051	447338	447266	NC_057376.1	utg000113l	100.0		True
unknown
1683612	1683690	454573	454495	NC_057376.1	utg000113l	100.0		True
unknown
1682232	1682338	456285	456179	NC_057376.1	utg000113l	99.07		True
unknown
1681023	1681132	457505	457396	NC_057376.1	utg000113l	100.0		True
unknown
CONTIG	utg000113l	457609	mis_unaligned
CONTIG	utg000339l	51712	unaligned
403210	403274	184535	184471	NC_057371.1	utg000010l	100.0		True
unknown
398397	398476	189094	189015	NC_057371.1	utg000010l	100.0		True
unknown
397215	397355	190270	190130	NC_057371.1	utg000010l	99.29		True
unknown
397070	397214	190418	190274	NC_057371.1	utg000010l	98.62		True
unknown
389195	389370	195069	194894	NC_057371.1	utg000010l	96.02		True
unknown
388948	389078	195298	195168	NC_057371.1	utg000010l	100.0		True
unknown
386397	386500	197815	197712	NC_057371.1	utg000010l	100.0		True
unknown
296341	296440	233099	233198	NC_057371.1	utg000010l	100.0		True
unknown
296627	296791	233379	233543	NC_057371.1	utg000010l	98.79		True
unknown
296929	297017	233676	233764	NC_057371.1	utg000010l	100.0		True
unknown
297587	297681	234314	234408	NC_057371.1	utg000010l	100.0		True
unknown
448293	448390	263676	263773	NC_057371.1	utg000010l	100.0		True
unknown
450000	450071	265412	265483	NC_057371.1	utg000010l	100.0		True
unknown
454588	454724	269960	270096	NC_057371.1	utg000010l	97.08		True
unknown
454920	455003	270293	270376	NC_057371.1	utg000010l	100.0		True
unknown
477085	477187	296200	296302	NC_057371.1	utg000010l	100.0		True
unknown
487072	487150	305682	305761	NC_057371.1	utg000010l	98.75		True
unknown
487516	487615	306142	306242	NC_057371.1	utg000010l	99.01		True
unknown
488010	488132	306624	306746	NC_057371.1	utg000010l	96.75		True
unknown
488176	488288	306803	306915	NC_057371.1	utg000010l	96.46		True
unknown
506723	506825	317135	317237	NC_057371.1	utg000010l	100.0		True
unknown
507491	507584	317900	317993	NC_057371.1	utg000010l	100.0		True
unknown
509332	509456	319790	319915	NC_057371.1	utg000010l	98.41		True
unknown
385132	385263	371900	371768	NC_057371.1	utg000010l	96.99		True
unknown
384640	384748	372392	372285	NC_057371.1	utg000010l	99.08		True
unknown
383645	383843	373386	373189	NC_057371.1	utg000010l	97.0		True
unknown
383048	383280	373993	373757	NC_057371.1	utg000010l	95.82		True
unknown
382548	382629	374473	374392	NC_057371.1	utg000010l	100.0		True
unknown
381988	382197	375032	374823	NC_057371.1	utg000010l	96.67		True
unknown
381694	381859	375326	375161	NC_057371.1	utg000010l	96.39		True
unknown
380480	380688	376529	376321	NC_057371.1	utg000010l	95.69		True
unknown
379847	379946	377155	377056	NC_057371.1	utg000010l	100.0		True
unknown
379368	379439	377637	377566	NC_057371.1	utg000010l	100.0		True
unknown
557448	557565	392838	392955	NC_057371.1	utg000010l	100.0		True
unknown
557993	558119	393386	393512	NC_057371.1	utg000010l	100.0		True
unknown
558641	558758	394026	394143	NC_057371.1	utg000010l	97.46		True
unknown
561078	561194	427482	427598	NC_057371.1	utg000010l	98.29		True
unknown
562302	562459	428704	428861	NC_057371.1	utg000010l	95.57		True
unknown
CONTIG	utg000010l	459131	mis_unaligned
CONTIG	utg000185l	49137	unaligned
129682	129765	29765	29848	NC_057371.1	utg000151l	100.0		True
unknown
134971	135065	34993	35087	NC_057371.1	utg000151l	98.95		True
unknown
135172	135272	35188	35288	NC_057371.1	utg000151l	99.01		True
unknown
CONTIG	utg000151l	52175	mis_unaligned
CONTIG	utg000345l	45052	unaligned
CONTIG	utg000298l	53024	unaligned
CONTIG	utg000643l	52311	unaligned
CONTIG	utg000609l	50769	unaligned
CONTIG	utg000580l	51405	unaligned
CONTIG	utg000110l	44743	unaligned
863616	863757	10121	9980	NC_057382.1	utg000085l	95.77		True
unknown
863431	863501	10306	10236	NC_057382.1	utg000085l	97.18		True
unknown
863164	863240	10569	10493	NC_057382.1	utg000085l	97.4		True
unknown
486486	486552	81378	81312	NC_057374.1	utg000085l	100.0		True
unknown
483759	483892	84015	83882	NC_057374.1	utg000085l	100.0		True
unknown
481236	481379	86494	86351	NC_057374.1	utg000085l	97.22		True
unknown
478042	478161	89665	89547	NC_057374.1	utg000085l	97.5		True
unknown
438170	438253	128825	128742	NC_057374.1	utg000085l	100.0		True
unknown
437616	437710	129370	129276	NC_057374.1	utg000085l	100.0		True
unknown
363518	363602	213700	213616	NC_057374.1	utg000085l	98.82		True
unknown
362937	363009	214260	214188	NC_057374.1	utg000085l	100.0		True
unknown
347086	347190	229395	229290	NC_057374.1	utg000085l	99.06		True
unknown
346335	346447	230175	230063	NC_057374.1	utg000085l	100.0		True
unknown
345180	345308	231326	231199	NC_057374.1	utg000085l	99.22		True
unknown
338406	338525	238583	238464	NC_057374.1	utg000085l	100.0		True
unknown
337794	337982	239190	239002	NC_057374.1	utg000085l	96.83		True
unknown
337621	337791	239361	239191	NC_057374.1	utg000085l	96.49		True
unknown
337525	337617	239456	239364	NC_057374.1	utg000085l	95.7		True
unknown
337337	337436	239648	239549	NC_057374.1	utg000085l	95.0		True
unknown
336886	336960	240101	240027	NC_057374.1	utg000085l	100.0		True
unknown
258488	258714	303254	303028	NC_057374.1	utg000085l	96.48		True
unknown
257996	258174	303738	303560	NC_057374.1	utg000085l	97.77		True
unknown
257866	257952	303875	303789	NC_057374.1	utg000085l	98.85		True
unknown
250164	250242	312747	312670	NC_057374.1	utg000085l	98.73		True
unknown
243586	243691	319288	319183	NC_057374.1	utg000085l	100.0		True
unknown
242850	242961	320002	319891	NC_057374.1	utg000085l	100.0		True
unknown
242434	242531	320411	320314	NC_057374.1	utg000085l	98.98		True
unknown
241748	241844	321102	321006	NC_057374.1	utg000085l	100.0		True
unknown
173267	173360	337664	337571	NC_057374.1	utg000085l	98.94		True
unknown
172911	173050	338029	337890	NC_057374.1	utg000085l	95.71		True
unknown
171937	172019	339005	338923	NC_057374.1	utg000085l	100.0		True
unknown
CONTIG	utg000085l	529170	mis_unaligned
CONTIG	utg000337l	50718	unaligned
CONTIG	utg000441l	45173	unaligned
CONTIG	utg000406l	53679	unaligned
CONTIG	utg000783l	50382	unaligned
983357	983490	3876	3743	NC_057381.1	utg000011l	95.52		True
unknown
979666	979792	7673	7547	NC_057381.1	utg000011l	100.0		True
unknown
979211	979280	8123	8054	NC_057381.1	utg000011l	100.0		True
unknown
978747	978830	8582	8499	NC_057381.1	utg000011l	100.0		True
unknown
978187	978386	9147	8948	NC_057381.1	utg000011l	95.5		True
unknown
977109	977213	10203	10099	NC_057381.1	utg000011l	98.1		True
unknown
975852	976104	11452	11200	NC_057381.1	utg000011l	100.0		True
unknown
959938	960015	26177	26100	NC_057381.1	utg000011l	100.0		True
unknown
920272	920374	65688	65585	NC_057381.1	utg000011l	99.04		True
unknown
918753	918877	67199	67075	NC_057381.1	utg000011l	97.6		True
unknown
877929	878053	91114	90990	NC_057381.1	utg000011l	100.0		True
unknown
877522	877658	91537	91401	NC_057381.1	utg000011l	96.35		True
unknown
875907	876021	93176	93062	NC_057381.1	utg000011l	95.65		True
unknown
875605	875745	93485	93345	NC_057381.1	utg000011l	95.74		True
unknown
875011	875150	94064	93925	NC_057381.1	utg000011l	97.14		True
unknown
874786	874895	94283	94174	NC_057381.1	utg000011l	96.36		True
unknown
874197	874366	94858	94689	NC_057381.1	utg000011l	97.65		True
unknown
873928	874128	95126	94926	NC_057381.1	utg000011l	100.0		True
unknown
873316	873438	95706	95584	NC_057381.1	utg000011l	100.0		True
unknown
872344	872560	96667	96451	NC_057381.1	utg000011l	95.39		True
unknown
871800	871974	97187	97013	NC_057381.1	utg000011l	98.86		True
unknown
871181	871251	97797	97727	NC_057381.1	utg000011l	95.77		True
unknown
870610	870745	98353	98218	NC_057381.1	utg000011l	96.32		True
unknown
854682	854782	107938	107838	NC_057381.1	utg000011l	100.0		True
unknown
852826	853006	109793	109613	NC_057381.1	utg000011l	98.34		True
unknown
851540	851762	111075	110853	NC_057381.1	utg000011l	99.55		True
unknown
846052	846181	132923	132794	NC_057381.1	utg000011l	100.0		True
unknown
844357	844440	134598	134515	NC_057381.1	utg000011l	100.0		True
unknown
843530	843610	135424	135344	NC_057381.1	utg000011l	100.0		True
unknown
839308	839390	143018	142936	NC_057381.1	utg000011l	100.0		True
unknown
830357	830539	152194	152011	NC_057381.1	utg000011l	96.2		True
unknown
829931	830006	152637	152562	NC_057381.1	utg000011l	100.0		True
unknown
826716	826869	155754	155601	NC_057381.1	utg000011l	99.35		True
unknown
826565	826669	155903	155799	NC_057381.1	utg000011l	97.14		True
unknown
826109	826321	156354	156142	NC_057381.1	utg000011l	98.12		True
unknown
825567	825663	156891	156795	NC_057381.1	utg000011l	98.97		True
unknown
823902	823973	158543	158472	NC_057381.1	utg000011l	100.0		True
unknown
806358	806437	174827	174748	NC_057381.1	utg000011l	98.75		True
unknown
806025	806177	175155	175003	NC_057381.1	utg000011l	100.0		True
unknown
805483	805586	175707	175604	NC_057381.1	utg000011l	100.0		True
unknown
804807	804924	176392	176275	NC_057381.1	utg000011l	100.0		True
unknown
804704	804780	176489	176413	NC_057381.1	utg000011l	96.1		True
unknown
803200	803273	177917	177844	NC_057381.1	utg000011l	95.95		True
unknown
794104	794221	186626	186508	NC_057381.1	utg000011l	99.16		True
unknown
792597	792754	188121	187964	NC_057381.1	utg000011l	98.1		True
unknown
792426	792496	188276	188206	NC_057381.1	utg000011l	100.0		True
unknown
789507	789583	190989	190913	NC_057381.1	utg000011l	100.0		True
unknown
782488	782642	197946	197792	NC_057381.1	utg000011l	99.35		True
unknown
774439	774537	205974	205877	NC_057381.1	utg000011l	98.99		True
unknown
773876	773977	206534	206433	NC_057381.1	utg000011l	100.0		True
unknown
771756	771906	208671	208521	NC_057381.1	utg000011l	98.68		True
unknown
769346	769449	211131	211028	NC_057381.1	utg000011l	98.08		True
unknown
768002	768081	212440	212361	NC_057381.1	utg000011l	100.0		True
unknown
766191	766304	214271	214158	NC_057381.1	utg000011l	100.0		True
unknown
760103	760185	220231	220149	NC_057381.1	utg000011l	100.0		True
unknown
754863	754992	225497	225368	NC_057381.1	utg000011l	100.0		True
unknown
752875	752965	227530	227440	NC_057381.1	utg000011l	100.0		True
unknown
747187	747278	233523	233432	NC_057381.1	utg000011l	100.0		True
unknown
693248	693319	276194	276123	NC_057381.1	utg000011l	100.0		True
unknown
691388	691565	278655	278474	NC_057381.1	utg000011l	97.25		True
unknown
690663	690757	279228	279134	NC_057381.1	utg000011l	100.0		True
unknown
686193	686306	283844	283731	NC_057381.1	utg000011l	100.0		True
unknown
685426	685546	284612	284492	NC_057381.1	utg000011l	99.17		True
unknown
684826	685263	285207	284770	NC_057381.1	utg000011l	99.32		True
unknown
684636	684821	285396	285211	NC_057381.1	utg000011l	98.39		True
unknown
684428	684577	285606	285457	NC_057381.1	utg000011l	100.0		True
unknown
683988	684424	286043	285607	NC_057381.1	utg000011l	99.54		True
unknown
675205	675483	294181	293903	NC_057381.1	utg000011l	100.0		True
unknown
675006	675188	294377	294195	NC_057381.1	utg000011l	100.0		True
unknown
674492	674558	294900	294834	NC_057381.1	utg000011l	100.0		True
unknown
654853	654944	306406	306497	NC_057381.1	utg000011l	100.0		True
unknown
658136	658253	309710	309827	NC_057381.1	utg000011l	99.15		True
unknown
658455	658554	310018	310117	NC_057381.1	utg000011l	100.0		True
unknown
659148	659230	310714	310796	NC_057381.1	utg000011l	100.0		True
unknown
660124	660202	311634	311712	NC_057381.1	utg000011l	98.73		True
unknown
660256	660388	311754	311886	NC_057381.1	utg000011l	96.99		True
unknown
640992	641133	335776	335635	NC_057381.1	utg000011l	100.0		True
unknown
640573	640765	336198	336006	NC_057381.1	utg000011l	98.45		True
unknown
639899	640020	336873	336753	NC_057381.1	utg000011l	99.18		True
unknown
639652	639736	337123	337039	NC_057381.1	utg000011l	98.82		True
unknown
639189	639316	337583	337456	NC_057381.1	utg000011l	99.22		True
unknown
638081	638160	338677	338598	NC_057381.1	utg000011l	97.5		True
unknown
637876	637983	338872	338765	NC_057381.1	utg000011l	98.15		True
unknown
627828	627984	347487	347331	NC_057381.1	utg000011l	99.36		True
unknown
627613	627756	347703	347560	NC_057381.1	utg000011l	95.14		True
unknown
626725	626846	348572	348451	NC_057381.1	utg000011l	97.54		True
unknown
625901	626038	349312	349175	NC_057381.1	utg000011l	97.1		True
unknown
624321	624434	350760	350647	NC_057381.1	utg000011l	100.0		True
unknown
623893	623979	351175	351089	NC_057381.1	utg000011l	98.85		True
unknown
622360	622430	352703	352633	NC_057381.1	utg000011l	100.0		True
unknown
621316	621428	353723	353611	NC_057381.1	utg000011l	100.0		True
unknown
592689	592772	378791	378708	NC_057381.1	utg000011l	100.0		True
unknown
592423	592495	379063	378991	NC_057381.1	utg000011l	100.0		True
unknown
592255	592325	379234	379164	NC_057381.1	utg000011l	95.77		True
unknown
591705	591770	379785	379720	NC_057381.1	utg000011l	100.0		True
unknown
591235	591390	380251	380096	NC_057381.1	utg000011l	100.0		True
unknown
591047	591151	380438	380334	NC_057381.1	utg000011l	99.05		True
unknown
590599	590881	380882	380600	NC_057381.1	utg000011l	95.41		True
unknown
590405	590496	381120	381029	NC_057381.1	utg000011l	100.0		True
unknown
588348	588422	383205	383131	NC_057381.1	utg000011l	100.0		True
unknown
586134	586245	385254	385142	NC_057381.1	utg000011l	95.58		True
unknown
584739	584853	386663	386547	NC_057381.1	utg000011l	95.73		True
unknown
578796	578862	392701	392635	NC_057381.1	utg000011l	100.0		True
unknown
567923	567997	405420	405346	NC_057381.1	utg000011l	98.67		True
unknown
549823	549951	423844	423716	NC_057381.1	utg000011l	100.0		True
unknown
543484	543626	430814	430672	NC_057381.1	utg000011l	100.0		True
unknown
542395	542522	431784	431657	NC_057381.1	utg000011l	98.44		True
unknown
541877	542344	432300	431833	NC_057381.1	utg000011l	96.37		True
unknown
540702	540831	433385	433256	NC_057381.1	utg000011l	100.0		True
unknown
531365	531460	450524	450429	NC_057381.1	utg000011l	100.0		True
unknown
527924	528015	453878	453787	NC_057381.1	utg000011l	98.91		True
unknown
527601	527733	454212	454080	NC_057381.1	utg000011l	95.49		True
unknown
526590	526708	455204	455086	NC_057381.1	utg000011l	99.16		True
unknown
526451	526543	455341	455249	NC_057381.1	utg000011l	100.0		True
unknown
522543	522665	459220	459098	NC_057381.1	utg000011l	96.75		True
unknown
522351	522428	459405	459328	NC_057381.1	utg000011l	100.0		True
unknown
517698	517780	464042	463960	NC_057381.1	utg000011l	100.0		True
unknown
514517	514644	467173	467046	NC_057381.1	utg000011l	97.66		True
unknown
507151	507236	474245	474160	NC_057381.1	utg000011l	95.35		True
unknown
507062	507132	474326	474256	NC_057381.1	utg000011l	98.59		True
unknown
503687	503828	477751	477610	NC_057381.1	utg000011l	97.18		True
unknown
503421	503618	478007	477810	NC_057381.1	utg000011l	95.96		True
unknown
498684	498755	482958	482887	NC_057381.1	utg000011l	100.0		True
unknown
498347	498422	483300	483225	NC_057381.1	utg000011l	100.0		True
unknown
497804	497945	483828	483687	NC_057381.1	utg000011l	96.48		True
unknown
496684	496787	484954	484851	NC_057381.1	utg000011l	100.0		True
unknown
CONTIG	utg000011l	538087	mis_unaligned
2785551	2785616	20226	20161	NC_057371.1	utg000625l	100.0		True
CONTIG	utg000625l	46410	correct_unaligned
2953279	2953370	31663	31572	NC_057372.1	utg000521l	97.83		True
unknown
2952920	2953062	32022	31880	NC_057372.1	utg000521l	95.8		True
unknown
2952288	2952433	32646	32501	NC_057372.1	utg000521l	100.0		True
unknown
2952110	2952228	32824	32706	NC_057372.1	utg000521l	99.16		True
unknown
2951623	2951843	33311	33091	NC_057372.1	utg000521l	98.64		True
unknown
2951319	2951412	33605	33512	NC_057372.1	utg000521l	100.0		True
unknown
2935472	2935545	44506	44433	NC_057372.1	utg000521l	97.3		True
unknown
2933400	2933614	46252	46037	NC_057372.1	utg000521l	97.69		True
unknown
2931790	2931898	47833	47725	NC_057372.1	utg000521l	100.0		True
unknown
CONTIG	utg000521l	49535	mis_unaligned
CONTIG	utg000361l	51030	unaligned
2483720	2483828	14882	14774	NC_057371.1	utg000138l	100.0		True
unknown
2482628	2482765	16057	15920	NC_057371.1	utg000138l	99.28		True
unknown
2480281	2480448	18322	18155	NC_057371.1	utg000138l	99.4		True
unknown
CONTIG	utg000138l	51924	mis_unaligned
CONTIG	utg000228l	54304	unaligned
1137608	1137711	211	314	NC_057376.1	utg000203l	100.0		True
unknown
1138083	1138237	687	841	NC_057376.1	utg000203l	100.0		True
unknown
1138642	1138913	1241	1512	NC_057376.1	utg000203l	96.32		True
unknown
1139844	1139956	2466	2578	NC_057376.1	utg000203l	100.0		True
unknown
1141827	1142222	4424	4819	NC_057376.1	utg000203l	96.47		True
unknown
1142714	1142859	5311	5456	NC_057376.1	utg000203l	99.32		True
unknown
1143042	1143131	5638	5727	NC_057376.1	utg000203l	98.89		True
unknown
1143261	1143493	5857	6089	NC_057376.1	utg000203l	96.14		True
unknown
1143514	1143700	6108	6294	NC_057376.1	utg000203l	98.4		True
unknown
1170374	1170442	35907	35975	NC_057376.1	utg000203l	100.0		True
unknown
1173221	1173351	38709	38839	NC_057376.1	utg000203l	100.0		True
unknown
1179974	1180089	46401	46516	NC_057376.1	utg000203l	100.0		True
unknown
1180308	1180391	46731	46814	NC_057376.1	utg000203l	100.0		True
unknown
1180843	1180939	47266	47362	NC_057376.1	utg000203l	100.0		True
unknown
1182121	1182324	48514	48717	NC_057376.1	utg000203l	99.51		True
unknown
1182397	1182574	48784	48961	NC_057376.1	utg000203l	98.31		True
unknown
1189565	1189632	55734	55801	NC_057376.1	utg000203l	98.53		True
unknown
1189884	1190149	56056	56321	NC_057376.1	utg000203l	97.74		True
unknown
1191400	1191503	57573	57677	NC_057376.1	utg000203l	98.1		True
unknown
1192036	1192127	58202	58293	NC_057376.1	utg000203l	100.0		True
unknown
1192249	1192355	58413	58519	NC_057376.1	utg000203l	99.07		True
unknown
1198776	1198859	64619	64702	NC_057376.1	utg000203l	98.81		True
unknown
1202352	1202464	70980	71092	NC_057376.1	utg000203l	100.0		True
unknown
1203471	1203605	72297	72431	NC_057376.1	utg000203l	100.0		True
unknown
1204050	1204367	72874	73191	NC_057376.1	utg000203l	99.37		True
unknown
1204472	1204550	73300	73378	NC_057376.1	utg000203l	96.2		True
unknown
1206482	1206548	75295	75361	NC_057376.1	utg000203l	100.0		True
unknown
1209407	1209508	78225	78326	NC_057376.1	utg000203l	100.0		True
unknown
1211164	1211405	80000	80241	NC_057376.1	utg000203l	96.28		True
unknown
1211948	1212191	80789	81032	NC_057376.1	utg000203l	99.18		True
unknown
1212613	1212748	81454	81589	NC_057376.1	utg000203l	98.53		True
unknown
1213429	1213559	82267	82397	NC_057376.1	utg000203l	96.95		True
unknown
1214443	1214568	83258	83383	NC_057376.1	utg000203l	98.41		True
unknown
1214783	1214859	83599	83675	NC_057376.1	utg000203l	100.0		True
unknown
1215003	1215178	83806	83981	NC_057376.1	utg000203l	100.0		True
unknown
1215218	1215355	84019	84156	NC_057376.1	utg000203l	95.65		True
unknown
1215369	1215471	84169	84271	NC_057376.1	utg000203l	98.06		True
unknown
1215716	1215867	84526	84677	NC_057376.1	utg000203l	96.71		True
unknown
1222402	1222494	91617	91709	NC_057376.1	utg000203l	100.0		True
unknown
1225823	1225936	95576	95689	NC_057376.1	utg000203l	100.0		True
unknown
1226020	1226182	95772	95934	NC_057376.1	utg000203l	96.32		True
unknown
1227293	1227423	97021	97151	NC_057376.1	utg000203l	100.0		True
unknown
1227717	1227823	97437	97543	NC_057376.1	utg000203l	99.07		True
unknown
1262515	1262598	132274	132359	NC_057376.1	utg000203l	97.67		True
unknown
1266038	1266144	135822	135928	NC_057376.1	utg000203l	100.0		True
unknown
1266485	1266630	136272	136417	NC_057376.1	utg000203l	99.32		True
unknown
1268060	1268323	137881	138148	NC_057376.1	utg000203l	95.54		True
unknown
1272257	1272387	142105	142236	NC_057376.1	utg000203l	97.73		True
unknown
1288769	1288933	159083	159247	NC_057376.1	utg000203l	100.0		True
unknown
1297837	1298011	167822	167996	NC_057376.1	utg000203l	100.0		True
unknown
1298255	1298773	168224	168742	NC_057376.1	utg000203l	96.92		True
unknown
1298801	1298959	168763	168921	NC_057376.1	utg000203l	99.37		True
unknown
1299770	1299894	170132	170256	NC_057376.1	utg000203l	100.0		True
unknown
1310371	1310475	183400	183504	NC_057376.1	utg000203l	100.0		True
unknown
1314562	1314636	187539	187612	NC_057376.1	utg000203l	98.67		True
unknown
1315193	1315281	188180	188268	NC_057376.1	utg000203l	100.0		True
unknown
1315651	1315749	188622	188721	NC_057376.1	utg000203l	98.0		True
unknown
1322798	1322891	195803	195896	NC_057376.1	utg000203l	98.94		True
unknown
1367079	1367288	235259	235468	NC_057376.1	utg000203l	96.19		True
unknown
1369909	1369997	238044	238132	NC_057376.1	utg000203l	100.0		True
unknown
1371482	1371665	239605	239788	NC_057376.1	utg000203l	99.46		True
unknown
1372157	1372233	240286	240362	NC_057376.1	utg000203l	97.4		True
unknown
1389282	1389472	262202	262392	NC_057376.1	utg000203l	96.86		True
unknown
1390871	1390968	263751	263848	NC_057376.1	utg000203l	100.0		True
unknown
1393587	1393719	266478	266609	NC_057376.1	utg000203l	98.5		True
unknown
1394467	1394636	267352	267521	NC_057376.1	utg000203l	100.0		True
unknown
1405663	1405731	277864	277932	NC_057376.1	utg000203l	98.55		True
unknown
1405740	1405842	277938	278040	NC_057376.1	utg000203l	95.15		True
unknown
1406334	1406478	278519	278664	NC_057376.1	utg000203l	99.32		True
unknown
1407348	1407427	279526	279605	NC_057376.1	utg000203l	100.0		True
unknown
1411628	1411731	284072	284175	NC_057376.1	utg000203l	100.0		True
unknown
1411937	1412007	284360	284430	NC_057376.1	utg000203l	100.0		True
unknown
1412592	1412656	285016	285080	NC_057376.1	utg000203l	100.0		True
unknown
1413002	1413081	285434	285513	NC_057376.1	utg000203l	100.0		True
unknown
1417953	1418062	290397	290506	NC_057376.1	utg000203l	100.0		True
unknown
1425631	1425726	297833	297928	NC_057376.1	utg000203l	100.0		True
unknown
1431912	1432022	304321	304431	NC_057376.1	utg000203l	98.2		True
unknown
1433240	1433447	305675	305882	NC_057376.1	utg000203l	100.0		True
unknown
1433717	1433872	306151	306306	NC_057376.1	utg000203l	98.72		True
unknown
1442927	1442991	315913	315977	NC_057376.1	utg000203l	100.0		True
unknown
1445352	1445423	318204	318275	NC_057376.1	utg000203l	100.0		True
unknown
1446238	1446324	319114	319200	NC_057376.1	utg000203l	100.0		True
unknown
1447843	1447991	320717	320865	NC_057376.1	utg000203l	100.0		True
unknown
1451639	1451750	324557	324668	NC_057376.1	utg000203l	100.0		True
unknown
1452392	1452460	325312	325380	NC_057376.1	utg000203l	98.55		True
unknown
1461911	1462039	334785	334913	NC_057376.1	utg000203l	98.45		True
unknown
1462082	1462149	334957	335024	NC_057376.1	utg000203l	97.06		True
unknown
1464661	1464740	337569	337648	NC_057376.1	utg000203l	100.0		True
unknown
1465930	1466066	338831	338967	NC_057376.1	utg000203l	100.0		True
unknown
1474711	1474801	347758	347848	NC_057376.1	utg000203l	100.0		True
unknown
1489754	1489827	361856	361929	NC_057376.1	utg000203l	100.0		True
unknown
1490159	1490302	362269	362412	NC_057376.1	utg000203l	100.0		True
unknown
1490989	1491113	363098	363222	NC_057376.1	utg000203l	100.0		True
unknown
1492193	1492265	364285	364357	NC_057376.1	utg000203l	100.0		True
unknown
1493417	1493682	365518	365783	NC_057376.1	utg000203l	98.87		True
unknown
1493725	1493816	365826	365917	NC_057376.1	utg000203l	100.0		True
unknown
1494137	1494228	366231	366322	NC_057376.1	utg000203l	100.0		True
unknown
1494684	1494775	366788	366879	NC_057376.1	utg000203l	100.0		True
unknown
1494936	1495040	367039	367143	NC_057376.1	utg000203l	100.0		True
unknown
1495091	1495183	367193	367285	NC_057376.1	utg000203l	98.92		True
unknown
1503504	1503579	375446	375521	NC_057376.1	utg000203l	98.68		True
unknown
1504112	1504185	376052	376125	NC_057376.1	utg000203l	100.0		True
unknown
1512069	1512148	383280	383359	NC_057376.1	utg000203l	100.0		True
unknown
1513350	1513436	384552	384638	NC_057376.1	utg000203l	100.0		True
unknown
1513991	1514106	385197	385312	NC_057376.1	utg000203l	100.0		True
unknown
1518199	1518275	389178	389255	NC_057376.1	utg000203l	98.72		True
unknown
1519378	1519459	390373	390454	NC_057376.1	utg000203l	98.78		True
unknown
1519961	1520104	390935	391078	NC_057376.1	utg000203l	95.83		True
unknown
1523829	1523913	394823	394907	NC_057376.1	utg000203l	100.0		True
unknown
1604004	1604134	412637	412765	NC_057376.1	utg000203l	96.95		True
unknown
1604921	1605048	413558	413684	NC_057376.1	utg000203l	97.66		True
unknown
1605316	1605459	413955	414098	NC_057376.1	utg000203l	98.61		True
unknown
1605869	1605950	414483	414564	NC_057376.1	utg000203l	100.0		True
unknown
1607450	1607633	415945	416128	NC_057376.1	utg000203l	100.0		True
unknown
1607965	1608076	416445	416556	NC_057376.1	utg000203l	100.0		True
unknown
1619226	1619304	421907	421985	NC_057376.1	utg000203l	100.0		True
unknown
1622390	1622463	425027	425100	NC_057376.1	utg000203l	100.0		True
unknown
1629622	1629702	431931	432011	NC_057376.1	utg000203l	100.0		True
unknown
1633151	1633240	435375	435464	NC_057376.1	utg000203l	98.89		True
unknown
1633245	1633330	435468	435553	NC_057376.1	utg000203l	96.51		True
unknown
1635508	1635809	437722	438023	NC_057376.1	utg000203l	99.34		True
unknown
1635960	1636059	438175	438274	NC_057376.1	utg000203l	97.0		True
unknown
1638164	1638269	440354	440459	NC_057376.1	utg000203l	100.0		True
unknown
1640082	1640237	442254	442409	NC_057376.1	utg000203l	100.0		True
unknown
1640294	1640558	442469	442733	NC_057376.1	utg000203l	99.62		True
unknown
1641161	1641314	443345	443498	NC_057376.1	utg000203l	96.1		True
unknown
1641977	1642072	444164	444259	NC_057376.1	utg000203l	95.83		True
unknown
1642258	1642353	444442	444537	NC_057376.1	utg000203l	95.83		True
unknown
1642480	1642773	444654	444947	NC_057376.1	utg000203l	96.94		True
unknown
1642976	1643132	445157	445313	NC_057376.1	utg000203l	97.45		True
unknown
1643608	1643681	445773	445846	NC_057376.1	utg000203l	95.95		True
unknown
1643717	1643999	445888	446170	NC_057376.1	utg000203l	97.53		True
unknown
1644040	1644686	446214	446860	NC_057376.1	utg000203l	99.69		True
unknown
1645007	1645178	447174	447345	NC_057376.1	utg000203l	100.0		True
unknown
1645925	1646039	448079	448193	NC_057376.1	utg000203l	100.0		True
unknown
1646151	1646283	448294	448426	NC_057376.1	utg000203l	100.0		True
unknown
1648880	1649004	450481	450605	NC_057376.1	utg000203l	100.0		True
unknown
1659888	1659984	461038	461135	NC_057376.1	utg000203l	98.98		True
unknown
1663669	1663855	464693	464879	NC_057376.1	utg000203l	97.86		True
unknown
1663882	1663953	464903	464974	NC_057376.1	utg000203l	100.0		True
unknown
1664039	1664189	465054	465204	NC_057376.1	utg000203l	96.69		True
unknown
1665065	1665198	466235	466368	NC_057376.1	utg000203l	100.0		True
unknown
1665274	1665604	466439	466769	NC_057376.1	utg000203l	100.0		True
unknown
1665951	1666064	467098	467211	NC_057376.1	utg000203l	100.0		True
unknown
1671253	1671358	472938	473044	NC_057376.1	utg000203l	99.07		True
unknown
1676049	1676152	478112	478215	NC_057376.1	utg000203l	100.0		True
unknown
1676897	1677012	478948	479063	NC_057376.1	utg000203l	99.14		True
unknown
1677123	1677190	479178	479245	NC_057376.1	utg000203l	100.0		True
unknown
1677452	1677608	479498	479654	NC_057376.1	utg000203l	98.73		True
unknown
1679099	1679242	481154	481299	NC_057376.1	utg000203l	97.26		True
unknown
1679569	1679648	481630	481709	NC_057376.1	utg000203l	100.0		True
unknown
1681837	1681942	483561	483666	NC_057376.1	utg000203l	97.17		True
unknown
1681980	1682053	483702	483775	NC_057376.1	utg000203l	100.0		True
unknown
1682907	1682979	484634	484706	NC_057376.1	utg000203l	98.63		True
unknown
1683071	1683220	484804	484953	NC_057376.1	utg000203l	100.0		True
unknown
1683221	1683295	484955	485029	NC_057376.1	utg000203l	97.33		True
unknown
1684263	1684381	486335	486453	NC_057376.1	utg000203l	100.0		True
unknown
1685870	1685961	487928	488019	NC_057376.1	utg000203l	100.0		True
unknown
1689615	1689685	491655	491725	NC_057376.1	utg000203l	100.0		True
unknown
1689994	1690094	492037	492137	NC_057376.1	utg000203l	100.0		True
unknown
1690393	1690481	492371	492459	NC_057376.1	utg000203l	100.0		True
unknown
1691099	1691221	493045	493167	NC_057376.1	utg000203l	100.0		True
unknown
1691762	1691899	493690	493827	NC_057376.1	utg000203l	98.55		True
unknown
1694692	1694796	496638	496742	NC_057376.1	utg000203l	100.0		True
unknown
1702364	1702433	502654	502723	NC_057376.1	utg000203l	100.0		True
unknown
1702719	1702853	503013	503147	NC_057376.1	utg000203l	100.0		True
unknown
1703290	1703408	503573	503691	NC_057376.1	utg000203l	95.8		True
unknown
1703453	1703535	503734	503816	NC_057376.1	utg000203l	95.18		True
unknown
1704649	1704742	504934	505027	NC_057376.1	utg000203l	100.0		True
unknown
CONTIG	utg000203l	508871	mis_unaligned
CONTIG	utg000249l	45690	unaligned
CONTIG	utg000015l	54285	unaligned
1703243	1703330	53750	53663	NC_057379.1	utg000091l	98.86		True
unknown
1702942	1703052	54044	53934	NC_057379.1	utg000091l	100.0		True
unknown
1683243	1683347	74031	73927	NC_057379.1	utg000091l	95.24		True
unknown
1355174	1355290	305991	305875	NC_057379.1	utg000091l	99.15		True
unknown
1350398	1350480	310674	310592	NC_057379.1	utg000091l	100.0		True
unknown
1349996	1350120	311074	310950	NC_057379.1	utg000091l	100.0		True
unknown
1321406	1321513	314431	314324	NC_057379.1	utg000091l	100.0		True
unknown
1320196	1320378	315684	315503	NC_057379.1	utg000091l	96.17		True
unknown
1318815	1318918	316995	316892	NC_057379.1	utg000091l	100.0		True
unknown
1318186	1318277	317613	317522	NC_057379.1	utg000091l	100.0		True
unknown
1249947	1250048	366390	366289	NC_057379.1	utg000091l	100.0		True
unknown
1249401	1249627	366923	366697	NC_057379.1	utg000091l	100.0		True
unknown
1166038	1166209	425327	425156	NC_057379.1	utg000091l	100.0		True
unknown
1158439	1158528	432952	432863	NC_057379.1	utg000091l	98.89		True
unknown
1147256	1147367	443517	443406	NC_057379.1	utg000091l	100.0		True
unknown
1141105	1141217	449946	449834	NC_057379.1	utg000091l	100.0		True
unknown
1140821	1140901	450226	450146	NC_057379.1	utg000091l	100.0		True
unknown
1140076	1140147	450957	450886	NC_057379.1	utg000091l	100.0		True
unknown
CONTIG	utg000091l	466198	mis_unaligned
CONTIG	utg000304l	47334	unaligned
1592164	1592248	33448	33364	NC_057378.1	utg000073l	100.0		True
unknown
1591438	1591601	34157	33994	NC_057378.1	utg000073l	99.39		True
unknown
1591272	1591365	34323	34230	NC_057378.1	utg000073l	100.0		True
unknown
1591025	1591155	34574	34444	NC_057378.1	utg000073l	99.24		True
unknown
1576264	1576338	49882	49808	NC_057378.1	utg000073l	100.0		True
unknown
1570009	1570117	58939	58831	NC_057378.1	utg000073l	99.08		True
unknown
1569183	1569297	59734	59620	NC_057378.1	utg000073l	100.0		True
unknown
1560634	1560702	69206	69138	NC_057378.1	utg000073l	97.1		True
unknown
1560426	1560558	69412	69280	NC_057378.1	utg000073l	95.49		True
unknown
1560121	1560314	69710	69517	NC_057378.1	utg000073l	97.42		True
unknown
862725	862839	86495	86609	NC_057382.1	utg000073l	97.39		True
unknown
862883	862956	86653	86726	NC_057382.1	utg000073l	98.65		True
unknown
863656	863867	87441	87652	NC_057382.1	utg000073l	95.75		True
unknown
1037958	1038032	118322	118396	NC_057371.1	utg000073l	97.33		True
unknown
1038262	1038353	118647	118738	NC_057371.1	utg000073l	96.74		True
unknown
1038992	1039093	119461	119562	NC_057371.1	utg000073l	96.08		True
unknown
1382822	1383029	149743	149536	NC_057378.1	utg000073l	97.12		True
unknown
1358329	1358428	174974	174875	NC_057378.1	utg000073l	100.0		True
unknown
1356799	1356929	176483	176353	NC_057378.1	utg000073l	100.0		True
unknown
1293889	1294065	189425	189249	NC_057378.1	utg000073l	99.44		True
unknown
1292776	1292884	190486	190378	NC_057378.1	utg000073l	100.0		True
unknown
1160007	1160095	297417	297329	NC_057378.1	utg000073l	100.0		True
unknown
1159525	1159627	297903	297801	NC_057378.1	utg000073l	96.12		True
unknown
1159248	1159376	298177	298049	NC_057378.1	utg000073l	100.0		True
unknown
1158602	1158772	298808	298638	NC_057378.1	utg000073l	98.83		True
unknown
1158330	1158455	299072	298947	NC_057378.1	utg000073l	100.0		True
unknown
1136541	1136633	326467	326375	NC_057378.1	utg000073l	100.0		True
unknown
1134999	1135187	328024	327836	NC_057378.1	utg000073l	96.83		True
unknown
1126430	1126554	335507	335383	NC_057378.1	utg000073l	100.0		True
unknown
1125931	1126156	336001	335776	NC_057378.1	utg000073l	95.13		True
unknown
1108840	1108958	352708	352590	NC_057378.1	utg000073l	99.16		True
unknown
1103911	1104008	357863	357766	NC_057378.1	utg000073l	100.0		True
unknown
1093163	1093271	368719	368611	NC_057378.1	utg000073l	100.0		True
unknown
1090224	1090330	371643	371537	NC_057378.1	utg000073l	96.26		True
unknown
1089195	1089264	373195	373126	NC_057378.1	utg000073l	100.0		True
unknown
1085404	1085513	379839	379730	NC_057378.1	utg000073l	100.0		True
unknown
1081903	1082140	382506	382269	NC_057378.1	utg000073l	97.48		True
unknown
1080641	1080713	383745	383673	NC_057378.1	utg000073l	100.0		True
unknown
1065006	1065085	398777	398698	NC_057378.1	utg000073l	100.0		True
unknown
1063337	1063415	400509	400431	NC_057378.1	utg000073l	97.47		True
unknown
1059821	1059959	404089	403951	NC_057378.1	utg000073l	99.28		True
unknown
1043798	1043912	412600	412485	NC_057378.1	utg000073l	99.14		True
unknown
1043157	1043236	413215	413136	NC_057378.1	utg000073l	100.0		True
unknown
1040627	1040723	415685	415589	NC_057378.1	utg000073l	100.0		True
unknown
CONTIG	utg000073l	495725	mis_unaligned
CONTIG	utg000227l	49950	unaligned
CONTIG	utg000279l	47396	unaligned
CONTIG	utg000481l	47126	unaligned
1465242	1465644	30853	31255	NC_057378.1	utg000020l	96.53		True
unknown
75076	75178	34011	34113	NC_057381.1	utg000020l	98.06		True
unknown
75328	75403	34259	34334	NC_057381.1	utg000020l	97.37		True
unknown
75533	75597	34463	34527	NC_057381.1	utg000020l	96.92		True
unknown
75642	75742	34573	34673	NC_057381.1	utg000020l	95.05		True
unknown
721313	721407	84896	84802	NC_057382.1	utg000020l	98.95		True
unknown
720639	720720	85555	85474	NC_057382.1	utg000020l	100.0		True
unknown
719392	719471	86790	86711	NC_057382.1	utg000020l	100.0		True
unknown
718017	718126	88156	88047	NC_057382.1	utg000020l	99.09		True
unknown
694668	694762	112006	111912	NC_057382.1	utg000020l	100.0		True
unknown
691553	691628	114706	114631	NC_057382.1	utg000020l	100.0		True
unknown
686448	686664	119850	119634	NC_057382.1	utg000020l	97.24		True
unknown
660399	660498	145427	145328	NC_057382.1	utg000020l	97.0		True
unknown
660260	660398	145567	145429	NC_057382.1	utg000020l	97.84		True
unknown
659884	659979	145947	145852	NC_057382.1	utg000020l	98.96		True
unknown
656084	656174	149667	149577	NC_057382.1	utg000020l	97.8		True
unknown
655585	655666	150173	150092	NC_057382.1	utg000020l	100.0		True
unknown
655505	655584	150255	150176	NC_057382.1	utg000020l	100.0		True
unknown
655435	655504	150326	150257	NC_057382.1	utg000020l	100.0		True
unknown
653604	653696	152155	152063	NC_057382.1	utg000020l	100.0		True
unknown
1474401	1474539	203951	204090	NC_057380.1	utg000020l	99.29		True
unknown
1476482	1476731	206030	206279	NC_057380.1	utg000020l	100.0		True
unknown
1483856	1483997	213007	213148	NC_057380.1	utg000020l	97.89		True
unknown
1484853	1484935	213963	214045	NC_057380.1	utg000020l	100.0		True
unknown
1485166	1485293	214228	214355	NC_057380.1	utg000020l	99.22		True
unknown
1493963	1494084	218347	218466	NC_057380.1	utg000020l	98.36		True
unknown
1503361	1503446	228222	228307	NC_057380.1	utg000020l	100.0		True
unknown
1504421	1504544	229305	229428	NC_057380.1	utg000020l	96.77		True
unknown
1504546	1504654	229429	229537	NC_057380.1	utg000020l	97.25		True
unknown
1504976	1505078	229857	229959	NC_057380.1	utg000020l	99.03		True
unknown
1505446	1505619	230332	230505	NC_057380.1	utg000020l	97.13		True
unknown
1505830	1505986	230702	230858	NC_057380.1	utg000020l	95.54		True
unknown
1507414	1507487	232273	232346	NC_057380.1	utg000020l	100.0		True
unknown
1508190	1508288	233064	233162	NC_057380.1	utg000020l	100.0		True
unknown
1510910	1510990	235775	235855	NC_057380.1	utg000020l	100.0		True
unknown
1535906	1536030	263963	263839	NC_057380.1	utg000020l	100.0		True
unknown
1532956	1533083	266860	266733	NC_057380.1	utg000020l	99.22		True
unknown
1532822	1532933	266991	266880	NC_057380.1	utg000020l	96.43		True
unknown
1532669	1532773	267141	267037	NC_057380.1	utg000020l	97.14		True
unknown
1531932	1532073	267882	267741	NC_057380.1	utg000020l	99.3		True
unknown
1529717	1529840	270238	270115	NC_057380.1	utg000020l	95.16		True
unknown
1529469	1529588	270482	270363	NC_057380.1	utg000020l	95.0		True
unknown
1529104	1529308	270846	270642	NC_057380.1	utg000020l	98.05		True
unknown
1528230	1528305	271710	271635	NC_057380.1	utg000020l	100.0		True
unknown
1628632	1628751	322991	323110	NC_057380.1	utg000020l	95.0		True
unknown
1628819	1628975	323182	323338	NC_057380.1	utg000020l	99.36		True
unknown
1629406	1629533	323736	323863	NC_057380.1	utg000020l	97.66		True
unknown
1629535	1629648	323864	323977	NC_057380.1	utg000020l	98.25		True
unknown
1629929	1629997	324249	324317	NC_057380.1	utg000020l	98.55		True
unknown
1630042	1630160	324363	324481	NC_057380.1	utg000020l	98.32		True
unknown
1630275	1630343	324592	324660	NC_057380.1	utg000020l	100.0		True
unknown
1630696	1630793	325013	325110	NC_057380.1	utg000020l	100.0		True
unknown
1630837	1631048	325152	325363	NC_057380.1	utg000020l	99.53		True
unknown
1631134	1631210	325447	325523	NC_057380.1	utg000020l	96.1		True
unknown
1631594	1631753	325887	326046	NC_057380.1	utg000020l	99.38		True
unknown
1632811	1632952	327540	327681	NC_057380.1	utg000020l	95.77		True
unknown
320235	320321	374123	374209	NC_057382.1	utg000020l	100.0		True
unknown
320908	321134	374807	375033	NC_057382.1	utg000020l	98.68		True
unknown
322775	322895	376661	376781	NC_057382.1	utg000020l	97.52		True
unknown
323411	323522	377290	377401	NC_057382.1	utg000020l	99.11		True
unknown
CONTIG	utg000020l	496291	mis_unaligned
CONTIG	utg000691l	4999	unaligned
CONTIG	utg000353l	48646	unaligned
CONTIG	utg000226l	53125	unaligned
1096506	1096618	5017	4905	NC_057375.1	utg000506l	98.23		True
CONTIG	utg000506l	51704	correct_unaligned
CONTIG	utg000385l	48420	unaligned
799786	799870	13642	13558	NC_057374.1	utg000229l	100.0		True
unknown
799005	799082	14447	14370	NC_057374.1	utg000229l	100.0		True
unknown
798221	798339	15230	15112	NC_057374.1	utg000229l	100.0		True
unknown
797601	797686	15829	15744	NC_057374.1	utg000229l	96.51		True
unknown
CONTIG	utg000229l	54187	mis_unaligned
CONTIG	utg000193l	53188	unaligned
CONTIG	utg000341l	47661	unaligned
1682654	1682788	1916	2050	NC_057376.1	utg000242l	97.78		True
unknown
1683136	1683220	2393	2477	NC_057376.1	utg000242l	98.82		True
unknown
1683221	1683293	2479	2551	NC_057376.1	utg000242l	100.0		True
unknown
1685869	1685943	5478	5552	NC_057376.1	utg000242l	98.67		True
unknown
1686781	1686870	6416	6505	NC_057376.1	utg000242l	95.56		True
unknown
1691681	1691769	11209	11297	NC_057376.1	utg000242l	100.0		True
unknown
1691791	1691973	11325	11507	NC_057376.1	utg000242l	98.36		True
unknown
1699782	1699955	17824	17997	NC_057376.1	utg000242l	97.13		True
unknown
1699977	1700076	18020	18119	NC_057376.1	utg000242l	96.0		True
unknown
1700864	1701148	18900	19184	NC_057376.1	utg000242l	96.84		True
unknown
1701748	1701836	19782	19870	NC_057376.1	utg000242l	100.0		True
unknown
1702671	1702870	20716	20915	NC_057376.1	utg000242l	97.0		True
unknown
1703612	1703746	21649	21783	NC_057376.1	utg000242l	95.59		True
unknown
1713226	1713336	31239	31349	NC_057376.1	utg000242l	100.0		True
unknown
1713340	1713450	31353	31463	NC_057376.1	utg000242l	95.5		True
unknown
1714355	1714452	32367	32464	NC_057376.1	utg000242l	96.94		True
unknown
1718904	1718981	37258	37335	NC_057376.1	utg000242l	100.0		True
unknown
1719775	1719848	38129	38202	NC_057376.1	utg000242l	97.3		True
unknown
1719916	1720006	38264	38354	NC_057376.1	utg000242l	98.9		True
unknown
1720428	1720508	38787	38867	NC_057376.1	utg000242l	100.0		True
unknown
1723447	1723553	42070	42176	NC_057376.1	utg000242l	100.0		True
unknown
1723606	1723696	42230	42320	NC_057376.1	utg000242l	96.7		True
unknown
CONTIG	utg000242l	54926	mis_unaligned
CONTIG	utg000437l	51702	unaligned
CONTIG	utg000551l	55240	unaligned
CONTIG	utg000243l	61701	unaligned
411695	411913	3175	3393	NC_057373.1	utg000396l	95.43		True
unknown
411999	412104	3481	3586	NC_057373.1	utg000396l	99.06		True
unknown
413096	413235	4569	4706	NC_057373.1	utg000396l	98.57		True
unknown
CONTIG	utg000396l	66294	mis_unaligned
862943	863059	10250	10366	NC_057382.1	utg000131l	95.73		True
unknown
863601	863842	10913	11154	NC_057382.1	utg000131l	95.87		True
unknown
863907	864031	11225	11349	NC_057382.1	utg000131l	96.0		True
unknown
862943	863086	26997	27140	NC_057382.1	utg000131l	99.31		True
unknown
863616	863724	27658	27766	NC_057382.1	utg000131l	97.25		True
unknown
863805	863887	27849	27931	NC_057382.1	utg000131l	97.59		True
unknown
CONTIG	utg000131l	63425	mis_unaligned
CONTIG	utg000219l	57436	unaligned
1388058	1388140	22120	22038	NC_057378.1	utg000154l	100.0		True
CONTIG	utg000154l	62483	correct_unaligned
CONTIG	utg000764l	6163	unaligned
2800330	2800420	47694	47604	NC_057371.1	utg000163l	100.0		True
unknown
2798519	2798658	49482	49343	NC_057371.1	utg000163l	98.57		True
unknown
2797538	2797653	50454	50339	NC_057371.1	utg000163l	99.14		True
unknown
CONTIG	utg000163l	67117	mis_unaligned
CONTIG	utg000375l	56990	unaligned
CONTIG	utg000671l	6789	unaligned
970813	970893	6147	6227	NC_057378.1	utg000148l	100.0		True
unknown
972693	972761	8013	8081	NC_057378.1	utg000148l	100.0		True
unknown
973263	973365	8558	8660	NC_057378.1	utg000148l	100.0		True
unknown
CONTIG	utg000148l	66705	mis_unaligned
1935654	1935835	48366	48547	NC_057381.1	utg000236l	100.0		True
unknown
1936101	1936185	48818	48902	NC_057381.1	utg000236l	100.0		True
unknown
1937226	1937328	49946	50048	NC_057381.1	utg000236l	99.03		True
unknown
1938031	1938116	50770	50855	NC_057381.1	utg000236l	100.0		True
unknown
CONTIG	utg000236l	62627	mis_unaligned
1670393	1670539	904	763	NC_057381.1	utg000119l	96.6		True
unknown
1669460	1669563	1783	1680	NC_057381.1	utg000119l	100.0		True
unknown
1667224	1667360	3632	3496	NC_057381.1	utg000119l	98.54		True
unknown
1666907	1667007	3920	3820	NC_057381.1	utg000119l	100.0		True
unknown
1660697	1660771	9239	9165	NC_057381.1	utg000119l	100.0		True
unknown
1660404	1660501	9537	9440	NC_057381.1	utg000119l	96.94		True
unknown
871871	871980	46746	46637	NC_057382.1	utg000119l	96.36		True
unknown
871744	871808	46873	46809	NC_057382.1	utg000119l	95.38		True
unknown
871627	871742	46989	46874	NC_057382.1	utg000119l	98.28		True
unknown
871559	872055	52317	52813	NC_057382.1	utg000119l	96.38		True
unknown
1593691	1593775	75494	75410	NC_057381.1	utg000119l	100.0		True
unknown
1593300	1593367	75894	75827	NC_057381.1	utg000119l	100.0		True
unknown
1592540	1592675	76704	76569	NC_057381.1	utg000119l	96.32		True
unknown
1591897	1592003	77361	77255	NC_057381.1	utg000119l	95.33		True
unknown
1591355	1591442	77907	77820	NC_057381.1	utg000119l	100.0		True
unknown
1586694	1586797	86589	86486	NC_057381.1	utg000119l	100.0		True
unknown
1586387	1586476	86892	86803	NC_057381.1	utg000119l	97.78		True
unknown
1585782	1585855	87508	87435	NC_057381.1	utg000119l	100.0		True
unknown
1572945	1573034	100443	100354	NC_057381.1	utg000119l	100.0		True
unknown
1567241	1567335	106096	106002	NC_057381.1	utg000119l	100.0		True
unknown
1566443	1566559	106892	106776	NC_057381.1	utg000119l	98.29		True
unknown
1566182	1566251	107166	107097	NC_057381.1	utg000119l	100.0		True
unknown
1565463	1565542	107898	107819	NC_057381.1	utg000119l	100.0		True
unknown
1558219	1558285	114796	114730	NC_057381.1	utg000119l	100.0		True
unknown
1557698	1557835	115316	115178	NC_057381.1	utg000119l	97.12		True
unknown
1555792	1555873	117213	117132	NC_057381.1	utg000119l	100.0		True
unknown
1509106	1509214	163104	162996	NC_057381.1	utg000119l	97.25		True
unknown
1508508	1508764	163701	163445	NC_057381.1	utg000119l	96.11		True
unknown
1508377	1508467	163831	163741	NC_057381.1	utg000119l	98.9		True
unknown
1492329	1492571	179809	179567	NC_057381.1	utg000119l	100.0		True
unknown
1491611	1491696	180533	180448	NC_057381.1	utg000119l	100.0		True
unknown
1440439	1440514	229226	229151	NC_057381.1	utg000119l	100.0		True
unknown
1439035	1439107	230604	230532	NC_057381.1	utg000119l	100.0		True
unknown
1438251	1438496	231370	231125	NC_057381.1	utg000119l	95.12		True
unknown
1437696	1437841	231916	231771	NC_057381.1	utg000119l	95.89		True
unknown
1430743	1430846	239642	239539	NC_057381.1	utg000119l	98.08		True
unknown
1429388	1429485	240967	240870	NC_057381.1	utg000119l	100.0		True
unknown
1427717	1427867	242679	242528	NC_057381.1	utg000119l	99.34		True
unknown
1300676	1300744	270686	270618	NC_057381.1	utg000119l	100.0		True
unknown
1288680	1288869	283094	282905	NC_057381.1	utg000119l	98.42		True
unknown
1288340	1288413	283415	283342	NC_057381.1	utg000119l	97.3		True
unknown
1287231	1287314	284477	284394	NC_057381.1	utg000119l	100.0		True
unknown
1285627	1285733	286043	285937	NC_057381.1	utg000119l	97.2		True
unknown
1284604	1284738	287054	286920	NC_057381.1	utg000119l	97.04		True
unknown
1284286	1284502	287375	287159	NC_057381.1	utg000119l	95.39		True
unknown
1278687	1278810	293478	293355	NC_057381.1	utg000119l	99.19		True
unknown
1277793	1277892	294366	294267	NC_057381.1	utg000119l	100.0		True
unknown
1227227	1227445	315036	314818	NC_057381.1	utg000119l	100.0		True
unknown
1226955	1227132	315309	315132	NC_057381.1	utg000119l	100.0		True
unknown
1225192	1225321	317029	316900	NC_057381.1	utg000119l	100.0		True
unknown
1221939	1222047	320148	320040	NC_057381.1	utg000119l	100.0		True
unknown
1207739	1207811	333708	333636	NC_057381.1	utg000119l	100.0		True
unknown
1207189	1207259	334254	334184	NC_057381.1	utg000119l	100.0		True
unknown
1206167	1206447	335241	334961	NC_057381.1	utg000119l	99.64		True
unknown
1205540	1205627	335855	335768	NC_057381.1	utg000119l	98.86		True
unknown
1200791	1200968	340508	340331	NC_057381.1	utg000119l	100.0		True
unknown
1200300	1200389	340994	340905	NC_057381.1	utg000119l	100.0		True
unknown
1199412	1199515	341867	341764	NC_057381.1	utg000119l	100.0		True
unknown
1194087	1194180	347778	347685	NC_057381.1	utg000119l	100.0		True
unknown
1191097	1191200	350823	350720	NC_057381.1	utg000119l	99.04		True
unknown
1190220	1190363	351731	351588	NC_057381.1	utg000119l	100.0		True
unknown
1189376	1189480	352606	352502	NC_057381.1	utg000119l	100.0		True
unknown
1188500	1188577	353473	353396	NC_057381.1	utg000119l	98.72		True
unknown
1188271	1188373	353702	353600	NC_057381.1	utg000119l	99.03		True
unknown
1187947	1188057	354031	353921	NC_057381.1	utg000119l	100.0		True
unknown
1187133	1187272	354803	354664	NC_057381.1	utg000119l	96.43		True
unknown
1186800	1186968	355127	354959	NC_057381.1	utg000119l	100.0		True
unknown
1185099	1185192	356496	356403	NC_057381.1	utg000119l	100.0		True
unknown
1183820	1183958	357805	357667	NC_057381.1	utg000119l	98.56		True
unknown
1183484	1183657	358143	357970	NC_057381.1	utg000119l	100.0		True
unknown
1182837	1183060	358782	358559	NC_057381.1	utg000119l	95.54		True
unknown
1174641	1174738	378078	377981	NC_057381.1	utg000119l	100.0		True
unknown
1170321	1170391	382187	382117	NC_057381.1	utg000119l	100.0		True
unknown
1167694	1167787	384802	384709	NC_057381.1	utg000119l	100.0		True
unknown
1165485	1165578	386875	386782	NC_057381.1	utg000119l	100.0		True
unknown
1157674	1157755	393755	393674	NC_057381.1	utg000119l	100.0		True
unknown
1157155	1157302	394307	394160	NC_057381.1	utg000119l	98.65		True
unknown
1156894	1156976	394559	394477	NC_057381.1	utg000119l	97.59		True
unknown
1155261	1155449	396130	395942	NC_057381.1	utg000119l	100.0		True
unknown
1152077	1152267	399227	399036	NC_057381.1	utg000119l	97.92		True
unknown
1123262	1123360	416025	415927	NC_057381.1	utg000119l	100.0		True
unknown
1120551	1120618	418721	418654	NC_057381.1	utg000119l	100.0		True
unknown
1109333	1109438	430860	430755	NC_057381.1	utg000119l	100.0		True
unknown
1106181	1106260	433990	433911	NC_057381.1	utg000119l	100.0		True
unknown
1105393	1105490	434773	434676	NC_057381.1	utg000119l	100.0		True
unknown
1097766	1097844	442791	442713	NC_057381.1	utg000119l	100.0		True
unknown
1097204	1097272	443352	443284	NC_057381.1	utg000119l	100.0		True
unknown
1096530	1096596	444024	443958	NC_057381.1	utg000119l	100.0		True
unknown
1091300	1091387	448464	448377	NC_057381.1	utg000119l	100.0		True
unknown
1090479	1090614	449273	449138	NC_057381.1	utg000119l	99.26		True
unknown
1085050	1085137	457752	457665	NC_057381.1	utg000119l	100.0		True
unknown
1082699	1082780	460052	459971	NC_057381.1	utg000119l	100.0		True
unknown
1081933	1082014	460845	460764	NC_057381.1	utg000119l	100.0		True
unknown
1081367	1081438	461406	461335	NC_057381.1	utg000119l	100.0		True
unknown
1065299	1065375	472980	472904	NC_057381.1	utg000119l	100.0		True
unknown
1056937	1057033	481575	481479	NC_057381.1	utg000119l	98.97		True
unknown
1050156	1050220	487368	487304	NC_057381.1	utg000119l	100.0		True
unknown
1046760	1046844	490803	490719	NC_057381.1	utg000119l	100.0		True
unknown
1041327	1041445	496942	496823	NC_057381.1	utg000119l	99.17		True
unknown
1039752	1039845	498476	498382	NC_057381.1	utg000119l	98.95		True
unknown
1038471	1038548	499753	499676	NC_057381.1	utg000119l	100.0		True
unknown
1036698	1036848	501520	501370	NC_057381.1	utg000119l	100.0		True
unknown
1030024	1030107	508004	507921	NC_057381.1	utg000119l	98.81		True
unknown
1029745	1029850	508283	508178	NC_057381.1	utg000119l	100.0		True
unknown
1027824	1027973	510288	510138	NC_057381.1	utg000119l	98.68		True
unknown
1026869	1026943	511259	511186	NC_057381.1	utg000119l	98.67		True
unknown
1025289	1025367	512835	512757	NC_057381.1	utg000119l	100.0		True
unknown
1023113	1023248	514986	514851	NC_057381.1	utg000119l	100.0		True
unknown
1010981	1011073	526881	526789	NC_057381.1	utg000119l	100.0		True
unknown
1010437	1010501	527404	527340	NC_057381.1	utg000119l	100.0		True
unknown
1007738	1007897	530009	529850	NC_057381.1	utg000119l	100.0		True
unknown
1007197	1007318	530531	530410	NC_057381.1	utg000119l	100.0		True
unknown
1004311	1004489	533367	533189	NC_057381.1	utg000119l	100.0		True
unknown
1003458	1003611	534211	534058	NC_057381.1	utg000119l	98.7		True
unknown
1002968	1003132	534706	534542	NC_057381.1	utg000119l	97.58		True
unknown
1002044	1002144	535647	535547	NC_057381.1	utg000119l	100.0		True
unknown
994634	994704	543551	543481	NC_057381.1	utg000119l	97.18		True
unknown
993883	993993	544305	544195	NC_057381.1	utg000119l	100.0		True
unknown
993541	993797	544644	544388	NC_057381.1	utg000119l	96.11		True
unknown
991047	991118	547147	547076	NC_057381.1	utg000119l	100.0		True
unknown
990891	991000	547307	547198	NC_057381.1	utg000119l	100.0		True
unknown
989896	990002	548277	548171	NC_057381.1	utg000119l	100.0		True
unknown
988158	988292	549959	549825	NC_057381.1	utg000119l	100.0		True
unknown
959904	959996	578228	578136	NC_057381.1	utg000119l	96.77		True
unknown
CONTIG	utg000119l	611607	mis_unaligned
3227619	3227723	2972	3076	NC_057370.1	utg000143l	99.05		True
unknown
3227907	3227971	3268	3332	NC_057370.1	utg000143l	98.46		True
unknown
3230666	3230794	5669	5797	NC_057370.1	utg000143l	100.0		True
unknown
CONTIG	utg000143l	59254	mis_unaligned
CONTIG	utg000318l	63510	unaligned
CONTIG	utg000761l	5888	unaligned
CONTIG	utg000611l	55159	unaligned
980303	980410	50825	50718	NC_057375.1	utg000474l	100.0		True
CONTIG	utg000474l	58919	correct_unaligned
CONTIG	utg000812l	5554	unaligned
CONTIG	utg000394l	63571	unaligned
CONTIG	utg000523l	55302	unaligned
CONTIG	utg000706l	57383	unaligned
1474766	1474866	4675	4575	NC_057378.1	utg000107l	97.03		True
unknown
1473066	1473190	5811	5687	NC_057378.1	utg000107l	96.0		True
unknown
1472910	1473035	5969	5844	NC_057378.1	utg000107l	96.83		True
unknown
148415	148511	24260	24356	NC_057372.1	utg000107l	100.0		True
unknown
148843	149040	24663	24860	NC_057372.1	utg000107l	100.0		True
unknown
149124	149214	24943	25033	NC_057372.1	utg000107l	98.9		True
unknown
149241	149376	25061	25196	NC_057372.1	utg000107l	100.0		True
unknown
149769	149885	25573	25689	NC_057372.1	utg000107l	100.0		True
unknown
150226	150334	26031	26139	NC_057372.1	utg000107l	100.0		True
unknown
150411	150538	26222	26349	NC_057372.1	utg000107l	100.0		True
unknown
150846	155116	26636	30926	NC_057372.1	utg000107l	97.11		True
unknown
158224	164922	33513	40156	NC_057372.1	utg000107l	95.74		True
unknown
CONTIG	utg000107l	65795	mis_unaligned
318303	318407	1154	1050	NC_057381.1	utg000134l	98.1		True
unknown
318152	318258	1304	1198	NC_057381.1	utg000134l	100.0		True
unknown
316857	316948	2596	2505	NC_057381.1	utg000134l	100.0		True
unknown
75768	75874	41502	41396	NC_057381.1	utg000134l	96.26		True
unknown
75623	75766	41646	41503	NC_057381.1	utg000134l	97.22		True
unknown
75357	75488	41902	41771	NC_057381.1	utg000134l	96.21		True
unknown
CONTIG	utg000134l	65548	mis_unaligned
CONTIG	utg000528l	6390	unaligned
863261	863471	28514	28724	NC_057382.1	utg000112l	96.68		True
CONTIG	utg000112l	59293	correct_unaligned
CONTIG	utg000429l	57388	unaligned
CONTIG	utg000039l	58100	unaligned
CONTIG	utg000418l	6703	unaligned
619356	619456	5462	5562	NC_057379.1	utg000199l	100.0		True
unknown
624391	624479	10289	10377	NC_057379.1	utg000199l	100.0		True
unknown
625289	625355	11160	11226	NC_057379.1	utg000199l	100.0		True
unknown
628663	628827	14184	14348	NC_057379.1	utg000199l	97.58		True
unknown
629380	629503	14870	14993	NC_057379.1	utg000199l	96.77		True
unknown
629659	629791	15148	15280	NC_057379.1	utg000199l	97.74		True
unknown
630174	630245	15658	15729	NC_057379.1	utg000199l	98.61		True
unknown
631163	631262	16635	16734	NC_057379.1	utg000199l	100.0		True
unknown
631800	631879	17260	17339	NC_057379.1	utg000199l	100.0		True
unknown
642004	642109	25897	26002	NC_057379.1	utg000199l	100.0		True
unknown
642148	642217	26036	26105	NC_057379.1	utg000199l	100.0		True
unknown
643814	643988	27686	27860	NC_057379.1	utg000199l	98.86		True
unknown
644441	644569	28328	28456	NC_057379.1	utg000199l	96.12		True
unknown
644792	644889	28682	28779	NC_057379.1	utg000199l	100.0		True
unknown
649766	649886	33484	33604	NC_057379.1	utg000199l	100.0		True
unknown
653778	653865	37465	37553	NC_057379.1	utg000199l	98.88		True
unknown
655701	655814	39420	39533	NC_057379.1	utg000199l	100.0		True
unknown
656906	657014	40632	40740	NC_057379.1	utg000199l	97.25		True
unknown
657340	657522	41041	41223	NC_057379.1	utg000199l	100.0		True
unknown
657876	657997	41578	41699	NC_057379.1	utg000199l	100.0		True
unknown
658490	658588	42187	42285	NC_057379.1	utg000199l	98.99		True
unknown
658950	659069	42661	42780	NC_057379.1	utg000199l	100.0		True
unknown
659448	659554	43168	43274	NC_057379.1	utg000199l	100.0		True
unknown
661135	661245	44820	44930	NC_057379.1	utg000199l	97.3		True
unknown
661284	661392	44968	45076	NC_057379.1	utg000199l	99.08		True
unknown
662064	662147	45893	45976	NC_057379.1	utg000199l	100.0		True
unknown
662502	662607	46335	46440	NC_057379.1	utg000199l	97.17		True
unknown
662951	663088	46769	46906	NC_057379.1	utg000199l	98.55		True
unknown
663995	664069	47783	47857	NC_057379.1	utg000199l	100.0		True
unknown
664321	664423	48111	48213	NC_057379.1	utg000199l	100.0		True
unknown
668740	669080	52076	52416	NC_057379.1	utg000199l	97.95		True
unknown
675523	675612	58225	58314	NC_057379.1	utg000199l	100.0		True
unknown
676109	676200	58799	58890	NC_057379.1	utg000199l	100.0		True
unknown
679012	679179	61713	61880	NC_057379.1	utg000199l	96.43		True
unknown
679243	679332	61949	62038	NC_057379.1	utg000199l	100.0		True
unknown
CONTIG	utg000199l	66711	mis_unaligned
1871446	1871539	47652	47745	NC_057374.1	utg000074l	98.94		True
unknown
1873026	1873136	49216	49325	NC_057374.1	utg000074l	99.1		True
unknown
1878262	1878334	54271	54343	NC_057374.1	utg000074l	100.0		True
unknown
1879194	1879285	55197	55288	NC_057374.1	utg000074l	100.0		True
unknown
CONTIG	utg000074l	67669	mis_unaligned
862691	862763	12292	12220	NC_057382.1	utg000133l	98.63		True
CONTIG	utg000133l	59597	correct_unaligned
3013466	3013554	18772	18860	NC_057372.1	utg000370l	98.88		True
unknown
3013867	3014014	19181	19327	NC_057372.1	utg000370l	95.27		True
unknown
3014723	3014853	20023	20153	NC_057372.1	utg000370l	98.47		True
unknown
CONTIG	utg000370l	64233	mis_unaligned
CONTIG	utg000524l	56779	unaligned
116800	116915	11544	11429	NC_057382.1	utg000246l	99.14		True
unknown
114285	114361	14079	14003	NC_057382.1	utg000246l	100.0		True
unknown
113186	113279	15150	15057	NC_057382.1	utg000246l	100.0		True
unknown
107345	107485	28269	28129	NC_057382.1	utg000246l	100.0		True
unknown
106923	107047	28683	28559	NC_057382.1	utg000246l	99.2		True
unknown
106305	106405	29307	29207	NC_057382.1	utg000246l	100.0		True
unknown
105376	105466	30234	30144	NC_057382.1	utg000246l	100.0		True
unknown
CONTIG	utg000246l	59796	mis_unaligned
CONTIG	utg000362l	61251	unaligned
862946	863038	11292	11384	NC_057382.1	utg000172l	97.85		True
CONTIG	utg000172l	62753	correct_unaligned
3310576	3310666	15173	15083	NC_057372.1	utg000120l	100.0		True
unknown
3309309	3309446	16437	16300	NC_057372.1	utg000120l	98.55		True
unknown
CONTIG	utg000120l	56044	mis_unaligned
CONTIG	utg000750l	5864	unaligned
1173158	1173261	41995	42098	NC_057378.1	utg000235l	100.0		True
unknown
1173446	1173553	42282	42389	NC_057378.1	utg000235l	100.0		True
unknown
CONTIG	utg000235l	63785	mis_unaligned
1225413	1225634	86	307	NC_057384.1	utg000184l	95.95		True
unknown
1226215	1226329	885	999	NC_057384.1	utg000184l	97.39		True
unknown
1226619	1226787	1280	1448	NC_057384.1	utg000184l	97.63		True
unknown
1228469	1228594	3126	3251	NC_057384.1	utg000184l	95.24		True
unknown
566713	566851	32155	32293	NC_057371.1	utg000184l	100.0		True
unknown
566896	567005	32333	32442	NC_057371.1	utg000184l	100.0		True
unknown
568197	568285	33634	33722	NC_057371.1	utg000184l	100.0		True
unknown
CONTIG	utg000184l	56227	mis_unaligned
CONTIG	utg000222l	56527	unaligned
CONTIG	utg000423l	58145	unaligned
986234	986321	50372	50459	NC_057382.1	utg000293l	100.0		True
unknown
991666	991784	55777	55896	NC_057382.1	utg000293l	98.33		True
unknown
992114	992255	56215	56354	NC_057382.1	utg000293l	97.18		True
unknown
993133	993224	57232	57323	NC_057382.1	utg000293l	98.91		True
unknown
CONTIG	utg000293l	67641	mis_unaligned
CONTIG	utg000713l	5959	unaligned
CONTIG	utg000306l	60025	unaligned
1814252	1814382	20959	21090	NC_057381.1	utg000338l	98.48		True
unknown
1822551	1822678	28400	28527	NC_057381.1	utg000338l	100.0		True
unknown
CONTIG	utg000338l	56501	mis_unaligned
CONTIG	utg000214l	58364	unaligned
CONTIG	utg000631l	58078	unaligned
48660	48732	118	190	NC_057376.1	utg000159l	95.89		True
unknown
48871	48945	323	397	NC_057376.1	utg000159l	100.0		True
unknown
49013	49265	466	718	NC_057376.1	utg000159l	97.23		True
unknown
49353	49534	772	953	NC_057376.1	utg000159l	98.35		True
unknown
51256	51407	2630	2781	NC_057376.1	utg000159l	96.71		True
unknown
213265	213337	42165	42237	NC_057376.1	utg000159l	100.0		True
unknown
221324	221420	49654	49750	NC_057376.1	utg000159l	100.0		True
unknown
223736	223883	51856	52003	NC_057376.1	utg000159l	100.0		True
unknown
226886	226959	54217	54290	NC_057376.1	utg000159l	100.0		True
unknown
CONTIG	utg000159l	64813	mis_unaligned
CONTIG	utg000284l	59223	unaligned
CONTIG	utg000636l	59160	unaligned
1886033	1886135	50432	50330	NC_057379.1	utg000430l	100.0		True
unknown
1883867	1883961	52778	52684	NC_057379.1	utg000430l	100.0		True
unknown
CONTIG	utg000430l	59466	mis_unaligned
1419530	1419610	58810	58730	NC_057374.1	utg000046l	100.0		True
unknown
1414221	1414317	64213	64117	NC_057374.1	utg000046l	100.0		True
unknown
1407953	1408025	70573	70501	NC_057374.1	utg000046l	100.0		True
unknown
1403609	1403821	74915	74703	NC_057374.1	utg000046l	99.53		True
unknown
1396362	1396445	81110	81027	NC_057374.1	utg000046l	100.0		True
unknown
1394488	1394607	82986	82867	NC_057374.1	utg000046l	100.0		True
unknown
1393809	1393885	83650	83574	NC_057374.1	utg000046l	98.7		True
unknown
1387247	1387373	94746	94620	NC_057374.1	utg000046l	99.21		True
unknown
1387105	1387206	94884	94783	NC_057374.1	utg000046l	98.04		True
unknown
1386909	1387018	95079	94970	NC_057374.1	utg000046l	100.0		True
unknown
1385807	1385976	96193	96024	NC_057374.1	utg000046l	97.65		True
unknown
1383191	1383286	98840	98745	NC_057374.1	utg000046l	100.0		True
unknown
1379433	1379501	102526	102458	NC_057374.1	utg000046l	97.1		True
unknown
1376015	1376095	105750	105670	NC_057374.1	utg000046l	100.0		True
unknown
1375898	1375974	105864	105788	NC_057374.1	utg000046l	96.1		True
unknown
1372405	1372529	108809	108685	NC_057374.1	utg000046l	100.0		True
unknown
1371645	1371718	109533	109460	NC_057374.1	utg000046l	100.0		True
unknown
1371424	1371568	109748	109604	NC_057374.1	utg000046l	97.24		True
unknown
1366782	1366872	114563	114473	NC_057374.1	utg000046l	100.0		True
unknown
1360195	1360302	120965	120858	NC_057374.1	utg000046l	100.0		True
unknown
1359911	1360069	121247	121089	NC_057374.1	utg000046l	100.0		True
unknown
1359796	1359898	121359	121257	NC_057374.1	utg000046l	98.06		True
unknown
1359623	1359757	121533	121399	NC_057374.1	utg000046l	96.3		True
unknown
1355417	1355516	125907	125808	NC_057374.1	utg000046l	100.0		True
unknown
1332974	1333075	136145	136044	NC_057374.1	utg000046l	100.0		True
unknown
1329403	1329472	139755	139686	NC_057374.1	utg000046l	98.57		True
unknown
1329283	1329382	139874	139775	NC_057374.1	utg000046l	96.0		True
unknown
1328550	1328678	140661	140533	NC_057374.1	utg000046l	99.22		True
unknown
1328240	1328493	140956	140703	NC_057374.1	utg000046l	98.43		True
unknown
1327157	1327290	142035	141902	NC_057374.1	utg000046l	97.01		True
unknown
1312599	1312722	164217	164094	NC_057374.1	utg000046l	98.39		True
unknown
1311135	1311402	165668	165402	NC_057374.1	utg000046l	95.91		True
unknown
1289739	1289807	172793	172861	NC_057374.1	utg000046l	100.0		True
unknown
1290210	1290360	173260	173410	NC_057374.1	utg000046l	100.0		True
unknown
1291496	1291679	174550	174733	NC_057374.1	utg000046l	100.0		True
unknown
1292964	1293126	176014	176176	NC_057374.1	utg000046l	96.93		True
unknown
1293207	1293375	176258	176426	NC_057374.1	utg000046l	100.0		True
unknown
1294062	1294187	177111	177236	NC_057374.1	utg000046l	98.41		True
unknown
1294794	1294995	177840	178041	NC_057374.1	utg000046l	100.0		True
unknown
1295473	1295620	178517	178664	NC_057374.1	utg000046l	95.27		True
unknown
1296101	1296176	179140	179215	NC_057374.1	utg000046l	100.0		True
unknown
1296707	1296805	179739	179837	NC_057374.1	utg000046l	100.0		True
unknown
1284589	1284688	190391	190490	NC_057374.1	utg000046l	100.0		True
unknown
1285534	1285616	191329	191411	NC_057374.1	utg000046l	100.0		True
unknown
1287454	1287546	193232	193324	NC_057374.1	utg000046l	100.0		True
unknown
1271035	1271101	198220	198154	NC_057374.1	utg000046l	100.0		True
unknown
1270531	1270630	198695	198596	NC_057374.1	utg000046l	100.0		True
unknown
1269828	1269994	199381	199215	NC_057374.1	utg000046l	100.0		True
unknown
1269440	1269512	199766	199694	NC_057374.1	utg000046l	97.26		True
unknown
1267507	1267588	201608	201527	NC_057374.1	utg000046l	98.78		True
unknown
1263134	1263256	205753	205631	NC_057374.1	utg000046l	95.12		True
unknown
1261838	1262041	207012	206809	NC_057374.1	utg000046l	98.53		True
unknown
1261527	1261610	207319	207236	NC_057374.1	utg000046l	98.81		True
unknown
1260996	1261138	207851	207709	NC_057374.1	utg000046l	100.0		True
unknown
1260817	1260962	208028	207883	NC_057374.1	utg000046l	95.21		True
unknown
1260535	1260650	208301	208186	NC_057374.1	utg000046l	95.69		True
unknown
1259801	1259902	209037	208936	NC_057374.1	utg000046l	99.02		True
unknown
1259482	1259626	209355	209211	NC_057374.1	utg000046l	98.62		True
unknown
1257270	1257360	211561	211471	NC_057374.1	utg000046l	100.0		True
unknown
1254369	1254436	214431	214364	NC_057374.1	utg000046l	100.0		True
unknown
1248373	1248467	219692	219598	NC_057374.1	utg000046l	100.0		True
unknown
1243626	1243706	224323	224243	NC_057374.1	utg000046l	100.0		True
unknown
1241974	1242142	225685	225517	NC_057374.1	utg000046l	100.0		True
unknown
1234017	1234095	235077	234999	NC_057374.1	utg000046l	100.0		True
unknown
1227592	1227674	241465	241383	NC_057374.1	utg000046l	100.0		True
unknown
1218929	1219006	250730	250653	NC_057374.1	utg000046l	100.0		True
unknown
1217660	1217736	252032	251956	NC_057374.1	utg000046l	97.4		True
unknown
1213903	1214066	255796	255633	NC_057374.1	utg000046l	100.0		True
unknown
1210121	1210272	259599	259447	NC_057374.1	utg000046l	99.35		True
unknown
1206709	1206815	263045	262939	NC_057374.1	utg000046l	100.0		True
unknown
1206214	1206509	263531	263236	NC_057374.1	utg000046l	97.97		True
unknown
1203643	1203878	266075	265842	NC_057374.1	utg000046l	95.8		True
unknown
1201959	1202055	267713	267617	NC_057374.1	utg000046l	98.97		True
unknown
1200303	1200370	269242	269175	NC_057374.1	utg000046l	100.0		True
unknown
1196620	1196684	272785	272721	NC_057374.1	utg000046l	100.0		True
unknown
1196223	1196394	273177	273006	NC_057374.1	utg000046l	100.0		True
unknown
1195243	1195311	274195	274127	NC_057374.1	utg000046l	97.1		True
unknown
1194885	1194969	274543	274459	NC_057374.1	utg000046l	97.65		True
unknown
1193391	1193523	275953	275821	NC_057374.1	utg000046l	100.0		True
unknown
1186762	1186839	285156	285079	NC_057374.1	utg000046l	100.0		True
unknown
1184362	1184452	287635	287545	NC_057374.1	utg000046l	100.0		True
unknown
1176614	1176763	296000	295851	NC_057374.1	utg000046l	99.33		True
unknown
1172078	1172200	300218	300098	NC_057374.1	utg000046l	98.37		True
unknown
1169571	1169653	301918	301836	NC_057374.1	utg000046l	100.0		True
unknown
1169142	1169290	302323	302175	NC_057374.1	utg000046l	97.99		True
unknown
1168695	1168771	302762	302686	NC_057374.1	utg000046l	100.0		True
unknown
1168564	1168637	302895	302822	NC_057374.1	utg000046l	100.0		True
unknown
1168151	1168228	303313	303236	NC_057374.1	utg000046l	100.0		True
unknown
1164204	1164323	306803	306684	NC_057374.1	utg000046l	100.0		True
unknown
1154511	1154581	316778	316708	NC_057374.1	utg000046l	100.0		True
unknown
1148248	1148365	324584	324467	NC_057374.1	utg000046l	100.0		True
unknown
1146683	1146975	326186	325897	NC_057374.1	utg000046l	96.26		True
unknown
1145754	1145863	327100	326991	NC_057374.1	utg000046l	99.09		True
unknown
1142914	1142990	329961	329885	NC_057374.1	utg000046l	100.0		True
unknown
1096841	1096946	374786	374681	NC_057374.1	utg000046l	100.0		True
unknown
1084606	1084821	386589	386374	NC_057374.1	utg000046l	98.61		True
unknown
1084435	1084535	386758	386658	NC_057374.1	utg000046l	95.05		True
unknown
1084113	1084213	387074	386974	NC_057374.1	utg000046l	99.01		True
unknown
1083780	1083997	387404	387187	NC_057374.1	utg000046l	96.33		True
unknown
1081112	1081279	390000	389833	NC_057374.1	utg000046l	98.21		True
unknown
1080521	1080631	390564	390454	NC_057374.1	utg000046l	100.0		True
unknown
1078463	1078536	393073	393000	NC_057374.1	utg000046l	100.0		True
unknown
1077900	1078114	393618	393404	NC_057374.1	utg000046l	100.0		True
unknown
1075000	1075093	396283	396190	NC_057374.1	utg000046l	100.0		True
unknown
1074381	1074482	396903	396802	NC_057374.1	utg000046l	100.0		True
unknown
1073889	1074028	397395	397256	NC_057374.1	utg000046l	99.29		True
unknown
1071117	1071197	400610	400530	NC_057374.1	utg000046l	100.0		True
unknown
1070586	1070682	401146	401050	NC_057374.1	utg000046l	100.0		True
unknown
1066737	1066803	404937	404871	NC_057374.1	utg000046l	100.0		True
unknown
1063755	1063832	407969	407892	NC_057374.1	utg000046l	100.0		True
unknown
1062678	1062785	409016	408909	NC_057374.1	utg000046l	100.0		True
unknown
1054486	1054567	417791	417710	NC_057374.1	utg000046l	100.0		True
unknown
1046941	1047095	425106	424952	NC_057374.1	utg000046l	98.71		True
unknown
1038471	1038633	433608	433446	NC_057374.1	utg000046l	96.93		True
unknown
1034052	1034178	438089	437965	NC_057374.1	utg000046l	98.43		True
unknown
1027348	1027431	441895	441812	NC_057374.1	utg000046l	100.0		True
unknown
1023248	1023351	445765	445662	NC_057374.1	utg000046l	100.0		True
unknown
1022359	1022540	446688	446507	NC_057374.1	utg000046l	96.7		True
unknown
1021921	1022032	447120	447009	NC_057374.1	utg000046l	97.32		True
unknown
1018311	1018382	450639	450568	NC_057374.1	utg000046l	100.0		True
unknown
1016970	1017082	451954	451842	NC_057374.1	utg000046l	100.0		True
unknown
1016225	1016370	452685	452540	NC_057374.1	utg000046l	96.58		True
unknown
1015881	1016008	453024	452897	NC_057374.1	utg000046l	97.66		True
unknown
1013590	1013690	454955	454855	NC_057374.1	utg000046l	100.0		True
unknown
1012863	1013014	455677	455526	NC_057374.1	utg000046l	98.68		True
unknown
1012735	1012861	455804	455678	NC_057374.1	utg000046l	96.85		True
unknown
1008704	1008793	460601	460512	NC_057374.1	utg000046l	100.0		True
unknown
1002789	1002877	468614	468526	NC_057374.1	utg000046l	100.0		True
unknown
1000521	1000637	470918	470802	NC_057374.1	utg000046l	100.0		True
unknown
989579	989648	481972	481903	NC_057374.1	utg000046l	100.0		True
unknown
989114	989194	482425	482345	NC_057374.1	utg000046l	100.0		True
unknown
984398	984564	486951	486785	NC_057374.1	utg000046l	96.41		True
unknown
982815	982898	488931	488847	NC_057374.1	utg000046l	98.82		True
unknown
970467	970546	502233	502154	NC_057374.1	utg000046l	98.75		True
unknown
968107	968216	504613	504504	NC_057374.1	utg000046l	100.0		True
unknown
967028	967105	505693	505616	NC_057374.1	utg000046l	100.0		True
unknown
964831	964972	507886	507744	NC_057374.1	utg000046l	98.6		True
unknown
962684	962770	510054	509968	NC_057374.1	utg000046l	100.0		True
unknown
959190	959348	513531	513373	NC_057374.1	utg000046l	95.6		True
unknown
958004	958183	514723	514544	NC_057374.1	utg000046l	97.22		True
unknown
957301	957688	515432	515045	NC_057374.1	utg000046l	95.88		True
unknown
956776	956853	515973	515896	NC_057374.1	utg000046l	100.0		True
unknown
934400	934508	538016	537908	NC_057374.1	utg000046l	99.08		True
unknown
932183	932289	540224	540118	NC_057374.1	utg000046l	100.0		True
unknown
CONTIG	utg000046l	564944	mis_unaligned
CONTIG	utg000324l	60704	unaligned
752806	752912	14622	14516	NC_057374.1	utg000274l	99.07		True
unknown
751788	751922	15638	15504	NC_057374.1	utg000274l	100.0		True
unknown
CONTIG	utg000274l	64587	mis_unaligned
CONTIG	utg000355l	58448	unaligned
965361	965518	54897	54740	NC_057382.1	utg000280l	98.73		True
CONTIG	utg000280l	60009	correct_unaligned
CONTIG	utg000456l	55216	unaligned
CONTIG	utg000637l	55624	unaligned
CONTIG	utg000604l	66437	unaligned
CONTIG	utg000795l	6313	unaligned
CONTIG	utg000793l	6401	unaligned
2512549	2512673	15444	15321	NC_057385.1	utg000079l	98.4		True
unknown
2510591	2510729	17427	17289	NC_057385.1	utg000079l	100.0		True
unknown
2510340	2510560	17678	17458	NC_057385.1	utg000079l	98.19		True
unknown
2509980	2510312	18042	17710	NC_057385.1	utg000079l	98.8		True
unknown
2509768	2509889	18243	18122	NC_057385.1	utg000079l	95.9		True
unknown
2509528	2509670	18479	18337	NC_057385.1	utg000079l	100.0		True
unknown
2509027	2509163	18977	18841	NC_057385.1	utg000079l	98.54		True
unknown
2473020	2473095	62273	62198	NC_057385.1	utg000079l	100.0		True
unknown
2466976	2467100	68179	68055	NC_057385.1	utg000079l	100.0		True
unknown
2464381	2464468	70696	70610	NC_057385.1	utg000079l	98.86		True
unknown
2453433	2453548	81208	81093	NC_057385.1	utg000079l	100.0		True
unknown
2447062	2447133	87233	87162	NC_057385.1	utg000079l	98.61		True
unknown
2446740	2446820	87550	87470	NC_057385.1	utg000079l	95.06		True
unknown
2446476	2446549	87823	87750	NC_057385.1	utg000079l	100.0		True
unknown
2429838	2429925	105420	105333	NC_057385.1	utg000079l	100.0		True
unknown
2429699	2429798	105556	105457	NC_057385.1	utg000079l	100.0		True
unknown
2429051	2429144	106200	106106	NC_057385.1	utg000079l	98.95		True
unknown
2427634	2427713	107542	107463	NC_057385.1	utg000079l	100.0		True
unknown
2424047	2424132	111230	111145	NC_057385.1	utg000079l	100.0		True
unknown
2422419	2422505	112883	112797	NC_057385.1	utg000079l	100.0		True
unknown
2419366	2419487	115942	115821	NC_057385.1	utg000079l	100.0		True
unknown
2417650	2417759	117630	117522	NC_057385.1	utg000079l	98.18		True
unknown
2412942	2413033	122488	122397	NC_057385.1	utg000079l	95.65		True
unknown
2412539	2412694	122887	122732	NC_057385.1	utg000079l	96.79		True
unknown
2402155	2402243	136064	135976	NC_057385.1	utg000079l	98.88		True
unknown
2401756	2401886	136461	136331	NC_057385.1	utg000079l	100.0		True
unknown
2394908	2395000	143058	142966	NC_057385.1	utg000079l	100.0		True
unknown
2393872	2394035	144068	143905	NC_057385.1	utg000079l	100.0		True
unknown
2388288	2388365	149585	149508	NC_057385.1	utg000079l	100.0		True
unknown
2387892	2388071	149947	149768	NC_057385.1	utg000079l	95.56		True
unknown
2387693	2387850	150143	149986	NC_057385.1	utg000079l	96.2		True
unknown
2387430	2387541	150432	150321	NC_057385.1	utg000079l	97.32		True
unknown
2387210	2387306	150647	150551	NC_057385.1	utg000079l	95.88		True
unknown
2386920	2387000	150927	150847	NC_057385.1	utg000079l	100.0		True
unknown
2385815	2385899	151933	151849	NC_057385.1	utg000079l	100.0		True
unknown
2382049	2382218	155606	155437	NC_057385.1	utg000079l	100.0		True
unknown
2379151	2379344	158467	158274	NC_057385.1	utg000079l	95.36		True
unknown
2378813	2378943	158808	158678	NC_057385.1	utg000079l	100.0		True
unknown
2374981	2375120	162700	162558	NC_057385.1	utg000079l	95.8		True
unknown
2373119	2373272	164574	164421	NC_057385.1	utg000079l	100.0		True
unknown
2370244	2370447	167470	167264	NC_057385.1	utg000079l	96.62		True
unknown
2369582	2369699	168130	168013	NC_057385.1	utg000079l	100.0		True
unknown
2368834	2368947	168886	168773	NC_057385.1	utg000079l	95.61		True
unknown
2368637	2368730	169116	169023	NC_057385.1	utg000079l	97.87		True
unknown
2367770	2367841	169966	169895	NC_057385.1	utg000079l	100.0		True
unknown
2365639	2365719	172109	172029	NC_057385.1	utg000079l	100.0		True
unknown
2364631	2364761	173113	172983	NC_057385.1	utg000079l	100.0		True
unknown
2362499	2362628	175242	175113	NC_057385.1	utg000079l	99.23		True
unknown
2360842	2361045	176861	176656	NC_057385.1	utg000079l	99.03		True
unknown
2360159	2360258	177529	177430	NC_057385.1	utg000079l	98.0		True
unknown
2359213	2359596	178474	178091	NC_057385.1	utg000079l	96.88		True
unknown
2359044	2359212	178645	178477	NC_057385.1	utg000079l	97.04		True
unknown
2358408	2358519	179276	179165	NC_057385.1	utg000079l	96.43		True
unknown
2357677	2357753	180009	179933	NC_057385.1	utg000079l	100.0		True
unknown
2355890	2356049	181807	181648	NC_057385.1	utg000079l	100.0		True
unknown
2354466	2354638	183201	183029	NC_057385.1	utg000079l	100.0		True
unknown
2353760	2353911	183911	183759	NC_057385.1	utg000079l	96.1		True
unknown
2352884	2352979	184819	184724	NC_057385.1	utg000079l	100.0		True
unknown
2350565	2350743	187146	186968	NC_057385.1	utg000079l	100.0		True
unknown
2349686	2349774	188049	187961	NC_057385.1	utg000079l	100.0		True
unknown
2349162	2349305	188584	188441	NC_057385.1	utg000079l	100.0		True
unknown
2345659	2345731	192035	191963	NC_057385.1	utg000079l	100.0		True
unknown
2337615	2337720	200152	200047	NC_057385.1	utg000079l	99.06		True
unknown
2337518	2337582	200245	200181	NC_057385.1	utg000079l	100.0		True
unknown
2336432	2336509	201345	201268	NC_057385.1	utg000079l	100.0		True
unknown
2333139	2333247	204675	204567	NC_057385.1	utg000079l	99.08		True
unknown
2330986	2331079	206856	206763	NC_057385.1	utg000079l	100.0		True
unknown
2327101	2327192	210746	210655	NC_057385.1	utg000079l	98.91		True
unknown
2320527	2320596	217113	217044	NC_057385.1	utg000079l	100.0		True
unknown
2316967	2317163	220638	220441	NC_057385.1	utg000079l	98.48		True
unknown
2313559	2313668	224071	223962	NC_057385.1	utg000079l	100.0		True
unknown
2311908	2311977	225698	225629	NC_057385.1	utg000079l	100.0		True
unknown
2309289	2309368	228301	228222	NC_057385.1	utg000079l	100.0		True
unknown
2308191	2308297	229381	229275	NC_057385.1	utg000079l	100.0		True
unknown
2298732	2298814	238710	238628	NC_057385.1	utg000079l	100.0		True
unknown
2297802	2297948	239649	239503	NC_057385.1	utg000079l	99.32		True
unknown
2297608	2297800	239842	239650	NC_057385.1	utg000079l	97.93		True
unknown
2297113	2297224	240314	240203	NC_057385.1	utg000079l	100.0		True
unknown
2296951	2297053	240486	240384	NC_057385.1	utg000079l	100.0		True
unknown
2296097	2296225	241320	241192	NC_057385.1	utg000079l	99.22		True
unknown
2295857	2296010	241559	241406	NC_057385.1	utg000079l	99.35		True
unknown
2294407	2294534	243021	242895	NC_057385.1	utg000079l	97.67		True
unknown
2288647	2288795	248694	248546	NC_057385.1	utg000079l	99.33		True
unknown
2286879	2287055	250464	250288	NC_057385.1	utg000079l	96.61		True
unknown
2286702	2286839	250634	250497	NC_057385.1	utg000079l	96.38		True
unknown
2285745	2285833	251600	251512	NC_057385.1	utg000079l	100.0		True
unknown
2284741	2284827	252601	252515	NC_057385.1	utg000079l	100.0		True
unknown
2284239	2284325	253096	253010	NC_057385.1	utg000079l	95.4		True
unknown
2282906	2283008	254412	254310	NC_057385.1	utg000079l	99.03		True
unknown
2281801	2281897	255426	255330	NC_057385.1	utg000079l	100.0		True
unknown
2277575	2277667	260443	260351	NC_057385.1	utg000079l	98.92		True
unknown
2277068	2277186	260947	260829	NC_057385.1	utg000079l	100.0		True
unknown
2276045	2276125	261974	261894	NC_057385.1	utg000079l	100.0		True
unknown
2275787	2275854	262229	262162	NC_057385.1	utg000079l	100.0		True
unknown
2275411	2275518	262595	262488	NC_057385.1	utg000079l	100.0		True
unknown
2274887	2274958	263118	263047	NC_057385.1	utg000079l	100.0		True
unknown
2273442	2273527	264543	264458	NC_057385.1	utg000079l	98.84		True
unknown
2268455	2268732	269467	269190	NC_057385.1	utg000079l	99.64		True
unknown
2267464	2267573	270479	270370	NC_057385.1	utg000079l	100.0		True
unknown
2266522	2266604	271432	271350	NC_057385.1	utg000079l	100.0		True
unknown
2263664	2263767	274275	274172	NC_057385.1	utg000079l	100.0		True
unknown
2262932	2263108	275006	274833	NC_057385.1	utg000079l	95.48		True
unknown
2258537	2258613	282608	282532	NC_057385.1	utg000079l	100.0		True
unknown
2256836	2256937	284297	284196	NC_057385.1	utg000079l	95.1		True
unknown
2256383	2256494	284757	284646	NC_057385.1	utg000079l	99.11		True
unknown
2254745	2254951	286398	286192	NC_057385.1	utg000079l	100.0		True
unknown
2250565	2250665	291275	291175	NC_057385.1	utg000079l	100.0		True
unknown
2249276	2249375	292564	292465	NC_057385.1	utg000079l	100.0		True
unknown
2248689	2248811	293151	293030	NC_057385.1	utg000079l	96.75		True
unknown
2234652	2234755	307274	307171	NC_057385.1	utg000079l	100.0		True
unknown
2231106	2231318	310770	310560	NC_057385.1	utg000079l	96.73		True
unknown
2224842	2225044	316967	316765	NC_057385.1	utg000079l	100.0		True
unknown
2221514	2221596	320298	320216	NC_057385.1	utg000079l	100.0		True
unknown
2220429	2220538	321371	321262	NC_057385.1	utg000079l	100.0		True
unknown
2217467	2217580	324298	324185	NC_057385.1	utg000079l	100.0		True
unknown
2213138	2213338	328617	328417	NC_057385.1	utg000079l	95.02		True
unknown
2212852	2212965	328901	328788	NC_057385.1	utg000079l	95.61		True
unknown
2212185	2212315	329528	329398	NC_057385.1	utg000079l	97.71		True
unknown
2211427	2211513	330288	330202	NC_057385.1	utg000079l	100.0		True
unknown
2210666	2210798	331040	330908	NC_057385.1	utg000079l	100.0		True
unknown
2209970	2210127	331733	331576	NC_057385.1	utg000079l	99.37		True
unknown
2209401	2209612	332300	332089	NC_057385.1	utg000079l	98.58		True
unknown
2208040	2208148	333652	333544	NC_057385.1	utg000079l	99.08		True
unknown
2207076	2207165	334594	334505	NC_057385.1	utg000079l	97.78		True
unknown
2201461	2201548	340064	339977	NC_057385.1	utg000079l	98.86		True
unknown
2201369	2201458	340154	340065	NC_057385.1	utg000079l	95.56		True
unknown
2196886	2196953	344343	344276	NC_057385.1	utg000079l	100.0		True
unknown
2193142	2193223	347677	347596	NC_057385.1	utg000079l	97.56		True
unknown
2192565	2192731	348237	348071	NC_057385.1	utg000079l	98.8		True
unknown
2192120	2192191	348661	348590	NC_057385.1	utg000079l	100.0		True
unknown
2191748	2191870	349027	348905	NC_057385.1	utg000079l	100.0		True
unknown
2190824	2190907	349986	349903	NC_057385.1	utg000079l	100.0		True
unknown
2188880	2189011	351916	351785	NC_057385.1	utg000079l	99.24		True
unknown
2185991	2186079	354817	354729	NC_057385.1	utg000079l	100.0		True
unknown
2184603	2184732	356193	356064	NC_057385.1	utg000079l	100.0		True
unknown
2183965	2184035	356839	356769	NC_057385.1	utg000079l	100.0		True
unknown
2182544	2182683	358259	358120	NC_057385.1	utg000079l	97.86		True
unknown
2181235	2181330	359578	359483	NC_057385.1	utg000079l	100.0		True
unknown
2180201	2180312	360657	360546	NC_057385.1	utg000079l	97.32		True
unknown
2178522	2178709	362344	362157	NC_057385.1	utg000079l	100.0		True
unknown
2174425	2174493	366411	366343	NC_057385.1	utg000079l	100.0		True
unknown
2173863	2173948	366972	366887	NC_057385.1	utg000079l	95.35		True
unknown
2173720	2173842	367117	366995	NC_057385.1	utg000079l	100.0		True
unknown
2171007	2171125	369824	369706	NC_057385.1	utg000079l	99.16		True
unknown
2170377	2170486	370461	370352	NC_057385.1	utg000079l	100.0		True
unknown
2170152	2170325	370684	370511	NC_057385.1	utg000079l	95.4		True
unknown
2169012	2169236	371839	371615	NC_057385.1	utg000079l	95.56		True
unknown
2168447	2168599	372423	372271	NC_057385.1	utg000079l	96.73		True
unknown
2167964	2168302	372904	372566	NC_057385.1	utg000079l	100.0		True
unknown
2167846	2167941	373020	372925	NC_057385.1	utg000079l	96.88		True
unknown
2162600	2162679	378337	378258	NC_057385.1	utg000079l	100.0		True
unknown
2159771	2159845	381147	381073	NC_057385.1	utg000079l	100.0		True
unknown
2159359	2159615	381567	381311	NC_057385.1	utg000079l	96.5		True
unknown
2158526	2158592	382400	382334	NC_057385.1	utg000079l	97.01		True
unknown
2158180	2158287	382745	382638	NC_057385.1	utg000079l	99.07		True
unknown
2154782	2154871	386121	386032	NC_057385.1	utg000079l	97.78		True
unknown
2154654	2154760	386249	386143	NC_057385.1	utg000079l	96.26		True
unknown
1091361	1091452	418670	418579	NC_057385.1	utg000079l	100.0		True
unknown
1088657	1088744	421037	420949	NC_057385.1	utg000079l	98.88		True
unknown
1087690	1087769	421984	421905	NC_057385.1	utg000079l	100.0		True
unknown
1084546	1084624	424836	424758	NC_057385.1	utg000079l	97.47		True
unknown
1081321	1081448	427987	427860	NC_057385.1	utg000079l	100.0		True
unknown
1080440	1080518	428858	428780	NC_057385.1	utg000079l	100.0		True
unknown
1078953	1079074	430278	430157	NC_057385.1	utg000079l	100.0		True
unknown
1100430	1100552	435064	435186	NC_057385.1	utg000079l	99.19		True
unknown
1103829	1103949	438423	438544	NC_057385.1	utg000079l	99.18		True
unknown
1111916	1112025	447393	447502	NC_057385.1	utg000079l	100.0		True
unknown
1117411	1117513	452031	452133	NC_057385.1	utg000079l	98.06		True
unknown
1117824	1118260	452432	452860	NC_057385.1	utg000079l	95.43		True
unknown
1121543	1121705	456012	456174	NC_057385.1	utg000079l	95.09		True
unknown
1122001	1122116	456474	456589	NC_057385.1	utg000079l	97.41		True
unknown
1122583	1122703	457063	457183	NC_057385.1	utg000079l	100.0		True
unknown
1126322	1126413	460669	460760	NC_057385.1	utg000079l	100.0		True
unknown
1128371	1128505	462764	462898	NC_057385.1	utg000079l	97.04		True
unknown
1128689	1128866	463077	463254	NC_057385.1	utg000079l	97.75		True
unknown
1146506	1146609	480499	480602	NC_057385.1	utg000079l	100.0		True
unknown
1157923	1158033	494526	494636	NC_057385.1	utg000079l	100.0		True
unknown
1165521	1165658	502102	502239	NC_057385.1	utg000079l	100.0		True
unknown
1166474	1166602	503044	503172	NC_057385.1	utg000079l	100.0		True
unknown
1168189	1168275	504719	504805	NC_057385.1	utg000079l	100.0		True
unknown
1170127	1170259	506633	506765	NC_057385.1	utg000079l	100.0		True
unknown
1176219	1176461	513491	513731	NC_057385.1	utg000079l	97.94		True
unknown
1176981	1177071	514238	514328	NC_057385.1	utg000079l	100.0		True
unknown
1177646	1177790	514899	515043	NC_057385.1	utg000079l	98.62		True
unknown
1177880	1178031	515125	515276	NC_057385.1	utg000079l	98.68		True
unknown
1178496	1178623	515742	515869	NC_057385.1	utg000079l	100.0		True
unknown
1178774	1178854	516024	516104	NC_057385.1	utg000079l	96.3		True
unknown
1184171	1184263	521086	521178	NC_057385.1	utg000079l	100.0		True
unknown
1185480	1185558	522347	522425	NC_057385.1	utg000079l	98.73		True
unknown
1187404	1187477	524238	524311	NC_057385.1	utg000079l	98.65		True
unknown
1188243	1188329	525053	525139	NC_057385.1	utg000079l	100.0		True
unknown
1190191	1190277	527008	527094	NC_057385.1	utg000079l	100.0		True
unknown
1190979	1191076	527801	527898	NC_057385.1	utg000079l	100.0		True
unknown
1197490	1197584	535704	535798	NC_057385.1	utg000079l	100.0		True
unknown
1201831	1202077	539891	540137	NC_057385.1	utg000079l	99.19		True
unknown
1202240	1202323	540288	540371	NC_057385.1	utg000079l	95.24		True
unknown
1206675	1206742	544513	544580	NC_057385.1	utg000079l	100.0		True
unknown
1208251	1208324	546139	546213	NC_057385.1	utg000079l	98.67		True
unknown
1208938	1209002	546857	546921	NC_057385.1	utg000079l	100.0		True
unknown
1212732	1212935	550714	550917	NC_057385.1	utg000079l	98.53		True
unknown
1219357	1219503	557364	557510	NC_057385.1	utg000079l	100.0		True
unknown
1226489	1226746	564447	564704	NC_057385.1	utg000079l	97.67		True
unknown
1228816	1228989	566776	566949	NC_057385.1	utg000079l	100.0		True
unknown
1236857	1236935	574668	574746	NC_057385.1	utg000079l	100.0		True
unknown
1239767	1239838	577646	577717	NC_057385.1	utg000079l	95.83		True
unknown
1242953	1243021	580774	580842	NC_057385.1	utg000079l	100.0		True
unknown
1243463	1243599	581272	581408	NC_057385.1	utg000079l	100.0		True
unknown
1246744	1246854	584516	584626	NC_057385.1	utg000079l	100.0		True
unknown
1249886	1249951	587597	587662	NC_057385.1	utg000079l	100.0		True
unknown
1254678	1254770	592031	592123	NC_057385.1	utg000079l	100.0		True
unknown
1276309	1276393	613572	613656	NC_057385.1	utg000079l	98.82		True
unknown
1278862	1278957	616086	616181	NC_057385.1	utg000079l	100.0		True
unknown
1279469	1279545	616710	616786	NC_057385.1	utg000079l	100.0		True
unknown
1280959	1281057	618189	618287	NC_057385.1	utg000079l	96.97		True
unknown
1281614	1281717	619077	619180	NC_057385.1	utg000079l	100.0		True
unknown
1282911	1283002	620387	620478	NC_057385.1	utg000079l	100.0		True
unknown
1303709	1303785	633962	634038	NC_057385.1	utg000079l	98.7		True
unknown
1303910	1304016	634165	634271	NC_057385.1	utg000079l	97.2		True
unknown
1304465	1304668	634721	634924	NC_057385.1	utg000079l	98.53		True
unknown
1306375	1306442	636699	636766	NC_057385.1	utg000079l	100.0		True
unknown
1307150	1307215	637466	637531	NC_057385.1	utg000079l	100.0		True
unknown
CONTIG	utg000079l	647622	mis_unaligned
CONTIG	utg000714l	5685	unaligned
CONTIG	utg000404l	64395	unaligned
CONTIG	utg000453l	62232	unaligned
1465819	1465895	1908	1832	NC_057378.1	utg000252l	97.4		True
unknown
1465578	1465656	2149	2071	NC_057378.1	utg000252l	98.73		True
unknown
1465422	1465517	2303	2208	NC_057378.1	utg000252l	96.88		True
unknown
CONTIG	utg000252l	62274	mis_unaligned
738677	738785	9819	9927	NC_057377.1	utg000007l	100.0		True
unknown
741257	741387	12391	12521	NC_057377.1	utg000007l	100.0		True
unknown
741881	741969	13000	13088	NC_057377.1	utg000007l	100.0		True
unknown
742390	742541	13504	13655	NC_057377.1	utg000007l	100.0		True
unknown
746889	746995	17978	18084	NC_057377.1	utg000007l	100.0		True
unknown
748827	748959	19913	20045	NC_057377.1	utg000007l	100.0		True
unknown
749374	749464	20454	20544	NC_057377.1	utg000007l	100.0		True
unknown
763127	763220	38456	38549	NC_057377.1	utg000007l	100.0		True
unknown
763898	764078	39231	39411	NC_057377.1	utg000007l	100.0		True
unknown
764643	764763	39967	40087	NC_057377.1	utg000007l	100.0		True
unknown
765844	765935	41173	41264	NC_057377.1	utg000007l	100.0		True
unknown
766836	766935	42160	42259	NC_057377.1	utg000007l	100.0		True
unknown
772461	772559	49787	49885	NC_057377.1	utg000007l	100.0		True
unknown
774183	774286	51478	51581	NC_057377.1	utg000007l	100.0		True
unknown
774671	774826	51957	52112	NC_057377.1	utg000007l	96.79		True
unknown
775765	775889	53039	53163	NC_057377.1	utg000007l	98.4		True
unknown
CONTIG	utg000007l	60479	mis_unaligned
CONTIG	utg000646l	64569	unaligned
764688	764763	26562	26487	NC_057377.1	utg000008l	100.0		True
unknown
763894	764075	27354	27173	NC_057377.1	utg000008l	100.0		True
unknown
763142	763211	28105	28036	NC_057377.1	utg000008l	100.0		True
unknown
750306	750464	45238	45080	NC_057377.1	utg000008l	96.23		True
unknown
742450	742540	53031	52941	NC_057377.1	utg000008l	100.0		True
unknown
738531	738644	56879	56766	NC_057377.1	utg000008l	99.12		True
unknown
CONTIG	utg000008l	66662	mis_unaligned
CONTIG	utg000518l	59162	unaligned
CONTIG	utg000348l	66772	unaligned
465782	465876	11877	11971	NC_057385.1	utg000023l	100.0		True
unknown
466297	466393	12389	12485	NC_057385.1	utg000023l	96.91		True
unknown
467953	468043	14048	14138	NC_057385.1	utg000023l	100.0		True
unknown
470139	470250	16203	16314	NC_057385.1	utg000023l	100.0		True
unknown
622651	622763	62246	62134	NC_057385.1	utg000023l	98.23		True
unknown
622468	622585	62429	62312	NC_057385.1	utg000023l	99.15		True
unknown
622382	622467	62516	62431	NC_057385.1	utg000023l	97.67		True
unknown
622145	622249	62750	62646	NC_057385.1	utg000023l	100.0		True
unknown
621625	621763	63271	63133	NC_057385.1	utg000023l	98.56		True
unknown
621385	621511	63514	63388	NC_057385.1	utg000023l	97.64		True
unknown
620883	621023	64044	63904	NC_057385.1	utg000023l	96.45		True
unknown
620757	620874	64162	64045	NC_057385.1	utg000023l	98.31		True
unknown
CONTIG	utg000023l	64407	mis_unaligned
2954341	2954445	1836	1732	NC_057373.1	utg000319l	99.05		True
unknown
2953211	2953291	2973	2893	NC_057373.1	utg000319l	100.0		True
unknown
2949035	2949116	6952	6871	NC_057373.1	utg000319l	100.0		True
unknown
2944498	2944570	11471	11399	NC_057373.1	utg000319l	100.0		True
unknown
2944158	2944229	11811	11740	NC_057373.1	utg000319l	100.0		True
unknown
2937593	2937726	18340	18207	NC_057373.1	utg000319l	98.51		True
unknown
2937104	2937358	18833	18579	NC_057373.1	utg000319l	99.61		True
unknown
2936720	2936834	19213	19099	NC_057373.1	utg000319l	99.13		True
unknown
2935991	2936056	19924	19859	NC_057373.1	utg000319l	98.48		True
unknown
2935104	2935242	20826	20688	NC_057373.1	utg000319l	99.28		True
unknown
2934730	2934811	21216	21135	NC_057373.1	utg000319l	98.78		True
unknown
2934386	2934479	21560	21467	NC_057373.1	utg000319l	97.87		True
unknown
2934268	2934375	21679	21572	NC_057373.1	utg000319l	99.07		True
unknown
2927152	2927247	40193	40098	NC_057373.1	utg000319l	100.0		True
unknown
2924769	2924869	42638	42538	NC_057373.1	utg000319l	100.0		True
unknown
2922713	2922801	44622	44534	NC_057373.1	utg000319l	100.0		True
unknown
2919625	2919747	47779	47657	NC_057373.1	utg000319l	98.37		True
unknown
2918594	2918685	48831	48740	NC_057373.1	utg000319l	98.91		True
unknown
2918472	2918537	48954	48889	NC_057373.1	utg000319l	95.45		True
unknown
2918143	2918290	49278	49131	NC_057373.1	utg000319l	100.0		True
unknown
2917903	2918142	49520	49281	NC_057373.1	utg000319l	99.58		True
unknown
2917632	2917878	49791	49545	NC_057373.1	utg000319l	99.19		True
unknown
2917314	2917414	50099	49999	NC_057373.1	utg000319l	100.0		True
unknown
2913722	2913825	53588	53485	NC_057373.1	utg000319l	100.0		True
unknown
2913522	2913600	53787	53709	NC_057373.1	utg000319l	100.0		True
unknown
2906291	2906400	59435	59326	NC_057373.1	utg000319l	100.0		True
unknown
2905253	2905381	60470	60342	NC_057373.1	utg000319l	98.45		True
unknown
2903136	2903217	62600	62519	NC_057373.1	utg000319l	100.0		True
unknown
2902606	2902764	63129	62971	NC_057373.1	utg000319l	100.0		True
unknown
2902205	2902341	63527	63391	NC_057373.1	utg000319l	97.81		True
unknown
CONTIG	utg000319l	66165	mis_unaligned
CONTIG	utg000621l	6010	unaligned
CONTIG	utg000030l	65307	unaligned
2510446	2510575	54248	54378	NC_057385.1	utg000063l	95.42		True
CONTIG	utg000063l	65223	correct_unaligned
CONTIG	utg000308l	57545	unaligned
3407928	3408139	6091	5880	NC_057385.1	utg000273l	98.58		True
unknown
3406896	3407047	7117	6968	NC_057385.1	utg000273l	96.71		True
unknown
3406258	3406352	7768	7674	NC_057385.1	utg000273l	100.0		True
unknown
3376075	3376226	51694	51543	NC_057385.1	utg000273l	96.05		True
unknown
3370890	3370975	56968	56883	NC_057385.1	utg000273l	100.0		True
unknown
3370029	3370300	57811	57540	NC_057385.1	utg000273l	98.53		True
unknown
3369704	3369843	58132	57993	NC_057385.1	utg000273l	96.43		True
unknown
CONTIG	utg000273l	58132	mis_unaligned
3014663	3014853	4788	4598	NC_057372.1	utg000019l	98.95		True
unknown
3013867	3014014	5572	5425	NC_057372.1	utg000019l	100.0		True
unknown
1933605	1933698	40858	40765	NC_057371.1	utg000019l	98.94		True
unknown
1933252	1933370	41206	41088	NC_057371.1	utg000019l	99.16		True
unknown
1932110	1932259	42333	42183	NC_057371.1	utg000019l	97.35		True
unknown
2933484	2933711	73509	73282	NC_057372.1	utg000019l	99.56		True
unknown
2931430	2931564	75576	75442	NC_057372.1	utg000019l	99.26		True
unknown
2918137	2918208	88718	88647	NC_057372.1	utg000019l	100.0		True
unknown
2914352	2914436	92713	92629	NC_057372.1	utg000019l	100.0		True
unknown
2913717	2913803	93339	93253	NC_057372.1	utg000019l	100.0		True
unknown
2909245	2909342	97839	97742	NC_057372.1	utg000019l	97.96		True
unknown
2908988	2909172	98097	97913	NC_057372.1	utg000019l	98.92		True
unknown
2908440	2908564	98637	98513	NC_057372.1	utg000019l	97.6		True
unknown
2907602	2907727	99505	99380	NC_057372.1	utg000019l	97.62		True
unknown
2907317	2907404	99795	99708	NC_057372.1	utg000019l	100.0		True
unknown
2904491	2904618	102493	102367	NC_057372.1	utg000019l	97.66		True
unknown
2821004	2821142	155507	155369	NC_057372.1	utg000019l	100.0		True
unknown
2820022	2820121	156511	156412	NC_057372.1	utg000019l	100.0		True
unknown
2818397	2818472	158137	158062	NC_057372.1	utg000019l	100.0		True
unknown
2817916	2818119	158614	158411	NC_057372.1	utg000019l	99.51		True
unknown
2817754	2817869	158774	158659	NC_057372.1	utg000019l	100.0		True
unknown
2814564	2814669	161963	161858	NC_057372.1	utg000019l	100.0		True
unknown
2811478	2811632	165083	164929	NC_057372.1	utg000019l	100.0		True
unknown
2805046	2805124	171567	171489	NC_057372.1	utg000019l	100.0		True
unknown
2791821	2791935	184556	184442	NC_057372.1	utg000019l	100.0		True
unknown
2787441	2787523	188806	188724	NC_057372.1	utg000019l	100.0		True
unknown
2779704	2779828	201754	201630	NC_057372.1	utg000019l	99.2		True
unknown
2779139	2779217	202315	202237	NC_057372.1	utg000019l	100.0		True
unknown
2768125	2768249	213073	212949	NC_057372.1	utg000019l	98.4		True
unknown
2767615	2767721	213583	213477	NC_057372.1	utg000019l	100.0		True
unknown
2763979	2764130	217328	217177	NC_057372.1	utg000019l	100.0		True
unknown
2691933	2692014	225007	224926	NC_057372.1	utg000019l	100.0		True
unknown
2691399	2691492	225553	225460	NC_057372.1	utg000019l	97.87		True
unknown
2689522	2689629	227452	227345	NC_057372.1	utg000019l	100.0		True
unknown
2688837	2688923	228143	228057	NC_057372.1	utg000019l	97.7		True
unknown
2688320	2688518	228644	228446	NC_057372.1	utg000019l	99.5		True
unknown
2686235	2686431	230811	230615	NC_057372.1	utg000019l	100.0		True
unknown
2666678	2666763	251808	251723	NC_057372.1	utg000019l	95.35		True
unknown
2664034	2664122	254394	254306	NC_057372.1	utg000019l	100.0		True
unknown
2662463	2662696	255951	255719	NC_057372.1	utg000019l	96.15		True
unknown
2658813	2658917	259813	259709	NC_057372.1	utg000019l	100.0		True
unknown
2638892	2638980	272215	272127	NC_057372.1	utg000019l	98.88		True
unknown
2629939	2630054	280857	280742	NC_057372.1	utg000019l	100.0		True
unknown
2629530	2629656	281257	281131	NC_057372.1	utg000019l	96.85		True
unknown
2629183	2629284	281604	281503	NC_057372.1	utg000019l	98.04		True
unknown
2628867	2628944	281920	281843	NC_057372.1	utg000019l	100.0		True
unknown
2621450	2621526	289173	289097	NC_057372.1	utg000019l	100.0		True
unknown
2612215	2612281	291741	291675	NC_057372.1	utg000019l	100.0		True
unknown
2605921	2606023	298266	298164	NC_057372.1	utg000019l	96.12		True
unknown
2587679	2588013	316097	315763	NC_057372.1	utg000019l	97.91		True
unknown
2587522	2587647	316248	316123	NC_057372.1	utg000019l	98.41		True
unknown
2587372	2587520	316397	316249	NC_057372.1	utg000019l	97.32		True
unknown
2579204	2579314	322555	322445	NC_057372.1	utg000019l	96.4		True
unknown
2576924	2577010	324797	324711	NC_057372.1	utg000019l	100.0		True
unknown
2576365	2576495	325363	325231	NC_057372.1	utg000019l	98.5		True
unknown
2574642	2574742	327095	326995	NC_057372.1	utg000019l	100.0		True
unknown
2513166	2513233	379923	379856	NC_057372.1	utg000019l	100.0		True
unknown
2509702	2510046	383445	383101	NC_057372.1	utg000019l	98.55		True
unknown
2509277	2509375	383866	383768	NC_057372.1	utg000019l	100.0		True
unknown
2509166	2509233	383976	383909	NC_057372.1	utg000019l	98.53		True
unknown
2508728	2508814	384416	384330	NC_057372.1	utg000019l	96.55		True
unknown
2507774	2507877	385382	385279	NC_057372.1	utg000019l	100.0		True
unknown
2499412	2499528	393874	393758	NC_057372.1	utg000019l	99.15		True
unknown
2489186	2489284	402839	402741	NC_057372.1	utg000019l	100.0		True
unknown
2488519	2488697	403504	403326	NC_057372.1	utg000019l	98.88		True
unknown
2488307	2488466	403720	403561	NC_057372.1	utg000019l	100.0		True
unknown
2483153	2483315	408399	408237	NC_057372.1	utg000019l	100.0		True
unknown
2482201	2482319	409388	409270	NC_057372.1	utg000019l	100.0		True
unknown
2481753	2481832	409821	409742	NC_057372.1	utg000019l	100.0		True
unknown
2480639	2480895	410928	410672	NC_057372.1	utg000019l	100.0		True
unknown
2480536	2480605	411037	410968	NC_057372.1	utg000019l	100.0		True
unknown
2474433	2474521	416981	416893	NC_057372.1	utg000019l	100.0		True
unknown
2466987	2467144	425127	424970	NC_057372.1	utg000019l	99.37		True
unknown
2455789	2455870	436553	436472	NC_057372.1	utg000019l	97.56		True
unknown
2455674	2455765	436661	436570	NC_057372.1	utg000019l	100.0		True
unknown
2452877	2452945	439404	439336	NC_057372.1	utg000019l	100.0		True
unknown
2452197	2452336	440062	439923	NC_057372.1	utg000019l	95.71		True
unknown
2451502	2451638	440747	440611	NC_057372.1	utg000019l	99.27		True
unknown
2451048	2451190	441206	441064	NC_057372.1	utg000019l	97.9		True
unknown
2449499	2449576	442754	442677	NC_057372.1	utg000019l	98.72		True
unknown
2446761	2446889	445520	445392	NC_057372.1	utg000019l	96.12		True
unknown
2441034	2441106	451213	451141	NC_057372.1	utg000019l	100.0		True
unknown
2439764	2439848	452484	452400	NC_057372.1	utg000019l	100.0		True
unknown
2439389	2439486	452877	452780	NC_057372.1	utg000019l	100.0		True
unknown
2418605	2418725	473058	472938	NC_057372.1	utg000019l	100.0		True
unknown
2418514	2418602	473151	473063	NC_057372.1	utg000019l	100.0		True
unknown
2418050	2418137	473607	473520	NC_057372.1	utg000019l	100.0		True
unknown
2417362	2417608	474304	474058	NC_057372.1	utg000019l	98.79		True
unknown
2417149	2417360	474516	474305	NC_057372.1	utg000019l	98.11		True
unknown
2416305	2416406	475358	475257	NC_057372.1	utg000019l	100.0		True
unknown
2415962	2416039	475696	475619	NC_057372.1	utg000019l	100.0		True
unknown
2414475	2414539	477191	477127	NC_057372.1	utg000019l	100.0		True
unknown
2402999	2403199	488682	488482	NC_057372.1	utg000019l	98.51		True
unknown
2400291	2400355	491440	491376	NC_057372.1	utg000019l	100.0		True
unknown
2400148	2400257	491578	491469	NC_057372.1	utg000019l	97.27		True
unknown
2391417	2391546	502990	502861	NC_057372.1	utg000019l	100.0		True
unknown
2390727	2390827	503698	503598	NC_057372.1	utg000019l	100.0		True
unknown
2390200	2390345	504205	504060	NC_057372.1	utg000019l	100.0		True
unknown
2376217	2376395	521337	521159	NC_057372.1	utg000019l	98.32		True
unknown
2376108	2376204	521446	521350	NC_057372.1	utg000019l	100.0		True
unknown
2375814	2375885	521726	521655	NC_057372.1	utg000019l	100.0		True
unknown
2375487	2375598	522050	521939	NC_057372.1	utg000019l	99.11		True
unknown
2375140	2375255	522401	522286	NC_057372.1	utg000019l	100.0		True
unknown
2362178	2362355	531274	531097	NC_057372.1	utg000019l	96.09		True
unknown
2359391	2359500	534021	533912	NC_057372.1	utg000019l	96.36		True
unknown
2350055	2350256	542896	542695	NC_057372.1	utg000019l	95.59		True
unknown
2348784	2348869	544178	544093	NC_057372.1	utg000019l	100.0		True
unknown
2346355	2346466	546604	546493	NC_057372.1	utg000019l	99.11		True
unknown
2343780	2344041	549370	549108	NC_057372.1	utg000019l	98.86		True
unknown
2339047	2339141	554770	554676	NC_057372.1	utg000019l	100.0		True
unknown
2338230	2338296	555572	555506	NC_057372.1	utg000019l	100.0		True
unknown
2335522	2335632	558306	558196	NC_057372.1	utg000019l	98.2		True
unknown
2335155	2335306	558683	558532	NC_057372.1	utg000019l	99.34		True
unknown
2334907	2335032	558923	558798	NC_057372.1	utg000019l	99.21		True
unknown
2328183	2328251	565485	565417	NC_057372.1	utg000019l	100.0		True
unknown
2323417	2323527	570751	570641	NC_057372.1	utg000019l	100.0		True
unknown
2278809	2278883	589979	590053	NC_057372.1	utg000019l	100.0		True
unknown
2279865	2279938	591037	591110	NC_057372.1	utg000019l	100.0		True
unknown
2285305	2285382	596508	596585	NC_057372.1	utg000019l	100.0		True
unknown
2285549	2285700	596751	596902	NC_057372.1	utg000019l	99.34		True
unknown
2286333	2286417	597541	597625	NC_057372.1	utg000019l	100.0		True
unknown
2290879	2290963	602020	602104	NC_057372.1	utg000019l	100.0		True
unknown
2297424	2297554	608182	608312	NC_057372.1	utg000019l	98.47		True
unknown
2301812	2301930	612497	612615	NC_057372.1	utg000019l	100.0		True
unknown
2302428	2302515	613110	613197	NC_057372.1	utg000019l	100.0		True
unknown
2302578	2302747	613267	613436	NC_057372.1	utg000019l	95.29		True
unknown
2302748	2302817	613438	613507	NC_057372.1	utg000019l	100.0		True
unknown
2303512	2303662	614199	614349	NC_057372.1	utg000019l	98.68		True
unknown
2266847	2266948	626167	626066	NC_057372.1	utg000019l	100.0		True
unknown
2266051	2266230	626981	626802	NC_057372.1	utg000019l	100.0		True
unknown
2265082	2265263	627949	627768	NC_057372.1	utg000019l	97.8		True
unknown
2264294	2264447	628743	628590	NC_057372.1	utg000019l	96.1		True
unknown
2263758	2263858	629284	629184	NC_057372.1	utg000019l	96.04		True
unknown
2263564	2263660	629482	629386	NC_057372.1	utg000019l	97.94		True
unknown
2261851	2261963	630993	630881	NC_057372.1	utg000019l	100.0		True
unknown
CONTIG	utg000019l	638756	mis_unaligned
CONTIG	utg000278l	55957	unaligned
CONTIG	utg000499l	7592	unaligned
CONTIG	utg000094l	74615	unaligned
CONTIG	utg000760l	7192	unaligned
CONTIG	utg000428l	73567	unaligned
1119254	1119335	1755	1674	NC_057382.1	utg000129l	98.78		True
unknown
1118997	1119089	2046	1954	NC_057382.1	utg000129l	100.0		True
unknown
1118685	1118765	2369	2289	NC_057382.1	utg000129l	95.06		True
unknown
1113001	1113107	8084	7978	NC_057382.1	utg000129l	100.0		True
unknown
1109632	1109754	11408	11286	NC_057382.1	utg000129l	96.75		True
unknown
1108916	1109201	12110	11825	NC_057382.1	utg000129l	96.5		True
unknown
1108699	1108790	12341	12250	NC_057382.1	utg000129l	96.74		True
unknown
1084139	1084332	49578	49385	NC_057382.1	utg000129l	100.0		True
unknown
1083574	1083697	50145	50022	NC_057382.1	utg000129l	100.0		True
unknown
1082498	1082592	51195	51101	NC_057382.1	utg000129l	100.0		True
unknown
1081840	1081966	51857	51731	NC_057382.1	utg000129l	100.0		True
unknown
1080336	1080460	53370	53246	NC_057382.1	utg000129l	100.0		True
unknown
CONTIG	utg000129l	68878	mis_unaligned
CONTIG	utg000313l	74339	unaligned
CONTIG	utg000768l	7542	unaligned
1117422	1117551	3879	3750	NC_057379.1	utg000080l	98.46		True
unknown
1117225	1117374	4074	3925	NC_057379.1	utg000080l	97.33		True
unknown
1117066	1117167	4233	4132	NC_057379.1	utg000080l	100.0		True
unknown
CONTIG	utg000080l	72365	mis_unaligned
CONTIG	utg000454l	7014	unaligned
CONTIG	utg000638l	7349	unaligned
CONTIG	utg000411l	7422	unaligned
CONTIG	utg000478l	72050	unaligned
CONTIG	utg000152l	69388	unaligned
509832	509908	30457	30381	NC_057377.1	utg000116l	96.1		True
unknown
508948	509028	31308	31228	NC_057377.1	utg000116l	100.0		True
unknown
508300	508480	31934	31754	NC_057377.1	utg000116l	99.45		True
unknown
507561	507639	32691	32613	NC_057377.1	utg000116l	98.73		True
unknown
505616	505748	34557	34425	NC_057377.1	utg000116l	100.0		True
unknown
505423	505527	34736	34632	NC_057377.1	utg000116l	100.0		True
unknown
505007	505105	35130	35032	NC_057377.1	utg000116l	100.0		True
unknown
CONTIG	utg000116l	77516	mis_unaligned
CONTIG	utg000803l	7474	unaligned
CONTIG	utg000217l	77159	unaligned
1212325	1212485	19500	19339	NC_057384.1	utg000061l	95.68		True
unknown
1210712	1210793	21091	21010	NC_057384.1	utg000061l	98.78		True
unknown
1209428	1209493	22255	22190	NC_057384.1	utg000061l	100.0		True
unknown
1207046	1207123	24467	24390	NC_057384.1	utg000061l	97.44		True
unknown
1206731	1206835	24785	24681	NC_057384.1	utg000061l	95.24		True
unknown
CONTIG	utg000061l	80095	mis_unaligned
484349	484455	11738	11844	NC_057376.1	utg000103l	99.07		True
unknown
485828	485895	13210	13277	NC_057376.1	utg000103l	100.0		True
unknown
487727	487829	15030	15132	NC_057376.1	utg000103l	97.09		True
unknown
494722	494832	22077	22187	NC_057376.1	utg000103l	99.1		True
unknown
494903	494975	22266	22338	NC_057376.1	utg000103l	97.26		True
unknown
498404	498477	25014	25087	NC_057376.1	utg000103l	100.0		True
unknown
499535	499679	26113	26257	NC_057376.1	utg000103l	97.24		True
unknown
514819	514908	42078	42167	NC_057376.1	utg000103l	100.0		True
unknown
515022	515211	42284	42473	NC_057376.1	utg000103l	97.37		True
unknown
CONTIG	utg000103l	77538	mis_unaligned
1528226	1528323	15281	15378	NC_057380.1	utg000145l	98.98		True
unknown
1528715	1528798	15749	15832	NC_057380.1	utg000145l	95.24		True
unknown
1528968	1529182	16005	16219	NC_057380.1	utg000145l	98.14		True
unknown
1529184	1529310	16220	16346	NC_057380.1	utg000145l	98.43		True
unknown
1532009	1532115	19155	19262	NC_057380.1	utg000145l	99.07		True
unknown
1533739	1533824	20833	20918	NC_057380.1	utg000145l	100.0		True
unknown
1535010	1535078	22080	22148	NC_057380.1	utg000145l	98.55		True
unknown
1535676	1535815	22725	22864	NC_057380.1	utg000145l	99.29		True
unknown
1536358	1536473	23403	23518	NC_057380.1	utg000145l	99.14		True
unknown
CONTIG	utg000145l	69516	mis_unaligned
1814247	1814370	6631	6508	NC_057381.1	utg000147l	100.0		True
unknown
1809529	1809666	10412	10275	NC_057381.1	utg000147l	100.0		True
unknown
1807820	1807887	12096	12029	NC_057381.1	utg000147l	100.0		True
unknown
1806625	1806727	13269	13167	NC_057381.1	utg000147l	100.0		True
unknown
1783742	1783812	28706	28636	NC_057381.1	utg000147l	95.77		True
unknown
1783212	1783403	29228	29037	NC_057381.1	utg000147l	100.0		True
unknown
CONTIG	utg000147l	79108	mis_unaligned
CONTIG	utg000579l	6853	unaligned
CONTIG	utg000766l	6850	unaligned
1838740	1839024	19000	18716	NC_057374.1	utg000307l	98.25		True
unknown
1838085	1838235	19642	19492	NC_057374.1	utg000307l	98.68		True
unknown
1837872	1837986	19859	19745	NC_057374.1	utg000307l	98.26		True
unknown
1801390	1801493	54946	54843	NC_057374.1	utg000307l	99.04		True
unknown
1800952	1801024	55382	55310	NC_057374.1	utg000307l	100.0		True
unknown
1799625	1799699	56731	56657	NC_057374.1	utg000307l	97.33		True
unknown
1799133	1799224	57224	57133	NC_057374.1	utg000307l	100.0		True
unknown
CONTIG	utg000307l	71726	mis_unaligned
1037714	1038264	40935	40383	NC_057371.1	utg000077l	96.76		True
CONTIG	utg000077l	74748	correct_unaligned
CONTIG	utg000140l	7898	unaligned
1771035	1771249	4940	4727	NC_057375.1	utg000305l	95.35		True
CONTIG	utg000305l	74081	correct_unaligned
3043275	3043375	5463	5363	NC_057372.1	utg000326l	100.0		True
CONTIG	utg000326l	73286	correct_unaligned
CONTIG	utg000388l	78708	unaligned
268180	268325	7321	7466	NC_057378.1	utg000290l	100.0		True
unknown
269423	269539	8524	8640	NC_057378.1	utg000290l	100.0		True
unknown
302156	302239	68905	68988	NC_057378.1	utg000290l	100.0		True
unknown
304666	304773	71391	71498	NC_057378.1	utg000290l	97.22		True
unknown
304865	304940	71594	71669	NC_057378.1	utg000290l	100.0		True
unknown
CONTIG	utg000290l	81266	mis_unaligned
2481583	2481676	14844	14937	NC_057370.1	utg000028l	100.0		True
unknown
2483118	2483195	16312	16389	NC_057370.1	utg000028l	100.0		True
unknown
2485334	2485427	18505	18598	NC_057370.1	utg000028l	98.94		True
unknown
2488949	2489054	22082	22187	NC_057370.1	utg000028l	100.0		True
unknown
2490977	2491076	24119	24218	NC_057370.1	utg000028l	100.0		True
unknown
2524357	2524487	49938	50066	NC_057370.1	utg000028l	97.71		True
unknown
2527098	2527238	52682	52822	NC_057370.1	utg000028l	100.0		True
unknown
2529583	2529685	54627	54730	NC_057370.1	utg000028l	96.15		True
unknown
2531808	2531986	56821	56999	NC_057370.1	utg000028l	96.65		True
unknown
2538718	2538801	63824	63907	NC_057370.1	utg000028l	100.0		True
unknown
2539507	2539610	64609	64712	NC_057370.1	utg000028l	100.0		True
unknown
2544510	2544575	70734	70799	NC_057370.1	utg000028l	100.0		True
unknown
2545042	2545168	71266	71392	NC_057370.1	utg000028l	99.21		True
unknown
2545465	2545556	71665	71756	NC_057370.1	utg000028l	98.91		True
unknown
2546921	2547054	73121	73254	NC_057370.1	utg000028l	99.25		True
unknown
2547652	2547777	73876	74001	NC_057370.1	utg000028l	100.0		True
unknown
2550988	2551109	77292	77413	NC_057370.1	utg000028l	100.0		True
unknown
2551479	2551594	77783	77898	NC_057370.1	utg000028l	97.41		True
unknown
2551838	2551972	78145	78279	NC_057370.1	utg000028l	97.04		True
unknown
2552026	2552191	78332	78497	NC_057370.1	utg000028l	96.99		True
unknown
2552406	2552611	78714	78919	NC_057370.1	utg000028l	96.12		True
unknown
2552643	2552730	78957	79044	NC_057370.1	utg000028l	100.0		True
unknown
2556198	2556272	82546	82620	NC_057370.1	utg000028l	100.0		True
unknown
2556954	2557056	83317	83419	NC_057370.1	utg000028l	100.0		True
unknown
2557555	2557656	83926	84027	NC_057370.1	utg000028l	100.0		True
unknown
2569673	2569766	96007	96100	NC_057370.1	utg000028l	100.0		True
unknown
2569873	2569983	96194	96304	NC_057370.1	utg000028l	100.0		True
unknown
2570361	2570432	96636	96707	NC_057370.1	utg000028l	100.0		True
unknown
2571833	2571947	98125	98239	NC_057370.1	utg000028l	100.0		True
unknown
2577797	2577881	104065	104149	NC_057370.1	utg000028l	98.82		True
unknown
2578397	2578572	104663	104838	NC_057370.1	utg000028l	98.86		True
unknown
2578832	2579172	105097	105437	NC_057370.1	utg000028l	97.95		True
unknown
2579963	2580041	106222	106300	NC_057370.1	utg000028l	100.0		True
unknown
2580973	2581124	107234	107385	NC_057370.1	utg000028l	96.05		True
unknown
2581149	2581258	107402	107511	NC_057370.1	utg000028l	96.36		True
unknown
2581345	2581458	107597	107710	NC_057370.1	utg000028l	100.0		True
unknown
2583414	2583512	109583	109681	NC_057370.1	utg000028l	98.99		True
unknown
2583637	2583730	109806	109899	NC_057370.1	utg000028l	97.87		True
unknown
2583897	2584061	110054	110218	NC_057370.1	utg000028l	98.79		True
unknown
2586723	2586791	112889	112957	NC_057370.1	utg000028l	100.0		True
unknown
2590549	2590614	116788	116853	NC_057370.1	utg000028l	100.0		True
unknown
2601829	2601896	127924	127991	NC_057370.1	utg000028l	100.0		True
unknown
2602411	2602535	128505	128629	NC_057370.1	utg000028l	100.0		True
unknown
2605952	2606045	132013	132106	NC_057370.1	utg000028l	100.0		True
unknown
2606518	2606587	132573	132642	NC_057370.1	utg000028l	100.0		True
unknown
2607925	2608124	133976	134174	NC_057370.1	utg000028l	95.02		True
unknown
2610817	2610904	136884	136971	NC_057370.1	utg000028l	97.73		True
unknown
2611942	2612077	137996	138131	NC_057370.1	utg000028l	98.53		True
unknown
2614677	2614779	140723	140825	NC_057370.1	utg000028l	98.06		True
unknown
2615722	2615820	141796	141894	NC_057370.1	utg000028l	100.0		True
unknown
2616132	2616270	142169	142307	NC_057370.1	utg000028l	97.84		True
unknown
2616747	2616842	142779	142874	NC_057370.1	utg000028l	100.0		True
unknown
2617563	2617671	143568	143676	NC_057370.1	utg000028l	98.17		True
unknown
2617793	2617870	143795	143872	NC_057370.1	utg000028l	100.0		True
unknown
2618295	2618567	144295	144567	NC_057370.1	utg000028l	95.97		True
unknown
2618725	2618840	144685	144800	NC_057370.1	utg000028l	99.14		True
unknown
2620311	2620387	146128	146204	NC_057370.1	utg000028l	100.0		True
unknown
2620581	2620669	146390	146478	NC_057370.1	utg000028l	100.0		True
unknown
2621365	2621492	147117	147244	NC_057370.1	utg000028l	99.22		True
unknown
2626345	2626442	152028	152125	NC_057370.1	utg000028l	100.0		True
unknown
2630015	2630166	155772	155923	NC_057370.1	utg000028l	100.0		True
unknown
2634906	2635102	160808	161004	NC_057370.1	utg000028l	97.46		True
unknown
2635171	2635270	161067	161166	NC_057370.1	utg000028l	100.0		True
unknown
2635658	2635755	161554	161651	NC_057370.1	utg000028l	100.0		True
unknown
2637783	2637969	163655	163841	NC_057370.1	utg000028l	96.26		True
unknown
2638269	2638376	164114	164221	NC_057370.1	utg000028l	100.0		True
unknown
2640423	2640532	166134	166243	NC_057370.1	utg000028l	97.27		True
unknown
2640675	2640770	166385	166480	NC_057370.1	utg000028l	96.88		True
unknown
2643655	2643821	169350	169516	NC_057370.1	utg000028l	100.0		True
unknown
2644511	2644593	170221	170303	NC_057370.1	utg000028l	100.0		True
unknown
2645820	2645884	171483	171547	NC_057370.1	utg000028l	100.0		True
unknown
2647573	2647660	173237	173324	NC_057370.1	utg000028l	100.0		True
unknown
2647957	2648092	173616	173751	NC_057370.1	utg000028l	97.06		True
unknown
2648511	2649035	174163	174687	NC_057370.1	utg000028l	99.05		True
unknown
2649145	2649296	174780	174931	NC_057370.1	utg000028l	96.05		True
unknown
2650004	2650087	175636	175719	NC_057370.1	utg000028l	100.0		True
unknown
2655719	2655800	181552	181633	NC_057370.1	utg000028l	100.0		True
unknown
2657029	2657104	182882	182957	NC_057370.1	utg000028l	100.0		True
unknown
2660452	2660527	186106	186181	NC_057370.1	utg000028l	100.0		True
unknown
2660758	2660883	186408	186533	NC_057370.1	utg000028l	97.62		True
unknown
2660920	2661026	186570	186676	NC_057370.1	utg000028l	97.2		True
unknown
2665655	2665823	191217	191385	NC_057370.1	utg000028l	99.41		True
unknown
2666522	2666678	192046	192202	NC_057370.1	utg000028l	95.54		True
unknown
2667164	2667256	192660	192752	NC_057370.1	utg000028l	100.0		True
unknown
2667550	2667630	193045	193125	NC_057370.1	utg000028l	100.0		True
unknown
2668479	2668578	193924	194023	NC_057370.1	utg000028l	100.0		True
unknown
2669239	2669450	194677	194888	NC_057370.1	utg000028l	100.0		True
unknown
2669547	2669643	194988	195084	NC_057370.1	utg000028l	96.91		True
unknown
2670174	2670314	195610	195750	NC_057370.1	utg000028l	100.0		True
unknown
2670548	2670847	195987	196286	NC_057370.1	utg000028l	100.0		True
unknown
2671440	2671523	196856	196939	NC_057370.1	utg000028l	100.0		True
unknown
2672798	2672904	198223	198329	NC_057370.1	utg000028l	100.0		True
unknown
2672959	2673277	198380	198698	NC_057370.1	utg000028l	96.87		True
unknown
2673514	2673672	198935	199093	NC_057370.1	utg000028l	99.37		True
unknown
2673676	2673771	199101	199196	NC_057370.1	utg000028l	98.96		True
unknown
2691524	2691741	217885	218102	NC_057370.1	utg000028l	100.0		True
unknown
2694363	2694449	220776	220862	NC_057370.1	utg000028l	96.55		True
unknown
2694455	2694528	220867	220940	NC_057370.1	utg000028l	100.0		True
unknown
2700769	2700957	228008	228196	NC_057370.1	utg000028l	99.47		True
unknown
2702823	2702916	230233	230326	NC_057370.1	utg000028l	100.0		True
unknown
2713857	2713932	241095	241170	NC_057370.1	utg000028l	100.0		True
unknown
2745590	2745693	271942	272045	NC_057370.1	utg000028l	99.04		True
unknown
2745832	2745963	272164	272295	NC_057370.1	utg000028l	96.97		True
unknown
2802484	2802560	328832	328908	NC_057370.1	utg000028l	100.0		True
unknown
2802681	2802790	329027	329136	NC_057370.1	utg000028l	98.18		True
unknown
2805336	2805468	331990	332125	NC_057370.1	utg000028l	97.79		True
unknown
2806833	2806933	333517	333617	NC_057370.1	utg000028l	100.0		True
unknown
2808754	2808874	335695	335815	NC_057370.1	utg000028l	97.52		True
unknown
2810758	2810886	337559	337687	NC_057370.1	utg000028l	100.0		True
unknown
2813418	2813512	340236	340330	NC_057370.1	utg000028l	100.0		True
unknown
2817634	2817726	344568	344660	NC_057370.1	utg000028l	95.7		True
unknown
2817756	2817845	344697	344786	NC_057370.1	utg000028l	100.0		True
unknown
2818427	2818504	345374	345451	NC_057370.1	utg000028l	100.0		True
unknown
2818887	2818951	345844	345908	NC_057370.1	utg000028l	100.0		True
unknown
2820328	2820481	347270	347423	NC_057370.1	utg000028l	99.35		True
unknown
2821549	2821744	348466	348660	NC_057370.1	utg000028l	98.98		True
unknown
2822548	2822702	349491	349645	NC_057370.1	utg000028l	100.0		True
unknown
2823553	2823648	350558	350655	NC_057370.1	utg000028l	97.96		True
unknown
2834313	2834428	361275	361390	NC_057370.1	utg000028l	100.0		True
unknown
2838738	2838818	366800	366880	NC_057370.1	utg000028l	100.0		True
unknown
2848750	2848846	377044	377140	NC_057370.1	utg000028l	100.0		True
unknown
2850738	2850817	379009	379088	NC_057370.1	utg000028l	100.0		True
unknown
2855588	2855666	383898	383976	NC_057370.1	utg000028l	100.0		True
unknown
2857071	2857161	385390	385480	NC_057370.1	utg000028l	100.0		True
unknown
2860820	2860947	390260	390387	NC_057370.1	utg000028l	100.0		True
unknown
2861637	2861705	391075	391143	NC_057370.1	utg000028l	98.55		True
unknown
2864068	2864183	393682	393797	NC_057370.1	utg000028l	98.28		True
unknown
2869776	2869885	399351	399460	NC_057370.1	utg000028l	100.0		True
unknown
2877023	2877216	406588	406781	NC_057370.1	utg000028l	95.36		True
unknown
2878324	2878403	407903	407982	NC_057370.1	utg000028l	100.0		True
unknown
2883454	2883595	412966	413107	NC_057370.1	utg000028l	100.0		True
unknown
2884316	2884421	413838	413943	NC_057370.1	utg000028l	100.0		True
unknown
2886990	2887076	416516	416602	NC_057370.1	utg000028l	100.0		True
unknown
2890841	2891102	420348	420609	NC_057370.1	utg000028l	100.0		True
unknown
2891506	2891570	421004	421068	NC_057370.1	utg000028l	100.0		True
unknown
2893026	2893127	422439	422540	NC_057370.1	utg000028l	100.0		True
unknown
2893474	2893601	422878	423005	NC_057370.1	utg000028l	100.0		True
unknown
2893602	2893823	423007	423228	NC_057370.1	utg000028l	98.2		True
unknown
2894266	2894455	423658	423847	NC_057370.1	utg000028l	95.26		True
unknown
2894509	2894718	423897	424106	NC_057370.1	utg000028l	96.19		True
unknown
2895280	2895400	424653	424773	NC_057370.1	utg000028l	97.52		True
unknown
2899653	2899741	429137	429225	NC_057370.1	utg000028l	100.0		True
unknown
2899867	2899964	429351	429448	NC_057370.1	utg000028l	100.0		True
unknown
2899976	2900188	429457	429669	NC_057370.1	utg000028l	100.0		True
unknown
2900709	2900778	430190	430259	NC_057370.1	utg000028l	100.0		True
unknown
2901264	2901361	430726	430823	NC_057370.1	utg000028l	100.0		True
unknown
2904610	2904709	434073	434172	NC_057370.1	utg000028l	100.0		True
unknown
2906894	2906985	436392	436483	NC_057370.1	utg000028l	100.0		True
unknown
2912534	2912639	442005	442110	NC_057370.1	utg000028l	97.17		True
unknown
2916774	2916886	446254	446366	NC_057370.1	utg000028l	100.0		True
unknown
2917540	2917605	447001	447066	NC_057370.1	utg000028l	100.0		True
unknown
2917797	2917925	447260	447388	NC_057370.1	utg000028l	98.45		True
unknown
2919915	2920000	449407	449492	NC_057370.1	utg000028l	100.0		True
unknown
2920247	2920379	449738	449870	NC_057370.1	utg000028l	100.0		True
unknown
2925390	2925459	455552	455621	NC_057370.1	utg000028l	100.0		True
unknown
2926804	2926987	456968	457151	NC_057370.1	utg000028l	97.28		True
unknown
2927698	2927805	457849	457957	NC_057370.1	utg000028l	99.08		True
unknown
2928325	2928401	458475	458551	NC_057370.1	utg000028l	100.0		True
unknown
2931445	2931509	461563	461627	NC_057370.1	utg000028l	100.0		True
unknown
2932858	2932982	462991	463115	NC_057370.1	utg000028l	100.0		True
unknown
2933974	2934205	464094	464325	NC_057370.1	utg000028l	95.69		True
unknown
2934485	2934632	464605	464752	NC_057370.1	utg000028l	100.0		True
unknown
2935738	2935833	465813	465908	NC_057370.1	utg000028l	100.0		True
unknown
2936247	2936317	466309	466379	NC_057370.1	utg000028l	100.0		True
unknown
2937107	2937210	467176	467279	NC_057370.1	utg000028l	100.0		True
unknown
2939441	2939538	469485	469582	NC_057370.1	utg000028l	100.0		True
unknown
2939743	2939809	469793	469859	NC_057370.1	utg000028l	100.0		True
unknown
2939978	2940116	470032	470170	NC_057370.1	utg000028l	100.0		True
unknown
2944585	2944715	474756	474887	NC_057370.1	utg000028l	99.24		True
unknown
2959172	2959277	485380	485485	NC_057370.1	utg000028l	100.0		True
unknown
2960370	2960492	486629	486751	NC_057370.1	utg000028l	100.0		True
unknown
2962556	2962697	488791	488932	NC_057370.1	utg000028l	100.0		True
unknown
2965106	2965177	491347	491418	NC_057370.1	utg000028l	100.0		True
unknown
2971162	2971252	497854	497944	NC_057370.1	utg000028l	100.0		True
unknown
2973584	2973654	500422	500492	NC_057370.1	utg000028l	100.0		True
unknown
2977329	2977442	505421	505534	NC_057370.1	utg000028l	100.0		True
unknown
2977492	2977586	505586	505680	NC_057370.1	utg000028l	98.95		True
unknown
2977804	2977946	505895	506037	NC_057370.1	utg000028l	100.0		True
unknown
2981709	2981774	509780	509845	NC_057370.1	utg000028l	100.0		True
unknown
2983673	2983770	511764	511861	NC_057370.1	utg000028l	96.94		True
unknown
2983891	2984037	511977	512123	NC_057370.1	utg000028l	100.0		True
unknown
2984394	2984464	512467	512537	NC_057370.1	utg000028l	100.0		True
unknown
2984540	2984689	512603	512752	NC_057370.1	utg000028l	98.67		True
unknown
2986306	2986439	514102	514234	NC_057370.1	utg000028l	99.25		True
unknown
2988576	2988661	516427	516511	NC_057370.1	utg000028l	98.84		True
unknown
2994382	2994542	521843	522003	NC_057370.1	utg000028l	96.27		True
unknown
2994615	2994719	522084	522188	NC_057370.1	utg000028l	100.0		True
unknown
3000121	3000239	527455	527573	NC_057370.1	utg000028l	99.16		True
unknown
3000775	3000925	528120	528270	NC_057370.1	utg000028l	100.0		True
unknown
3003440	3003506	530758	530824	NC_057370.1	utg000028l	95.52		True
unknown
3009402	3009525	536619	536743	NC_057370.1	utg000028l	97.6		True
unknown
3010841	3011066	538107	538332	NC_057370.1	utg000028l	99.12		True
unknown
3011394	3011524	538666	538796	NC_057370.1	utg000028l	100.0		True
unknown
3019555	3019747	546511	546703	NC_057370.1	utg000028l	100.0		True
unknown
3019751	3019860	546706	546815	NC_057370.1	utg000028l	100.0		True
unknown
3019900	3020049	546859	547008	NC_057370.1	utg000028l	96.67		True
unknown
3020215	3020394	547174	547353	NC_057370.1	utg000028l	100.0		True
unknown
3030798	3030887	558151	558240	NC_057370.1	utg000028l	97.78		True
unknown
3031140	3031238	558506	558604	NC_057370.1	utg000028l	100.0		True
unknown
3031977	3032098	559342	559463	NC_057370.1	utg000028l	100.0		True
unknown
3032240	3032389	559601	559752	NC_057370.1	utg000028l	95.39		True
unknown
3034125	3034269	561464	561608	NC_057370.1	utg000028l	98.62		True
unknown
3041120	3041224	571666	571770	NC_057370.1	utg000028l	97.14		True
unknown
3043438	3043602	574237	574401	NC_057370.1	utg000028l	100.0		True
unknown
3045736	3045858	576472	576594	NC_057370.1	utg000028l	100.0		True
unknown
3047739	3047838	578486	578586	NC_057370.1	utg000028l	99.01		True
unknown
3058748	3058838	589181	589271	NC_057370.1	utg000028l	100.0		True
unknown
3059618	3059778	590037	590197	NC_057370.1	utg000028l	98.14		True
unknown
3062454	3062518	592757	592821	NC_057370.1	utg000028l	100.0		True
unknown
3075347	3075414	603452	603519	NC_057370.1	utg000028l	100.0		True
unknown
3075972	3076064	604081	604173	NC_057370.1	utg000028l	100.0		True
unknown
3086437	3086557	613969	614089	NC_057370.1	utg000028l	100.0		True
unknown
3088685	3088827	616191	616333	NC_057370.1	utg000028l	100.0		True
unknown
3094968	3095062	622808	622902	NC_057370.1	utg000028l	100.0		True
unknown
3100611	3100774	628032	628195	NC_057370.1	utg000028l	99.39		True
unknown
3108898	3109048	652894	653044	NC_057370.1	utg000028l	100.0		True
unknown
3114319	3114407	658907	658995	NC_057370.1	utg000028l	100.0		True
unknown
3119427	3119549	663895	664017	NC_057370.1	utg000028l	100.0		True
unknown
3119691	3119822	664157	664288	NC_057370.1	utg000028l	96.21		True
unknown
3135659	3135863	687974	688178	NC_057370.1	utg000028l	99.51		True
unknown
3136583	3136731	688885	689033	NC_057370.1	utg000028l	95.97		True
unknown
3137270	3137380	689576	689686	NC_057370.1	utg000028l	100.0		True
unknown
3139388	3139496	691654	691762	NC_057370.1	utg000028l	100.0		True
unknown
3148216	3148290	699414	699488	NC_057370.1	utg000028l	100.0		True
unknown
3148785	3148865	699986	700066	NC_057370.1	utg000028l	100.0		True
unknown
3149734	3149843	700968	701077	NC_057370.1	utg000028l	100.0		True
unknown
3150540	3150620	701714	701794	NC_057370.1	utg000028l	100.0		True
unknown
3151769	3151833	702880	702944	NC_057370.1	utg000028l	100.0		True
unknown
3156070	3156214	703996	704140	NC_057370.1	utg000028l	97.93		True
unknown
3165245	3165371	713192	713318	NC_057370.1	utg000028l	100.0		True
unknown
3165576	3165657	713512	713593	NC_057370.1	utg000028l	95.12		True
unknown
3166511	3166626	714423	714538	NC_057370.1	utg000028l	99.14		True
unknown
3166821	3166885	714742	714806	NC_057370.1	utg000028l	98.46		True
unknown
3174896	3174980	722600	722684	NC_057370.1	utg000028l	100.0		True
unknown
3175280	3175384	722838	722942	NC_057370.1	utg000028l	98.1		True
unknown
3175606	3175779	723162	723335	NC_057370.1	utg000028l	99.43		True
unknown
3189915	3190065	736506	736356	NC_057370.1	utg000028l	96.69		True
unknown
3189454	3189614	736960	736800	NC_057370.1	utg000028l	100.0		True
unknown
3188454	3188603	737970	737821	NC_057370.1	utg000028l	100.0		True
unknown
3187570	3187671	738831	738730	NC_057370.1	utg000028l	100.0		True
unknown
CONTIG	utg000028l	802123	mis_unaligned
CONTIG	utg000724l	72743	unaligned
1360492	1360601	2947	2838	NC_057385.1	utg000196l	100.0		True
unknown
1358079	1358180	5319	5218	NC_057385.1	utg000196l	100.0		True
unknown
1356748	1356896	6631	6483	NC_057385.1	utg000196l	100.0		True
unknown
1355246	1355323	8121	8044	NC_057385.1	utg000196l	100.0		True
unknown
1351938	1352061	11373	11250	NC_057385.1	utg000196l	100.0		True
unknown
1350021	1350217	13213	13017	NC_057385.1	utg000196l	98.48		True
unknown
1349119	1349275	14107	13951	NC_057385.1	utg000196l	96.18		True
unknown
1332484	1332580	30515	30419	NC_057385.1	utg000196l	100.0		True
unknown
1312861	1312957	52376	52280	NC_057385.1	utg000196l	100.0		True
unknown
1306790	1306863	58449	58376	NC_057385.1	utg000196l	100.0		True
unknown
1304328	1304416	61042	60954	NC_057385.1	utg000196l	100.0		True
unknown
1303917	1304081	61454	61290	NC_057385.1	utg000196l	99.39		True
unknown
1303289	1303374	62084	61999	NC_057385.1	utg000196l	100.0		True
unknown
1301223	1301343	64125	64005	NC_057385.1	utg000196l	96.69		True
unknown
CONTIG	utg000196l	73204	mis_unaligned
CONTIG	utg000560l	80120	unaligned
CONTIG	utg000758l	7590	unaligned
CONTIG	utg000364l	73763	unaligned
1522595	1522797	6545	6749	NC_057374.1	utg000359l	96.59		True
unknown
1524128	1524240	8101	8213	NC_057374.1	utg000359l	100.0		True
unknown
1549860	1549935	36029	36104	NC_057374.1	utg000359l	100.0		True
unknown
1571980	1572128	58442	58590	NC_057374.1	utg000359l	95.97		True
unknown
1572130	1572281	58591	58742	NC_057374.1	utg000359l	98.03		True
unknown
1572955	1573031	59407	59483	NC_057374.1	utg000359l	100.0		True
unknown
1586455	1586561	71948	72054	NC_057374.1	utg000359l	100.0		True
unknown
CONTIG	utg000359l	74546	mis_unaligned
3060816	3060947	27732	27863	NC_057372.1	utg000283l	100.0		True
CONTIG	utg000283l	73040	correct_unaligned
1518692	1518776	1453	1369	NC_057382.1	utg000281l	100.0		True
unknown
1517830	1517935	2349	2244	NC_057382.1	utg000281l	99.06		True
unknown
1510901	1511001	8827	8727	NC_057382.1	utg000281l	100.0		True
unknown
1510548	1510643	9186	9090	NC_057382.1	utg000281l	98.97		True
unknown
1503541	1503634	16429	16336	NC_057382.1	utg000281l	100.0		True
unknown
1496759	1496825	23488	23422	NC_057382.1	utg000281l	97.01		True
unknown
1496658	1496753	23586	23491	NC_057382.1	utg000281l	96.88		True
unknown
CONTIG	utg000281l	79669	mis_unaligned
299570	299684	52293	52407	NC_057377.1	utg000173l	98.26		True
unknown
305141	305226	57786	57871	NC_057377.1	utg000173l	100.0		True
unknown
CONTIG	utg000173l	74345	mis_unaligned
CONTIG	utg000581l	74758	unaligned
CONTIG	utg000583l	78205	unaligned
333808	333909	18556	18455	NC_057381.1	utg000121l	100.0		True
unknown
333400	333509	18925	18816	NC_057381.1	utg000121l	100.0		True
unknown
328671	328755	23427	23343	NC_057381.1	utg000121l	100.0		True
unknown
CONTIG	utg000121l	70727	mis_unaligned
862420	862499	27214	27293	NC_057382.1	utg000051l	95.0		True
unknown
862690	862840	27482	27632	NC_057382.1	utg000051l	97.35		True
unknown
862889	863039	27684	27834	NC_057382.1	utg000051l	95.36		True
unknown
863155	863297	27949	28091	NC_057382.1	utg000051l	99.3		True
unknown
863326	863450	28118	28242	NC_057382.1	utg000051l	96.0		True
unknown
3643036	3643131	87188	87093	NC_057373.1	utg000051l	100.0		True
unknown
3642249	3642461	87984	87772	NC_057373.1	utg000051l	100.0		True
unknown
3641333	3641487	88901	88747	NC_057373.1	utg000051l	100.0		True
unknown
3639566	3639663	90664	90567	NC_057373.1	utg000051l	96.94		True
unknown
3639398	3639505	90851	90744	NC_057373.1	utg000051l	100.0		True
unknown
3638860	3638927	91414	91347	NC_057373.1	utg000051l	100.0		True
unknown
3638381	3638469	91888	91800	NC_057373.1	utg000051l	100.0		True
unknown
3629170	3629255	101839	101754	NC_057373.1	utg000051l	100.0		True
unknown
3625831	3625969	105029	104891	NC_057373.1	utg000051l	100.0		True
unknown
3579976	3580072	130668	130764	NC_057373.1	utg000051l	100.0		True
unknown
3580162	3580263	130852	130953	NC_057373.1	utg000051l	100.0		True
unknown
3582850	3582998	133662	133810	NC_057373.1	utg000051l	98.66		True
unknown
3572370	3572496	143760	143634	NC_057373.1	utg000051l	99.21		True
unknown
3571976	3572120	144169	144025	NC_057373.1	utg000051l	95.86		True
unknown
3560309	3560400	149819	149728	NC_057373.1	utg000051l	100.0		True
unknown
3556479	3556642	153632	153469	NC_057373.1	utg000051l	96.34		True
unknown
3556249	3556319	153860	153790	NC_057373.1	utg000051l	100.0		True
unknown
3517670	3517738	170994	171062	NC_057373.1	utg000051l	100.0		True
unknown
3525259	3525357	178378	178476	NC_057373.1	utg000051l	100.0		True
unknown
3526314	3526394	179430	179510	NC_057373.1	utg000051l	100.0		True
unknown
3529838	3529956	182957	183075	NC_057373.1	utg000051l	98.32		True
unknown
3506457	3506552	200088	199993	NC_057373.1	utg000051l	100.0		True
unknown
3504499	3504604	202040	201935	NC_057373.1	utg000051l	100.0		True
unknown
3503754	3503894	202791	202651	NC_057373.1	utg000051l	98.58		True
unknown
3503542	3503635	203015	202922	NC_057373.1	utg000051l	97.87		True
unknown
3502783	3502904	203765	203644	NC_057373.1	utg000051l	99.18		True
unknown
3501029	3501110	205512	205431	NC_057373.1	utg000051l	100.0		True
unknown
3500527	3500619	206009	205917	NC_057373.1	utg000051l	95.7		True
unknown
3500021	3500192	206521	206350	NC_057373.1	utg000051l	98.26		True
unknown
3499724	3499873	206816	206667	NC_057373.1	utg000051l	98.67		True
unknown
3499524	3499695	207011	206840	NC_057373.1	utg000051l	96.51		True
unknown
3481806	3481885	223842	223763	NC_057373.1	utg000051l	100.0		True
unknown
3477263	3477374	228406	228295	NC_057373.1	utg000051l	97.32		True
unknown
3464959	3465059	240851	240751	NC_057373.1	utg000051l	100.0		True
unknown
3463453	3463593	242317	242177	NC_057373.1	utg000051l	97.16		True
unknown
3463076	3463200	242702	242578	NC_057373.1	utg000051l	99.2		True
unknown
3405993	3406075	248886	248804	NC_057373.1	utg000051l	95.18		True
unknown
3405829	3405959	249056	248926	NC_057373.1	utg000051l	97.71		True
unknown
3405418	3405527	249456	249347	NC_057373.1	utg000051l	100.0		True
unknown
3400017	3400141	254807	254683	NC_057373.1	utg000051l	96.0		True
unknown
3399697	3399852	255125	254970	NC_057373.1	utg000051l	99.36		True
unknown
3399328	3399438	255498	255388	NC_057373.1	utg000051l	100.0		True
unknown
3397898	3398061	256902	256739	NC_057373.1	utg000051l	99.39		True
unknown
3377948	3378045	269427	269330	NC_057373.1	utg000051l	100.0		True
unknown
3377101	3377225	270277	270153	NC_057373.1	utg000051l	97.6		True
unknown
3370972	3371075	276255	276152	NC_057373.1	utg000051l	100.0		True
unknown
3370100	3370225	277121	276996	NC_057373.1	utg000051l	96.03		True
unknown
3369680	3369759	277516	277437	NC_057373.1	utg000051l	100.0		True
unknown
3351322	3351431	293850	293741	NC_057373.1	utg000051l	99.09		True
unknown
3350370	3350663	294804	294511	NC_057373.1	utg000051l	95.58		True
unknown
3349899	3350217	295272	294954	NC_057373.1	utg000051l	97.81		True
unknown
3349379	3349468	295794	295705	NC_057373.1	utg000051l	97.78		True
unknown
3349269	3349337	295910	295842	NC_057373.1	utg000051l	98.55		True
unknown
3347965	3348242	297197	296920	NC_057373.1	utg000051l	99.64		True
unknown
3347285	3347363	297868	297790	NC_057373.1	utg000051l	100.0		True
unknown
3346804	3347082	298350	298072	NC_057373.1	utg000051l	96.77		True
unknown
3346251	3346488	298891	298654	NC_057373.1	utg000051l	98.74		True
unknown
3344874	3345080	300259	300053	NC_057373.1	utg000051l	100.0		True
unknown
1058366	1058576	305913	305703	NC_057381.1	utg000051l	100.0		True
unknown
1057508	1057652	306766	306622	NC_057381.1	utg000051l	100.0		True
unknown
3264010	3264093	346330	346413	NC_057373.1	utg000051l	100.0		True
unknown
3268432	3268555	350649	350772	NC_057373.1	utg000051l	100.0		True
unknown
3275484	3275577	356737	356830	NC_057373.1	utg000051l	98.94		True
unknown
3280938	3281011	361568	361641	NC_057373.1	utg000051l	100.0		True
unknown
3281402	3281508	362029	362135	NC_057373.1	utg000051l	99.07		True
unknown
3283351	3283433	363956	364038	NC_057373.1	utg000051l	100.0		True
unknown
3286378	3286501	367038	367161	NC_057373.1	utg000051l	100.0		True
unknown
3286898	3286989	367562	367653	NC_057373.1	utg000051l	100.0		True
unknown
3287215	3287318	367880	367983	NC_057373.1	utg000051l	100.0		True
unknown
3288458	3288555	369138	369235	NC_057373.1	utg000051l	100.0		True
unknown
3289033	3289170	369734	369871	NC_057373.1	utg000051l	100.0		True
unknown
3230053	3230137	371624	371540	NC_057373.1	utg000051l	100.0		True
unknown
3226547	3226727	374729	374549	NC_057373.1	utg000051l	98.9		True
unknown
3222711	3222842	378600	378469	NC_057373.1	utg000051l	97.73		True
unknown
3214528	3214607	387613	387534	NC_057373.1	utg000051l	98.75		True
unknown
3203942	3204042	397486	397386	NC_057373.1	utg000051l	100.0		True
unknown
3201101	3201240	400324	400185	NC_057373.1	utg000051l	97.14		True
unknown
3200742	3200830	400661	400573	NC_057373.1	utg000051l	98.88		True
unknown
3193015	3193079	409079	409015	NC_057373.1	utg000051l	100.0		True
unknown
3187630	3187721	414229	414138	NC_057373.1	utg000051l	98.91		True
unknown
3184381	3184507	417330	417204	NC_057373.1	utg000051l	100.0		True
unknown
3183635	3183783	418055	417907	NC_057373.1	utg000051l	98.66		True
unknown
3179792	3179912	421850	421730	NC_057373.1	utg000051l	100.0		True
unknown
3178434	3178521	423173	423086	NC_057373.1	utg000051l	100.0		True
unknown
3169615	3169712	431740	431643	NC_057373.1	utg000051l	100.0		True
unknown
3164189	3164267	437001	436923	NC_057373.1	utg000051l	100.0		True
unknown
3163870	3163961	437312	437221	NC_057373.1	utg000051l	97.83		True
unknown
3162923	3163056	438215	438082	NC_057373.1	utg000051l	100.0		True
unknown
3134546	3134651	467475	467370	NC_057373.1	utg000051l	99.06		True
unknown
3133668	3133775	468398	468291	NC_057373.1	utg000051l	100.0		True
unknown
3132361	3132442	469771	469690	NC_057373.1	utg000051l	100.0		True
unknown
3127910	3128012	474243	474141	NC_057373.1	utg000051l	100.0		True
unknown
3126403	3126508	475746	475641	NC_057373.1	utg000051l	97.17		True
unknown
3126165	3126272	475977	475870	NC_057373.1	utg000051l	99.07		True
unknown
3124965	3125065	476933	476833	NC_057373.1	utg000051l	99.01		True
unknown
3124653	3124782	477223	477094	NC_057373.1	utg000051l	98.46		True
unknown
3122804	3122989	479271	479086	NC_057373.1	utg000051l	97.85		True
unknown
3122636	3122803	479440	479273	NC_057373.1	utg000051l	100.0		True
unknown
3122369	3122463	479698	479604	NC_057373.1	utg000051l	98.95		True
unknown
3121548	3121631	480509	480426	NC_057373.1	utg000051l	95.24		True
unknown
3121295	3121359	480759	480695	NC_057373.1	utg000051l	100.0		True
unknown
3121148	3121228	480905	480825	NC_057373.1	utg000051l	98.77		True
unknown
3093196	3093356	492712	492872	NC_057373.1	utg000051l	100.0		True
unknown
3094538	3094643	494009	494114	NC_057373.1	utg000051l	100.0		True
unknown
3094907	3094996	494351	494440	NC_057373.1	utg000051l	100.0		True
unknown
3097748	3097893	497213	497358	NC_057373.1	utg000051l	96.58		True
unknown
3100401	3100506	499946	500051	NC_057373.1	utg000051l	100.0		True
unknown
3100936	3101013	500494	500571	NC_057373.1	utg000051l	100.0		True
unknown
3102351	3102463	501928	502040	NC_057373.1	utg000051l	98.23		True
unknown
3102827	3102891	502407	502471	NC_057373.1	utg000051l	100.0		True
unknown
3064990	3065063	534966	534893	NC_057373.1	utg000051l	97.3		True
unknown
3062986	3063083	537013	536916	NC_057373.1	utg000051l	100.0		True
unknown
3053897	3054040	545897	545754	NC_057373.1	utg000051l	95.83		True
unknown
3053406	3053771	546378	546013	NC_057373.1	utg000051l	98.36		True
unknown
3051612	3051796	548119	547935	NC_057373.1	utg000051l	97.3		True
unknown
3042672	3042741	558053	557984	NC_057373.1	utg000051l	100.0		True
unknown
3035043	3035144	565746	565645	NC_057373.1	utg000051l	100.0		True
unknown
3033443	3033548	567346	567241	NC_057373.1	utg000051l	100.0		True
unknown
3028809	3029069	571998	571738	NC_057373.1	utg000051l	98.08		True
unknown
3028120	3028203	572693	572610	NC_057373.1	utg000051l	100.0		True
unknown
3027141	3027236	573657	573563	NC_057373.1	utg000051l	96.88		True
unknown
3025500	3025627	575273	575146	NC_057373.1	utg000051l	100.0		True
unknown
3021265	3021406	579332	579191	NC_057373.1	utg000051l	100.0		True
unknown
3021095	3021191	579502	579406	NC_057373.1	utg000051l	100.0		True
unknown
3020356	3020448	580207	580115	NC_057373.1	utg000051l	100.0		True
unknown
3019416	3020004	581161	580573	NC_057373.1	utg000051l	99.66		True
unknown
3018878	3018987	581676	581567	NC_057373.1	utg000051l	99.09		True
unknown
3018458	3018609	582085	581934	NC_057373.1	utg000051l	96.71		True
unknown
3018269	3018439	582275	582105	NC_057373.1	utg000051l	98.83		True
unknown
3018019	3018091	582531	582459	NC_057373.1	utg000051l	100.0		True
unknown
3017385	3017528	583189	583046	NC_057373.1	utg000051l	98.61		True
unknown
3017247	3017322	583327	583252	NC_057373.1	utg000051l	100.0		True
unknown
3015835	3015983	584710	584562	NC_057373.1	utg000051l	97.99		True
unknown
3009299	3009378	591449	591370	NC_057373.1	utg000051l	100.0		True
unknown
3008685	3008789	592067	591963	NC_057373.1	utg000051l	100.0		True
unknown
3000712	3000780	601091	601023	NC_057373.1	utg000051l	100.0		True
unknown
2999606	2999675	602192	602123	NC_057373.1	utg000051l	100.0		True
unknown
2997196	2997278	604568	604486	NC_057373.1	utg000051l	100.0		True
unknown
2995202	2995301	606924	606825	NC_057373.1	utg000051l	100.0		True
unknown
2992284	2992372	609841	609753	NC_057373.1	utg000051l	100.0		True
unknown
2969143	2969273	633241	633111	NC_057373.1	utg000051l	100.0		True
unknown
2968396	2968513	633990	633873	NC_057373.1	utg000051l	98.31		True
unknown
2968056	2968215	634335	634176	NC_057373.1	utg000051l	100.0		True
unknown
2967688	2967797	634701	634592	NC_057373.1	utg000051l	100.0		True
unknown
2965718	2965874	636723	636567	NC_057373.1	utg000051l	100.0		True
unknown
2962873	2962990	639602	639485	NC_057373.1	utg000051l	100.0		True
unknown
2961373	2961499	641134	641008	NC_057373.1	utg000051l	100.0		True
unknown
2959202	2959285	643336	643253	NC_057373.1	utg000051l	100.0		True
unknown
2958417	2958513	644124	644028	NC_057373.1	utg000051l	97.94		True
unknown
2958294	2958369	644244	644169	NC_057373.1	utg000051l	100.0		True
unknown
2957517	2957611	645060	644966	NC_057373.1	utg000051l	98.95		True
unknown
2956297	2956471	646274	646100	NC_057373.1	utg000051l	100.0		True
unknown
2954370	2954524	648188	648034	NC_057373.1	utg000051l	100.0		True
unknown
2953207	2953291	649378	649294	NC_057373.1	utg000051l	100.0		True
unknown
2944157	2944229	658355	658283	NC_057373.1	utg000051l	100.0		True
unknown
2940517	2940610	661883	661790	NC_057373.1	utg000051l	100.0		True
unknown
2940106	2940239	662294	662161	NC_057373.1	utg000051l	100.0		True
unknown
2937264	2937331	665134	665067	NC_057373.1	utg000051l	100.0		True
unknown
2937174	2937263	665225	665136	NC_057373.1	utg000051l	97.78		True
unknown
2936724	2936843	665686	665567	NC_057373.1	utg000051l	99.17		True
unknown
2935671	2935756	666722	666637	NC_057373.1	utg000051l	100.0		True
unknown
2935269	2935379	667143	667033	NC_057373.1	utg000051l	96.4		True
unknown
2935113	2935178	667302	667237	NC_057373.1	utg000051l	96.97		True
unknown
2934749	2934820	667675	667604	NC_057373.1	utg000051l	100.0		True
unknown
2934098	2934357	668340	668080	NC_057373.1	utg000051l	99.23		True
unknown
2924940	2925033	678025	677932	NC_057373.1	utg000051l	100.0		True
unknown
2919318	2919432	683546	683434	NC_057373.1	utg000051l	98.26		True
unknown
2918472	2918608	684406	684270	NC_057373.1	utg000051l	97.08		True
unknown
2918017	2918215	684866	684668	NC_057373.1	utg000051l	98.49		True
unknown
2917903	2918005	684982	684880	NC_057373.1	utg000051l	99.03		True
unknown
2917617	2917727	685260	685150	NC_057373.1	utg000051l	99.1		True
unknown
2917263	2917421	685604	685446	NC_057373.1	utg000051l	100.0		True
unknown
2914919	2914983	687823	687759	NC_057373.1	utg000051l	100.0		True
unknown
2913993	2914083	688737	688647	NC_057373.1	utg000051l	100.0		True
unknown
2904664	2904767	696382	696279	NC_057373.1	utg000051l	100.0		True
unknown
2902184	2902272	698864	698776	NC_057373.1	utg000051l	100.0		True
unknown
2901439	2901529	699592	699502	NC_057373.1	utg000051l	100.0		True
unknown
CONTIG	utg000051l	701302	mis_unaligned
198414	198497	50320	50237	NC_057383.1	utg000384l	100.0		True
unknown
197378	197550	51358	51186	NC_057383.1	utg000384l	95.4		True
unknown
196804	196881	51939	51862	NC_057383.1	utg000384l	100.0		True
unknown
195580	195761	52949	52766	NC_057383.1	utg000384l	98.37		True
unknown
CONTIG	utg000384l	76824	mis_unaligned
991608	991718	13171	13061	NC_057382.1	utg000294l	100.0		True
unknown
990502	990660	14248	14090	NC_057382.1	utg000294l	96.23		True
unknown
990066	990143	14688	14611	NC_057382.1	utg000294l	98.72		True
unknown
CONTIG	utg000294l	73553	mis_unaligned
CONTIG	utg000508l	7884	unaligned
1572345	1572439	11262	11168	NC_057374.1	utg000564l	98.95		True
unknown
1572031	1572170	11576	11437	NC_057374.1	utg000564l	100.0		True
unknown
CONTIG	utg000564l	69305	mis_unaligned
CONTIG	utg000799l	6820	unaligned
CONTIG	utg000744l	7139	unaligned
CONTIG	utg000754l	7963	unaligned
CONTIG	utg000778l	7071	unaligned
3450717	3450818	33425	33324	NC_057385.1	utg000264l	100.0		True
unknown
3449168	3449303	34954	34819	NC_057385.1	utg000264l	97.06		True
unknown
3438443	3438508	45260	45195	NC_057385.1	utg000264l	100.0		True
unknown
3431856	3431976	51875	51755	NC_057385.1	utg000264l	99.17		True
unknown
3429122	3429202	54558	54478	NC_057385.1	utg000264l	100.0		True
unknown
3428715	3428803	54963	54875	NC_057385.1	utg000264l	100.0		True
unknown
CONTIG	utg000264l	74269	mis_unaligned
CONTIG	utg000259l	70725	unaligned
CONTIG	utg000490l	78002	unaligned
CONTIG	utg000622l	7804	unaligned
CONTIG	utg000588l	7895	unaligned
CONTIG	utg000024l	7522	unaligned
2785551	2785625	23359	23433	NC_057371.1	utg000395l	98.67		True
CONTIG	utg000395l	79683	correct_unaligned
CONTIG	utg000332l	70994	unaligned
CONTIG	utg000416l	7831	unaligned
CONTIG	utg000291l	73986	unaligned
CONTIG	utg000303l	68284	unaligned
CONTIG	utg000743l	7206	unaligned
902022	902144	45599	45721	NC_057383.1	utg000141l	100.0		True
unknown
903265	903347	46856	46938	NC_057383.1	utg000141l	100.0		True
unknown
909367	909444	52983	53060	NC_057383.1	utg000141l	97.44		True
unknown
909863	909979	53473	53589	NC_057383.1	utg000141l	95.73		True
unknown
910081	910236	53691	53846	NC_057383.1	utg000141l	96.79		True
unknown
910513	910655	54135	54277	NC_057383.1	utg000141l	100.0		True
unknown
921399	921525	61144	61270	NC_057383.1	utg000141l	97.64		True
unknown
922346	922430	62074	62158	NC_057383.1	utg000141l	98.82		True
unknown
922487	922608	62221	62343	NC_057383.1	utg000141l	99.19		True
unknown
924878	924993	64586	64701	NC_057383.1	utg000141l	100.0		True
unknown
925061	925192	64774	64905	NC_057383.1	utg000141l	96.21		True
unknown
CONTIG	utg000141l	75675	mis_unaligned
CONTIG	utg000366l	69807	unaligned
2251868	2251959	74102	74193	NC_057382.1	utg000220l	100.0		True
CONTIG	utg000220l	76018	correct_unaligned
502827	502917	7767	7677	NC_057381.1	utg000012l	97.8		True
unknown
498171	498257	12584	12498	NC_057381.1	utg000012l	96.55		True
unknown
497972	498088	12777	12661	NC_057381.1	utg000012l	99.15		True
unknown
496847	496914	13867	13800	NC_057381.1	utg000012l	100.0		True
unknown
1474775	1474869	41008	40914	NC_057378.1	utg000012l	98.95		True
unknown
1474557	1474676	41228	41109	NC_057378.1	utg000012l	100.0		True
unknown
1474178	1474242	41608	41544	NC_057378.1	utg000012l	95.38		True
unknown
1472862	1473415	42366	41811	NC_057378.1	utg000012l	95.53		True
unknown
CONTIG	utg000012l	71387	mis_unaligned
CONTIG	utg000389l	68485	unaligned
479613	479730	2955	3072	NC_057372.1	utg000299l	99.15		True
unknown
479800	479927	3134	3261	NC_057372.1	utg000299l	97.66		True
unknown
480520	480634	3839	3953	NC_057372.1	utg000299l	100.0		True
unknown
488745	488849	14008	14112	NC_057372.1	utg000299l	96.19		True
unknown
498406	498523	23029	23146	NC_057372.1	utg000299l	100.0		True
unknown
499712	499804	24284	24376	NC_057372.1	utg000299l	100.0		True
unknown
500202	500293	24767	24858	NC_057372.1	utg000299l	100.0		True
unknown
500370	500479	24922	25031	NC_057372.1	utg000299l	97.27		True
unknown
551249	551398	43504	43654	NC_057372.1	utg000299l	99.34		True
unknown
552040	552126	44309	44395	NC_057372.1	utg000299l	100.0		True
unknown
555709	555791	47914	47996	NC_057372.1	utg000299l	100.0		True
unknown
560808	560946	53007	53145	NC_057372.1	utg000299l	100.0		True
unknown
562363	562448	54531	54616	NC_057372.1	utg000299l	100.0		True
unknown
563263	563330	55439	55506	NC_057372.1	utg000299l	100.0		True
unknown
570395	570480	62560	62645	NC_057372.1	utg000299l	100.0		True
unknown
571423	571703	63600	63880	NC_057372.1	utg000299l	96.8		True
unknown
572089	572335	64268	64514	NC_057372.1	utg000299l	95.55		True
unknown
577567	577734	69741	69908	NC_057372.1	utg000299l	97.62		True
unknown
579267	579401	71473	71607	NC_057372.1	utg000299l	99.26		True
unknown
579773	579858	71968	72053	NC_057372.1	utg000299l	100.0		True
unknown
581246	581362	73450	73567	NC_057372.1	utg000299l	96.64		True
unknown
581723	581859	73918	74054	NC_057372.1	utg000299l	100.0		True
unknown
581913	582062	74098	74247	NC_057372.1	utg000299l	96.67		True
unknown
582205	582291	74391	74477	NC_057372.1	utg000299l	97.7		True
unknown
582601	582744	74788	74931	NC_057372.1	utg000299l	99.31		True
unknown
CONTIG	utg000299l	75119	mis_unaligned
CONTIG	utg000149l	79656	unaligned
CONTIG	utg000448l	7513	unaligned
795433	795500	45030	45097	NC_057378.1	utg000286l	100.0		True
unknown
797202	797290	46959	47047	NC_057378.1	utg000286l	100.0		True
unknown
802592	802671	52397	52476	NC_057378.1	utg000286l	100.0		True
unknown
CONTIG	utg000286l	72242	mis_unaligned
118431	118589	32244	32086	NC_057383.1	utg000310l	96.23		True
unknown
115197	115278	35463	35382	NC_057383.1	utg000310l	100.0		True
unknown
108725	108858	42855	42722	NC_057383.1	utg000310l	100.0		True
unknown
106402	106520	45217	45099	NC_057383.1	utg000310l	97.48		True
unknown
105833	105913	45792	45712	NC_057383.1	utg000310l	96.3		True
unknown
105763	105832	45863	45794	NC_057383.1	utg000310l	98.57		True
unknown
105052	105169	46578	46461	NC_057383.1	utg000310l	100.0		True
unknown
104395	104496	47228	47127	NC_057383.1	utg000310l	95.1		True
unknown
81831	81958	60941	61068	NC_057383.1	utg000310l	96.09		True
unknown
81973	82111	61094	61232	NC_057383.1	utg000310l	97.84		True
unknown
85959	86047	65090	65178	NC_057383.1	utg000310l	98.88		True
unknown
86941	87069	66116	66244	NC_057383.1	utg000310l	100.0		True
unknown
CONTIG	utg000310l	68567	mis_unaligned
CONTIG	utg000417l	72827	unaligned
324238	324325	26847	26760	NC_057377.1	utg000052l	100.0		True
unknown
322834	323010	28201	28025	NC_057377.1	utg000052l	98.87		True
unknown
CONTIG	utg000052l	78187	mis_unaligned
CONTIG	utg000722l	8085	unaligned
1141433	1141517	20867	20783	NC_057379.1	utg000315l	100.0		True
CONTIG	utg000315l	71496	correct_unaligned
2510268	2510341	3864	3791	NC_057385.1	utg000492l	100.0		True
CONTIG	utg000492l	77095	correct_unaligned
1466658	1466858	29250	29050	NC_057378.1	utg000251l	97.01		True
unknown
1465531	1465626	30351	30256	NC_057378.1	utg000251l	96.88		True
unknown
1465390	1465497	30487	30380	NC_057378.1	utg000251l	96.3		True
unknown
1037716	1037817	37664	37765	NC_057371.1	utg000251l	96.08		True
unknown
1037984	1038130	37930	38076	NC_057371.1	utg000251l	96.6		True
unknown
1038132	1038224	38077	38169	NC_057371.1	utg000251l	95.7		True
unknown
1038870	1038937	38895	38962	NC_057371.1	utg000251l	97.06		True
unknown
1039019	1039245	39022	39248	NC_057371.1	utg000251l	95.15		True
unknown
621624	621708	51199	51115	NC_057370.1	utg000251l	100.0		True
unknown
620838	621479	52122	51480	NC_057370.1	utg000251l	97.83		True
unknown
616182	616290	56753	56645	NC_057370.1	utg000251l	100.0		True
unknown
1474667	1474895	73907	73679	NC_057378.1	utg000251l	96.94		True
unknown
1473093	1473217	74920	74796	NC_057378.1	utg000251l	95.2		True
unknown
1472910	1473002	75104	75012	NC_057378.1	utg000251l	97.85		True
unknown
CONTIG	utg000251l	76462	mis_unaligned
2048994	2049062	53118	53050	NC_057383.1	utg000323l	100.0		True
CONTIG	utg000323l	78640	correct_unaligned
CONTIG	utg000606l	69312	unaligned
CONTIG	utg000670l	7275	unaligned
