Aligning contigs to reference...
	Aligning contigs to the reference
Filtering alignments...
Parsing coords...
Loading reference...
	Loaded [NC_057370.1]
	Loaded [NC_057371.1]
	Loaded [NC_057372.1]
	Loaded [NC_057373.1]
	Loaded [NC_057374.1]
	Loaded [NC_057375.1]
	Loaded [NC_057376.1]
	Loaded [NC_057377.1]
	Loaded [NC_057378.1]
	Loaded [NC_057379.1]
	Loaded [NC_057380.1]
	Loaded [NC_057381.1]
	Loaded [NC_057382.1]
	Loaded [NC_057383.1]
	Loaded [NC_057384.1]
	Loaded [NC_057385.1]
	Total Regions: 16
	Total Region Length: 40703773
Analyzing contigs...
CONTIG: utg000001l (903432bp)
Best alignment score: 178.0 (LEN: 187, IDY: 95.19), Total number of alignments: 6
			Looking for the best set of alignments (out of 6 total alignments)
			Skipping redundant alignments after choosing the best set of alignments
		Skipping redundant alignment 2431714 2431876 | 329803 329640 | 163 164 | 95.12 | NC_057371.1 utg000001l
		Skipping redundant alignment 2662502 2662658 | 526953 527109 | 157 157 | 95.54 | NC_057372.1 utg000001l
		Skipping redundant alignment 2688001 2688159 | 527111 526953 | 159 159 | 96.23 | NC_057372.1 utg000001l
		Skipping redundant alignment 2144077 2144148 | 704845 704916 | 72 72 | 95.83 | NC_057375.1 utg000001l
		Skipping redundant alignment 1775295 1775366 | 788945 788873 | 72 73 | 98.63 | NC_057371.1 utg000001l
			The best set is below. Score: 178.0, number of alignments: 1, unaligned bases: 903245
		This contig is partially unaligned. (Aligned 187 out of 903432 non-N bases (0.02%))
		Alignment: 2094003 2094185 | 527139 526953 | 183 187 | 95.19 | NC_057371.1 utg000001l
		Unaligned bases: 1 to 526952 (526952)
		Unaligned bases: 527140 to 903432 (376293)

CONTIG: utg000002l (2389453bp)
Best alignment score: 182.0 (LEN: 191, IDY: 95.29), Total number of alignments: 25
			Looking for the best set of alignments (out of 25 total alignments)
			Skipping redundant alignments after choosing the best set of alignments
		Skipping redundant alignment 2918030 2918118 | 9589 9501 | 89 89 | 95.51 | NC_057373.1 utg000002l
		Skipping redundant alignment 2167918 2168021 | 1264671 1264774 | 104 104 | 96.15 | NC_057373.1 utg000002l
		Skipping redundant alignment 2369469 2369580 | 1415955 1416066 | 112 112 | 98.21 | NC_057373.1 utg000002l
		Skipping redundant alignment 2387406 2387490 | 1433532 1433616 | 85 85 | 95.29 | NC_057373.1 utg000002l
		Skipping redundant alignment 1136307 1136376 | 1748754 1748685 | 70 70 | 95.71 | NC_057373.1 utg000002l
			The best set is below. Score: 924.7, number of alignments: 20, unaligned bases: 2387522
		This contig is misassembled.
		This contig is partially unaligned. (Aligned 1931 out of 2389453 non-N bases (0.08%))
			Warning! This contig is more unaligned than misassembled. Contig length is 2389453 (number of Ns: 0) and total length of all aligns is 1931
		Alignment: 2565523 2565600 | 377908 377831 | 78 78 | 96.15 | NC_057373.1 utg000002l
		Alignment: 2565450 2565521 | 377980 377909 | 72 72 | 97.22 | NC_057373.1 utg000002l
		Alignment: 2565333 2565423 | 378098 378008 | 91 91 | 96.7 | NC_057373.1 utg000002l
		Alignment: 2564563 2564683 | 378859 378739 | 121 121 | 96.69 | NC_057373.1 utg000002l
		Alignment: 2564284 2564461 | 379144 378967 | 178 178 | 95.51 | NC_057373.1 utg000002l
		Alignment: 2557182 2557253 | 386165 386094 | 72 72 | 98.61 | NC_057373.1 utg000002l
		Alignment: 1613269 1613361 | 711858 711950 | 93 93 | 97.85 | NC_057373.1 utg000002l
		Alignment: 1689986 1690101 | 788051 788166 | 116 116 | 95.69 | NC_057373.1 utg000002l
		Alignment: 1735969 1736038 | 833493 833562 | 70 70 | 98.57 | NC_057373.1 utg000002l
		Alignment: 1829638 1829715 | 927912 927989 | 78 78 | 96.15 | NC_057373.1 utg000002l
		Alignment: 1897143 1897207 | 993205 993269 | 65 65 | 96.92 | NC_057373.1 utg000002l
		Alignment: 1937145 1937214 | 1033254 1033323 | 70 70 | 100.0 | NC_057373.1 utg000002l
		Alignment: 1975992 1976122 | 1071553 1071683 | 131 131 | 95.42 | NC_057373.1 utg000002l
		Alignment: 2192647 2192712 | 1288228 1288293 | 66 66 | 98.48 | NC_057373.1 utg000002l
		Alignment: 1264577 1264662 | 1620975 1620890 | 86 86 | 98.84 | NC_057373.1 utg000002l
		Alignment: 1254342 1254532 | 1631367 1631177 | 191 191 | 95.29 | NC_057373.1 utg000002l
		Alignment: 1224204 1224305 | 1661534 1661432 | 102 103 | 95.15 | NC_057373.1 utg000002l
		Alignment: 1186899 1186963 | 1697949 1697885 | 65 65 | 96.92 | NC_057373.1 utg000002l
		Alignment: 1147076 1147146 | 1737660 1737590 | 71 71 | 97.18 | NC_057373.1 utg000002l
		Alignment: 1095298 1095411 | 1788449 1788336 | 114 114 | 96.49 | NC_057373.1 utg000002l
		Unaligned bases: 2387522

CONTIG: utg000003l (533941bp)
Best alignment score: 119.0 (LEN: 124, IDY: 95.97), Total number of alignments: 8
			Looking for the best set of alignments (out of 8 total alignments)
			Skipping redundant alignments after choosing the best set of alignments
		Skipping redundant alignment 2736342 2736431 | 21942 22033 | 90 92 | 96.74 | NC_057385.1 utg000003l
		Skipping redundant alignment 2760802 2760886 | 121283 121367 | 85 85 | 97.65 | NC_057385.1 utg000003l
		Skipping redundant alignment 2928822 2928890 | 207627 207695 | 69 69 | 95.65 | NC_057385.1 utg000003l
		Skipping redundant alignment 3165657 3165753 | 442952 443047 | 97 96 | 95.88 | NC_057385.1 utg000003l
			The best set is below. Score: 284.0, number of alignments: 4, unaligned bases: 533573
		This contig is misassembled.
		This contig is partially unaligned. (Aligned 368 out of 533941 non-N bases (0.07%))
			Warning! This contig is more unaligned than misassembled. Contig length is 533941 (number of Ns: 0) and total length of all aligns is 368
		Alignment: 2789641 2789736 | 72614 72709 | 96 96 | 96.88 | NC_057385.1 utg000003l
		Alignment: 3063178 3063260 | 345693 345775 | 83 83 | 97.59 | NC_057385.1 utg000003l
		Alignment: 3077532 3077596 | 359139 359203 | 65 65 | 96.92 | NC_057385.1 utg000003l
		Alignment: 3106987 3107108 | 388817 388940 | 122 124 | 95.97 | NC_057385.1 utg000003l
		Unaligned bases: 533573

CONTIG: utg000004l (1114714bp)
Best alignment score: 604.6 (LEN: 634, IDY: 95.36), Total number of alignments: 58
			Looking for the best set of alignments (out of 58 total alignments)
			Skipping redundant alignments after choosing the best set of alignments
		Skipping redundant alignment 164225 164858 | 1 634 | 634 634 | 95.05 | NC_057372.1 utg000004l
		Skipping redundant alignment 148550 148617 | 3532 3599 | 68 68 | 97.06 | NC_057372.1 utg000004l
		Skipping redundant alignment 148851 148981 | 3820 3950 | 131 131 | 98.47 | NC_057372.1 utg000004l
		Skipping redundant alignment 149171 149242 | 4147 4218 | 72 72 | 100.0 | NC_057372.1 utg000004l
		Skipping redundant alignment 149564 149630 | 4552 4618 | 67 67 | 97.01 | NC_057372.1 utg000004l
		Skipping redundant alignment 149997 150088 | 4996 5087 | 92 92 | 100.0 | NC_057372.1 utg000004l
		Skipping redundant alignment 150282 150372 | 5280 5370 | 91 91 | 98.9 | NC_057372.1 utg000004l
		Skipping redundant alignment 150450 150551 | 5455 5556 | 102 102 | 99.02 | NC_057372.1 utg000004l
		Skipping redundant alignment 150887 150982 | 5876 5971 | 96 96 | 100.0 | NC_057372.1 utg000004l
		Skipping redundant alignment 151132 151204 | 6121 6193 | 73 73 | 98.63 | NC_057372.1 utg000004l
		Skipping redundant alignment 151279 151343 | 6263 6327 | 65 65 | 100.0 | NC_057372.1 utg000004l
		Skipping redundant alignment 151595 151760 | 6585 6750 | 166 166 | 98.8 | NC_057372.1 utg000004l
		Skipping redundant alignment 151761 152003 | 6753 6995 | 243 243 | 97.12 | NC_057372.1 utg000004l
		Skipping redundant alignment 152024 152127 | 7017 7120 | 104 104 | 99.04 | NC_057372.1 utg000004l
		Skipping redundant alignment 871732 871808 | 14351 14275 | 77 77 | 96.1 | NC_057382.1 utg000004l
		Skipping redundant alignment 871383 871515 | 14702 14570 | 133 133 | 96.99 | NC_057382.1 utg000004l
		Skipping redundant alignment 155550 155616 | 19158 19092 | 67 67 | 100.0 | NC_057372.1 utg000004l
		Skipping redundant alignment 579773 579858 | 194124 194211 | 86 88 | 96.59 | NC_057372.1 utg000004l
		Skipping redundant alignment 932425 932532 | 550755 550862 | 108 108 | 95.37 | NC_057372.1 utg000004l
		Skipping redundant alignment 1107655 1107744 | 649198 649287 | 90 90 | 97.78 | NC_057372.1 utg000004l
		Skipping redundant alignment 1378709 1378796 | 649288 649201 | 88 88 | 100.0 | NC_057371.1 utg000004l
		Skipping redundant alignment 779567 779687 | 649324 649201 | 121 124 | 96.0 | NC_057385.1 utg000004l
		Skipping redundant alignment 1845166 1845286 | 649201 649324 | 121 124 | 96.0 | NC_057385.1 utg000004l
		Skipping redundant alignment 1388598 1388718 | 649324 649201 | 121 124 | 96.0 | NC_057376.1 utg000004l
		Skipping redundant alignment 795575 795695 | 649324 649201 | 121 124 | 96.0 | NC_057385.1 utg000004l
		Skipping redundant alignment 1001619 1001739 | 649201 649324 | 121 124 | 96.0 | NC_057377.1 utg000004l
		Skipping redundant alignment 859700 859820 | 649201 649324 | 121 124 | 95.2 | NC_057381.1 utg000004l
		Skipping redundant alignment 1172079 1172200 | 649201 649325 | 122 125 | 96.03 | NC_057374.1 utg000004l
		Skipping redundant alignment 1255181 1255262 | 796962 797041 | 82 80 | 97.56 | NC_057372.1 utg000004l
		Skipping redundant alignment 1321664 1321750 | 866601 866688 | 87 88 | 96.59 | NC_057372.1 utg000004l
		Skipping redundant alignment 1425958 1426036 | 973677 973755 | 79 79 | 96.2 | NC_057372.1 utg000004l
		Skipping redundant alignment 1464935 1465015 | 1009250 1009330 | 81 81 | 96.3 | NC_057372.1 utg000004l
		Skipping redundant alignment 1488018 1488084 | 1032114 1032180 | 67 67 | 95.52 | NC_057372.1 utg000004l
		Skipping redundant alignment 1493969 1494037 | 1038035 1038103 | 69 69 | 95.65 | NC_057372.1 utg000004l
		Skipping redundant alignment 795861 795925 | 1081496 1081560 | 65 65 | 95.38 | NC_057384.1 utg000004l
		Skipping redundant alignment 1038713 1038820 | 1082137 1082244 | 108 108 | 97.22 | NC_057371.1 utg000004l
		Skipping redundant alignment 75290 75375 | 1102467 1102552 | 86 86 | 100.0 | NC_057381.1 utg000004l
		Skipping redundant alignment 96484 96569 | 1102467 1102552 | 86 86 | 97.67 | NC_057377.1 utg000004l
		Skipping redundant alignment 1227663 1227748 | 1102467 1102552 | 86 86 | 96.51 | NC_057380.1 utg000004l
		Skipping redundant alignment 3536119 3536205 | 1102553 1102467 | 87 87 | 97.7 | NC_057385.1 utg000004l
		Skipping redundant alignment 1191903 1191989 | 1102553 1102467 | 87 87 | 97.7 | NC_057379.1 utg000004l
		Skipping redundant alignment 1038405 1038491 | 1102553 1102467 | 87 87 | 97.7 | NC_057371.1 utg000004l
		Skipping redundant alignment 863191 863277 | 1102553 1102467 | 87 87 | 96.55 | NC_057382.1 utg000004l
		Skipping redundant alignment 1037736 1037821 | 1103295 1103210 | 86 86 | 97.67 | NC_057371.1 utg000004l
		This contig has several significant sets of alignments. [An ambiguously mapped contig]
		Using only the very best set (option --ambiguity-usage is set to "one").
			The best set is below. Score: 1931.6, number of alignments: 14, unaligned bases: 1112710
		This contig is misassembled.
		This contig is partially unaligned. (Aligned 2004 out of 1114714 non-N bases (0.18%))
			Warning! This contig is more unaligned than misassembled. Contig length is 1114714 (number of Ns: 0) and total length of all aligns is 2004
		Alignment: 154417 155052 | 1 634 | 636 634 | 95.36 | NC_057372.1 utg000004l
		Alignment: 158353 158420 | 3532 3599 | 68 68 | 97.06 | NC_057372.1 utg000004l
		Alignment: 158655 158785 | 3820 3950 | 131 131 | 98.47 | NC_057372.1 utg000004l
		Alignment: 158975 159046 | 4147 4218 | 72 72 | 100.0 | NC_057372.1 utg000004l
		Alignment: 159368 159434 | 4552 4618 | 67 67 | 97.01 | NC_057372.1 utg000004l
		Alignment: 159801 159892 | 4996 5087 | 92 92 | 100.0 | NC_057372.1 utg000004l
		Alignment: 160086 160176 | 5280 5370 | 91 91 | 98.9 | NC_057372.1 utg000004l
		Alignment: 160254 160355 | 5455 5556 | 102 102 | 99.02 | NC_057372.1 utg000004l
		Alignment: 160691 160786 | 5876 5971 | 96 96 | 100.0 | NC_057372.1 utg000004l
		Alignment: 160936 161008 | 6121 6193 | 73 73 | 98.63 | NC_057372.1 utg000004l
		Alignment: 161083 161147 | 6263 6327 | 65 65 | 100.0 | NC_057372.1 utg000004l
		Alignment: 161399 161564 | 6585 6750 | 166 166 | 98.8 | NC_057372.1 utg000004l
		Alignment: 161565 161807 | 6753 6995 | 243 243 | 97.12 | NC_057372.1 utg000004l
		Alignment: 161828 161931 | 7017 7120 | 104 104 | 99.04 | NC_057372.1 utg000004l
		Unaligned bases: 1112710

CONTIG: utg000005l (170674bp)
		This contig is unaligned. (170674 bp)
		Unaligned bases: 170674 (number of Ns: 0)

CONTIG: utg000006l (177445bp)
Best alignment score: 145.0 (LEN: 152, IDY: 95.39), Total number of alignments: 6
			Looking for the best set of alignments (out of 6 total alignments)
			Skipping redundant alignments after choosing the best set of alignments
		Skipping redundant alignment 871827 871913 | 154902 154816 | 87 87 | 95.4 | NC_057382.1 utg000006l
		Skipping redundant alignment 871355 871470 | 155381 155266 | 116 116 | 95.69 | NC_057382.1 utg000006l
		Skipping redundant alignment 1956380 1956531 | 156072 155921 | 152 152 | 95.39 | NC_057379.1 utg000006l
			The best set is below. Score: 239.0, number of alignments: 3, unaligned bases: 177197
		This contig is misassembled.
		This contig is partially unaligned. (Aligned 248 out of 177445 non-N bases (0.14%))
			Warning! This contig is more unaligned than misassembled. Contig length is 177445 (number of Ns: 0) and total length of all aligns is 248
		Alignment: 1219057 1219137 | 154815 154895 | 81 81 | 95.06 | NC_057380.1 utg000006l
		Alignment: 1219166 1219230 | 154928 154992 | 65 65 | 96.92 | NC_057380.1 utg000006l
		Alignment: 1219504 1219605 | 155275 155376 | 102 102 | 97.06 | NC_057380.1 utg000006l
		Unaligned bases: 177197

CONTIG: utg000007l (60451bp)
		This contig is unaligned. (60451 bp)
		Unaligned bases: 60451 (number of Ns: 0)

CONTIG: utg000008l (66663bp)
		This contig is unaligned. (66663 bp)
		Unaligned bases: 66663 (number of Ns: 0)

CONTIG: utg000009l (891947bp)
Best alignment score: 169.0 (LEN: 176, IDY: 96.02), Total number of alignments: 20
			Looking for the best set of alignments (out of 20 total alignments)
			Skipping redundant alignments after choosing the best set of alignments
		Skipping redundant alignment 1227731 1227832 | 51546 51647 | 102 102 | 99.02 | NC_057380.1 utg000009l
		Skipping redundant alignment 1227950 1228050 | 51774 51874 | 101 101 | 98.02 | NC_057380.1 utg000009l
		Skipping redundant alignment 1228166 1228320 | 51987 52141 | 155 155 | 97.42 | NC_057380.1 utg000009l
		Skipping redundant alignment 1228321 1228390 | 52144 52213 | 70 70 | 97.14 | NC_057380.1 utg000009l
		Skipping redundant alignment 1172080 1172199 | 244660 244778 | 120 119 | 97.5 | NC_057374.1 utg000009l
		Skipping redundant alignment 779567 779686 | 244778 244660 | 120 119 | 97.5 | NC_057385.1 utg000009l
		Skipping redundant alignment 795575 795694 | 244778 244660 | 120 119 | 97.5 | NC_057385.1 utg000009l
		Skipping redundant alignment 1378676 1378795 | 244778 244660 | 120 119 | 96.67 | NC_057371.1 utg000009l
		Skipping redundant alignment 1107659 1107779 | 244660 244779 | 121 120 | 97.52 | NC_057372.1 utg000009l
		Skipping redundant alignment 1001620 1001740 | 244660 244779 | 121 120 | 97.52 | NC_057377.1 utg000009l
		Skipping redundant alignment 1388597 1388717 | 244779 244660 | 121 120 | 97.52 | NC_057376.1 utg000009l
		Skipping redundant alignment 859701 859823 | 244660 244781 | 123 122 | 96.75 | NC_057381.1 utg000009l
		Skipping redundant alignment 1845167 1845290 | 244660 244782 | 124 123 | 97.58 | NC_057385.1 utg000009l
		Skipping redundant alignment 1182729 1182804 | 425408 425483 | 76 76 | 97.37 | NC_057377.1 utg000009l
			The best set is below. Score: 665.0, number of alignments: 6, unaligned bases: 891264
		This contig is misassembled.
		This contig is partially unaligned. (Aligned 683 out of 891947 non-N bases (0.08%))
			Warning! This contig is more unaligned than misassembled. Contig length is 891947 (number of Ns: 0) and total length of all aligns is 683
		Alignment: 863664 863732 | 51092 51024 | 69 69 | 97.1 | NC_057382.1 utg000009l
		Alignment: 863445 863620 | 51315 51140 | 176 176 | 96.02 | NC_057382.1 utg000009l
		Alignment: 863101 863209 | 51654 51546 | 109 109 | 99.08 | NC_057382.1 utg000009l
		Alignment: 862883 862986 | 51877 51774 | 104 104 | 98.08 | NC_057382.1 utg000009l
		Alignment: 862613 862770 | 52144 51987 | 158 158 | 97.47 | NC_057382.1 utg000009l
		Alignment: 862546 862612 | 52213 52147 | 67 67 | 97.01 | NC_057382.1 utg000009l
		Unaligned bases: 891264

CONTIG: utg000010l (459138bp)
Best alignment score: 80.0 (LEN: 83, IDY: 96.39), Total number of alignments: 1
			Looking for the best set of alignments (out of 1 total alignments)
			The best set is below. Score: 80.0, number of alignments: 1, unaligned bases: 459055
		This contig is partially unaligned. (Aligned 83 out of 459138 non-N bases (0.02%))
		Alignment: 454921 455003 | 270300 270382 | 83 83 | 96.39 | NC_057371.1 utg000010l
		Unaligned bases: 1 to 270299 (270299)
		Unaligned bases: 270383 to 459138 (188756)

CONTIG: utg000011l (538047bp)
Best alignment score: 122.0 (LEN: 124, IDY: 98.40), Total number of alignments: 10
			Looking for the best set of alignments (out of 10 total alignments)
			Skipping redundant alignments after choosing the best set of alignments
		Skipping redundant alignment 874052 874128 | 94998 94922 | 77 77 | 96.1 | NC_057381.1 utg000011l
		Skipping redundant alignment 795575 795695 | 101219 101339 | 121 121 | 98.36 | NC_057385.1 utg000011l
		Skipping redundant alignment 859700 859820 | 101339 101219 | 121 121 | 97.54 | NC_057381.1 utg000011l
		Skipping redundant alignment 1172078 1172199 | 101340 101219 | 122 122 | 98.37 | NC_057374.1 utg000011l
		Skipping redundant alignment 1107657 1107778 | 101340 101219 | 122 122 | 98.37 | NC_057372.1 utg000011l
		Skipping redundant alignment 1001618 1001739 | 101340 101219 | 122 122 | 98.37 | NC_057377.1 utg000011l
		Skipping redundant alignment 1388598 1388719 | 101219 101340 | 122 122 | 98.37 | NC_057376.1 utg000011l
		Skipping redundant alignment 1378676 1378797 | 101219 101340 | 122 122 | 97.56 | NC_057371.1 utg000011l
		Skipping redundant alignment 1845164 1845286 | 101341 101219 | 123 123 | 98.39 | NC_057385.1 utg000011l
		This contig has several significant sets of alignments. [An ambiguously mapped contig]
		Using only the very best set (option --ambiguity-usage is set to "one").
			The best set is below. Score: 122.0, number of alignments: 1, unaligned bases: 537923
		This contig is partially unaligned. (Aligned 124 out of 538047 non-N bases (0.02%))
		Alignment: 779566 779689 | 101218 101341 | 124 124 | 98.4 | NC_057385.1 utg000011l
		Unaligned bases: 1 to 101217 (101217)
		Unaligned bases: 101342 to 538047 (436706)

CONTIG: utg000012l (71391bp)
Best alignment score: 94.0 (LEN: 95, IDY: 98.95), Total number of alignments: 3
			Looking for the best set of alignments (out of 3 total alignments)
			The best set is below. Score: 210.0, number of alignments: 3, unaligned bases: 71149
		This contig is misassembled.
		This contig is partially unaligned. (Aligned 242 out of 71391 non-N bases (0.34%))
			Warning! This contig is more unaligned than misassembled. Contig length is 71391 (number of Ns: 0) and total length of all aligns is 242
		Alignment: 1474775 1474869 | 41012 40918 | 95 95 | 98.95 | NC_057378.1 utg000012l
		Alignment: 1474178 1474242 | 41612 41548 | 65 65 | 95.38 | NC_057378.1 utg000012l
		Alignment: 1473131 1473212 | 42099 42018 | 82 82 | 95.12 | NC_057378.1 utg000012l
		Unaligned bases: 71149

CONTIG: utg000013l (231245bp)
Best alignment score: 191.0 (LEN: 199, IDY: 95.98), Total number of alignments: 22
			Looking for the best set of alignments (out of 22 total alignments)
			Skipping redundant alignments after choosing the best set of alignments
		Skipping redundant alignment 3535420 3535512 | 143114 143206 | 93 93 | 95.7 | NC_057385.1 utg000013l
		Skipping redundant alignment 1228349 1228440 | 143208 143117 | 92 92 | 95.65 | NC_057380.1 utg000013l
		Skipping redundant alignment 3535514 3535632 | 143207 143325 | 119 119 | 96.64 | NC_057385.1 utg000013l
		Skipping redundant alignment 795605 795723 | 143207 143325 | 119 119 | 96.64 | NC_057384.1 utg000013l
		Skipping redundant alignment 1465417 1465536 | 143206 143325 | 120 120 | 97.5 | NC_057378.1 utg000013l
		Skipping redundant alignment 862613 862705 | 143234 143326 | 93 93 | 98.92 | NC_057382.1 utg000013l
		Skipping redundant alignment 97057 97176 | 143326 143207 | 120 120 | 96.67 | NC_057377.1 utg000013l
		Skipping redundant alignment 1228230 1228320 | 143327 143237 | 91 91 | 98.9 | NC_057380.1 utg000013l
		Skipping redundant alignment 862841 862935 | 143461 143555 | 95 95 | 95.79 | NC_057382.1 utg000013l
		Skipping redundant alignment 795766 795955 | 143366 143555 | 190 190 | 95.26 | NC_057384.1 utg000013l
		Skipping redundant alignment 1465570 1465768 | 143357 143555 | 199 199 | 95.98 | NC_057378.1 utg000013l
		Skipping redundant alignment 1465947 1466012 | 143736 143801 | 66 66 | 95.45 | NC_057378.1 utg000013l
		Skipping redundant alignment 796555 796644 | 144136 144225 | 90 90 | 95.56 | NC_057384.1 utg000013l
		Skipping redundant alignment 96145 96238 | 144229 144136 | 94 94 | 96.81 | NC_057377.1 utg000013l
		Skipping redundant alignment 3536451 3536544 | 144136 144229 | 94 94 | 96.81 | NC_057385.1 utg000013l
		Skipping redundant alignment 1226918 1226999 | 144642 144561 | 82 82 | 97.56 | NC_057380.1 utg000013l
		Skipping redundant alignment 863948 864031 | 144559 144642 | 84 84 | 97.62 | NC_057382.1 utg000013l
		Skipping redundant alignment 796980 797063 | 144559 144642 | 84 84 | 95.24 | NC_057384.1 utg000013l
		This contig has several significant sets of alignments. [An ambiguously mapped contig]
		Using only the very best set (option --ambiguity-usage is set to "one").
			The best set is below. Score: 464.0, number of alignments: 4, unaligned bases: 230761
		This contig is misassembled.
		This contig is partially unaligned. (Aligned 484 out of 231245 non-N bases (0.21%))
			Warning! This contig is more unaligned than misassembled. Contig length is 231245 (number of Ns: 0) and total length of all aligns is 484
		Alignment: 895137 895256 | 143326 143207 | 120 120 | 96.67 | NC_057384.1 utg000013l
		Alignment: 894902 895094 | 143559 143367 | 193 193 | 95.34 | NC_057384.1 utg000013l
		Alignment: 894213 894306 | 144229 144136 | 94 94 | 95.74 | NC_057384.1 utg000013l
		Alignment: 893802 893878 | 144638 144562 | 77 77 | 96.1 | NC_057384.1 utg000013l
		Unaligned bases: 230761

CONTIG: utg000014l (47221bp)
		This contig is unaligned. (47221 bp)
		Unaligned bases: 47221 (number of Ns: 0)

CONTIG: utg000015l (54337bp)
		This contig is unaligned. (54337 bp)
		Unaligned bases: 54337 (number of Ns: 0)

CONTIG: utg000016l (31092bp)
		This contig is unaligned. (31092 bp)
		Unaligned bases: 31092 (number of Ns: 0)

CONTIG: utg000017l (270374bp)
		This contig is unaligned. (270374 bp)
		Unaligned bases: 270374 (number of Ns: 0)

CONTIG: utg000018l (9446bp)
		This contig is unaligned. (9446 bp)
		Unaligned bases: 9446 (number of Ns: 0)

CONTIG: utg000019l (638753bp)
Best alignment score: 200.0 (LEN: 208, IDY: 96.17), Total number of alignments: 5
			Looking for the best set of alignments (out of 5 total alignments)
			Skipping redundant alignments after choosing the best set of alignments
		Skipping redundant alignment 2687965 2688166 | 255719 255919 | 202 201 | 95.54 | NC_057372.1 utg000019l
		Skipping redundant alignment 2662489 2662696 | 255925 255719 | 208 207 | 95.19 | NC_057372.1 utg000019l
		Skipping redundant alignment 2587891 2588010 | 315876 315757 | 120 120 | 97.5 | NC_057372.1 utg000019l
		Skipping redundant alignment 2467017 2467081 | 425099 425035 | 65 65 | 100.0 | NC_057372.1 utg000019l
			The best set is below. Score: 200.0, number of alignments: 1, unaligned bases: 638545
		This contig is partially unaligned. (Aligned 208 out of 638753 non-N bases (0.03%))
		Alignment: 2093992 2094200 | 255720 255927 | 209 208 | 96.17 | NC_057371.1 utg000019l
		Unaligned bases: 1 to 255719 (255719)
		Unaligned bases: 255928 to 638753 (382826)

CONTIG: utg000020l (496294bp)
Best alignment score: 388.0 (LEN: 404, IDY: 96.05), Total number of alignments: 29
			Looking for the best set of alignments (out of 29 total alignments)
			Skipping redundant alignments after choosing the best set of alignments
		Skipping redundant alignment 96950 97058 | 31255 31147 | 109 109 | 96.33 | NC_057377.1 utg000020l
		Skipping redundant alignment 75756 76158 | 31255 30853 | 403 403 | 95.3 | NC_057381.1 utg000020l
		Skipping redundant alignment 1465242 1465644 | 30853 31255 | 403 403 | 95.3 | NC_057378.1 utg000020l
		Skipping redundant alignment 3535337 3535740 | 30852 31255 | 404 404 | 95.31 | NC_057385.1 utg000020l
		Skipping redundant alignment 862410 862814 | 30852 31257 | 405 406 | 95.09 | NC_057382.1 utg000020l
		Skipping redundant alignment 1228122 1228526 | 31257 30852 | 405 406 | 95.09 | NC_057380.1 utg000020l
		Skipping redundant alignment 96159 96223 | 33910 33974 | 65 65 | 96.92 | NC_057377.1 utg000020l
		Skipping redundant alignment 826234 826300 | 33977 33911 | 67 67 | 95.52 | NC_057384.1 utg000020l
		Skipping redundant alignment 1227458 1227551 | 34019 34112 | 94 94 | 95.74 | NC_057380.1 utg000020l
		Skipping redundant alignment 894330 894440 | 34002 34112 | 111 111 | 98.2 | NC_057384.1 utg000020l
		Skipping redundant alignment 863388 863498 | 34113 34003 | 111 111 | 96.4 | NC_057382.1 utg000020l
		Skipping redundant alignment 826087 826197 | 34113 34003 | 111 111 | 96.4 | NC_057384.1 utg000020l
		Skipping redundant alignment 825873 825937 | 34323 34259 | 65 65 | 95.38 | NC_057384.1 utg000020l
		Skipping redundant alignment 96522 96597 | 34258 34333 | 76 76 | 98.68 | NC_057377.1 utg000020l
		Skipping redundant alignment 1227701 1227776 | 34258 34333 | 76 76 | 96.05 | NC_057380.1 utg000020l
		Skipping redundant alignment 863163 863238 | 34334 34259 | 76 76 | 96.05 | NC_057382.1 utg000020l
		Skipping redundant alignment 863034 863117 | 34464 34381 | 84 84 | 95.24 | NC_057382.1 utg000020l
		Skipping redundant alignment 1227902 1227966 | 34462 34526 | 65 65 | 95.38 | NC_057380.1 utg000020l
		Skipping redundant alignment 1435596 1435710 | 150608 150722 | 115 115 | 95.65 | NC_057380.1 utg000020l
		Skipping redundant alignment 1630877 1630980 | 325190 325293 | 104 104 | 95.19 | NC_057380.1 utg000020l
		Skipping redundant alignment 460054 460159 | 325296 325191 | 106 106 | 95.28 | NC_057382.1 utg000020l
		This contig has several significant sets of alignments. [An ambiguously mapped contig]
		Using only the very best set (option --ambiguity-usage is set to "one").
			The best set is below. Score: 485.1, number of alignments: 8, unaligned bases: 495272
		This contig is misassembled.
		This contig is partially unaligned. (Aligned 1022 out of 496294 non-N bases (0.21%))
			Warning! This contig is more unaligned than misassembled. Contig length is 496294 (number of Ns: 0) and total length of all aligns is 1022
		Alignment: 1037715 1038118 | 30852 31255 | 404 404 | 96.05 | NC_057371.1 utg000020l
		Alignment: 75076 75178 | 34010 34112 | 103 103 | 97.09 | NC_057381.1 utg000020l
		Alignment: 75328 75403 | 34258 34333 | 76 76 | 97.37 | NC_057381.1 utg000020l
		Alignment: 75533 75597 | 34462 34526 | 65 65 | 96.92 | NC_057381.1 utg000020l
		Alignment: 75642 75742 | 34572 34672 | 101 101 | 95.05 | NC_057381.1 utg000020l
		Alignment: 655435 655504 | 150322 150253 | 70 70 | 98.57 | NC_057382.1 utg000020l
		Alignment: 655025 655138 | 150722 150609 | 114 114 | 96.49 | NC_057382.1 utg000020l
		Alignment: 653604 653692 | 152150 152062 | 89 89 | 97.78 | NC_057382.1 utg000020l
		Unaligned bases: 495272

CONTIG: utg000021l (428475bp)
Best alignment score: 147.0 (LEN: 154, IDY: 95.45), Total number of alignments: 33
			Looking for the best set of alignments (out of 33 total alignments)
			Skipping redundant alignments after choosing the best set of alignments
		Skipping redundant alignment 1465242 1465306 | 38098 38162 | 65 65 | 100.0 | NC_057378.1 utg000021l
		Skipping redundant alignment 1037715 1037782 | 38097 38164 | 68 68 | 100.0 | NC_057371.1 utg000021l
		Skipping redundant alignment 3535337 3535404 | 38097 38164 | 68 68 | 97.06 | NC_057385.1 utg000021l
		Skipping redundant alignment 76090 76158 | 38166 38098 | 69 69 | 98.55 | NC_057381.1 utg000021l
		Skipping redundant alignment 97284 97353 | 38166 38097 | 70 70 | 97.14 | NC_057377.1 utg000021l
		Skipping redundant alignment 1228457 1228526 | 38166 38097 | 70 70 | 95.71 | NC_057380.1 utg000021l
		Skipping redundant alignment 3535405 3535558 | 38166 38319 | 154 154 | 95.45 | NC_057385.1 utg000021l
		Skipping redundant alignment 75937 76087 | 38320 38170 | 151 151 | 95.36 | NC_057381.1 utg000021l
		Skipping redundant alignment 1191428 1191509 | 38400 38481 | 82 82 | 97.56 | NC_057379.1 utg000021l
		Skipping redundant alignment 1465545 1465629 | 38397 38481 | 85 85 | 98.82 | NC_057378.1 utg000021l
		Skipping redundant alignment 3535641 3535725 | 38397 38481 | 85 85 | 95.29 | NC_057385.1 utg000021l
		Skipping redundant alignment 1038018 1038103 | 38396 38481 | 86 86 | 95.35 | NC_057371.1 utg000021l
		Skipping redundant alignment 1228136 1228219 | 38484 38401 | 84 84 | 96.43 | NC_057380.1 utg000021l
		Skipping redundant alignment 75768 75851 | 38484 38401 | 84 84 | 95.24 | NC_057381.1 utg000021l
		Skipping redundant alignment 1191565 1191632 | 38533 38600 | 68 68 | 95.59 | NC_057379.1 utg000021l
		Skipping redundant alignment 1227917 1228014 | 38701 38604 | 98 98 | 98.98 | NC_057380.1 utg000021l
		Skipping redundant alignment 1038229 1038326 | 38604 38701 | 98 98 | 97.96 | NC_057371.1 utg000021l
		Skipping redundant alignment 75547 75645 | 38702 38604 | 99 99 | 95.96 | NC_057381.1 utg000021l
		Skipping redundant alignment 96741 96840 | 38702 38603 | 100 100 | 96.0 | NC_057377.1 utg000021l
		Skipping redundant alignment 1227751 1227832 | 38867 38786 | 82 82 | 98.78 | NC_057380.1 utg000021l
		Skipping redundant alignment 75378 75476 | 38867 38769 | 99 99 | 96.97 | NC_057381.1 utg000021l
		Skipping redundant alignment 1465921 1466022 | 38766 38867 | 102 102 | 95.1 | NC_057378.1 utg000021l
		Skipping redundant alignment 1466563 1466635 | 39394 39466 | 73 73 | 95.89 | NC_057378.1 utg000021l
		Skipping redundant alignment 1192398 1192520 | 39349 39471 | 123 123 | 95.93 | NC_057379.1 utg000021l
		Skipping redundant alignment 1466637 1466724 | 39467 39554 | 88 88 | 97.73 | NC_057378.1 utg000021l
		Skipping redundant alignment 1039019 1039106 | 39467 39554 | 88 88 | 97.73 | NC_057371.1 utg000021l
		Skipping redundant alignment 1474380 1474460 | 313116 313196 | 81 81 | 97.53 | NC_057378.1 utg000021l
			The best set is below. Score: 501.0, number of alignments: 6, unaligned bases: 427960
		This contig is misassembled.
		This contig is partially unaligned. (Aligned 515 out of 428475 non-N bases (0.12%))
			Warning! This contig is more unaligned than misassembled. Contig length is 428475 (number of Ns: 0) and total length of all aligns is 515
		Alignment: 862410 862477 | 38097 38164 | 68 68 | 95.59 | NC_057382.1 utg000021l
		Alignment: 862713 862797 | 38397 38481 | 85 85 | 96.47 | NC_057382.1 utg000021l
		Alignment: 862922 863018 | 38604 38700 | 97 97 | 98.97 | NC_057382.1 utg000021l
		Alignment: 863088 863189 | 38766 38867 | 102 102 | 97.06 | NC_057382.1 utg000021l
		Alignment: 863576 863650 | 39242 39316 | 75 75 | 97.33 | NC_057382.1 utg000021l
		Alignment: 863805 863892 | 39467 39554 | 88 88 | 97.73 | NC_057382.1 utg000021l
		Unaligned bases: 427960

CONTIG: utg000022l (292200bp)
Best alignment score: 105.0 (LEN: 108, IDY: 97.22), Total number of alignments: 8
			Looking for the best set of alignments (out of 8 total alignments)
			Skipping redundant alignments after choosing the best set of alignments
		Skipping redundant alignment 75632 75700 | 64492 64560 | 69 69 | 97.1 | NC_057381.1 utg000022l
		Skipping redundant alignment 96826 96894 | 64492 64560 | 69 69 | 95.65 | NC_057377.1 utg000022l
		Skipping redundant alignment 862865 862935 | 64562 64492 | 71 71 | 95.77 | NC_057382.1 utg000022l
		Skipping redundant alignment 1228001 1228071 | 64492 64562 | 71 71 | 95.77 | NC_057380.1 utg000022l
		Skipping redundant alignment 466290 466397 | 146603 146710 | 108 108 | 97.22 | NC_057385.1 utg000022l
		Skipping redundant alignment 349927 349991 | 187434 187370 | 65 65 | 95.38 | NC_057385.1 utg000022l
			The best set is below. Score: 132.0, number of alignments: 2, unaligned bases: 292039
		This contig is misassembled.
		This contig is partially unaligned. (Aligned 161 out of 292200 non-N bases (0.06%))
			Warning! This contig is more unaligned than misassembled. Contig length is 292200 (number of Ns: 0) and total length of all aligns is 161
		Alignment: 1039039 1039127 | 63603 63515 | 89 89 | 96.63 | NC_057371.1 utg000022l
		Alignment: 1038171 1038242 | 64563 64492 | 72 72 | 97.22 | NC_057371.1 utg000022l
		Unaligned bases: 292039

CONTIG: utg000023l (64413bp)
Best alignment score: 95.0 (LEN: 99, IDY: 95.96), Total number of alignments: 2
			Looking for the best set of alignments (out of 2 total alignments)
			The best set is below. Score: 186.0, number of alignments: 2, unaligned bases: 64219
		This contig is misassembled.
		This contig is partially unaligned. (Aligned 194 out of 64413 non-N bases (0.30%))
			Warning! This contig is more unaligned than misassembled. Contig length is 64413 (number of Ns: 0) and total length of all aligns is 194
		Alignment: 465782 465876 | 11877 11971 | 95 95 | 95.79 | NC_057385.1 utg000023l
		Alignment: 466295 466393 | 12387 12485 | 99 99 | 95.96 | NC_057385.1 utg000023l
		Unaligned bases: 64219

CONTIG: utg000024l (7522bp)
		This contig is unaligned. (7522 bp)
		Unaligned bases: 7522 (number of Ns: 0)

CONTIG: utg000025l (846629bp)
Best alignment score: 244.0 (LEN: 251, IDY: 97.21), Total number of alignments: 25
			Looking for the best set of alignments (out of 25 total alignments)
			Skipping redundant alignments after choosing the best set of alignments
		Skipping redundant alignment 1474804 1474915 | 41781 41892 | 112 112 | 95.54 | NC_057378.1 utg000025l
		Skipping redundant alignment 1474916 1475012 | 41894 41990 | 97 97 | 97.94 | NC_057378.1 utg000025l
		Skipping redundant alignment 969627 969691 | 112837 112901 | 65 65 | 96.92 | NC_057375.1 utg000025l
		Skipping redundant alignment 969902 969987 | 113113 113198 | 86 86 | 95.35 | NC_057375.1 utg000025l
		Skipping redundant alignment 871840 871942 | 295131 295233 | 103 103 | 95.15 | NC_057382.1 utg000025l
		Skipping redundant alignment 1219027 1219130 | 295235 295132 | 104 104 | 95.19 | NC_057380.1 utg000025l
		Skipping redundant alignment 3535375 3535497 | 828568 828690 | 123 123 | 95.93 | NC_057385.1 utg000025l
		Skipping redundant alignment 862448 862570 | 828568 828690 | 123 123 | 95.12 | NC_057382.1 utg000025l
		Skipping redundant alignment 97192 97315 | 828691 828568 | 124 124 | 95.16 | NC_057377.1 utg000025l
		Skipping redundant alignment 862613 862817 | 828736 828940 | 205 205 | 97.56 | NC_057382.1 utg000025l
		Skipping redundant alignment 3535498 3535745 | 828693 828940 | 248 248 | 96.37 | NC_057385.1 utg000025l
		Skipping redundant alignment 75747 75997 | 828944 828694 | 251 251 | 97.21 | NC_057381.1 utg000025l
		Skipping redundant alignment 96941 97191 | 828944 828694 | 251 251 | 95.62 | NC_057377.1 utg000025l
		Skipping redundant alignment 75302 75418 | 829386 829270 | 117 117 | 99.15 | NC_057381.1 utg000025l
		Skipping redundant alignment 96496 96612 | 829386 829270 | 117 117 | 98.29 | NC_057377.1 utg000025l
		Skipping redundant alignment 3536075 3536193 | 829268 829386 | 119 119 | 97.48 | NC_057385.1 utg000025l
		Skipping redundant alignment 863147 863265 | 829268 829386 | 119 119 | 96.64 | NC_057382.1 utg000025l
		Skipping redundant alignment 863268 863392 | 829387 829511 | 125 125 | 96.0 | NC_057382.1 utg000025l
		Skipping redundant alignment 3536196 3536347 | 829387 829538 | 152 152 | 95.39 | NC_057385.1 utg000025l
		Skipping redundant alignment 75146 75299 | 829540 829387 | 154 154 | 96.75 | NC_057381.1 utg000025l
			The best set is below. Score: 636.0, number of alignments: 5, unaligned bases: 845969
		This contig is misassembled.
		This contig is partially unaligned. (Aligned 660 out of 846629 non-N bases (0.08%))
			Warning! This contig is more unaligned than misassembled. Contig length is 846629 (number of Ns: 0) and total length of all aligns is 660
		Alignment: 1228365 1228485 | 828691 828571 | 121 121 | 95.04 | NC_057380.1 utg000025l
		Alignment: 1228115 1228320 | 828944 828739 | 206 206 | 97.09 | NC_057380.1 utg000025l
		Alignment: 1227675 1227791 | 829386 829270 | 117 117 | 97.44 | NC_057380.1 utg000025l
		Alignment: 1227547 1227672 | 829512 829387 | 126 126 | 96.03 | NC_057380.1 utg000025l
		Alignment: 1227366 1227455 | 829699 829610 | 90 90 | 95.56 | NC_057380.1 utg000025l
		Unaligned bases: 845969

CONTIG: utg000026l (49958bp)
Best alignment score: 126.0 (LEN: 131, IDY: 96.18), Total number of alignments: 5
			Looking for the best set of alignments (out of 5 total alignments)
			The best set is below. Score: 470.0, number of alignments: 5, unaligned bases: 49448
		This contig is misassembled.
		This contig is partially unaligned. (Aligned 510 out of 49958 non-N bases (1.02%))
			Warning! This contig is more unaligned than misassembled. Contig length is 49958 (number of Ns: 0) and total length of all aligns is 510
		Alignment: 1474905 1475035 | 8340 8210 | 131 131 | 96.18 | NC_057378.1 utg000026l
		Alignment: 1474723 1474819 | 8517 8421 | 97 97 | 96.91 | NC_057378.1 utg000026l
		Alignment: 1474507 1474613 | 8736 8630 | 107 107 | 99.07 | NC_057378.1 utg000026l
		Alignment: 1473996 1474080 | 9253 9169 | 85 85 | 96.47 | NC_057378.1 utg000026l
		Alignment: 1473173 1473262 | 9512 9423 | 90 90 | 95.56 | NC_057378.1 utg000026l
		Unaligned bases: 49448

CONTIG: utg000027l (340382bp)
Best alignment score: 150.0 (LEN: 157, IDY: 95.54), Total number of alignments: 5
			Looking for the best set of alignments (out of 5 total alignments)
			Skipping redundant alignments after choosing the best set of alignments
		Skipping redundant alignment 1956450 1956531 | 41995 41914 | 82 82 | 96.34 | NC_057379.1 utg000027l
		Skipping redundant alignment 1956170 1956326 | 42277 42121 | 157 157 | 95.54 | NC_057379.1 utg000027l
			The best set is below. Score: 364.0, number of alignments: 3, unaligned bases: 340001
		This contig is misassembled.
		This contig is partially unaligned. (Aligned 381 out of 340382 non-N bases (0.11%))
			Warning! This contig is more unaligned than misassembled. Contig length is 340382 (number of Ns: 0) and total length of all aligns is 381
		Alignment: 871882 872025 | 40871 40728 | 144 144 | 95.83 | NC_057382.1 utg000027l
		Alignment: 871424 871557 | 41322 41189 | 134 134 | 95.52 | NC_057382.1 utg000027l
		Alignment: 871321 871423 | 41426 41324 | 103 103 | 95.15 | NC_057382.1 utg000027l
		Unaligned bases: 340001

CONTIG: utg000028l (802031bp)
Best alignment score: 178.1 (LEN: 184, IDY: 96.77), Total number of alignments: 12
			Looking for the best set of alignments (out of 12 total alignments)
			Skipping redundant alignments after choosing the best set of alignments
		Skipping redundant alignment 2545466 2545547 | 71663 71744 | 82 82 | 97.56 | NC_057370.1 utg000028l
		Skipping redundant alignment 2610370 2610438 | 136423 136491 | 69 69 | 95.65 | NC_057370.1 utg000028l
		Skipping redundant alignment 2477137 2477322 | 228149 227966 | 186 184 | 96.24 | NC_057370.1 utg000028l
		Skipping redundant alignment 2827437 2827516 | 353991 354072 | 80 82 | 97.56 | NC_057370.1 utg000028l
		Skipping redundant alignment 2893474 2893601 | 422820 422947 | 128 128 | 98.44 | NC_057370.1 utg000028l
		Skipping redundant alignment 2983673 2983740 | 511719 511786 | 68 68 | 97.06 | NC_057370.1 utg000028l
		Skipping redundant alignment 2984591 2984689 | 512601 512699 | 99 99 | 95.96 | NC_057370.1 utg000028l
		Skipping redundant alignment 2700868 2700939 | 662604 662675 | 72 72 | 97.22 | NC_057370.1 utg000028l
		Skipping redundant alignment 1770335 1770406 | 662676 662605 | 72 72 | 98.61 | NC_057371.1 utg000028l
		Skipping redundant alignment 2477154 2477225 | 662676 662605 | 72 72 | 97.22 | NC_057370.1 utg000028l
		Skipping redundant alignment 3175674 3175779 | 723145 723250 | 106 106 | 96.23 | NC_057370.1 utg000028l
		This contig has several significant sets of alignments. [An ambiguously mapped contig]
		Using only the very best set (option --ambiguity-usage is set to "one").
			The best set is below. Score: 178.1, number of alignments: 1, unaligned bases: 801847
		This contig is partially unaligned. (Aligned 184 out of 802031 non-N bases (0.02%))
		Alignment: 1770318 1770503 | 228149 227966 | 186 184 | 96.77 | NC_057371.1 utg000028l
		Unaligned bases: 1 to 227965 (227965)
		Unaligned bases: 228150 to 802031 (573882)

CONTIG: utg000029l (53174bp)
		This contig is unaligned. (53174 bp)
		Unaligned bases: 53174 (number of Ns: 0)

CONTIG: utg000030l (65307bp)
		This contig is unaligned. (65307 bp)
		Unaligned bases: 65307 (number of Ns: 0)

CONTIG: utg000031l (45936bp)
		This contig is unaligned. (45936 bp)
		Unaligned bases: 45936 (number of Ns: 0)

CONTIG: utg000032l (29483bp)
		This contig is unaligned. (29483 bp)
		Unaligned bases: 29483 (number of Ns: 0)

CONTIG: utg000033l (23707bp)
		This contig is unaligned. (23707 bp)
		Unaligned bases: 23707 (number of Ns: 0)

CONTIG: utg000034l (33171bp)
		This contig is unaligned. (33171 bp)
		Unaligned bases: 33171 (number of Ns: 0)

CONTIG: utg000035l (41618bp)
		This contig is unaligned. (41618 bp)
		Unaligned bases: 41618 (number of Ns: 0)

CONTIG: utg000036l (32485bp)
		This contig is unaligned. (32485 bp)
		Unaligned bases: 32485 (number of Ns: 0)

CONTIG: utg000037l (32197bp)
		This contig is unaligned. (32197 bp)
		Unaligned bases: 32197 (number of Ns: 0)

CONTIG: utg000038l (13546bp)
		This contig is unaligned. (13546 bp)
		Unaligned bases: 13546 (number of Ns: 0)

CONTIG: utg000039l (58100bp)
		This contig is unaligned. (58100 bp)
		Unaligned bases: 58100 (number of Ns: 0)

CONTIG: utg000040l (1076121bp)
Best alignment score: 198.0 (LEN: 208, IDY: 95.19), Total number of alignments: 23
			Looking for the best set of alignments (out of 23 total alignments)
			Skipping redundant alignments after choosing the best set of alignments
		Skipping redundant alignment 1606609 1606748 | 102046 101908 | 140 139 | 95.71 | NC_057371.1 utg000040l
		Skipping redundant alignment 1471686 1471771 | 239269 239184 | 86 86 | 96.51 | NC_057371.1 utg000040l
		Skipping redundant alignment 1471245 1471331 | 239722 239636 | 87 87 | 96.55 | NC_057371.1 utg000040l
		Skipping redundant alignment 1188670 1188764 | 537899 537805 | 95 95 | 95.79 | NC_057371.1 utg000040l
		Skipping redundant alignment 1111205 1111281 | 625362 625286 | 77 77 | 100.0 | NC_057371.1 utg000040l
		Skipping redundant alignment 1227048 1227139 | 738849 738940 | 92 92 | 95.65 | NC_057380.1 utg000040l
		Skipping redundant alignment 1466633 1466725 | 738949 738857 | 93 93 | 95.7 | NC_057378.1 utg000040l
		Skipping redundant alignment 1466491 1466562 | 739091 739020 | 72 72 | 97.22 | NC_057378.1 utg000040l
		Skipping redundant alignment 1227534 1227639 | 739340 739445 | 106 106 | 95.28 | NC_057380.1 utg000040l
		Skipping redundant alignment 1466004 1466071 | 739575 739508 | 68 68 | 97.06 | NC_057378.1 utg000040l
		Skipping redundant alignment 1227887 1228062 | 739692 739867 | 176 176 | 95.45 | NC_057380.1 utg000040l
		Skipping redundant alignment 1228094 1228161 | 739899 739966 | 68 68 | 95.59 | NC_057380.1 utg000040l
		Skipping redundant alignment 1465604 1465683 | 739969 739890 | 80 80 | 97.5 | NC_057378.1 utg000040l
		Skipping redundant alignment 1228188 1228289 | 739995 740096 | 102 102 | 98.04 | NC_057380.1 utg000040l
		Skipping redundant alignment 896272 896348 | 810811 810735 | 77 77 | 98.7 | NC_057371.1 utg000040l
		Skipping redundant alignment 1089195 1089268 | 859429 859502 | 74 74 | 100.0 | NC_057378.1 utg000040l
		Skipping redundant alignment 921139 921212 | 859429 859502 | 74 74 | 100.0 | NC_057378.1 utg000040l
		Skipping redundant alignment 1083222 1083295 | 859429 859502 | 74 74 | 100.0 | NC_057378.1 utg000040l
			The best set is below. Score: 598.0, number of alignments: 5, unaligned bases: 1075497
		This contig is misassembled.
		This contig is partially unaligned. (Aligned 624 out of 1076121 non-N bases (0.06%))
			Warning! This contig is more unaligned than misassembled. Contig length is 1076121 (number of Ns: 0) and total length of all aligns is 624
		Alignment: 863658 863799 | 739091 738950 | 142 142 | 95.77 | NC_057382.1 utg000040l
		Alignment: 863300 863405 | 739446 739341 | 106 106 | 95.28 | NC_057382.1 utg000040l
		Alignment: 862873 863080 | 739868 739661 | 208 208 | 95.19 | NC_057382.1 utg000040l
		Alignment: 862772 862840 | 739969 739901 | 69 69 | 95.65 | NC_057382.1 utg000040l
		Alignment: 862647 862745 | 740096 739998 | 99 99 | 97.98 | NC_057382.1 utg000040l
		Unaligned bases: 1075497

CONTIG: utg000041l (36783bp)
		This contig is unaligned. (36783 bp)
		Unaligned bases: 36783 (number of Ns: 0)

CONTIG: utg000042l (45348bp)
		This contig is unaligned. (45348 bp)
		Unaligned bases: 45348 (number of Ns: 0)

CONTIG: utg000043l (346803bp)
		This contig is unaligned. (346803 bp)
		Unaligned bases: 346803 (number of Ns: 0)

CONTIG: utg000044l (11620bp)
		This contig is unaligned. (11620 bp)
		Unaligned bases: 11620 (number of Ns: 0)

CONTIG: utg000045l (85231bp)
Best alignment score: 67.0 (LEN: 70, IDY: 95.71), Total number of alignments: 4
			Looking for the best set of alignments (out of 4 total alignments)
			Skipping redundant alignments after choosing the best set of alignments
		Skipping redundant alignment 3536168 3536233 | 24732 24797 | 66 66 | 98.48 | NC_057385.1 utg000045l
		Skipping redundant alignment 1466073 1466138 | 24732 24797 | 66 66 | 96.97 | NC_057378.1 utg000045l
		Skipping redundant alignment 75260 75325 | 24799 24734 | 66 66 | 96.97 | NC_057381.1 utg000045l
			The best set is below. Score: 67.0, number of alignments: 1, unaligned bases: 85161
		This contig is partially unaligned. (Aligned 70 out of 85231 non-N bases (0.08%))
		Alignment: 863929 863998 | 25441 25510 | 70 70 | 95.71 | NC_057382.1 utg000045l
		Unaligned bases: 1 to 25440 (25440)
		Unaligned bases: 25511 to 85231 (59721)

CONTIG: utg000046l (564905bp)
Best alignment score: 120.0 (LEN: 122, IDY: 98.39), Total number of alignments: 14
			Looking for the best set of alignments (out of 14 total alignments)
			Skipping redundant alignments after choosing the best set of alignments
		Skipping redundant alignment 1434276 1434351 | 29372 29295 | 76 78 | 97.44 | NC_057374.1 utg000046l
		Skipping redundant alignment 1241975 1242068 | 225683 225590 | 94 94 | 98.94 | NC_057374.1 utg000046l
		Skipping redundant alignment 859700 859820 | 300207 300089 | 121 119 | 98.35 | NC_057381.1 utg000046l
		Skipping redundant alignment 795575 795695 | 300089 300207 | 121 119 | 98.35 | NC_057385.1 utg000046l
		Skipping redundant alignment 1107657 1107778 | 300208 300089 | 122 120 | 98.36 | NC_057372.1 utg000046l
		Skipping redundant alignment 1001618 1001739 | 300208 300089 | 122 120 | 98.36 | NC_057377.1 utg000046l
		Skipping redundant alignment 1388598 1388719 | 300089 300208 | 122 120 | 98.36 | NC_057376.1 utg000046l
		Skipping redundant alignment 1378676 1378797 | 300089 300208 | 122 120 | 97.54 | NC_057371.1 utg000046l
		Skipping redundant alignment 1845164 1845286 | 300209 300089 | 123 121 | 98.37 | NC_057385.1 utg000046l
		Skipping redundant alignment 779567 779690 | 300089 300210 | 124 122 | 98.39 | NC_057385.1 utg000046l
		Skipping redundant alignment 982152 982235 | 488810 488893 | 84 84 | 97.65 | NC_057374.1 utg000046l
		Skipping redundant alignment 937079 937164 | 488895 488810 | 86 86 | 96.55 | NC_057374.1 utg000046l
			The best set is below. Score: 178.0, number of alignments: 2, unaligned bases: 564699
		This contig is misassembled.
		This contig is partially unaligned. (Aligned 206 out of 564905 non-N bases (0.04%))
			Warning! This contig is more unaligned than misassembled. Contig length is 564905 (number of Ns: 0) and total length of all aligns is 206
		Alignment: 1172078 1172200 | 300208 300088 | 123 121 | 98.37 | NC_057374.1 utg000046l
		Alignment: 982815 982898 | 488894 488810 | 84 85 | 97.65 | NC_057374.1 utg000046l
		Unaligned bases: 564699

CONTIG: utg000047l (159181bp)
		This contig is unaligned. (159181 bp)
		Unaligned bases: 159181 (number of Ns: 0)

CONTIG: utg000048l (165938bp)
Best alignment score: 93.0 (LEN: 97, IDY: 95.88), Total number of alignments: 4
			Looking for the best set of alignments (out of 4 total alignments)
			Skipping redundant alignments after choosing the best set of alignments
		Skipping redundant alignment 1219138 1219217 | 116539 116460 | 80 80 | 95.0 | NC_057380.1 utg000048l
		Skipping redundant alignment 1219009 1219089 | 116663 116583 | 81 81 | 97.53 | NC_057380.1 utg000048l
			The best set is below. Score: 172.0, number of alignments: 2, unaligned bases: 165760
		This contig is misassembled.
		This contig is partially unaligned. (Aligned 178 out of 165938 non-N bases (0.11%))
			Warning! This contig is more unaligned than misassembled. Contig length is 165938 (number of Ns: 0) and total length of all aligns is 178
		Alignment: 871753 871849 | 116460 116556 | 97 97 | 95.88 | NC_057382.1 utg000048l
		Alignment: 871882 871962 | 116583 116663 | 81 81 | 97.53 | NC_057382.1 utg000048l
		Unaligned bases: 165760

CONTIG: utg000049l (1144158bp)
Best alignment score: 92.0 (LEN: 95, IDY: 96.84), Total number of alignments: 10
			Looking for the best set of alignments (out of 10 total alignments)
			Skipping redundant alignments after choosing the best set of alignments
		Skipping redundant alignment 863053 863117 | 45893 45829 | 65 65 | 95.38 | NC_057382.1 utg000049l
		Skipping redundant alignment 1038105 1038169 | 46136 46072 | 65 65 | 100.0 | NC_057371.1 utg000049l
		Skipping redundant alignment 862719 862797 | 46215 46137 | 79 79 | 97.47 | NC_057382.1 utg000049l
		Skipping redundant alignment 1038025 1038103 | 46215 46137 | 79 79 | 96.2 | NC_057371.1 utg000049l
		Skipping redundant alignment 1544065 1544151 | 389252 389338 | 87 87 | 95.4 | NC_057382.1 utg000049l
		Skipping redundant alignment 1776834 1776912 | 628473 628551 | 79 79 | 97.47 | NC_057382.1 utg000049l
		Skipping redundant alignment 1825957 1826051 | 679610 679704 | 95 95 | 96.84 | NC_057382.1 utg000049l
			The best set is below. Score: 203.0, number of alignments: 3, unaligned bases: 1143949
		This contig is misassembled.
		This contig is partially unaligned. (Aligned 209 out of 1144158 non-N bases (0.02%))
			Warning! This contig is more unaligned than misassembled. Contig length is 1144158 (number of Ns: 0) and total length of all aligns is 209
		Alignment: 1465886 1465950 | 45893 45829 | 65 65 | 95.38 | NC_057378.1 utg000049l
		Alignment: 1465631 1465695 | 46136 46072 | 65 65 | 98.46 | NC_057378.1 utg000049l
		Alignment: 1465551 1465629 | 46215 46137 | 79 79 | 97.47 | NC_057378.1 utg000049l
		Unaligned bases: 1143949

CONTIG: utg000050l (141799bp)
		This contig is unaligned. (141799 bp)
		Unaligned bases: 141799 (number of Ns: 0)

CONTIG: utg000051l (701332bp)
Best alignment score: 129.0 (LEN: 133, IDY: 96.99), Total number of alignments: 13
			Looking for the best set of alignments (out of 13 total alignments)
			Skipping redundant alignments after choosing the best set of alignments
		Skipping redundant alignment 1228114 1228246 | 27614 27482 | 133 133 | 96.99 | NC_057380.1 utg000051l
		Skipping redundant alignment 1227896 1227982 | 27837 27751 | 87 87 | 96.55 | NC_057380.1 utg000051l
		Skipping redundant alignment 1227703 1227784 | 28033 27952 | 82 82 | 98.78 | NC_057380.1 utg000051l
		Skipping redundant alignment 1227487 1227610 | 28246 28123 | 124 124 | 95.16 | NC_057380.1 utg000051l
		Skipping redundant alignment 3639572 3639660 | 90654 90566 | 89 89 | 96.63 | NC_057373.1 utg000051l
		Skipping redundant alignment 3121152 3121228 | 480890 480814 | 77 77 | 97.4 | NC_057373.1 utg000051l
		Skipping redundant alignment 3021337 3021406 | 579258 579189 | 70 70 | 98.57 | NC_057373.1 utg000051l
		Skipping redundant alignment 3018902 3018985 | 581653 581570 | 84 84 | 96.43 | NC_057373.1 utg000051l
			The best set is below. Score: 487.0, number of alignments: 5, unaligned bases: 700827
		This contig is misassembled.
		This contig is partially unaligned. (Aligned 505 out of 701332 non-N bases (0.07%))
			Warning! This contig is more unaligned than misassembled. Contig length is 701332 (number of Ns: 0) and total length of all aligns is 505
		Alignment: 862420 862499 | 27214 27293 | 80 80 | 95.0 | NC_057382.1 utg000051l
		Alignment: 862690 862819 | 27482 27611 | 130 130 | 96.92 | NC_057382.1 utg000051l
		Alignment: 862952 863039 | 27749 27836 | 88 88 | 96.59 | NC_057382.1 utg000051l
		Alignment: 863155 863236 | 27951 28032 | 82 82 | 98.78 | NC_057382.1 utg000051l
		Alignment: 863326 863450 | 28119 28243 | 125 125 | 95.2 | NC_057382.1 utg000051l
		Unaligned bases: 700827

CONTIG: utg000052l (78187bp)
		This contig is unaligned. (78187 bp)
		Unaligned bases: 78187 (number of Ns: 0)

CONTIG: utg000053l (941602bp)
Best alignment score: 212.0 (LEN: 222, IDY: 95.50), Total number of alignments: 38
			Looking for the best set of alignments (out of 38 total alignments)
			Skipping redundant alignments after choosing the best set of alignments
		Skipping redundant alignment 1524829 1524918 | 432175 432086 | 90 90 | 95.56 | NC_057383.1 utg000053l
		Skipping redundant alignment 96143 96232 | 672829 672918 | 90 90 | 97.78 | NC_057377.1 utg000053l
		Skipping redundant alignment 1192238 1192329 | 672921 672830 | 92 92 | 96.74 | NC_057379.1 utg000053l
		Skipping redundant alignment 3536454 3536546 | 672921 672829 | 93 93 | 97.85 | NC_057385.1 utg000053l
		Skipping redundant alignment 75076 75192 | 672955 673071 | 117 117 | 98.29 | NC_057381.1 utg000053l
		Skipping redundant alignment 1191970 1192068 | 673184 673086 | 99 99 | 98.99 | NC_057379.1 utg000053l
		Skipping redundant alignment 3536186 3536284 | 673184 673086 | 99 99 | 97.98 | NC_057385.1 utg000053l
		Skipping redundant alignment 75210 75309 | 673085 673184 | 100 100 | 96.0 | NC_057381.1 utg000053l
		Skipping redundant alignment 96404 96503 | 673085 673184 | 100 100 | 95.0 | NC_057377.1 utg000053l
		Skipping redundant alignment 863088 863153 | 673358 673293 | 66 66 | 96.97 | NC_057382.1 utg000053l
		Skipping redundant alignment 1227887 1227980 | 673394 673487 | 94 94 | 98.94 | NC_057380.1 utg000053l
		Skipping redundant alignment 96679 96805 | 673361 673487 | 127 127 | 96.85 | NC_057377.1 utg000053l
		Skipping redundant alignment 75484 75611 | 673360 673487 | 128 128 | 97.66 | NC_057381.1 utg000053l
		Skipping redundant alignment 862955 863082 | 673488 673361 | 128 128 | 97.66 | NC_057382.1 utg000053l
		Skipping redundant alignment 3535883 3536010 | 673488 673361 | 128 128 | 96.88 | NC_057385.1 utg000053l
		Skipping redundant alignment 1191668 1191795 | 673488 673361 | 128 128 | 96.09 | NC_057379.1 utg000053l
		Skipping redundant alignment 1191593 1191663 | 673559 673489 | 71 71 | 97.18 | NC_057379.1 utg000053l
		Skipping redundant alignment 1227985 1228056 | 673488 673559 | 72 72 | 98.61 | NC_057380.1 utg000053l
		Skipping redundant alignment 96810 96881 | 673488 673559 | 72 72 | 97.22 | NC_057377.1 utg000053l
		Skipping redundant alignment 75616 75687 | 673488 673559 | 72 72 | 95.83 | NC_057381.1 utg000053l
		Skipping redundant alignment 862879 862950 | 673560 673489 | 72 72 | 97.22 | NC_057382.1 utg000053l
		Skipping redundant alignment 97024 97132 | 673703 673811 | 109 109 | 96.33 | NC_057377.1 utg000053l
		Skipping redundant alignment 1228194 1228306 | 673699 673811 | 113 113 | 96.46 | NC_057380.1 utg000053l
		Skipping redundant alignment 75826 75938 | 673699 673811 | 113 113 | 96.46 | NC_057381.1 utg000053l
		Skipping redundant alignment 862629 862738 | 673812 673703 | 110 110 | 98.18 | NC_057382.1 utg000053l
		Skipping redundant alignment 3535557 3535666 | 673812 673703 | 110 110 | 96.36 | NC_057385.1 utg000053l
		Skipping redundant alignment 97133 97229 | 673813 673909 | 97 97 | 95.88 | NC_057377.1 utg000053l
		Skipping redundant alignment 3535460 3535556 | 673910 673814 | 97 97 | 95.88 | NC_057385.1 utg000053l
		Skipping redundant alignment 922168 922234 | 924137 924071 | 67 67 | 100.0 | NC_057383.1 utg000053l
			The best set is below. Score: 887.0, number of alignments: 9, unaligned bases: 940399
		This contig is misassembled.
		This contig is partially unaligned. (Aligned 1203 out of 941602 non-N bases (0.13%))
			Warning! This contig is more unaligned than misassembled. Contig length is 941602 (number of Ns: 0) and total length of all aligns is 1203
		Alignment: 1956310 1956531 | 605589 605368 | 222 222 | 95.5 | NC_057379.1 utg000053l
		Alignment: 1956171 1956303 | 605725 605593 | 133 133 | 96.99 | NC_057379.1 utg000053l
		Alignment: 1039040 1039247 | 672628 672421 | 208 208 | 95.67 | NC_057371.1 utg000053l
		Alignment: 1038740 1038828 | 672921 672833 | 89 89 | 95.51 | NC_057371.1 utg000053l
		Alignment: 1038589 1038738 | 673071 672922 | 150 150 | 95.33 | NC_057371.1 utg000053l
		Alignment: 1038262 1038377 | 673488 673373 | 116 116 | 98.28 | NC_057371.1 utg000053l
		Alignment: 1038187 1038257 | 673559 673489 | 71 71 | 98.59 | NC_057371.1 utg000053l
		Alignment: 1037935 1038044 | 673812 673703 | 110 110 | 99.09 | NC_057371.1 utg000053l
		Alignment: 1037714 1037817 | 674032 673929 | 104 104 | 97.12 | NC_057371.1 utg000053l
		Unaligned bases: 940399

CONTIG: utg000054l (200074bp)
Best alignment score: 153.0 (LEN: 159, IDY: 96.23), Total number of alignments: 20
			Looking for the best set of alignments (out of 20 total alignments)
			Skipping redundant alignments after choosing the best set of alignments
		Skipping redundant alignment 982151 982235 | 44 125 | 85 82 | 96.47 | NC_057374.1 utg000054l
		Skipping redundant alignment 982815 982902 | 126 41 | 88 86 | 96.59 | NC_057374.1 utg000054l
		Skipping redundant alignment 937076 937166 | 130 43 | 91 88 | 95.6 | NC_057374.1 utg000054l
		Skipping redundant alignment 685741 685824 | 146461 146378 | 84 84 | 96.43 | NC_057374.1 utg000054l
		Skipping redundant alignment 800566 800649 | 146461 146378 | 84 84 | 96.43 | NC_057374.1 utg000054l
		Skipping redundant alignment 2321506 2321590 | 146462 146378 | 85 85 | 97.65 | NC_057385.1 utg000054l
		Skipping redundant alignment 858141 858236 | 146475 146378 | 96 98 | 95.92 | NC_057374.1 utg000054l
		Skipping redundant alignment 858153 858238 | 149169 149254 | 86 86 | 97.67 | NC_057374.1 utg000054l
		Skipping redundant alignment 685740 685826 | 149168 149254 | 87 87 | 96.55 | NC_057374.1 utg000054l
		Skipping redundant alignment 797596 797686 | 149254 149164 | 91 91 | 95.6 | NC_057374.1 utg000054l
		Skipping redundant alignment 796075 796164 | 174804 174893 | 90 90 | 96.67 | NC_057384.1 utg000054l
		Skipping redundant alignment 1227753 1227832 | 174948 174869 | 80 80 | 96.25 | NC_057380.1 utg000054l
		Skipping redundant alignment 863029 863187 | 174790 174948 | 159 159 | 96.23 | NC_057382.1 utg000054l
		Skipping redundant alignment 863270 863348 | 175032 175110 | 79 79 | 96.2 | NC_057382.1 utg000054l
		Skipping redundant alignment 796381 796485 | 175112 175216 | 105 105 | 95.24 | NC_057384.1 utg000054l
		Skipping redundant alignment 1227486 1227590 | 175217 175113 | 105 105 | 95.24 | NC_057380.1 utg000054l
			The best set is below. Score: 457.0, number of alignments: 4, unaligned bases: 199598
		This contig is misassembled.
		This contig is partially unaligned. (Aligned 476 out of 200074 non-N bases (0.24%))
			Warning! This contig is more unaligned than misassembled. Contig length is 200074 (number of Ns: 0) and total length of all aligns is 476
		Alignment: 75857 75990 | 174477 174344 | 134 134 | 95.52 | NC_057381.1 utg000054l
		Alignment: 75379 75536 | 174949 174792 | 158 158 | 96.2 | NC_057381.1 utg000054l
		Alignment: 75218 75296 | 175111 175033 | 79 79 | 96.2 | NC_057381.1 utg000054l
		Alignment: 75113 75217 | 175217 175113 | 105 105 | 96.19 | NC_057381.1 utg000054l
		Unaligned bases: 199598

CONTIG: utg000055l (192306bp)
Best alignment score: 107.0 (LEN: 112, IDY: 95.54), Total number of alignments: 1
			Looking for the best set of alignments (out of 1 total alignments)
			The best set is below. Score: 107.0, number of alignments: 1, unaligned bases: 192194
		This contig is partially unaligned. (Aligned 112 out of 192306 non-N bases (0.06%))
		Alignment: 477455 477566 | 186952 187063 | 112 112 | 95.54 | NC_057377.1 utg000055l
		Unaligned bases: 1 to 186951 (186951)
		Unaligned bases: 187064 to 192306 (5243)

CONTIG: utg000056l (190863bp)
		This contig is unaligned. (190863 bp)
		Unaligned bases: 190863 (number of Ns: 0)

CONTIG: utg000057l (283367bp)
Best alignment score: 185.0 (LEN: 192, IDY: 96.35), Total number of alignments: 61
			Looking for the best set of alignments (out of 61 total alignments)
			Skipping redundant alignments after choosing the best set of alignments
		Skipping redundant alignment 1771951 1772016 | 115301 115366 | 66 66 | 100.0 | NC_057372.1 utg000057l
		Skipping redundant alignment 3535455 3535531 | 248695 248771 | 77 77 | 97.4 | NC_057385.1 utg000057l
		Skipping redundant alignment 1465359 1465435 | 248695 248771 | 77 77 | 97.4 | NC_057378.1 utg000057l
		Skipping redundant alignment 862528 862604 | 248695 248771 | 77 77 | 96.1 | NC_057382.1 utg000057l
		Skipping redundant alignment 97158 97235 | 248772 248695 | 78 78 | 96.15 | NC_057377.1 utg000057l
		Skipping redundant alignment 1228331 1228408 | 248772 248695 | 78 78 | 96.15 | NC_057380.1 utg000057l
		Skipping redundant alignment 862628 862817 | 248799 248988 | 190 190 | 96.32 | NC_057382.1 utg000057l
		Skipping redundant alignment 1465460 1465649 | 248799 248988 | 190 190 | 95.26 | NC_057378.1 utg000057l
		Skipping redundant alignment 1228115 1228306 | 248992 248801 | 192 192 | 96.35 | NC_057380.1 utg000057l
		Skipping redundant alignment 75747 75938 | 248992 248801 | 192 192 | 95.31 | NC_057381.1 utg000057l
		Skipping redundant alignment 3535821 3535891 | 249063 249133 | 71 71 | 95.77 | NC_057385.1 utg000057l
		Skipping redundant alignment 96796 96908 | 249135 249023 | 113 113 | 96.46 | NC_057377.1 utg000057l
		Skipping redundant alignment 1227971 1228083 | 249135 249023 | 113 113 | 96.46 | NC_057380.1 utg000057l
		Skipping redundant alignment 75602 75714 | 249135 249023 | 113 113 | 95.58 | NC_057381.1 utg000057l
		Skipping redundant alignment 1465685 1465798 | 249022 249135 | 114 114 | 96.49 | NC_057378.1 utg000057l
		Skipping redundant alignment 862850 862965 | 249020 249135 | 116 116 | 95.69 | NC_057382.1 utg000057l
		Skipping redundant alignment 1227748 1227832 | 249337 249253 | 85 85 | 98.82 | NC_057380.1 utg000057l
		Skipping redundant alignment 75375 75523 | 249337 249189 | 149 149 | 96.64 | NC_057381.1 utg000057l
		Skipping redundant alignment 96569 96717 | 249337 249189 | 149 149 | 95.97 | NC_057377.1 utg000057l
		Skipping redundant alignment 863043 863192 | 249188 249337 | 150 150 | 97.33 | NC_057382.1 utg000057l
		Skipping redundant alignment 3535971 3536120 | 249188 249337 | 150 150 | 96.0 | NC_057385.1 utg000057l
		Skipping redundant alignment 1465876 1466025 | 249188 249337 | 150 150 | 95.33 | NC_057378.1 utg000057l
		Skipping redundant alignment 3536121 3536263 | 249339 249481 | 143 143 | 97.2 | NC_057385.1 utg000057l
		Skipping redundant alignment 75231 75374 | 249482 249339 | 144 144 | 97.22 | NC_057381.1 utg000057l
		Skipping redundant alignment 96425 96568 | 249482 249339 | 144 144 | 95.14 | NC_057377.1 utg000057l
		Skipping redundant alignment 75120 75230 | 249594 249484 | 111 111 | 96.4 | NC_057381.1 utg000057l
		Skipping redundant alignment 96143 96312 | 249764 249595 | 170 170 | 95.29 | NC_057377.1 utg000057l
		Skipping redundant alignment 3536373 3536546 | 249591 249764 | 174 174 | 95.4 | NC_057385.1 utg000057l
		Skipping redundant alignment 863616 863681 | 249761 249826 | 66 66 | 95.45 | NC_057382.1 utg000057l
		Skipping redundant alignment 1226918 1226988 | 269318 269388 | 71 71 | 97.18 | NC_057380.1 utg000057l
		Skipping redundant alignment 863958 864031 | 269391 269318 | 74 74 | 97.3 | NC_057382.1 utg000057l
		Skipping redundant alignment 796647 796715 | 269728 269660 | 69 69 | 95.65 | NC_057384.1 utg000057l
		Skipping redundant alignment 796366 796467 | 270007 269906 | 102 102 | 95.1 | NC_057384.1 utg000057l
		Skipping redundant alignment 96498 96598 | 270082 270182 | 101 101 | 96.04 | NC_057377.1 utg000057l
		Skipping redundant alignment 1227677 1227777 | 270082 270182 | 101 101 | 95.05 | NC_057380.1 utg000057l
		Skipping redundant alignment 3536089 3536190 | 270184 270083 | 102 102 | 96.08 | NC_057385.1 utg000057l
		Skipping redundant alignment 863161 863262 | 270184 270083 | 102 102 | 95.1 | NC_057382.1 utg000057l
		Skipping redundant alignment 3535821 3535891 | 270426 270356 | 71 71 | 97.18 | NC_057385.1 utg000057l
		Skipping redundant alignment 1227971 1228048 | 270354 270431 | 78 78 | 98.72 | NC_057380.1 utg000057l
		Skipping redundant alignment 96796 96873 | 270354 270431 | 78 78 | 96.15 | NC_057377.1 utg000057l
		Skipping redundant alignment 862884 862965 | 270435 270354 | 82 82 | 97.56 | NC_057382.1 utg000057l
		Skipping redundant alignment 1465717 1465798 | 270435 270354 | 82 82 | 95.12 | NC_057378.1 utg000057l
		Skipping redundant alignment 3535670 3535740 | 270579 270509 | 71 71 | 97.18 | NC_057385.1 utg000057l
		Skipping redundant alignment 96950 97020 | 270509 270579 | 71 71 | 95.77 | NC_057377.1 utg000057l
		Skipping redundant alignment 1465568 1465644 | 270585 270509 | 77 77 | 96.1 | NC_057378.1 utg000057l
		Skipping redundant alignment 97065 97131 | 270624 270690 | 67 67 | 95.52 | NC_057377.1 utg000057l
		Skipping redundant alignment 1228238 1228305 | 270623 270690 | 68 68 | 97.06 | NC_057380.1 utg000057l
		Skipping redundant alignment 3535558 3535624 | 270691 270625 | 67 67 | 95.52 | NC_057385.1 utg000057l
		Skipping redundant alignment 862630 862697 | 270691 270624 | 68 68 | 97.06 | NC_057382.1 utg000057l
			The best set is below. Score: 967.0, number of alignments: 12, unaligned bases: 282106
		This contig is misassembled.
		This contig is partially unaligned. (Aligned 1261 out of 283367 non-N bases (0.45%))
			Warning! This contig is more unaligned than misassembled. Contig length is 283367 (number of Ns: 0) and total length of all aligns is 1261
		Alignment: 1037719 1037831 | 248582 248694 | 113 113 | 96.46 | NC_057371.1 utg000057l
		Alignment: 1037934 1038125 | 248799 248990 | 192 192 | 95.83 | NC_057371.1 utg000057l
		Alignment: 1038159 1038272 | 249022 249135 | 114 114 | 98.25 | NC_057371.1 utg000057l
		Alignment: 1038407 1038549 | 249339 249481 | 143 143 | 95.1 | NC_057371.1 utg000057l
		Alignment: 1038550 1038657 | 249483 249590 | 108 108 | 96.3 | NC_057371.1 utg000057l
		Alignment: 1038830 1038895 | 249761 249826 | 66 66 | 96.97 | NC_057371.1 utg000057l
		Alignment: 1039027 1039127 | 249933 250033 | 101 101 | 96.04 | NC_057371.1 utg000057l
		Alignment: 1039172 1039246 | 269391 269317 | 75 75 | 97.33 | NC_057371.1 utg000057l
		Alignment: 1038548 1038649 | 270007 269906 | 102 102 | 96.08 | NC_057371.1 utg000057l
		Alignment: 1038380 1038476 | 270179 270083 | 97 97 | 95.88 | NC_057371.1 utg000057l
		Alignment: 1038191 1038272 | 270435 270354 | 82 82 | 97.56 | NC_057371.1 utg000057l
		Alignment: 1037936 1038003 | 270691 270624 | 68 68 | 98.53 | NC_057371.1 utg000057l
		Unaligned bases: 282106

CONTIG: utg000058l (306127bp)
Best alignment score: 385.0 (LEN: 395, IDY: 97.47), Total number of alignments: 50
			Looking for the best set of alignments (out of 50 total alignments)
			Skipping redundant alignments after choosing the best set of alignments
		Skipping redundant alignment 1227659 1227832 | 18978 19151 | 174 174 | 96.55 | NC_057380.1 utg000058l
		Skipping redundant alignment 3535821 3536206 | 19366 18981 | 386 386 | 95.85 | NC_057385.1 utg000058l
		Skipping redundant alignment 1227887 1228050 | 19210 19373 | 164 164 | 98.78 | NC_057380.1 utg000058l
		Skipping redundant alignment 96480 96875 | 18978 19373 | 396 396 | 95.71 | NC_057377.1 utg000058l
		Skipping redundant alignment 862884 863278 | 19375 18981 | 395 395 | 97.47 | NC_057382.1 utg000058l
		Skipping redundant alignment 1465717 1466111 | 19375 18981 | 395 395 | 95.19 | NC_057378.1 utg000058l
		Skipping redundant alignment 1228164 1228320 | 19488 19644 | 157 157 | 96.82 | NC_057380.1 utg000058l
		Skipping redundant alignment 862613 862772 | 19647 19488 | 160 160 | 96.88 | NC_057382.1 utg000058l
		Skipping redundant alignment 96990 97185 | 19488 19683 | 196 196 | 95.41 | NC_057377.1 utg000058l
		Skipping redundant alignment 1465408 1465604 | 19684 19488 | 197 197 | 96.45 | NC_057378.1 utg000058l
		Skipping redundant alignment 3535504 3535700 | 19684 19488 | 197 197 | 95.43 | NC_057385.1 utg000058l
		Skipping redundant alignment 3535338 3535403 | 19850 19785 | 66 66 | 96.97 | NC_057385.1 utg000058l
		Skipping redundant alignment 862411 862476 | 19850 19785 | 66 66 | 95.45 | NC_057382.1 utg000058l
		Skipping redundant alignment 97286 97352 | 19784 19850 | 67 67 | 95.52 | NC_057377.1 utg000058l
		Skipping redundant alignment 1465240 1465307 | 19852 19785 | 68 68 | 100.0 | NC_057378.1 utg000058l
		Skipping redundant alignment 1227070 1227153 | 249769 249852 | 84 84 | 97.62 | NC_057380.1 utg000058l
		Skipping redundant alignment 863795 863878 | 249853 249770 | 84 84 | 97.62 | NC_057382.1 utg000058l
		Skipping redundant alignment 1466627 1466710 | 249853 249770 | 84 84 | 96.43 | NC_057378.1 utg000058l
		Skipping redundant alignment 1466560 1466626 | 249922 249856 | 67 67 | 97.01 | NC_057378.1 utg000058l
		Skipping redundant alignment 1192431 1192506 | 249931 249856 | 76 76 | 97.37 | NC_057379.1 utg000058l
		Skipping redundant alignment 1227379 1227455 | 250090 250166 | 77 77 | 97.4 | NC_057380.1 utg000058l
		Skipping redundant alignment 1227458 1227577 | 250172 250291 | 120 120 | 95.0 | NC_057380.1 utg000058l
		Skipping redundant alignment 75076 75204 | 250163 250291 | 129 129 | 96.12 | NC_057381.1 utg000058l
		Skipping redundant alignment 863362 863560 | 250292 250094 | 199 199 | 95.98 | NC_057382.1 utg000058l
		Skipping redundant alignment 796394 796592 | 250292 250094 | 199 199 | 95.98 | NC_057384.1 utg000058l
		Skipping redundant alignment 1191934 1192010 | 250436 250360 | 77 77 | 97.4 | NC_057379.1 utg000058l
		Skipping redundant alignment 796254 796330 | 250436 250360 | 77 77 | 97.4 | NC_057384.1 utg000058l
		Skipping redundant alignment 75268 75345 | 250359 250436 | 78 78 | 96.15 | NC_057381.1 utg000058l
		Skipping redundant alignment 1465852 1465977 | 250645 250520 | 126 126 | 95.24 | NC_057378.1 utg000058l
		Skipping redundant alignment 75423 75549 | 250520 250646 | 127 127 | 96.06 | NC_057381.1 utg000058l
		Skipping redundant alignment 863017 863144 | 250647 250520 | 128 128 | 95.31 | NC_057382.1 utg000058l
		Skipping redundant alignment 75666 75766 | 250767 250867 | 101 101 | 99.01 | NC_057381.1 utg000058l
		Skipping redundant alignment 795818 795920 | 250870 250768 | 103 103 | 98.06 | NC_057384.1 utg000058l
		Skipping redundant alignment 1191511 1191615 | 250870 250766 | 105 105 | 99.05 | NC_057379.1 utg000058l
		Skipping redundant alignment 1465631 1465735 | 250870 250766 | 105 105 | 98.1 | NC_057378.1 utg000058l
		Skipping redundant alignment 1228245 1228320 | 250975 251050 | 76 76 | 97.37 | NC_057380.1 utg000058l
		Skipping redundant alignment 862613 862690 | 251053 250976 | 78 78 | 98.72 | NC_057382.1 utg000058l
		Skipping redundant alignment 75878 75958 | 250976 251056 | 81 81 | 98.77 | NC_057381.1 utg000058l
		Skipping redundant alignment 795628 795708 | 251057 250977 | 81 81 | 96.3 | NC_057384.1 utg000058l
		Skipping redundant alignment 1465441 1465522 | 251057 250976 | 82 82 | 97.56 | NC_057378.1 utg000058l
		Skipping redundant alignment 1191321 1191402 | 251057 250976 | 82 82 | 96.34 | NC_057379.1 utg000058l
		This contig has several significant sets of alignments. [An ambiguously mapped contig]
		Using only the very best set (option --ambiguity-usage is set to "one").
			The best set is below. Score: 990.0, number of alignments: 9, unaligned bases: 304850
		This contig is misassembled.
		This contig is partially unaligned. (Aligned 1277 out of 306127 non-N bases (0.42%))
			Warning! This contig is more unaligned than misassembled. Contig length is 306127 (number of Ns: 0) and total length of all aligns is 1277
		Alignment: 75286 75681 | 18978 19373 | 396 396 | 97.22 | NC_057381.1 utg000058l
		Alignment: 75796 75991 | 19488 19683 | 196 196 | 96.94 | NC_057381.1 utg000058l
		Alignment: 76092 76158 | 19784 19850 | 67 67 | 97.01 | NC_057381.1 utg000058l
		Alignment: 893950 894033 | 249769 249852 | 84 84 | 96.43 | NC_057384.1 utg000058l
		Alignment: 894034 894106 | 249855 249927 | 73 73 | 100.0 | NC_057384.1 utg000058l
		Alignment: 894267 894466 | 250092 250291 | 200 200 | 97.0 | NC_057384.1 utg000058l
		Alignment: 894530 894607 | 250359 250436 | 78 78 | 96.15 | NC_057384.1 utg000058l
		Alignment: 894940 895040 | 250767 250867 | 101 101 | 99.01 | NC_057384.1 utg000058l
		Alignment: 895151 895232 | 250975 251056 | 82 82 | 95.12 | NC_057384.1 utg000058l
		Unaligned bases: 304850

CONTIG: utg000059l (249050bp)
Best alignment score: 98.0 (LEN: 103, IDY: 95.15), Total number of alignments: 8
			Looking for the best set of alignments (out of 8 total alignments)
			Skipping redundant alignments after choosing the best set of alignments
		Skipping redundant alignment 1227967 1228059 | 49310 49218 | 93 93 | 97.85 | NC_057380.1 utg000059l
		Skipping redundant alignment 96521 96598 | 49578 49501 | 78 78 | 100.0 | NC_057377.1 utg000059l
		Skipping redundant alignment 1227700 1227777 | 49578 49501 | 78 78 | 97.44 | NC_057380.1 utg000059l
		Skipping redundant alignment 1956186 1956288 | 67007 67109 | 103 103 | 95.15 | NC_057379.1 utg000059l
		Skipping redundant alignment 871476 871557 | 67989 68070 | 82 82 | 95.12 | NC_057382.1 utg000059l
			The best set is below. Score: 228.0, number of alignments: 3, unaligned bases: 248817
		This contig is misassembled.
		This contig is partially unaligned. (Aligned 233 out of 249050 non-N bases (0.09%))
			Warning! This contig is more unaligned than misassembled. Contig length is 249050 (number of Ns: 0) and total length of all aligns is 233
		Alignment: 862876 862967 | 49217 49308 | 92 92 | 97.83 | NC_057382.1 utg000059l
		Alignment: 863163 863238 | 49501 49576 | 76 76 | 97.37 | NC_057382.1 utg000059l
		Alignment: 863455 863519 | 49784 49848 | 65 65 | 98.46 | NC_057382.1 utg000059l
		Unaligned bases: 248817

CONTIG: utg000060l (181740bp)
Best alignment score: 129.0 (LEN: 133, IDY: 96.99), Total number of alignments: 32
			Looking for the best set of alignments (out of 32 total alignments)
			Skipping redundant alignments after choosing the best set of alignments
		Skipping redundant alignment 75912 75980 | 80162 80094 | 69 69 | 95.65 | NC_057381.1 utg000060l
		Skipping redundant alignment 1038170 1038263 | 80379 80472 | 94 94 | 96.81 | NC_057371.1 utg000060l
		Skipping redundant alignment 1227887 1227975 | 80566 80478 | 89 89 | 98.88 | NC_057380.1 utg000060l
		Skipping redundant alignment 862957 863053 | 80474 80570 | 97 97 | 95.88 | NC_057382.1 utg000060l
		Skipping redundant alignment 75513 75605 | 80571 80479 | 93 93 | 98.92 | NC_057381.1 utg000060l
		Skipping redundant alignment 894488 894553 | 81342 81277 | 66 66 | 100.0 | NC_057384.1 utg000060l
		Skipping redundant alignment 1038638 1038705 | 81430 81497 | 68 68 | 98.53 | NC_057371.1 utg000060l
		Skipping redundant alignment 863424 863492 | 81430 81498 | 69 69 | 100.0 | NC_057382.1 utg000060l
		Skipping redundant alignment 796456 796524 | 81430 81498 | 69 69 | 98.55 | NC_057384.1 utg000060l
		Skipping redundant alignment 3536352 3536420 | 81430 81498 | 69 69 | 97.1 | NC_057385.1 utg000060l
		Skipping redundant alignment 826123 826191 | 81430 81498 | 69 69 | 95.65 | NC_057384.1 utg000060l
		Skipping redundant alignment 894334 894405 | 81501 81430 | 72 72 | 100.0 | NC_057384.1 utg000060l
		Skipping redundant alignment 96266 96337 | 81501 81430 | 72 72 | 97.22 | NC_057377.1 utg000060l
		Skipping redundant alignment 1227194 1227258 | 81759 81695 | 65 65 | 96.92 | NC_057380.1 utg000060l
		Skipping redundant alignment 96133 96226 | 100979 101072 | 94 94 | 95.74 | NC_057377.1 utg000060l
		Skipping redundant alignment 894539 894625 | 101313 101399 | 87 87 | 95.4 | NC_057384.1 utg000060l
		Skipping redundant alignment 96468 96557 | 101310 101399 | 90 90 | 96.67 | NC_057377.1 utg000060l
		Skipping redundant alignment 1227647 1227736 | 101310 101399 | 90 90 | 95.56 | NC_057380.1 utg000060l
		Skipping redundant alignment 1227737 1227832 | 101401 101496 | 96 96 | 96.88 | NC_057380.1 utg000060l
		Skipping redundant alignment 96670 96763 | 101515 101608 | 94 94 | 96.81 | NC_057377.1 utg000060l
		Skipping redundant alignment 894859 894946 | 101622 101709 | 88 88 | 95.45 | NC_057384.1 utg000060l
		Skipping redundant alignment 1227943 1228041 | 101611 101709 | 99 99 | 98.99 | NC_057380.1 utg000060l
		Skipping redundant alignment 894948 895080 | 101710 101842 | 133 133 | 96.99 | NC_057384.1 utg000060l
		Skipping redundant alignment 1228235 1228320 | 101901 101986 | 86 86 | 98.84 | NC_057380.1 utg000060l
		Skipping redundant alignment 895141 895237 | 101901 101997 | 97 97 | 96.91 | NC_057384.1 utg000060l
		Skipping redundant alignment 97060 97157 | 101900 101997 | 98 98 | 96.94 | NC_057377.1 utg000060l
			The best set is below. Score: 507.0, number of alignments: 6, unaligned bases: 181220
		This contig is misassembled.
		This contig is partially unaligned. (Aligned 520 out of 181740 non-N bases (0.29%))
			Warning! This contig is more unaligned than misassembled. Contig length is 181740 (number of Ns: 0) and total length of all aligns is 520
		Alignment: 863452 863517 | 101152 101087 | 66 66 | 96.97 | NC_057382.1 utg000060l
		Alignment: 863294 863359 | 101311 101246 | 66 66 | 95.45 | NC_057382.1 utg000060l
		Alignment: 863090 863198 | 101514 101406 | 109 109 | 98.17 | NC_057382.1 utg000060l
		Alignment: 862998 863089 | 101608 101517 | 92 92 | 95.65 | NC_057382.1 utg000060l
		Alignment: 862894 862992 | 101710 101612 | 99 99 | 98.99 | NC_057382.1 utg000060l
		Alignment: 862613 862700 | 101989 101902 | 88 88 | 98.86 | NC_057382.1 utg000060l
		Unaligned bases: 181220

CONTIG: utg000061l (80094bp)
Best alignment score: 74.0 (LEN: 76, IDY: 97.37), Total number of alignments: 1
			Looking for the best set of alignments (out of 1 total alignments)
			The best set is below. Score: 74.0, number of alignments: 1, unaligned bases: 80018
		This contig is partially unaligned. (Aligned 76 out of 80094 non-N bases (0.09%))
		Alignment: 2233896 2233971 | 4137 4062 | 76 76 | 97.37 | NC_057372.1 utg000061l
		Unaligned bases: 1 to 4061 (4061)
		Unaligned bases: 4138 to 80094 (75957)

CONTIG: utg000062l (295935bp)
Best alignment score: 144.0 (LEN: 146, IDY: 98.63), Total number of alignments: 20
			Looking for the best set of alignments (out of 20 total alignments)
			Skipping redundant alignments after choosing the best set of alignments
		Skipping redundant alignment 299183 299247 | 96540 96476 | 65 65 | 98.46 | NC_057377.1 utg000062l
		Skipping redundant alignment 871918 871992 | 139755 139681 | 75 75 | 96.0 | NC_057382.1 utg000062l
		Skipping redundant alignment 1218978 1219053 | 139680 139755 | 76 76 | 96.05 | NC_057380.1 utg000062l
		Skipping redundant alignment 1039019 1039086 | 207782 207715 | 68 68 | 100.0 | NC_057371.1 utg000062l
		Skipping redundant alignment 863805 863872 | 207782 207715 | 68 68 | 98.53 | NC_057382.1 utg000062l
		Skipping redundant alignment 96155 96236 | 207981 208062 | 82 82 | 96.34 | NC_057377.1 utg000062l
		Skipping redundant alignment 1038738 1038820 | 208063 207981 | 83 83 | 97.59 | NC_057371.1 utg000062l
		Skipping redundant alignment 3536452 3536534 | 208063 207981 | 83 83 | 96.39 | NC_057385.1 utg000062l
		Skipping redundant alignment 1192236 1192318 | 208063 207981 | 83 83 | 95.18 | NC_057379.1 utg000062l
		Skipping redundant alignment 1227887 1227997 | 208535 208645 | 111 111 | 95.5 | NC_057380.1 utg000062l
		Skipping redundant alignment 1228136 1228281 | 225344 225199 | 146 146 | 98.63 | NC_057380.1 utg000062l
		Skipping redundant alignment 1227934 1228048 | 225549 225435 | 115 115 | 97.39 | NC_057380.1 utg000062l
		Skipping redundant alignment 1227598 1227698 | 225886 225786 | 101 101 | 95.05 | NC_057380.1 utg000062l
		Skipping redundant alignment 1227343 1227455 | 226143 226031 | 113 113 | 96.46 | NC_057380.1 utg000062l
		Skipping redundant alignment 871850 871976 | 274693 274567 | 127 127 | 95.28 | NC_057382.1 utg000062l
		Skipping redundant alignment 1956440 1956525 | 275808 275723 | 86 86 | 95.35 | NC_057379.1 utg000062l
			The best set is below. Score: 466.0, number of alignments: 4, unaligned bases: 295457
		This contig is misassembled.
		This contig is partially unaligned. (Aligned 478 out of 295935 non-N bases (0.16%))
			Warning! This contig is more unaligned than misassembled. Contig length is 295935 (number of Ns: 0) and total length of all aligns is 478
		Alignment: 862654 862797 | 225198 225341 | 144 144 | 98.61 | NC_057382.1 utg000062l
		Alignment: 862888 863002 | 225435 225549 | 115 115 | 97.39 | NC_057382.1 utg000062l
		Alignment: 863240 863338 | 225784 225882 | 99 99 | 95.96 | NC_057382.1 utg000062l
		Alignment: 863476 863595 | 226019 226138 | 120 120 | 97.5 | NC_057382.1 utg000062l
		Unaligned bases: 295457

CONTIG: utg000063l (65235bp)
		This contig is unaligned. (65235 bp)
		Unaligned bases: 65235 (number of Ns: 0)

CONTIG: utg000064l (264965bp)
		This contig is unaligned. (264965 bp)
		Unaligned bases: 264965 (number of Ns: 0)

CONTIG: utg000065l (171755bp)
		This contig is unaligned. (171755 bp)
		Unaligned bases: 171755 (number of Ns: 0)

CONTIG: utg000066l (310065bp)
Best alignment score: 92.0 (LEN: 94, IDY: 97.89), Total number of alignments: 3
			Looking for the best set of alignments (out of 3 total alignments)
			Skipping redundant alignments after choosing the best set of alignments
		Skipping redundant alignment 536369 536464 | 33472 33566 | 96 95 | 95.83 | NC_057383.1 utg000066l
		Skipping redundant alignment 602312 602394 | 50355 50437 | 83 83 | 95.18 | NC_057383.1 utg000066l
			The best set is below. Score: 92.0, number of alignments: 1, unaligned bases: 309971
		This contig is partially unaligned. (Aligned 94 out of 310065 non-N bases (0.03%))
		Alignment: 531019 531113 | 33565 33472 | 95 94 | 97.89 | NC_057370.1 utg000066l
		Unaligned bases: 1 to 33471 (33471)
		Unaligned bases: 33566 to 310065 (276500)

CONTIG: utg000067l (146213bp)
Best alignment score: 80.0 (LEN: 82, IDY: 97.56), Total number of alignments: 1
			Looking for the best set of alignments (out of 1 total alignments)
			The best set is below. Score: 80.0, number of alignments: 1, unaligned bases: 146131
		This contig is partially unaligned. (Aligned 82 out of 146213 non-N bases (0.06%))
		Alignment: 1883880 1883961 | 8954 8873 | 82 82 | 97.56 | NC_057379.1 utg000067l
		Unaligned bases: 1 to 8872 (8872)
		Unaligned bases: 8955 to 146213 (137259)

CONTIG: utg000068l (89021bp)
		This contig is unaligned. (89021 bp)
		Unaligned bases: 89021 (number of Ns: 0)

CONTIG: utg000069l (264830bp)
Best alignment score: 206.0 (LEN: 214, IDY: 96.26), Total number of alignments: 1
			Looking for the best set of alignments (out of 1 total alignments)
			The best set is below. Score: 206.0, number of alignments: 1, unaligned bases: 264616
		This contig is partially unaligned. (Aligned 214 out of 264830 non-N bases (0.08%))
		Alignment: 112043 112256 | 200992 201205 | 214 214 | 96.26 | NC_057381.1 utg000069l
		Unaligned bases: 1 to 200991 (200991)
		Unaligned bases: 201206 to 264830 (63625)

CONTIG: utg000070l (214961bp)
Best alignment score: 160.0 (LEN: 168, IDY: 95.24), Total number of alignments: 5
			Looking for the best set of alignments (out of 5 total alignments)
			Skipping redundant alignments after choosing the best set of alignments
		Skipping redundant alignment 1218946 1219086 | 209711 209851 | 141 141 | 95.74 | NC_057380.1 utg000070l
		Skipping redundant alignment 871885 872052 | 209851 209684 | 168 168 | 95.24 | NC_057382.1 utg000070l
		Skipping redundant alignment 1956421 1956531 | 211012 210902 | 111 111 | 95.5 | NC_057379.1 utg000070l
			The best set is below. Score: 168.0, number of alignments: 2, unaligned bases: 214762
		This contig is misassembled.
		This contig is partially unaligned. (Aligned 199 out of 214961 non-N bases (0.09%))
			Warning! This contig is more unaligned than misassembled. Contig length is 214961 (number of Ns: 0) and total length of all aligns is 199
		Alignment: 1474774 1474879 | 29285 29180 | 106 106 | 96.23 | NC_057378.1 utg000070l
		Alignment: 1473188 1473280 | 30312 30220 | 93 93 | 96.77 | NC_057378.1 utg000070l
		Unaligned bases: 214762

CONTIG: utg000071l (124426bp)
		This contig is unaligned. (124426 bp)
		Unaligned bases: 124426 (number of Ns: 0)

CONTIG: utg000072l (107921bp)
Best alignment score: 87.0 (LEN: 91, IDY: 95.60), Total number of alignments: 2
			Looking for the best set of alignments (out of 2 total alignments)
			Skipping redundant alignments after choosing the best set of alignments
		Skipping redundant alignment 1228233 1228320 | 5426 5513 | 88 88 | 95.45 | NC_057380.1 utg000072l
			The best set is below. Score: 87.0, number of alignments: 1, unaligned bases: 107830
		This contig is partially unaligned. (Aligned 91 out of 107921 non-N bases (0.08%))
		Alignment: 862613 862703 | 5516 5426 | 91 91 | 95.6 | NC_057382.1 utg000072l
		Unaligned bases: 1 to 5425 (5425)
		Unaligned bases: 5517 to 107921 (102405)

CONTIG: utg000073l (495708bp)
Best alignment score: 183.0 (LEN: 191, IDY: 95.81), Total number of alignments: 35
			Looking for the best set of alignments (out of 35 total alignments)
			Skipping redundant alignments after choosing the best set of alignments
		Skipping redundant alignment 1590679 1590747 | 34920 34852 | 69 69 | 97.1 | NC_057378.1 utg000073l
		Skipping redundant alignment 862725 862837 | 86496 86608 | 113 113 | 96.46 | NC_057382.1 utg000073l
		Skipping redundant alignment 1228097 1228210 | 86610 86497 | 114 114 | 95.61 | NC_057380.1 utg000073l
		Skipping redundant alignment 795903 795975 | 86654 86726 | 73 73 | 97.26 | NC_057384.1 utg000073l
		Skipping redundant alignment 1227980 1228050 | 86727 86657 | 71 71 | 98.59 | NC_057380.1 utg000073l
		Skipping redundant alignment 96805 96875 | 86727 86657 | 71 71 | 97.18 | NC_057377.1 utg000073l
		Skipping redundant alignment 862883 862956 | 86654 86727 | 74 74 | 98.65 | NC_057382.1 utg000073l
		Skipping redundant alignment 3536454 3536530 | 87312 87388 | 77 77 | 96.1 | NC_057385.1 utg000073l
		Skipping redundant alignment 796558 796634 | 87312 87388 | 77 77 | 96.1 | NC_057384.1 utg000073l
		Skipping redundant alignment 96158 96232 | 87389 87315 | 75 75 | 96.0 | NC_057377.1 utg000073l
		Skipping redundant alignment 3536584 3536762 | 87444 87622 | 179 179 | 95.53 | NC_057385.1 utg000073l
		Skipping redundant alignment 95925 96105 | 87624 87444 | 181 181 | 96.13 | NC_057377.1 utg000073l
		Skipping redundant alignment 863656 863844 | 87444 87632 | 189 189 | 95.77 | NC_057382.1 utg000073l
		Skipping redundant alignment 1227103 1227261 | 87634 87476 | 159 159 | 96.23 | NC_057380.1 utg000073l
		Skipping redundant alignment 893983 894173 | 87634 87444 | 191 191 | 95.81 | NC_057384.1 utg000073l
		Skipping redundant alignment 75842 75912 | 118399 118329 | 71 71 | 95.77 | NC_057381.1 utg000073l
		Skipping redundant alignment 862652 862726 | 118325 118399 | 75 75 | 98.67 | NC_057382.1 utg000073l
		Skipping redundant alignment 1465484 1465558 | 118325 118399 | 75 75 | 96.0 | NC_057378.1 utg000073l
		Skipping redundant alignment 75521 75610 | 118741 118652 | 90 90 | 97.78 | NC_057381.1 utg000073l
		Skipping redundant alignment 1465788 1465879 | 118650 118741 | 92 92 | 97.83 | NC_057378.1 utg000073l
		Skipping redundant alignment 862955 863046 | 118650 118741 | 92 92 | 97.83 | NC_057382.1 utg000073l
		Skipping redundant alignment 863781 863879 | 119467 119565 | 99 99 | 95.96 | NC_057382.1 utg000073l
		Skipping redundant alignment 1227070 1227168 | 119565 119467 | 99 99 | 95.96 | NC_057380.1 utg000073l
		Skipping redundant alignment 1664774 1664874 | 119465 119565 | 101 101 | 95.05 | NC_057372.1 utg000073l
		Skipping redundant alignment 1466610 1466711 | 119464 119565 | 102 102 | 95.1 | NC_057378.1 utg000073l
		Skipping redundant alignment 1089195 1089264 | 373187 373118 | 70 70 | 100.0 | NC_057378.1 utg000073l
		Skipping redundant alignment 921139 921208 | 373187 373118 | 70 70 | 100.0 | NC_057378.1 utg000073l
		Skipping redundant alignment 1083222 1083291 | 373187 373118 | 70 70 | 100.0 | NC_057378.1 utg000073l
		This contig has several significant sets of alignments. [An ambiguously mapped contig]
		Using only the very best set (option --ambiguity-usage is set to "one").
			The best set is below. Score: 394.0, number of alignments: 7, unaligned bases: 495039
		This contig is misassembled.
		This contig is partially unaligned. (Aligned 669 out of 495708 non-N bases (0.13%))
			Warning! This contig is more unaligned than misassembled. Contig length is 495708 (number of Ns: 0) and total length of all aligns is 669
		Alignment: 1465557 1465694 | 86496 86633 | 138 138 | 95.65 | NC_057378.1 utg000073l
		Alignment: 1465716 1465789 | 86654 86727 | 74 74 | 95.95 | NC_057378.1 utg000073l
		Alignment: 1466489 1466562 | 87444 87517 | 74 74 | 95.95 | NC_057378.1 utg000073l
		Alignment: 1466563 1466676 | 87519 87632 | 114 114 | 96.49 | NC_057378.1 utg000073l
		Alignment: 1037958 1038032 | 118325 118399 | 75 75 | 97.33 | NC_057371.1 utg000073l
		Alignment: 1038262 1038353 | 118650 118741 | 92 92 | 96.74 | NC_057371.1 utg000073l
		Alignment: 1038992 1039093 | 119464 119565 | 102 102 | 97.06 | NC_057371.1 utg000073l
		Unaligned bases: 495039

CONTIG: utg000074l (67667bp)
		This contig is unaligned. (67667 bp)
		Unaligned bases: 67667 (number of Ns: 0)

CONTIG: utg000075l (343096bp)
Best alignment score: 106.0 (LEN: 110, IDY: 96.36), Total number of alignments: 1
			Looking for the best set of alignments (out of 1 total alignments)
			The best set is below. Score: 106.0, number of alignments: 1, unaligned bases: 342986
		This contig is partially unaligned. (Aligned 110 out of 343096 non-N bases (0.03%))
		Alignment: 1956422 1956531 | 6450 6559 | 110 110 | 96.36 | NC_057379.1 utg000075l
		Unaligned bases: 1 to 6449 (6449)
		Unaligned bases: 6560 to 343096 (336537)

CONTIG: utg000076l (114081bp)
Best alignment score: 230.0 (LEN: 234, IDY: 98.29), Total number of alignments: 15
			Looking for the best set of alignments (out of 15 total alignments)
			Skipping redundant alignments after choosing the best set of alignments
		Skipping redundant alignment 1039029 1039111 | 31342 31260 | 83 83 | 95.18 | NC_057371.1 utg000076l
		Skipping redundant alignment 1466563 1466646 | 31427 31344 | 84 84 | 97.62 | NC_057378.1 utg000076l
		Skipping redundant alignment 826280 826513 | 31577 31344 | 234 234 | 98.29 | NC_057384.1 utg000076l
		Skipping redundant alignment 1038795 1039028 | 31577 31344 | 234 234 | 97.01 | NC_057371.1 utg000076l
		Skipping redundant alignment 1466083 1466162 | 31912 31833 | 80 80 | 96.25 | NC_057378.1 utg000076l
		Skipping redundant alignment 825949 826028 | 31912 31833 | 80 80 | 96.25 | NC_057384.1 utg000076l
		Skipping redundant alignment 825873 825937 | 31985 31921 | 65 65 | 96.92 | NC_057384.1 utg000076l
		Skipping redundant alignment 1038378 1038458 | 31995 31915 | 81 81 | 96.3 | NC_057371.1 utg000076l
		Skipping redundant alignment 825775 825857 | 32086 32004 | 83 83 | 95.18 | NC_057384.1 utg000076l
		Skipping redundant alignment 1038254 1038332 | 32215 32137 | 79 79 | 96.2 | NC_057371.1 utg000076l
			The best set is below. Score: 565.0, number of alignments: 5, unaligned bases: 113494
		This contig is misassembled.
		This contig is partially unaligned. (Aligned 587 out of 114081 non-N bases (0.51%))
			Warning! This contig is more unaligned than misassembled. Contig length is 114081 (number of Ns: 0) and total length of all aligns is 587
		Alignment: 863815 863895 | 31342 31262 | 81 81 | 95.06 | NC_057382.1 utg000076l
		Alignment: 863581 863814 | 31577 31344 | 234 234 | 97.01 | NC_057382.1 utg000076l
		Alignment: 863158 863244 | 32001 31915 | 87 87 | 95.4 | NC_057382.1 utg000076l
		Alignment: 862947 863025 | 32215 32137 | 79 79 | 97.47 | NC_057382.1 utg000076l
		Alignment: 862841 862946 | 32322 32217 | 106 106 | 95.28 | NC_057382.1 utg000076l
		Unaligned bases: 113494

CONTIG: utg000077l (74748bp)
Best alignment score: 534.1 (LEN: 552, IDY: 96.76), Total number of alignments: 9
			Looking for the best set of alignments (out of 9 total alignments)
			Skipping redundant alignments after choosing the best set of alignments
		Skipping redundant alignment 1191577 1191670 | 40477 40384 | 94 94 | 97.87 | NC_057379.1 utg000077l
		Skipping redundant alignment 1191466 1191575 | 40587 40478 | 110 110 | 99.09 | NC_057379.1 utg000077l
		Skipping redundant alignment 75610 76158 | 40384 40933 | 549 550 | 95.66 | NC_057381.1 utg000077l
		Skipping redundant alignment 1465242 1465790 | 40933 40384 | 549 550 | 95.3 | NC_057378.1 utg000077l
		Skipping redundant alignment 3535336 3535885 | 40935 40384 | 550 552 | 95.32 | NC_057385.1 utg000077l
		Skipping redundant alignment 96804 97354 | 40384 40935 | 551 552 | 95.14 | NC_057377.1 utg000077l
		Skipping redundant alignment 1227979 1228527 | 40384 40935 | 549 552 | 95.13 | NC_057380.1 utg000077l
		Skipping redundant alignment 862409 862957 | 40935 40384 | 549 552 | 95.13 | NC_057382.1 utg000077l
			The best set is below. Score: 534.1, number of alignments: 1, unaligned bases: 74196
		This contig is partially unaligned. (Aligned 552 out of 74748 non-N bases (0.74%))
		Alignment: 1037714 1038264 | 40935 40384 | 551 552 | 96.76 | NC_057371.1 utg000077l
		Unaligned bases: 1 to 40383 (40383)
		Unaligned bases: 40936 to 74748 (33813)

CONTIG: utg000078l (177179bp)
Best alignment score: 190.0 (LEN: 200, IDY: 95.00), Total number of alignments: 28
			Looking for the best set of alignments (out of 28 total alignments)
			Skipping redundant alignments after choosing the best set of alignments
		Skipping redundant alignment 1466451 1466562 | 14380 14269 | 112 112 | 95.54 | NC_057378.1 utg000078l
		Skipping redundant alignment 96521 96597 | 14744 14820 | 77 77 | 98.7 | NC_057377.1 utg000078l
		Skipping redundant alignment 1227700 1227776 | 14744 14820 | 77 77 | 96.1 | NC_057380.1 utg000078l
		Skipping redundant alignment 3536091 3536166 | 14821 14746 | 76 76 | 98.68 | NC_057385.1 utg000078l
		Skipping redundant alignment 863163 863238 | 14821 14746 | 76 76 | 96.05 | NC_057382.1 utg000078l
		Skipping redundant alignment 863013 863162 | 14972 14823 | 150 150 | 96.67 | NC_057382.1 utg000078l
		Skipping redundant alignment 1465846 1465995 | 14972 14823 | 150 150 | 96.0 | NC_057378.1 utg000078l
		Skipping redundant alignment 862931 863012 | 15056 14975 | 82 82 | 98.78 | NC_057382.1 utg000078l
		Skipping redundant alignment 1465764 1465845 | 15056 14975 | 82 82 | 96.34 | NC_057378.1 utg000078l
		Skipping redundant alignment 3535859 3535940 | 15056 14975 | 82 82 | 95.12 | NC_057385.1 utg000078l
		Skipping redundant alignment 1227921 1228005 | 14972 15056 | 85 85 | 98.82 | NC_057380.1 utg000078l
		Skipping redundant alignment 96746 96830 | 14972 15056 | 85 85 | 95.29 | NC_057377.1 utg000078l
		Skipping redundant alignment 96856 96966 | 15087 15197 | 111 111 | 95.5 | NC_057377.1 utg000078l
		Skipping redundant alignment 1465627 1465734 | 15198 15091 | 108 108 | 96.3 | NC_057378.1 utg000078l
		Skipping redundant alignment 1228203 1228311 | 15259 15367 | 109 109 | 95.41 | NC_057380.1 utg000078l
		Skipping redundant alignment 862624 862732 | 15368 15260 | 109 109 | 95.41 | NC_057382.1 utg000078l
		Skipping redundant alignment 3535351 3535550 | 15568 15369 | 200 200 | 95.0 | NC_057385.1 utg000078l
		Skipping redundant alignment 76025 76117 | 30104 30012 | 93 93 | 95.7 | NC_057381.1 utg000078l
		Skipping redundant alignment 824011 824078 | 30126 30193 | 68 68 | 97.06 | NC_057384.1 utg000078l
		Skipping redundant alignment 75937 76004 | 30194 30127 | 68 68 | 97.06 | NC_057381.1 utg000078l
		Skipping redundant alignment 97131 97198 | 30194 30127 | 68 68 | 95.59 | NC_057377.1 utg000078l
		Skipping redundant alignment 3535491 3535559 | 30126 30194 | 69 69 | 95.65 | NC_057385.1 utg000078l
		Skipping redundant alignment 1037869 1037937 | 30126 30194 | 69 69 | 95.65 | NC_057371.1 utg000078l
			The best set is below. Score: 506.0, number of alignments: 5, unaligned bases: 176655
		This contig is misassembled.
		This contig is partially unaligned. (Aligned 524 out of 177179 non-N bases (0.30%))
			Warning! This contig is more unaligned than misassembled. Contig length is 177179 (number of Ns: 0) and total length of all aligns is 524
		Alignment: 75120 75222 | 14542 14644 | 103 103 | 95.15 | NC_057381.1 utg000078l
		Alignment: 75327 75403 | 14744 14820 | 77 77 | 97.4 | NC_057381.1 utg000078l
		Alignment: 75404 75551 | 14822 14969 | 148 148 | 97.3 | NC_057381.1 utg000078l
		Alignment: 75552 75636 | 14972 15056 | 85 85 | 95.29 | NC_057381.1 utg000078l
		Alignment: 75662 75772 | 15087 15197 | 111 111 | 97.3 | NC_057381.1 utg000078l
		Unaligned bases: 176655

CONTIG: utg000079l (647561bp)
Best alignment score: 107.0 (LEN: 110, IDY: 97.27), Total number of alignments: 8
			Looking for the best set of alignments (out of 8 total alignments)
			Skipping redundant alignments after choosing the best set of alignments
		Skipping redundant alignment 1218955 1219045 | 4701 4611 | 91 91 | 95.6 | NC_057380.1 utg000079l
		Skipping redundant alignment 2268473 2268540 | 269448 269381 | 68 68 | 98.53 | NC_057385.1 utg000079l
		Skipping redundant alignment 2168222 2168302 | 372615 372535 | 81 81 | 96.3 | NC_057385.1 utg000079l
		Skipping redundant alignment 871871 871973 | 391226 391124 | 103 103 | 95.15 | NC_057382.1 utg000079l
		Skipping redundant alignment 1956411 1956480 | 392389 392320 | 70 70 | 98.57 | NC_057379.1 utg000079l
		Skipping redundant alignment 1166482 1166585 | 503000 503103 | 104 104 | 97.12 | NC_057385.1 utg000079l
		Skipping redundant alignment 1201831 1201913 | 539830 539912 | 83 83 | 98.8 | NC_057385.1 utg000079l
			The best set is below. Score: 107.0, number of alignments: 1, unaligned bases: 647451
		This contig is partially unaligned. (Aligned 110 out of 647561 non-N bases (0.02%))
		Alignment: 1956422 1956531 | 3417 3526 | 110 110 | 97.27 | NC_057379.1 utg000079l
		Unaligned bases: 1 to 3416 (3416)
		Unaligned bases: 3527 to 647561 (644035)

CONTIG: utg000080l (72366bp)
Best alignment score: 78.0 (LEN: 82, IDY: 95.12), Total number of alignments: 1
			Looking for the best set of alignments (out of 1 total alignments)
			The best set is below. Score: 78.0, number of alignments: 1, unaligned bases: 72284
		This contig is partially unaligned. (Aligned 82 out of 72366 non-N bases (0.11%))
		Alignment: 1117422 1117503 | 3883 3802 | 82 82 | 95.12 | NC_057379.1 utg000080l
		Unaligned bases: 1 to 3801 (3801)
		Unaligned bases: 3884 to 72366 (68483)

CONTIG: utg000081l (399683bp)
		This contig is unaligned. (399683 bp)
		Unaligned bases: 399683 (number of Ns: 0)

CONTIG: utg000082l (54723bp)
		This contig is unaligned. (54723 bp)
		Unaligned bases: 54723 (number of Ns: 0)

CONTIG: utg000083l (363170bp)
Best alignment score: 91.0 (LEN: 94, IDY: 96.81), Total number of alignments: 3
			Looking for the best set of alignments (out of 3 total alignments)
			Skipping redundant alignments after choosing the best set of alignments
		Skipping redundant alignment 937111 937183 | 263486 263414 | 73 73 | 95.89 | NC_057376.1 utg000083l
			The best set is below. Score: 135.0, number of alignments: 2, unaligned bases: 363006
		This contig is misassembled.
		This contig is partially unaligned. (Aligned 164 out of 363170 non-N bases (0.05%))
			Warning! This contig is more unaligned than misassembled. Contig length is 363170 (number of Ns: 0) and total length of all aligns is 164
		Alignment: 868931 869024 | 330383 330290 | 94 94 | 96.81 | NC_057376.1 utg000083l
		Alignment: 855810 855879 | 343250 343181 | 70 70 | 97.14 | NC_057376.1 utg000083l
		Unaligned bases: 363006

CONTIG: utg000084l (158028bp)
		This contig is unaligned. (158028 bp)
		Unaligned bases: 158028 (number of Ns: 0)

CONTIG: utg000085l (529157bp)
Best alignment score: 97.0 (LEN: 99, IDY: 97.98), Total number of alignments: 10
			Looking for the best set of alignments (out of 10 total alignments)
			Skipping redundant alignments after choosing the best set of alignments
		Skipping redundant alignment 3536548 3536642 | 10116 10022 | 95 95 | 95.79 | NC_057385.1 utg000085l
		Skipping redundant alignment 96046 96141 | 10021 10116 | 96 96 | 95.83 | NC_057377.1 utg000085l
		Skipping redundant alignment 796463 796533 | 10305 10235 | 71 71 | 95.77 | NC_057384.1 utg000085l
		Skipping redundant alignment 796206 796270 | 10557 10493 | 65 65 | 95.38 | NC_057384.1 utg000085l
		Skipping redundant alignment 96519 96595 | 10489 10565 | 77 77 | 100.0 | NC_057377.1 utg000085l
		Skipping redundant alignment 1227698 1227774 | 10489 10565 | 77 77 | 97.4 | NC_057380.1 utg000085l
		Skipping redundant alignment 3536092 3536170 | 10567 10489 | 79 79 | 98.73 | NC_057385.1 utg000085l
			The best set is below. Score: 241.0, number of alignments: 3, unaligned bases: 528910
		This contig is misassembled.
		This contig is partially unaligned. (Aligned 247 out of 529157 non-N bases (0.05%))
			Warning! This contig is more unaligned than misassembled. Contig length is 529157 (number of Ns: 0) and total length of all aligns is 247
		Alignment: 863616 863714 | 10120 10022 | 99 99 | 97.98 | NC_057382.1 utg000085l
		Alignment: 863431 863501 | 10305 10235 | 71 71 | 97.18 | NC_057382.1 utg000085l
		Alignment: 863164 863240 | 10567 10491 | 77 77 | 97.4 | NC_057382.1 utg000085l
		Unaligned bases: 528910

CONTIG: utg000086l (196963bp)
Best alignment score: 180.0 (LEN: 184, IDY: 97.83), Total number of alignments: 14
			Looking for the best set of alignments (out of 14 total alignments)
			Skipping redundant alignments after choosing the best set of alignments
		Skipping redundant alignment 1227308 1227432 | 125276 125400 | 125 125 | 95.2 | NC_057380.1 utg000086l
		Skipping redundant alignment 796361 796453 | 125583 125491 | 93 93 | 95.7 | NC_057384.1 utg000086l
		Skipping redundant alignment 796283 796352 | 125653 125584 | 70 70 | 100.0 | NC_057384.1 utg000086l
		Skipping redundant alignment 1227699 1227763 | 125663 125727 | 65 65 | 96.92 | NC_057380.1 utg000086l
		Skipping redundant alignment 796166 796270 | 125770 125666 | 105 105 | 96.19 | NC_057384.1 utg000086l
		Skipping redundant alignment 1227887 1228002 | 125854 125969 | 116 116 | 98.28 | NC_057380.1 utg000086l
		Skipping redundant alignment 1228007 1228094 | 125976 126063 | 88 88 | 95.45 | NC_057380.1 utg000086l
		Skipping redundant alignment 795861 795946 | 126064 125979 | 86 86 | 96.51 | NC_057384.1 utg000086l
		Skipping redundant alignment 1228120 1228303 | 126092 126275 | 184 184 | 97.83 | NC_057380.1 utg000086l
			The best set is below. Score: 599.0, number of alignments: 5, unaligned bases: 196345
		This contig is misassembled.
		This contig is partially unaligned. (Aligned 618 out of 196963 non-N bases (0.31%))
			Warning! This contig is more unaligned than misassembled. Contig length is 196963 (number of Ns: 0) and total length of all aligns is 618
		Alignment: 863509 863636 | 125402 125275 | 128 128 | 95.31 | NC_057382.1 utg000086l
		Alignment: 863174 863241 | 125730 125663 | 68 68 | 97.06 | NC_057382.1 utg000086l
		Alignment: 862932 863086 | 125971 125817 | 155 155 | 97.42 | NC_057382.1 utg000086l
		Alignment: 862842 862926 | 126063 125979 | 85 85 | 95.29 | NC_057382.1 utg000086l
		Alignment: 862631 862812 | 126277 126096 | 182 182 | 98.35 | NC_057382.1 utg000086l
		Unaligned bases: 196345

CONTIG: utg000087l (29310bp)
		This contig is unaligned. (29310 bp)
		Unaligned bases: 29310 (number of Ns: 0)

CONTIG: utg000088l (1825940bp)
Best alignment score: 150.0 (LEN: 156, IDY: 96.18), Total number of alignments: 30
			Looking for the best set of alignments (out of 30 total alignments)
			Skipping redundant alignments after choosing the best set of alignments
		Skipping redundant alignment 1465339 1465480 | 73665 73806 | 142 142 | 95.07 | NC_057378.1 utg000088l
		Skipping redundant alignment 863088 863156 | 74237 74305 | 69 69 | 97.1 | NC_057382.1 utg000088l
		Skipping redundant alignment 1465921 1465989 | 74237 74305 | 69 69 | 97.1 | NC_057378.1 utg000088l
		Skipping redundant alignment 1227686 1227781 | 74405 74310 | 96 96 | 95.83 | NC_057380.1 utg000088l
		Skipping redundant alignment 863157 863254 | 74308 74405 | 98 98 | 95.92 | NC_057382.1 utg000088l
		Skipping redundant alignment 1227458 1227539 | 74629 74548 | 82 82 | 98.78 | NC_057380.1 utg000088l
		Skipping redundant alignment 863401 863524 | 74548 74671 | 124 124 | 99.19 | NC_057382.1 utg000088l
		Skipping redundant alignment 863655 863738 | 74805 74888 | 84 84 | 95.24 | NC_057382.1 utg000088l
		Skipping redundant alignment 1466637 1466725 | 74956 75044 | 89 89 | 98.88 | NC_057378.1 utg000088l
		Skipping redundant alignment 765618 765684 | 121001 121067 | 67 67 | 95.52 | NC_057370.1 utg000088l
		Skipping redundant alignment 794041 794154 | 147224 147336 | 114 113 | 96.49 | NC_057370.1 utg000088l
		Skipping redundant alignment 1956171 1956253 | 155482 155564 | 83 83 | 98.8 | NC_057379.1 utg000088l
		Skipping redundant alignment 1219019 1219097 | 156963 156885 | 79 79 | 96.2 | NC_057380.1 utg000088l
		Skipping redundant alignment 871873 871952 | 156884 156963 | 80 80 | 96.25 | NC_057382.1 utg000088l
		Skipping redundant alignment 812803 812887 | 161219 161303 | 85 85 | 96.47 | NC_057370.1 utg000088l
		Skipping redundant alignment 1308773 1308855 | 618186 618268 | 83 83 | 97.59 | NC_057370.1 utg000088l
		Skipping redundant alignment 1497284 1497350 | 796604 796670 | 67 67 | 95.52 | NC_057370.1 utg000088l
		Skipping redundant alignment 1764349 1764424 | 1051045 1051120 | 76 76 | 97.37 | NC_057370.1 utg000088l
		Skipping redundant alignment 1873414 1873493 | 1165652 1165731 | 80 80 | 96.25 | NC_057370.1 utg000088l
		Skipping redundant alignment 2235495 2235571 | 1527397 1527473 | 77 77 | 97.4 | NC_057370.1 utg000088l
		Skipping redundant alignment 2477156 2477229 | 1772868 1772941 | 74 74 | 97.3 | NC_057370.1 utg000088l
		Skipping redundant alignment 2700782 2700858 | 1773023 1772947 | 77 77 | 96.1 | NC_057370.1 utg000088l
		Skipping redundant alignment 1770337 1770493 | 1772868 1773023 | 157 156 | 96.18 | NC_057371.1 utg000088l
			The best set is below. Score: 532.0, number of alignments: 7, unaligned bases: 1825121
		This contig is misassembled.
		This contig is partially unaligned. (Aligned 819 out of 1825940 non-N bases (0.04%))
			Warning! This contig is more unaligned than misassembled. Contig length is 1825940 (number of Ns: 0) and total length of all aligns is 819
		Alignment: 97110 97251 | 73810 73669 | 142 142 | 95.07 | NC_057377.1 utg000088l
		Alignment: 96691 96787 | 74219 74123 | 97 97 | 95.88 | NC_057377.1 utg000088l
		Alignment: 96508 96602 | 74404 74310 | 95 95 | 97.89 | NC_057377.1 utg000088l
		Alignment: 96234 96360 | 74674 74548 | 127 127 | 95.28 | NC_057377.1 utg000088l
		Alignment: 96023 96106 | 74888 74805 | 84 84 | 95.24 | NC_057377.1 utg000088l
		Alignment: 1428180 1428333 | 726062 726215 | 154 154 | 95.45 | NC_057370.1 utg000088l
		Alignment: 1434833 1434952 | 732758 732877 | 120 120 | 95.0 | NC_057370.1 utg000088l
		Unaligned bases: 1825121

CONTIG: utg000089l (519401bp)
Best alignment score: 210.0 (LEN: 218, IDY: 96.33), Total number of alignments: 42
			Looking for the best set of alignments (out of 42 total alignments)
			Skipping redundant alignments after choosing the best set of alignments
		Skipping redundant alignment 3535514 3535584 | 59604 59674 | 71 71 | 98.59 | NC_057385.1 utg000089l
		Skipping redundant alignment 97106 97176 | 59674 59604 | 71 71 | 98.59 | NC_057377.1 utg000089l
		Skipping redundant alignment 895186 895256 | 59674 59604 | 71 71 | 97.18 | NC_057384.1 utg000089l
		Skipping redundant alignment 795605 795675 | 59604 59674 | 71 71 | 97.18 | NC_057384.1 utg000089l
		Skipping redundant alignment 3535629 3535693 | 59719 59783 | 65 65 | 95.38 | NC_057385.1 utg000089l
		Skipping redundant alignment 1228168 1228232 | 59786 59722 | 65 65 | 98.46 | NC_057380.1 utg000089l
		Skipping redundant alignment 96994 97060 | 59786 59720 | 67 67 | 95.52 | NC_057377.1 utg000089l
		Skipping redundant alignment 3535821 3535892 | 59915 59986 | 72 72 | 97.22 | NC_057385.1 utg000089l
		Skipping redundant alignment 96797 96935 | 59986 59848 | 139 139 | 95.68 | NC_057377.1 utg000089l
		Skipping redundant alignment 862841 862966 | 59863 59988 | 126 126 | 95.24 | NC_057382.1 utg000089l
		Skipping redundant alignment 795845 795986 | 59847 59988 | 142 142 | 95.77 | NC_057384.1 utg000089l
		Skipping redundant alignment 1227965 1228094 | 59993 59864 | 130 130 | 95.38 | NC_057380.1 utg000089l
		Skipping redundant alignment 894870 895015 | 59993 59848 | 146 146 | 95.21 | NC_057384.1 utg000089l
		Skipping redundant alignment 863003 863087 | 60028 60112 | 85 85 | 96.47 | NC_057382.1 utg000089l
		Skipping redundant alignment 3535931 3536015 | 60028 60112 | 85 85 | 95.29 | NC_057385.1 utg000089l
		Skipping redundant alignment 96674 96758 | 60112 60028 | 85 85 | 95.29 | NC_057377.1 utg000089l
		Skipping redundant alignment 863111 863235 | 60138 60262 | 125 125 | 96.8 | NC_057382.1 utg000089l
		Skipping redundant alignment 1227699 1227828 | 60268 60139 | 130 130 | 96.92 | NC_057380.1 utg000089l
		Skipping redundant alignment 96520 96649 | 60268 60139 | 130 130 | 96.92 | NC_057377.1 utg000089l
		Skipping redundant alignment 3536167 3536237 | 60267 60337 | 71 71 | 98.59 | NC_057385.1 utg000089l
		Skipping redundant alignment 796271 796341 | 60267 60337 | 71 71 | 98.59 | NC_057384.1 utg000089l
		Skipping redundant alignment 894518 894587 | 60339 60270 | 70 70 | 100.0 | NC_057384.1 utg000089l
		Skipping redundant alignment 1227308 1227454 | 60660 60514 | 147 147 | 95.24 | NC_057380.1 utg000089l
		Skipping redundant alignment 894122 894339 | 60732 60515 | 218 218 | 96.33 | NC_057384.1 utg000089l
		Skipping redundant alignment 505945 506046 | 214844 214743 | 102 102 | 95.1 | NC_057384.1 utg000089l
		Skipping redundant alignment 1228232 1228320 | 374596 374508 | 89 89 | 97.75 | NC_057380.1 utg000089l
		Skipping redundant alignment 1227936 1228043 | 374904 374797 | 108 108 | 97.22 | NC_057380.1 utg000089l
		Skipping redundant alignment 3535928 3536131 | 374903 375106 | 204 204 | 96.08 | NC_057385.1 utg000089l
		Skipping redundant alignment 1227735 1227832 | 375108 375011 | 98 98 | 97.96 | NC_057380.1 utg000089l
		Skipping redundant alignment 96556 96759 | 375108 374905 | 204 204 | 96.08 | NC_057377.1 utg000089l
		Skipping redundant alignment 3536147 3536224 | 375122 375199 | 78 78 | 98.72 | NC_057385.1 utg000089l
			The best set is below. Score: 906.0, number of alignments: 11, unaligned bases: 518206
		This contig is misassembled.
		This contig is partially unaligned. (Aligned 1195 out of 519401 non-N bases (0.23%))
			Warning! This contig is more unaligned than misassembled. Contig length is 519401 (number of Ns: 0) and total length of all aligns is 1195
		Alignment: 75912 75980 | 59674 59606 | 69 69 | 98.55 | NC_057381.1 utg000089l
		Alignment: 75800 75864 | 59786 59722 | 65 65 | 95.38 | NC_057381.1 utg000089l
		Alignment: 75596 75741 | 59993 59848 | 146 146 | 95.89 | NC_057381.1 utg000089l
		Alignment: 75480 75564 | 60112 60028 | 85 85 | 96.47 | NC_057381.1 utg000089l
		Alignment: 75326 75455 | 60268 60139 | 130 130 | 97.69 | NC_057381.1 utg000089l
		Alignment: 75256 75325 | 60339 60270 | 70 70 | 97.14 | NC_057381.1 utg000089l
		Alignment: 862613 862703 | 374505 374595 | 91 91 | 97.8 | NC_057382.1 utg000089l
		Alignment: 862892 862998 | 374796 374902 | 107 107 | 96.26 | NC_057382.1 utg000089l
		Alignment: 863000 863203 | 374903 375106 | 204 204 | 97.55 | NC_057382.1 utg000089l
		Alignment: 863219 863290 | 375122 375193 | 72 72 | 95.83 | NC_057382.1 utg000089l
		Alignment: 863590 863745 | 375493 375648 | 156 156 | 96.15 | NC_057382.1 utg000089l
		Unaligned bases: 518206

CONTIG: utg000090l (129663bp)
		This contig is unaligned. (129663 bp)
		Unaligned bases: 129663 (number of Ns: 0)

CONTIG: utg000091l (466190bp)
Best alignment score: 105.0 (LEN: 110, IDY: 95.45), Total number of alignments: 2
			Looking for the best set of alignments (out of 2 total alignments)
			Skipping redundant alignments after choosing the best set of alignments
		Skipping redundant alignment 1860790 1860872 | 98269 98188 | 83 82 | 97.59 | NC_057382.1 utg000091l
			The best set is below. Score: 105.0, number of alignments: 1, unaligned bases: 466080
		This contig is partially unaligned. (Aligned 110 out of 466190 non-N bases (0.02%))
		Alignment: 1355174 1355283 | 305984 305875 | 110 110 | 95.45 | NC_057379.1 utg000091l
		Unaligned bases: 1 to 305874 (305874)
		Unaligned bases: 305985 to 466190 (160206)

CONTIG: utg000092l (108698bp)
		This contig is unaligned. (108698 bp)
		Unaligned bases: 108698 (number of Ns: 0)

CONTIG: utg000093l (155559bp)
		This contig is unaligned. (155559 bp)
		Unaligned bases: 155559 (number of Ns: 0)

CONTIG: utg000094l (74615bp)
		This contig is unaligned. (74615 bp)
		Unaligned bases: 74615 (number of Ns: 0)

CONTIG: utg000095l (20344bp)
		This contig is unaligned. (20344 bp)
		Unaligned bases: 20344 (number of Ns: 0)

CONTIG: utg000096l (228607bp)
Best alignment score: 346.0 (LEN: 361, IDY: 95.84), Total number of alignments: 2
			Looking for the best set of alignments (out of 2 total alignments)
			Skipping redundant alignments after choosing the best set of alignments
		Skipping redundant alignment 871810 871882 | 17502 17430 | 73 73 | 95.89 | NC_057382.1 utg000096l
			The best set is below. Score: 346.0, number of alignments: 1, unaligned bases: 228246
		This contig is partially unaligned. (Aligned 361 out of 228607 non-N bases (0.16%))
		Alignment: 1956171 1956531 | 18849 18489 | 361 361 | 95.84 | NC_057379.1 utg000096l
		Unaligned bases: 1 to 18488 (18488)
		Unaligned bases: 18850 to 228607 (209758)

CONTIG: utg000097l (138137bp)
		This contig is unaligned. (138137 bp)
		Unaligned bases: 138137 (number of Ns: 0)

CONTIG: utg000098l (32407bp)
		This contig is unaligned. (32407 bp)
		Unaligned bases: 32407 (number of Ns: 0)

CONTIG: utg000099l (200497bp)
Best alignment score: 63.0 (LEN: 65, IDY: 96.92), Total number of alignments: 1
			Looking for the best set of alignments (out of 1 total alignments)
			The best set is below. Score: 63.0, number of alignments: 1, unaligned bases: 200432
		This contig is partially unaligned. (Aligned 65 out of 200497 non-N bases (0.03%))
		Alignment: 1219504 1219568 | 112361 112425 | 65 65 | 96.92 | NC_057380.1 utg000099l
		Unaligned bases: 1 to 112360 (112360)
		Unaligned bases: 112426 to 200497 (88072)

CONTIG: utg000100l (41267bp)
		This contig is unaligned. (41267 bp)
		Unaligned bases: 41267 (number of Ns: 0)

CONTIG: utg000101l (96191bp)
		This contig is unaligned. (96191 bp)
		Unaligned bases: 96191 (number of Ns: 0)

CONTIG: utg000102l (163378bp)
		This contig is unaligned. (163378 bp)
		Unaligned bases: 163378 (number of Ns: 0)

CONTIG: utg000103l (77542bp)
		This contig is unaligned. (77542 bp)
		Unaligned bases: 77542 (number of Ns: 0)

CONTIG: utg000104l (264554bp)
Best alignment score: 142.0 (LEN: 149, IDY: 95.30), Total number of alignments: 2
			Looking for the best set of alignments (out of 2 total alignments)
			Skipping redundant alignments after choosing the best set of alignments
		Skipping redundant alignment 1218946 1219055 | 241038 240929 | 110 110 | 96.36 | NC_057380.1 utg000104l
			The best set is below. Score: 142.0, number of alignments: 1, unaligned bases: 264405
		This contig is partially unaligned. (Aligned 149 out of 264554 non-N bases (0.06%))
		Alignment: 871916 872064 | 240929 241077 | 149 149 | 95.3 | NC_057382.1 utg000104l
		Unaligned bases: 1 to 240928 (240928)
		Unaligned bases: 241078 to 264554 (23477)

CONTIG: utg000105l (99676bp)
Best alignment score: 76.0 (LEN: 76, IDY: 100.00), Total number of alignments: 5
			Looking for the best set of alignments (out of 5 total alignments)
			Skipping redundant alignments after choosing the best set of alignments
		Skipping redundant alignment 1404200 1404275 | 49674 49599 | 76 76 | 100.0 | NC_057380.1 utg000105l
		Skipping redundant alignment 184083 184158 | 49599 49674 | 76 76 | 100.0 | NC_057379.1 utg000105l
		Skipping redundant alignment 1477435 1477510 | 49674 49599 | 76 76 | 100.0 | NC_057374.1 utg000105l
		Skipping redundant alignment 331152 331227 | 49674 49599 | 76 76 | 100.0 | NC_057379.1 utg000105l
		This contig has several significant sets of alignments. [An ambiguously mapped contig]
		Using only the very best set (option --ambiguity-usage is set to "one").
			The best set is below. Score: 76.0, number of alignments: 1, unaligned bases: 99600
		This contig is partially unaligned. (Aligned 76 out of 99676 non-N bases (0.08%))
		Alignment: 686448 686523 | 49599 49674 | 76 76 | 100.0 | NC_057382.1 utg000105l
		Unaligned bases: 1 to 49598 (49598)
		Unaligned bases: 49675 to 99676 (50002)

CONTIG: utg000106l (1262287bp)
Best alignment score: 126.0 (LEN: 131, IDY: 96.18), Total number of alignments: 31
			Looking for the best set of alignments (out of 31 total alignments)
			Skipping redundant alignments after choosing the best set of alignments
		Skipping redundant alignment 1390332 1390414 | 59224 59306 | 83 83 | 97.59 | NC_057385.1 utg000106l
		Skipping redundant alignment 1390284 1390414 | 59176 59306 | 131 131 | 96.18 | NC_057385.1 utg000106l
		Skipping redundant alignment 1534783 1534863 | 193385 193464 | 81 80 | 97.53 | NC_057385.1 utg000106l
		Skipping redundant alignment 1694467 1694535 | 349913 349981 | 69 69 | 95.65 | NC_057385.1 utg000106l
		Skipping redundant alignment 1808093 1808185 | 464402 464494 | 93 93 | 95.7 | NC_057385.1 utg000106l
		Skipping redundant alignment 828701 828767 | 1033959 1033893 | 67 67 | 97.01 | NC_057385.1 utg000106l
		Skipping redundant alignment 795575 795695 | 1067551 1067432 | 121 120 | 99.17 | NC_057385.1 utg000106l
		Skipping redundant alignment 1845166 1845286 | 1067432 1067551 | 121 120 | 99.17 | NC_057385.1 utg000106l
		Skipping redundant alignment 1001619 1001739 | 1067432 1067551 | 121 120 | 99.17 | NC_057377.1 utg000106l
		Skipping redundant alignment 1388598 1388718 | 1067551 1067432 | 121 120 | 99.17 | NC_057376.1 utg000106l
		Skipping redundant alignment 1107658 1107778 | 1067432 1067551 | 121 120 | 99.17 | NC_057372.1 utg000106l
		Skipping redundant alignment 1172079 1172199 | 1067432 1067551 | 121 120 | 99.17 | NC_057374.1 utg000106l
		Skipping redundant alignment 859700 859820 | 1067432 1067551 | 121 120 | 98.35 | NC_057381.1 utg000106l
		Skipping redundant alignment 1378676 1378796 | 1067551 1067432 | 121 120 | 98.35 | NC_057371.1 utg000106l
		Skipping redundant alignment 779566 779687 | 1067552 1067432 | 122 121 | 99.18 | NC_057385.1 utg000106l
		Skipping redundant alignment 795575 795695 | 1081362 1081244 | 121 119 | 96.69 | NC_057385.1 utg000106l
		Skipping redundant alignment 1001619 1001739 | 1081244 1081362 | 121 119 | 96.69 | NC_057377.1 utg000106l
		Skipping redundant alignment 1388598 1388718 | 1081362 1081244 | 121 119 | 96.69 | NC_057376.1 utg000106l
		Skipping redundant alignment 1845166 1845286 | 1081244 1081362 | 121 119 | 96.69 | NC_057385.1 utg000106l
		Skipping redundant alignment 1107658 1107778 | 1081244 1081362 | 121 119 | 96.69 | NC_057372.1 utg000106l
		Skipping redundant alignment 1378676 1378796 | 1081362 1081244 | 121 119 | 95.87 | NC_057371.1 utg000106l
		Skipping redundant alignment 859700 859820 | 1081244 1081362 | 121 119 | 95.87 | NC_057381.1 utg000106l
		Skipping redundant alignment 1172079 1172200 | 1081244 1081363 | 122 120 | 96.72 | NC_057374.1 utg000106l
		Skipping redundant alignment 620664 620781 | 1236832 1236949 | 118 118 | 95.76 | NC_057385.1 utg000106l
		Skipping redundant alignment 623277 623358 | 1239510 1239591 | 82 82 | 95.12 | NC_057385.1 utg000106l
			The best set is below. Score: 519.1, number of alignments: 6, unaligned bases: 1261673
		This contig is misassembled.
		This contig is partially unaligned. (Aligned 614 out of 1262287 non-N bases (0.05%))
			Warning! This contig is more unaligned than misassembled. Contig length is 1262287 (number of Ns: 0) and total length of all aligns is 614
		Alignment: 979492 979583 | 880420 880329 | 92 92 | 95.65 | NC_057385.1 utg000106l
		Alignment: 974880 974996 | 884982 884866 | 117 117 | 95.73 | NC_057385.1 utg000106l
		Alignment: 870646 870743 | 989854 989757 | 98 98 | 95.92 | NC_057385.1 utg000106l
		Alignment: 786888 786996 | 1074249 1074141 | 109 109 | 95.41 | NC_057385.1 utg000106l
		Alignment: 785082 785160 | 1076061 1075983 | 79 79 | 98.73 | NC_057385.1 utg000106l
		Alignment: 779567 779687 | 1081362 1081244 | 121 119 | 96.69 | NC_057385.1 utg000106l
		Unaligned bases: 1261673

CONTIG: utg000107l (65732bp)
Best alignment score: 232.0 (LEN: 237, IDY: 97.89), Total number of alignments: 118
			Too much alignments (118), will use speed up heuristics
			Found 0 solid alignments:
			Skipping alignments located inside solid regions since they are redundant:
		Nothing was skipped
			Looking for the best set of alignments (out of 118 total alignments)
		Ambiguity for this contig is not checked for speed up (too much alignments and --ambiguity-usage is "one")
			Skipping redundant alignments after choosing the best set of alignments
		Skipping redundant alignment 1474766 1474866 | 4675 4575 | 101 101 | 97.03 | NC_057378.1 utg000107l
		Skipping redundant alignment 165382 165471 | 21979 21891 | 90 89 | 96.67 | NC_057372.1 utg000107l
		Skipping redundant alignment 145432 145521 | 21979 21891 | 90 89 | 96.67 | NC_057372.1 utg000107l
		Skipping redundant alignment 155579 155668 | 21979 21891 | 90 89 | 96.67 | NC_057372.1 utg000107l
		Skipping redundant alignment 158669 158844 | 24684 24859 | 176 176 | 97.73 | NC_057372.1 utg000107l
		Skipping redundant alignment 158928 159018 | 24942 25032 | 91 91 | 98.9 | NC_057372.1 utg000107l
		Skipping redundant alignment 159573 159643 | 25570 25640 | 71 71 | 98.59 | NC_057372.1 utg000107l
		Skipping redundant alignment 160072 160138 | 26074 26140 | 67 67 | 98.51 | NC_057372.1 utg000107l
		Skipping redundant alignment 160660 160819 | 26640 26799 | 160 160 | 99.38 | NC_057372.1 utg000107l
		Skipping redundant alignment 161083 161184 | 27040 27141 | 102 102 | 99.02 | NC_057372.1 utg000107l
		Skipping redundant alignment 161335 161463 | 27294 27422 | 129 129 | 97.67 | NC_057372.1 utg000107l
		Skipping redundant alignment 161542 161618 | 27499 27575 | 77 77 | 97.4 | NC_057372.1 utg000107l
		Skipping redundant alignment 161885 161959 | 27838 27912 | 75 75 | 100.0 | NC_057372.1 utg000107l
		Skipping redundant alignment 162030 162244 | 27980 28194 | 215 215 | 96.74 | NC_057372.1 utg000107l
		Skipping redundant alignment 162309 162376 | 28257 28324 | 68 68 | 95.59 | NC_057372.1 utg000107l
		Skipping redundant alignment 162455 162624 | 28398 28567 | 170 170 | 99.41 | NC_057372.1 utg000107l
		Skipping redundant alignment 162651 162729 | 28592 28670 | 79 79 | 100.0 | NC_057372.1 utg000107l
		Skipping redundant alignment 162732 162798 | 28671 28737 | 67 67 | 100.0 | NC_057372.1 utg000107l
		Skipping redundant alignment 162864 163004 | 28803 28943 | 141 141 | 99.29 | NC_057372.1 utg000107l
		Skipping redundant alignment 163015 163085 | 28956 29026 | 71 71 | 100.0 | NC_057372.1 utg000107l
		Skipping redundant alignment 163219 163440 | 29180 29401 | 222 222 | 98.65 | NC_057372.1 utg000107l
		Skipping redundant alignment 163605 163680 | 29565 29640 | 76 76 | 100.0 | NC_057372.1 utg000107l
		Skipping redundant alignment 163683 163765 | 29645 29727 | 83 83 | 100.0 | NC_057372.1 utg000107l
		Skipping redundant alignment 163805 163883 | 29768 29846 | 79 79 | 100.0 | NC_057372.1 utg000107l
		Skipping redundant alignment 163983 164066 | 29947 30030 | 84 84 | 100.0 | NC_057372.1 utg000107l
		Skipping redundant alignment 164501 164570 | 30468 30537 | 70 70 | 100.0 | NC_057372.1 utg000107l
		Skipping redundant alignment 164572 164707 | 30538 30673 | 136 136 | 97.79 | NC_057372.1 utg000107l
		Skipping redundant alignment 164795 164863 | 30760 30828 | 69 69 | 100.0 | NC_057372.1 utg000107l
		Skipping redundant alignment 155550 155668 | 31222 31105 | 119 118 | 96.64 | NC_057372.1 utg000107l
		Skipping redundant alignment 165353 165471 | 31222 31105 | 119 118 | 96.64 | NC_057372.1 utg000107l
		Skipping redundant alignment 145403 145521 | 31222 31105 | 119 118 | 96.64 | NC_057372.1 utg000107l
		Skipping redundant alignment 158646 158735 | 33877 33966 | 90 90 | 97.78 | NC_057372.1 utg000107l
		Skipping redundant alignment 158877 159046 | 34112 34281 | 170 170 | 99.41 | NC_057372.1 utg000107l
		Skipping redundant alignment 159216 159282 | 34445 34511 | 67 67 | 97.01 | NC_057372.1 utg000107l
		Skipping redundant alignment 159427 159530 | 34656 34759 | 104 104 | 98.08 | NC_057372.1 utg000107l
		Skipping redundant alignment 159533 159648 | 34760 34875 | 116 116 | 100.0 | NC_057372.1 utg000107l
		Skipping redundant alignment 159650 159771 | 34876 34997 | 122 122 | 99.18 | NC_057372.1 utg000107l
		Skipping redundant alignment 159774 159840 | 34998 35064 | 67 67 | 98.51 | NC_057372.1 utg000107l
		Skipping redundant alignment 159928 160040 | 35156 35268 | 113 113 | 99.12 | NC_057372.1 utg000107l
		Skipping redundant alignment 160098 160291 | 35325 35518 | 194 194 | 100.0 | NC_057372.1 utg000107l
		Skipping redundant alignment 160696 160882 | 35908 36094 | 187 187 | 95.72 | NC_057372.1 utg000107l
		Skipping redundant alignment 160913 160989 | 36120 36196 | 77 77 | 96.1 | NC_057372.1 utg000107l
		Skipping redundant alignment 161223 161385 | 36423 36585 | 163 163 | 96.32 | NC_057372.1 utg000107l
		Skipping redundant alignment 161386 161618 | 36587 36819 | 233 233 | 99.14 | NC_057372.1 utg000107l
		Skipping redundant alignment 161620 161705 | 36820 36905 | 86 86 | 96.51 | NC_057372.1 utg000107l
		Skipping redundant alignment 161950 162026 | 37145 37221 | 77 77 | 98.7 | NC_057372.1 utg000107l
		Skipping redundant alignment 162030 162107 | 37222 37299 | 78 78 | 97.44 | NC_057372.1 utg000107l
		Skipping redundant alignment 162509 162708 | 37691 37890 | 200 200 | 99.5 | NC_057372.1 utg000107l
		Skipping redundant alignment 162712 162789 | 37891 37968 | 78 78 | 98.72 | NC_057372.1 utg000107l
		Skipping redundant alignment 162881 162945 | 38057 38121 | 65 65 | 96.92 | NC_057372.1 utg000107l
		Skipping redundant alignment 162948 163014 | 38122 38188 | 67 67 | 100.0 | NC_057372.1 utg000107l
		Skipping redundant alignment 163102 163174 | 38278 38350 | 73 73 | 97.26 | NC_057372.1 utg000107l
		Skipping redundant alignment 163335 163403 | 38513 38581 | 69 69 | 100.0 | NC_057372.1 utg000107l
		Skipping redundant alignment 163404 163484 | 38583 38663 | 81 81 | 98.77 | NC_057372.1 utg000107l
		Skipping redundant alignment 163558 163656 | 38734 38832 | 99 99 | 95.96 | NC_057372.1 utg000107l
		Skipping redundant alignment 163892 164022 | 39067 39197 | 131 131 | 96.18 | NC_057372.1 utg000107l
		Skipping redundant alignment 164174 164285 | 39342 39453 | 112 112 | 97.32 | NC_057372.1 utg000107l
		Skipping redundant alignment 164321 164399 | 39489 39567 | 79 79 | 97.47 | NC_057372.1 utg000107l
		Skipping redundant alignment 164400 164566 | 39569 39735 | 167 167 | 98.2 | NC_057372.1 utg000107l
		Skipping redundant alignment 164651 164793 | 39820 39962 | 143 143 | 96.5 | NC_057372.1 utg000107l
		Skipping redundant alignment 155550 155663 | 40447 40334 | 114 114 | 100.0 | NC_057372.1 utg000107l
		Skipping redundant alignment 145403 145516 | 40447 40334 | 114 114 | 100.0 | NC_057372.1 utg000107l
		Skipping redundant alignment 165353 165466 | 40447 40334 | 114 114 | 100.0 | NC_057372.1 utg000107l
			The best set is below. Score: 5971.0, number of alignments: 55, unaligned bases: 59410
		This contig is misassembled.
		This contig is partially unaligned. (Aligned 6322 out of 65732 non-N bases (9.62%))
			Warning! This contig is more unaligned than misassembled. Contig length is 65732 (number of Ns: 0) and total length of all aligns is 6322
		Alignment: 148865 149040 | 24684 24859 | 176 176 | 97.73 | NC_057372.1 utg000107l
		Alignment: 149124 149214 | 24942 25032 | 91 91 | 98.9 | NC_057372.1 utg000107l
		Alignment: 149769 149839 | 25570 25640 | 71 71 | 98.59 | NC_057372.1 utg000107l
		Alignment: 150268 150334 | 26074 26140 | 67 67 | 98.51 | NC_057372.1 utg000107l
		Alignment: 150856 151015 | 26640 26799 | 160 160 | 99.38 | NC_057372.1 utg000107l
		Alignment: 151279 151380 | 27040 27141 | 102 102 | 99.02 | NC_057372.1 utg000107l
		Alignment: 151531 151659 | 27294 27422 | 129 129 | 97.67 | NC_057372.1 utg000107l
		Alignment: 151738 151814 | 27499 27575 | 77 77 | 97.4 | NC_057372.1 utg000107l
		Alignment: 152081 152155 | 27838 27912 | 75 75 | 100.0 | NC_057372.1 utg000107l
		Alignment: 152226 152440 | 27980 28194 | 215 215 | 96.74 | NC_057372.1 utg000107l
		Alignment: 152505 152604 | 28257 28356 | 100 100 | 96.0 | NC_057372.1 utg000107l
		Alignment: 152649 152818 | 28398 28567 | 170 170 | 99.41 | NC_057372.1 utg000107l
		Alignment: 152845 152923 | 28592 28670 | 79 79 | 100.0 | NC_057372.1 utg000107l
		Alignment: 152926 152992 | 28671 28737 | 67 67 | 100.0 | NC_057372.1 utg000107l
		Alignment: 153059 153199 | 28803 28943 | 141 141 | 99.29 | NC_057372.1 utg000107l
		Alignment: 153200 153281 | 28945 29026 | 82 82 | 100.0 | NC_057372.1 utg000107l
		Alignment: 153416 153637 | 29180 29401 | 222 222 | 98.65 | NC_057372.1 utg000107l
		Alignment: 153802 153877 | 29565 29640 | 76 76 | 100.0 | NC_057372.1 utg000107l
		Alignment: 153880 153962 | 29645 29727 | 83 83 | 100.0 | NC_057372.1 utg000107l
		Alignment: 154002 154080 | 29768 29846 | 79 79 | 100.0 | NC_057372.1 utg000107l
		Alignment: 154180 154263 | 29947 30030 | 84 84 | 100.0 | NC_057372.1 utg000107l
		Alignment: 154274 154392 | 30040 30158 | 119 119 | 100.0 | NC_057372.1 utg000107l
		Alignment: 154695 154764 | 30468 30537 | 70 70 | 100.0 | NC_057372.1 utg000107l
		Alignment: 154766 154901 | 30538 30673 | 136 136 | 97.79 | NC_057372.1 utg000107l
		Alignment: 154989 155057 | 30760 30828 | 69 69 | 100.0 | NC_057372.1 utg000107l
		Alignment: 148842 148931 | 33877 33966 | 90 90 | 97.78 | NC_057372.1 utg000107l
		Alignment: 149073 149242 | 34112 34281 | 170 170 | 99.41 | NC_057372.1 utg000107l
		Alignment: 149412 149478 | 34445 34511 | 67 67 | 97.01 | NC_057372.1 utg000107l
		Alignment: 149623 149726 | 34656 34759 | 104 104 | 98.08 | NC_057372.1 utg000107l
		Alignment: 149729 149844 | 34760 34875 | 116 116 | 100.0 | NC_057372.1 utg000107l
		Alignment: 149846 149967 | 34876 34997 | 122 122 | 99.18 | NC_057372.1 utg000107l
		Alignment: 149970 150036 | 34998 35064 | 67 67 | 98.51 | NC_057372.1 utg000107l
		Alignment: 150124 150236 | 35156 35268 | 113 113 | 99.12 | NC_057372.1 utg000107l
		Alignment: 150294 150487 | 35325 35518 | 194 194 | 100.0 | NC_057372.1 utg000107l
		Alignment: 150892 151078 | 35908 36094 | 187 187 | 95.72 | NC_057372.1 utg000107l
		Alignment: 151109 151185 | 36120 36196 | 77 77 | 96.1 | NC_057372.1 utg000107l
		Alignment: 151419 151581 | 36423 36585 | 163 163 | 96.32 | NC_057372.1 utg000107l
		Alignment: 151582 151814 | 36587 36819 | 233 233 | 99.14 | NC_057372.1 utg000107l
		Alignment: 151816 151901 | 36820 36905 | 86 86 | 96.51 | NC_057372.1 utg000107l
		Alignment: 152146 152222 | 37145 37221 | 77 77 | 98.7 | NC_057372.1 utg000107l
		Alignment: 152226 152303 | 37222 37299 | 78 78 | 97.44 | NC_057372.1 utg000107l
		Alignment: 152703 152902 | 37691 37890 | 200 200 | 99.5 | NC_057372.1 utg000107l
		Alignment: 152906 152983 | 37891 37968 | 78 78 | 98.72 | NC_057372.1 utg000107l
		Alignment: 152988 153062 | 37973 38047 | 75 75 | 100.0 | NC_057372.1 utg000107l
		Alignment: 153076 153140 | 38057 38121 | 65 65 | 96.92 | NC_057372.1 utg000107l
		Alignment: 153143 153270 | 38122 38249 | 128 128 | 100.0 | NC_057372.1 utg000107l
		Alignment: 153286 153371 | 38265 38350 | 86 86 | 95.35 | NC_057372.1 utg000107l
		Alignment: 153532 153600 | 38513 38581 | 69 69 | 100.0 | NC_057372.1 utg000107l
		Alignment: 153601 153681 | 38583 38663 | 81 81 | 98.77 | NC_057372.1 utg000107l
		Alignment: 153755 153853 | 38734 38832 | 99 99 | 95.96 | NC_057372.1 utg000107l
		Alignment: 154089 154219 | 39067 39197 | 131 131 | 96.18 | NC_057372.1 utg000107l
		Alignment: 154276 154512 | 39252 39488 | 237 237 | 97.89 | NC_057372.1 utg000107l
		Alignment: 154515 154593 | 39489 39567 | 79 79 | 97.47 | NC_057372.1 utg000107l
		Alignment: 154594 154760 | 39569 39735 | 167 167 | 98.2 | NC_057372.1 utg000107l
		Alignment: 154845 154987 | 39820 39962 | 143 143 | 96.5 | NC_057372.1 utg000107l
		Unaligned bases: 59410

CONTIG: utg000108l (355577bp)
Best alignment score: 77.0 (LEN: 79, IDY: 97.50), Total number of alignments: 1
			Looking for the best set of alignments (out of 1 total alignments)
			The best set is below. Score: 77.0, number of alignments: 1, unaligned bases: 355498
		This contig is partially unaligned. (Aligned 79 out of 355577 non-N bases (0.02%))
		Alignment: 2785540 2785619 | 131279 131357 | 80 79 | 97.5 | NC_057371.1 utg000108l
		Unaligned bases: 1 to 131278 (131278)
		Unaligned bases: 131358 to 355577 (224220)

CONTIG: utg000109l (135382bp)
Best alignment score: 96.0 (LEN: 101, IDY: 95.05), Total number of alignments: 1
			Looking for the best set of alignments (out of 1 total alignments)
			The best set is below. Score: 96.0, number of alignments: 1, unaligned bases: 135281
		This contig is partially unaligned. (Aligned 101 out of 135382 non-N bases (0.07%))
		Alignment: 1689347 1689445 | 3794 3694 | 99 101 | 95.05 | NC_057378.1 utg000109l
		Unaligned bases: 1 to 3693 (3693)
		Unaligned bases: 3795 to 135382 (131588)

CONTIG: utg000110l (44743bp)
		This contig is unaligned. (44743 bp)
		Unaligned bases: 44743 (number of Ns: 0)

CONTIG: utg000111l (27127bp)
		This contig is unaligned. (27127 bp)
		Unaligned bases: 27127 (number of Ns: 0)

CONTIG: utg000112l (59293bp)
Best alignment score: 131.0 (LEN: 137, IDY: 95.62), Total number of alignments: 4
			Looking for the best set of alignments (out of 4 total alignments)
			Skipping redundant alignments after choosing the best set of alignments
		Skipping redundant alignment 1227610 1227677 | 28583 28516 | 68 68 | 98.53 | NC_057380.1 utg000112l
		Skipping redundant alignment 1227469 1227604 | 28724 28589 | 136 136 | 95.59 | NC_057380.1 utg000112l
			The best set is below. Score: 199.0, number of alignments: 2, unaligned bases: 59087
		This contig is misassembled.
		This contig is partially unaligned. (Aligned 206 out of 59293 non-N bases (0.35%))
			Warning! This contig is more unaligned than misassembled. Contig length is 59293 (number of Ns: 0) and total length of all aligns is 206
		Alignment: 863262 863330 | 28515 28583 | 69 69 | 98.55 | NC_057382.1 utg000112l
		Alignment: 863335 863471 | 28588 28724 | 137 137 | 95.62 | NC_057382.1 utg000112l
		Unaligned bases: 59087

CONTIG: utg000113l (457628bp)
Best alignment score: 254.0 (LEN: 267, IDY: 95.13), Total number of alignments: 6
			Looking for the best set of alignments (out of 6 total alignments)
			Skipping redundant alignments after choosing the best set of alignments
		Skipping redundant alignment 3535337 3535601 | 57151 57415 | 265 265 | 95.47 | NC_057385.1 utg000113l
		Skipping redundant alignment 862775 862840 | 57515 57580 | 66 66 | 96.97 | NC_057382.1 utg000113l
		Skipping redundant alignment 1228095 1228161 | 57581 57515 | 67 67 | 95.52 | NC_057380.1 utg000113l
		Skipping redundant alignment 1465605 1465683 | 57513 57591 | 79 79 | 96.2 | NC_057378.1 utg000113l
		Skipping redundant alignment 1817998 1818095 | 288334 288431 | 98 98 | 96.94 | NC_057376.1 utg000113l
		This contig has several significant sets of alignments. [An ambiguously mapped contig]
		Using only the very best set (option --ambiguity-usage is set to "one").
			The best set is below. Score: 254.0, number of alignments: 1, unaligned bases: 457361
		This contig is partially unaligned. (Aligned 267 out of 457628 non-N bases (0.06%))
		Alignment: 97087 97353 | 57417 57151 | 267 267 | 95.13 | NC_057377.1 utg000113l
		Unaligned bases: 1 to 57150 (57150)
		Unaligned bases: 57418 to 457628 (400211)

CONTIG: utg000114l (402501bp)
Best alignment score: 64.0 (LEN: 67, IDY: 95.52), Total number of alignments: 1
			Looking for the best set of alignments (out of 1 total alignments)
			The best set is below. Score: 64.0, number of alignments: 1, unaligned bases: 402434
		This contig is partially unaligned. (Aligned 67 out of 402501 non-N bases (0.02%))
		Alignment: 1924928 1924994 | 330971 330905 | 67 67 | 95.52 | NC_057372.1 utg000114l
		Unaligned bases: 1 to 330904 (330904)
		Unaligned bases: 330972 to 402501 (71530)

CONTIG: utg000115l (147953bp)
Best alignment score: 152.0 (LEN: 158, IDY: 96.20), Total number of alignments: 2
			Looking for the best set of alignments (out of 2 total alignments)
			Skipping redundant alignments after choosing the best set of alignments
		Skipping redundant alignment 733282 733366 | 24946 24865 | 85 82 | 96.47 | NC_057377.1 utg000115l
			The best set is below. Score: 152.0, number of alignments: 1, unaligned bases: 147795
		This contig is partially unaligned. (Aligned 158 out of 147953 non-N bases (0.11%))
		Alignment: 505632 505789 | 107893 107736 | 158 158 | 96.2 | NC_057377.1 utg000115l
		Unaligned bases: 1 to 107735 (107735)
		Unaligned bases: 107894 to 147953 (40060)

CONTIG: utg000116l (77514bp)
		This contig is unaligned. (77514 bp)
		Unaligned bases: 77514 (number of Ns: 0)

CONTIG: utg000117l (128093bp)
		This contig is unaligned. (128093 bp)
		Unaligned bases: 128093 (number of Ns: 0)

CONTIG: utg000118l (165691bp)
		This contig is unaligned. (165691 bp)
		Unaligned bases: 165691 (number of Ns: 0)

CONTIG: utg000119l (611599bp)
Best alignment score: 211.1 (LEN: 222, IDY: 95.11), Total number of alignments: 17
			Looking for the best set of alignments (out of 17 total alignments)
			Skipping redundant alignments after choosing the best set of alignments
		Skipping redundant alignment 894500 894581 | 30442 30361 | 82 82 | 100.0 | NC_057384.1 utg000119l
		Skipping redundant alignment 796279 796361 | 30360 30442 | 83 83 | 100.0 | NC_057384.1 utg000119l
		Skipping redundant alignment 1191959 1192041 | 30360 30442 | 83 83 | 100.0 | NC_057379.1 utg000119l
		Skipping redundant alignment 1038550 1038624 | 30450 30524 | 75 75 | 96.0 | NC_057371.1 utg000119l
		Skipping redundant alignment 1628380 1628447 | 42849 42782 | 68 68 | 97.06 | NC_057381.1 utg000119l
		Skipping redundant alignment 871871 871980 | 46733 46624 | 110 110 | 96.36 | NC_057382.1 utg000119l
		Skipping redundant alignment 871744 871808 | 46860 46796 | 65 65 | 95.38 | NC_057382.1 utg000119l
		Skipping redundant alignment 1956405 1956478 | 51452 51525 | 74 74 | 97.3 | NC_057379.1 utg000119l
		Skipping redundant alignment 871778 871850 | 60493 60565 | 73 73 | 95.89 | NC_057382.1 utg000119l
		Skipping redundant alignment 1508377 1508467 | 163821 163731 | 91 91 | 95.6 | NC_057381.1 utg000119l
		Skipping redundant alignment 2760802 2760886 | 233750 233833 | 85 84 | 98.82 | NC_057385.1 utg000119l
		Skipping redundant alignment 2736342 2736430 | 233749 233836 | 89 88 | 97.75 | NC_057385.1 utg000119l
		Skipping redundant alignment 2093994 2094077 | 490717 490800 | 84 84 | 100.0 | NC_057371.1 utg000119l
		Skipping redundant alignment 2687968 2688051 | 490717 490800 | 84 84 | 100.0 | NC_057372.1 utg000119l
		Skipping redundant alignment 2662609 2662693 | 490801 490717 | 85 85 | 98.82 | NC_057372.1 utg000119l
		Skipping redundant alignment 1046760 1046844 | 490801 490717 | 85 85 | 98.82 | NC_057381.1 utg000119l
			The best set is below. Score: 211.1, number of alignments: 1, unaligned bases: 611377
		This contig is partially unaligned. (Aligned 222 out of 611599 non-N bases (0.04%))
		Alignment: 75157 75378 | 30524 30303 | 222 222 | 95.11 | NC_057381.1 utg000119l
		Unaligned bases: 1 to 30302 (30302)
		Unaligned bases: 30525 to 611599 (581075)

CONTIG: utg000120l (56045bp)
		This contig is unaligned. (56045 bp)
		Unaligned bases: 56045 (number of Ns: 0)

CONTIG: utg000121l (70733bp)
		This contig is unaligned. (70733 bp)
		Unaligned bases: 70733 (number of Ns: 0)

CONTIG: utg000122l (124422bp)
Best alignment score: 185.0 (LEN: 192, IDY: 96.35), Total number of alignments: 11
			Looking for the best set of alignments (out of 11 total alignments)
			Skipping redundant alignments after choosing the best set of alignments
		Skipping redundant alignment 1956171 1956268 | 27422 27519 | 98 98 | 98.98 | NC_057379.1 utg000122l
		Skipping redundant alignment 1956438 1956527 | 27689 27778 | 90 90 | 96.67 | NC_057379.1 utg000122l
		Skipping redundant alignment 1219138 1219218 | 28774 28694 | 81 81 | 97.53 | NC_057380.1 utg000122l
		Skipping redundant alignment 1219028 1219137 | 28885 28776 | 110 110 | 95.45 | NC_057380.1 utg000122l
		Skipping redundant alignment 268901 268974 | 96194 96121 | 74 74 | 100.0 | NC_057379.1 utg000122l
			The best set is below. Score: 354.0, number of alignments: 6, unaligned bases: 123796
		This contig is misassembled.
		This contig is partially unaligned. (Aligned 626 out of 124422 non-N bases (0.50%))
			Warning! This contig is more unaligned than misassembled. Contig length is 124422 (number of Ns: 0) and total length of all aligns is 626
		Alignment: 871407 871488 | 28350 28431 | 82 82 | 95.12 | NC_057382.1 utg000122l
		Alignment: 871751 871942 | 28693 28884 | 192 192 | 96.35 | NC_057382.1 utg000122l
		Alignment: 871987 872051 | 28926 28990 | 65 65 | 95.38 | NC_057382.1 utg000122l
		Alignment: 1474766 1474895 | 79665 79536 | 130 130 | 98.46 | NC_057378.1 utg000122l
		Alignment: 1474336 1474420 | 80093 80009 | 85 85 | 97.65 | NC_057378.1 utg000122l
		Alignment: 1472932 1473003 | 81413 81342 | 72 72 | 95.83 | NC_057378.1 utg000122l
		Unaligned bases: 123796

CONTIG: utg000123l (106608bp)
Best alignment score: 94.1 (LEN: 98, IDY: 96.00), Total number of alignments: 3
			Looking for the best set of alignments (out of 3 total alignments)
			Skipping redundant alignments after choosing the best set of alignments
		Skipping redundant alignment 982815 982898 | 92511 92593 | 84 83 | 97.62 | NC_057374.1 utg000123l
		Skipping redundant alignment 937077 937164 | 92508 92593 | 88 86 | 96.59 | NC_057374.1 utg000123l
			The best set is below. Score: 94.1, number of alignments: 1, unaligned bases: 106510
		This contig is partially unaligned. (Aligned 98 out of 106608 non-N bases (0.09%))
		Alignment: 982152 982251 | 92593 92496 | 100 98 | 96.0 | NC_057374.1 utg000123l
		Unaligned bases: 1 to 92495 (92495)
		Unaligned bases: 92594 to 106608 (14015)

CONTIG: utg000124l (51916bp)
Best alignment score: 223.0 (LEN: 231, IDY: 96.54), Total number of alignments: 17
			Looking for the best set of alignments (out of 17 total alignments)
			Skipping redundant alignments after choosing the best set of alignments
		Skipping redundant alignment 1227345 1227455 | 16448 16558 | 111 111 | 95.5 | NC_057380.1 utg000124l
		Skipping redundant alignment 1227458 1227574 | 16564 16680 | 117 117 | 96.58 | NC_057380.1 utg000124l
		Skipping redundant alignment 1227659 1227832 | 16758 16931 | 174 174 | 95.4 | NC_057380.1 utg000124l
		Skipping redundant alignment 1227967 1228049 | 17071 17153 | 83 83 | 97.59 | NC_057380.1 utg000124l
		Skipping redundant alignment 862613 862731 | 51075 51193 | 119 119 | 98.32 | NC_057382.1 utg000124l
		Skipping redundant alignment 1228203 1228320 | 51195 51078 | 118 118 | 98.31 | NC_057380.1 utg000124l
		Skipping redundant alignment 862899 863025 | 51364 51490 | 127 127 | 96.85 | NC_057382.1 utg000124l
		Skipping redundant alignment 1227910 1228037 | 51491 51364 | 128 128 | 96.88 | NC_057380.1 utg000124l
		Skipping redundant alignment 863309 863430 | 51769 51890 | 122 122 | 96.72 | NC_057382.1 utg000124l
		Skipping redundant alignment 1227508 1227629 | 51892 51771 | 122 122 | 96.72 | NC_057380.1 utg000124l
			The best set is below. Score: 705.0, number of alignments: 7, unaligned bases: 50929
		This contig is misassembled.
		This contig is partially unaligned. (Aligned 987 out of 51916 non-N bases (1.90%))
			Warning! This contig is more unaligned than misassembled. Contig length is 51916 (number of Ns: 0) and total length of all aligns is 987
		Alignment: 863365 863595 | 16681 16451 | 231 231 | 96.54 | NC_057382.1 utg000124l
		Alignment: 863084 863280 | 16955 16759 | 197 197 | 95.94 | NC_057382.1 utg000124l
		Alignment: 862993 863082 | 17045 16956 | 90 90 | 96.67 | NC_057382.1 utg000124l
		Alignment: 862887 862967 | 17153 17073 | 81 81 | 97.53 | NC_057382.1 utg000124l
		Alignment: 75835 75999 | 51195 51031 | 165 165 | 96.36 | NC_057381.1 utg000124l
		Alignment: 75688 75788 | 51344 51244 | 101 101 | 96.04 | NC_057381.1 utg000124l
		Alignment: 75135 75256 | 51892 51771 | 122 122 | 100.0 | NC_057381.1 utg000124l
		Unaligned bases: 50929

CONTIG: utg000125l (125191bp)
		This contig is unaligned. (125191 bp)
		Unaligned bases: 125191 (number of Ns: 0)

CONTIG: utg000126l (99003bp)
		This contig is unaligned. (99003 bp)
		Unaligned bases: 99003 (number of Ns: 0)

CONTIG: utg000127l (260458bp)
		This contig is unaligned. (260458 bp)
		Unaligned bases: 260458 (number of Ns: 0)

CONTIG: utg000128l (246520bp)
Best alignment score: 97.0 (LEN: 98, IDY: 98.98), Total number of alignments: 5
			Looking for the best set of alignments (out of 5 total alignments)
			Skipping redundant alignments after choosing the best set of alignments
		Skipping redundant alignment 1227728 1227823 | 209580 209485 | 96 96 | 98.96 | NC_057380.1 utg000128l
		Skipping redundant alignment 75355 75452 | 209580 209483 | 98 98 | 98.98 | NC_057381.1 utg000128l
		Skipping redundant alignment 96549 96646 | 209580 209483 | 98 98 | 96.94 | NC_057377.1 utg000128l
			The best set is below. Score: 158.0, number of alignments: 2, unaligned bases: 246359
		This contig is misassembled.
		This contig is partially unaligned. (Aligned 161 out of 246520 non-N bases (0.07%))
			Warning! This contig is more unaligned than misassembled. Contig length is 246520 (number of Ns: 0) and total length of all aligns is 161
		Alignment: 863115 863210 | 209483 209578 | 96 96 | 98.96 | NC_057382.1 utg000128l
		Alignment: 863827 863891 | 210193 210257 | 65 65 | 96.92 | NC_057382.1 utg000128l
		Unaligned bases: 246359

CONTIG: utg000129l (68879bp)
		This contig is unaligned. (68879 bp)
		Unaligned bases: 68879 (number of Ns: 0)

CONTIG: utg000130l (94611bp)
		This contig is unaligned. (94611 bp)
		Unaligned bases: 94611 (number of Ns: 0)

CONTIG: utg000131l (63425bp)
Best alignment score: 231.0 (LEN: 242, IDY: 95.45), Total number of alignments: 26
			Looking for the best set of alignments (out of 26 total alignments)
			Skipping redundant alignments after choosing the best set of alignments
		Skipping redundant alignment 3535494 3535560 | 9869 9935 | 67 67 | 95.52 | NC_057385.1 utg000131l
		Skipping redundant alignment 97127 97192 | 9938 9873 | 66 66 | 96.97 | NC_057377.1 utg000131l
		Skipping redundant alignment 1227887 1227992 | 10356 10251 | 106 106 | 95.28 | NC_057380.1 utg000131l
		Skipping redundant alignment 1191916 1192015 | 10516 10615 | 100 100 | 99.0 | NC_057379.1 utg000131l
		Skipping redundant alignment 796236 796335 | 10516 10615 | 100 100 | 99.0 | NC_057384.1 utg000131l
		Skipping redundant alignment 3536132 3536231 | 10516 10615 | 100 100 | 98.0 | NC_057385.1 utg000131l
		Skipping redundant alignment 1466037 1466136 | 10516 10615 | 100 100 | 95.0 | NC_057378.1 utg000131l
		Skipping redundant alignment 1192131 1192229 | 10730 10828 | 99 99 | 97.98 | NC_057379.1 utg000131l
		Skipping redundant alignment 1466252 1466352 | 10730 10830 | 101 101 | 95.05 | NC_057378.1 utg000131l
		Skipping redundant alignment 3536347 3536447 | 10730 10830 | 101 101 | 95.05 | NC_057385.1 utg000131l
		Skipping redundant alignment 796451 796551 | 10730 10830 | 101 101 | 95.05 | NC_057384.1 utg000131l
		Skipping redundant alignment 96241 96342 | 10831 10730 | 102 102 | 95.1 | NC_057377.1 utg000131l
		Skipping redundant alignment 1466434 1466562 | 10913 11041 | 129 129 | 96.12 | NC_057378.1 utg000131l
		Skipping redundant alignment 1226918 1227030 | 11349 11237 | 113 113 | 96.46 | NC_057380.1 utg000131l
		Skipping redundant alignment 3535871 3536014 | 26997 27140 | 144 144 | 95.14 | NC_057385.1 utg000131l
		Skipping redundant alignment 96671 96817 | 27144 26998 | 147 147 | 95.24 | NC_057377.1 utg000131l
		Skipping redundant alignment 3536548 3536648 | 27662 27762 | 101 101 | 97.03 | NC_057385.1 utg000131l
		Skipping redundant alignment 1466450 1466553 | 27659 27762 | 104 104 | 95.19 | NC_057378.1 utg000131l
		Skipping redundant alignment 96038 96141 | 27765 27662 | 104 104 | 97.12 | NC_057377.1 utg000131l
		Skipping redundant alignment 1466637 1466719 | 27849 27931 | 83 83 | 97.59 | NC_057378.1 utg000131l
			The best set is below. Score: 518.0, number of alignments: 6, unaligned bases: 62629
		This contig is misassembled.
		This contig is partially unaligned. (Aligned 796 out of 63425 non-N bases (1.26%))
			Warning! This contig is more unaligned than misassembled. Contig length is 63425 (number of Ns: 0) and total length of all aligns is 796
		Alignment: 862943 863059 | 10250 10366 | 117 117 | 95.73 | NC_057382.1 utg000131l
		Alignment: 863419 863519 | 10730 10830 | 101 101 | 96.04 | NC_057382.1 utg000131l
		Alignment: 863601 863842 | 10913 11154 | 242 242 | 95.45 | NC_057382.1 utg000131l
		Alignment: 862943 863086 | 26997 27140 | 144 144 | 97.92 | NC_057382.1 utg000131l
		Alignment: 863616 863724 | 27658 27766 | 109 109 | 97.25 | NC_057382.1 utg000131l
		Alignment: 863805 863887 | 27849 27931 | 83 83 | 97.59 | NC_057382.1 utg000131l
		Unaligned bases: 62629

CONTIG: utg000132l (96772bp)
Best alignment score: 110.0 (LEN: 115, IDY: 95.65), Total number of alignments: 22
			Looking for the best set of alignments (out of 22 total alignments)
			Skipping redundant alignments after choosing the best set of alignments
		Skipping redundant alignment 96520 96608 | 51923 51835 | 89 89 | 100.0 | NC_057377.1 utg000132l
		Skipping redundant alignment 75326 75414 | 51923 51835 | 89 89 | 98.88 | NC_057381.1 utg000132l
		Skipping redundant alignment 1227699 1227787 | 51923 51835 | 89 89 | 97.75 | NC_057380.1 utg000132l
		Skipping redundant alignment 75230 75324 | 52018 51924 | 95 95 | 95.79 | NC_057381.1 utg000132l
		Skipping redundant alignment 75120 75228 | 52127 52019 | 109 109 | 98.17 | NC_057381.1 utg000132l
		Skipping redundant alignment 1227493 1227601 | 52127 52019 | 109 109 | 96.33 | NC_057380.1 utg000132l
		Skipping redundant alignment 96314 96422 | 52127 52019 | 109 109 | 96.33 | NC_057377.1 utg000132l
		Skipping redundant alignment 1227053 1227139 | 52568 52482 | 87 87 | 96.55 | NC_057380.1 utg000132l
		Skipping redundant alignment 1226942 1227006 | 52676 52612 | 65 65 | 95.38 | NC_057380.1 utg000132l
		Skipping redundant alignment 3535508 3535587 | 69824 69903 | 80 80 | 95.0 | NC_057385.1 utg000132l
		Skipping redundant alignment 97101 97182 | 69905 69824 | 82 82 | 95.12 | NC_057377.1 utg000132l
		Skipping redundant alignment 1465742 1465811 | 70160 70229 | 70 70 | 95.71 | NC_057378.1 utg000132l
		Skipping redundant alignment 1191622 1191691 | 70160 70229 | 70 70 | 95.71 | NC_057379.1 utg000132l
		Skipping redundant alignment 862909 862979 | 70160 70230 | 71 71 | 97.18 | NC_057382.1 utg000132l
		Skipping redundant alignment 1227953 1228027 | 70234 70160 | 75 75 | 96.0 | NC_057380.1 utg000132l
		Skipping redundant alignment 863125 863235 | 70377 70487 | 111 111 | 95.5 | NC_057382.1 utg000132l
		Skipping redundant alignment 1227699 1227813 | 70493 70379 | 115 115 | 95.65 | NC_057380.1 utg000132l
			The best set is below. Score: 411.0, number of alignments: 5, unaligned bases: 96346
		This contig is misassembled.
		This contig is partially unaligned. (Aligned 426 out of 96772 non-N bases (0.44%))
			Warning! This contig is more unaligned than misassembled. Contig length is 96772 (number of Ns: 0) and total length of all aligns is 426
		Alignment: 862747 862817 | 51433 51503 | 71 71 | 95.77 | NC_057382.1 utg000132l
		Alignment: 863150 863241 | 51832 51923 | 92 92 | 96.74 | NC_057382.1 utg000132l
		Alignment: 863339 863443 | 52019 52123 | 105 105 | 96.19 | NC_057382.1 utg000132l
		Alignment: 863806 863896 | 52478 52568 | 91 91 | 96.7 | NC_057382.1 utg000132l
		Alignment: 863940 864006 | 52609 52675 | 67 67 | 97.01 | NC_057382.1 utg000132l
		Unaligned bases: 96346

CONTIG: utg000133l (59597bp)
Best alignment score: 72.0 (LEN: 73, IDY: 98.63), Total number of alignments: 2
			Looking for the best set of alignments (out of 2 total alignments)
			Skipping redundant alignments after choosing the best set of alignments
		Skipping redundant alignment 1228172 1228243 | 12219 12290 | 72 72 | 98.61 | NC_057380.1 utg000133l
			The best set is below. Score: 72.0, number of alignments: 1, unaligned bases: 59524
		This contig is partially unaligned. (Aligned 73 out of 59597 non-N bases (0.12%))
		Alignment: 862691 862763 | 12292 12220 | 73 73 | 98.63 | NC_057382.1 utg000133l
		Unaligned bases: 1 to 12219 (12219)
		Unaligned bases: 12293 to 59597 (47305)

CONTIG: utg000134l (65536bp)
Best alignment score: 143.0 (LEN: 147, IDY: 97.28), Total number of alignments: 20
			Looking for the best set of alignments (out of 20 total alignments)
			Skipping redundant alignments after choosing the best set of alignments
		Skipping redundant alignment 3535402 3535493 | 41163 41254 | 92 92 | 95.65 | NC_057385.1 utg000134l
		Skipping redundant alignment 1228136 1228245 | 41490 41381 | 110 110 | 96.36 | NC_057380.1 utg000134l
		Skipping redundant alignment 3535727 3535820 | 41488 41581 | 94 94 | 95.74 | NC_057385.1 utg000134l
		Skipping redundant alignment 1227992 1228094 | 41634 41532 | 103 103 | 95.15 | NC_057380.1 utg000134l
		Skipping redundant alignment 862841 862944 | 41531 41634 | 104 104 | 95.19 | NC_057382.1 utg000134l
		Skipping redundant alignment 894897 895040 | 41634 41491 | 144 144 | 96.53 | NC_057384.1 utg000134l
		Skipping redundant alignment 96817 96960 | 41634 41491 | 144 144 | 95.83 | NC_057377.1 utg000134l
		Skipping redundant alignment 1191511 1191657 | 41488 41634 | 147 147 | 97.28 | NC_057379.1 utg000134l
		Skipping redundant alignment 795818 795964 | 41488 41634 | 147 147 | 97.28 | NC_057384.1 utg000134l
		Skipping redundant alignment 1465631 1465777 | 41488 41634 | 147 147 | 96.6 | NC_057378.1 utg000134l
		Skipping redundant alignment 1192154 1192259 | 42127 42232 | 106 106 | 97.17 | NC_057379.1 utg000134l
		Skipping redundant alignment 863442 863547 | 42127 42232 | 106 106 | 95.28 | NC_057382.1 utg000134l
		Skipping redundant alignment 3536697 3536762 | 42429 42494 | 66 66 | 98.48 | NC_057385.1 utg000134l
		Skipping redundant alignment 1466601 1466676 | 42429 42504 | 76 76 | 98.68 | NC_057378.1 utg000134l
		Skipping redundant alignment 796801 796876 | 42429 42504 | 76 76 | 97.37 | NC_057384.1 utg000134l
		Skipping redundant alignment 1227103 1227168 | 42506 42441 | 66 66 | 98.48 | NC_057380.1 utg000134l
		Skipping redundant alignment 893983 894050 | 42506 42439 | 68 68 | 100.0 | NC_057384.1 utg000134l
			The best set is below. Score: 370.0, number of alignments: 3, unaligned bases: 65153
		This contig is misassembled.
		This contig is partially unaligned. (Aligned 383 out of 65536 non-N bases (0.58%))
			Warning! This contig is more unaligned than misassembled. Contig length is 65536 (number of Ns: 0) and total length of all aligns is 383
		Alignment: 75768 75874 | 41490 41384 | 107 107 | 96.26 | NC_057381.1 utg000134l
		Alignment: 75623 75766 | 41634 41491 | 144 144 | 97.22 | NC_057381.1 utg000134l
		Alignment: 75357 75488 | 41890 41759 | 132 132 | 96.21 | NC_057381.1 utg000134l
		Unaligned bases: 65153

CONTIG: utg000135l (282151bp)
Best alignment score: 85.0 (LEN: 88, IDY: 96.59), Total number of alignments: 3
			Looking for the best set of alignments (out of 3 total alignments)
			Skipping redundant alignments after choosing the best set of alignments
		Skipping redundant alignment 1798594 1798681 | 269253 269166 | 88 88 | 96.59 | NC_057374.1 utg000135l
			The best set is below. Score: 115.0, number of alignments: 2, unaligned bases: 282009
		This contig is misassembled.
		This contig is partially unaligned. (Aligned 142 out of 282151 non-N bases (0.05%))
			Warning! This contig is more unaligned than misassembled. Contig length is 282151 (number of Ns: 0) and total length of all aligns is 142
		Alignment: 1474349 1474424 | 187900 187825 | 76 76 | 98.68 | NC_057378.1 utg000135l
		Alignment: 1473206 1473271 | 188476 188411 | 66 66 | 96.97 | NC_057378.1 utg000135l
		Unaligned bases: 282009

CONTIG: utg000136l (154885bp)
		This contig is unaligned. (154885 bp)
		Unaligned bases: 154885 (number of Ns: 0)

CONTIG: utg000137l (269505bp)
		This contig is unaligned. (269505 bp)
		Unaligned bases: 269505 (number of Ns: 0)

CONTIG: utg000138l (51922bp)
		This contig is unaligned. (51922 bp)
		Unaligned bases: 51922 (number of Ns: 0)

CONTIG: utg000139l (43857bp)
		This contig is unaligned. (43857 bp)
		Unaligned bases: 43857 (number of Ns: 0)

CONTIG: utg000140l (7898bp)
		This contig is unaligned. (7898 bp)
		Unaligned bases: 7898 (number of Ns: 0)

CONTIG: utg000141l (75671bp)
Best alignment score: 73.0 (LEN: 74, IDY: 98.65), Total number of alignments: 1
			Looking for the best set of alignments (out of 1 total alignments)
			The best set is below. Score: 73.0, number of alignments: 1, unaligned bases: 75597
		This contig is partially unaligned. (Aligned 74 out of 75671 non-N bases (0.10%))
		Alignment: 922168 922240 | 61889 61962 | 73 74 | 98.65 | NC_057383.1 utg000141l
		Unaligned bases: 1 to 61888 (61888)
		Unaligned bases: 61963 to 75671 (13709)

CONTIG: utg000142l (4772bp)
		This contig is unaligned. (4772 bp)
		Unaligned bases: 4772 (number of Ns: 0)

CONTIG: utg000143l (59252bp)
		This contig is unaligned. (59252 bp)
		Unaligned bases: 59252 (number of Ns: 0)

CONTIG: utg000144l (100913bp)
		This contig is unaligned. (100913 bp)
		Unaligned bases: 100913 (number of Ns: 0)

CONTIG: utg000145l (69515bp)
Best alignment score: 74.0 (LEN: 75, IDY: 98.67), Total number of alignments: 4
			Looking for the best set of alignments (out of 4 total alignments)
			Skipping redundant alignments after choosing the best set of alignments
		Skipping redundant alignment 2093992 2094065 | 57537 57464 | 74 74 | 98.65 | NC_057371.1 utg000145l
		Skipping redundant alignment 2687965 2688039 | 57538 57464 | 75 75 | 98.67 | NC_057372.1 utg000145l
		Skipping redundant alignment 1046773 1046847 | 57464 57538 | 75 75 | 98.67 | NC_057381.1 utg000145l
		This contig has several significant sets of alignments. [An ambiguously mapped contig]
		Using only the very best set (option --ambiguity-usage is set to "one").
			The best set is below. Score: 74.0, number of alignments: 1, unaligned bases: 69440
		This contig is partially unaligned. (Aligned 75 out of 69515 non-N bases (0.11%))
		Alignment: 2662622 2662696 | 57464 57538 | 75 75 | 98.67 | NC_057372.1 utg000145l
		Unaligned bases: 1 to 57463 (57463)
		Unaligned bases: 57539 to 69515 (11977)

CONTIG: utg000146l (197694bp)
		This contig is unaligned. (197694 bp)
		Unaligned bases: 197694 (number of Ns: 0)

CONTIG: utg000147l (79095bp)
Best alignment score: 77.0 (LEN: 81, IDY: 95.06), Total number of alignments: 3
			Looking for the best set of alignments (out of 3 total alignments)
			Skipping redundant alignments after choosing the best set of alignments
		Skipping redundant alignment 1956467 1956531 | 64009 64073 | 65 65 | 95.38 | NC_057379.1 utg000147l
			The best set is below. Score: 147.0, number of alignments: 2, unaligned bases: 78942
		This contig is misassembled.
		This contig is partially unaligned. (Aligned 153 out of 79095 non-N bases (0.19%))
			Warning! This contig is more unaligned than misassembled. Contig length is 79095 (number of Ns: 0) and total length of all aligns is 153
		Alignment: 1219504 1219575 | 64716 64645 | 72 72 | 97.22 | NC_057380.1 utg000147l
		Alignment: 1218946 1219026 | 65275 65195 | 81 81 | 95.06 | NC_057380.1 utg000147l
		Unaligned bases: 78942

CONTIG: utg000148l (66716bp)
		This contig is unaligned. (66716 bp)
		Unaligned bases: 66716 (number of Ns: 0)

CONTIG: utg000149l (79656bp)
		This contig is unaligned. (79656 bp)
		Unaligned bases: 79656 (number of Ns: 0)

CONTIG: utg000150l (41723bp)
		This contig is unaligned. (41723 bp)
		Unaligned bases: 41723 (number of Ns: 0)

CONTIG: utg000151l (52178bp)
		This contig is unaligned. (52178 bp)
		Unaligned bases: 52178 (number of Ns: 0)

CONTIG: utg000152l (69388bp)
		This contig is unaligned. (69388 bp)
		Unaligned bases: 69388 (number of Ns: 0)

CONTIG: utg000153l (96523bp)
		This contig is unaligned. (96523 bp)
		Unaligned bases: 96523 (number of Ns: 0)

CONTIG: utg000154l (62484bp)
Best alignment score: 65.0 (LEN: 68, IDY: 95.59), Total number of alignments: 1
			Looking for the best set of alignments (out of 1 total alignments)
			The best set is below. Score: 65.0, number of alignments: 1, unaligned bases: 62416
		This contig is partially unaligned. (Aligned 68 out of 62484 non-N bases (0.11%))
		Alignment: 372723 372790 | 26857 26924 | 68 68 | 95.59 | NC_057372.1 utg000154l
		Unaligned bases: 1 to 26856 (26856)
		Unaligned bases: 26925 to 62484 (35560)

CONTIG: utg000155l (186677bp)
Best alignment score: 156.0 (LEN: 161, IDY: 96.89), Total number of alignments: 20
			Looking for the best set of alignments (out of 20 total alignments)
			Skipping redundant alignments after choosing the best set of alignments
		Skipping redundant alignment 728995 729089 | 9720 9815 | 95 96 | 95.83 | NC_057382.1 utg000155l
		Skipping redundant alignment 1361652 1361746 | 9815 9720 | 95 96 | 95.83 | NC_057380.1 utg000155l
		Skipping redundant alignment 698690 698788 | 9819 9720 | 99 100 | 97.0 | NC_057382.1 utg000155l
		Skipping redundant alignment 1391939 1392037 | 9720 9819 | 99 100 | 97.0 | NC_057380.1 utg000155l
		Skipping redundant alignment 96039 96140 | 48883 48984 | 102 102 | 97.06 | NC_057377.1 utg000155l
		Skipping redundant alignment 3536548 3536648 | 48985 48885 | 101 101 | 97.03 | NC_057385.1 utg000155l
		Skipping redundant alignment 1227458 1227539 | 49119 49200 | 82 82 | 97.56 | NC_057380.1 utg000155l
		Skipping redundant alignment 3536329 3536472 | 49200 49057 | 144 144 | 95.14 | NC_057385.1 utg000155l
		Skipping redundant alignment 96215 96360 | 49055 49200 | 146 146 | 95.21 | NC_057377.1 utg000155l
		Skipping redundant alignment 796206 796365 | 49421 49262 | 160 160 | 95.62 | NC_057384.1 utg000155l
		Skipping redundant alignment 3536101 3536261 | 49422 49262 | 161 161 | 96.89 | NC_057385.1 utg000155l
		Skipping redundant alignment 96427 96588 | 49261 49422 | 162 162 | 95.06 | NC_057377.1 utg000155l
		Skipping redundant alignment 1227606 1227767 | 49261 49422 | 162 162 | 95.06 | NC_057380.1 utg000155l
		Skipping redundant alignment 96712 96778 | 49545 49611 | 67 67 | 95.52 | NC_057377.1 utg000155l
		Skipping redundant alignment 3535909 3535977 | 49613 49545 | 69 69 | 95.65 | NC_057385.1 utg000155l
		Skipping redundant alignment 1228210 1228320 | 49877 49987 | 111 111 | 96.4 | NC_057380.1 utg000155l
			The best set is below. Score: 502.0, number of alignments: 4, unaligned bases: 186157
		This contig is misassembled.
		This contig is partially unaligned. (Aligned 520 out of 186677 non-N bases (0.28%))
			Warning! This contig is more unaligned than misassembled. Contig length is 186677 (number of Ns: 0) and total length of all aligns is 520
		Alignment: 863618 863720 | 48987 48885 | 103 103 | 99.03 | NC_057382.1 utg000155l
		Alignment: 863401 863544 | 49200 49057 | 144 144 | 95.83 | NC_057382.1 utg000155l
		Alignment: 863173 863333 | 49422 49262 | 161 161 | 95.03 | NC_057382.1 utg000155l
		Alignment: 862613 862724 | 49990 49879 | 112 112 | 97.32 | NC_057382.1 utg000155l
		Unaligned bases: 186157

CONTIG: utg000156l (272485bp)
Best alignment score: 91.0 (LEN: 93, IDY: 97.85), Total number of alignments: 3
			Looking for the best set of alignments (out of 3 total alignments)
			Skipping redundant alignments after choosing the best set of alignments
		Skipping redundant alignment 2736343 2736431 | 244780 244869 | 89 90 | 96.7 | NC_057385.1 utg000156l
		Skipping redundant alignment 2736346 2736430 | 267708 267792 | 85 85 | 98.82 | NC_057385.1 utg000156l
			The best set is below. Score: 91.0, number of alignments: 1, unaligned bases: 272392
		This contig is partially unaligned. (Aligned 93 out of 272485 non-N bases (0.03%))
		Alignment: 2545656 2545748 | 62505 62597 | 93 93 | 97.85 | NC_057385.1 utg000156l
		Unaligned bases: 1 to 62504 (62504)
		Unaligned bases: 62598 to 272485 (209888)

CONTIG: utg000157l (17813bp)
		This contig is unaligned. (17813 bp)
		Unaligned bases: 17813 (number of Ns: 0)

CONTIG: utg000158l (26513bp)
		This contig is unaligned. (26513 bp)
		Unaligned bases: 26513 (number of Ns: 0)

CONTIG: utg000159l (64817bp)
		This contig is unaligned. (64817 bp)
		Unaligned bases: 64817 (number of Ns: 0)

CONTIG: utg000160l (18695bp)
		This contig is unaligned. (18695 bp)
		Unaligned bases: 18695 (number of Ns: 0)

CONTIG: utg000161l (161581bp)
		This contig is unaligned. (161581 bp)
		Unaligned bases: 161581 (number of Ns: 0)

CONTIG: utg000162l (259105bp)
Best alignment score: 163.0 (LEN: 171, IDY: 95.32), Total number of alignments: 18
			Looking for the best set of alignments (out of 18 total alignments)
			Skipping redundant alignments after choosing the best set of alignments
		Skipping redundant alignment 871320 871429 | 21770 21879 | 110 110 | 96.36 | NC_057382.1 utg000162l
		Skipping redundant alignment 871782 871847 | 22243 22308 | 66 66 | 98.48 | NC_057382.1 utg000162l
		Skipping redundant alignment 1956399 1956531 | 28553 28421 | 133 133 | 95.49 | NC_057379.1 utg000162l
		Skipping redundant alignment 1830651 1830755 | 220194 220092 | 105 103 | 96.19 | NC_057377.1 utg000162l
		Skipping redundant alignment 796769 796882 | 228735 228622 | 114 114 | 95.61 | NC_057384.1 utg000162l
		Skipping redundant alignment 894231 894295 | 228871 228935 | 65 65 | 98.46 | NC_057384.1 utg000162l
		Skipping redundant alignment 863531 863595 | 228938 228874 | 65 65 | 95.38 | NC_057382.1 utg000162l
		Skipping redundant alignment 796563 796630 | 228938 228871 | 68 68 | 98.53 | NC_057384.1 utg000162l
		Skipping redundant alignment 894870 895001 | 229511 229642 | 132 132 | 96.97 | NC_057384.1 utg000162l
		Skipping redundant alignment 795858 795989 | 229644 229513 | 132 132 | 97.73 | NC_057384.1 utg000162l
		Skipping redundant alignment 1227965 1228134 | 229511 229680 | 170 170 | 95.29 | NC_057380.1 utg000162l
		Skipping redundant alignment 862799 862969 | 229683 229513 | 171 171 | 95.32 | NC_057382.1 utg000162l
		Skipping redundant alignment 1228321 1228414 | 229869 229962 | 94 94 | 96.81 | NC_057380.1 utg000162l
			The best set is below. Score: 499.0, number of alignments: 5, unaligned bases: 258587
		This contig is misassembled.
		This contig is partially unaligned. (Aligned 518 out of 259105 non-N bases (0.20%))
			Warning! This contig is more unaligned than misassembled. Contig length is 259105 (number of Ns: 0) and total length of all aligns is 518
		Alignment: 95925 96022 | 228636 228733 | 98 98 | 95.92 | NC_057377.1 utg000162l
		Alignment: 96163 96227 | 228871 228935 | 65 65 | 98.46 | NC_057377.1 utg000162l
		Alignment: 96788 96921 | 229509 229642 | 134 134 | 95.52 | NC_057377.1 utg000162l
		Alignment: 97108 97240 | 229829 229961 | 133 133 | 96.24 | NC_057377.1 utg000162l
		Alignment: 97253 97340 | 229974 230061 | 88 88 | 96.59 | NC_057377.1 utg000162l
		Unaligned bases: 258587

CONTIG: utg000163l (67119bp)
		This contig is unaligned. (67119 bp)
		Unaligned bases: 67119 (number of Ns: 0)

CONTIG: utg000164l (127096bp)
		This contig is unaligned. (127096 bp)
		Unaligned bases: 127096 (number of Ns: 0)

CONTIG: utg000165l (111997bp)
		This contig is unaligned. (111997 bp)
		Unaligned bases: 111997 (number of Ns: 0)

CONTIG: utg000166l (88081bp)
		This contig is unaligned. (88081 bp)
		Unaligned bases: 88081 (number of Ns: 0)

CONTIG: utg000167l (18776bp)
		This contig is unaligned. (18776 bp)
		Unaligned bases: 18776 (number of Ns: 0)

CONTIG: utg000168l (116019bp)
Best alignment score: 89.0 (LEN: 91, IDY: 97.80), Total number of alignments: 3
			Looking for the best set of alignments (out of 3 total alignments)
			Skipping redundant alignments after choosing the best set of alignments
		Skipping redundant alignment 871802 871866 | 94264 94200 | 65 65 | 96.92 | NC_057382.1 utg000168l
			The best set is below. Score: 152.0, number of alignments: 2, unaligned bases: 115862
		This contig is misassembled.
		This contig is partially unaligned. (Aligned 157 out of 116019 non-N bases (0.14%))
			Warning! This contig is more unaligned than misassembled. Contig length is 116019 (number of Ns: 0) and total length of all aligns is 157
		Alignment: 1956438 1956503 | 95327 95262 | 66 66 | 95.45 | NC_057379.1 utg000168l
		Alignment: 1956184 1956274 | 95580 95490 | 91 91 | 97.8 | NC_057379.1 utg000168l
		Unaligned bases: 115862

CONTIG: utg000169l (358935bp)
Best alignment score: 146.0 (LEN: 151, IDY: 96.69), Total number of alignments: 18
			Looking for the best set of alignments (out of 18 total alignments)
			Skipping redundant alignments after choosing the best set of alignments
		Skipping redundant alignment 95858 95924 | 163081 163147 | 67 67 | 95.52 | NC_057377.1 utg000169l
		Skipping redundant alignment 1227059 1227139 | 163096 163176 | 81 81 | 97.53 | NC_057380.1 utg000169l
		Skipping redundant alignment 863805 863890 | 163181 163096 | 86 86 | 97.67 | NC_057382.1 utg000169l
		Skipping redundant alignment 863725 863803 | 163260 163182 | 79 79 | 96.2 | NC_057382.1 utg000169l
		Skipping redundant alignment 1227141 1227224 | 163177 163260 | 84 84 | 96.43 | NC_057380.1 utg000169l
		Skipping redundant alignment 95953 96037 | 163177 163261 | 85 85 | 96.47 | NC_057377.1 utg000169l
		Skipping redundant alignment 96514 96623 | 163736 163845 | 110 110 | 98.18 | NC_057377.1 utg000169l
		Skipping redundant alignment 1227693 1227802 | 163736 163845 | 110 110 | 96.36 | NC_057380.1 utg000169l
		Skipping redundant alignment 863135 863245 | 163848 163738 | 111 111 | 96.4 | NC_057382.1 utg000169l
		Skipping redundant alignment 1227949 1228030 | 166119 166200 | 82 82 | 96.34 | NC_057380.1 utg000169l
		Skipping redundant alignment 862904 862987 | 166202 166119 | 84 84 | 96.43 | NC_057382.1 utg000169l
		Skipping redundant alignment 1038211 1038294 | 166202 166119 | 84 84 | 95.24 | NC_057371.1 utg000169l
		Skipping redundant alignment 871921 872053 | 282538 282406 | 133 133 | 95.49 | NC_057382.1 utg000169l
		Skipping redundant alignment 1956169 1956319 | 283994 283844 | 151 151 | 96.69 | NC_057379.1 utg000169l
			The best set is below. Score: 330.0, number of alignments: 4, unaligned bases: 358596
		This contig is misassembled.
		This contig is partially unaligned. (Aligned 339 out of 358935 non-N bases (0.09%))
			Warning! This contig is more unaligned than misassembled. Contig length is 358935 (number of Ns: 0) and total length of all aligns is 339
		Alignment: 1039019 1039120 | 163181 163080 | 102 102 | 97.06 | NC_057371.1 utg000169l
		Alignment: 1038935 1039017 | 163264 163182 | 83 83 | 97.59 | NC_057371.1 utg000169l
		Alignment: 1038469 1038544 | 163726 163651 | 76 76 | 96.05 | NC_057371.1 utg000169l
		Alignment: 1038382 1038459 | 163815 163738 | 78 78 | 98.72 | NC_057371.1 utg000169l
		Unaligned bases: 358596

CONTIG: utg000170l (105081bp)
Best alignment score: 245.0 (LEN: 253, IDY: 96.84), Total number of alignments: 21
			Looking for the best set of alignments (out of 21 total alignments)
			Skipping redundant alignments after choosing the best set of alignments
		Skipping redundant alignment 1226918 1226992 | 23153 23227 | 75 75 | 97.33 | NC_057380.1 utg000170l
		Skipping redundant alignment 826655 826728 | 23228 23155 | 74 74 | 97.3 | NC_057384.1 utg000170l
		Skipping redundant alignment 1039170 1039247 | 23228 23151 | 78 78 | 97.44 | NC_057371.1 utg000170l
		Skipping redundant alignment 1039020 1039127 | 23376 23269 | 108 108 | 96.3 | NC_057371.1 utg000170l
		Skipping redundant alignment 1227142 1227261 | 23373 23492 | 120 120 | 95.83 | NC_057380.1 utg000170l
		Skipping redundant alignment 826341 826502 | 23538 23377 | 162 162 | 98.15 | NC_057384.1 utg000170l
		Skipping redundant alignment 1038856 1039017 | 23538 23377 | 162 162 | 98.15 | NC_057371.1 utg000170l
		Skipping redundant alignment 1227506 1227595 | 23746 23835 | 90 90 | 95.56 | NC_057380.1 utg000170l
		Skipping redundant alignment 826038 826131 | 23841 23748 | 94 94 | 96.81 | NC_057384.1 utg000170l
		Skipping redundant alignment 1038553 1038648 | 23841 23746 | 96 96 | 96.88 | NC_057371.1 utg000170l
		Skipping redundant alignment 1227635 1227701 | 23874 23940 | 67 67 | 95.52 | NC_057380.1 utg000170l
		Skipping redundant alignment 1038451 1038517 | 23942 23876 | 67 67 | 97.01 | NC_057371.1 utg000170l
		Skipping redundant alignment 1038380 1038449 | 24012 23943 | 70 70 | 97.14 | NC_057371.1 utg000170l
		Skipping redundant alignment 1227703 1227832 | 23941 24070 | 130 130 | 96.92 | NC_057380.1 utg000170l
		Skipping redundant alignment 825742 825831 | 24135 24046 | 90 90 | 95.56 | NC_057384.1 utg000170l
		Skipping redundant alignment 1227887 1227952 | 24129 24194 | 66 66 | 98.48 | NC_057380.1 utg000170l
			The best set is below. Score: 625.0, number of alignments: 5, unaligned bases: 104433
		This contig is misassembled.
		This contig is partially unaligned. (Aligned 648 out of 105081 non-N bases (0.62%))
			Warning! This contig is more unaligned than misassembled. Contig length is 105081 (number of Ns: 0) and total length of all aligns is 648
		Alignment: 863956 864031 | 23228 23153 | 76 76 | 96.05 | NC_057382.1 utg000170l
		Alignment: 863642 863803 | 23538 23377 | 162 162 | 96.3 | NC_057382.1 utg000170l
		Alignment: 863344 863434 | 23836 23746 | 91 91 | 95.6 | NC_057382.1 utg000170l
		Alignment: 863238 863303 | 23941 23876 | 66 66 | 96.97 | NC_057382.1 utg000170l
		Alignment: 862984 863236 | 24194 23942 | 253 253 | 96.84 | NC_057382.1 utg000170l
		Unaligned bases: 104433

CONTIG: utg000171l (22410bp)
		This contig is unaligned. (22410 bp)
		Unaligned bases: 22410 (number of Ns: 0)

CONTIG: utg000172l (62751bp)
Best alignment score: 91.0 (LEN: 93, IDY: 97.85), Total number of alignments: 4
			Looking for the best set of alignments (out of 4 total alignments)
			Skipping redundant alignments after choosing the best set of alignments
		Skipping redundant alignment 75529 75619 | 11384 11294 | 91 91 | 98.9 | NC_057381.1 utg000172l
		Skipping redundant alignment 1227898 1227989 | 11384 11293 | 92 92 | 98.91 | NC_057380.1 utg000172l
		Skipping redundant alignment 1038253 1038345 | 11292 11384 | 93 93 | 96.77 | NC_057371.1 utg000172l
		This contig has several significant sets of alignments. [An ambiguously mapped contig]
		Using only the very best set (option --ambiguity-usage is set to "one").
			The best set is below. Score: 91.0, number of alignments: 1, unaligned bases: 62658
		This contig is partially unaligned. (Aligned 93 out of 62751 non-N bases (0.15%))
		Alignment: 862946 863038 | 11292 11384 | 93 93 | 97.85 | NC_057382.1 utg000172l
		Unaligned bases: 1 to 11291 (11291)
		Unaligned bases: 11385 to 62751 (51367)

CONTIG: utg000173l (74348bp)
		This contig is unaligned. (74348 bp)
		Unaligned bases: 74348 (number of Ns: 0)

CONTIG: utg000174l (36079bp)
		This contig is unaligned. (36079 bp)
		Unaligned bases: 36079 (number of Ns: 0)

CONTIG: utg000175l (142084bp)
		This contig is unaligned. (142084 bp)
		Unaligned bases: 142084 (number of Ns: 0)

CONTIG: utg000176l (192024bp)
Best alignment score: 140.0 (LEN: 146, IDY: 95.89), Total number of alignments: 3
			Looking for the best set of alignments (out of 3 total alignments)
			The best set is below. Score: 260.0, number of alignments: 3, unaligned bases: 191728
		This contig is misassembled.
		This contig is partially unaligned. (Aligned 296 out of 192024 non-N bases (0.15%))
			Warning! This contig is more unaligned than misassembled. Contig length is 192024 (number of Ns: 0) and total length of all aligns is 296
		Alignment: 1472929 1473074 | 145947 146092 | 146 146 | 95.89 | NC_057378.1 utg000176l
		Alignment: 1474610 1474694 | 147061 147145 | 85 85 | 95.29 | NC_057378.1 utg000176l
		Alignment: 1474832 1474896 | 147286 147350 | 65 65 | 96.92 | NC_057378.1 utg000176l
		Unaligned bases: 191728

CONTIG: utg000177l (89530bp)
		This contig is unaligned. (89530 bp)
		Unaligned bases: 89530 (number of Ns: 0)

CONTIG: utg000178l (87754bp)
Best alignment score: 336.0 (LEN: 351, IDY: 95.73), Total number of alignments: 1
			Looking for the best set of alignments (out of 1 total alignments)
			The best set is below. Score: 336.0, number of alignments: 1, unaligned bases: 87403
		This contig is partially unaligned. (Aligned 351 out of 87754 non-N bases (0.40%))
		Alignment: 1956183 1956531 | 86956 87306 | 349 351 | 95.73 | NC_057379.1 utg000178l
		Unaligned bases: 1 to 86955 (86955)
		Unaligned bases: 87307 to 87754 (448)

CONTIG: utg000179l (20257bp)
		This contig is unaligned. (20257 bp)
		Unaligned bases: 20257 (number of Ns: 0)

CONTIG: utg000180l (338588bp)
Best alignment score: 108.0 (LEN: 113, IDY: 95.58), Total number of alignments: 2
			Looking for the best set of alignments (out of 2 total alignments)
			Skipping redundant alignments after choosing the best set of alignments
		Skipping redundant alignment 1956431 1956507 | 204458 204534 | 77 77 | 96.1 | NC_057379.1 utg000180l
			The best set is below. Score: 108.0, number of alignments: 1, unaligned bases: 338475
		This contig is partially unaligned. (Aligned 113 out of 338588 non-N bases (0.03%))
		Alignment: 112569 112681 | 220723 220835 | 113 113 | 95.58 | NC_057381.1 utg000180l
		Unaligned bases: 1 to 220722 (220722)
		Unaligned bases: 220836 to 338588 (117753)

CONTIG: utg000181l (150507bp)
		This contig is unaligned. (150507 bp)
		Unaligned bases: 150507 (number of Ns: 0)

CONTIG: utg000182l (367564bp)
Best alignment score: 165.1 (LEN: 173, IDY: 95.45), Total number of alignments: 6
			Looking for the best set of alignments (out of 6 total alignments)
			Skipping redundant alignments after choosing the best set of alignments
		Skipping redundant alignment 606127 606302 | 81477 81649 | 176 173 | 95.45 | NC_057376.1 utg000182l
		Skipping redundant alignment 868957 869040 | 331123 331206 | 84 84 | 96.43 | NC_057376.1 utg000182l
			The best set is below. Score: 405.0, number of alignments: 4, unaligned bases: 367119
		This contig is misassembled.
		This contig is partially unaligned. (Aligned 445 out of 367564 non-N bases (0.12%))
			Warning! This contig is more unaligned than misassembled. Contig length is 367564 (number of Ns: 0) and total length of all aligns is 445
		Alignment: 783153 783273 | 242559 242679 | 121 121 | 98.36 | NC_057376.1 utg000182l
		Alignment: 789611 789703 | 248966 249058 | 93 93 | 95.7 | NC_057376.1 utg000182l
		Alignment: 790534 790643 | 249889 249998 | 110 110 | 96.36 | NC_057376.1 utg000182l
		Alignment: 859826 859946 | 318404 318524 | 121 121 | 95.04 | NC_057376.1 utg000182l
		Unaligned bases: 367119

CONTIG: utg000183l (26063bp)
		This contig is unaligned. (26063 bp)
		Unaligned bases: 26063 (number of Ns: 0)

CONTIG: utg000184l (56220bp)
		This contig is unaligned. (56220 bp)
		Unaligned bases: 56220 (number of Ns: 0)

CONTIG: utg000185l (49137bp)
		This contig is unaligned. (49137 bp)
		Unaligned bases: 49137 (number of Ns: 0)

CONTIG: utg000186l (40808bp)
		This contig is unaligned. (40808 bp)
		Unaligned bases: 40808 (number of Ns: 0)

CONTIG: utg000187l (158881bp)
Best alignment score: 73.0 (LEN: 74, IDY: 98.65), Total number of alignments: 2
			Looking for the best set of alignments (out of 2 total alignments)
			The best set is below. Score: 140.0, number of alignments: 2, unaligned bases: 158738
		This contig is misassembled.
		This contig is partially unaligned. (Aligned 143 out of 158881 non-N bases (0.09%))
			Warning! This contig is more unaligned than misassembled. Contig length is 158881 (number of Ns: 0) and total length of all aligns is 143
		Alignment: 2025132 2025200 | 147350 147282 | 69 69 | 97.1 | NC_057375.1 utg000187l
		Alignment: 2024700 2024773 | 147793 147720 | 74 74 | 98.65 | NC_057375.1 utg000187l
		Unaligned bases: 158738

CONTIG: utg000188l (21627bp)
		This contig is unaligned. (21627 bp)
		Unaligned bases: 21627 (number of Ns: 0)

CONTIG: utg000189l (38366bp)
		This contig is unaligned. (38366 bp)
		Unaligned bases: 38366 (number of Ns: 0)

CONTIG: utg000190l (41396bp)
		This contig is unaligned. (41396 bp)
		Unaligned bases: 41396 (number of Ns: 0)

CONTIG: utg000191l (266954bp)
Best alignment score: 164.0 (LEN: 170, IDY: 96.47), Total number of alignments: 27
			Looking for the best set of alignments (out of 27 total alignments)
			Skipping redundant alignments after choosing the best set of alignments
		Skipping redundant alignment 863688 863795 | 117835 117728 | 108 108 | 96.3 | NC_057382.1 utg000191l
		Skipping redundant alignment 95963 96073 | 117725 117835 | 111 111 | 96.4 | NC_057377.1 utg000191l
		Skipping redundant alignment 863570 863648 | 117954 117876 | 79 79 | 96.2 | NC_057382.1 utg000191l
		Skipping redundant alignment 863358 863430 | 118162 118090 | 73 73 | 95.89 | NC_057382.1 utg000191l
		Skipping redundant alignment 863132 863238 | 118388 118282 | 107 107 | 97.2 | NC_057382.1 utg000191l
		Skipping redundant alignment 96521 96629 | 118280 118388 | 109 109 | 99.08 | NC_057377.1 utg000191l
		Skipping redundant alignment 96741 96842 | 118499 118600 | 102 102 | 96.08 | NC_057377.1 utg000191l
		Skipping redundant alignment 862917 863018 | 118602 118501 | 102 102 | 99.02 | NC_057382.1 utg000191l
		Skipping redundant alignment 862613 862679 | 118906 118840 | 67 67 | 98.51 | NC_057382.1 utg000191l
		Skipping redundant alignment 1465968 1466049 | 178452 178371 | 82 82 | 95.12 | NC_057378.1 utg000191l
		Skipping redundant alignment 863135 863216 | 178452 178371 | 82 82 | 95.12 | NC_057382.1 utg000191l
		Skipping redundant alignment 863048 863132 | 178537 178453 | 85 85 | 95.29 | NC_057382.1 utg000191l
		Skipping redundant alignment 862865 863033 | 178721 178553 | 169 169 | 96.45 | NC_057382.1 utg000191l
		Skipping redundant alignment 1038171 1038340 | 178722 178553 | 170 170 | 96.47 | NC_057371.1 utg000191l
		Skipping redundant alignment 862613 862708 | 178978 178883 | 96 96 | 95.83 | NC_057382.1 utg000191l
		Skipping redundant alignment 1037884 1038014 | 179013 178883 | 131 131 | 97.71 | NC_057371.1 utg000191l
			The best set is below. Score: 792.0, number of alignments: 11, unaligned bases: 265872
		This contig is misassembled.
		This contig is partially unaligned. (Aligned 1082 out of 266954 non-N bases (0.41%))
			Warning! This contig is more unaligned than misassembled. Contig length is 266954 (number of Ns: 0) and total length of all aligns is 1082
		Alignment: 1227151 1227261 | 117725 117835 | 111 111 | 95.5 | NC_057380.1 utg000191l
		Alignment: 1227308 1227372 | 117889 117953 | 65 65 | 95.38 | NC_057380.1 utg000191l
		Alignment: 1227508 1227580 | 118088 118160 | 73 73 | 95.89 | NC_057380.1 utg000191l
		Alignment: 1227700 1227806 | 118280 118386 | 107 107 | 97.2 | NC_057380.1 utg000191l
		Alignment: 1227917 1228018 | 118500 118601 | 102 102 | 100.0 | NC_057380.1 utg000191l
		Alignment: 1228163 1228252 | 118744 118833 | 90 90 | 95.56 | NC_057380.1 utg000191l
		Alignment: 1228253 1228320 | 118836 118903 | 68 68 | 97.06 | NC_057380.1 utg000191l
		Alignment: 75349 75432 | 178369 178452 | 84 84 | 96.43 | NC_057381.1 utg000191l
		Alignment: 75435 75518 | 178453 178536 | 84 84 | 95.24 | NC_057381.1 utg000191l
		Alignment: 75533 75700 | 178552 178719 | 168 168 | 95.83 | NC_057381.1 utg000191l
		Alignment: 75860 75989 | 178883 179012 | 130 130 | 96.15 | NC_057381.1 utg000191l
		Unaligned bases: 265872

CONTIG: utg000192l (190771bp)
Best alignment score: 148.0 (LEN: 154, IDY: 96.10), Total number of alignments: 11
			Looking for the best set of alignments (out of 11 total alignments)
			Skipping redundant alignments after choosing the best set of alignments
		Skipping redundant alignment 1218960 1219113 | 102843 102996 | 154 154 | 96.1 | NC_057380.1 utg000192l
		Skipping redundant alignment 871857 872010 | 102997 102844 | 154 154 | 96.1 | NC_057382.1 utg000192l
		Skipping redundant alignment 1219558 1219625 | 103443 103510 | 68 68 | 97.06 | NC_057380.1 utg000192l
		Skipping redundant alignment 871338 871405 | 103512 103445 | 68 68 | 97.06 | NC_057382.1 utg000192l
		Skipping redundant alignment 1219536 1219628 | 163756 163664 | 93 93 | 96.77 | NC_057380.1 utg000192l
		Skipping redundant alignment 1219028 1219117 | 164274 164185 | 90 90 | 95.56 | NC_057380.1 utg000192l
		Skipping redundant alignment 1218946 1219027 | 164358 164277 | 82 82 | 96.34 | NC_057380.1 utg000192l
			The best set is below. Score: 369.0, number of alignments: 4, unaligned bases: 190387
		This contig is misassembled.
		This contig is partially unaligned. (Aligned 384 out of 190771 non-N bases (0.20%))
			Warning! This contig is more unaligned than misassembled. Contig length is 190771 (number of Ns: 0) and total length of all aligns is 384
		Alignment: 871336 871429 | 163663 163756 | 94 94 | 96.81 | NC_057382.1 utg000192l
		Alignment: 871434 871550 | 163759 163875 | 117 117 | 95.73 | NC_057382.1 utg000192l
		Alignment: 871853 871941 | 164184 164272 | 89 89 | 95.51 | NC_057382.1 utg000192l
		Alignment: 871942 872025 | 164275 164358 | 84 84 | 96.43 | NC_057382.1 utg000192l
		Unaligned bases: 190387

CONTIG: utg000193l (53188bp)
		This contig is unaligned. (53188 bp)
		Unaligned bases: 53188 (number of Ns: 0)

CONTIG: utg000194l (110417bp)
Best alignment score: 92.0 (LEN: 95, IDY: 96.84), Total number of alignments: 1
			Looking for the best set of alignments (out of 1 total alignments)
			The best set is below. Score: 92.0, number of alignments: 1, unaligned bases: 110322
		This contig is partially unaligned. (Aligned 95 out of 110417 non-N bases (0.09%))
		Alignment: 427101 427195 | 68049 68143 | 95 95 | 96.84 | NC_057373.1 utg000194l
		Unaligned bases: 1 to 68048 (68048)
		Unaligned bases: 68144 to 110417 (42274)

CONTIG: utg000195l (33160bp)
		This contig is unaligned. (33160 bp)
		Unaligned bases: 33160 (number of Ns: 0)

CONTIG: utg000196l (73202bp)
Best alignment score: 85.0 (LEN: 89, IDY: 95.51), Total number of alignments: 1
			Looking for the best set of alignments (out of 1 total alignments)
			The best set is below. Score: 85.0, number of alignments: 1, unaligned bases: 73113
		This contig is partially unaligned. (Aligned 89 out of 73202 non-N bases (0.12%))
		Alignment: 1304328 1304416 | 61038 60950 | 89 89 | 95.51 | NC_057385.1 utg000196l
		Unaligned bases: 1 to 60949 (60949)
		Unaligned bases: 61039 to 73202 (12164)

CONTIG: utg000197l (88510bp)
		This contig is unaligned. (88510 bp)
		Unaligned bases: 88510 (number of Ns: 0)

CONTIG: utg000198l (41669bp)
		This contig is unaligned. (41669 bp)
		Unaligned bases: 41669 (number of Ns: 0)

CONTIG: utg000199l (66700bp)
Best alignment score: 69.0 (LEN: 72, IDY: 95.83), Total number of alignments: 1
			Looking for the best set of alignments (out of 1 total alignments)
			The best set is below. Score: 69.0, number of alignments: 1, unaligned bases: 66628
		This contig is partially unaligned. (Aligned 72 out of 66700 non-N bases (0.11%))
		Alignment: 630174 630245 | 15651 15722 | 72 72 | 95.83 | NC_057379.1 utg000199l
		Unaligned bases: 1 to 15650 (15650)
		Unaligned bases: 15723 to 66700 (50978)

CONTIG: utg000200l (28463bp)
		This contig is unaligned. (28463 bp)
		Unaligned bases: 28463 (number of Ns: 0)

CONTIG: utg000201l (37772bp)
		This contig is unaligned. (37772 bp)
		Unaligned bases: 37772 (number of Ns: 0)

CONTIG: utg000202l (9044bp)
		This contig is unaligned. (9044 bp)
		Unaligned bases: 9044 (number of Ns: 0)

CONTIG: utg000203l (508789bp)
Best alignment score: 112.0 (LEN: 116, IDY: 96.58), Total number of alignments: 12
			Looking for the best set of alignments (out of 12 total alignments)
			Skipping redundant alignments after choosing the best set of alignments
		Skipping redundant alignment 1215010 1215077 | 83789 83856 | 68 68 | 95.59 | NC_057376.1 utg000203l
		Skipping redundant alignment 795606 795691 | 261509 261594 | 86 86 | 100.0 | NC_057385.1 utg000203l
		Skipping redundant alignment 1172083 1172168 | 261594 261509 | 86 86 | 100.0 | NC_057374.1 utg000203l
		Skipping redundant alignment 1107662 1107747 | 261594 261509 | 86 86 | 100.0 | NC_057372.1 utg000203l
		Skipping redundant alignment 1001623 1001708 | 261594 261509 | 86 86 | 100.0 | NC_057377.1 utg000203l
		Skipping redundant alignment 1388629 1388714 | 261509 261594 | 86 86 | 100.0 | NC_057376.1 utg000203l
		Skipping redundant alignment 1845170 1845255 | 261594 261509 | 86 86 | 100.0 | NC_057385.1 utg000203l
		Skipping redundant alignment 779598 779683 | 261509 261594 | 86 86 | 100.0 | NC_057385.1 utg000203l
		Skipping redundant alignment 1378676 1378792 | 261479 261594 | 117 116 | 96.58 | NC_057371.1 utg000203l
		Skipping redundant alignment 1642671 1642741 | 444778 444848 | 71 71 | 95.77 | NC_057376.1 utg000203l
			The best set is below. Score: 120.0, number of alignments: 2, unaligned bases: 508641
		This contig is misassembled.
		This contig is partially unaligned. (Aligned 148 out of 508789 non-N bases (0.03%))
			Warning! This contig is more unaligned than misassembled. Contig length is 508789 (number of Ns: 0) and total length of all aligns is 148
		Alignment: 1664256 1664322 | 465179 465245 | 67 67 | 97.01 | NC_057376.1 utg000203l
		Alignment: 1665274 1665354 | 466355 466435 | 81 81 | 97.53 | NC_057376.1 utg000203l
		Unaligned bases: 508641

CONTIG: utg000204l (162578bp)
Best alignment score: 105.0 (LEN: 108, IDY: 97.25), Total number of alignments: 2
			Looking for the best set of alignments (out of 2 total alignments)
			Skipping redundant alignments after choosing the best set of alignments
		Skipping redundant alignment 157477 157581 | 55876 55979 | 105 104 | 96.19 | NC_057383.1 utg000204l
			The best set is below. Score: 105.0, number of alignments: 1, unaligned bases: 162470
		This contig is partially unaligned. (Aligned 108 out of 162578 non-N bases (0.07%))
		Alignment: 157477 157585 | 58673 58566 | 109 108 | 97.25 | NC_057383.1 utg000204l
		Unaligned bases: 1 to 58565 (58565)
		Unaligned bases: 58674 to 162578 (103905)

CONTIG: utg000205l (27917bp)
		This contig is unaligned. (27917 bp)
		Unaligned bases: 27917 (number of Ns: 0)

CONTIG: utg000206l (38696bp)
		This contig is unaligned. (38696 bp)
		Unaligned bases: 38696 (number of Ns: 0)

CONTIG: utg000207l (96427bp)
		This contig is unaligned. (96427 bp)
		Unaligned bases: 96427 (number of Ns: 0)

CONTIG: utg000208l (28068bp)
		This contig is unaligned. (28068 bp)
		Unaligned bases: 28068 (number of Ns: 0)

CONTIG: utg000209l (50087bp)
		This contig is unaligned. (50087 bp)
		Unaligned bases: 50087 (number of Ns: 0)

CONTIG: utg000210l (44825bp)
		This contig is unaligned. (44825 bp)
		Unaligned bases: 44825 (number of Ns: 0)

CONTIG: utg000211l (34362bp)
		This contig is unaligned. (34362 bp)
		Unaligned bases: 34362 (number of Ns: 0)

CONTIG: utg000212l (33546bp)
		This contig is unaligned. (33546 bp)
		Unaligned bases: 33546 (number of Ns: 0)

CONTIG: utg000213l (32101bp)
Best alignment score: 97.0 (LEN: 98, IDY: 98.98), Total number of alignments: 23
			Looking for the best set of alignments (out of 23 total alignments)
			Skipping redundant alignments after choosing the best set of alignments
		Skipping redundant alignment 2785529 2785602 | 26614 26542 | 74 73 | 98.65 | NC_057371.1 utg000213l
		Skipping redundant alignment 2785529 2785604 | 26616 26542 | 76 75 | 98.68 | NC_057371.1 utg000213l
		Skipping redundant alignment 1331752 1331819 | 26635 26568 | 68 68 | 100.0 | NC_057382.1 utg000213l
		Skipping redundant alignment 1331754 1331819 | 26643 26578 | 66 66 | 100.0 | NC_057382.1 utg000213l
		Skipping redundant alignment 2785534 2785619 | 26643 26558 | 86 86 | 100.0 | NC_057371.1 utg000213l
		Skipping redundant alignment 2785532 2785617 | 26643 26558 | 86 86 | 100.0 | NC_057371.1 utg000213l
		Skipping redundant alignment 2785530 2785624 | 26643 26548 | 95 96 | 98.96 | NC_057371.1 utg000213l
		Skipping redundant alignment 2785529 2785621 | 26650 26558 | 93 93 | 98.92 | NC_057371.1 utg000213l
		Skipping redundant alignment 2785529 2785623 | 26652 26558 | 95 95 | 98.95 | NC_057371.1 utg000213l
		Skipping redundant alignment 2785529 2785624 | 26654 26559 | 96 96 | 98.96 | NC_057371.1 utg000213l
		Skipping redundant alignment 2785553 2785624 | 26656 26585 | 72 72 | 98.61 | NC_057371.1 utg000213l
		Skipping redundant alignment 2785551 2785624 | 26656 26583 | 74 74 | 98.65 | NC_057371.1 utg000213l
		Skipping redundant alignment 2785549 2785624 | 26656 26581 | 76 76 | 98.68 | NC_057371.1 utg000213l
		Skipping redundant alignment 2785547 2785624 | 26656 26579 | 78 78 | 98.72 | NC_057371.1 utg000213l
		Skipping redundant alignment 2785545 2785624 | 26656 26577 | 80 80 | 98.75 | NC_057371.1 utg000213l
		Skipping redundant alignment 2785543 2785624 | 26656 26575 | 82 82 | 98.78 | NC_057371.1 utg000213l
		Skipping redundant alignment 2785541 2785624 | 26656 26573 | 84 84 | 98.81 | NC_057371.1 utg000213l
		Skipping redundant alignment 2785539 2785624 | 26656 26571 | 86 86 | 98.84 | NC_057371.1 utg000213l
		Skipping redundant alignment 2785537 2785624 | 26656 26569 | 88 88 | 98.86 | NC_057371.1 utg000213l
		Skipping redundant alignment 2785535 2785624 | 26656 26567 | 90 90 | 98.89 | NC_057371.1 utg000213l
		Skipping redundant alignment 2785533 2785624 | 26656 26565 | 92 92 | 98.91 | NC_057371.1 utg000213l
		Skipping redundant alignment 2785531 2785624 | 26656 26563 | 94 94 | 98.94 | NC_057371.1 utg000213l
			The best set is below. Score: 97.0, number of alignments: 1, unaligned bases: 32003
		This contig is partially unaligned. (Aligned 98 out of 32101 non-N bases (0.31%))
		Alignment: 2785527 2785624 | 26658 26561 | 98 98 | 98.98 | NC_057371.1 utg000213l
		Unaligned bases: 1 to 26560 (26560)
		Unaligned bases: 26659 to 32101 (5443)

CONTIG: utg000214l (58364bp)
		This contig is unaligned. (58364 bp)
		Unaligned bases: 58364 (number of Ns: 0)

CONTIG: utg000215l (30559bp)
		This contig is unaligned. (30559 bp)
		Unaligned bases: 30559 (number of Ns: 0)

CONTIG: utg000216l (134826bp)
Best alignment score: 73.0 (LEN: 76, IDY: 96.05), Total number of alignments: 1
			Looking for the best set of alignments (out of 1 total alignments)
			The best set is below. Score: 73.0, number of alignments: 1, unaligned bases: 134750
		This contig is partially unaligned. (Aligned 76 out of 134826 non-N bases (0.06%))
		Alignment: 871363 871438 | 44963 45038 | 76 76 | 96.05 | NC_057382.1 utg000216l
		Unaligned bases: 1 to 44962 (44962)
		Unaligned bases: 45039 to 134826 (89788)

CONTIG: utg000217l (77159bp)
		This contig is unaligned. (77159 bp)
		Unaligned bases: 77159 (number of Ns: 0)

CONTIG: utg000218l (37705bp)
		This contig is unaligned. (37705 bp)
		Unaligned bases: 37705 (number of Ns: 0)

CONTIG: utg000219l (57436bp)
		This contig is unaligned. (57436 bp)
		Unaligned bases: 57436 (number of Ns: 0)

CONTIG: utg000220l (76019bp)
		This contig is unaligned. (76019 bp)
		Unaligned bases: 76019 (number of Ns: 0)

CONTIG: utg000221l (39135bp)
		This contig is unaligned. (39135 bp)
		Unaligned bases: 39135 (number of Ns: 0)

CONTIG: utg000222l (56527bp)
		This contig is unaligned. (56527 bp)
		Unaligned bases: 56527 (number of Ns: 0)

CONTIG: utg000223l (88936bp)
Best alignment score: 247.0 (LEN: 259, IDY: 95.37), Total number of alignments: 62
			Looking for the best set of alignments (out of 62 total alignments)
			Skipping redundant alignments after choosing the best set of alignments
		Skipping redundant alignment 1226918 1226988 | 43296 43366 | 71 71 | 98.59 | NC_057380.1 utg000223l
		Skipping redundant alignment 796993 797064 | 43366 43295 | 72 72 | 97.22 | NC_057384.1 utg000223l
		Skipping redundant alignment 893795 893868 | 43293 43366 | 74 74 | 95.95 | NC_057384.1 utg000223l
		Skipping redundant alignment 863960 864031 | 43367 43296 | 72 72 | 97.22 | NC_057382.1 utg000223l
		Skipping redundant alignment 95858 95924 | 43421 43487 | 67 67 | 95.52 | NC_057377.1 utg000223l
		Skipping redundant alignment 3536763 3536830 | 43489 43422 | 68 68 | 95.59 | NC_057385.1 utg000223l
		Skipping redundant alignment 3536639 3536722 | 43617 43534 | 84 84 | 95.24 | NC_057385.1 utg000223l
		Skipping redundant alignment 894120 894229 | 43618 43727 | 110 110 | 95.45 | NC_057384.1 utg000223l
		Skipping redundant alignment 863597 863709 | 43730 43618 | 113 113 | 96.46 | NC_057382.1 utg000223l
		Skipping redundant alignment 863491 863595 | 43835 43731 | 105 105 | 97.14 | NC_057382.1 utg000223l
		Skipping redundant alignment 894231 894338 | 43728 43835 | 108 108 | 99.07 | NC_057384.1 utg000223l
		Skipping redundant alignment 796523 796630 | 43835 43728 | 108 108 | 99.07 | NC_057384.1 utg000223l
		Skipping redundant alignment 1227345 1227452 | 43728 43835 | 108 108 | 96.3 | NC_057380.1 utg000223l
		Skipping redundant alignment 96163 96270 | 43728 43835 | 108 108 | 96.3 | NC_057377.1 utg000223l
		Skipping redundant alignment 3536416 3536526 | 43838 43728 | 111 111 | 95.5 | NC_057385.1 utg000223l
		Skipping redundant alignment 3535821 3535959 | 44426 44288 | 139 139 | 95.68 | NC_057385.1 utg000223l
		Skipping redundant alignment 795863 796002 | 44476 44337 | 140 140 | 95.71 | NC_057384.1 utg000223l
		Skipping redundant alignment 96730 96918 | 44288 44476 | 189 189 | 95.24 | NC_057377.1 utg000223l
		Skipping redundant alignment 96920 96986 | 44477 44543 | 67 67 | 97.01 | NC_057377.1 utg000223l
		Skipping redundant alignment 1227905 1228160 | 44288 44543 | 256 256 | 95.7 | NC_057380.1 utg000223l
		Skipping redundant alignment 894997 895067 | 44474 44544 | 71 71 | 97.18 | NC_057384.1 utg000223l
		Skipping redundant alignment 3535701 3535770 | 44546 44477 | 70 70 | 97.14 | NC_057385.1 utg000223l
		Skipping redundant alignment 795792 795861 | 44546 44477 | 70 70 | 95.71 | NC_057384.1 utg000223l
		Skipping redundant alignment 862773 863031 | 44546 44288 | 259 259 | 95.37 | NC_057382.1 utg000223l
		Skipping redundant alignment 895099 895165 | 44573 44639 | 67 67 | 95.52 | NC_057384.1 utg000223l
		Skipping redundant alignment 1228188 1228259 | 44568 44639 | 72 72 | 95.83 | NC_057380.1 utg000223l
		Skipping redundant alignment 862675 862747 | 44641 44569 | 73 73 | 97.26 | NC_057382.1 utg000223l
		Skipping redundant alignment 97086 97223 | 44645 44782 | 138 138 | 95.65 | NC_057377.1 utg000223l
		Skipping redundant alignment 863938 864024 | 65384 65298 | 87 87 | 95.4 | NC_057382.1 utg000223l
		Skipping redundant alignment 1226925 1227011 | 65298 65384 | 87 87 | 95.4 | NC_057380.1 utg000223l
		Skipping redundant alignment 75239 75325 | 65992 66078 | 87 87 | 97.7 | NC_057381.1 utg000223l
		Skipping redundant alignment 1227612 1227698 | 65992 66078 | 87 87 | 95.4 | NC_057380.1 utg000223l
		Skipping redundant alignment 863240 863324 | 66080 65996 | 85 85 | 95.29 | NC_057382.1 utg000223l
		Skipping redundant alignment 1227765 1227832 | 66145 66212 | 68 68 | 98.53 | NC_057380.1 utg000223l
		Skipping redundant alignment 75392 75463 | 66145 66216 | 72 72 | 98.61 | NC_057381.1 utg000223l
		Skipping redundant alignment 863101 863172 | 66219 66148 | 72 72 | 98.61 | NC_057382.1 utg000223l
		Skipping redundant alignment 75571 75700 | 66330 66459 | 130 130 | 96.92 | NC_057381.1 utg000223l
		Skipping redundant alignment 96765 96894 | 66330 66459 | 130 130 | 96.15 | NC_057377.1 utg000223l
		Skipping redundant alignment 862865 862995 | 66461 66331 | 131 131 | 98.47 | NC_057382.1 utg000223l
		Skipping redundant alignment 1227940 1228071 | 66330 66461 | 132 132 | 98.48 | NC_057380.1 utg000223l
		Skipping redundant alignment 75702 75782 | 66460 66540 | 81 81 | 98.77 | NC_057381.1 utg000223l
		Skipping redundant alignment 96896 96976 | 66460 66540 | 81 81 | 95.06 | NC_057377.1 utg000223l
		Skipping redundant alignment 862675 862740 | 66653 66588 | 66 66 | 95.45 | NC_057382.1 utg000223l
		Skipping redundant alignment 1037891 1037972 | 66913 66994 | 82 82 | 97.56 | NC_057371.1 utg000223l
		Skipping redundant alignment 75901 75980 | 66995 66916 | 80 80 | 97.5 | NC_057381.1 utg000223l
		Skipping redundant alignment 97095 97176 | 66995 66914 | 82 82 | 97.56 | NC_057377.1 utg000223l
		Skipping redundant alignment 1037973 1038063 | 66997 67087 | 91 91 | 97.8 | NC_057371.1 utg000223l
		Skipping redundant alignment 862667 862757 | 66997 67087 | 91 91 | 96.7 | NC_057382.1 utg000223l
		Skipping redundant alignment 1228178 1228268 | 67088 66998 | 91 91 | 96.7 | NC_057380.1 utg000223l
		Skipping redundant alignment 75810 75900 | 67088 66998 | 91 91 | 95.6 | NC_057381.1 utg000223l
			The best set is below. Score: 995.0, number of alignments: 12, unaligned bases: 87626
		This contig is misassembled.
		This contig is partially unaligned. (Aligned 1310 out of 88936 non-N bases (1.47%))
			Warning! This contig is more unaligned than misassembled. Contig length is 88936 (number of Ns: 0) and total length of all aligns is 1310
		Alignment: 1039174 1039247 | 43367 43294 | 74 74 | 97.3 | NC_057371.1 utg000223l
		Alignment: 1039010 1039120 | 43530 43420 | 111 111 | 96.4 | NC_057371.1 utg000223l
		Alignment: 1038814 1038923 | 43727 43618 | 110 110 | 95.45 | NC_057371.1 utg000223l
		Alignment: 1038705 1038812 | 43835 43728 | 108 108 | 96.3 | NC_057371.1 utg000223l
		Alignment: 1038150 1038338 | 44476 44288 | 189 189 | 97.35 | NC_057371.1 utg000223l
		Alignment: 1038079 1038148 | 44546 44477 | 70 70 | 95.71 | NC_057371.1 utg000223l
		Alignment: 1037981 1038053 | 44641 44569 | 73 73 | 95.89 | NC_057371.1 utg000223l
		Alignment: 1037716 1037842 | 44912 44786 | 127 127 | 97.64 | NC_057371.1 utg000223l
		Alignment: 1192370 1192518 | 65665 65517 | 149 149 | 95.97 | NC_057379.1 utg000223l
		Alignment: 1191951 1192036 | 66081 65996 | 86 86 | 100.0 | NC_057379.1 utg000223l
		Alignment: 1191577 1191708 | 66462 66331 | 132 132 | 97.73 | NC_057379.1 utg000223l
		Alignment: 1191495 1191575 | 66543 66463 | 81 81 | 97.53 | NC_057379.1 utg000223l
		Unaligned bases: 87626

CONTIG: utg000224l (84909bp)
		This contig is unaligned. (84909 bp)
		Unaligned bases: 84909 (number of Ns: 0)

CONTIG: utg000225l (111818bp)
		This contig is unaligned. (111818 bp)
		Unaligned bases: 111818 (number of Ns: 0)

CONTIG: utg000226l (53125bp)
		This contig is unaligned. (53125 bp)
		Unaligned bases: 53125 (number of Ns: 0)

CONTIG: utg000227l (49950bp)
		This contig is unaligned. (49950 bp)
		Unaligned bases: 49950 (number of Ns: 0)

CONTIG: utg000228l (54304bp)
		This contig is unaligned. (54304 bp)
		Unaligned bases: 54304 (number of Ns: 0)

CONTIG: utg000229l (54184bp)
Best alignment score: 85.0 (LEN: 88, IDY: 96.59), Total number of alignments: 2
			Looking for the best set of alignments (out of 2 total alignments)
			Skipping redundant alignments after choosing the best set of alignments
		Skipping redundant alignment 800561 800646 | 15743 15828 | 86 86 | 96.51 | NC_057374.1 utg000229l
			The best set is below. Score: 85.0, number of alignments: 1, unaligned bases: 54096
		This contig is partially unaligned. (Aligned 88 out of 54184 non-N bases (0.16%))
		Alignment: 2321500 2321587 | 15741 15828 | 88 88 | 96.59 | NC_057385.1 utg000229l
		Unaligned bases: 1 to 15740 (15740)
		Unaligned bases: 15829 to 54184 (38356)

CONTIG: utg000230l (9760bp)
		This contig is unaligned. (9760 bp)
		Unaligned bases: 9760 (number of Ns: 0)

CONTIG: utg000231l (32903bp)
		This contig is unaligned. (32903 bp)
		Unaligned bases: 32903 (number of Ns: 0)

CONTIG: utg000232l (46307bp)
		This contig is unaligned. (46307 bp)
		Unaligned bases: 46307 (number of Ns: 0)

CONTIG: utg000233l (128328bp)
		This contig is unaligned. (128328 bp)
		Unaligned bases: 128328 (number of Ns: 0)

CONTIG: utg000234l (183020bp)
Best alignment score: 1031.2 (LEN: 1083, IDY: 95.22), Total number of alignments: 89
			Looking for the best set of alignments (out of 89 total alignments)
			Skipping redundant alignments after choosing the best set of alignments
		Skipping redundant alignment 97253 97354 | 7027 6926 | 102 102 | 96.08 | NC_057377.1 utg000234l
		Skipping redundant alignment 862520 862612 | 7036 7128 | 93 93 | 95.7 | NC_057382.1 utg000234l
		Skipping redundant alignment 1228321 1228415 | 7131 7037 | 95 95 | 95.79 | NC_057380.1 utg000234l
		Skipping redundant alignment 862613 862780 | 7130 7297 | 168 168 | 96.43 | NC_057382.1 utg000234l
		Skipping redundant alignment 1465354 1465612 | 7039 7297 | 259 259 | 95.37 | NC_057378.1 utg000234l
		Skipping redundant alignment 1228155 1228320 | 7298 7133 | 166 166 | 96.39 | NC_057380.1 utg000234l
		Skipping redundant alignment 1465630 1465706 | 7315 7391 | 77 77 | 96.1 | NC_057378.1 utg000234l
		Skipping redundant alignment 795817 795893 | 7315 7391 | 77 77 | 96.1 | NC_057384.1 utg000234l
		Skipping redundant alignment 795896 796002 | 7396 7502 | 107 107 | 97.2 | NC_057384.1 utg000234l
		Skipping redundant alignment 1227887 1228060 | 7569 7396 | 174 174 | 98.28 | NC_057380.1 utg000234l
		Skipping redundant alignment 796206 796356 | 7694 7844 | 151 151 | 96.69 | NC_057384.1 utg000234l
		Skipping redundant alignment 862876 863324 | 7396 7844 | 449 449 | 95.32 | NC_057382.1 utg000234l
		Skipping redundant alignment 1227458 1227610 | 8001 7849 | 153 153 | 96.08 | NC_057380.1 utg000234l
		Skipping redundant alignment 863326 863494 | 7845 8013 | 169 169 | 96.45 | NC_057382.1 utg000234l
		Skipping redundant alignment 796358 796526 | 7845 8013 | 169 169 | 96.45 | NC_057384.1 utg000234l
		Skipping redundant alignment 96266 96431 | 8014 7849 | 166 166 | 95.18 | NC_057377.1 utg000234l
		Skipping redundant alignment 796529 796627 | 8018 8116 | 99 99 | 96.97 | NC_057384.1 utg000234l
		Skipping redundant alignment 1466563 1466635 | 8252 8324 | 73 73 | 95.89 | NC_057378.1 utg000234l
		Skipping redundant alignment 796755 796835 | 8244 8324 | 81 81 | 96.3 | NC_057384.1 utg000234l
		Skipping redundant alignment 1227141 1227224 | 8329 8246 | 84 84 | 95.24 | NC_057380.1 utg000234l
		Skipping redundant alignment 95953 96037 | 8329 8245 | 85 85 | 97.65 | NC_057377.1 utg000234l
		Skipping redundant alignment 1227053 1227139 | 109683 109769 | 87 87 | 96.55 | NC_057380.1 utg000234l
		Skipping redundant alignment 863805 863895 | 109774 109684 | 91 91 | 96.7 | NC_057382.1 utg000234l
		Skipping redundant alignment 1466637 1466738 | 109774 109673 | 102 102 | 95.1 | NC_057378.1 utg000234l
		Skipping redundant alignment 1466563 1466635 | 109847 109775 | 73 73 | 97.26 | NC_057378.1 utg000234l
		Skipping redundant alignment 1227141 1227224 | 109770 109853 | 84 84 | 96.43 | NC_057380.1 utg000234l
		Skipping redundant alignment 95953 96037 | 109770 109854 | 85 85 | 96.47 | NC_057377.1 utg000234l
		Skipping redundant alignment 826422 826502 | 109855 109775 | 81 81 | 100.0 | NC_057384.1 utg000234l
		Skipping redundant alignment 863723 863803 | 109855 109775 | 81 81 | 95.06 | NC_057382.1 utg000234l
		Skipping redundant alignment 3536651 3536731 | 109855 109775 | 81 81 | 95.06 | NC_057385.1 utg000234l
		Skipping redundant alignment 1192435 1192520 | 109855 109770 | 86 86 | 100.0 | NC_057379.1 utg000234l
		Skipping redundant alignment 796753 796835 | 109857 109775 | 83 83 | 97.59 | NC_057384.1 utg000234l
		Skipping redundant alignment 894021 894108 | 109770 109857 | 88 88 | 98.86 | NC_057384.1 utg000234l
		Skipping redundant alignment 1466487 1466553 | 109922 109856 | 67 67 | 95.52 | NC_057378.1 utg000234l
		Skipping redundant alignment 96040 96107 | 109855 109922 | 68 68 | 98.53 | NC_057377.1 utg000234l
		Skipping redundant alignment 863652 863720 | 109924 109856 | 69 69 | 98.55 | NC_057382.1 utg000234l
		Skipping redundant alignment 3536580 3536648 | 109924 109856 | 69 69 | 98.55 | NC_057385.1 utg000234l
		Skipping redundant alignment 826351 826419 | 109924 109856 | 69 69 | 97.1 | NC_057384.1 utg000234l
		Skipping redundant alignment 1192364 1192432 | 109924 109856 | 69 69 | 95.65 | NC_057379.1 utg000234l
		Skipping redundant alignment 96109 96208 | 109923 110022 | 100 100 | 95.0 | NC_057377.1 utg000234l
		Skipping redundant alignment 1192262 1192362 | 110025 109925 | 101 101 | 96.04 | NC_057379.1 utg000234l
		Skipping redundant alignment 826249 826349 | 110025 109925 | 101 101 | 95.05 | NC_057384.1 utg000234l
		Skipping redundant alignment 894177 894279 | 109923 110025 | 103 103 | 96.12 | NC_057384.1 utg000234l
		Skipping redundant alignment 1191982 1192133 | 110304 110153 | 152 152 | 96.05 | NC_057379.1 utg000234l
		Skipping redundant alignment 894560 894655 | 110304 110399 | 96 96 | 95.83 | NC_057384.1 utg000234l
		Skipping redundant alignment 825871 825967 | 110401 110305 | 97 97 | 97.94 | NC_057384.1 utg000234l
		Skipping redundant alignment 796204 796300 | 110401 110305 | 97 97 | 96.91 | NC_057384.1 utg000234l
		Skipping redundant alignment 825742 825831 | 110528 110439 | 90 90 | 96.67 | NC_057384.1 utg000234l
		Skipping redundant alignment 894697 894786 | 110439 110528 | 90 90 | 95.56 | NC_057384.1 utg000234l
		Skipping redundant alignment 796075 796164 | 110528 110439 | 90 90 | 95.56 | NC_057384.1 utg000234l
		Skipping redundant alignment 96590 96795 | 110400 110605 | 206 206 | 95.15 | NC_057377.1 utg000234l
		Skipping redundant alignment 1227887 1227971 | 110522 110606 | 85 85 | 98.82 | NC_057380.1 utg000234l
		Skipping redundant alignment 1038269 1038377 | 110609 110501 | 109 109 | 97.25 | NC_057371.1 utg000234l
		Skipping redundant alignment 862962 863171 | 110609 110400 | 210 210 | 97.14 | NC_057382.1 utg000234l
		Skipping redundant alignment 1465795 1466004 | 110609 110400 | 210 210 | 95.71 | NC_057378.1 utg000234l
		Skipping redundant alignment 3535750 3535820 | 110751 110681 | 71 71 | 97.18 | NC_057385.1 utg000234l
		Skipping redundant alignment 1038128 1038268 | 110751 110611 | 141 141 | 96.45 | NC_057371.1 utg000234l
		Skipping redundant alignment 825508 825648 | 110751 110611 | 141 141 | 95.74 | NC_057384.1 utg000234l
		Skipping redundant alignment 795841 795981 | 110751 110611 | 141 141 | 95.74 | NC_057384.1 utg000234l
		Skipping redundant alignment 1465654 1465794 | 110751 110611 | 141 141 | 95.04 | NC_057378.1 utg000234l
		Skipping redundant alignment 1191534 1191674 | 110751 110611 | 141 141 | 95.04 | NC_057379.1 utg000234l
		Skipping redundant alignment 96975 97058 | 111264 111347 | 84 84 | 95.24 | NC_057377.1 utg000234l
		Skipping redundant alignment 1465536 1465620 | 111347 111263 | 85 85 | 96.47 | NC_057378.1 utg000234l
		Skipping redundant alignment 1038010 1038094 | 111347 111263 | 85 85 | 95.29 | NC_057371.1 utg000234l
		Skipping redundant alignment 3535632 3535716 | 111347 111263 | 85 85 | 95.29 | NC_057385.1 utg000234l
		Skipping redundant alignment 862704 862788 | 111347 111263 | 85 85 | 95.29 | NC_057382.1 utg000234l
		Skipping redundant alignment 1228148 1228232 | 111263 111347 | 85 85 | 95.29 | NC_057380.1 utg000234l
		Skipping redundant alignment 1228238 1228320 | 111348 111430 | 83 83 | 96.39 | NC_057380.1 utg000234l
		Skipping redundant alignment 862613 862698 | 111433 111348 | 86 86 | 96.51 | NC_057382.1 utg000234l
		Skipping redundant alignment 1037906 1038004 | 111446 111348 | 99 99 | 96.97 | NC_057371.1 utg000234l
		Skipping redundant alignment 1228224 1228314 | 163600 163510 | 91 91 | 95.6 | NC_057380.1 utg000234l
		Skipping redundant alignment 1228116 1228219 | 163706 163603 | 104 104 | 96.15 | NC_057380.1 utg000234l
		Skipping redundant alignment 1227966 1228050 | 163854 163770 | 85 85 | 96.47 | NC_057380.1 utg000234l
		Skipping redundant alignment 1227893 1227962 | 163924 163855 | 70 70 | 98.57 | NC_057380.1 utg000234l
		Skipping redundant alignment 1227691 1227810 | 164134 164015 | 120 120 | 96.67 | NC_057380.1 utg000234l
		Skipping redundant alignment 1227475 1227606 | 164347 164216 | 132 132 | 95.45 | NC_057380.1 utg000234l
			The best set is below. Score: 1937.6, number of alignments: 13, unaligned bases: 180210
		This contig is misassembled.
		This contig is partially unaligned. (Aligned 2810 out of 183020 non-N bases (1.54%))
			Warning! This contig is more unaligned than misassembled. Contig length is 183020 (number of Ns: 0) and total length of all aligns is 2810
		Alignment: 75076 76158 | 8010 6928 | 1083 1083 | 95.22 | NC_057381.1 utg000234l
		Alignment: 1039019 1039115 | 109774 109678 | 97 97 | 96.91 | NC_057371.1 utg000234l
		Alignment: 1038935 1039017 | 109857 109775 | 83 83 | 96.39 | NC_057371.1 utg000234l
		Alignment: 1038866 1038932 | 109924 109858 | 67 67 | 100.0 | NC_057371.1 utg000234l
		Alignment: 1038764 1038864 | 110025 109925 | 101 101 | 95.05 | NC_057371.1 utg000234l
		Alignment: 75090 75780 | 110097 110783 | 691 687 | 95.11 | NC_057381.1 utg000234l
		Alignment: 862620 862709 | 163508 163597 | 90 90 | 97.78 | NC_057382.1 utg000234l
		Alignment: 862717 862819 | 163603 163705 | 103 103 | 96.12 | NC_057382.1 utg000234l
		Alignment: 862882 862969 | 163766 163853 | 88 88 | 95.45 | NC_057382.1 utg000234l
		Alignment: 862973 863043 | 163854 163924 | 71 71 | 98.59 | NC_057382.1 utg000234l
		Alignment: 863124 863248 | 164009 164133 | 125 125 | 97.6 | NC_057382.1 utg000234l
		Alignment: 863334 863464 | 164216 164346 | 131 131 | 95.42 | NC_057382.1 utg000234l
		Alignment: 863467 863550 | 164347 164430 | 84 84 | 96.43 | NC_057382.1 utg000234l
		Unaligned bases: 180210

CONTIG: utg000235l (63784bp)
		This contig is unaligned. (63784 bp)
		Unaligned bases: 63784 (number of Ns: 0)

CONTIG: utg000236l (62631bp)
		This contig is unaligned. (62631 bp)
		Unaligned bases: 62631 (number of Ns: 0)

CONTIG: utg000237l (88422bp)
		This contig is unaligned. (88422 bp)
		Unaligned bases: 88422 (number of Ns: 0)

CONTIG: utg000238l (53353bp)
		This contig is unaligned. (53353 bp)
		Unaligned bases: 53353 (number of Ns: 0)

CONTIG: utg000239l (45638bp)
		This contig is unaligned. (45638 bp)
		Unaligned bases: 45638 (number of Ns: 0)

CONTIG: utg000240l (18501bp)
		This contig is unaligned. (18501 bp)
		Unaligned bases: 18501 (number of Ns: 0)

CONTIG: utg000241l (36443bp)
		This contig is unaligned. (36443 bp)
		Unaligned bases: 36443 (number of Ns: 0)

CONTIG: utg000242l (54922bp)
		This contig is unaligned. (54922 bp)
		Unaligned bases: 54922 (number of Ns: 0)

CONTIG: utg000243l (61701bp)
		This contig is unaligned. (61701 bp)
		Unaligned bases: 61701 (number of Ns: 0)

CONTIG: utg000244l (8579bp)
		This contig is unaligned. (8579 bp)
		Unaligned bases: 8579 (number of Ns: 0)

CONTIG: utg000245l (148598bp)
Best alignment score: 197.0 (LEN: 206, IDY: 95.63), Total number of alignments: 23
			Looking for the best set of alignments (out of 23 total alignments)
			Skipping redundant alignments after choosing the best set of alignments
		Skipping redundant alignment 1226926 1227030 | 122680 122784 | 105 105 | 95.24 | NC_057380.1 utg000245l
		Skipping redundant alignment 863495 863592 | 123211 123114 | 98 98 | 95.92 | NC_057382.1 utg000245l
		Skipping redundant alignment 863083 863165 | 123621 123539 | 83 83 | 95.18 | NC_057382.1 utg000245l
		Skipping redundant alignment 75519 75700 | 123656 123837 | 182 182 | 96.15 | NC_057381.1 utg000245l
		Skipping redundant alignment 862865 863048 | 123839 123656 | 184 184 | 96.74 | NC_057382.1 utg000245l
		Skipping redundant alignment 1227866 1228071 | 123634 123839 | 206 206 | 95.63 | NC_057380.1 utg000245l
		Skipping redundant alignment 1465697 1465881 | 123840 123656 | 185 185 | 95.14 | NC_057378.1 utg000245l
		Skipping redundant alignment 75702 75766 | 123838 123902 | 65 65 | 98.46 | NC_057381.1 utg000245l
		Skipping redundant alignment 1465631 1465695 | 123905 123841 | 65 65 | 98.46 | NC_057378.1 utg000245l
		Skipping redundant alignment 1228166 1228233 | 123930 123997 | 68 68 | 98.53 | NC_057380.1 utg000245l
		Skipping redundant alignment 75798 75865 | 123930 123997 | 68 68 | 98.53 | NC_057381.1 utg000245l
		Skipping redundant alignment 862702 862767 | 123998 123933 | 66 66 | 98.48 | NC_057382.1 utg000245l
		Skipping redundant alignment 1465534 1465601 | 123998 123931 | 68 68 | 98.53 | NC_057378.1 utg000245l
		Skipping redundant alignment 75892 76007 | 124023 124138 | 116 116 | 97.41 | NC_057381.1 utg000245l
		Skipping redundant alignment 862411 862491 | 124285 124205 | 81 81 | 96.3 | NC_057382.1 utg000245l
		Skipping redundant alignment 1228445 1228525 | 124205 124285 | 81 81 | 96.3 | NC_057380.1 utg000245l
		Skipping redundant alignment 76078 76158 | 124205 124285 | 81 81 | 96.3 | NC_057381.1 utg000245l
			The best set is below. Score: 564.0, number of alignments: 6, unaligned bases: 148012
		This contig is misassembled.
		This contig is partially unaligned. (Aligned 586 out of 148598 non-N bases (0.39%))
			Warning! This contig is more unaligned than misassembled. Contig length is 148598 (number of Ns: 0) and total length of all aligns is 586
		Alignment: 96471 96542 | 123413 123484 | 72 72 | 95.83 | NC_057377.1 utg000245l
		Alignment: 96713 96894 | 123656 123837 | 182 182 | 95.6 | NC_057377.1 utg000245l
		Alignment: 96896 96960 | 123838 123902 | 65 65 | 95.38 | NC_057377.1 utg000245l
		Alignment: 96992 97058 | 123930 123996 | 67 67 | 98.51 | NC_057377.1 utg000245l
		Alignment: 97086 97204 | 124023 124141 | 119 119 | 96.64 | NC_057377.1 utg000245l
		Alignment: 97272 97352 | 124205 124285 | 81 81 | 96.3 | NC_057377.1 utg000245l
		Unaligned bases: 148012

CONTIG: utg000246l (59792bp)
		This contig is unaligned. (59792 bp)
		Unaligned bases: 59792 (number of Ns: 0)

CONTIG: utg000247l (53397bp)
		This contig is unaligned. (53397 bp)
		Unaligned bases: 53397 (number of Ns: 0)

CONTIG: utg000248l (20199bp)
		This contig is unaligned. (20199 bp)
		Unaligned bases: 20199 (number of Ns: 0)

CONTIG: utg000249l (45690bp)
		This contig is unaligned. (45690 bp)
		Unaligned bases: 45690 (number of Ns: 0)

CONTIG: utg000250l (26137bp)
		This contig is unaligned. (26137 bp)
		Unaligned bases: 26137 (number of Ns: 0)

CONTIG: utg000251l (76460bp)
Best alignment score: 160.0 (LEN: 166, IDY: 96.39), Total number of alignments: 31
			Looking for the best set of alignments (out of 31 total alignments)
			Skipping redundant alignments after choosing the best set of alignments
		Skipping redundant alignment 894132 894208 | 29364 29440 | 77 77 | 96.1 | NC_057384.1 utg000251l
		Skipping redundant alignment 863616 863696 | 29445 29365 | 81 81 | 97.53 | NC_057382.1 utg000251l
		Skipping redundant alignment 863503 863595 | 29558 29466 | 93 93 | 95.7 | NC_057382.1 utg000251l
		Skipping redundant alignment 894231 894326 | 29463 29558 | 96 96 | 97.92 | NC_057384.1 utg000251l
		Skipping redundant alignment 796535 796630 | 29558 29463 | 96 96 | 97.92 | NC_057384.1 utg000251l
		Skipping redundant alignment 1227709 1227832 | 29833 29956 | 124 124 | 95.16 | NC_057380.1 utg000251l
		Skipping redundant alignment 1228141 1228232 | 30256 30347 | 92 92 | 98.91 | NC_057380.1 utg000251l
		Skipping redundant alignment 75773 75864 | 30256 30347 | 92 92 | 96.74 | NC_057381.1 utg000251l
		Skipping redundant alignment 96967 97058 | 30256 30347 | 92 92 | 95.65 | NC_057377.1 utg000251l
		Skipping redundant alignment 862700 862794 | 30351 30257 | 95 95 | 98.95 | NC_057382.1 utg000251l
		Skipping redundant alignment 3535628 3535722 | 30351 30257 | 95 95 | 95.79 | NC_057385.1 utg000251l
		Skipping redundant alignment 1465531 1465626 | 30352 30257 | 96 96 | 96.88 | NC_057378.1 utg000251l
		Skipping redundant alignment 97095 97203 | 30379 30487 | 109 109 | 96.33 | NC_057377.1 utg000251l
		Skipping redundant alignment 3535486 3535593 | 30488 30381 | 108 108 | 96.3 | NC_057385.1 utg000251l
		Skipping redundant alignment 1465390 1465497 | 30488 30381 | 108 108 | 95.37 | NC_057378.1 utg000251l
		Skipping redundant alignment 3535439 3535604 | 37765 37930 | 166 166 | 96.39 | NC_057385.1 utg000251l
		Skipping redundant alignment 97085 97251 | 37931 37765 | 167 167 | 95.81 | NC_057377.1 utg000251l
		Skipping redundant alignment 862678 862824 | 37931 38077 | 147 147 | 96.6 | NC_057382.1 utg000251l
		Skipping redundant alignment 863656 863720 | 38896 38960 | 65 65 | 96.92 | NC_057382.1 utg000251l
		Skipping redundant alignment 3536584 3536651 | 38896 38963 | 68 68 | 97.06 | NC_057385.1 utg000251l
		Skipping redundant alignment 96038 96105 | 38963 38896 | 68 68 | 97.06 | NC_057377.1 utg000251l
		Skipping redundant alignment 1474758 1474895 | 73815 73678 | 138 138 | 97.1 | NC_057378.1 utg000251l
		Skipping redundant alignment 1474667 1474757 | 73907 73817 | 91 91 | 95.6 | NC_057378.1 utg000251l
			The best set is below. Score: 563.0, number of alignments: 8, unaligned bases: 75616
		This contig is misassembled.
		This contig is partially unaligned. (Aligned 844 out of 76460 non-N bases (1.10%))
			Warning! This contig is more unaligned than misassembled. Contig length is 76460 (number of Ns: 0) and total length of all aligns is 844
		Alignment: 1038830 1038910 | 29445 29365 | 81 81 | 98.77 | NC_057371.1 utg000251l
		Alignment: 1038717 1038812 | 29558 29463 | 96 96 | 96.88 | NC_057371.1 utg000251l
		Alignment: 1038378 1038445 | 29900 29833 | 68 68 | 95.59 | NC_057371.1 utg000251l
		Alignment: 1038006 1038100 | 30351 30257 | 95 95 | 95.79 | NC_057371.1 utg000251l
		Alignment: 1037864 1037971 | 30488 30381 | 108 108 | 96.3 | NC_057371.1 utg000251l
		Alignment: 1037715 1037832 | 30632 30515 | 118 118 | 96.61 | NC_057371.1 utg000251l
		Alignment: 1228111 1228257 | 38078 37932 | 147 147 | 96.6 | NC_057380.1 utg000251l
		Alignment: 1227887 1228017 | 38305 38175 | 131 131 | 95.42 | NC_057380.1 utg000251l
		Unaligned bases: 75616

CONTIG: utg000252l (62273bp)
Best alignment score: 150.0 (LEN: 157, IDY: 95.54), Total number of alignments: 25
			Looking for the best set of alignments (out of 25 total alignments)
			Skipping redundant alignments after choosing the best set of alignments
		Skipping redundant alignment 1227194 1227261 | 1144 1211 | 68 68 | 97.06 | NC_057380.1 utg000252l
		Skipping redundant alignment 863656 863755 | 1243 1144 | 100 100 | 97.0 | NC_057382.1 utg000252l
		Skipping redundant alignment 96006 96105 | 1144 1243 | 100 100 | 97.0 | NC_057377.1 utg000252l
		Skipping redundant alignment 1466447 1466562 | 1285 1170 | 116 116 | 95.69 | NC_057378.1 utg000252l
		Skipping redundant alignment 96143 96232 | 1280 1369 | 90 90 | 96.67 | NC_057377.1 utg000252l
		Skipping redundant alignment 75239 75395 | 1564 1720 | 157 157 | 95.54 | NC_057381.1 utg000252l
		Skipping redundant alignment 862986 863062 | 1907 1831 | 77 77 | 97.4 | NC_057382.1 utg000252l
		Skipping redundant alignment 1465819 1465895 | 1907 1831 | 77 77 | 97.4 | NC_057378.1 utg000252l
		Skipping redundant alignment 96697 96775 | 1829 1907 | 79 79 | 98.73 | NC_057377.1 utg000252l
		Skipping redundant alignment 75503 75581 | 1829 1907 | 79 79 | 98.73 | NC_057381.1 utg000252l
		Skipping redundant alignment 75742 75819 | 2068 2145 | 78 78 | 97.44 | NC_057381.1 utg000252l
		Skipping redundant alignment 96936 97013 | 2068 2145 | 78 78 | 96.15 | NC_057377.1 utg000252l
		Skipping redundant alignment 1228110 1228187 | 2068 2145 | 78 78 | 96.15 | NC_057380.1 utg000252l
		Skipping redundant alignment 1465578 1465656 | 2148 2070 | 79 79 | 98.73 | NC_057378.1 utg000252l
		Skipping redundant alignment 862746 862824 | 2148 2070 | 79 79 | 96.2 | NC_057382.1 utg000252l
		Skipping redundant alignment 1228249 1228320 | 2205 2276 | 72 72 | 95.83 | NC_057380.1 utg000252l
		Skipping redundant alignment 862613 862685 | 2279 2207 | 73 73 | 98.63 | NC_057382.1 utg000252l
		Skipping redundant alignment 75881 75977 | 2205 2301 | 97 97 | 95.88 | NC_057381.1 utg000252l
		Skipping redundant alignment 1465422 1465517 | 2302 2207 | 96 96 | 95.83 | NC_057378.1 utg000252l
			The best set is below. Score: 569.0, number of alignments: 6, unaligned bases: 61687
		This contig is misassembled.
		This contig is partially unaligned. (Aligned 586 out of 62273 non-N bases (0.94%))
			Warning! This contig is more unaligned than misassembled. Contig length is 62273 (number of Ns: 0) and total length of all aligns is 586
		Alignment: 3536584 3536673 | 1243 1154 | 90 90 | 96.67 | NC_057385.1 utg000252l
		Alignment: 3536455 3536546 | 1371 1280 | 92 92 | 96.74 | NC_057385.1 utg000252l
		Alignment: 3536100 3536252 | 1720 1568 | 153 153 | 96.08 | NC_057385.1 utg000252l
		Alignment: 3535914 3535990 | 1907 1831 | 77 77 | 100.0 | NC_057385.1 utg000252l
		Alignment: 3535674 3535752 | 2148 2070 | 79 79 | 97.47 | NC_057385.1 utg000252l
		Alignment: 3535519 3535613 | 2301 2207 | 95 95 | 96.84 | NC_057385.1 utg000252l
		Unaligned bases: 61687

CONTIG: utg000253l (26474bp)
		This contig is unaligned. (26474 bp)
		Unaligned bases: 26474 (number of Ns: 0)

CONTIG: utg000254l (83858bp)
		This contig is unaligned. (83858 bp)
		Unaligned bases: 83858 (number of Ns: 0)

CONTIG: utg000255l (39728bp)
		This contig is unaligned. (39728 bp)
		Unaligned bases: 39728 (number of Ns: 0)

CONTIG: utg000256l (98258bp)
		This contig is unaligned. (98258 bp)
		Unaligned bases: 98258 (number of Ns: 0)

CONTIG: utg000257l (25823bp)
		This contig is unaligned. (25823 bp)
		Unaligned bases: 25823 (number of Ns: 0)

CONTIG: utg000258l (28658bp)
		This contig is unaligned. (28658 bp)
		Unaligned bases: 28658 (number of Ns: 0)

CONTIG: utg000259l (70725bp)
		This contig is unaligned. (70725 bp)
		Unaligned bases: 70725 (number of Ns: 0)

CONTIG: utg000260l (33656bp)
		This contig is unaligned. (33656 bp)
		Unaligned bases: 33656 (number of Ns: 0)

CONTIG: utg000261l (86485bp)
		This contig is unaligned. (86485 bp)
		Unaligned bases: 86485 (number of Ns: 0)

CONTIG: utg000262l (21717bp)
		This contig is unaligned. (21717 bp)
		Unaligned bases: 21717 (number of Ns: 0)

CONTIG: utg000263l (90051bp)
Best alignment score: 144.0 (LEN: 147, IDY: 97.96), Total number of alignments: 9
			Looking for the best set of alignments (out of 9 total alignments)
			Skipping redundant alignments after choosing the best set of alignments
		Skipping redundant alignment 862528 862612 | 35477 35561 | 85 85 | 96.47 | NC_057382.1 utg000263l
		Skipping redundant alignment 1228321 1228405 | 35564 35480 | 85 85 | 96.47 | NC_057380.1 utg000263l
		Skipping redundant alignment 1037833 1037979 | 35477 35623 | 147 147 | 95.92 | NC_057371.1 utg000263l
		Skipping redundant alignment 1465359 1465505 | 35477 35623 | 147 147 | 95.92 | NC_057378.1 utg000263l
		Skipping redundant alignment 97087 97232 | 35625 35480 | 146 146 | 97.95 | NC_057377.1 utg000263l
		Skipping redundant alignment 1465584 1465648 | 35700 35764 | 65 65 | 98.46 | NC_057378.1 utg000263l
		Skipping redundant alignment 1038058 1038122 | 35700 35764 | 65 65 | 95.38 | NC_057371.1 utg000263l
			The best set is below. Score: 208.0, number of alignments: 2, unaligned bases: 89839
		This contig is misassembled.
		This contig is partially unaligned. (Aligned 212 out of 90051 non-N bases (0.24%))
			Warning! This contig is more unaligned than misassembled. Contig length is 90051 (number of Ns: 0) and total length of all aligns is 212
		Alignment: 3535455 3535601 | 35477 35623 | 147 147 | 97.96 | NC_057385.1 utg000263l
		Alignment: 3535680 3535744 | 35700 35764 | 65 65 | 98.46 | NC_057385.1 utg000263l
		Unaligned bases: 89839

CONTIG: utg000264l (74268bp)
Best alignment score: 173.0 (LEN: 182, IDY: 95.05), Total number of alignments: 13
			Looking for the best set of alignments (out of 13 total alignments)
			Skipping redundant alignments after choosing the best set of alignments
		Skipping redundant alignment 95989 96053 | 88 152 | 65 65 | 96.92 | NC_057377.1 utg000264l
		Skipping redundant alignment 1227170 1227241 | 81 152 | 72 72 | 97.22 | NC_057380.1 utg000264l
		Skipping redundant alignment 863707 863779 | 153 81 | 73 73 | 97.26 | NC_057382.1 utg000264l
		Skipping redundant alignment 894162 894343 | 192 373 | 182 182 | 95.05 | NC_057384.1 utg000264l
		Skipping redundant alignment 796206 796301 | 684 589 | 96 96 | 95.83 | NC_057384.1 utg000264l
		Skipping redundant alignment 3536095 3536197 | 691 589 | 103 103 | 98.06 | NC_057385.1 utg000264l
		Skipping redundant alignment 863167 863269 | 691 589 | 103 103 | 97.09 | NC_057382.1 utg000264l
		Skipping redundant alignment 75293 75400 | 584 691 | 108 108 | 99.07 | NC_057381.1 utg000264l
		Skipping redundant alignment 96487 96594 | 584 691 | 108 108 | 98.15 | NC_057377.1 utg000264l
		Skipping redundant alignment 1227666 1227773 | 584 691 | 108 108 | 97.22 | NC_057380.1 utg000264l
			The best set is below. Score: 337.0, number of alignments: 3, unaligned bases: 73918
		This contig is misassembled.
		This contig is partially unaligned. (Aligned 350 out of 74268 non-N bases (0.47%))
			Warning! This contig is more unaligned than misassembled. Contig length is 74268 (number of Ns: 0) and total length of all aligns is 350
		Alignment: 826406 826477 | 153 82 | 72 72 | 98.61 | NC_057384.1 utg000264l
		Alignment: 826184 826365 | 374 193 | 182 182 | 95.05 | NC_057384.1 utg000264l
		Alignment: 825873 825968 | 684 589 | 96 96 | 96.88 | NC_057384.1 utg000264l
		Unaligned bases: 73918

CONTIG: utg000265l (49029bp)
		This contig is unaligned. (49029 bp)
		Unaligned bases: 49029 (number of Ns: 0)

CONTIG: utg000266l (37766bp)
		This contig is unaligned. (37766 bp)
		Unaligned bases: 37766 (number of Ns: 0)

CONTIG: utg000267c (159260bp)
		This contig is unaligned. (159260 bp)
		Unaligned bases: 159260 (number of Ns: 0)

CONTIG: utg000268l (123139bp)
		This contig is unaligned. (123139 bp)
		Unaligned bases: 123139 (number of Ns: 0)

CONTIG: utg000269l (112285bp)
Best alignment score: 140.0 (LEN: 145, IDY: 96.55), Total number of alignments: 4
			Looking for the best set of alignments (out of 4 total alignments)
			Skipping redundant alignments after choosing the best set of alignments
		Skipping redundant alignment 255367 255467 | 102185 102085 | 101 101 | 98.02 | NC_057379.1 utg000269l
			The best set is below. Score: 303.0, number of alignments: 3, unaligned bases: 111971
		This contig is misassembled.
		This contig is partially unaligned. (Aligned 314 out of 112285 non-N bases (0.28%))
			Warning! This contig is more unaligned than misassembled. Contig length is 112285 (number of Ns: 0) and total length of all aligns is 314
		Alignment: 1474346 1474424 | 70605 70683 | 79 79 | 96.2 | NC_057378.1 utg000269l
		Alignment: 1474697 1474786 | 70964 71053 | 90 90 | 96.67 | NC_057378.1 utg000269l
		Alignment: 1474787 1474931 | 71055 71199 | 145 145 | 96.55 | NC_057378.1 utg000269l
		Unaligned bases: 111971

CONTIG: utg000270l (100366bp)
		This contig is unaligned. (100366 bp)
		Unaligned bases: 100366 (number of Ns: 0)

CONTIG: utg000271l (33121bp)
		This contig is unaligned. (33121 bp)
		Unaligned bases: 33121 (number of Ns: 0)

CONTIG: utg000272l (32904bp)
		This contig is unaligned. (32904 bp)
		Unaligned bases: 32904 (number of Ns: 0)

CONTIG: utg000273l (58137bp)
		This contig is unaligned. (58137 bp)
		Unaligned bases: 58137 (number of Ns: 0)

CONTIG: utg000274l (64584bp)
		This contig is unaligned. (64584 bp)
		Unaligned bases: 64584 (number of Ns: 0)

CONTIG: utg000275l (85310bp)
		This contig is unaligned. (85310 bp)
		Unaligned bases: 85310 (number of Ns: 0)

CONTIG: utg000276l (101630bp)
		This contig is unaligned. (101630 bp)
		Unaligned bases: 101630 (number of Ns: 0)

CONTIG: utg000277l (99050bp)
Best alignment score: 84.0 (LEN: 86, IDY: 97.67), Total number of alignments: 1
			Looking for the best set of alignments (out of 1 total alignments)
			The best set is below. Score: 84.0, number of alignments: 1, unaligned bases: 98964
		This contig is partially unaligned. (Aligned 86 out of 99050 non-N bases (0.09%))
		Alignment: 1075141 1075226 | 43010 42925 | 86 86 | 97.67 | NC_057376.1 utg000277l
		Unaligned bases: 1 to 42924 (42924)
		Unaligned bases: 43011 to 99050 (56040)

CONTIG: utg000278l (55957bp)
		This contig is unaligned. (55957 bp)
		Unaligned bases: 55957 (number of Ns: 0)

CONTIG: utg000279l (47396bp)
		This contig is unaligned. (47396 bp)
		Unaligned bases: 47396 (number of Ns: 0)

CONTIG: utg000280l (60005bp)
		This contig is unaligned. (60005 bp)
		Unaligned bases: 60005 (number of Ns: 0)

CONTIG: utg000281l (79669bp)
		This contig is unaligned. (79669 bp)
		Unaligned bases: 79669 (number of Ns: 0)

CONTIG: utg000282l (23442bp)
		This contig is unaligned. (23442 bp)
		Unaligned bases: 23442 (number of Ns: 0)

CONTIG: utg000283l (73040bp)
		This contig is unaligned. (73040 bp)
		Unaligned bases: 73040 (number of Ns: 0)

CONTIG: utg000284l (59223bp)
		This contig is unaligned. (59223 bp)
		Unaligned bases: 59223 (number of Ns: 0)

CONTIG: utg000285l (117321bp)
		This contig is unaligned. (117321 bp)
		Unaligned bases: 117321 (number of Ns: 0)

CONTIG: utg000286l (72241bp)
Best alignment score: 65.0 (LEN: 65, IDY: 100.00), Total number of alignments: 1
			Looking for the best set of alignments (out of 1 total alignments)
			The best set is below. Score: 65.0, number of alignments: 1, unaligned bases: 72176
		This contig is partially unaligned. (Aligned 65 out of 72241 non-N bases (0.09%))
		Alignment: 75937 76001 | 24662 24726 | 65 65 | 100.0 | NC_057381.1 utg000286l
		Unaligned bases: 1 to 24661 (24661)
		Unaligned bases: 24727 to 72241 (47515)

CONTIG: utg000287l (81752bp)
		This contig is unaligned. (81752 bp)
		Unaligned bases: 81752 (number of Ns: 0)

CONTIG: utg000288l (23730bp)
		This contig is unaligned. (23730 bp)
		Unaligned bases: 23730 (number of Ns: 0)

CONTIG: utg000289l (18312bp)
		This contig is unaligned. (18312 bp)
		Unaligned bases: 18312 (number of Ns: 0)

CONTIG: utg000290l (81261bp)
		This contig is unaligned. (81261 bp)
		Unaligned bases: 81261 (number of Ns: 0)

CONTIG: utg000291l (73986bp)
		This contig is unaligned. (73986 bp)
		Unaligned bases: 73986 (number of Ns: 0)

CONTIG: utg000292l (85153bp)
		This contig is unaligned. (85153 bp)
		Unaligned bases: 85153 (number of Ns: 0)

CONTIG: utg000293l (67641bp)
		This contig is unaligned. (67641 bp)
		Unaligned bases: 67641 (number of Ns: 0)

CONTIG: utg000294l (73545bp)
		This contig is unaligned. (73545 bp)
		Unaligned bases: 73545 (number of Ns: 0)

CONTIG: utg000295l (21707bp)
		This contig is unaligned. (21707 bp)
		Unaligned bases: 21707 (number of Ns: 0)

CONTIG: utg000296l (26325bp)
		This contig is unaligned. (26325 bp)
		Unaligned bases: 26325 (number of Ns: 0)

CONTIG: utg000297l (39308bp)
		This contig is unaligned. (39308 bp)
		Unaligned bases: 39308 (number of Ns: 0)

CONTIG: utg000298l (53024bp)
		This contig is unaligned. (53024 bp)
		Unaligned bases: 53024 (number of Ns: 0)

CONTIG: utg000299l (75113bp)
Best alignment score: 83.0 (LEN: 86, IDY: 96.51), Total number of alignments: 1
			Looking for the best set of alignments (out of 1 total alignments)
			The best set is below. Score: 83.0, number of alignments: 1, unaligned bases: 75027
		This contig is partially unaligned. (Aligned 86 out of 75113 non-N bases (0.11%))
		Alignment: 579773 579858 | 71966 72051 | 86 86 | 96.51 | NC_057372.1 utg000299l
		Unaligned bases: 1 to 71965 (71965)
		Unaligned bases: 72052 to 75113 (3062)

CONTIG: utg000300l (22179bp)
		This contig is unaligned. (22179 bp)
		Unaligned bases: 22179 (number of Ns: 0)

CONTIG: utg000301l (32530bp)
		This contig is unaligned. (32530 bp)
		Unaligned bases: 32530 (number of Ns: 0)

CONTIG: utg000302l (11438bp)
		This contig is unaligned. (11438 bp)
		Unaligned bases: 11438 (number of Ns: 0)

CONTIG: utg000303l (68284bp)
		This contig is unaligned. (68284 bp)
		Unaligned bases: 68284 (number of Ns: 0)

CONTIG: utg000304l (47334bp)
		This contig is unaligned. (47334 bp)
		Unaligned bases: 47334 (number of Ns: 0)

CONTIG: utg000305l (74078bp)
		This contig is unaligned. (74078 bp)
		Unaligned bases: 74078 (number of Ns: 0)

CONTIG: utg000306l (60025bp)
		This contig is unaligned. (60025 bp)
		Unaligned bases: 60025 (number of Ns: 0)

CONTIG: utg000307l (71713bp)
Best alignment score: 119.0 (LEN: 120, IDY: 99.17), Total number of alignments: 1
			Looking for the best set of alignments (out of 1 total alignments)
			The best set is below. Score: 119.0, number of alignments: 1, unaligned bases: 71593
		This contig is partially unaligned. (Aligned 120 out of 71713 non-N bases (0.17%))
		Alignment: 1805123 1805242 | 50786 50667 | 120 120 | 99.17 | NC_057374.1 utg000307l
		Unaligned bases: 1 to 50666 (50666)
		Unaligned bases: 50787 to 71713 (20927)

CONTIG: utg000308l (57545bp)
		This contig is unaligned. (57545 bp)
		Unaligned bases: 57545 (number of Ns: 0)

CONTIG: utg000309l (124477bp)
Best alignment score: 144.0 (LEN: 149, IDY: 96.64), Total number of alignments: 4
			Looking for the best set of alignments (out of 4 total alignments)
			Skipping redundant alignments after choosing the best set of alignments
		Skipping redundant alignment 1227699 1227806 | 42646 42753 | 108 108 | 97.22 | NC_057380.1 utg000309l
		Skipping redundant alignment 863132 863235 | 42755 42652 | 104 104 | 98.08 | NC_057382.1 utg000309l
			The best set is below. Score: 207.0, number of alignments: 2, unaligned bases: 124263
		This contig is misassembled.
		This contig is partially unaligned. (Aligned 214 out of 124477 non-N bases (0.17%))
			Warning! This contig is more unaligned than misassembled. Contig length is 124477 (number of Ns: 0) and total length of all aligns is 214
		Alignment: 826354 826502 | 42247 42099 | 149 149 | 96.64 | NC_057384.1 utg000309l
		Alignment: 825873 825937 | 42713 42649 | 65 65 | 96.92 | NC_057384.1 utg000309l
		Unaligned bases: 124263

CONTIG: utg000310l (68573bp)
		This contig is unaligned. (68573 bp)
		Unaligned bases: 68573 (number of Ns: 0)

CONTIG: utg000311l (200667bp)
		This contig is unaligned. (200667 bp)
		Unaligned bases: 200667 (number of Ns: 0)

CONTIG: utg000312l (23639bp)
		This contig is unaligned. (23639 bp)
		Unaligned bases: 23639 (number of Ns: 0)

CONTIG: utg000313l (74339bp)
		This contig is unaligned. (74339 bp)
		Unaligned bases: 74339 (number of Ns: 0)

CONTIG: utg000314l (11880bp)
		This contig is unaligned. (11880 bp)
		Unaligned bases: 11880 (number of Ns: 0)

CONTIG: utg000315l (71497bp)
		This contig is unaligned. (71497 bp)
		Unaligned bases: 71497 (number of Ns: 0)

CONTIG: utg000316l (32817bp)
		This contig is unaligned. (32817 bp)
		Unaligned bases: 32817 (number of Ns: 0)

CONTIG: utg000317l (44010bp)
		This contig is unaligned. (44010 bp)
		Unaligned bases: 44010 (number of Ns: 0)

CONTIG: utg000318l (63510bp)
		This contig is unaligned. (63510 bp)
		Unaligned bases: 63510 (number of Ns: 0)

CONTIG: utg000319l (66179bp)
Best alignment score: 93.0 (LEN: 95, IDY: 97.89), Total number of alignments: 1
			Looking for the best set of alignments (out of 1 total alignments)
			The best set is below. Score: 93.0, number of alignments: 1, unaligned bases: 66084
		This contig is partially unaligned. (Aligned 95 out of 66179 non-N bases (0.14%))
		Alignment: 2935104 2935198 | 20832 20738 | 95 95 | 97.89 | NC_057373.1 utg000319l
		Unaligned bases: 1 to 20737 (20737)
		Unaligned bases: 20833 to 66179 (45347)

CONTIG: utg000320l (40285bp)
		This contig is unaligned. (40285 bp)
		Unaligned bases: 40285 (number of Ns: 0)

CONTIG: utg000321l (20746bp)
		This contig is unaligned. (20746 bp)
		Unaligned bases: 20746 (number of Ns: 0)

CONTIG: utg000322l (53163bp)
		This contig is unaligned. (53163 bp)
		Unaligned bases: 53163 (number of Ns: 0)

CONTIG: utg000323l (78640bp)
		This contig is unaligned. (78640 bp)
		Unaligned bases: 78640 (number of Ns: 0)

CONTIG: utg000324l (60704bp)
		This contig is unaligned. (60704 bp)
		Unaligned bases: 60704 (number of Ns: 0)

CONTIG: utg000325l (12227bp)
		This contig is unaligned. (12227 bp)
		Unaligned bases: 12227 (number of Ns: 0)

CONTIG: utg000326l (73282bp)
		This contig is unaligned. (73282 bp)
		Unaligned bases: 73282 (number of Ns: 0)

CONTIG: utg000327l (18226bp)
		This contig is unaligned. (18226 bp)
		Unaligned bases: 18226 (number of Ns: 0)

CONTIG: utg000328l (13130bp)
		This contig is unaligned. (13130 bp)
		Unaligned bases: 13130 (number of Ns: 0)

CONTIG: utg000329l (45911bp)
Best alignment score: 347.0 (LEN: 365, IDY: 95.08), Total number of alignments: 6
			Looking for the best set of alignments (out of 6 total alignments)
			Skipping redundant alignments after choosing the best set of alignments
		Skipping redundant alignment 1218980 1219094 | 16528 16414 | 115 115 | 96.52 | NC_057380.1 utg000329l
		Skipping redundant alignment 871875 871991 | 16412 16528 | 117 117 | 96.58 | NC_057382.1 utg000329l
		Skipping redundant alignment 871974 872052 | 17018 16940 | 79 79 | 96.2 | NC_057382.1 utg000329l
		Skipping redundant alignment 871810 871886 | 17184 17108 | 77 77 | 97.4 | NC_057382.1 utg000329l
		Skipping redundant alignment 871485 871557 | 17510 17438 | 73 73 | 95.89 | NC_057382.1 utg000329l
			The best set is below. Score: 347.0, number of alignments: 1, unaligned bases: 45546
		This contig is partially unaligned. (Aligned 365 out of 45911 non-N bases (0.80%))
		Alignment: 1956170 1956531 | 14987 15351 | 362 365 | 95.08 | NC_057379.1 utg000329l
		Unaligned bases: 1 to 14986 (14986)
		Unaligned bases: 15352 to 45911 (30560)

CONTIG: utg000330l (121365bp)
Best alignment score: 96.0 (LEN: 96, IDY: 100.00), Total number of alignments: 28
			Looking for the best set of alignments (out of 28 total alignments)
			Skipping redundant alignments after choosing the best set of alignments
		Skipping redundant alignment 1331752 1331816 | 28670 28606 | 65 65 | 100.0 | NC_057382.1 utg000330l
		Skipping redundant alignment 2785529 2785594 | 28671 28606 | 66 66 | 100.0 | NC_057371.1 utg000330l
		Skipping redundant alignment 2785529 2785596 | 28673 28606 | 68 68 | 100.0 | NC_057371.1 utg000330l
		Skipping redundant alignment 1331752 1331819 | 28676 28609 | 68 68 | 100.0 | NC_057382.1 utg000330l
		Skipping redundant alignment 2785529 2785600 | 28677 28606 | 72 72 | 100.0 | NC_057371.1 utg000330l
		Skipping redundant alignment 1331752 1331819 | 28684 28617 | 68 68 | 100.0 | NC_057382.1 utg000330l
		Skipping redundant alignment 2785529 2785610 | 28687 28606 | 82 82 | 100.0 | NC_057371.1 utg000330l
		Skipping redundant alignment 1331752 1331819 | 28688 28621 | 68 68 | 100.0 | NC_057382.1 utg000330l
		Skipping redundant alignment 2785529 2785612 | 28689 28606 | 84 84 | 100.0 | NC_057371.1 utg000330l
		Skipping redundant alignment 1331752 1331819 | 28708 28641 | 68 68 | 100.0 | NC_057382.1 utg000330l
		Skipping redundant alignment 1331755 1331819 | 28713 28649 | 65 65 | 100.0 | NC_057382.1 utg000330l
		Skipping redundant alignment 2785559 2785624 | 28713 28648 | 66 66 | 100.0 | NC_057371.1 utg000330l
		Skipping redundant alignment 1331753 1331819 | 28713 28647 | 67 67 | 100.0 | NC_057382.1 utg000330l
		Skipping redundant alignment 2785557 2785624 | 28713 28646 | 68 68 | 100.0 | NC_057371.1 utg000330l
		Skipping redundant alignment 2785555 2785624 | 28713 28644 | 70 70 | 100.0 | NC_057371.1 utg000330l
		Skipping redundant alignment 2785553 2785624 | 28713 28642 | 72 72 | 100.0 | NC_057371.1 utg000330l
		Skipping redundant alignment 2785551 2785624 | 28713 28640 | 74 74 | 100.0 | NC_057371.1 utg000330l
		Skipping redundant alignment 2785549 2785624 | 28713 28638 | 76 76 | 100.0 | NC_057371.1 utg000330l
		Skipping redundant alignment 2785547 2785624 | 28713 28636 | 78 78 | 100.0 | NC_057371.1 utg000330l
		Skipping redundant alignment 2785545 2785624 | 28713 28634 | 80 80 | 100.0 | NC_057371.1 utg000330l
		Skipping redundant alignment 2785543 2785624 | 28713 28632 | 82 82 | 100.0 | NC_057371.1 utg000330l
		Skipping redundant alignment 2785541 2785624 | 28713 28630 | 84 84 | 100.0 | NC_057371.1 utg000330l
		Skipping redundant alignment 2785539 2785624 | 28713 28628 | 86 86 | 100.0 | NC_057371.1 utg000330l
		Skipping redundant alignment 2785537 2785624 | 28713 28626 | 88 88 | 100.0 | NC_057371.1 utg000330l
		Skipping redundant alignment 2785535 2785624 | 28713 28624 | 90 90 | 100.0 | NC_057371.1 utg000330l
		Skipping redundant alignment 2785533 2785624 | 28713 28622 | 92 92 | 100.0 | NC_057371.1 utg000330l
		Skipping redundant alignment 2785531 2785624 | 28713 28620 | 94 94 | 100.0 | NC_057371.1 utg000330l
			The best set is below. Score: 96.0, number of alignments: 1, unaligned bases: 121269
		This contig is partially unaligned. (Aligned 96 out of 121365 non-N bases (0.08%))
		Alignment: 2785529 2785624 | 28705 28610 | 96 96 | 100.0 | NC_057371.1 utg000330l
		Unaligned bases: 1 to 28609 (28609)
		Unaligned bases: 28706 to 121365 (92660)

CONTIG: utg000331l (53249bp)
		This contig is unaligned. (53249 bp)
		Unaligned bases: 53249 (number of Ns: 0)

CONTIG: utg000332l (70994bp)
		This contig is unaligned. (70994 bp)
		Unaligned bases: 70994 (number of Ns: 0)

CONTIG: utg000333l (37848bp)
		This contig is unaligned. (37848 bp)
		Unaligned bases: 37848 (number of Ns: 0)

CONTIG: utg000334l (96325bp)
Best alignment score: 108.0 (LEN: 111, IDY: 97.30), Total number of alignments: 12
			Looking for the best set of alignments (out of 12 total alignments)
			Skipping redundant alignments after choosing the best set of alignments
		Skipping redundant alignment 1477425 1477512 | 4103 4014 | 88 90 | 96.67 | NC_057374.1 utg000334l
		Skipping redundant alignment 1219600 1219670 | 52737 52807 | 71 71 | 97.18 | NC_057380.1 utg000334l
		Skipping redundant alignment 1956393 1956464 | 53423 53352 | 72 72 | 95.83 | NC_057379.1 utg000334l
		Skipping redundant alignment 185393 185476 | 73390 73307 | 84 84 | 95.24 | NC_057379.1 utg000334l
		Skipping redundant alignment 331146 331227 | 76107 76187 | 82 81 | 98.78 | NC_057379.1 utg000334l
		Skipping redundant alignment 1404193 1404275 | 76106 76187 | 83 82 | 98.8 | NC_057380.1 utg000334l
		Skipping redundant alignment 686448 686530 | 76187 76106 | 83 82 | 98.8 | NC_057382.1 utg000334l
		Skipping redundant alignment 184083 184166 | 76187 76105 | 84 83 | 98.81 | NC_057379.1 utg000334l
		Skipping redundant alignment 268901 268984 | 76105 76187 | 84 83 | 97.62 | NC_057379.1 utg000334l
		Skipping redundant alignment 1477426 1477510 | 76104 76187 | 85 84 | 98.82 | NC_057374.1 utg000334l
			The best set is below. Score: 170.0, number of alignments: 2, unaligned bases: 96126
		This contig is misassembled.
		This contig is partially unaligned. (Aligned 199 out of 96325 non-N bases (0.21%))
			Warning! This contig is more unaligned than misassembled. Contig length is 96325 (number of Ns: 0) and total length of all aligns is 199
		Alignment: 268901 268986 | 4101 4014 | 86 88 | 97.73 | NC_057379.1 utg000334l
		Alignment: 255357 255467 | 17532 17422 | 111 111 | 97.3 | NC_057379.1 utg000334l
		Unaligned bases: 96126

CONTIG: utg000335l (23977bp)
		This contig is unaligned. (23977 bp)
		Unaligned bases: 23977 (number of Ns: 0)

CONTIG: utg000336l (27266bp)
		This contig is unaligned. (27266 bp)
		Unaligned bases: 27266 (number of Ns: 0)

CONTIG: utg000337l (50718bp)
		This contig is unaligned. (50718 bp)
		Unaligned bases: 50718 (number of Ns: 0)

CONTIG: utg000338l (56499bp)
		This contig is unaligned. (56499 bp)
		Unaligned bases: 56499 (number of Ns: 0)

CONTIG: utg000339l (51712bp)
		This contig is unaligned. (51712 bp)
		Unaligned bases: 51712 (number of Ns: 0)

CONTIG: utg000340l (38075bp)
		This contig is unaligned. (38075 bp)
		Unaligned bases: 38075 (number of Ns: 0)

CONTIG: utg000341l (47661bp)
		This contig is unaligned. (47661 bp)
		Unaligned bases: 47661 (number of Ns: 0)

CONTIG: utg000342l (34340bp)
		This contig is unaligned. (34340 bp)
		Unaligned bases: 34340 (number of Ns: 0)

CONTIG: utg000343l (32475bp)
		This contig is unaligned. (32475 bp)
		Unaligned bases: 32475 (number of Ns: 0)

CONTIG: utg000344l (19181bp)
		This contig is unaligned. (19181 bp)
		Unaligned bases: 19181 (number of Ns: 0)

CONTIG: utg000345l (45052bp)
		This contig is unaligned. (45052 bp)
		Unaligned bases: 45052 (number of Ns: 0)

CONTIG: utg000346l (23519bp)
		This contig is unaligned. (23519 bp)
		Unaligned bases: 23519 (number of Ns: 0)

CONTIG: utg000347l (43332bp)
		This contig is unaligned. (43332 bp)
		Unaligned bases: 43332 (number of Ns: 0)

CONTIG: utg000348l (66772bp)
		This contig is unaligned. (66772 bp)
		Unaligned bases: 66772 (number of Ns: 0)

CONTIG: utg000349l (26398bp)
		This contig is unaligned. (26398 bp)
		Unaligned bases: 26398 (number of Ns: 0)

CONTIG: utg000350l (20003bp)
		This contig is unaligned. (20003 bp)
		Unaligned bases: 20003 (number of Ns: 0)

CONTIG: utg000351l (15873bp)
		This contig is unaligned. (15873 bp)
		Unaligned bases: 15873 (number of Ns: 0)

CONTIG: utg000352l (37438bp)
		This contig is unaligned. (37438 bp)
		Unaligned bases: 37438 (number of Ns: 0)

CONTIG: utg000353l (48646bp)
		This contig is unaligned. (48646 bp)
		Unaligned bases: 48646 (number of Ns: 0)

CONTIG: utg000354l (109626bp)
		This contig is unaligned. (109626 bp)
		Unaligned bases: 109626 (number of Ns: 0)

CONTIG: utg000355l (58448bp)
		This contig is unaligned. (58448 bp)
		Unaligned bases: 58448 (number of Ns: 0)

CONTIG: utg000356l (36377bp)
		This contig is unaligned. (36377 bp)
		Unaligned bases: 36377 (number of Ns: 0)

CONTIG: utg000357l (30538bp)
		This contig is unaligned. (30538 bp)
		Unaligned bases: 30538 (number of Ns: 0)

CONTIG: utg000358l (28137bp)
		This contig is unaligned. (28137 bp)
		Unaligned bases: 28137 (number of Ns: 0)

CONTIG: utg000359l (74541bp)
		This contig is unaligned. (74541 bp)
		Unaligned bases: 74541 (number of Ns: 0)

CONTIG: utg000360l (88804bp)
		This contig is unaligned. (88804 bp)
		Unaligned bases: 88804 (number of Ns: 0)

CONTIG: utg000361l (51030bp)
		This contig is unaligned. (51030 bp)
		Unaligned bases: 51030 (number of Ns: 0)

CONTIG: utg000362l (61251bp)
		This contig is unaligned. (61251 bp)
		Unaligned bases: 61251 (number of Ns: 0)

CONTIG: utg000363l (30552bp)
		This contig is unaligned. (30552 bp)
		Unaligned bases: 30552 (number of Ns: 0)

CONTIG: utg000364l (73763bp)
		This contig is unaligned. (73763 bp)
		Unaligned bases: 73763 (number of Ns: 0)

CONTIG: utg000365l (26004bp)
		This contig is unaligned. (26004 bp)
		Unaligned bases: 26004 (number of Ns: 0)

CONTIG: utg000366l (69807bp)
		This contig is unaligned. (69807 bp)
		Unaligned bases: 69807 (number of Ns: 0)

CONTIG: utg000367l (17495bp)
		This contig is unaligned. (17495 bp)
		Unaligned bases: 17495 (number of Ns: 0)

CONTIG: utg000368l (8519bp)
		This contig is unaligned. (8519 bp)
		Unaligned bases: 8519 (number of Ns: 0)

CONTIG: utg000369l (87854bp)
		This contig is unaligned. (87854 bp)
		Unaligned bases: 87854 (number of Ns: 0)

CONTIG: utg000370l (64233bp)
		This contig is unaligned. (64233 bp)
		Unaligned bases: 64233 (number of Ns: 0)

CONTIG: utg000371l (26459bp)
		This contig is unaligned. (26459 bp)
		Unaligned bases: 26459 (number of Ns: 0)

CONTIG: utg000372l (27849bp)
		This contig is unaligned. (27849 bp)
		Unaligned bases: 27849 (number of Ns: 0)

CONTIG: utg000373l (32835bp)
		This contig is unaligned. (32835 bp)
		Unaligned bases: 32835 (number of Ns: 0)

CONTIG: utg000374l (12671bp)
		This contig is unaligned. (12671 bp)
		Unaligned bases: 12671 (number of Ns: 0)

CONTIG: utg000375l (56990bp)
		This contig is unaligned. (56990 bp)
		Unaligned bases: 56990 (number of Ns: 0)

CONTIG: utg000376l (42500bp)
		This contig is unaligned. (42500 bp)
		Unaligned bases: 42500 (number of Ns: 0)

CONTIG: utg000377l (16847bp)
		This contig is unaligned. (16847 bp)
		Unaligned bases: 16847 (number of Ns: 0)

CONTIG: utg000378l (8345bp)
		This contig is unaligned. (8345 bp)
		Unaligned bases: 8345 (number of Ns: 0)

CONTIG: utg000379l (27334bp)
		This contig is unaligned. (27334 bp)
		Unaligned bases: 27334 (number of Ns: 0)

CONTIG: utg000380l (42741bp)
		This contig is unaligned. (42741 bp)
		Unaligned bases: 42741 (number of Ns: 0)

CONTIG: utg000381l (49076bp)
		This contig is unaligned. (49076 bp)
		Unaligned bases: 49076 (number of Ns: 0)

CONTIG: utg000382l (92658bp)
		This contig is unaligned. (92658 bp)
		Unaligned bases: 92658 (number of Ns: 0)

CONTIG: utg000383l (32786bp)
		This contig is unaligned. (32786 bp)
		Unaligned bases: 32786 (number of Ns: 0)

CONTIG: utg000384l (76826bp)
Best alignment score: 209.0 (LEN: 216, IDY: 96.76), Total number of alignments: 1
			Looking for the best set of alignments (out of 1 total alignments)
			The best set is below. Score: 209.0, number of alignments: 1, unaligned bases: 76610
		This contig is partially unaligned. (Aligned 216 out of 76826 non-N bases (0.28%))
		Alignment: 1474815 1475030 | 32224 32439 | 216 216 | 96.76 | NC_057378.1 utg000384l
		Unaligned bases: 1 to 32223 (32223)
		Unaligned bases: 32440 to 76826 (44387)

CONTIG: utg000385l (48420bp)
		This contig is unaligned. (48420 bp)
		Unaligned bases: 48420 (number of Ns: 0)

CONTIG: utg000386l (9033bp)
		This contig is unaligned. (9033 bp)
		Unaligned bases: 9033 (number of Ns: 0)

CONTIG: utg000387l (35349bp)
		This contig is unaligned. (35349 bp)
		Unaligned bases: 35349 (number of Ns: 0)

CONTIG: utg000388l (78708bp)
		This contig is unaligned. (78708 bp)
		Unaligned bases: 78708 (number of Ns: 0)

CONTIG: utg000389l (68485bp)
		This contig is unaligned. (68485 bp)
		Unaligned bases: 68485 (number of Ns: 0)

CONTIG: utg000390l (34776bp)
		This contig is unaligned. (34776 bp)
		Unaligned bases: 34776 (number of Ns: 0)

CONTIG: utg000391l (27451bp)
		This contig is unaligned. (27451 bp)
		Unaligned bases: 27451 (number of Ns: 0)

CONTIG: utg000392l (44618bp)
		This contig is unaligned. (44618 bp)
		Unaligned bases: 44618 (number of Ns: 0)

CONTIG: utg000393l (12939bp)
		This contig is unaligned. (12939 bp)
		Unaligned bases: 12939 (number of Ns: 0)

CONTIG: utg000394l (63571bp)
		This contig is unaligned. (63571 bp)
		Unaligned bases: 63571 (number of Ns: 0)

CONTIG: utg000395l (79683bp)
Best alignment score: 74.0 (LEN: 75, IDY: 98.67), Total number of alignments: 14
			Looking for the best set of alignments (out of 14 total alignments)
			Skipping redundant alignments after choosing the best set of alignments
		Skipping redundant alignment 2785561 2785625 | 23359 23423 | 65 65 | 100.0 | NC_057371.1 utg000395l
		Skipping redundant alignment 2785553 2785624 | 23359 23430 | 72 72 | 98.61 | NC_057371.1 utg000395l
		Skipping redundant alignment 2785531 2785604 | 23359 23432 | 74 74 | 98.65 | NC_057371.1 utg000395l
		Skipping redundant alignment 2785541 2785614 | 23359 23432 | 74 74 | 98.65 | NC_057371.1 utg000395l
		Skipping redundant alignment 2785543 2785616 | 23359 23432 | 74 74 | 98.65 | NC_057371.1 utg000395l
		Skipping redundant alignment 2785545 2785618 | 23359 23432 | 74 74 | 98.65 | NC_057371.1 utg000395l
		Skipping redundant alignment 2785549 2785622 | 23359 23432 | 74 74 | 98.65 | NC_057371.1 utg000395l
		Skipping redundant alignment 2785533 2785606 | 23359 23432 | 74 74 | 98.65 | NC_057371.1 utg000395l
		Skipping redundant alignment 2785537 2785610 | 23359 23432 | 74 74 | 98.65 | NC_057371.1 utg000395l
		Skipping redundant alignment 2785535 2785608 | 23359 23432 | 74 74 | 98.65 | NC_057371.1 utg000395l
		Skipping redundant alignment 2785529 2785602 | 23359 23432 | 74 74 | 98.65 | NC_057371.1 utg000395l
		Skipping redundant alignment 2785547 2785620 | 23359 23432 | 74 74 | 98.65 | NC_057371.1 utg000395l
		Skipping redundant alignment 2785539 2785612 | 23359 23432 | 74 74 | 98.65 | NC_057371.1 utg000395l
			The best set is below. Score: 74.0, number of alignments: 1, unaligned bases: 79608
		This contig is partially unaligned. (Aligned 75 out of 79683 non-N bases (0.09%))
		Alignment: 2785551 2785625 | 23359 23433 | 75 75 | 98.67 | NC_057371.1 utg000395l
		Unaligned bases: 1 to 23358 (23358)
		Unaligned bases: 23434 to 79683 (56250)

CONTIG: utg000396l (66296bp)
		This contig is unaligned. (66296 bp)
		Unaligned bases: 66296 (number of Ns: 0)

CONTIG: utg000397l (39735bp)
		This contig is unaligned. (39735 bp)
		Unaligned bases: 39735 (number of Ns: 0)

CONTIG: utg000398l (36270bp)
		This contig is unaligned. (36270 bp)
		Unaligned bases: 36270 (number of Ns: 0)

CONTIG: utg000399l (45741bp)
		This contig is unaligned. (45741 bp)
		Unaligned bases: 45741 (number of Ns: 0)

CONTIG: utg000400l (35218bp)
		This contig is unaligned. (35218 bp)
		Unaligned bases: 35218 (number of Ns: 0)

CONTIG: utg000401l (47937bp)
		This contig is unaligned. (47937 bp)
		Unaligned bases: 47937 (number of Ns: 0)

CONTIG: utg000402l (38967bp)
		This contig is unaligned. (38967 bp)
		Unaligned bases: 38967 (number of Ns: 0)

CONTIG: utg000403l (31641bp)
		This contig is unaligned. (31641 bp)
		Unaligned bases: 31641 (number of Ns: 0)

CONTIG: utg000404l (64395bp)
		This contig is unaligned. (64395 bp)
		Unaligned bases: 64395 (number of Ns: 0)

CONTIG: utg000405l (23122bp)
		This contig is unaligned. (23122 bp)
		Unaligned bases: 23122 (number of Ns: 0)

CONTIG: utg000406l (53679bp)
		This contig is unaligned. (53679 bp)
		Unaligned bases: 53679 (number of Ns: 0)

CONTIG: utg000407l (88759bp)
		This contig is unaligned. (88759 bp)
		Unaligned bases: 88759 (number of Ns: 0)

CONTIG: utg000408l (3808bp)
		This contig is unaligned. (3808 bp)
		Unaligned bases: 3808 (number of Ns: 0)

CONTIG: utg000409l (31175bp)
		This contig is unaligned. (31175 bp)
		Unaligned bases: 31175 (number of Ns: 0)

CONTIG: utg000410l (16106bp)
		This contig is unaligned. (16106 bp)
		Unaligned bases: 16106 (number of Ns: 0)

CONTIG: utg000411l (7422bp)
		This contig is unaligned. (7422 bp)
		Unaligned bases: 7422 (number of Ns: 0)

CONTIG: utg000412l (34358bp)
		This contig is unaligned. (34358 bp)
		Unaligned bases: 34358 (number of Ns: 0)

CONTIG: utg000413l (36767bp)
		This contig is unaligned. (36767 bp)
		Unaligned bases: 36767 (number of Ns: 0)

CONTIG: utg000414l (11359bp)
		This contig is unaligned. (11359 bp)
		Unaligned bases: 11359 (number of Ns: 0)

CONTIG: utg000415l (25584bp)
		This contig is unaligned. (25584 bp)
		Unaligned bases: 25584 (number of Ns: 0)

CONTIG: utg000416l (7831bp)
		This contig is unaligned. (7831 bp)
		Unaligned bases: 7831 (number of Ns: 0)

CONTIG: utg000417l (72827bp)
		This contig is unaligned. (72827 bp)
		Unaligned bases: 72827 (number of Ns: 0)

CONTIG: utg000418l (6703bp)
		This contig is unaligned. (6703 bp)
		Unaligned bases: 6703 (number of Ns: 0)

CONTIG: utg000419l (46233bp)
		This contig is unaligned. (46233 bp)
		Unaligned bases: 46233 (number of Ns: 0)

CONTIG: utg000420l (28814bp)
		This contig is unaligned. (28814 bp)
		Unaligned bases: 28814 (number of Ns: 0)

CONTIG: utg000421l (13020bp)
		This contig is unaligned. (13020 bp)
		Unaligned bases: 13020 (number of Ns: 0)

CONTIG: utg000422l (27792bp)
		This contig is unaligned. (27792 bp)
		Unaligned bases: 27792 (number of Ns: 0)

CONTIG: utg000423l (58145bp)
		This contig is unaligned. (58145 bp)
		Unaligned bases: 58145 (number of Ns: 0)

CONTIG: utg000424l (32608bp)
		This contig is unaligned. (32608 bp)
		Unaligned bases: 32608 (number of Ns: 0)

CONTIG: utg000425l (38778bp)
		This contig is unaligned. (38778 bp)
		Unaligned bases: 38778 (number of Ns: 0)

CONTIG: utg000426l (24566bp)
		This contig is unaligned. (24566 bp)
		Unaligned bases: 24566 (number of Ns: 0)

CONTIG: utg000427l (9220bp)
		This contig is unaligned. (9220 bp)
		Unaligned bases: 9220 (number of Ns: 0)

CONTIG: utg000428l (73567bp)
		This contig is unaligned. (73567 bp)
		Unaligned bases: 73567 (number of Ns: 0)

CONTIG: utg000429l (57388bp)
		This contig is unaligned. (57388 bp)
		Unaligned bases: 57388 (number of Ns: 0)

CONTIG: utg000430l (59462bp)
Best alignment score: 91.0 (LEN: 92, IDY: 98.91), Total number of alignments: 1
			Looking for the best set of alignments (out of 1 total alignments)
			The best set is below. Score: 91.0, number of alignments: 1, unaligned bases: 59370
		This contig is partially unaligned. (Aligned 92 out of 59462 non-N bases (0.15%))
		Alignment: 1883870 1883961 | 52771 52680 | 92 92 | 98.91 | NC_057379.1 utg000430l
		Unaligned bases: 1 to 52679 (52679)
		Unaligned bases: 52772 to 59462 (6691)

CONTIG: utg000431l (18975bp)
		This contig is unaligned. (18975 bp)
		Unaligned bases: 18975 (number of Ns: 0)

CONTIG: utg000432l (54550bp)
		This contig is unaligned. (54550 bp)
		Unaligned bases: 54550 (number of Ns: 0)

CONTIG: utg000433l (42946bp)
		This contig is unaligned. (42946 bp)
		Unaligned bases: 42946 (number of Ns: 0)

CONTIG: utg000434l (9073bp)
		This contig is unaligned. (9073 bp)
		Unaligned bases: 9073 (number of Ns: 0)

CONTIG: utg000435l (37024bp)
		This contig is unaligned. (37024 bp)
		Unaligned bases: 37024 (number of Ns: 0)

CONTIG: utg000436l (37112bp)
		This contig is unaligned. (37112 bp)
		Unaligned bases: 37112 (number of Ns: 0)

CONTIG: utg000437l (51702bp)
		This contig is unaligned. (51702 bp)
		Unaligned bases: 51702 (number of Ns: 0)

CONTIG: utg000438l (34118bp)
		This contig is unaligned. (34118 bp)
		Unaligned bases: 34118 (number of Ns: 0)

CONTIG: utg000439l (30205bp)
		This contig is unaligned. (30205 bp)
		Unaligned bases: 30205 (number of Ns: 0)

CONTIG: utg000440l (26964bp)
		This contig is unaligned. (26964 bp)
		Unaligned bases: 26964 (number of Ns: 0)

CONTIG: utg000441l (45173bp)
		This contig is unaligned. (45173 bp)
		Unaligned bases: 45173 (number of Ns: 0)

CONTIG: utg000442l (42028bp)
		This contig is unaligned. (42028 bp)
		Unaligned bases: 42028 (number of Ns: 0)

CONTIG: utg000443l (37738bp)
		This contig is unaligned. (37738 bp)
		Unaligned bases: 37738 (number of Ns: 0)

CONTIG: utg000444l (29754bp)
		This contig is unaligned. (29754 bp)
		Unaligned bases: 29754 (number of Ns: 0)

CONTIG: utg000445l (12204bp)
		This contig is unaligned. (12204 bp)
		Unaligned bases: 12204 (number of Ns: 0)

CONTIG: utg000446l (37688bp)
		This contig is unaligned. (37688 bp)
		Unaligned bases: 37688 (number of Ns: 0)

CONTIG: utg000447l (54807bp)
		This contig is unaligned. (54807 bp)
		Unaligned bases: 54807 (number of Ns: 0)

CONTIG: utg000448l (7513bp)
		This contig is unaligned. (7513 bp)
		Unaligned bases: 7513 (number of Ns: 0)

CONTIG: utg000449l (20220bp)
		This contig is unaligned. (20220 bp)
		Unaligned bases: 20220 (number of Ns: 0)

CONTIG: utg000450l (26181bp)
		This contig is unaligned. (26181 bp)
		Unaligned bases: 26181 (number of Ns: 0)

CONTIG: utg000451l (8475bp)
		This contig is unaligned. (8475 bp)
		Unaligned bases: 8475 (number of Ns: 0)

CONTIG: utg000452l (24217bp)
		This contig is unaligned. (24217 bp)
		Unaligned bases: 24217 (number of Ns: 0)

CONTIG: utg000453l (62232bp)
		This contig is unaligned. (62232 bp)
		Unaligned bases: 62232 (number of Ns: 0)

CONTIG: utg000454l (7011bp)
		This contig is unaligned. (7011 bp)
		Unaligned bases: 7011 (number of Ns: 0)

CONTIG: utg000455l (44653bp)
		This contig is unaligned. (44653 bp)
		Unaligned bases: 44653 (number of Ns: 0)

CONTIG: utg000456l (55216bp)
		This contig is unaligned. (55216 bp)
		Unaligned bases: 55216 (number of Ns: 0)

CONTIG: utg000457l (19842bp)
		This contig is unaligned. (19842 bp)
		Unaligned bases: 19842 (number of Ns: 0)

CONTIG: utg000458l (21707bp)
		This contig is unaligned. (21707 bp)
		Unaligned bases: 21707 (number of Ns: 0)

CONTIG: utg000459l (45686bp)
		This contig is unaligned. (45686 bp)
		Unaligned bases: 45686 (number of Ns: 0)

CONTIG: utg000460l (90778bp)
		This contig is unaligned. (90778 bp)
		Unaligned bases: 90778 (number of Ns: 0)

CONTIG: utg000461l (33210bp)
		This contig is unaligned. (33210 bp)
		Unaligned bases: 33210 (number of Ns: 0)

CONTIG: utg000462l (42206bp)
		This contig is unaligned. (42206 bp)
		Unaligned bases: 42206 (number of Ns: 0)

CONTIG: utg000463l (39402bp)
		This contig is unaligned. (39402 bp)
		Unaligned bases: 39402 (number of Ns: 0)

CONTIG: utg000464l (15354bp)
		This contig is unaligned. (15354 bp)
		Unaligned bases: 15354 (number of Ns: 0)

CONTIG: utg000465l (10081bp)
		This contig is unaligned. (10081 bp)
		Unaligned bases: 10081 (number of Ns: 0)

CONTIG: utg000466l (39188bp)
		This contig is unaligned. (39188 bp)
		Unaligned bases: 39188 (number of Ns: 0)

CONTIG: utg000467l (39518bp)
		This contig is unaligned. (39518 bp)
		Unaligned bases: 39518 (number of Ns: 0)

CONTIG: utg000468l (2152bp)
		This contig is unaligned. (2152 bp)
		Unaligned bases: 2152 (number of Ns: 0)

CONTIG: utg000469l (12659bp)
		This contig is unaligned. (12659 bp)
		Unaligned bases: 12659 (number of Ns: 0)

CONTIG: utg000470l (30628bp)
		This contig is unaligned. (30628 bp)
		Unaligned bases: 30628 (number of Ns: 0)

CONTIG: utg000471l (88382bp)
		This contig is unaligned. (88382 bp)
		Unaligned bases: 88382 (number of Ns: 0)

CONTIG: utg000472l (54638bp)
		This contig is unaligned. (54638 bp)
		Unaligned bases: 54638 (number of Ns: 0)

CONTIG: utg000473l (17044bp)
		This contig is unaligned. (17044 bp)
		Unaligned bases: 17044 (number of Ns: 0)

CONTIG: utg000474l (58916bp)
		This contig is unaligned. (58916 bp)
		Unaligned bases: 58916 (number of Ns: 0)

CONTIG: utg000475l (14536bp)
		This contig is unaligned. (14536 bp)
		Unaligned bases: 14536 (number of Ns: 0)

CONTIG: utg000476l (41333bp)
		This contig is unaligned. (41333 bp)
		Unaligned bases: 41333 (number of Ns: 0)

CONTIG: utg000477l (41346bp)
		This contig is unaligned. (41346 bp)
		Unaligned bases: 41346 (number of Ns: 0)

CONTIG: utg000478l (72050bp)
		This contig is unaligned. (72050 bp)
		Unaligned bases: 72050 (number of Ns: 0)

CONTIG: utg000479l (28216bp)
		This contig is unaligned. (28216 bp)
		Unaligned bases: 28216 (number of Ns: 0)

CONTIG: utg000480l (39358bp)
		This contig is unaligned. (39358 bp)
		Unaligned bases: 39358 (number of Ns: 0)

CONTIG: utg000481l (47126bp)
		This contig is unaligned. (47126 bp)
		Unaligned bases: 47126 (number of Ns: 0)

CONTIG: utg000482l (23920bp)
		This contig is unaligned. (23920 bp)
		Unaligned bases: 23920 (number of Ns: 0)

CONTIG: utg000483l (32320bp)
		This contig is unaligned. (32320 bp)
		Unaligned bases: 32320 (number of Ns: 0)

CONTIG: utg000484l (91397bp)
		This contig is unaligned. (91397 bp)
		Unaligned bases: 91397 (number of Ns: 0)

CONTIG: utg000485l (25518bp)
		This contig is unaligned. (25518 bp)
		Unaligned bases: 25518 (number of Ns: 0)

CONTIG: utg000486l (12543bp)
		This contig is unaligned. (12543 bp)
		Unaligned bases: 12543 (number of Ns: 0)

CONTIG: utg000487l (34521bp)
		This contig is unaligned. (34521 bp)
		Unaligned bases: 34521 (number of Ns: 0)

CONTIG: utg000488l (38531bp)
		This contig is unaligned. (38531 bp)
		Unaligned bases: 38531 (number of Ns: 0)

CONTIG: utg000489l (40297bp)
		This contig is unaligned. (40297 bp)
		Unaligned bases: 40297 (number of Ns: 0)

CONTIG: utg000490l (78002bp)
		This contig is unaligned. (78002 bp)
		Unaligned bases: 78002 (number of Ns: 0)

CONTIG: utg000491l (29968bp)
		This contig is unaligned. (29968 bp)
		Unaligned bases: 29968 (number of Ns: 0)

CONTIG: utg000492l (77095bp)
		This contig is unaligned. (77095 bp)
		Unaligned bases: 77095 (number of Ns: 0)

CONTIG: utg000493l (18641bp)
		This contig is unaligned. (18641 bp)
		Unaligned bases: 18641 (number of Ns: 0)

CONTIG: utg000494l (20960bp)
		This contig is unaligned. (20960 bp)
		Unaligned bases: 20960 (number of Ns: 0)

CONTIG: utg000495l (12758bp)
		This contig is unaligned. (12758 bp)
		Unaligned bases: 12758 (number of Ns: 0)

CONTIG: utg000496l (12883bp)
		This contig is unaligned. (12883 bp)
		Unaligned bases: 12883 (number of Ns: 0)

CONTIG: utg000497l (15395bp)
		This contig is unaligned. (15395 bp)
		Unaligned bases: 15395 (number of Ns: 0)

CONTIG: utg000498l (81715bp)
		This contig is unaligned. (81715 bp)
		Unaligned bases: 81715 (number of Ns: 0)

CONTIG: utg000499l (7592bp)
		This contig is unaligned. (7592 bp)
		Unaligned bases: 7592 (number of Ns: 0)

CONTIG: utg000500l (22179bp)
		This contig is unaligned. (22179 bp)
		Unaligned bases: 22179 (number of Ns: 0)

CONTIG: utg000501l (53333bp)
		This contig is unaligned. (53333 bp)
		Unaligned bases: 53333 (number of Ns: 0)

CONTIG: utg000502l (28733bp)
		This contig is unaligned. (28733 bp)
		Unaligned bases: 28733 (number of Ns: 0)

CONTIG: utg000503l (12107bp)
		This contig is unaligned. (12107 bp)
		Unaligned bases: 12107 (number of Ns: 0)

CONTIG: utg000504l (15866bp)
		This contig is unaligned. (15866 bp)
		Unaligned bases: 15866 (number of Ns: 0)

CONTIG: utg000505l (20811bp)
		This contig is unaligned. (20811 bp)
		Unaligned bases: 20811 (number of Ns: 0)

CONTIG: utg000506l (51705bp)
		This contig is unaligned. (51705 bp)
		Unaligned bases: 51705 (number of Ns: 0)

CONTIG: utg000507l (36490bp)
		This contig is unaligned. (36490 bp)
		Unaligned bases: 36490 (number of Ns: 0)

CONTIG: utg000508l (7884bp)
		This contig is unaligned. (7884 bp)
		Unaligned bases: 7884 (number of Ns: 0)

CONTIG: utg000509l (40360bp)
		This contig is unaligned. (40360 bp)
		Unaligned bases: 40360 (number of Ns: 0)

CONTIG: utg000510l (30914bp)
		This contig is unaligned. (30914 bp)
		Unaligned bases: 30914 (number of Ns: 0)

CONTIG: utg000511l (12642bp)
		This contig is unaligned. (12642 bp)
		Unaligned bases: 12642 (number of Ns: 0)

CONTIG: utg000512l (15381bp)
		This contig is unaligned. (15381 bp)
		Unaligned bases: 15381 (number of Ns: 0)

CONTIG: utg000513l (17411bp)
		This contig is unaligned. (17411 bp)
		Unaligned bases: 17411 (number of Ns: 0)

CONTIG: utg000514l (43557bp)
Best alignment score: 68.0 (LEN: 71, IDY: 95.77), Total number of alignments: 1
			Looking for the best set of alignments (out of 1 total alignments)
			The best set is below. Score: 68.0, number of alignments: 1, unaligned bases: 43486
		This contig is partially unaligned. (Aligned 71 out of 43557 non-N bases (0.16%))
		Alignment: 1158408 1158478 | 43394 43464 | 71 71 | 95.77 | NC_057381.1 utg000514l
		Unaligned bases: 1 to 43393 (43393)
		Unaligned bases: 43465 to 43557 (93)

CONTIG: utg000515l (22573bp)
		This contig is unaligned. (22573 bp)
		Unaligned bases: 22573 (number of Ns: 0)

CONTIG: utg000516l (14423bp)
		This contig is unaligned. (14423 bp)
		Unaligned bases: 14423 (number of Ns: 0)

CONTIG: utg000517l (12097bp)
		This contig is unaligned. (12097 bp)
		Unaligned bases: 12097 (number of Ns: 0)

CONTIG: utg000518l (59162bp)
		This contig is unaligned. (59162 bp)
		Unaligned bases: 59162 (number of Ns: 0)

CONTIG: utg000519l (45833bp)
		This contig is unaligned. (45833 bp)
		Unaligned bases: 45833 (number of Ns: 0)

CONTIG: utg000520l (33875bp)
		This contig is unaligned. (33875 bp)
		Unaligned bases: 33875 (number of Ns: 0)

CONTIG: utg000521l (49538bp)
		This contig is unaligned. (49538 bp)
		Unaligned bases: 49538 (number of Ns: 0)

CONTIG: utg000522l (25626bp)
		This contig is unaligned. (25626 bp)
		Unaligned bases: 25626 (number of Ns: 0)

CONTIG: utg000523l (55302bp)
		This contig is unaligned. (55302 bp)
		Unaligned bases: 55302 (number of Ns: 0)

CONTIG: utg000524l (56779bp)
		This contig is unaligned. (56779 bp)
		Unaligned bases: 56779 (number of Ns: 0)

CONTIG: utg000525l (36965bp)
		This contig is unaligned. (36965 bp)
		Unaligned bases: 36965 (number of Ns: 0)

CONTIG: utg000526l (34055bp)
		This contig is unaligned. (34055 bp)
		Unaligned bases: 34055 (number of Ns: 0)

CONTIG: utg000527l (17300bp)
		This contig is unaligned. (17300 bp)
		Unaligned bases: 17300 (number of Ns: 0)

CONTIG: utg000528l (6390bp)
		This contig is unaligned. (6390 bp)
		Unaligned bases: 6390 (number of Ns: 0)

CONTIG: utg000529l (8361bp)
		This contig is unaligned. (8361 bp)
		Unaligned bases: 8361 (number of Ns: 0)

CONTIG: utg000530l (22431bp)
		This contig is unaligned. (22431 bp)
		Unaligned bases: 22431 (number of Ns: 0)

CONTIG: utg000531l (14627bp)
		This contig is unaligned. (14627 bp)
		Unaligned bases: 14627 (number of Ns: 0)

CONTIG: utg000532l (12447bp)
		This contig is unaligned. (12447 bp)
		Unaligned bases: 12447 (number of Ns: 0)

CONTIG: utg000533l (31433bp)
		This contig is unaligned. (31433 bp)
		Unaligned bases: 31433 (number of Ns: 0)

CONTIG: utg000534l (28070bp)
		This contig is unaligned. (28070 bp)
		Unaligned bases: 28070 (number of Ns: 0)

CONTIG: utg000535l (9040bp)
		This contig is unaligned. (9040 bp)
		Unaligned bases: 9040 (number of Ns: 0)

CONTIG: utg000536l (15613bp)
		This contig is unaligned. (15613 bp)
		Unaligned bases: 15613 (number of Ns: 0)

CONTIG: utg000537l (24654bp)
		This contig is unaligned. (24654 bp)
		Unaligned bases: 24654 (number of Ns: 0)

CONTIG: utg000538l (42627bp)
		This contig is unaligned. (42627 bp)
		Unaligned bases: 42627 (number of Ns: 0)

CONTIG: utg000539l (33263bp)
		This contig is unaligned. (33263 bp)
		Unaligned bases: 33263 (number of Ns: 0)

CONTIG: utg000540l (31300bp)
		This contig is unaligned. (31300 bp)
		Unaligned bases: 31300 (number of Ns: 0)

CONTIG: utg000541l (14027bp)
		This contig is unaligned. (14027 bp)
		Unaligned bases: 14027 (number of Ns: 0)

CONTIG: utg000542l (42985bp)
		This contig is unaligned. (42985 bp)
		Unaligned bases: 42985 (number of Ns: 0)

CONTIG: utg000543l (25270bp)
		This contig is unaligned. (25270 bp)
		Unaligned bases: 25270 (number of Ns: 0)

CONTIG: utg000544l (33777bp)
		This contig is unaligned. (33777 bp)
		Unaligned bases: 33777 (number of Ns: 0)

CONTIG: utg000545l (14548bp)
		This contig is unaligned. (14548 bp)
		Unaligned bases: 14548 (number of Ns: 0)

CONTIG: utg000546l (21832bp)
		This contig is unaligned. (21832 bp)
		Unaligned bases: 21832 (number of Ns: 0)

CONTIG: utg000547l (22393bp)
		This contig is unaligned. (22393 bp)
		Unaligned bases: 22393 (number of Ns: 0)

CONTIG: utg000548l (35306bp)
		This contig is unaligned. (35306 bp)
		Unaligned bases: 35306 (number of Ns: 0)

CONTIG: utg000549l (52746bp)
		This contig is unaligned. (52746 bp)
		Unaligned bases: 52746 (number of Ns: 0)

CONTIG: utg000550l (10957bp)
		This contig is unaligned. (10957 bp)
		Unaligned bases: 10957 (number of Ns: 0)

CONTIG: utg000551l (55240bp)
		This contig is unaligned. (55240 bp)
		Unaligned bases: 55240 (number of Ns: 0)

CONTIG: utg000552l (35365bp)
		This contig is unaligned. (35365 bp)
		Unaligned bases: 35365 (number of Ns: 0)

CONTIG: utg000553l (33996bp)
		This contig is unaligned. (33996 bp)
		Unaligned bases: 33996 (number of Ns: 0)

CONTIG: utg000554l (12592bp)
		This contig is unaligned. (12592 bp)
		Unaligned bases: 12592 (number of Ns: 0)

CONTIG: utg000555l (8721bp)
		This contig is unaligned. (8721 bp)
		Unaligned bases: 8721 (number of Ns: 0)

CONTIG: utg000556l (36834bp)
		This contig is unaligned. (36834 bp)
		Unaligned bases: 36834 (number of Ns: 0)

CONTIG: utg000557l (41478bp)
		This contig is unaligned. (41478 bp)
		Unaligned bases: 41478 (number of Ns: 0)

CONTIG: utg000558l (14400bp)
Best alignment score: 163.0 (LEN: 167, IDY: 97.60), Total number of alignments: 9
			Looking for the best set of alignments (out of 9 total alignments)
			Skipping redundant alignments after choosing the best set of alignments
		Skipping redundant alignment 164435 164510 | 760 835 | 76 76 | 98.68 | NC_057372.1 utg000558l
		Skipping redundant alignment 163672 163838 | 1 167 | 167 167 | 97.6 | NC_057372.1 utg000558l
		Skipping redundant alignment 163887 163989 | 220 322 | 103 103 | 97.09 | NC_057372.1 utg000558l
		Skipping redundant alignment 164316 164390 | 638 712 | 75 75 | 96.0 | NC_057372.1 utg000558l
			The best set is below. Score: 486.0, number of alignments: 5, unaligned bases: 13901
		This contig is misassembled.
		This contig is partially unaligned. (Aligned 499 out of 14400 non-N bases (3.47%))
			Warning! This contig is more unaligned than misassembled. Contig length is 14400 (number of Ns: 0) and total length of all aligns is 499
		Alignment: 153869 154035 | 1 167 | 167 167 | 97.6 | NC_057372.1 utg000558l
		Alignment: 154084 154186 | 220 322 | 103 103 | 97.09 | NC_057372.1 utg000558l
		Alignment: 154432 154502 | 558 628 | 71 71 | 97.18 | NC_057372.1 utg000558l
		Alignment: 154503 154584 | 631 712 | 82 82 | 96.34 | NC_057372.1 utg000558l
		Alignment: 154629 154704 | 760 835 | 76 76 | 98.68 | NC_057372.1 utg000558l
		Unaligned bases: 13901

CONTIG: utg000559l (12231bp)
		This contig is unaligned. (12231 bp)
		Unaligned bases: 12231 (number of Ns: 0)

CONTIG: utg000560l (80120bp)
		This contig is unaligned. (80120 bp)
		Unaligned bases: 80120 (number of Ns: 0)

CONTIG: utg000561l (24858bp)
		This contig is unaligned. (24858 bp)
		Unaligned bases: 24858 (number of Ns: 0)

CONTIG: utg000562l (27533bp)
		This contig is unaligned. (27533 bp)
		Unaligned bases: 27533 (number of Ns: 0)

CONTIG: utg000563l (24430bp)
		This contig is unaligned. (24430 bp)
		Unaligned bases: 24430 (number of Ns: 0)

CONTIG: utg000564l (69305bp)
		This contig is unaligned. (69305 bp)
		Unaligned bases: 69305 (number of Ns: 0)

CONTIG: utg000565l (42141bp)
		This contig is unaligned. (42141 bp)
		Unaligned bases: 42141 (number of Ns: 0)

CONTIG: utg000566l (18581bp)
		This contig is unaligned. (18581 bp)
		Unaligned bases: 18581 (number of Ns: 0)

CONTIG: utg000567l (50732bp)
		This contig is unaligned. (50732 bp)
		Unaligned bases: 50732 (number of Ns: 0)

CONTIG: utg000568l (21957bp)
		This contig is unaligned. (21957 bp)
		Unaligned bases: 21957 (number of Ns: 0)

CONTIG: utg000569l (23741bp)
		This contig is unaligned. (23741 bp)
		Unaligned bases: 23741 (number of Ns: 0)

CONTIG: utg000570l (13998bp)
		This contig is unaligned. (13998 bp)
		Unaligned bases: 13998 (number of Ns: 0)

CONTIG: utg000571l (18748bp)
		This contig is unaligned. (18748 bp)
		Unaligned bases: 18748 (number of Ns: 0)

CONTIG: utg000572l (32698bp)
		This contig is unaligned. (32698 bp)
		Unaligned bases: 32698 (number of Ns: 0)

CONTIG: utg000573l (39070bp)
		This contig is unaligned. (39070 bp)
		Unaligned bases: 39070 (number of Ns: 0)

CONTIG: utg000574l (50319bp)
		This contig is unaligned. (50319 bp)
		Unaligned bases: 50319 (number of Ns: 0)

CONTIG: utg000575l (18076bp)
		This contig is unaligned. (18076 bp)
		Unaligned bases: 18076 (number of Ns: 0)

CONTIG: utg000576l (33894bp)
		This contig is unaligned. (33894 bp)
		Unaligned bases: 33894 (number of Ns: 0)

CONTIG: utg000577l (8307bp)
		This contig is unaligned. (8307 bp)
		Unaligned bases: 8307 (number of Ns: 0)

CONTIG: utg000578l (19246bp)
		This contig is unaligned. (19246 bp)
		Unaligned bases: 19246 (number of Ns: 0)

CONTIG: utg000579l (6853bp)
		This contig is unaligned. (6853 bp)
		Unaligned bases: 6853 (number of Ns: 0)

CONTIG: utg000580l (51405bp)
		This contig is unaligned. (51405 bp)
		Unaligned bases: 51405 (number of Ns: 0)

CONTIG: utg000581l (74758bp)
		This contig is unaligned. (74758 bp)
		Unaligned bases: 74758 (number of Ns: 0)

CONTIG: utg000582l (41089bp)
		This contig is unaligned. (41089 bp)
		Unaligned bases: 41089 (number of Ns: 0)

CONTIG: utg000583l (78205bp)
		This contig is unaligned. (78205 bp)
		Unaligned bases: 78205 (number of Ns: 0)

CONTIG: utg000584l (17344bp)
		This contig is unaligned. (17344 bp)
		Unaligned bases: 17344 (number of Ns: 0)

CONTIG: utg000585l (28636bp)
		This contig is unaligned. (28636 bp)
		Unaligned bases: 28636 (number of Ns: 0)

CONTIG: utg000586l (9661bp)
		This contig is unaligned. (9661 bp)
		Unaligned bases: 9661 (number of Ns: 0)

CONTIG: utg000587l (11162bp)
		This contig is unaligned. (11162 bp)
		Unaligned bases: 11162 (number of Ns: 0)

CONTIG: utg000588l (7895bp)
		This contig is unaligned. (7895 bp)
		Unaligned bases: 7895 (number of Ns: 0)

CONTIG: utg000589l (39420bp)
		This contig is unaligned. (39420 bp)
		Unaligned bases: 39420 (number of Ns: 0)

CONTIG: utg000590l (30587bp)
		This contig is unaligned. (30587 bp)
		Unaligned bases: 30587 (number of Ns: 0)

CONTIG: utg000591l (32609bp)
		This contig is unaligned. (32609 bp)
		Unaligned bases: 32609 (number of Ns: 0)

CONTIG: utg000592l (35945bp)
		This contig is unaligned. (35945 bp)
		Unaligned bases: 35945 (number of Ns: 0)

CONTIG: utg000593l (26846bp)
		This contig is unaligned. (26846 bp)
		Unaligned bases: 26846 (number of Ns: 0)

CONTIG: utg000594l (16470bp)
		This contig is unaligned. (16470 bp)
		Unaligned bases: 16470 (number of Ns: 0)

CONTIG: utg000595l (10739bp)
		This contig is unaligned. (10739 bp)
		Unaligned bases: 10739 (number of Ns: 0)

CONTIG: utg000596l (39725bp)
Best alignment score: 81.0 (LEN: 82, IDY: 98.78), Total number of alignments: 9
			Looking for the best set of alignments (out of 9 total alignments)
			Skipping redundant alignments after choosing the best set of alignments
		Skipping redundant alignment 2785532 2785609 | 26146 26069 | 78 78 | 98.72 | NC_057371.1 utg000596l
		Skipping redundant alignment 2785544 2785624 | 26150 26070 | 81 81 | 98.77 | NC_057371.1 utg000596l
		Skipping redundant alignment 2785538 2785619 | 26150 26069 | 82 82 | 98.78 | NC_057371.1 utg000596l
		Skipping redundant alignment 2785534 2785615 | 26150 26069 | 82 82 | 98.78 | NC_057371.1 utg000596l
		Skipping redundant alignment 2785542 2785623 | 26150 26069 | 82 82 | 98.78 | NC_057371.1 utg000596l
		Skipping redundant alignment 2785540 2785621 | 26150 26069 | 82 82 | 98.78 | NC_057371.1 utg000596l
		Skipping redundant alignment 2785530 2785611 | 26150 26069 | 82 82 | 98.78 | NC_057371.1 utg000596l
		Skipping redundant alignment 2785532 2785613 | 26150 26069 | 82 82 | 98.78 | NC_057371.1 utg000596l
		This contig has several significant sets of alignments. [An ambiguously mapped contig]
		Using only the very best set (option --ambiguity-usage is set to "one").
			The best set is below. Score: 81.0, number of alignments: 1, unaligned bases: 39643
		This contig is partially unaligned. (Aligned 82 out of 39725 non-N bases (0.21%))
		Alignment: 2785536 2785617 | 26150 26069 | 82 82 | 98.78 | NC_057371.1 utg000596l
		Unaligned bases: 1 to 26068 (26068)
		Unaligned bases: 26151 to 39725 (13575)

CONTIG: utg000597l (38756bp)
		This contig is unaligned. (38756 bp)
		Unaligned bases: 38756 (number of Ns: 0)

CONTIG: utg000598l (42183bp)
		This contig is unaligned. (42183 bp)
		Unaligned bases: 42183 (number of Ns: 0)

CONTIG: utg000599l (110672bp)
		This contig is unaligned. (110672 bp)
		Unaligned bases: 110672 (number of Ns: 0)

CONTIG: utg000600l (39175bp)
		This contig is unaligned. (39175 bp)
		Unaligned bases: 39175 (number of Ns: 0)

CONTIG: utg000601l (16936bp)
		This contig is unaligned. (16936 bp)
		Unaligned bases: 16936 (number of Ns: 0)

CONTIG: utg000602l (38398bp)
		This contig is unaligned. (38398 bp)
		Unaligned bases: 38398 (number of Ns: 0)

CONTIG: utg000603l (24706bp)
		This contig is unaligned. (24706 bp)
		Unaligned bases: 24706 (number of Ns: 0)

CONTIG: utg000604l (66437bp)
		This contig is unaligned. (66437 bp)
		Unaligned bases: 66437 (number of Ns: 0)

CONTIG: utg000605l (33644bp)
		This contig is unaligned. (33644 bp)
		Unaligned bases: 33644 (number of Ns: 0)

CONTIG: utg000606l (69312bp)
		This contig is unaligned. (69312 bp)
		Unaligned bases: 69312 (number of Ns: 0)

CONTIG: utg000607l (28937bp)
		This contig is unaligned. (28937 bp)
		Unaligned bases: 28937 (number of Ns: 0)

CONTIG: utg000608l (8346bp)
		This contig is unaligned. (8346 bp)
		Unaligned bases: 8346 (number of Ns: 0)

CONTIG: utg000609l (50769bp)
		This contig is unaligned. (50769 bp)
		Unaligned bases: 50769 (number of Ns: 0)

CONTIG: utg000610l (38630bp)
		This contig is unaligned. (38630 bp)
		Unaligned bases: 38630 (number of Ns: 0)

CONTIG: utg000611l (55159bp)
		This contig is unaligned. (55159 bp)
		Unaligned bases: 55159 (number of Ns: 0)

CONTIG: utg000612l (35683bp)
		This contig is unaligned. (35683 bp)
		Unaligned bases: 35683 (number of Ns: 0)

CONTIG: utg000613l (37048bp)
		This contig is unaligned. (37048 bp)
		Unaligned bases: 37048 (number of Ns: 0)

CONTIG: utg000614l (17465bp)
		This contig is unaligned. (17465 bp)
		Unaligned bases: 17465 (number of Ns: 0)

CONTIG: utg000615l (30953bp)
		This contig is unaligned. (30953 bp)
		Unaligned bases: 30953 (number of Ns: 0)

CONTIG: utg000616l (25627bp)
		This contig is unaligned. (25627 bp)
		Unaligned bases: 25627 (number of Ns: 0)

CONTIG: utg000617l (16122bp)
		This contig is unaligned. (16122 bp)
		Unaligned bases: 16122 (number of Ns: 0)

CONTIG: utg000618l (47735bp)
		This contig is unaligned. (47735 bp)
		Unaligned bases: 47735 (number of Ns: 0)

CONTIG: utg000619l (29512bp)
		This contig is unaligned. (29512 bp)
		Unaligned bases: 29512 (number of Ns: 0)

CONTIG: utg000620l (33474bp)
		This contig is unaligned. (33474 bp)
		Unaligned bases: 33474 (number of Ns: 0)

CONTIG: utg000621l (6010bp)
		This contig is unaligned. (6010 bp)
		Unaligned bases: 6010 (number of Ns: 0)

CONTIG: utg000622l (7804bp)
		This contig is unaligned. (7804 bp)
		Unaligned bases: 7804 (number of Ns: 0)

CONTIG: utg000623l (31556bp)
		This contig is unaligned. (31556 bp)
		Unaligned bases: 31556 (number of Ns: 0)

CONTIG: utg000624l (11412bp)
		This contig is unaligned. (11412 bp)
		Unaligned bases: 11412 (number of Ns: 0)

CONTIG: utg000625l (46410bp)
Best alignment score: 66.0 (LEN: 66, IDY: 100.00), Total number of alignments: 19
			Looking for the best set of alignments (out of 19 total alignments)
			Skipping redundant alignments after choosing the best set of alignments
		Skipping redundant alignment 1331752 1331816 | 20225 20161 | 65 65 | 100.0 | NC_057382.1 utg000625l
		Skipping redundant alignment 1331755 1331819 | 20226 20162 | 65 65 | 100.0 | NC_057382.1 utg000625l
		Skipping redundant alignment 2785529 2785594 | 20226 20161 | 66 66 | 100.0 | NC_057371.1 utg000625l
		Skipping redundant alignment 2785541 2785606 | 20226 20161 | 66 66 | 100.0 | NC_057371.1 utg000625l
		Skipping redundant alignment 2785543 2785608 | 20226 20161 | 66 66 | 100.0 | NC_057371.1 utg000625l
		Skipping redundant alignment 2785559 2785624 | 20226 20161 | 66 66 | 100.0 | NC_057371.1 utg000625l
		Skipping redundant alignment 2785545 2785610 | 20226 20161 | 66 66 | 100.0 | NC_057371.1 utg000625l
		Skipping redundant alignment 2785549 2785614 | 20226 20161 | 66 66 | 100.0 | NC_057371.1 utg000625l
		Skipping redundant alignment 2785531 2785596 | 20226 20161 | 66 66 | 100.0 | NC_057371.1 utg000625l
		Skipping redundant alignment 2785555 2785620 | 20226 20161 | 66 66 | 100.0 | NC_057371.1 utg000625l
		Skipping redundant alignment 2785553 2785618 | 20226 20161 | 66 66 | 100.0 | NC_057371.1 utg000625l
		Skipping redundant alignment 1331753 1331818 | 20226 20161 | 66 66 | 100.0 | NC_057382.1 utg000625l
		Skipping redundant alignment 2785539 2785604 | 20226 20161 | 66 66 | 100.0 | NC_057371.1 utg000625l
		Skipping redundant alignment 2785547 2785612 | 20226 20161 | 66 66 | 100.0 | NC_057371.1 utg000625l
		Skipping redundant alignment 2785557 2785622 | 20226 20161 | 66 66 | 100.0 | NC_057371.1 utg000625l
		Skipping redundant alignment 2785533 2785598 | 20226 20161 | 66 66 | 100.0 | NC_057371.1 utg000625l
		Skipping redundant alignment 2785537 2785602 | 20226 20161 | 66 66 | 100.0 | NC_057371.1 utg000625l
		Skipping redundant alignment 2785535 2785600 | 20226 20161 | 66 66 | 100.0 | NC_057371.1 utg000625l
		This contig has several significant sets of alignments. [An ambiguously mapped contig]
		Using only the very best set (option --ambiguity-usage is set to "one").
			The best set is below. Score: 66.0, number of alignments: 1, unaligned bases: 46344
		This contig is partially unaligned. (Aligned 66 out of 46410 non-N bases (0.14%))
		Alignment: 2785551 2785616 | 20226 20161 | 66 66 | 100.0 | NC_057371.1 utg000625l
		Unaligned bases: 1 to 20160 (20160)
		Unaligned bases: 20227 to 46410 (26184)

CONTIG: utg000626l (12895bp)
		This contig is unaligned. (12895 bp)
		Unaligned bases: 12895 (number of Ns: 0)

CONTIG: utg000627l (84939bp)
		This contig is unaligned. (84939 bp)
		Unaligned bases: 84939 (number of Ns: 0)

CONTIG: utg000628l (24607bp)
		This contig is unaligned. (24607 bp)
		Unaligned bases: 24607 (number of Ns: 0)

CONTIG: utg000629l (16350bp)
		This contig is unaligned. (16350 bp)
		Unaligned bases: 16350 (number of Ns: 0)

CONTIG: utg000630l (35171bp)
		This contig is unaligned. (35171 bp)
		Unaligned bases: 35171 (number of Ns: 0)

CONTIG: utg000631l (58078bp)
		This contig is unaligned. (58078 bp)
		Unaligned bases: 58078 (number of Ns: 0)

CONTIG: utg000632l (19557bp)
		This contig is unaligned. (19557 bp)
		Unaligned bases: 19557 (number of Ns: 0)

CONTIG: utg000633l (28438bp)
		This contig is unaligned. (28438 bp)
		Unaligned bases: 28438 (number of Ns: 0)

CONTIG: utg000634l (12435bp)
		This contig is unaligned. (12435 bp)
		Unaligned bases: 12435 (number of Ns: 0)

CONTIG: utg000635l (48822bp)
		This contig is unaligned. (48822 bp)
		Unaligned bases: 48822 (number of Ns: 0)

CONTIG: utg000636l (59160bp)
		This contig is unaligned. (59160 bp)
		Unaligned bases: 59160 (number of Ns: 0)

CONTIG: utg000637l (55624bp)
		This contig is unaligned. (55624 bp)
		Unaligned bases: 55624 (number of Ns: 0)

CONTIG: utg000638l (7349bp)
		This contig is unaligned. (7349 bp)
		Unaligned bases: 7349 (number of Ns: 0)

CONTIG: utg000639l (27645bp)
		This contig is unaligned. (27645 bp)
		Unaligned bases: 27645 (number of Ns: 0)

CONTIG: utg000640l (25731bp)
		This contig is unaligned. (25731 bp)
		Unaligned bases: 25731 (number of Ns: 0)

CONTIG: utg000641l (31152bp)
		This contig is unaligned. (31152 bp)
		Unaligned bases: 31152 (number of Ns: 0)

CONTIG: utg000642l (26014bp)
		This contig is unaligned. (26014 bp)
		Unaligned bases: 26014 (number of Ns: 0)

CONTIG: utg000643l (52311bp)
		This contig is unaligned. (52311 bp)
		Unaligned bases: 52311 (number of Ns: 0)

CONTIG: utg000644l (17274bp)
		This contig is unaligned. (17274 bp)
		Unaligned bases: 17274 (number of Ns: 0)

CONTIG: utg000645l (8169bp)
		This contig is unaligned. (8169 bp)
		Unaligned bases: 8169 (number of Ns: 0)

CONTIG: utg000646l (64569bp)
		This contig is unaligned. (64569 bp)
		Unaligned bases: 64569 (number of Ns: 0)

CONTIG: utg000647l (32772bp)
		This contig is unaligned. (32772 bp)
		Unaligned bases: 32772 (number of Ns: 0)

CONTIG: utg000648l (16995bp)
		This contig is unaligned. (16995 bp)
		Unaligned bases: 16995 (number of Ns: 0)

CONTIG: utg000649l (8776bp)
		This contig is unaligned. (8776 bp)
		Unaligned bases: 8776 (number of Ns: 0)

CONTIG: utg000650l (90521bp)
		This contig is unaligned. (90521 bp)
		Unaligned bases: 90521 (number of Ns: 0)

CONTIG: utg000651l (20097bp)
		This contig is unaligned. (20097 bp)
		Unaligned bases: 20097 (number of Ns: 0)

CONTIG: utg000652l (18456bp)
		This contig is unaligned. (18456 bp)
		Unaligned bases: 18456 (number of Ns: 0)

CONTIG: utg000653l (32574bp)
		This contig is unaligned. (32574 bp)
		Unaligned bases: 32574 (number of Ns: 0)

CONTIG: utg000654l (19360bp)
		This contig is unaligned. (19360 bp)
		Unaligned bases: 19360 (number of Ns: 0)

CONTIG: utg000655l (42523bp)
		This contig is unaligned. (42523 bp)
		Unaligned bases: 42523 (number of Ns: 0)

CONTIG: utg000656l (26276bp)
		This contig is unaligned. (26276 bp)
		Unaligned bases: 26276 (number of Ns: 0)

CONTIG: utg000657l (26784bp)
		This contig is unaligned. (26784 bp)
		Unaligned bases: 26784 (number of Ns: 0)

CONTIG: utg000658l (19730bp)
		This contig is unaligned. (19730 bp)
		Unaligned bases: 19730 (number of Ns: 0)

CONTIG: utg000659l (21275bp)
		This contig is unaligned. (21275 bp)
		Unaligned bases: 21275 (number of Ns: 0)

CONTIG: utg000660l (15510bp)
		This contig is unaligned. (15510 bp)
		Unaligned bases: 15510 (number of Ns: 0)

CONTIG: utg000661l (13002bp)
		This contig is unaligned. (13002 bp)
		Unaligned bases: 13002 (number of Ns: 0)

CONTIG: utg000662l (45050bp)
		This contig is unaligned. (45050 bp)
		Unaligned bases: 45050 (number of Ns: 0)

CONTIG: utg000663l (43645bp)
Best alignment score: 73.0 (LEN: 73, IDY: 100.00), Total number of alignments: 19
			Looking for the best set of alignments (out of 19 total alignments)
			Skipping redundant alignments after choosing the best set of alignments
		Skipping redundant alignment 1331752 1331819 | 1433 1366 | 68 68 | 100.0 | NC_057382.1 utg000663l
		Skipping redundant alignment 1331755 1331819 | 1436 1372 | 65 65 | 100.0 | NC_057382.1 utg000663l
		Skipping redundant alignment 2785559 2785624 | 1436 1371 | 66 66 | 100.0 | NC_057371.1 utg000663l
		Skipping redundant alignment 1331753 1331819 | 1436 1370 | 67 67 | 100.0 | NC_057382.1 utg000663l
		Skipping redundant alignment 2785557 2785624 | 1436 1369 | 68 68 | 100.0 | NC_057371.1 utg000663l
		Skipping redundant alignment 2785555 2785624 | 1436 1367 | 70 70 | 100.0 | NC_057371.1 utg000663l
		Skipping redundant alignment 2785539 2785610 | 1436 1365 | 72 72 | 100.0 | NC_057371.1 utg000663l
		Skipping redundant alignment 2785531 2785602 | 1436 1365 | 72 72 | 100.0 | NC_057371.1 utg000663l
		Skipping redundant alignment 2785549 2785620 | 1436 1365 | 72 72 | 100.0 | NC_057371.1 utg000663l
		Skipping redundant alignment 2785551 2785622 | 1436 1365 | 72 72 | 100.0 | NC_057371.1 utg000663l
		Skipping redundant alignment 2785529 2785600 | 1436 1365 | 72 72 | 100.0 | NC_057371.1 utg000663l
		Skipping redundant alignment 2785541 2785612 | 1436 1365 | 72 72 | 100.0 | NC_057371.1 utg000663l
		Skipping redundant alignment 2785537 2785608 | 1436 1365 | 72 72 | 100.0 | NC_057371.1 utg000663l
		Skipping redundant alignment 2785545 2785616 | 1436 1365 | 72 72 | 100.0 | NC_057371.1 utg000663l
		Skipping redundant alignment 2785535 2785606 | 1436 1365 | 72 72 | 100.0 | NC_057371.1 utg000663l
		Skipping redundant alignment 2785533 2785604 | 1436 1365 | 72 72 | 100.0 | NC_057371.1 utg000663l
		Skipping redundant alignment 2785543 2785614 | 1436 1365 | 72 72 | 100.0 | NC_057371.1 utg000663l
		Skipping redundant alignment 2785547 2785618 | 1436 1365 | 72 72 | 100.0 | NC_057371.1 utg000663l
			The best set is below. Score: 73.0, number of alignments: 1, unaligned bases: 43572
		This contig is partially unaligned. (Aligned 73 out of 43645 non-N bases (0.17%))
		Alignment: 2785553 2785625 | 1436 1364 | 73 73 | 100.0 | NC_057371.1 utg000663l
		Unaligned bases: 1 to 1363 (1363)
		Unaligned bases: 1437 to 43645 (42209)

CONTIG: utg000664l (25114bp)
		This contig is unaligned. (25114 bp)
		Unaligned bases: 25114 (number of Ns: 0)

CONTIG: utg000665l (31352bp)
		This contig is unaligned. (31352 bp)
		Unaligned bases: 31352 (number of Ns: 0)

CONTIG: utg000666l (53470bp)
		This contig is unaligned. (53470 bp)
		Unaligned bases: 53470 (number of Ns: 0)

CONTIG: utg000667l (17348bp)
		This contig is unaligned. (17348 bp)
		Unaligned bases: 17348 (number of Ns: 0)

CONTIG: utg000668l (17633bp)
		This contig is unaligned. (17633 bp)
		Unaligned bases: 17633 (number of Ns: 0)

CONTIG: utg000669l (15282bp)
		This contig is unaligned. (15282 bp)
		Unaligned bases: 15282 (number of Ns: 0)

CONTIG: utg000670l (7275bp)
		This contig is unaligned. (7275 bp)
		Unaligned bases: 7275 (number of Ns: 0)

CONTIG: utg000671l (6789bp)
		This contig is unaligned. (6789 bp)
		Unaligned bases: 6789 (number of Ns: 0)

CONTIG: utg000672l (33722bp)
		This contig is unaligned. (33722 bp)
		Unaligned bases: 33722 (number of Ns: 0)

CONTIG: utg000673l (22939bp)
		This contig is unaligned. (22939 bp)
		Unaligned bases: 22939 (number of Ns: 0)

CONTIG: utg000674l (47146bp)
		This contig is unaligned. (47146 bp)
		Unaligned bases: 47146 (number of Ns: 0)

CONTIG: utg000675l (21102bp)
		This contig is unaligned. (21102 bp)
		Unaligned bases: 21102 (number of Ns: 0)

CONTIG: utg000676l (10587bp)
		This contig is unaligned. (10587 bp)
		Unaligned bases: 10587 (number of Ns: 0)

CONTIG: utg000677l (84665bp)
		This contig is unaligned. (84665 bp)
		Unaligned bases: 84665 (number of Ns: 0)

CONTIG: utg000678l (21319bp)
		This contig is unaligned. (21319 bp)
		Unaligned bases: 21319 (number of Ns: 0)

CONTIG: utg000679l (30486bp)
		This contig is unaligned. (30486 bp)
		Unaligned bases: 30486 (number of Ns: 0)

CONTIG: utg000680l (16857bp)
		This contig is unaligned. (16857 bp)
		Unaligned bases: 16857 (number of Ns: 0)

CONTIG: utg000681l (20564bp)
		This contig is unaligned. (20564 bp)
		Unaligned bases: 20564 (number of Ns: 0)

CONTIG: utg000682l (10888bp)
		This contig is unaligned. (10888 bp)
		Unaligned bases: 10888 (number of Ns: 0)

CONTIG: utg000683l (11257bp)
		This contig is unaligned. (11257 bp)
		Unaligned bases: 11257 (number of Ns: 0)

CONTIG: utg000684l (13950bp)
		This contig is unaligned. (13950 bp)
		Unaligned bases: 13950 (number of Ns: 0)

CONTIG: utg000685l (13774bp)
Best alignment score: 72.0 (LEN: 72, IDY: 100.00), Total number of alignments: 18
			Looking for the best set of alignments (out of 18 total alignments)
			Skipping redundant alignments after choosing the best set of alignments
		Skipping redundant alignment 2785560 2785624 | 1776 1840 | 65 65 | 100.0 | NC_057371.1 utg000685l
		Skipping redundant alignment 1331754 1331819 | 1776 1841 | 66 66 | 100.0 | NC_057382.1 utg000685l
		Skipping redundant alignment 2785558 2785624 | 1776 1842 | 67 67 | 100.0 | NC_057371.1 utg000685l
		Skipping redundant alignment 2785556 2785624 | 1776 1844 | 69 69 | 100.0 | NC_057371.1 utg000685l
		Skipping redundant alignment 1331752 1331818 | 1780 1846 | 67 67 | 100.0 | NC_057382.1 utg000685l
		Skipping redundant alignment 2785550 2785620 | 1776 1846 | 71 71 | 100.0 | NC_057371.1 utg000685l
		Skipping redundant alignment 2785540 2785610 | 1776 1846 | 71 71 | 100.0 | NC_057371.1 utg000685l
		Skipping redundant alignment 2785548 2785618 | 1776 1846 | 71 71 | 100.0 | NC_057371.1 utg000685l
		Skipping redundant alignment 2785534 2785604 | 1776 1846 | 71 71 | 100.0 | NC_057371.1 utg000685l
		Skipping redundant alignment 2785552 2785622 | 1776 1846 | 71 71 | 100.0 | NC_057371.1 utg000685l
		Skipping redundant alignment 2785544 2785614 | 1776 1846 | 71 71 | 100.0 | NC_057371.1 utg000685l
		Skipping redundant alignment 2785546 2785616 | 1776 1846 | 71 71 | 100.0 | NC_057371.1 utg000685l
		Skipping redundant alignment 2785530 2785600 | 1776 1846 | 71 71 | 100.0 | NC_057371.1 utg000685l
		Skipping redundant alignment 2785538 2785608 | 1776 1846 | 71 71 | 100.0 | NC_057371.1 utg000685l
		Skipping redundant alignment 2785536 2785606 | 1776 1846 | 71 71 | 100.0 | NC_057371.1 utg000685l
		Skipping redundant alignment 2785542 2785612 | 1776 1846 | 71 71 | 100.0 | NC_057371.1 utg000685l
		Skipping redundant alignment 2785532 2785602 | 1776 1846 | 71 71 | 100.0 | NC_057371.1 utg000685l
			The best set is below. Score: 72.0, number of alignments: 1, unaligned bases: 13702
		This contig is partially unaligned. (Aligned 72 out of 13774 non-N bases (0.52%))
		Alignment: 2785554 2785625 | 1776 1847 | 72 72 | 100.0 | NC_057371.1 utg000685l
		Unaligned bases: 1 to 1775 (1775)
		Unaligned bases: 1848 to 13774 (11927)

CONTIG: utg000686l (8362bp)
		This contig is unaligned. (8362 bp)
		Unaligned bases: 8362 (number of Ns: 0)

CONTIG: utg000687l (36558bp)
		This contig is unaligned. (36558 bp)
		Unaligned bases: 36558 (number of Ns: 0)

CONTIG: utg000688l (25245bp)
		This contig is unaligned. (25245 bp)
		Unaligned bases: 25245 (number of Ns: 0)

CONTIG: utg000689l (12224bp)
		This contig is unaligned. (12224 bp)
		Unaligned bases: 12224 (number of Ns: 0)

CONTIG: utg000690l (26573bp)
		This contig is unaligned. (26573 bp)
		Unaligned bases: 26573 (number of Ns: 0)

CONTIG: utg000691l (4999bp)
		This contig is unaligned. (4999 bp)
		Unaligned bases: 4999 (number of Ns: 0)

CONTIG: utg000692l (9641bp)
		This contig is unaligned. (9641 bp)
		Unaligned bases: 9641 (number of Ns: 0)

CONTIG: utg000693l (9596bp)
		This contig is unaligned. (9596 bp)
		Unaligned bases: 9596 (number of Ns: 0)

CONTIG: utg000694l (27882bp)
		This contig is unaligned. (27882 bp)
		Unaligned bases: 27882 (number of Ns: 0)

CONTIG: utg000695l (14986bp)
		This contig is unaligned. (14986 bp)
		Unaligned bases: 14986 (number of Ns: 0)

CONTIG: utg000696l (11359bp)
		This contig is unaligned. (11359 bp)
		Unaligned bases: 11359 (number of Ns: 0)

CONTIG: utg000697l (20360bp)
		This contig is unaligned. (20360 bp)
		Unaligned bases: 20360 (number of Ns: 0)

CONTIG: utg000698l (9007bp)
		This contig is unaligned. (9007 bp)
		Unaligned bases: 9007 (number of Ns: 0)

CONTIG: utg000699l (15400bp)
		This contig is unaligned. (15400 bp)
		Unaligned bases: 15400 (number of Ns: 0)

CONTIG: utg000700l (9349bp)
		This contig is unaligned. (9349 bp)
		Unaligned bases: 9349 (number of Ns: 0)

CONTIG: utg000701l (24713bp)
		This contig is unaligned. (24713 bp)
		Unaligned bases: 24713 (number of Ns: 0)

CONTIG: utg000702l (22930bp)
		This contig is unaligned. (22930 bp)
		Unaligned bases: 22930 (number of Ns: 0)

CONTIG: utg000703l (28728bp)
		This contig is unaligned. (28728 bp)
		Unaligned bases: 28728 (number of Ns: 0)

CONTIG: utg000704l (17550bp)
		This contig is unaligned. (17550 bp)
		Unaligned bases: 17550 (number of Ns: 0)

CONTIG: utg000705l (11496bp)
		This contig is unaligned. (11496 bp)
		Unaligned bases: 11496 (number of Ns: 0)

CONTIG: utg000706l (57383bp)
		This contig is unaligned. (57383 bp)
		Unaligned bases: 57383 (number of Ns: 0)

CONTIG: utg000707l (17107bp)
		This contig is unaligned. (17107 bp)
		Unaligned bases: 17107 (number of Ns: 0)

CONTIG: utg000708l (42236bp)
		This contig is unaligned. (42236 bp)
		Unaligned bases: 42236 (number of Ns: 0)

CONTIG: utg000709l (25597bp)
		This contig is unaligned. (25597 bp)
		Unaligned bases: 25597 (number of Ns: 0)

CONTIG: utg000710l (9121bp)
		This contig is unaligned. (9121 bp)
		Unaligned bases: 9121 (number of Ns: 0)

CONTIG: utg000711l (38073bp)
		This contig is unaligned. (38073 bp)
		Unaligned bases: 38073 (number of Ns: 0)

CONTIG: utg000712l (9753bp)
		This contig is unaligned. (9753 bp)
		Unaligned bases: 9753 (number of Ns: 0)

CONTIG: utg000713l (5959bp)
		This contig is unaligned. (5959 bp)
		Unaligned bases: 5959 (number of Ns: 0)

CONTIG: utg000714l (5685bp)
		This contig is unaligned. (5685 bp)
		Unaligned bases: 5685 (number of Ns: 0)

CONTIG: utg000715l (22852bp)
		This contig is unaligned. (22852 bp)
		Unaligned bases: 22852 (number of Ns: 0)

CONTIG: utg000716l (32796bp)
		This contig is unaligned. (32796 bp)
		Unaligned bases: 32796 (number of Ns: 0)

CONTIG: utg000717l (19255bp)
		This contig is unaligned. (19255 bp)
		Unaligned bases: 19255 (number of Ns: 0)

CONTIG: utg000718l (16553bp)
		This contig is unaligned. (16553 bp)
		Unaligned bases: 16553 (number of Ns: 0)

CONTIG: utg000719l (12335bp)
		This contig is unaligned. (12335 bp)
		Unaligned bases: 12335 (number of Ns: 0)

CONTIG: utg000720l (32868bp)
		This contig is unaligned. (32868 bp)
		Unaligned bases: 32868 (number of Ns: 0)

CONTIG: utg000721l (37241bp)
		This contig is unaligned. (37241 bp)
		Unaligned bases: 37241 (number of Ns: 0)

CONTIG: utg000722l (8085bp)
		This contig is unaligned. (8085 bp)
		Unaligned bases: 8085 (number of Ns: 0)

CONTIG: utg000723l (5281bp)
		This contig is unaligned. (5281 bp)
		Unaligned bases: 5281 (number of Ns: 0)

CONTIG: utg000724l (72743bp)
		This contig is unaligned. (72743 bp)
		Unaligned bases: 72743 (number of Ns: 0)

CONTIG: utg000725l (39384bp)
		This contig is unaligned. (39384 bp)
		Unaligned bases: 39384 (number of Ns: 0)

CONTIG: utg000726l (17857bp)
		This contig is unaligned. (17857 bp)
		Unaligned bases: 17857 (number of Ns: 0)

CONTIG: utg000727l (18253bp)
		This contig is unaligned. (18253 bp)
		Unaligned bases: 18253 (number of Ns: 0)

CONTIG: utg000728l (39361bp)
		This contig is unaligned. (39361 bp)
		Unaligned bases: 39361 (number of Ns: 0)

CONTIG: utg000729l (17921bp)
		This contig is unaligned. (17921 bp)
		Unaligned bases: 17921 (number of Ns: 0)

CONTIG: utg000730l (30400bp)
		This contig is unaligned. (30400 bp)
		Unaligned bases: 30400 (number of Ns: 0)

CONTIG: utg000731l (15787bp)
		This contig is unaligned. (15787 bp)
		Unaligned bases: 15787 (number of Ns: 0)

CONTIG: utg000732l (44498bp)
		This contig is unaligned. (44498 bp)
		Unaligned bases: 44498 (number of Ns: 0)

CONTIG: utg000733l (11151bp)
		This contig is unaligned. (11151 bp)
		Unaligned bases: 11151 (number of Ns: 0)

CONTIG: utg000734l (21321bp)
		This contig is unaligned. (21321 bp)
		Unaligned bases: 21321 (number of Ns: 0)

CONTIG: utg000735l (16539bp)
		This contig is unaligned. (16539 bp)
		Unaligned bases: 16539 (number of Ns: 0)

CONTIG: utg000736l (25497bp)
		This contig is unaligned. (25497 bp)
		Unaligned bases: 25497 (number of Ns: 0)

CONTIG: utg000737l (17628bp)
		This contig is unaligned. (17628 bp)
		Unaligned bases: 17628 (number of Ns: 0)

CONTIG: utg000738l (39830bp)
		This contig is unaligned. (39830 bp)
		Unaligned bases: 39830 (number of Ns: 0)

CONTIG: utg000739l (14744bp)
		This contig is unaligned. (14744 bp)
		Unaligned bases: 14744 (number of Ns: 0)

CONTIG: utg000740l (23435bp)
		This contig is unaligned. (23435 bp)
		Unaligned bases: 23435 (number of Ns: 0)

CONTIG: utg000741l (19223bp)
		This contig is unaligned. (19223 bp)
		Unaligned bases: 19223 (number of Ns: 0)

CONTIG: utg000742l (27616bp)
		This contig is unaligned. (27616 bp)
		Unaligned bases: 27616 (number of Ns: 0)

CONTIG: utg000743l (7206bp)
		This contig is unaligned. (7206 bp)
		Unaligned bases: 7206 (number of Ns: 0)

CONTIG: utg000744l (7139bp)
		This contig is unaligned. (7139 bp)
		Unaligned bases: 7139 (number of Ns: 0)

CONTIG: utg000745l (27810bp)
		This contig is unaligned. (27810 bp)
		Unaligned bases: 27810 (number of Ns: 0)

CONTIG: utg000746l (15936bp)
		This contig is unaligned. (15936 bp)
		Unaligned bases: 15936 (number of Ns: 0)

CONTIG: utg000747l (10708bp)
		This contig is unaligned. (10708 bp)
		Unaligned bases: 10708 (number of Ns: 0)

CONTIG: utg000748l (22251bp)
		This contig is unaligned. (22251 bp)
		Unaligned bases: 22251 (number of Ns: 0)

CONTIG: utg000749l (21672bp)
		This contig is unaligned. (21672 bp)
		Unaligned bases: 21672 (number of Ns: 0)

CONTIG: utg000750l (5864bp)
		This contig is unaligned. (5864 bp)
		Unaligned bases: 5864 (number of Ns: 0)

CONTIG: utg000751l (11662bp)
		This contig is unaligned. (11662 bp)
		Unaligned bases: 11662 (number of Ns: 0)

CONTIG: utg000752l (27792bp)
		This contig is unaligned. (27792 bp)
		Unaligned bases: 27792 (number of Ns: 0)

CONTIG: utg000753l (9603bp)
		This contig is unaligned. (9603 bp)
		Unaligned bases: 9603 (number of Ns: 0)

CONTIG: utg000754l (7963bp)
		This contig is unaligned. (7963 bp)
		Unaligned bases: 7963 (number of Ns: 0)

CONTIG: utg000755l (15604bp)
		This contig is unaligned. (15604 bp)
		Unaligned bases: 15604 (number of Ns: 0)

CONTIG: utg000756l (25284bp)
		This contig is unaligned. (25284 bp)
		Unaligned bases: 25284 (number of Ns: 0)

CONTIG: utg000757l (13842bp)
		This contig is unaligned. (13842 bp)
		Unaligned bases: 13842 (number of Ns: 0)

CONTIG: utg000758l (7590bp)
		This contig is unaligned. (7590 bp)
		Unaligned bases: 7590 (number of Ns: 0)

CONTIG: utg000759l (26669bp)
		This contig is unaligned. (26669 bp)
		Unaligned bases: 26669 (number of Ns: 0)

CONTIG: utg000760l (7192bp)
		This contig is unaligned. (7192 bp)
		Unaligned bases: 7192 (number of Ns: 0)

CONTIG: utg000761l (5888bp)
		This contig is unaligned. (5888 bp)
		Unaligned bases: 5888 (number of Ns: 0)

CONTIG: utg000762l (10129bp)
		This contig is unaligned. (10129 bp)
		Unaligned bases: 10129 (number of Ns: 0)

CONTIG: utg000763l (27963bp)
		This contig is unaligned. (27963 bp)
		Unaligned bases: 27963 (number of Ns: 0)

CONTIG: utg000764l (6163bp)
		This contig is unaligned. (6163 bp)
		Unaligned bases: 6163 (number of Ns: 0)

CONTIG: utg000765l (34733bp)
		This contig is unaligned. (34733 bp)
		Unaligned bases: 34733 (number of Ns: 0)

CONTIG: utg000766l (6850bp)
		This contig is unaligned. (6850 bp)
		Unaligned bases: 6850 (number of Ns: 0)

CONTIG: utg000767l (9414bp)
		This contig is unaligned. (9414 bp)
		Unaligned bases: 9414 (number of Ns: 0)

CONTIG: utg000768l (7542bp)
		This contig is unaligned. (7542 bp)
		Unaligned bases: 7542 (number of Ns: 0)

CONTIG: utg000769l (28597bp)
		This contig is unaligned. (28597 bp)
		Unaligned bases: 28597 (number of Ns: 0)

CONTIG: utg000770l (33255bp)
		This contig is unaligned. (33255 bp)
		Unaligned bases: 33255 (number of Ns: 0)

CONTIG: utg000771l (13900bp)
		This contig is unaligned. (13900 bp)
		Unaligned bases: 13900 (number of Ns: 0)

CONTIG: utg000772l (10468bp)
		This contig is unaligned. (10468 bp)
		Unaligned bases: 10468 (number of Ns: 0)

CONTIG: utg000773l (13629bp)
		This contig is unaligned. (13629 bp)
		Unaligned bases: 13629 (number of Ns: 0)

CONTIG: utg000774l (40502bp)
		This contig is unaligned. (40502 bp)
		Unaligned bases: 40502 (number of Ns: 0)

CONTIG: utg000775l (14349bp)
		This contig is unaligned. (14349 bp)
		Unaligned bases: 14349 (number of Ns: 0)

CONTIG: utg000776l (8990bp)
		This contig is unaligned. (8990 bp)
		Unaligned bases: 8990 (number of Ns: 0)

CONTIG: utg000777l (17829bp)
		This contig is unaligned. (17829 bp)
		Unaligned bases: 17829 (number of Ns: 0)

CONTIG: utg000778l (7071bp)
		This contig is unaligned. (7071 bp)
		Unaligned bases: 7071 (number of Ns: 0)

CONTIG: utg000779l (13776bp)
		This contig is unaligned. (13776 bp)
		Unaligned bases: 13776 (number of Ns: 0)

CONTIG: utg000780l (19897bp)
		This contig is unaligned. (19897 bp)
		Unaligned bases: 19897 (number of Ns: 0)

CONTIG: utg000781l (30516bp)
		This contig is unaligned. (30516 bp)
		Unaligned bases: 30516 (number of Ns: 0)

CONTIG: utg000782l (18751bp)
		This contig is unaligned. (18751 bp)
		Unaligned bases: 18751 (number of Ns: 0)

CONTIG: utg000783l (50382bp)
		This contig is unaligned. (50382 bp)
		Unaligned bases: 50382 (number of Ns: 0)

CONTIG: utg000784l (14177bp)
		This contig is unaligned. (14177 bp)
		Unaligned bases: 14177 (number of Ns: 0)

CONTIG: utg000785l (8374bp)
		This contig is unaligned. (8374 bp)
		Unaligned bases: 8374 (number of Ns: 0)

CONTIG: utg000786l (17659bp)
		This contig is unaligned. (17659 bp)
		Unaligned bases: 17659 (number of Ns: 0)

CONTIG: utg000787l (12332bp)
		This contig is unaligned. (12332 bp)
		Unaligned bases: 12332 (number of Ns: 0)

CONTIG: utg000788l (48039bp)
		This contig is unaligned. (48039 bp)
		Unaligned bases: 48039 (number of Ns: 0)

CONTIG: utg000789l (21420bp)
		This contig is unaligned. (21420 bp)
		Unaligned bases: 21420 (number of Ns: 0)

CONTIG: utg000790l (8960bp)
		This contig is unaligned. (8960 bp)
		Unaligned bases: 8960 (number of Ns: 0)

CONTIG: utg000791l (28260bp)
		This contig is unaligned. (28260 bp)
		Unaligned bases: 28260 (number of Ns: 0)

CONTIG: utg000792l (8759bp)
		This contig is unaligned. (8759 bp)
		Unaligned bases: 8759 (number of Ns: 0)

CONTIG: utg000793l (6401bp)
		This contig is unaligned. (6401 bp)
		Unaligned bases: 6401 (number of Ns: 0)

CONTIG: utg000794l (35102bp)
		This contig is unaligned. (35102 bp)
		Unaligned bases: 35102 (number of Ns: 0)

CONTIG: utg000795l (6313bp)
		This contig is unaligned. (6313 bp)
		Unaligned bases: 6313 (number of Ns: 0)

CONTIG: utg000796l (33859bp)
		This contig is unaligned. (33859 bp)
		Unaligned bases: 33859 (number of Ns: 0)

CONTIG: utg000797l (27770bp)
		This contig is unaligned. (27770 bp)
		Unaligned bases: 27770 (number of Ns: 0)

CONTIG: utg000798l (3350bp)
		This contig is unaligned. (3350 bp)
		Unaligned bases: 3350 (number of Ns: 0)

CONTIG: utg000799l (6820bp)
		This contig is unaligned. (6820 bp)
		Unaligned bases: 6820 (number of Ns: 0)

CONTIG: utg000800l (12099bp)
		This contig is unaligned. (12099 bp)
		Unaligned bases: 12099 (number of Ns: 0)

CONTIG: utg000801l (14011bp)
		This contig is unaligned. (14011 bp)
		Unaligned bases: 14011 (number of Ns: 0)

CONTIG: utg000802l (35872bp)
		This contig is unaligned. (35872 bp)
		Unaligned bases: 35872 (number of Ns: 0)

CONTIG: utg000803l (7474bp)
		This contig is unaligned. (7474 bp)
		Unaligned bases: 7474 (number of Ns: 0)

CONTIG: utg000804l (34562bp)
		This contig is unaligned. (34562 bp)
		Unaligned bases: 34562 (number of Ns: 0)

CONTIG: utg000805l (9689bp)
		This contig is unaligned. (9689 bp)
		Unaligned bases: 9689 (number of Ns: 0)

CONTIG: utg000806l (22183bp)
		This contig is unaligned. (22183 bp)
		Unaligned bases: 22183 (number of Ns: 0)

CONTIG: utg000807l (11504bp)
		This contig is unaligned. (11504 bp)
		Unaligned bases: 11504 (number of Ns: 0)

CONTIG: utg000808l (22761bp)
		This contig is unaligned. (22761 bp)
		Unaligned bases: 22761 (number of Ns: 0)

CONTIG: utg000809l (8447bp)
		This contig is unaligned. (8447 bp)
		Unaligned bases: 8447 (number of Ns: 0)

CONTIG: utg000810l (10701bp)
		This contig is unaligned. (10701 bp)
		Unaligned bases: 10701 (number of Ns: 0)

CONTIG: utg000811l (8410bp)
		This contig is unaligned. (8410 bp)
		Unaligned bases: 8410 (number of Ns: 0)

CONTIG: utg000812l (5554bp)
		This contig is unaligned. (5554 bp)
		Unaligned bases: 5554 (number of Ns: 0)

Analyzing coverage...
Writing SNPs into /home/genomika25/studenci/artale/Project_Genomics/data/quast_results/results_2025_11_19_15_58_09/contigs_reports/minimap_output/miniasm_nanopore.used_snps.gz

Analysis is finished!
Founded SNPs were written into /home/genomika25/studenci/artale/Project_Genomics/data/quast_results/results_2025_11_19_15_58_09/contigs_reports/minimap_output/miniasm_nanopore.used_snps.gz

Results:
	Local Misassemblies: 0
	Misassemblies: 0
		Relocations: 0
		Translocations: 0
		Inversions: 0
	Scaffold gap extensive misassemblies: 0
	Scaffold gap local misassemblies: 0
	Misassembled Contigs: 0
	Misassembled Contig Bases: 0
	Misassemblies Inter-Contig Overlap: 0
Unaligned Contigs: 686 + 126 part
Half Unaligned Contigs with Misassemblies: 68
Unaligned Contig Bases: 65475084

Ambiguously Mapped Contigs: 13
Total Bases in Ambiguously Mapped Contigs: 4759871
Extra Bases in Ambiguously Mapped Contigs: 0
Note that --allow-ambiguity option was set to "one" and only first alignment per each of these contigs was used.

	Covered Bases: 25772

	SNPs: 1548
	Insertions: 49
	Deletions: 48

