NC_057370.1
1 6433
6520 11591
11668 14313
14396 19900
19975 23154
23236 26854
26920 27486
27568 30584
30650 31464
31530 32846
32930 33899
33965 34745
34815 35769
35837 36306
36383 37949
38023 39572
39654 39704
39775 40636
40702 40930
41008 41465
41546 42101
42189 43880
43954 45023
45089 45947
46017 47131
47259 47559
47625 49164
49235 49660
49731 53096
53162 54430
54521 55430
55506 55725
55806 57031
57121 59297
59369 67469
67542 71107
71173 77006
77075 80044
80122 83566
83636 88081
88267 88633
88729 90996
91065 91120
91200 94512
94581 94795
94960 95567
95653 96036
96110 97545
97620 98203
98323 98878
98953 101878
101950 102280
102364 103360
103442 104095
104170 104876
104943 105268
105370 105907
105979 106628
106698 106797
106876 108060
108129 109615
109685 112749
112816 113196
113262 121355
121431 122933
123013 124912
124978 128255
128333 131916
131990 132349
132415 133560
133635 133767
133838 136454
136551 138342
138431 139731
139831 140388
140456 142022
142113 142824
142905 143924
144026 145267
145333 145719
145785 147190
147264 149365
149446 151171
151257 153556
153623 171127
171215 179180
179247 182454
182525 186136
186214 186735
186824 190424
190503 197749
197820 199020
199092 202634
202854 203276
203344 205795
205899 209698
209771 218523
218615 219294
219385 221112
221187 225842
225919 227901
227995 234503
234578 236465
236533 237743
237811 238242
238326 239740
239809 242365
242449 242773
242845 244011
244078 253930
254015 263933
264006 265938
266023 267696
267777 268245
268312 271636
271750 276958
277058 278314
278389 278584
278666 286524
286600 288161
288248 289599
289672 289949
290045 292305
292380 294569
294638 294774
294841 299092
299159 300258
300327 304315
304382 305271
305341 306815
306886 315318
315385 317548
317625 319472
319555 321649
321723 321870
321945 323147
323215 324503
324581 324764
324835 326596
326673 327160
327237 332029
332106 338363
338461 340852
340923 342879
342949 345046
345150 346977
347049 348428
348503 362514
362581 372040
372110 375502
375577 375927
375998 376355
376434 377317
377407 379737
379804 385474
385547 388013
388084 394470
394541 395453
395537 398193
398259 398499
398690 399904
400000 400267
400469 410248
410314 413214
413360 413619
413686 414058
414130 414653
414761 414874
414949 416067
416140 417969
418045 418320
418403 419735
419801 419948
420051 420153
420222 420291
420365 421682
421774 422965
423063 424167
424252 425910
425994 426634
426715 427004
427090 427462
427542 427905
427986 428828
428899 429268
429447 429747
429844 431113
431182 432617
432687 433925
434008 434604
434674 436498
436578 437283
437358 438666
438739 439419
439498 441050
441117 441205
441288 441620
441704 442513
442588 443719
443877 447096
447185 448347
448427 454075
454141 454889
454986 455885
455952 456431
456525 458169
458251 458498
458590 458962
459040 459164
459233 459828
459902 461459
461529 463494
463587 464933
464999 468628
468711 469358
469437 470491
470557 472465
472547 472809
472880 473217
473286 473795
473866 475629
475699 475949
476030 479226
479306 480810
480896 481457
481528 482407
482485 488098
488166 490697
490764 493293
493365 495369
495446 495534
495611 498249
498320 499794
499882 515943
516014 516188
516281 517313
517386 519752
519821 520299
520369 523459
523543 524778
524852 524974
525040 525215
525306 528547
528630 531727
531798 539552
539618 546041
546110 551626
551693 552576
552653 552841
552913 553086
553167 554362
554436 557844
557913 567980
568050 568621
568687 575618
575715 579274
579348 584696
584775 584857
584926 586510
586578 588869
588944 591881
591958 610440
610516 614137
614243 615825
615892 616495
616613 619516
619582 620211
620294 620891
621007 621601
621697 622680
622761 623283
623407 643197
643266 655762
655831 661135
661211 663309
663379 664530
664622 665880
665964 668402
668469 668753
668821 669163
669234 669608
669676 670025
670122 670271
670343 682278
682345 683097
683194 683652
683722 684199
684269 685507
685579 690500
690579 692836
692905 693556
693625 695409
695489 697680
697759 698111
698181 701602
701716 703103
703175 703353
703430 713653
713862 716980
717053 719227
719307 721694
721798 722578
722646 723867
723946 724568
724634 729131
729205 729787
729873 731678
731747 735652
735744 745284
745361 747104
747201 747890
747966 751268
751362 753450
753518 756275
756343 756399
756477 758599
758674 760024
760113 760202
760276 761803
761878 763781
763856 766051
766159 770449
770520 772897
772971 773278
773445 774803
774882 775880
775965 778877
779014 781773
781839 782661
782729 787150
787219 789536
789629 814805
814872 817302
817421 818324
818390 820752
820819 822454
822526 833244
833312 839656
839722 844141
844214 852364
852435 853768
853839 856631
856712 857967
858060 858212
858297 864393
864486 865145
865231 865619
865688 867090
867161 868070
868172 868850
868916 869306
869411 871404
871474 875335
875404 875894
875965 876070
876139 878410
878479 880173
880254 887681
887751 888418
888486 888568
888634 888796
888871 889142
889212 890094
890165 895982
896069 896615
896696 898068
898150 898906
898972 901484
901562 903937
904008 907663
907729 909482
909558 909718
909791 910028
910107 911043
911127 917910
917998 918214
918284 919816
919888 921267
921335 921458
921534 921912
921980 922564
922635 923294
923384 924052
924119 925287
925381 925812
925960 926192
926301 926774
926850 927182
927251 928240
928308 929887
929957 931950
932055 934748
934831 935900
935969 936082
936172 936899
936970 939758
939830 941441
941509 942883
942951 944214
944300 947986
948061 948404
948488 948591
948661 949389
949459 949707
949773 955461
955545 957269
957342 960650
960717 961706
961784 970042
970113 970308
970393 971574
971672 974900
975034 977659
977726 980413
980500 983338
983419 984854
984921 985139
985206 985845
985921 986607
986673 987634
987713 988196
988279 988341
988413 998508
998586 999374
999456 1000126
1000202 1000969
1001057 1004058
1004151 1006282
1006365 1007192
1007270 1008059
1008129 1009717
1009810 1011499
1011576 1011876
1011953 1012182
1012255 1014004
1014092 1014591
1014689 1015820
1015892 1027094
1027162 1027639
1027714 1028355
1028428 1028737
1028854 1029444
1029518 1030287
1030364 1031952
1032025 1032153
1032227 1032305
1032380 1035586
1035664 1038080
1038147 1039909
1040046 1040974
1041044 1049767
1049846 1052922
1052999 1053186
1053269 1058147
1058228 1059335
1059412 1060104
1060214 1064990
1065067 1073397
1073465 1097119
1097188 1109391
1109461 1111437
1111506 1118881
1118947 1123719
1123794 1157710
1157782 1162282
1162379 1163313
1163387 1169155
1169224 1175423
1175490 1177529
1177600 1177700
1177798 1178466
1178536 1178957
1179036 1182547
1182664 1183147
1183221 1183532
1183665 1184656
1184740 1186900
1186971 1187122
1187198 1187808
1187874 1189537
1189619 1192295
1192370 1196571
1196670 1202132
1202198 1203248
1203321 1221671
1221737 1225907
1225981 1226109
1226177 1226669
1226744 1227432
1227551 1231892
1231971 1235889
1235956 1236882
1236964 1238198
1238268 1238444
1238512 1240360
1240470 1241168
1241246 1243259
1243325 1245421
1245491 1248275
1248374 1251406
1251472 1252266
1252346 1252583
1252680 1252875
1252941 1256788
1256859 1258340
1258425 1268241
1268314 1270242
1270310 1273986
1274082 1276245
1276315 1280174
1280250 1280658
1280771 1285536
1285605 1293694
1293842 1294643
1294724 1295083
1295161 1295910
1295987 1305285
1305380 1305773
1305859 1307405
1307483 1309491
1309571 1311260
1311344 1314143
1314214 1314747
1314835 1317989
1318064 1325260
1325328 1325383
1325451 1327904
1327982 1329794
1329878 1334417
1334501 1335731
1335801 1336499
1336580 1336876
1336949 1337648
1337795 1339272
1339338 1339409
1339477 1341814
1341892 1343044
1343115 1348982
1349052 1349573
1349639 1353876
1353961 1357502
1357569 1358389
1358465 1359855
1359921 1364573
1364648 1368865
1368940 1372056
1372131 1376209
1376293 1378116
1378188 1384751
1384900 1386455
1386529 1387354
1387421 1392123
1392189 1404392
1404468 1404776
1404858 1410548
1410620 1411883
1411953 1414876
1414947 1415724
1415795 1415913
1415989 1417738
1417817 1424484
1424560 1425565
1425642 1426170
1426247 1456770
1456837 1457070
1457147 1461699
1461773 1472823
1472894 1482736
1482812 1483106
1483179 1483381
1483452 1484442
1484535 1485933
1486001 1486323
1486400 1487477
1487551 1488619
1488691 1489563
1489635 1490596
1490680 1492219
1492293 1492460
1492547 1498655
1498730 1499724
1499807 1499863
1499948 1501534
1501603 1506443
1506515 1514622
1514691 1515580
1515651 1518897
1518976 1521473
1521544 1521675
1521754 1535819
1535904 1538720
1538811 1546352
1546422 1548796
1548884 1549343
1549414 1551259
1551333 1552685
1552758 1560785
1560886 1576995
1577063 1578203
1578272 1581981
1582047 1582594
1582663 1588136
1588220 1590090
1590166 1599708
1599806 1611942
1612028 1612566
1612643 1615630
1615697 1617747
1617823 1618640
1618727 1623610
1623681 1631766
1631836 1635305
1635373 1637942
1638044 1644256
1644332 1648401
1648501 1649797
1649866 1654630
1654696 1656903
1657014 1659407
1659504 1659647
1659714 1662925
1662995 1668398
1668464 1669484
1669550 1670369
1670445 1670927
1670994 1672250
1672424 1672948
1673039 1675559
1675640 1678222
1678291 1680339
1680405 1680801
1680872 1683194
1683264 1684198
1684286 1686113
1686179 1686830
1686910 1687186
1687259 1687744
1687827 1688161
1688233 1689276
1689348 1690723
1690809 1691815
1691886 1692516
1692593 1694798
1694877 1695198
1695267 1697250
1697316 1698388
1698474 1700237
1700312 1701006
1701109 1702270
1702362 1705565
1705639 1705902
1705980 1708024
1708098 1709848
1709918 1710245
1710326 1713008
1713090 1714013
1714080 1715241
1715350 1715849
1715925 1717678
1717752 1718598
1718773 1719867
1719944 1720065
1720147 1720461
1720533 1721977
1722053 1723710
1723932 1725909
1725983 1732487
1732553 1735001
1735086 1735986
1736054 1737752
1737836 1745087
1745158 1751124
1751200 1752772
1752844 1756873
1756958 1757511
1757589 1759152
1759231 1772443
1772519 1776557
1776624 1777379
1777465 1777529
1777621 1777737
1777835 1782872
1782938 1785501
1785569 1789528
1789603 1790305
1790387 1790629
1790699 1797602
1797668 1798411
1798481 1798898
1798970 1803611
1803711 1803940
1804006 1806360
1806431 1811664
1811733 1817167
1817254 1817393
1817490 1817888
1817954 1818971
1819042 1819771
1819840 1820569
1820644 1828736
1828812 1830458
1830546 1834915
1834994 1836848
1836920 1844607
1844674 1845848
1845920 1847426
1847504 1857657
1857732 1858408
1858479 1862696
1862769 1863784
1863854 1876597
1876689 1880172
1880251 1885372
1885458 1901023
1901094 1902028
1902097 1904878
1904962 1905143
1905212 1907662
1907733 1917093
1917160 1921761
1921828 1924634
1924703 1926750
1926850 1934278
1934348 1942554
1942624 1944780
1944860 1956848
1956923 1959634
1959716 1966224
1966297 1969536
1969610 1970570
1970636 1973992
1974073 1974524
1974591 1975278
1975348 1979271
1979348 1981976
1982120 1987147
1987217 1987297
1987373 1987639
1987718 1992862
1992933 1998476
1998660 2000814
2000918 2002120
2002186 2002667
2002756 2006483
2006565 2007957
2008030 2009982
2010072 2013605
2013693 2014230
2014300 2017295
2017361 2019257
2019323 2020367
2020454 2022170
2022288 2023213
2023285 2024173
2024249 2026520
2026588 2029780
2029849 2030201
2030282 2033241
2033356 2033639
2033713 2036045
2036121 2039913
2039996 2042234
2042314 2043949
2044025 2047118
2047184 2055074
2055142 2056753
2056833 2058296
2058372 2063947
2064015 2066272
2066344 2067689
2067762 2068697
2068765 2075368
2075439 2075874
2075983 2079852
2079924 2080624
2080707 2081500
2081568 2084452
2084527 2086367
2086437 2087301
2087373 2091784
2091858 2096198
2096268 2097560
2097631 2108599
2108667 2109953
2110037 2113438
2113550 2117150
2117227 2117493
2117566 2118980
2119120 2119694
2119788 2121234
2121307 2121422
2121499 2121712
2121791 2129548
2129628 2130409
2130479 2132939
2133005 2134093
2134259 2136251
2136352 2136921
2136995 2140067
2140142 2144474
2144557 2145158
2145229 2146265
2146348 2151509
2151577 2157238
2157304 2158787
2158863 2166462
2166623 2170223
2170295 2170959
2171031 2171197
2171269 2172241
2172340 2173495
2173582 2175768
2175845 2181530
2181614 2187420
2187513 2189463
2189535 2190714
2190780 2197621
2197692 2205381
2205468 2207126
2207205 2209529
2209598 2216807
2216876 2217076
2217170 2219283
2219372 2220106
2220181 2222882
2223028 2223611
2223697 2226585
2226662 2229414
2229491 2231100
2231181 2232626
2232706 2235338
2235406 2236076
2236163 2236405
2236474 2244439
2244506 2247574
2247652 2249350
2249433 2250300
2250393 2259052
2259125 2265290
2265357 2266472
2266547 2269545
2269623 2271204
2271280 2278932
2279179 2279847
2279924 2281792
2281955 2291177
2291244 2295921
2296014 2296241
2296361 2301735
2301811 2305117
2305202 2307204
2307280 2313502
2313582 2322781
2322856 2323139
2323208 2323644
2323715 2325252
2325325 2326043
2326130 2326979
2327045 2334350
2334435 2342014
2342094 2348494
2348567 2350940
2351018 2351857
2351937 2353052
2353122 2366101
2366171 2367442
2367530 2370428
2370498 2372256
2372324 2376068
2376134 2376455
2376531 2383382
2383452 2384325
2384402 2384959
2385034 2386761
2386843 2389863
2389940 2392312
2392381 2395580
2395655 2399420
2399501 2416221
2416300 2416631
2416798 2422924
2423003 2423262
2423329 2427659
2427727 2433708
2433775 2434144
2434210 2434654
2434723 2447795
2447899 2455111
2455196 2456755
2456843 2458239
2458306 2459663
2459733 2459928
2459994 2463880
2463948 2465217
2465283 2466095
2466172 2467050
2467124 2467861
2467941 2468669
2468736 2469792
2469871 2471109
2471333 2471524
2471596 2474791
2474863 2476556
2476627 2477457
2477543 2478422
2478600 2478959
2479056 2480778
2480844 2483561
2483672 2484301
2484376 2485116
2485193 2487527
2487595 2489452
2489542 2491135
2491221 2491358
2491443 2492542
2492648 2500936
2501005 2501081
2501150 2501356
2501435 2505617
2505696 2506611
2506686 2507895
2507981 2512495
2512571 2516297
2516366 2516496
2516606 2518344
2518433 2518989
2519055 2520622
2520737 2522716
2522837 2524244
2524327 2525271
2525339 2525429
2525506 2525558
2525705 2525866
2525933 2531260
2531458 2532718
2532816 2533955
2534021 2535923
2536035 2543175
2543248 2544394
2544478 2552382
2552448 2556583
2556650 2557510
2557588 2560071
2560141 2566680
2566762 2568199
2568269 2571318
2571410 2576087
2576172 2576453
2576521 2576890
2576974 2577577
2577643 2578258
2578396 2596026
2596093 2604959
2605044 2606813
2606886 2607082
2607150 2611320
2611386 2614617
2614683 2615856
2615931 2620100
2620176 2622551
2622624 2627201
2627268 2632737
2632804 2633726
2633792 2647415
2647481 2654596
2654702 2665979
2666057 2667597
2667704 2669854
2669931 2673850
2673922 2677940
2678007 2681377
2681452 2684547
2684631 2686145
2686211 2686742
2686874 2689291
2689371 2692015
2692081 2694914
2694981 2696030
2696106 2698021
2698089 2699622
2699720 2704695
2704762 2705787
2705875 2706552
2706623 2706904
2706986 2707222
2707288 2708976
2709043 2709333
2709404 2715327
2715397 2717317
2717408 2718968
2719040 2719573
2719670 2723726
2723793 2726090
2726167 2727952
2728022 2728889
2728955 2729332
2729399 2729542
2729618 2732305
2732383 2734277
2734479 2737360
2737446 2740811
2740879 2745171
2745238 2746935
2747011 2762493
2762681 2769557
2769636 2774700
2774790 2776094
2776175 2779316
2779389 2780697
2780881 2783727
2783804 2785109
2785176 2787347
2787425 2797606
2797676 2799228
2799305 2802392
2802483 2804304
2804376 2819563
2819629 2824828
2824918 2826150
2826224 2827262
2827341 2834827
2834918 2835833
2835924 2845435
2845510 2846326
2846490 2850946
2851034 2852295
2852369 2853574
2853655 2856586
2856653 2857023
2857099 2857390
2857465 2860269
2860340 2861647
2861723 2863406
2863475 2863903
2863969 2867524
2867603 2867966
2868047 2868359
2868428 2870230
2870314 2870436
2870507 2871733
2871817 2872299
2872369 2877082
2877176 2878837
2879040 2879432
2879502 2881647
2881799 2883908
2883982 2884997
2885079 2885381
2885457 2885830
2885899 2887299
2887387 2889358
2889445 2889893
2889994 2891281
2891386 2892848
2892943 2893876
2893942 2895237
2895320 2902909
2902977 2908792
2908870 2909768
2909850 2910502
2910569 2910627
2910693 2911717
2911794 2912656
2912725 2913517
2913616 2915081
2915151 2915326
2915475 2915903
2916009 2916847
2916919 2917415
2917481 2917535
2917618 2918364
2918548 2920139
2920231 2920543
2920622 2921452
2921523 2921955
2922025 2922251
2922318 2922800
2922867 2924589
2924657 2925457
2925526 2926170
2926240 2927380
2927522 2927785
2927957 2928116
2928223 2928304
2928389 2928922
2929000 2929372
2929474 2929525
2929703 2929981
2930163 2930384
2930520 2930658
2930725 2931999
2932065 2932424
2932491 2932822
2932890 2934141
2934244 2935177
2935287 2935565
2935636 2937808
2937874 2939049
2939153 2939331
2939406 2939949
2940027 2940390
2940461 2940558
2940632 2941088
2941165 2941515
2941600 2942667
2942799 2943457
2943524 2943919
2944007 2945724
2945815 2946188
2946261 2950451
2950533 2955272
2955366 2957378
2957452 2958600
2958675 2961706
2961782 2962662
2962734 2963713
2963801 2965600
2965684 2965780
2965858 2975508
2975578 2980489
2980555 2983753
2983831 2983911
2983980 2988841
2988920 2991489
2991556 2998173
2998240 2999491
2999579 3007041
3007110 3007368
3007434 3007874
3007968 3012650
3012727 3012893
3012960 3031949
3032018 3034278
3034346 3035040
3035118 3036078
3036153 3037654
3037728 3047177
3047263 3050416
3050575 3054926
3054993 3058346
3058442 3058816
3059332 3061220
3061300 3061433
3061528 3062670
3062737 3066397
3066698 3071732
3071801 3072336
3072405 3072837
3072904 3086158
3086252 3089173
3089241 3089415
3089489 3090710
3090797 3093168
3093253 3096314
3096387 3096612
3096678 3102672
3102739 3109606
3109675 3120288
3120374 3146825
3146892 3148995
3149084 3152779
3152852 3160842
3160911 3161931
3162004 3162987
3163072 3169042
3169116 3169186
3169259 3172223
3172298 3177223
3177301 3179223
3179293 3182427
3182500 3183590
3183686 3185166
3185247 3188027
3188121 3188796
3188865 3189284
3189354 3190218
3190288 3193703
3193905 3198568
3198766 3199118
3199190 3200300
3200381 3200678
3200761 3204143
3204246 3204532
3204618 3204715
3204800 3206181
3206252 3206454
3206526 3210185
3210266 3211648
3211716 3218323
3218401 3220497
3220616 3221701
3221773 3223399
3223467 3224621
3224699 3225178
3225258 3227285
3227363 3228341
3228412 3229492
3229559 3235730
3235803 3236333
3236402 3243292
3243394 3244050
3244137 3244492
3244585 3248852
3248937 3250147
3250220 3250330
3250468 3251095
3251164 3252248
3252318 3253210
3253377 3253521
3253591 3254069
3254151 3254782
3254850 3257444
3257550 3257965
3258040 3258848
3258918 3262196
3262268 3263038
3263111 3267808
3267885 3268022
3268096 3276953
3277026 3280075
3280150 3280466
3280553 3282562
3282629 3282908
3282989 3283753
3283831 3283953
3284019 3286160
3286236 3286301
3286381 3286502
3286568 3288174
3288248 3289255
3289355 3289863
3289947 3290209
3290380 3291822
3291904 3293222
3293290 3294173
3294253 3295908
3295987 3297245
3297315 3297498
3297564 3298585
3298663 3301114
3301180 3304861
3304928 3313082
3313171 3313283
3313355 3318135
3318211 3333772
3333844 3348272
3348338 3350213
3350290 3350440
3350508 3351168
3351248 3356270
3356341 3358254
3358327 3358403
NC_057371.1
1 1633
1700 1755
1823 2617
2697 3665
3733 4385
4462 8595
8689 12852
12923 15044
15148 15233
15317 16571
16680 16740
16830 19063
19151 19692
19767 22284
22357 24500
24664 29024
29101 30239
30305 32165
32233 34376
34449 37696
37765 44484
44555 48418
48507 52370
52468 63603
63674 63771
63854 68072
68144 73799
73894 76147
76214 79036
79116 79220
79287 79392
79574 80290
80359 81508
81577 85155
85221 90018
90106 90625
90695 97079
97157 97543
97614 97706
97810 100148
100224 100881
100954 104410
104476 105128
105204 105910
105979 108199
108288 108938
109005 122938
123037 125546
125615 132499
132568 134218
134291 135846
135919 138232
138300 139559
139627 139822
139888 144644
144710 145033
145102 146362
146458 146993
147082 148062
148131 148440
148554 149313
149387 153052
153126 154357
154456 156119
156189 156318
156456 159526
159600 159660
159727 160482
160549 168836
168924 169877
169949 171288
171362 171837
171976 173648
173721 173898
173964 175962
176033 183140
183216 183613
183681 185420
185490 187089
187167 187704
187781 188906
188984 190841
190952 196529
196693 200106
200201 202522
202590 203579
203645 204459
204529 204767
204834 205940
206011 206295
206374 208646
208733 209312
209381 210133
210222 213006
213087 215817
215893 216023
216091 217221
217312 218035
218110 220201
220284 220699
220800 220930
220996 221446
221520 221772
221845 224159
224226 224387
224454 231893
231975 233321
233394 236732
236806 237704
237793 239032
239100 241164
241257 241617
241683 242868
242940 244717
244797 247336
247420 248473
248563 248801
248885 251668
251737 252073
252148 252613
252682 252891
252970 255537
255616 255916
256109 256511
256607 256756
256836 257253
257361 257925
258045 262656
262727 263121
263195 263493
263584 265831
265903 267876
267954 268042
268108 268563
268663 270437
270505 270745
270833 271502
271581 271675
271746 275009
275087 275945
276028 276142
276288 279096
279184 280486
280568 280645
280715 281059
281164 281615
281681 282882
282948 289304
289388 289468
289534 289949
290044 290227
290297 291337
291405 291735
291815 292080
292146 292438
292510 297275
297388 300447
300536 302861
302932 303910
303988 305105
305205 305762
305830 307183
307273 309225
309293 309479
309565 310353
310438 316942
317058 317614
317685 320474
320540 321679
321750 325475
325541 329470
329553 329664
329730 331743
331822 334684
334754 339746
339816 340641
340726 340866
341056 342631
342703 348196
348262 350002
350068 353820
353888 354634
354710 360692
360760 361279
361345 368340
368413 371160
371257 371775
371893 374202
374278 375459
375527 375787
375853 376642
376710 377608
377677 382180
382247 388633
388713 391233
391337 393698
393778 394701
394767 395548
395630 398917
398992 400718
400786 401021
401104 401986
402055 403200
403271 404010
404089 404721
404795 405316
405386 406529
406600 407083
407152 407434
407508 407902
407975 409166
409233 415167
415253 415552
415619 419882
419950 422645
422715 431161
431265 431976
432077 456555
456631 457782
457849 478849
478930 480596
480662 490377
490478 495377
495458 508372
508446 509616
509720 511709
511790 514734
514814 514950
515078 516465
516532 516824
516911 517131
517361 518784
518862 518934
519062 519421
519518 520106
520175 520469
520542 521520
521588 522099
522166 523227
523397 524307
524382 524900
524974 525192
525355 526719
526824 528543
528615 529316
529388 529829
529897 530202
530278 530333
530412 530953
531027 532229
532314 532546
532616 533303
533449 534615
534687 535780
535848 538049
538148 538725
538800 539021
539110 539376
539624 541749
541815 543271
543339 546399
546478 547233
547328 547917
547990 548308
548384 549106
549192 549583
549720 550285
550387 550703
550775 550849
550918 552929
553031 553190
553266 553826
553895 554132
554220 554566
554652 554857
554946 555837
555914 556360
556438 557361
557427 560156
560223 561375
561454 561954
562026 562496
562569 567817
567889 569211
569319 570187
570257 570314
570467 572211
572304 572546
572622 576739
576814 580040
580108 581526
581592 583802
583871 594732
594813 597077
597146 599126
599203 600539
600635 602827
602897 603431
603500 607261
607350 612436
612516 613541
613608 615300
615369 619533
619606 622471
622546 625898
625969 629397
629499 630639
630706 631374
631563 632544
632622 632809
633005 633210
633285 634884
634951 636333
636442 636551
636619 637409
637493 637595
637699 638652
638734 638786
638859 640806
640886 642134
642372 642617
642683 644906
644979 645695
645761 647187
647256 647339
647423 651512
651603 652157
652226 653465
653557 655435
655505 665767
665835 666460
666534 673497
673578 673820
673891 678707
678773 680273
680359 683633
683712 687150
687222 688467
688556 697083
697163 702485
702567 702667
702737 703520
703586 705618
705688 705877
705947 707163
707233 712122
712188 713543
713628 719019
719107 719929
720108 720173
720322 721293
721387 722567
722640 731345
731427 734504
734586 737457
737535 738227
738333 738764
738833 741016
741087 745823
745891 748212
748281 752460
752528 757366
757437 759171
759239 761189
761266 762176
762243 763943
764028 775518
775586 776568
776634 783078
783163 783490
783560 783866
784018 784941
785007 786450
786517 791383
791457 801408
801481 801630
801735 801832
801912 802826
802906 804113
804209 806309
806380 807735
807811 810452
810519 812927
813007 814102
814201 816967
817085 817270
817349 817868
818032 819553
819619 821019
821085 823000
823071 824539
824645 825452
825547 825771
825840 836097
836185 840383
840456 841647
841730 845068
845184 845428
845498 846326
846409 854955
855021 858057
858126 866999
867066 868061
868128 869098
869168 875203
875335 877198
877272 880504
880576 885862
885964 886314
886390 891965
892031 892537
892755 892861
892957 893448
893533 895573
895647 895926
895994 896387
896481 896618
896690 897019
897141 901428
901614 906044
906110 911499
911568 914144
914214 916259
916351 916627
916704 924190
924258 926185
926251 932126
932194 936719
936805 945569
945640 952051
952125 956612
956812 957350
957426 958185
958262 959862
959944 962400
962471 974500
974569 974669
974740 976741
976817 976893
976975 978285
978362 981401
981470 982235
982310 982387
982454 986614
986699 987795
987867 988316
988403 989371
989469 989529
989595 992822
992903 993446
993514 993738
993880 995630
995726 996215
996294 996511
996580 997582
997666 999028
999102 999400
999519 999601
999674 1000109
1000196 1000628
1000704 1002611
1002690 1004132
1004214 1004555
1004626 1006697
1006800 1007063
1007146 1007750
1007831 1010507
1010576 1010912
1010981 1011355
1011445 1011639
1011733 1011924
1012020 1012205
1012321 1012428
1012573 1012797
1012989 1013054
1013251 1013460
1013538 1013971
1014059 1016219
1016293 1017013
1017082 1017979
1018147 1018724
1018816 1019099
1019165 1022000
1022127 1022460
1022527 1023834
1023917 1024281
1024375 1024579
1024661 1025299
1025367 1025454
1025604 1026237
1026307 1027141
1027333 1028295
1028373 1028422
1028508 1028607
1028684 1028786
1028858 1029390
1029500 1029629
1029740 1030047
1030114 1030673
1030740 1030896
1030975 1031538
1031605 1032505
1032602 1032780
1032851 1034866
1034936 1036650
1036752 1037120
1037190 1037636
1037730 1039402
1039473 1040781
1040847 1045146
1045222 1051302
1051384 1052562
1052665 1052965
1053037 1053254
1053357 1054772
1054844 1056313
1056379 1056782
1056854 1057378
1057448 1060084
1060170 1062262
1062330 1062553
1062619 1064715
1064819 1069107
1069175 1070090
1070156 1075103
1075175 1076915
1076991 1077554
1077638 1080174
1080244 1081008
1081084 1081157
1081254 1081906
1081979 1083007
1083081 1087905
1087986 1089471
1089543 1089635
1089703 1090179
1090257 1091628
1091698 1093841
1093917 1094284
1094352 1096213
1096332 1097262
1097333 1099713
1099787 1100839
1100939 1103402
1103474 1104428
1104509 1110567
1110636 1113474
1113543 1118461
1118530 1119641
1119715 1124740
1124854 1125114
1125193 1131278
1131347 1135774
1135870 1142656
1142739 1144758
1144859 1148532
1148619 1149225
1149298 1151201
1151269 1151374
1151440 1151996
1152066 1162034
1162110 1163676
1163743 1164178
1164249 1166580
1166653 1170908
1170975 1171266
1171336 1181594
1181679 1182762
1182847 1186084
1186153 1192370
1192453 1193282
1193376 1197696
1197766 1198150
1198218 1198493
1198563 1202209
1202322 1204058
1204164 1207957
1208023 1210368
1210494 1210696
1210770 1211092
1211163 1212335
1212417 1215946
1216023 1216240
1216330 1218333
1218417 1218807
1218961 1219260
1219337 1221055
1221129 1224425
1224497 1224998
1225075 1225474
1225563 1225836
1225916 1226998
1227088 1229891
1229962 1231066
1231137 1231782
1231862 1233434
1233500 1239489
1239555 1241962
1242049 1243668
1243737 1253290
1253367 1254825
1254895 1260714
1260790 1266438
1266521 1268268
1268375 1273614
1273690 1290591
1290659 1294086
1294158 1297692
1297783 1299357
1299423 1300485
1300566 1303558
1303644 1304942
1305010 1306602
1306672 1310610
1310689 1311435
1311527 1314400
1314466 1318816
1318888 1322400
1322482 1331064
1331150 1332071
1332137 1332506
1332580 1333498
1333642 1335132
1335239 1336231
1336309 1338495
1338561 1341423
1341492 1341786
1341860 1342425
1342601 1343366
1343434 1344922
1345019 1347982
1348201 1349298
1349434 1350068
1350134 1352124
1352199 1354896
1355033 1356464
1356532 1357747
1357820 1357876
1357955 1358710
1358786 1358990
1359060 1359143
1359222 1361114
1361194 1363348
1363427 1364357
1364424 1367778
1367845 1368515
1368619 1369720
1369806 1369990
1370057 1372065
1372140 1372418
1372505 1373187
1373255 1373621
1373688 1373758
1373840 1378345
1378420 1379647
1379771 1381201
1381272 1382014
1382088 1383243
1383382 1383936
1384005 1384329
1384399 1385392
1385466 1386765
1386832 1387221
1387315 1390067
1390261 1390564
1390666 1391081
1391156 1391222
1391301 1392863
1392938 1394933
1395040 1396010
1396077 1397137
1397218 1399517
1399628 1400351
1400548 1405749
1405817 1406222
1406310 1406817
1406930 1410052
1410132 1412528
1412595 1415339
1415444 1416885
1416953 1418181
1418261 1418394
1418460 1421578
1421651 1422319
1422391 1425381
1425466 1426275
1426354 1427761
1427877 1438212
1438283 1438681
1438750 1441481
1441567 1446652
1446733 1446791
1446858 1450575
1450648 1450863
1450930 1452272
1452345 1452659
1452730 1458410
1458484 1462878
1462958 1463648
1463717 1464233
1464301 1465263
1465368 1475776
1475855 1480615
1480705 1481129
1481209 1485258
1485326 1498708
1498778 1501080
1501159 1503986
1504067 1508178
1508247 1508781
1508856 1511681
1511762 1512992
1513068 1515633
1515702 1515996
1516084 1517461
1517557 1518857
1518955 1520987
1521070 1524640
1524740 1525618
1525689 1529577
1529643 1530239
1530315 1534849
1534915 1535232
1535299 1535577
1535646 1537998
1538105 1538394
1538466 1539543
1539610 1539842
1539924 1540565
1540652 1540707
1540791 1541098
1541262 1542146
1542236 1542513
1542595 1543766
1543835 1544336
1544415 1545200
1545370 1546135
1546208 1546318
1546385 1547895
1547980 1548276
1548345 1548606
1548674 1548967
1549062 1549273
1549339 1549639
1549718 1550418
1550495 1550739
1550814 1551474
1551541 1553853
1553936 1554542
1554614 1571937
1572016 1573214
1573286 1579203
1579272 1579651
1579724 1581300
1581377 1596977
1597045 1597119
1597212 1603831
1603911 1607080
1607146 1607375
1607444 1611796
1611864 1619516
1619592 1624288
1624372 1628430
1628504 1629951
1630051 1631826
1631894 1632748
1632824 1634297
1634363 1635550
1635628 1636335
1636405 1637217
1637306 1642140
1642206 1648781
1648879 1649341
1649446 1667473
1667540 1668513
1668580 1669501
1669590 1671547
1671613 1672346
1672426 1674124
1674208 1674605
1674710 1675397
1675499 1676708
1676779 1677120
1677188 1677913
1678077 1678901
1678994 1679162
1679228 1681236
1681310 1687453
1687530 1688783
1688851 1689719
1689798 1692915
1693098 1696354
1696422 1709372
1709453 1709776
1709850 1710186
1710252 1725329
1725398 1725860
1725942 1726020
1726114 1726244
1726373 1728494
1728586 1729753
1729833 1735346
1735436 1741681
1741752 1742320
1742388 1743395
1743470 1745082
1745150 1746192
1746277 1746795
1746880 1760823
1760903 1761425
1761511 1764834
1764907 1767497
1767572 1773196
1773265 1774302
1774393 1783785
1783877 1792403
1792475 1810836
1810910 1811757
1811849 1815637
1815705 1816563
1816656 1826451
1826531 1832290
1832368 1834491
1834586 1836397
1836479 1837489
1837557 1838316
1838403 1839646
1839723 1846825
1846891 1852190
1852258 1856005
1856085 1856151
1856236 1867293
1867372 1870011
1870092 1871380
1871466 1871673
1871779 1878069
1878149 1880180
1880285 1881870
1881946 1885498
1885577 1886232
1886310 1886511
1886583 1886872
1886945 1895056
1895141 1896283
1896351 1897774
1897860 1898301
1898370 1901684
1901762 1903304
1903426 1904835
1904901 1907636
1907706 1909161
1909228 1909393
1909464 1913892
1913970 1914109
1914183 1915035
1915118 1918271
1918338 1923244
1923314 1932553
1932642 1933360
1933446 1933781
1933862 1941363
1941465 1945587
1945671 1946857
1946931 1947555
1947627 1948651
1948717 1955631
1955701 1958261
1958337 1959135
1959206 1960243
1960315 1960434
1960502 1961062
1961145 1962944
1963015 1963145
1963217 1964589
1964698 1965515
1965589 1966321
1966392 1968376
1968457 1971896
1971963 1973321
1973388 1973580
1973653 1974260
1974335 1975388
1975458 1977084
1977161 1977488
1977557 1977778
1977849 1978900
1978970 1986386
1986453 1986689
1986759 1990748
1990816 1991382
1991453 1992372
1992453 1995901
1995973 2000334
2000411 2001463
2001621 2001981
2002076 2002419
2002500 2004202
2004280 2004768
2004851 2005268
2005344 2006066
2006152 2006403
2006478 2006860
2006932 2007248
2007315 2007774
2007858 2008498
2008659 2009184
2009325 2010251
2010331 2010480
2010610 2011022
2011091 2011551
2011633 2011933
2012001 2012716
2012787 2013344
2013444 2016633
2016727 2017308
2017386 2017976
2018077 2019680
2019881 2020296
2020364 2021550
2021617 2021727
2021837 2024198
2024268 2026598
2026686 2029623
2029699 2030306
2030372 2041791
2041867 2043514
2043580 2046055
2046121 2049496
2049572 2052263
2052336 2052787
2052855 2053426
2053499 2054102
2054222 2054464
2054571 2054708
2054781 2056082
2056162 2056713
2056782 2057397
2057481 2057568
2057634 2061697
2061877 2063590
2063661 2066610
2066689 2072913
2072989 2076164
2076239 2076516
2076586 2077054
2077129 2078004
2078086 2078652
2078774 2079484
2079560 2081253
2081327 2083242
2083314 2083474
2083553 2085742
2085814 2085926
2086004 2088706
2088784 2091884
2091950 2093074
2093151 2095806
2095879 2096069
2096147 2098334
2098402 2102434
2102515 2104790
2104950 2107454
2107544 2108684
2108752 2109808
2109878 2112710
2112780 2115123
2115195 2116951
2117017 2119478
2119556 2125518
2125585 2138881
2138959 2139038
2139185 2142040
2142114 2142940
2143026 2144522
2144590 2149711
2149778 2150278
2150348 2150901
2150988 2152073
2152332 2155028
2155098 2156885
2156951 2159926
2160005 2160086
2160177 2160799
2160996 2162037
2162114 2162478
2162558 2163120
2163187 2164134
2164217 2165408
2165480 2166804
2166902 2169030
2169111 2169505
2169573 2172513
2172579 2173975
2174071 2174326
2174395 2186269
2186336 2201848
2201926 2205327
2205395 2206083
2206150 2209136
2209303 2214077
2214171 2218584
2218688 2218887
2218981 2220533
2220619 2221574
2221642 2221800
2221871 2222135
2222222 2222568
2222639 2222710
2222806 2223217
2223304 2224802
2224879 2226159
2226251 2231446
2231519 2234396
2234463 2237835
2237928 2242828
2242909 2245495
2245561 2246836
2246930 2247204
2247271 2250055
2250126 2253028
2253099 2255173
2255242 2255427
2255494 2255700
2255767 2256444
2256539 2258221
2258287 2265783
2265850 2266278
2266361 2266726
2266799 2267393
2267461 2267581
2267658 2267852
2267921 2268309
2268376 2268567
2268804 2269109
2269178 2269797
2269873 2270037
2270105 2270223
2270294 2270535
2270605 2270937
2271038 2271189
2271271 2271738
2271806 2272293
2272376 2272443
2272550 2272668
2272734 2272822
2272915 2273031
2273136 2273523
2273596 2274471
2274582 2274929
2275030 2275622
2275704 2275882
2275949 2276062
2276223 2276375
2276455 2277062
2277132 2277689
2277775 2277960
2278029 2278273
2278341 2278401
2278567 2280701
2280897 2281453
2281520 2281695
2281767 2281900
2281974 2282979
2283053 2284526
2284620 2284847
2284915 2285232
2285301 2285837
2285911 2286889
2286996 2287150
2287218 2289126
2289209 2291182
2291248 2291718
2291790 2291904
2291971 2292363
2292435 2293184
2293289 2295282
2295351 2302444
2302511 2304271
2304350 2306285
2306351 2316203
2316285 2317273
2317368 2318175
2318252 2320270
2320377 2322506
2322581 2324908
2324977 2325307
2325373 2327332
2327399 2327858
2327928 2328024
2328120 2330252
2330320 2330947
2331017 2332722
2332805 2333155
2333225 2333918
2333991 2336352
2336424 2339150
2339241 2341753
2341900 2342885
2343042 2345304
2345372 2346230
2346371 2348057
2348157 2348218
2348297 2348683
2348751 2349244
2349328 2351172
2351259 2356775
2356841 2359772
2359853 2362119
2362204 2362493
2362572 2364706
2364801 2365449
2365521 2371437
2371512 2371608
2371714 2381672
2381748 2382892
2382969 2385881
2385961 2394666
2394766 2397104
2397182 2398386
2398453 2399006
2399077 2400453
2400521 2400807
2400882 2404031
2404106 2405997
2406070 2406704
2406956 2409155
2409239 2409812
2409891 2410371
2410457 2412158
2412224 2412358
2412428 2412993
2413061 2413819
2413891 2415854
2415922 2417918
2417988 2427092
2427170 2431244
2431315 2432494
2432565 2434711
2434781 2435408
2435529 2437911
2437986 2438889
2438995 2443467
2443546 2444261
2444365 2445804
2445892 2446124
2446190 2446336
2446402 2446705
2446775 2447075
2447154 2447485
2447562 2450433
2450521 2451143
2451462 2453992
2454063 2455897
2456009 2456877
2456944 2458154
2458233 2459469
2459549 2460567
2460637 2461784
2461853 2462159
2462243 2462556
2462626 2462907
2462984 2463276
2463355 2464397
2464466 2465003
2465092 2465575
2465689 2469716
2469820 2469939
2470036 2479237
2479325 2479973
2480041 2484898
2484976 2494016
2494138 2505299
2505380 2513536
2513613 2516756
2516824 2517646
2517732 2518695
2518767 2519110
2519178 2521824
2521900 2522510
2522587 2522648
2522751 2523095
2523170 2523286
2523454 2523517
2523654 2525826
2525986 2526078
2526146 2526792
2526885 2527967
2528261 2531211
2531296 2531499
2531571 2531642
2531709 2532270
2532336 2532566
2532681 2532895
2532965 2533358
2533426 2535719
2535827 2541199
2541281 2541596
2541674 2542676
2542756 2542816
2542888 2543436
2543510 2543790
2543874 2544514
2544647 2544874
2545051 2545286
2545386 2546479
2546637 2546686
2546762 2547093
2547159 2547215
2547329 2547383
2547458 2547625
2547936 2548218
2548291 2549080
2549150 2549341
2549479 2549826
2549910 2550027
2550095 2550606
2550676 2551016
2551090 2551171
2551237 2552006
2552095 2552262
2552331 2553893
2553971 2566040
2566130 2570205
2570271 2582070
2582144 2582786
2582859 2584189
2584257 2586260
2586336 2586680
2586746 2587764
2587832 2587977
2588181 2589795
2589861 2592805
2592871 2604605
2604674 2608013
2608085 2608245
2608311 2614412
2614484 2615816
2615884 2616242
2616309 2619618
2619703 2620913
2620981 2621849
2621929 2624956
2625025 2625310
2625465 2638482
2638584 2639490
2639568 2642421
2642500 2646432
2646498 2646780
2646851 2647020
2647089 2648901
2648973 2649416
2649504 2650690
2650771 2652012
2652191 2655773
2655848 2659020
2659105 2659827
2659898 2663168
2663237 2664503
2664571 2669747
2669838 2670489
2670562 2671052
2671125 2671597
2671665 2673127
2673198 2675166
2675277 2676697
2676776 2677103
2677186 2678409
2678477 2679604
2679674 2682942
2683063 2684128
2684230 2684979
2685086 2688093
2688191 2693080
2693172 2694377
2694444 2694733
2694802 2697540
2697614 2701882
2701955 2702322
2702390 2703683
2703754 2704133
2704224 2705314
2705381 2706467
2706539 2709153
2709224 2714131
2714200 2718055
2718129 2718894
2718963 2721481
2721547 2725235
2725306 2726340
2726419 2726773
2726839 2738481
2738554 2739846
2739922 2741374
2741450 2743033
2743102 2743462
2743531 2747387
2747457 2747862
2747932 2757223
2757297 2762046
2762117 2762258
2762327 2762876
2763083 2763398
2763472 2764746
2764813 2765126
2765234 2765483
2765549 2766430
2766638 2767075
2767153 2767794
2767864 2770979
2771074 2771372
2771448 2774361
2774431 2774635
2774709 2775673
2775743 2775961
2776028 2776504
2776572 2778424
2778516 2779127
2779197 2779494
2779602 2782443
2782509 2782602
2782682 2782842
2782924 2787100
2787182 2787833
2787902 2788384
2788473 2788565
2788640 2790439
2790514 2791342
2791430 2792340
2792406 2795323
2795446 2796480
2796562 2797948
2798054 2798329
2798416 2800545
2800623 2800730
2800798 2800925
2801012 2803885
2803955 2806252
2806341 2808395
2808583 2808856
2808942 2809110
2809179 2809567
2809635 2813549
2813641 2816147
2816213 2817039
2817116 2817330
2817397 2819055
2819142 2819536
2819620 2821319
2821392 2822193
2822266 2825321
2825416 2825483
2825552 2825985
2826065 2826409
2826480 2826720
2826921 2827542
2827625 2829444
2829522 2831046
2831118 2832215
2832292 2832568
2832650 2832788
2832855 2833198
2833279 2833684
2833760 2833950
2834024 2834632
2834715 2834811
2834890 2836183
2836255 2840736
2840813 2844683
2844760 2845650
2845719 2846901
2846987 2847375
2847441 2847628
2847736 2849755
2849836 2851282
2851353 2851675
2851742 2852739
2852883 2856677
2856761 2857889
2857955 2859629
2859743 2862905
2863000 2864137
2864207 2864633
2864710 2865088
2865177 2865561
2865700 2866322
2866403 2866490
2866591 2867518
2867586 2869418
2869487 2870966
2871034 2873857
2873923 2874189
2874364 2874822
2874895 2875493
2875560 2877548
2877651 2878145
2878218 2879007
2879077 2880637
2880710 2883344
2883433 2883758
2883843 2884050
2884117 2886509
2886592 2887497
2887590 2895836
NC_057372.1
1 2526
2641 2850
2921 3272
3356 3769
3835 4470
4560 5549
5641 6285
6353 9284
9392 10268
10346 11773
11841 12428
12503 15222
15294 17651
17717 20012
20079 22929
22998 24672
24758 25526
25592 35544
35620 37275
37356 38793
38868 40069
40156 41508
41582 43454
43522 44331
44400 53309
53380 55117
55192 60165
60237 64133
64230 64769
64836 75989
76069 76460
76716 86259
86349 87956
88045 88553
88619 89337
89406 90853
90925 94964
95045 95309
95387 102617
102685 105265
105343 109079
109168 111216
111282 111721
111804 116455
116529 133360
133451 135272
135344 136229
136296 138799
138869 140589
140661 143813
143889 144157
144235 144597
144665 145099
145223 146641
146806 146988
147062 147206
147293 147433
147501 147928
148166 148254
148579 148638
148785 149128
149194 149682
149781 149949
150281 150342
150409 151031
151098 151241
151308 152347
152446 152511
152706 152765
153098 153179
153367 153475
153543 153599
153793 154114
154347 154535
154614 154708
154880 155500
155570 155703
155773 155978
156107 156780
156892 157667
157746 157883
158066 158292
158362 158496
158635 159266
159415 159889
160127 160506
160577 160659
160832 160996
161081 161175
161258 161475
161650 161729
161840 161952
162019 162185
162371 162769
162980 163251
163365 163425
163496 163785
164096 164319
164409 164508
164575 164787
164853 165395
165481 166923
167260 167660
167814 167932
168021 168572
168648 168946
169012 169076
169142 175813
175917 176750
176818 179150
179219 181158
181239 184788
184855 191508
191577 196679
196782 205730
205823 207291
207393 208443
208512 208652
208730 209956
210022 211696
211803 212871
212937 213443
213512 214815
214910 215961
216036 216535
216609 216844
216934 217878
217964 228829
228900 228960
229038 229455
229537 232100
232168 236582
236666 245613
245681 247304
247375 248946
249033 252581
252660 253842
253912 260615
260683 261151
261225 263749
263815 265853
266044 267096
267189 268261
268338 269813
269895 270423
270496 273974
274047 276403
276484 282742
282813 289936
290002 291062
291143 291586
291658 292000
292067 297440
297509 303313
303382 303638
303711 305488
305566 308000
308096 308422
308497 310808
310891 311779
311849 312006
312193 312979
313053 315000
315071 315154
315229 315625
315725 315882
315950 316126
316304 317212
317297 317980
318047 318461
318575 319244
319438 319544
319614 320996
321064 321845
321918 322395
322466 324210
324396 325742
325812 329791
329862 333073
333141 333871
333989 340365
340437 342908
343000 343483
343562 343964
344038 345769
345852 350227
350295 352280
352354 352704
352772 356479
356554 357513
357580 359506
359583 362487
362559 363343
363425 364567
364640 365652
365761 369550
369641 373002
373073 374280
374359 375001
375103 375933
376001 383196
383262 391939
392013 392620
392695 393190
393258 394644
394742 395110
395184 395315
395457 395955
396025 396104
396185 397095
397161 397652
397742 397919
398029 398586
398654 398709
398794 399013
399172 399646
399727 399779
399872 400359
400455 401382
401476 401659
401728 403139
403254 407091
407181 407550
407616 408057
408123 408267
408392 408521
408602 408732
408799 409200
409337 409977
410044 411227
411296 413311
413381 413799
413882 416191
416264 418798
418886 419044
419121 420483
420553 422193
422285 422960
423060 424839
424907 457439
457513 458418
458495 461457
461524 462841
462917 467553
467619 467687
467760 468614
468712 471972
472038 485633
485714 491648
491853 492598
492670 492973
493039 501108
501182 503528
503609 509362
509430 511794
511864 513292
513369 513496
513567 517161
517227 546591
546668 549810
549876 551920
551990 560114
560212 564592
564660 567454
567533 568886
568956 572441
572518 574382
574453 574657
574770 575020
575102 575612
575690 577682
577750 579927
579994 585074
585143 588830
588902 590200
590278 593792
593873 594681
594757 595231
595323 597838
597911 598229
598323 598435
598517 598585
598662 600667
600738 600801
600869 601253
601320 601492
601564 602175
602245 602366
602436 603073
603143 603615
603711 604866
604950 605467
605535 605837
606028 606816
606915 607121
607302 607432
607502 610176
610247 610833
611038 611867
611955 613686
613759 614391
614517 615990
616115 617463
617534 617666
617735 618758
618838 619990
620061 620338
620421 620749
620964 621803
621903 622192
622393 623077
623183 624440
624531 625116
625185 625452
625525 625700
625866 626231
626313 628096
628182 628976
629047 629709
629777 629966
630047 630762
630855 632156
632222 632309
632398 633357
633463 634359
634427 635866
635947 636570
636638 638240
638306 638421
638504 639875
639954 641598
641665 643268
643344 647886
647978 663182
663248 664108
664191 667852
667918 670024
670106 676187
676261 688866
688934 689952
690026 691682
691748 692711
692810 694380
694461 699716
699787 700629
700696 704305
704462 706567
706645 707291
707361 710865
710939 715200
715273 718649
718728 724414
724481 725474
725547 726073
726147 726366
726440 732911
732979 734056
734143 735188
735273 736975
737047 738385
738453 739762
739831 741557
741625 742540
742625 744848
744918 745528
745626 748082
748150 748281
748360 749745
749813 755639
755710 767740
767812 769986
770059 783760
783833 790588
790670 793226
793324 793820
793893 794464
794558 798596
798682 799460
799539 801914
801983 822918
823001 827035
827103 827481
827548 831892
831995 833346
833426 833485
833602 833779
833948 835809
835903 839032
839102 845485
845570 846712
846800 847082
847148 869008
869094 870145
870212 871321
871391 879203
879290 885772
885847 887261
887351 887965
888049 890167
890236 892187
892255 894476
894542 898096
898205 898851
898931 899305
899376 904946
905100 907460
907532 908594
908666 908965
909053 909491
909602 909900
909991 910807
910874 916024
916098 916864
917051 919384
919451 927188
927266 929054
929137 931409
931499 933542
933609 934085
934153 934614
934688 934967
935037 939834
939900 940389
940458 941713
941779 942137
942212 943033
943103 943995
944066 944273
944352 946593
946681 947222
947300 947932
947999 948499
948587 949097
949200 949646
949759 949945
950025 950094
950163 950874
950951 951242
951309 952987
953058 953601
953668 954774
954892 955310
955379 955775
955881 956064
956133 956596
956686 956883
957002 957098
957174 958958
959040 959832
959899 960906
961009 961860
961928 964589
964673 967433
967509 968780
968854 969221
969297 970810
970881 972509
972663 973407
973478 973744
973819 978883
978949 980756
980824 984300
984366 989985
990061 995427
995500 996184
996252 996533
996602 997246
997316 998147
998218 1001364
1001456 1002491
1002597 1002877
1002943 1003246
1003325 1004971
1005049 1005918
1005986 1006292
1006363 1006542
1006612 1007010
1007184 1010227
1010321 1010503
1010571 1010745
1010811 1011088
1011170 1018988
1019092 1027225
1027308 1031190
1031265 1031625
1031714 1033630
1033697 1035459
1035528 1042666
1042732 1043251
1043317 1049059
1049126 1052079
1052154 1054976
1055048 1057364
1057463 1057553
1057629 1057892
1058152 1059482
1059586 1060395
1060465 1060908
1060989 1061633
1061699 1061833
1061905 1062282
1062366 1062473
1062544 1062778
1062854 1063333
1063510 1063986
1064053 1064342
1064425 1065249
1065319 1065441
1065591 1065772
1065842 1068138
1068206 1068363
1068432 1069192
1069265 1069329
1069493 1069667
1069735 1070265
1070331 1070492
1070586 1070718
1070893 1071491
1071565 1071675
1071758 1071953
1072052 1072171
1072257 1073567
1073669 1073749
1073818 1073916
1073996 1075179
1075343 1075567
1075633 1076225
1076293 1076839
1076906 1077390
1077467 1077561
1077700 1078156
1078227 1079111
1079185 1079290
1079356 1079535
1079603 1079893
1079961 1080601
1080668 1080928
1080997 1081631
1081697 1082812
1082885 1083151
1083240 1086585
1086651 1087016
1087087 1091860
1091943 1094320
1094393 1103754
1103821 1113933
1114001 1119827
1119894 1122752
1122828 1123149
1123230 1124095
1124164 1126235
1126301 1127776
1127872 1131583
1131649 1134478
1134550 1138763
1138874 1141834
1141900 1142287
1142358 1142929
1142996 1143673
1143747 1144490
1144556 1145662
1145770 1145995
1146063 1147037
1147115 1156608
1156681 1161924
1162002 1163234
1163308 1165652
1165736 1171113
1171188 1173316
1173382 1181596
1181663 1186242
1186347 1187398
1187518 1190262
1190352 1190770
1190854 1192132
1192213 1192482
1192559 1193714
1193780 1193985
1194069 1194762
1194843 1198118
1198257 1203068
1203146 1203883
1203976 1204280
1204394 1205304
1205371 1214224
1214304 1218864
1218935 1221649
1221726 1223256
1223335 1226034
1226137 1231934
1232001 1244054
1244128 1244347
1244419 1250744
1250819 1251561
1251627 1260126
1260227 1263266
1263346 1277400
1277468 1281253
1281323 1282732
1282813 1283647
1283728 1283821
1283904 1285744
1285824 1288135
1288202 1294193
1294267 1302614
1302698 1305652
1305718 1310306
1310386 1311887
1312001 1316428
1316495 1316816
1316884 1322203
1322290 1325419
1325507 1330109
1330200 1331541
1331613 1334510
1334582 1335955
1336025 1339299
1339369 1340897
1340984 1346221
1346292 1346929
1347001 1352202
1352288 1352488
1352593 1354994
1355066 1356768
1356875 1357228
1357300 1357473
1357542 1359015
1359089 1359516
1359599 1359923
1359989 1363828
1363900 1365635
1365707 1371273
1371362 1377615
1377697 1386983
1387052 1387645
1387714 1388611
1388680 1390669
1390738 1393817
1393889 1396416
1396488 1397462
1397538 1402705
1402777 1404063
1404129 1408421
1408511 1408889
1408983 1420121
1420301 1424433
1424503 1426424
1426529 1430983
1431072 1436126
1436221 1446308
1446376 1447053
1447131 1456221
1456321 1457758
1457833 1462008
1462084 1463022
1463104 1465319
1465398 1470615
1470688 1473288
1473391 1475246
1475324 1475879
1475950 1476130
1476211 1479810
1479881 1485490
1485558 1490607
1490685 1497272
1497338 1504444
1504515 1506286
1506460 1507250
1507317 1510542
1510715 1511780
1511849 1512663
1512734 1514605
1514671 1515437
1515505 1516235
1516322 1517137
1517229 1518709
1518776 1520799
1520866 1521692
1521964 1522289
1522373 1522827
1522902 1523245
1523319 1523523
1523615 1524299
1524409 1524589
1524671 1525294
1525365 1526131
1526208 1526737
1526817 1526867
1526939 1529608
1529690 1542706
1542775 1543082
1543153 1546846
1546932 1547198
1547284 1548351
1548424 1548759
1548836 1549920
1549988 1550393
1550464 1551163
1551324 1552848
1552941 1553438
1553517 1553715
1553922 1554489
1554569 1555610
1555677 1556329
1556396 1557568
1557658 1558704
1558774 1560035
1560122 1560465
1560537 1561003
1561084 1561399
1561469 1561881
1561959 1562985
1563055 1563405
1563475 1564030
1564127 1564693
1564840 1564974
1565049 1565281
1565347 1565441
1565516 1565661
1565727 1566675
1566812 1566888
1566955 1568251
1568398 1569869
1569964 1570758
1570851 1570979
1571045 1571777
1571855 1573499
1573626 1575068
1575144 1576096
1576174 1577780
1577853 1578368
1578436 1581629
1581695 1582031
1582141 1582467
1582744 1583883
1583974 1584480
1584556 1586240
1586330 1586746
1586823 1588096
1588172 1591356
1591438 1596651
1596721 1598857
1598935 1599746
1599826 1599985
1600051 1600819
1600916 1601210
1601299 1601724
1601792 1606756
1606829 1610421
1610495 1618303
1618373 1623623
1623801 1623853
1623921 1627547
1627613 1630553
1630649 1631085
1631151 1640761
1640842 1650399
1650468 1652329
1652429 1660089
1660169 1663353
1663428 1671048
1671133 1674271
1674338 1677150
1677227 1677950
1678038 1678911
1678996 1679511
1679586 1680739
1680809 1684190
1684303 1684999
1685069 1686582
1686666 1686753
1686825 1687009
1687082 1689104
1689195 1690764
1690835 1694105
1694190 1697588
1697656 1697768
1697843 1698174
1698258 1704014
1704084 1706124
1706195 1716730
1716815 1717681
1717749 1718317
1718393 1721664
1721738 1722724
1722791 1725026
1725092 1727277
1727347 1729187
1729311 1730397
1730496 1731803
1731882 1732349
1732436 1732615
1732681 1734218
1734285 1735812
1735925 1742436
1742502 1744520
1744595 1748041
1748115 1758442
1758511 1764891
1764960 1765362
1765432 1766335
1766405 1768634
1768714 1768951
1769029 1769899
1769985 1770766
1770841 1772178
1772255 1772669
1772738 1775648
1775716 1787258
1787325 1790415
1790512 1791303
1791370 1793778
1793851 1800888
1800961 1801021
1801093 1803449
1803528 1806642
1806708 1807214
1807409 1808435
1808504 1808699
1808780 1810609
1810681 1810756
1810826 1811491
1811563 1812435
1812509 1813127
1813204 1814257
1814333 1815471
1815544 1816284
1816354 1819296
1819363 1820174
1820242 1820804
1820889 1830234
1830318 1831952
1832023 1836767
1836843 1838607
1838693 1840013
1840085 1842528
1842679 1848854
1848943 1849856
1849948 1855648
1855731 1855969
1856038 1857738
1857813 1858215
1858328 1863786
1863852 1868425
1868491 1868686
1868763 1875770
1875850 1888304
1888375 1902345
1902424 1910064
1910153 1911065
1911137 1912391
1912457 1912530
1912608 1913600
1913735 1914218
1914409 1917253
1917338 1917441
1917527 1920891
1920958 1926038
1926126 1927078
1927144 1927299
1927368 1931006
1931103 1939716
1939807 1942048
1942119 1944368
1944458 1949270
1949342 1950945
1951017 1954104
1954180 1954796
1954866 1957747
1957868 1958673
1958750 1966660
1966731 1967400
1967476 1969703
1969772 1971792
1971872 1972109
1972186 1974227
1974372 1980220
1980312 1985967
1986051 2000541
2000619 2005431
2005498 2005879
2005957 2008683
2008754 2012159
2012243 2014643
2014710 2017073
2017146 2017272
2017372 2017606
2017688 2017880
2017946 2023381
2023480 2027481
2027574 2030671
2030742 2031113
2031181 2038561
2038627 2039239
2039372 2040330
2040506 2041270
2041533 2042473
2042546 2042600
2042676 2043696
2043784 2044044
2044111 2044412
2044502 2045571
2045641 2046310
2046394 2047959
2048048 2048993
2049091 2050170
2050244 2054068
2054138 2054471
2054573 2056724
2056810 2058069
2058145 2061440
2061516 2062694
2062789 2066261
2066333 2067958
2068025 2071768
2071842 2072676
2072746 2073197
2073293 2074322
2074446 2075421
2075495 2078982
2079065 2082412
2082490 2083333
2083405 2087134
2087214 2090158
2090226 2091972
2092044 2092560
2092655 2093273
2093379 2093623
2093697 2094109
2094217 2094703
2094772 2096655
2096727 2098387
2098455 2099422
2099499 2100682
2100767 2102671
2102752 2104571
2104649 2107297
2107371 2107458
2107570 2109740
2109818 2111005
2111072 2112972
2113076 2113148
2113226 2113662
2113729 2114017
2114088 2114425
2114506 2114798
2114869 2115062
2115138 2115706
2115782 2121287
2121359 2122046
2122117 2122291
2122362 2126142
2126211 2126526
2126596 2127437
2127508 2129782
2129862 2131294
2131381 2140359
2140480 2156786
2156870 2158408
2158475 2159911
2159983 2163665
2163753 2167248
2167325 2173460
2173534 2181322
2181394 2182472
2182553 2183260
2183345 2183751
2183837 2184372
2184440 2185085
2185153 2186921
2186989 2187836
2187914 2188621
2188755 2191177
2191340 2191629
2191786 2192476
2192546 2193554
2193623 2194359
2194447 2194564
2194640 2194842
2194909 2194978
2195068 2195476
2195650 2196782
2196889 2197800
2197982 2198388
2198465 2198568
2198638 2198946
2199028 2199452
2199549 2202071
2202137 2203284
2203394 2204360
2204436 2204676
2204742 2211161
2211236 2212768
2212836 2218866
2218945 2226081
2226151 2242821
2242903 2244829
2244903 2258310
2258392 2259926
2260010 2269393
2269464 2270662
2270734 2272283
2272368 2273422
2273498 2274531
2274656 2274835
2274908 2275180
2275251 2276253
2276335 2276814
2276968 2279062
2279136 2279202
2279270 2279376
2279456 2279544
2279613 2280310
2280386 2281572
2281638 2283075
2283150 2284559
2284652 2288217
2288296 2289506
2289582 2291311
2291398 2292773
2292843 2294662
2294745 2294912
2294986 2295286
2295369 2295827
2295894 2296486
2296553 2297113
2297179 2297678
2297749 2298647
2298731 2298780
2298848 2308056
2308147 2316820
2316912 2320390
2320457 2321602
2321668 2324898
2324965 2330480
2330566 2331500
2331573 2332329
2332419 2338430
2338503 2340433
2340504 2349118
2349186 2358373
2358447 2358574
2358645 2361514
2361585 2364328
2364394 2365001
2365098 2366478
2366553 2367836
2367911 2369902
2369969 2375683
2375755 2376322
2376410 2377004
2377095 2383279
2383352 2384907
2384987 2401962
2402044 2404233
2404299 2414798
2414873 2415861
2415936 2421828
2421897 2427294
2427361 2432380
2432452 2435862
2435928 2438569
2438653 2439922
2439989 2441278
2441349 2441720
2441790 2441903
2441970 2444276
2444348 2445144
2445241 2445708
2445776 2447908
2447979 2451924
2451990 2466411
2466497 2467080
2467176 2467436
2467522 2468187
2468260 2474078
2474168 2477649
2477722 2479060
2479132 2479261
2479339 2481170
2481248 2482510
2482577 2491234
2491302 2491432
2491513 2492290
2492378 2497412
2497481 2502899
2502967 2503319
2503388 2508186
2508254 2511883
2511965 2513407
2513489 2514227
2514303 2517435
2517508 2522188
2522293 2526574
2526654 2533310
2533376 2533492
2533570 2535261
2535328 2542871
2542947 2543797
2543865 2551038
2551120 2551175
2551244 2551737
2551903 2562690
2562766 2566530
2566607 2570169
2570244 2576302
2576368 2578350
2578418 2578584
2578654 2580621
2580698 2585021
2585099 2586176
2586252 2587572
2587679 2592341
2592425 2593139
2593228 2593894
2593962 2594654
2594760 2595776
2595843 2596542
2596608 2597203
2597286 2597464
2597540 2598100
2598189 2598808
2598882 2599771
2599872 2600806
2600880 2600938
2601024 2602000
2602096 2602436
2602502 2602638
2602729 2603636
2603718 2604408
2604478 2604586
2604715 2605063
2605163 2605907
2605979 2607352
2607422 2608374
2608470 2609403
2609474 2611463
2611530 2615014
2615093 2620174
2620402 2621050
2621146 2624273
2624376 2627683
2627762 2627942
2628040 2629860
2629953 2630953
2631058 2632342
2632418 2633598
2633667 2634879
2634947 2635438
2635510 2635943
2636050 2637433
2637507 2637726
2637868 2638029
2638108 2638862
2638944 2639580
2639664 2640400
2640466 2641133
2641216 2642645
2642784 2645483
2645585 2651951
2652038 2656511
2656577 2657005
2657105 2657300
2657368 2657820
2657901 2658331
2658529 2658640
2658713 2658894
2658963 2659989
2660073 2662118
2662189 2663141
2663211 2663438
2663504 2663930
2664012 2664281
2664350 2664700
2664781 2667381
2667461 2670229
2670299 2670749
2670915 2672459
2672543 2673503
2673580 2675631
2675718 2676279
2676361 2676610
2676723 2678541
2678650 2679577
2679652 2680623
2680689 2680883
2680959 2684851
2684920 2685863
2685929 2690914
2690988 2691057
2691134 2694693
2694763 2696532
2696614 2698567
2698639 2707422
2707499 2708046
2708138 2708319
2708394 2712193
2712358 2712590
2712665 2718019
2718089 2718689
2718786 2720769
2720845 2721216
2721285 2723769
2723846 2727114
2727180 2729056
2729129 2729585
2729665 2734793
2734862 2735494
2735561 2738955
2739028 2740423
2740500 2741467
2741544 2746446
2746538 2748645
2748726 2750032
2750102 2752474
2752572 2754686
2754789 2755048
2755119 2758012
2758094 2778776
2778852 2782556
2782678 2787200
2787276 2792073
2792143 2793353
2793514 2794550
2794666 2794912
2794983 2795610
2795687 2796963
2797040 2800306
2800388 2800650
2800716 2801295
2801367 2816399
2816483 2816913
2816989 2823944
2824023 2834600
2834670 2836665
2836762 2837473
2837568 2841198
2841270 2842846
2842919 2843775
2843841 2844466
2844538 2845466
2845532 2845816
2845968 2852457
2852546 2853235
2853315 2854198
2854265 2854894
2854994 2856614
2856713 2863945
2864033 2869150
2869232 2869783
2869863 2872710
2872795 2872873
2872956 2874680
2874763 2875305
2875373 2875472
2875548 2875757
2875836 2882001
2882088 2885623
2885707 2885895
2885966 2886613
2886726 2887227
2887298 2888403
2888500 2894606
2894699 2895221
2895299 2895785
2895903 2896038
2896113 2896314
2896382 2896650
2896741 2897469
2897535 2898186
2898264 2899712
2899867 2899961
2900030 2901525
2901602 2904183
2904255 2904530
2904621 2905412
2905535 2906241
2906317 2908002
2908076 2909031
2909116 2910242
2910324 2910746
2910830 2911206
2911277 2911877
2911943 2913038
2913243 2914025
2914103 2915385
2915460 2915805
2915880 2916106
2916175 2918106
2918187 2918540
2918609 2919186
2919261 2919504
2919663 2919762
2919830 2921264
2921334 2923366
2923444 2930485
2930558 2930783
2930873 2931706
2931773 2932658
2932812 2933247
2933333 2933518
2933587 2935055
2935130 2943113
2943179 2944244
2944310 2944631
2944717 2948128
2948201 2948568
2948637 2949520
2949586 2950728
2950795 2951158
2951234 2951945
2952014 2952222
2952298 2952371
2952459 2952833
2952901 2953643
2953718 2953913
2954009 2968211
2968286 2971514
2971605 2979836
2979903 2982058
2982128 2983785
2983860 2993399
2993491 2996184
2996280 2997895
2997988 2998601
2998677 3004315
3004381 3004656
3004750 3005628
3005700 3006001
3006082 3012432
3012498 3015720
3015786 3016706
3016776 3026873
3026954 3032199
3032268 3035863
3035934 3036102
3036173 3038406
3038481 3038913
3038991 3041099
3041167 3042282
3042359 3042889
3042956 3043583
3043651 3045394
3045468 3045761
3045833 3047087
3047160 3047458
3047550 3047937
3048029 3050239
3050341 3051055
3051123 3051787
3051853 3051920
3052081 3052623
3052835 3053264
3053351 3053539
3053613 3054293
3054364 3054918
3055053 3055532
3055598 3057155
3057223 3057394
3057575 3057634
3057716 3059795
3059861 3060669
3060740 3062013
3062163 3062587
3062690 3063082
3063156 3066237
3066305 3069329
3069427 3072412
3072482 3073912
3073993 3074228
3074303 3075080
3075148 3078040
3078130 3081947
3082024 3095723
3095931 3097689
3097767 3098767
3098849 3099524
3099609 3105726
3105807 3106332
3106399 3107129
3107261 3107767
3107892 3108239
3108321 3109971
3110039 3113613
3113683 3114300
3114367 3114609
3114707 3115313
3115382 3115441
3115511 3116092
3116183 3116243
3116317 3118071
3118154 3118379
3118446 3118557
3118625 3120630
3120710 3121298
3121364 3122683
3122761 3126538
3126651 3126753
3126829 3127210
3127276 3135399
3135465 3136037
3136106 3136215
3136289 3136702
3136775 3138390
3138465 3138959
3139025 3140339
3140421 3140805
3140881 3143356
3143444 3144882
3144953 3149056
3149140 3151110
3151184 3154055
3154123 3154465
3154538 3155020
3155088 3156637
3156711 3156763
3156842 3158891
3158967 3159941
3160028 3163822
3163903 3164111
3164186 3165953
3166020 3168160
3168234 3170684
3170768 3170964
3171059 3171458
3171693 3172836
3172958 3173018
3173207 3173615
3173696 3174004
3174076 3174319
3174388 3176795
3176864 3178034
3178174 3178664
3178868 3178934
3179001 3179348
3179424 3180095
3180203 3181148
3181217 3181641
3181715 3182635
3182701 3183209
3183277 3184270
3184351 3184709
3184781 3184840
3184914 3185584
3185681 3186339
3186421 3187174
3187388 3188260
3188328 3188596
3188664 3189479
3189566 3190413
3190500 3191729
3191796 3191908
3191979 3193164
3193235 3193986
3194052 3195375
3195441 3196404
3196489 3197134
3197206 3197260
3197390 3198052
3198121 3198196
3198292 3198689
3198764 3199580
3199648 3200800
3200867 3201218
3201291 3202425
3202493 3202723
3202887 3203333
3203400 3203452
3203539 3203938
3204010 3204262
3204341 3205005
3205072 3207141
3207214 3207459
3207530 3208045
3208127 3210156
3210225 3210928
3210997 3212244
3212321 3212521
3212598 3213474
3213549 3214246
3214318 3214539
3214670 3215885
3215977 3219439
3219525 3220742
3220823 3221050
3221148 3221480
3221579 3221707
3221790 3222997
3223063 3232920
3232991 3234154
3234259 3234368
3234567 3236297
3236369 3236678
3236760 3239538
3239605 3240239
3240444 3245516
3245590 3263377
3263447 3270797
3270864 3272810
3272881 3274416
3274499 3277640
3277736 3283568
3283666 3289447
3289516 3292508
3292574 3293732
3293812 3297059
3297131 3297742
3297969 3298552
3298620 3299127
3299223 3299288
3299368 3300682
3300770 3303297
3303367 3304937
3305024 3306247
3306332 3307387
3307458 3309623
3309694 3310160
3310246 3314309
3314395 3314668
3314757 3315369
3315448 3315699
3315776 3317334
3317409 3321921
3321996 3324363
3324429 3326035
3326101 3327114
3327183 3328087
3328201 3336133
3336200 3337387
3337481 3340248
3340320 3347920
3347988 3352512
3352617 3354260
3354327 3354545
3354654 3357042
3357111 3357932
3357999 3360264
3360338 3367956
3368022 3369405
3369479 3377716
3377833 3379284
3379358 3382593
3382662 3385124
3385193 3385344
3385420 3386650
3386717 3388481
3388586 3390703
3390800 3396196
3396391 3399092
3399166 3399719
3399788 3400208
3400280 3406119
3406198 3407122
3407188 3407432
3407516 3409226
3409303 3409361
3409450 3412846
3412939 3418803
3418876 3419028
3419114 3419765
3419854 3421988
3422058 3422319
3422402 3429743
3429813 3432377
3432446 3433233
3433314 3433905
3433975 3435779
3435894 3436825
3436891 3438885
3438964 3442391
3442484 3442700
3442779 3444768
3444871 3446749
3446816 3447498
3447571 3450924
3451008 3454365
3454436 3456775
3456842 3457308
3457382 3457619
3457796 3458236
3458552 3459229
3459301 3462260
3462326 3464853
3464924 3469953
3470043 3470485
3470557 3470764
3470853 3471782
3471862 3472215
3472288 3473516
3473600 3474494
3474579 3474714
3474780 3476562
3476655 3481412
3481505 3483055
3483124 3485492
3485558 3485990
3486069 3487217
3487310 3487538
3487621 3489652
3489731 3490682
3490754 3492517
3492584 3494385
3494456 3494698
3494769 3495636
3495732 3496349
3496418 3497523
3497589 3500147
3500219 3500884
3500953 3509906
3509979 3510198
3510277 3510724
3510811 3517579
3517661 3524043
3524140 3524475
3524541 3525081
3525182 3525888
3525973 3530903
3530972 3532025
NC_057373.1
1 2248
2331 5790
5874 6365
6439 8741
8810 10323
10402 11904
12036 13629
13703 13986
14062 17825
17892 20261
20368 21938
22011 25276
25347 26520
26591 28349
28435 32110
32180 32552
32657 33904
34004 36194
36269 41290
41366 44743
44828 47983
48053 48285
48351 48726
48816 52647
52729 56665
56748 57559
57642 58633
58827 61310
61377 63152
63232 64557
64637 64977
65060 66660
66733 69157
69236 74238
74308 87232
87319 89385
89455 89694
89766 95141
95210 95490
95561 96020
96110 96238
96304 102035
102141 102842
102920 103661
103727 103813
103952 106763
106836 107581
107675 107840
107907 111483
111557 112020
112126 113885
113953 117571
117665 122055
122128 123588
123815 123946
124012 124439
124525 124847
124914 127004
127107 127332
127407 128312
128382 128445
128517 129289
129397 130618
130685 130947
131029 131693
131761 133016
133122 133181
133268 134668
134750 135070
135152 147659
147738 147873
147949 154962
155063 156174
156269 156807
156881 163238
163331 163467
163550 167155
167224 167275
167363 168797
168872 170841
170911 171110
171177 174285
174363 174588
174655 174783
174869 176563
176647 179123
179191 179551
179619 179671
179750 180431
180499 183349
183436 188278
188348 189417
189488 190971
191039 193193
193261 194465
194536 198899
198973 199072
199148 200364
200473 200745
200824 207184
207259 207496
207671 207746
207856 208010
208095 208634
208707 209985
210063 210271
210340 212030
212139 213464
213544 213765
213843 214225
214292 214637
214822 215673
215799 215888
215973 216206
216273 216905
216982 217630
217720 218367
218438 219414
219486 219612
219684 219917
219985 220270
220375 221149
221262 221334
221405 221778
221847 221992
222108 223643
223713 224545
224614 224843
224916 225291
225359 225705
225799 226449
226516 226841
226909 227305
227384 227766
227874 227946
228031 228861
228956 229415
229497 232490
232576 238277
238344 240666
240758 245437
245521 253345
253417 253613
253689 254910
254976 255601
255668 255929
256031 259454
259534 261661
261727 264771
264847 265891
265999 270634
270700 270955
271024 271546
271617 274481
274547 275340
275537 276900
276996 277561
277636 277710
277786 278048
278120 278635
278711 279836
279904 282160
282332 282779
282848 284938
285008 286399
286481 287056
287146 290008
290079 293396
293487 299399
299466 299938
300033 301027
301131 308058
308129 309707
309779 310222
310300 312818
312889 314355
314431 316721
316788 317837
317916 318993
319086 321618
321716 322473
322568 325593
325661 327070
327189 327303
327375 327803
327869 328850
328932 329674
329756 332112
332202 332394
332530 332648
332722 332775
332845 333140
333238 333599
333666 335841
335908 337436
337522 339689
339770 341091
341164 342319
342387 344564
344635 344825
344926 346342
346420 346513
346587 347765
347875 348176
348249 356412
356500 356860
356967 358107
358174 358355
358489 362984
363051 364327
364397 365152
365256 366393
366480 367075
367178 369081
369161 370014
370083 370228
370356 371894
371983 372603
372677 372797
372893 374167
374267 375255
375349 375977
376057 379332
379412 379885
380045 381031
381099 381296
381362 381747
381820 382261
382334 382624
382718 383250
383344 383508
383574 383699
383780 384768
384834 386074
386141 387257
387330 387856
387965 388658
388725 389851
389918 391254
391338 392419
392485 399524
399598 401471
401565 403758
403826 408594
408694 409464
409545 413282
413350 416953
417031 419036
419102 428075
428144 431644
431710 432733
432805 433477
433653 434815
434885 435733
435808 436045
436117 436551
436619 438775
438876 440121
440201 440364
440432 441125
441195 441572
441655 442530
442609 443511
443577 445318
445473 445619
445707 447324
447402 447773
447840 451164
451248 452557
452635 453018
453110 455028
455105 455852
455923 457121
457191 468990
469063 473240
473400 473467
473545 473760
473842 473910
474055 476088
476157 478846
478931 481802
481880 484542
484611 485047
485119 485979
486058 487046
487134 495093
495170 509202
509274 510809
510875 511971
512037 522271
522354 524532
524598 534463
534544 536002
536079 538280
538351 546502
546569 548035
548101 548288
548373 553171
553245 553513
553584 554795
554862 557525
557595 557687
557756 557881
558162 558729
558807 559097
559175 559330
559414 559982
560070 561592
561658 565642
565715 583700
583771 584954
585153 598971
599054 600299
600375 601478
601546 605287
605369 609619
609688 611580
611646 615046
615162 615892
616011 635132
635215 639177
639257 642157
642239 657816
657882 660933
661000 664988
665063 666554
666631 668938
669141 671103
671172 673555
673632 674967
675042 678063
678132 678952
679094 679741
679809 680132
680232 681717
681808 682068
682158 684302
684450 686434
686508 686615
686683 687607
687683 687799
687866 688345
688452 689251
689324 690598
690679 691084
691152 691316
691390 691550
691645 691772
691846 692184
692250 693039
693107 693793
693863 693962
694029 694227
694340 694516
694590 694751
694817 695669
695737 697811
697935 698571
698650 701200
701312 702876
702951 703880
703952 704167
704237 704888
704967 706191
706259 706393
706536 706969
707040 707104
707256 707768
707846 708122
708220 708367
708435 710146
710222 710464
710575 712109
712193 712263
712346 714519
714586 714889
714997 716450
716546 718086
718162 721774
721865 723958
724059 724480
724556 724973
725103 728315
728400 729749
729815 731739
731834 733570
733650 738158
738237 738460
738547 738660
738732 739877
739945 741610
741678 744358
744435 749187
749253 759085
759153 759591
759680 760376
760442 762033
762104 767603
767682 767872
767946 768766
768835 769337
769404 769723
769796 772591
772675 773945
774028 776831
776899 777218
777305 778668
778745 779716
779785 796502
796627 796963
797031 798138
798204 799624
799697 801219
801308 811986
812053 818408
818483 825003
825088 825815
825887 827330
827427 829215
829300 829786
829855 830148
830219 836629
836721 843608
843674 843957
844026 847505
847579 848597
848680 849349
849415 853137
853225 857366
857436 866913
866997 868771
868850 869265
869350 872494
872709 874361
874443 875030
875098 877420
877505 877632
877741 879496
879570 885288
885362 885516
885587 888288
888372 890563
890646 895895
895972 896396
896471 896642
896714 899924
899996 903138
903220 904360
904427 905567
905647 908049
908117 909657
909759 914518
914586 918957
919025 919128
919194 919374
919482 924419
924502 928297
928382 932113
932184 932408
932475 934630
934699 936270
936338 937124
937201 937535
937609 939969
940076 940855
940921 945542
945610 947211
947278 950562
950630 953396
953477 953654
953721 955516
955655 957797
957871 959680
959748 962942
963017 964011
964081 969502
969597 973852
973928 974039
974126 979710
979776 983300
983389 984342
984424 985586
985656 987587
987665 989125
989274 989403
989507 990587
990653 992636
992703 992908
992978 993950
994024 994479
994560 997978
998096 1002600
1002667 1004412
1004511 1004570
1004637 1004789
1004937 1009158
1009229 1011338
1011405 1015888
1015958 1017498
1017617 1019544
1019623 1023944
1024039 1024663
1024741 1029763
1029829 1030928
1030999 1031887
1031955 1033110
1033180 1033658
1033758 1034658
1034726 1035335
1035414 1035727
1035815 1038237
1038304 1039105
1039179 1039866
1039935 1040044
1040130 1040790
1040871 1044654
1044728 1045556
1045628 1047258
1047326 1047766
1047854 1048227
1048299 1048524
1048600 1049355
1049421 1050630
1050703 1051157
1051370 1051848
1051921 1052132
1052205 1053347
1053418 1057750
1057819 1066126
1066192 1071741
1071834 1077569
1077641 1078679
1078757 1080824
1080896 1090018
1090089 1094236
1094311 1100262
1100332 1101501
1101579 1103868
1103934 1106524
1106598 1108752
1108869 1110255
1110348 1112558
1112649 1113883
1113969 1115051
1115147 1124188
1124259 1126402
1126482 1143517
1143585 1148628
1148698 1149004
1149188 1150090
1150168 1150543
1150623 1154855
1154921 1157221
1157294 1159848
1159917 1161307
1161410 1162781
1162954 1163584
1163660 1164337
1164412 1164588
1164655 1166339
1166424 1167522
1167629 1167731
1167841 1168853
1168921 1170098
1170196 1170480
1170559 1185965
1186069 1193062
1193146 1202465
1202566 1204477
1204571 1207660
1207732 1209326
1209407 1211153
1211256 1218759
1218857 1219351
1219423 1220870
1220939 1221969
1222037 1226790
1226868 1227571
1227641 1227745
1227822 1228388
1228454 1232666
1232735 1235587
1235657 1241546
1241619 1249300
1249373 1252601
1252693 1254626
1254702 1254789
1254868 1254951
1255027 1256449
1256519 1256769
1256843 1258730
1258805 1259397
1259489 1260716
1260816 1263421
1263492 1264830
1264937 1265369
1265439 1265971
1266040 1266181
1266283 1267305
1267382 1270662
1270733 1276979
1277063 1284218
1284296 1288638
1288709 1291809
1291903 1294212
1294298 1297199
1297266 1299822
1299914 1301412
1301480 1309255
1309327 1310639
1310711 1310769
1310843 1319468
1319548 1321201
1321283 1322907
1322979 1326808
1326895 1331085
1331152 1337890
1337958 1338273
1338343 1347219
1347294 1350130
1350209 1352154
1352222 1356866
1356943 1360070
1360165 1361154
1361243 1363018
1363088 1370925
1370999 1371770
1371857 1373784
1373888 1375345
1375412 1375494
1375577 1377188
1377262 1379324
1379412 1380586
1380654 1381641
1381709 1383408
1383474 1383716
1383812 1386627
1386710 1386781
1386850 1387135
1387201 1388562
1388631 1389071
1389145 1391491
1391564 1391802
1391911 1392293
1392430 1393232
1393309 1394639
1394721 1396370
1396437 1397897
1397978 1398623
1398745 1398972
1399048 1399677
1399744 1400195
1400271 1401405
1401474 1403410
1403476 1403770
1403852 1404446
1404521 1404949
1405019 1406163
1406256 1406308
1406378 1406488
1406625 1407069
1407136 1411238
1411312 1411421
1411661 1415367
1415436 1419778
1419852 1424726
1424804 1426136
1426206 1427147
1427214 1431724
1431791 1433452
1433522 1437418
1437501 1441448
1441535 1463170
1463237 1464759
1464854 1465716
1465805 1475176
1475262 1492397
1492476 1493270
1493340 1495457
1495647 1497230
1497298 1501791
1501865 1509962
1510033 1511073
1511153 1515498
1515565 1519256
1519328 1519963
1520046 1521592
1521664 1525603
1525680 1525795
1525883 1526505
1526579 1530007
1530089 1534912
1534980 1538325
1538395 1539556
1539625 1541342
1541409 1548845
1548924 1549819
1549885 1553870
1553956 1555371
1555440 1558742
1558826 1560270
1560347 1562365
1562437 1572480
1572579 1572995
1573065 1573731
1573812 1574400
1574469 1575703
1575772 1586590
1586775 1587218
1587305 1589097
1589163 1591363
1591429 1602501
1602691 1608631
1608718 1612296
1612369 1612836
1612903 1613248
1613324 1613925
1614008 1614086
1614192 1614381
1614526 1624880
1624957 1625858
1625927 1626765
1626836 1628595
1628703 1628916
1628985 1631316
1631410 1632120
1632204 1632523
1632597 1632706
1632776 1634896
1634968 1638854
1638935 1644888
1644978 1648178
1648247 1654037
1654121 1670747
1670813 1680997
1681088 1683213
1683289 1695096
1695162 1696389
1696473 1697957
1698031 1698177
1698260 1701649
1701718 1701789
1701908 1702923
1702991 1710570
1710637 1710801
1710873 1719691
1719787 1726058
1726141 1733639
1733706 1739336
1739414 1741543
1741619 1751261
1751329 1751938
1752033 1753394
1753465 1754129
1754206 1760820
1760896 1763319
1763391 1773542
1773637 1774304
1774374 1777086
1777163 1778057
1778126 1779543
1779614 1779789
1779905 1780089
1780155 1780245
1780333 1782446
1782527 1785357
1785460 1786375
1786453 1797163
1797239 1814105
1814177 1820816
1820900 1822082
1822150 1828919
1828994 1829224
1829316 1829676
1829757 1830024
1830097 1830400
1830467 1831512
1831578 1835924
1835998 1838923
1838989 1840450
1840540 1846665
1846753 1850209
1850286 1859002
1859080 1863453
1863531 1876526
1876600 1880645
1880728 1881576
1881645 1884824
1884907 1888283
1888356 1892497
1892586 1894933
1895023 1896328
1896413 1896992
1897061 1902011
1902080 1902277
1902349 1909929
1910004 1924202
1924281 1929084
1929162 1930420
1930490 1931674
1931746 1932099
1932186 1934872
1934973 1936011
1936093 1942226
1942301 1942658
1942736 1945289
1945359 1947808
1947880 1947940
1948015 1959975
1960043 1968619
1968738 1971097
1971163 1973323
1973401 1974074
1974145 1975424
1975498 1977140
1977218 1978538
1978606 1981094
1981170 1984820
1984889 1993035
1993117 2001978
2002071 2003171
2003266 2004383
2004462 2005064
2005139 2005439
2005532 2006249
2006315 2008106
2008177 2008279
2008363 2009682
2009765 2010423
2010506 2010621
2010696 2010997
2011064 2011256
2011334 2011511
2011588 2011914
2011994 2012337
2012403 2013658
2013743 2016428
2016498 2016966
2017036 2019374
2019442 2021220
2021298 2021525
2021614 2024421
2024506 2027329
2027396 2029472
2029558 2030361
2030429 2030542
2030632 2032395
2032498 2033568
2033636 2036831
2036898 2037793
2037862 2040745
2040825 2046549
2046622 2050479
2050576 2057871
2057971 2068159
2068240 2070671
2070752 2073152
2073219 2078818
2078885 2082384
2082450 2083164
2083232 2087435
2087515 2087707
2087796 2091116
2091195 2093106
2093187 2096509
2096589 2097363
2097434 2100778
2100854 2101833
2101899 2104405
2104492 2113342
2113426 2121437
2121512 2122504
2122578 2122944
2123017 2124786
2124858 2125240
2125308 2127289
2127373 2131750
2131817 2132727
2132815 2132994
2133073 2137308
2137374 2148325
2148409 2149895
2149963 2152430
2152523 2155052
2155128 2158234
2158341 2162343
2162451 2164209
2164286 2166045
2166118 2167246
2167322 2168953
2169149 2170102
2170174 2170754
2170824 2170945
2171012 2172812
2172909 2174401
2174482 2175513
2175627 2175921
2176017 2176089
2176232 2176648
2176716 2177125
2177192 2178572
2178641 2178882
2178969 2179048
2179115 2180111
2180178 2180726
2180795 2181740
2181923 2183633
2183718 2184506
2184575 2186950
2187045 2187350
2187453 2188571
2188668 2189027
2189138 2193361
2193446 2194237
2194312 2196131
2196216 2196900
2196981 2198102
2198170 2199274
2199362 2199939
2200018 2207924
2208022 2208510
2208577 2210971
2211043 2212265
2212337 2213615
2213684 2214128
2214296 2214629
2214700 2215222
2215306 2215746
2215925 2219237
2219323 2219932
2220002 2222548
2222652 2222794
2222897 2229986
2230082 2232372
2232446 2232765
2232835 2234604
2234676 2236742
2236815 2243665
2243733 2247028
2247097 2250644
2250712 2251160
2251230 2251282
2251350 2251684
2251766 2255065
2255139 2255977
2256049 2259389
2259532 2263812
2263906 2265949
2266024 2269524
2269619 2272866
2272939 2279355
2279455 2282890
2282956 2283475
2283543 2283812
2283882 2284681
2284771 2285220
2285292 2287472
2287538 2288277
2288354 2288423
2288491 2289733
2289812 2292099
2292188 2292439
2292590 2294167
2294294 2294547
2294613 2295807
2295913 2296109
2296208 2297850
2297918 2297969
2298037 2298766
2298857 2299777
2299879 2300002
2300069 2300900
2300974 2303125
2303202 2304412
2304486 2305299
2305371 2305521
2305746 2305990
2306056 2308847
2308913 2309659
2309744 2310544
2310614 2313575
2313677 2314112
2314221 2314279
2314349 2315048
2315115 2318039
2318114 2320716
2320783 2326865
2326934 2328727
2328813 2329116
2329187 2335041
2335112 2337406
2337474 2344108
2344178 2344734
2344819 2349106
2349172 2355188
2355270 2355887
2355977 2356922
2356991 2358874
2358951 2359283
2359349 2359587
2359658 2360011
2360092 2360319
2360387 2360961
2361034 2361623
2361691 2362505
2362577 2363384
2363476 2365299
2365368 2365529
2365610 2366354
2366429 2367983
2368055 2368187
2368284 2369671
2369747 2372623
2372700 2376525
2376596 2385035
2385118 2385895
2385965 2387002
2387095 2396552
2396624 2400729
2400797 2400925
2400998 2402734
2402807 2406555
2406627 2407641
2407708 2409733
2409834 2410066
2410135 2413130
2413196 2415082
2415197 2415749
2415823 2417098
2417172 2417828
2417897 2418437
2418539 2418777
2418854 2422371
2422440 2423654
2423735 2424073
2424169 2426397
2426469 2431096
2431195 2433038
2433107 2434707
2434790 2436119
2436187 2438361
2438442 2445062
2445131 2445642
2445712 2450149
2450222 2452553
2452648 2453264
2453338 2453935
2454003 2454953
2455038 2458688
2458763 2459878
2459967 2465157
2465230 2465484
2465553 2473413
2473492 2473720
2473792 2484327
2484394 2484718
2484786 2486991
2487059 2503655
2503721 2504807
2504888 2505757
2505823 2511297
2511369 2513248
2513351 2513865
2513941 2527321
2527388 2536210
2536279 2537854
2537937 2540081
2540153 2542862
2542929 2544592
2544659 2546855
2546931 2551363
2551440 2555502
2555573 2555975
2556065 2556455
2556528 2557255
2557361 2558347
2558435 2561946
2562116 2563146
2563224 2563569
2563661 2565215
2565286 2565434
2565506 2566279
2566345 2567623
2567752 2571992
2572101 2572409
2572485 2580163
2580229 2580613
2580699 2588318
2588398 2591176
2591245 2596798
2596880 2598837
2598906 2599842
2599933 2601679
2601747 2603813
2603895 2604814
2604907 2607151
2607218 2613394
2613469 2614187
2614268 2616786
2616855 2618829
2618914 2624910
2625003 2631037
2631119 2641434
2641510 2643140
2643210 2643593
2643660 2644224
2644315 2646360
2646439 2647393
2647464 2648599
2648697 2655907
2655973 2659944
2660010 2661564
2661635 2670781
2670848 2674949
2675030 2677751
2677829 2679694
2679763 2680311
2680399 2680762
2680836 2705146
2705223 2709355
2709437 2710816
2710883 2711322
2711391 2715021
2715091 2715199
2715275 2716292
2716378 2718911
2718983 2721180
2721272 2726801
2726875 2730998
2731066 2735390
2735471 2754400
2754509 2760079
2760150 2763021
2763089 2763536
2763617 2769685
2769753 2771415
2771487 2777637
2777712 2790291
2790363 2792160
2792236 2792492
2792573 2797672
2797758 2798950
2799035 2799882
2799983 2800424
2800500 2800805
2800883 2801442
2801608 2802183
2802249 2804235
2804304 2806865
2806937 2807709
2807812 2807907
2807978 2811591
2811664 2812080
2812147 2812655
2812728 2813603
2813676 2813878
2813949 2814558
2814640 2815896
2816046 2816277
2816470 2818737
2818805 2819466
2819533 2821392
2821477 2821654
2821755 2822001
2822079 2827397
2827481 2832041
2832112 2836879
2836954 2841307
2841380 2843579
2843645 2854482
2854550 2855453
2855529 2857368
2857434 2860296
2860369 2864176
2864259 2864518
2864584 2865436
2865504 2866015
2866085 2869173
2869246 2871248
2871316 2872601
2872699 2876265
2876346 2879214
2879282 2889462
2889545 2893068
2893137 2895136
2895213 2898791
2898877 2900700
2900770 2903517
2903584 2906948
2907017 2909781
2909850 2911121
2911210 2912110
2912197 2912601
2912688 2913544
2913614 2914436
2914508 2924672
2924752 2927843
2927915 2930164
2930245 2933033
2933109 2933162
2933230 2935203
2935279 2943811
2943881 2945597
2945665 2948028
2948106 2950081
2950162 2955973
2956063 2956762
2956829 2963003
2963072 2963743
2963838 2964139
2964240 2964401
2964495 2964769
2964852 2966315
2966384 2966716
2966794 2967096
2967168 2967233
2967318 2975685
2975751 2976044
2976114 2986595
2986661 2991010
2991176 2991512
2991594 2991688
2991765 2992034
2992108 2993493
2993562 2997691
2997759 2998418
2998510 2998775
2998855 2999352
2999514 3000902
3000970 3001120
3001199 3003973
3004041 3004717
3004795 3007763
3007839 3012911
3012991 3015909
3015976 3016835
3016919 3019287
3019359 3020052
3020118 3022268
3022340 3027517
3027589 3038378
3038447 3042626
3042705 3045641
3045708 3046630
3046700 3047096
3047163 3054232
3054301 3054651
3054799 3060936
3061034 3061085
3061178 3066897
3066963 3067321
3067390 3067975
3068054 3077981
3078047 3095853
3096007 3099873
3100006 3100420
3100498 3100953
3101029 3101179
3101259 3114062
3114165 3118322
3118405 3120274
3120344 3122398
3122466 3135343
3135428 3138365
3138454 3139722
3139801 3143859
3143949 3144037
3144110 3147754
3147830 3149164
3149234 3149362
3149450 3150122
3150198 3151699
3151781 3154093
3154164 3157167
3157269 3159408
3159476 3162674
3162748 3166775
3166856 3168772
3168858 3169534
3169602 3171403
3171487 3172922
3172995 3173435
3173513 3173620
3173687 3188004
3188071 3188797
3188872 3194349
3194419 3195045
3195114 3208267
3208355 3214070
3214137 3219767
3219835 3223929
3224008 3229619
3229688 3232603
3232674 3236481
3236548 3236856
3236923 3239273
3239376 3241106
3241196 3241721
3241807 3242394
3242468 3242546
3242615 3245769
3245837 3248450
3248521 3253376
3253464 3253717
3253783 3259944
3260129 3261240
3261309 3262877
3262958 3263036
3263106 3263306
3263385 3265822
3265893 3266755
3266826 3270523
3270593 3271362
3271469 3271987
3272054 3272593
3272684 3272781
3272858 3273979
3274135 3274295
3274361 3276712
3276787 3277426
3277530 3278950
3279033 3281380
3281458 3282770
3282840 3285525
3285592 3286002
3286072 3289357
3289428 3290582
3290652 3291476
3291556 3291989
3292103 3292904
3293003 3293095
3293197 3293345
3293413 3294425
3294508 3294800
3294869 3295441
3295522 3295928
3296005 3297421
3297489 3298740
3298879 3299521
3299589 3301219
3301291 3302083
3302153 3304421
3304502 3305583
3305658 3306115
3306184 3306531
3306615 3307114
3307184 3308845
3308911 3309076
3309144 3309639
3309710 3309921
3309999 3310203
3310274 3310721
3310795 3311965
3312055 3312843
3312913 3314126
3314282 3316531
3316611 3317400
3317508 3320314
3320401 3326956
3327030 3327118
3327189 3327244
3327363 3327963
3328033 3329293
3329366 3329472
3329546 3330641
3330729 3330853
3330922 3333121
3333199 3335313
3335400 3335498
3335577 3337260
3337334 3339232
3339339 3339656
3339723 3341036
3341239 3341695
3341794 3342152
3342223 3342361
3342434 3342648
3342732 3342875
3343003 3343217
3343393 3343547
3343628 3345244
3345312 3346128
3346215 3346987
3347057 3348099
3348181 3348899
3348974 3349164
3349235 3352802
3352868 3353636
3353720 3355543
3355614 3356208
3356309 3358097
3358170 3365445
3365533 3372130
3372198 3373791
3373861 3377560
3377650 3379632
3379700 3382798
3382870 3383481
3383548 3384436
3384503 3385949
3386048 3386713
3386779 3388346
3388412 3390434
3390517 3391753
3391823 3392024
3392093 3395964
3396033 3396217
3396296 3396828
3396904 3399793
3399878 3400391
3400486 3403170
3403239 3403706
3403787 3404838
3404915 3405617
3405688 3407292
3407383 3407616
3407688 3408880
3408968 3420000
3420087 3421542
3421734 3424202
3424270 3429649
3429720 3432669
3432755 3435609
3435685 3438288
3438359 3439685
3439774 3439856
3439934 3441526
3441595 3453327
3453406 3462210
3462280 3463053
3463163 3468339
3468419 3468526
3468693 3468942
3469026 3469357
3469437 3471804
3471887 3472709
3472787 3473952
3474028 3474490
3474694 3477912
3478019 3478778
3478858 3479618
3479701 3479788
3479857 3480164
3480388 3480874
3480945 3481018
3481085 3481140
3481257 3481700
3481791 3481901
3481975 3482803
3482870 3483153
3483220 3483793
3483862 3484953
3485020 3486211
3486319 3487179
3487260 3488494
3488689 3489419
3489487 3489923
3489989 3491016
3491099 3491215
3491286 3491833
3491914 3492303
3492381 3495345
3495411 3498215
3498295 3498540
3498619 3498684
3498755 3513967
3514033 3514945
3515020 3515152
3515241 3515999
3516089 3516852
3516918 3519493
3519568 3520282
3520351 3522695
3522766 3536317
3536386 3546520
3546614 3547908
3547976 3548365
3548431 3555037
3555103 3556094
3556176 3556645
3556745 3557032
3557104 3557211
3557278 3557449
3557516 3559324
3559409 3560221
3560292 3561993
3562061 3562229
3562301 3571587
3571702 3573357
3573434 3575240
3575327 3575499
3575567 3576196
3576270 3577145
3577223 3578399
3578589 3580067
3580151 3581215
3581293 3581688
3581760 3582093
3582164 3592764
3592848 3594570
3594637 3595000
3595077 3597241
3597317 3597555
3597629 3605281
3605395 3607611
3607685 3608452
3608518 3608603
3608695 3608878
3608946 3609374
3609452 3609716
3609795 3610477
3610543 3614514
3614583 3616467
3616546 3618017
3618083 3618365
3618469 3618522
3618597 3619392
3619469 3620471
3620537 3621573
3621643 3622455
3622524 3622926
3623003 3623309
3623379 3623649
3623718 3625409
3625476 3627560
3627766 3628116
3628188 3628341
3628438 3629105
3629180 3629235
3629334 3629493
3629564 3629914
3630016 3630098
3630165 3631012
3631082 3631317
3631383 3631912
3632076 3632348
3632422 3633212
3633287 3635018
3635089 3636114
3636217 3637749
3637849 3638089
3638198 3638289
3638358 3639232
3639324 3640444
3640518 3642144
3642257 3643032
3643116 3643629
3643696 3644022
3644171 3644359
3644428 3646008
3646075 3646130
3646245 3646865
3646933 3647347
3647415 3647848
3647940 3649294
3649366 3649738
3649841 3651095
3651161 3651274
3651342 3655390
3655494 3657823
3657894 3664128
3664201 3665065
3665151 3666106
3666172 3668934
3669007 3670086
3670269 3671388
3671463 3671542
3671613 3673765
3673835 3673909
3673982 3678149
3678222 3678458
3678527 3680005
3680082 3680306
3680379 3681652
3681788 3682595
3682670 3682865
3682937 3683339
3683489 3683678
3683746 3684556
3684648 3685013
3685176 3686063
3686137 3688927
3689023 3689123
3689193 3690681
3690752 3692197
3692281 3696615
3696694 3698205
3698370 3699710
3699785 3700020
3700100 3701494
3701576 3704804
3704874 3708593
3708679 3709255
3709346 3712105
3712195 3715392
3715480 3715595
3715674 3716059
3716144 3716194
3716261 3718718
3718820 3718940
3719067 3720399
3720470 3722368
3722479 3722987
3723062 3724177
3724244 3727076
3727167 3742451
3742524 3743241
3743307 3744781
3744847 3745056
3745123 3745594
3745705 3746246
3746315 3746658
3746733 3746858
3746943 3747004
3747096 3747567
3747640 3748612
3748744 3749174
3749248 3749547
3749614 3751452
3751524 3753075
3753151 3755203
3755270 3756861
NC_057374.1
1 3374
3442 4243
4314 7573
7653 9676
9765 10284
10354 13393
13459 15553
15633 18144
18253 20359
20437 21003
21087 22917
22989 23564
23662 26297
26375 33409
33489 35742
35849 38186
38253 44536
44605 45992
46059 46896
46968 51011
51079 57108
57194 58904
58971 62248
62318 62771
62843 64805
64880 67333
67401 68921
68992 76518
76623 77589
77661 78310
78394 82450
82532 85369
85444 89537
89618 90389
90489 92525
92606 94908
95012 95251
95321 100126
100196 101260
101329 105035
105106 105580
105669 111062
111135 111222
111289 111768
111848 112970
113037 113583
113692 115279
115387 116292
116377 117024
117090 117823
117891 118143
118226 119932
120001 120793
120866 122353
122423 123115
123194 123408
123475 123987
124060 124182
124333 125207
125287 125574
125640 127133
127205 128879
128947 129325
129493 133812
133884 134808
134880 135905
135980 136930
137011 137278
137344 140147
140217 140868
140936 146987
147063 150864
150931 154150
154244 154469
154539 154758
154835 156616
156687 156792
156862 161164
161245 161532
161609 161709
161786 162185
162295 162516
162683 163602
163676 164103
164219 164376
164447 165397
165466 167398
167465 169174
169250 169748
169831 171175
171242 172081
172152 174212
174285 174760
174831 175376
175461 175851
175926 177254
177325 177712
177782 180596
180674 187054
187122 189214
189309 191723
191801 203514
203587 207550
207661 210056
210125 210925
210996 222205
222298 222353
222433 222918
223024 223160
223229 224448
224517 227307
227417 227798
227891 229098
229268 230402
230468 231247
231324 231529
231603 232528
232614 232854
232924 233173
233240 236158
236263 236495
236563 236757
236836 238721
238793 239834
239929 239984
240058 240563
240630 240875
240977 244675
244759 246454
246523 249604
249680 250965
251063 251684
251753 253794
253864 254047
254120 257836
257933 258099
258169 258671
258739 264841
264910 265293
265367 266634
266799 267429
267497 270458
270539 271269
271360 271727
271794 274168
274242 274537
274612 275172
275360 276033
276099 276149
276219 276822
276900 278205
278280 278750
278824 279130
279207 280110
280191 280901
280970 282813
282885 284120
284214 284967
285034 285396
285471 286449
286572 288014
288094 288182
288253 296177
296254 297540
297614 302200
302308 303316
303386 303970
304048 304433
304569 304648
304718 305861
305930 309421
309490 319571
319670 322929
322997 324468
324536 326006
326072 329902
329973 340388
340462 341138
341204 341505
341599 341864
341938 344644
344721 347940
348018 349018
349098 351762
351854 352568
352646 352797
352875 353243
353309 361213
361300 361667
361746 362287
362358 363178
363275 364675
364764 366522
366595 366789
366879 368759
368826 388492
388609 389087
389156 389498
389567 407671
407738 410794
410879 412740
412830 419446
419514 420044
420119 420501
420568 421900
421972 424556
424634 435295
435376 451438
451512 453508
453581 456281
456348 457150
457389 459206
459281 460612
460680 468954
469027 469268
469339 475699
475767 476571
476644 481038
481121 484815
484900 498068
498145 498536
498635 503150
503217 504594
504666 505999
506091 510079
510148 511759
511841 511893
511991 514911
514998 518358
518433 522116
522218 525984
526060 528234
528322 529364
529442 531645
531728 533073
533151 535460
535536 537182
537269 539122
539193 543701
543774 544266
544333 545113
545196 545943
546009 549642
549732 551674
551782 554644
554729 555301
555381 562578
562645 567745
567816 567896
567976 568113
568182 572507
572573 573051
573163 574661
574758 575097
575197 583246
583360 587777
587874 590572
590647 591471
591543 626455
626533 627853
627947 628442
628508 628968
629036 631882
631975 632076
632154 647748
647821 648176
648246 648545
648611 649114
649194 650124
650191 651109
651180 653316
653386 653456
653547 654014
654107 655225
655299 655430
655570 658064
658137 658650
658741 659701
659770 660653
660719 661371
661461 662088
662161 662312
662380 662468
662578 663131
663208 664645
664715 667374
667458 684876
684943 686339
686409 686975
687056 688353
688419 696612
696695 698099
698168 701466
701563 707171
707237 707762
707833 708026
708111 710919
711008 714165
714238 715409
715496 715982
716061 717017
717175 723222
723302 725622
725712 727513
727579 728197
728554 731952
732039 732882
732957 734524
734646 735970
736076 737135
737223 738579
738648 742854
742930 743260
743346 743541
743609 745160
745241 745584
745650 745955
746024 747344
747426 748165
748277 748640
748710 748892
748971 749638
749724 750409
750475 750711
750843 753006
753085 753793
753873 754172
754251 755825
755923 757269
757349 758978
759046 763342
763414 767951
768025 768300
768376 769349
769435 770095
770162 773928
773998 776292
776363 777432
777518 779818
779888 780617
780686 780916
780987 783915
783989 785059
785127 785381
785468 787365
787433 788621
788693 790043
790127 790254
790326 790568
790666 791973
792048 797779
797845 798978
799060 800763
800849 802473
802569 802890
802956 805298
805377 806502
806569 806854
806946 809120
809188 812934
813000 813217
813284 814098
814165 815972
816047 816187
816253 817483
817578 818805
818873 819522
819607 820269
820353 820622
820718 822520
822600 824390
824464 824880
824947 825650
825769 826141
826320 826758
826825 827887
827959 829820
829900 836605
836876 838266
838343 838548
838629 838699
838793 840220
840289 843270
843430 846277
846350 853069
853144 854454
854523 858941
859025 860586
860656 861773
861841 865020
865090 865221
865291 868802
868871 870110
870180 870859
870983 874506
874577 875610
875699 875863
875972 876102
876174 876908
876983 880958
881029 885511
885590 885769
885867 895117
895184 904953
905043 909001
909089 912122
912196 914247
914313 914780
914849 915478
915544 915845
915949 918614
918685 924663
924729 926118
926200 930627
930754 933785
933854 935984
936062 936111
936181 937826
937913 951133
951210 951647
951736 951794
951864 954087
954157 955016
955100 955947
956028 956878
957038 957385
957460 961991
962080 971363
971430 978528
978622 979008
979099 980586
980673 982100
982166 987030
987108 1002485
1002562 1016418
1016487 1018225
1018291 1018955
1019021 1023200
1023298 1026964
1027044 1030407
1030478 1031429
1031499 1035342
1035430 1038289
1038406 1041836
1041902 1043661
1043742 1045713
1045803 1046972
1047048 1048061
1048132 1048619
1048687 1052835
1052901 1053399
1053499 1054590
1054676 1054966
1055050 1056667
1056740 1057547
1057730 1065527
1065604 1065976
1066058 1066111
1066208 1067189
1067316 1068035
1068113 1073155
1073224 1073756
1073843 1073935
1074005 1074616
1074706 1077806
1077896 1078115
1078185 1078795
1078886 1079150
1079251 1083057
1083123 1088901
1088983 1089382
1089449 1090221
1090302 1091284
1091365 1096302
1096378 1098255
1098335 1106550
1106618 1108261
1108329 1108795
1108865 1109616
1109702 1110682
1111011 1111896
1111966 1112477
1112557 1113092
1113168 1113337
1113414 1113634
1113705 1113820
1113913 1115181
1115260 1115554
1115709 1116108
1116180 1117098
1117172 1119902
1119975 1131491
1131576 1132191
1132298 1133479
1133547 1134077
1134145 1136777
1136877 1138787
1138859 1148324
1148401 1150651
1150720 1154900
1154973 1155773
1155849 1156062
1156128 1156757
1156829 1159155
1159223 1161328
1161406 1162663
1162765 1163359
1163425 1166823
1166892 1168024
1168116 1168844
1168910 1170073
1170143 1170483
1170556 1171473
1171542 1173238
1173330 1173911
1173978 1174692
1174764 1176663
1176733 1178676
1178774 1179266
1179332 1181151
1181313 1183846
1183921 1184976
1185044 1193287
1193372 1196985
1197057 1198160
1198276 1200084
1200156 1202853
1202928 1213086
1213175 1214722
1214879 1216158
1216225 1220532
1220611 1223301
1223374 1226161
1226240 1226415
1226516 1227798
1227872 1232187
1232257 1232508
1232576 1233946
1234030 1234829
1234896 1235274
1235354 1237008
1237087 1237456
1237533 1238832
1238939 1241619
1241686 1243776
1243844 1245549
1245635 1252380
1252466 1259476
1259555 1262281
1262365 1263938
1264017 1266059
1266141 1267424
1267494 1268589
1268660 1268867
1268934 1271710
1271778 1272964
1273044 1274678
1274750 1282923
1282990 1284298
1284435 1285547
1285620 1291201
1291276 1292244
1292324 1292910
1292977 1297581
1297652 1310923
1311000 1312835
1312902 1314401
1314477 1316172
1316251 1318537
1318612 1321000
1321079 1323007
1323093 1324536
1324602 1328715
1328789 1329914
1329995 1333243
1333332 1334937
1335013 1336993
1337174 1338335
1338443 1342375
1342456 1342606
1342682 1343868
1343947 1347705
1347780 1349569
1349652 1350017
1350092 1351469
1351543 1351958
1352032 1355049
1355150 1357205
1357276 1359068
1359136 1359963
1360030 1360978
1361047 1362785
1362881 1364528
1364600 1368009
1368108 1368668
1368744 1371204
1371278 1374478
1374544 1375371
1375450 1388454
1388524 1390769
1390838 1393451
1393547 1393760
1393856 1394302
1394371 1394682
1394753 1398157
1398224 1406041
1406149 1406614
1406683 1406813
1406891 1410006
1410073 1410363
1410436 1413528
1413615 1414718
1414789 1415012
1415097 1415886
1415974 1417675
1417741 1418032
1418105 1418270
1418440 1418874
1418942 1419407
1419493 1419697
1419871 1420173
1420243 1421338
1421416 1422101
1422179 1422244
1422326 1424422
1424562 1424652
1424720 1424962
1425070 1425453
1425528 1426217
1426283 1426622
1426710 1427756
1427846 1428234
1428304 1428503
1428583 1429627
1429694 1431141
1431221 1432385
1432464 1434654
1434726 1438483
1438549 1449409
1449489 1450460
1450526 1451504
1451586 1451817
1451885 1453190
1453392 1454689
1454764 1455099
1455173 1456617
1456696 1456927
1456998 1457341
1457408 1459094
1459170 1460168
1460258 1461619
1461708 1463491
1463557 1463622
1463701 1464508
1464576 1468224
1468292 1469123
1469207 1470984
1471055 1472725
1472794 1473661
1473727 1473858
1473948 1474110
1474184 1474540
1474619 1476496
1476576 1485147
1485243 1486515
1486589 1487885
1487953 1500173
1500242 1506767
1506841 1531350
1531417 1533234
1533311 1533523
1533594 1534491
1534621 1541672
1541742 1544899
1544975 1545852
1545932 1546906
1546978 1559664
1559736 1561101
1561182 1561326
1561414 1561980
1562050 1562117
1562227 1564533
1564615 1566952
1567036 1568911
1568989 1569115
1569204 1571550
1571620 1577342
1577409 1577905
1577979 1578031
1578100 1578470
1578559 1582885
1582955 1585516
1585588 1586671
1586742 1587369
1587444 1590464
1590544 1590700
1590805 1590993
1591066 1592173
1592248 1592331
1592414 1593445
1593621 1593992
1594060 1595670
1595737 1595848
1595967 1596466
1596542 1597904
1598012 1598539
1598608 1599106
1599178 1599611
1599687 1600214
1600285 1603181
1603248 1605210
1605293 1605931
1606033 1608405
1608515 1609640
1609724 1613341
1613427 1615048
1615269 1615802
1615873 1617965
1618079 1619607
1619694 1625603
1625725 1626246
1626323 1628606
1628691 1628947
1629026 1629077
1629149 1629645
1629713 1630917
1630988 1631259
1631329 1632966
1633040 1634125
1634202 1634327
1634461 1635331
1635402 1635630
1635714 1636080
1636183 1637447
1637532 1637608
1637674 1638360
1638429 1638958
1639030 1639457
1639527 1640771
1640915 1641211
1641289 1642412
1642478 1643118
1643196 1644200
1644286 1645744
1645815 1645988
1646056 1646245
1646332 1646619
1646711 1648192
1648274 1649706
1649786 1650230
1650309 1651468
1651543 1652097
1652178 1652486
1652558 1655781
1655850 1657444
1657521 1657601
1657681 1658596
1658665 1659345
1659471 1660728
1660814 1660935
1661031 1662558
1662628 1663783
1663873 1665638
1665932 1666244
1666313 1666686
1666779 1667194
1667262 1668682
1668750 1670100
1670169 1670238
1670309 1670476
1670559 1670633
1670704 1671740
1671839 1672548
1672620 1673232
1673299 1673554
1673667 1673781
1673959 1674360
1674558 1675189
1675259 1680376
1680450 1685693
1685760 1687295
1687364 1687584
1687700 1691144
1691222 1700009
1700129 1706123
1706210 1706944
1707014 1707299
1707365 1709221
1709289 1710883
1710969 1711636
1711719 1712162
1712246 1713452
1713555 1716813
1716883 1722996
1723090 1733731
1733798 1736714
1736864 1738131
1738212 1739608
1739682 1740101
1740188 1748613
1748688 1749289
1749365 1754720
1754786 1755224
1755291 1756716
1756804 1759527
1759597 1760501
1760577 1761406
1761472 1763841
1763946 1764003
1764072 1764801
1764916 1765120
1765188 1767113
1767197 1767511
1767577 1767740
1767827 1769036
1769105 1769507
1769575 1769808
1769899 1771329
1771474 1772616
1772689 1773537
1773605 1776616
1776761 1778343
1778410 1779489
1779557 1779893
1779970 1780240
1780312 1781921
1781991 1785254
1785409 1785586
1785667 1786522
1786593 1787582
1787648 1787992
1788060 1788221
1788291 1789992
1790058 1793152
1793219 1793475
1793546 1794424
1794552 1794889
1794958 1795119
1795190 1797025
1797091 1797554
1797627 1801264
1801355 1801962
1802035 1804501
1804572 1805524
1805592 1809865
1809962 1811707
1811794 1815292
1815362 1818095
1818199 1818617
1818683 1819943
1820028 1821444
1821516 1822532
1822599 1823005
1823073 1823265
1823350 1826643
1826775 1827248
1827316 1827522
1827591 1828757
1828832 1828927
1829012 1830620
1830697 1837266
1837334 1837589
1837672 1841772
1841853 1843187
1843282 1845477
1845622 1846085
1846164 1850559
1850627 1852880
1853011 1853685
1853752 1854020
1854105 1855280
1855346 1855678
1855755 1859311
1859388 1860568
1860651 1861125
1861191 1863657
1863746 1864410
1864559 1865005
1865075 1866074
1866158 1867215
1867286 1867592
1867662 1868737
1868805 1869152
1869228 1869458
1869564 1873116
1873208 1876126
1876217 1876282
1876350 1877347
1877414 1878360
1878444 1878846
1878912 1878984
1879085 1880569
1880641 1880778
1880845 1881964
1882078 1882621
1882712 1883182
1883250 1883566
1883639 1888273
1888341 1890267
1890339 1896293
1896388 1902791
1902859 1904773
1904849 1906875
1906965 1907672
1907752 1914149
1914237 1914787
1914854 1920637
1920712 1924597
1924667 1927822
1927888 1929070
1929136 1934267
1934341 1937578
1937653 1939392
1939460 1939723
1939814 1940179
1940246 1941743
1941814 1942804
1942883 1944580
1944649 1946450
1946525 1948410
1948487 1949635
1949703 1950600
1950686 1952698
1952801 1954563
1954645 1956716
1956784 1957004
1957100 1957713
1957779 1958055
1958133 1959231
1959302 1959469
1959717 1959819
1959891 1960480
1960566 1961067
1961171 1962083
1962185 1962393
1962477 1962972
1963047 1963564
1963775 1964451
1964517 1964930
1964996 1966974
1967112 1967774
1967840 1968232
1968300 1969012
1969096 1969973
1970145 1970342
1970485 1971059
1971129 1971200
1971273 1971326
1971549 1971943
1972121 1972462
1972530 1972786
1972866 1974462
1974539 1975251
1975333 1976264
1976333 1977010
1977077 1981448
1981515 1982807
1982877 1985072
1985139 1989269
1989364 1989578
1989645 1989853
1989954 1994405
1994483 1995285
1995365 1995929
1995998 1997406
1997474 1998126
1998192 2001510
2001598 2006075
2006157 2006602
2006669 2011923
2011995 2014881
2014957 2015120
2015190 2015732
2015799 2016780
2016850 2016919
2016988 2018323
2018404 2028491
2028726 2029584
2029665 2030387
2030460 2031452
2031524 2034405
2034507 2048159
2048241 2048462
2048612 2049872
2049942 2050043
2050235 2088314
2088387 2088594
2088664 2093131
2093212 2096004
2096089 2097224
2097291 2099855
2099937 2101449
2101646 2102171
2102247 2102434
2102510 2104359
2104427 2105810
2105877 2108800
2108867 2115508
2115584 2116704
2116792 2118864
2118956 2120119
2120195 2121512
2121582 2121859
2121938 2123333
2123413 2124471
2124547 2125694
2125761 2127303
2127422 2127628
2127705 2130740
2130829 2132791
2132860 2135712
2135781 2144200
2144274 2144701
2144808 2146686
2146761 2148060
2148127 2148900
2148993 2154642
2154708 2157586
2157689 2163075
NC_057375.1
1 3090
3164 7251
7327 8623
8692 8965
9041 12347
12420 17539
17613 22256
22329 23159
23226 24885
24962 26486
26565 27372
27450 29911
29977 30308
30398 32596
32681 33297
33365 37894
37964 38044
38154 38224
38295 38990
39059 40375
40458 40826
40901 42208
42282 52012
52088 55909
55996 58763
58839 65487
65569 68120
68218 72112
72193 72936
73004 79313
79379 79807
79877 85735
85807 86017
86094 86156
86254 88456
88526 89065
89131 89947
90261 90753
90847 92658
92742 93563
93635 94243
94313 94363
94439 94662
94733 95144
95217 96168
96246 97486
97556 97796
97862 100144
100213 101469
101538 102282
102412 103216
103310 105402
105483 105926
106012 107167
107250 107643
107715 114516
114590 115847
115941 118473
118542 119915
119987 124114
124182 124439
124515 126160
126227 126309
126381 131664
131790 134901
135011 140264
140330 147259
147328 147572
147645 148746
148829 151260
151343 153507
153607 156681
156751 158511
158602 160207
160285 163012
163089 163568
163638 165611
165701 166338
166418 167856
167940 168065
168139 169883
169958 175164
175237 175580
175654 176181
176250 176330
176409 176485
176691 177072
177149 178522
178604 179570
179645 179734
179808 183876
183967 186114
186193 186770
186842 187618
187710 190917
190999 198399
198471 198694
198761 199908
199980 206234
206319 212114
212182 213689
213757 216498
216580 219659
219739 220860
220935 221697
221764 222045
222116 223707
223774 224911
224983 225244
225326 225637
225711 227135
227220 228112
228220 230590
230685 235951
236022 237592
237684 242747
242814 244879
244967 253898
253965 256522
256602 259227
259306 261805
261884 262365
262452 262696
262778 262925
262999 263715
263786 263869
263935 264626
264724 265004
265183 265441
265545 265998
266073 266280
266367 266601
266677 267221
267347 267745
267829 268118
268199 268366
268440 268675
268748 269417
269483 270074
270149 270645
270712 271376
271444 274220
274288 274464
274531 275027
275094 275432
275526 275877
275951 276420
276494 276906
277000 281910
281992 282881
282948 284869
284950 288471
288570 288694
288762 289263
289461 289620
289688 291276
291346 292127
292201 298869
298941 299018
299131 300498
300645 300798
300870 302042
302144 304547
304613 309048
309234 310379
310447 311491
311584 312962
313041 314031
314128 319131
319197 322835
322902 324936
325041 329169
329246 331496
331566 331744
331824 331940
332022 333294
333371 334827
334898 339211
339278 342198
342273 349772
349858 352150
352243 353064
353134 355499
355565 357323
357394 360543
360610 365023
365099 365266
365340 365535
365607 370559
370645 373856
373938 378189
378264 381772
381859 388467
388569 389024
389090 390015
390097 390349
390430 390679
390776 390877
390944 393449
393537 393711
393782 396985
397062 398365
398449 400172
400275 404908
404974 405252
405331 406214
406287 407202
407286 407480
407660 415745
415838 416097
416172 416600
416687 417062
417129 417832
417914 418102
418194 422907
423000 424440
424542 424895
425041 425270
425365 427379
427468 430953
431057 431172
431262 431796
431866 435171
435238 436191
436299 436747
436827 438000
438074 442691
442764 444150
444220 444573
444657 445296
445388 446225
446293 446958
447030 447570
447732 448833
449080 450692
450844 451087
451176 454238
454317 456307
456391 457566
457632 457998
458068 458524
458611 461411
461494 461895
462026 463113
463193 465818
465920 466216
466287 469097
469167 471120
471191 476135
476212 477483
477556 477896
477963 478131
478201 484988
485055 486523
486619 487228
487320 487495
487577 488735
488802 490604
490671 491431
491499 493777
493860 494590
494666 496875
496973 498771
498885 502211
502295 502543
502612 502727
502801 503826
503895 505771
505852 510115
510181 511891
511977 515823
515897 522081
522163 522455
522525 525650
525718 526525
526605 528179
528247 528795
528863 529086
529173 530024
530094 530253
530345 532534
532623 533137
533210 544018
544093 547478
547559 549857
549935 556405
556484 557004
557128 557755
557827 558364
558431 558636
558712 560069
560137 560573
560656 562242
562325 562891
562965 564953
565139 565789
565857 566041
566139 566500
566651 567100
567167 567670
567754 568955
569037 570532
570604 571354
571431 571674
571769 572878
572963 573200
573272 573869
573958 574485
574551 576935
577001 577202
577275 577357
577423 577771
577841 578601
578698 581527
581594 581831
581899 582491
582564 584738
584892 586787
586854 588678
588744 591286
591359 591644
591726 592161
592239 592663
592738 593494
593576 594346
594479 594714
594806 596243
596342 597204
597323 599106
599190 600321
600396 601574
601641 602346
602423 605357
605451 605953
606043 606139
606209 607079
607155 607482
607560 609209
609276 609766
609855 610884
610960 622609
622682 638784
638850 639534
639618 642823
642927 647905
647974 652323
652393 653850
653917 657362
657432 657934
658003 659198
659285 662946
663041 665309
665379 667591
667673 668364
668432 668558
668634 668760
668828 674224
674321 677571
677667 679677
679778 681840
681922 682603
682698 683070
683138 683471
683549 683725
683821 684620
684697 685748
685816 687750
687819 688538
688615 689984
690051 693713
693782 695910
695981 696169
696242 697474
697553 699661
699729 700561
700627 702914
702986 706099
706174 709732
709811 711451
711527 711614
711683 711967
712033 712188
712293 713760
713829 714027
714095 715005
715101 716036
716150 718274
718362 718980
719055 719340
719409 719507
719583 719718
719798 719905
719976 721065
721237 721468
721537 722868
722939 723705
723773 725703
725770 726383
726449 726903
726974 728343
728426 731071
731146 732041
732110 735273
735343 735842
735910 740818
740912 742422
742493 745343
745410 753466
753534 754390
754478 754556
754625 756514
756610 760050
760148 760677
760769 760986
761079 762191
762306 763949
764015 766164
766260 771214
771292 771493
771566 777588
777674 780977
781063 785564
785663 789197
789263 793304
793385 794406
794474 795105
795188 796050
796116 798138
798206 798382
798467 805221
805300 812448
812518 817299
817367 823721
823790 833024
833090 833177
833264 833529
833613 834435
834504 835659
835728 835866
835961 837103
837174 840693
840774 841014
841080 841835
841939 842052
842123 842733
842840 844384
844466 845240
845343 845982
846146 846307
846388 846758
846826 847180
847264 847360
847427 850031
850101 850250
850319 850496
850567 850730
850806 851229
851297 853427
853507 855229
855312 863666
863745 871250
871325 882932
883010 898009
898076 903105
903193 904599
904676 905543
905620 907498
907566 908404
908470 914207
914289 917517
917604 918496
918564 919933
920004 920432
920498 925666
925753 928388
928470 928791
928860 929147
929214 929978
930047 933599
933665 936579
936655 937087
937168 938041
938113 938255
938324 941040
941113 941307
941391 942577
942645 943381
943465 944272
944369 945484
945550 946560
946634 947002
947073 952626
952708 954510
954582 955649
955721 956911
956977 957679
957748 969774
969856 970826
970907 974001
974070 981764
981843 983207
983350 985933
986006 986482
986570 990448
990520 991908
991978 992846
992914 992985
993072 994709
994778 995638
995725 996021
996107 996539
996610 996905
996976 997073
997141 998234
998337 998534
998604 999082
999150 999607
999675 1000108
1000187 1000537
1000618 1000808
1000894 1001182
1001263 1001343
1001417 1001659
1001752 1002460
1002530 1003806
1003910 1004698
1004769 1011982
1012071 1014632
1014699 1017579
1017672 1018168
1018236 1019239
1019314 1020686
1020801 1022626
1022693 1025215
1025286 1026900
1027013 1027735
1027805 1027958
1028053 1028522
1028594 1031512
1031587 1032386
1032452 1033214
1033284 1058881
1058980 1070118
1070189 1071896
1071962 1073105
1073189 1076652
1076756 1076814
1076887 1078665
1078744 1081801
1081875 1082692
1082766 1083178
1083356 1084785
1084875 1085695
1085765 1086123
1086249 1086973
1087054 1087522
1087658 1088227
1088304 1088454
1088755 1089703
1089773 1090461
1090529 1091292
1091358 1100966
1101038 1103570
1103650 1104851
1105012 1106886
1106967 1110558
1110655 1113499
1113580 1115710
1115777 1126894
1126963 1138325
1138391 1142399
1142490 1143880
1143973 1146737
1146826 1148644
1148712 1149567
1149635 1150254
1150330 1153518
1153604 1157004
1157087 1162009
1162075 1168739
1168819 1170508
1170628 1170806
1170874 1173317
1173409 1175653
1175727 1179265
1179355 1180346
1180417 1182469
1182539 1182808
1182892 1184057
1184125 1184377
1184460 1184779
1184872 1185088
1185156 1185508
1185592 1186269
1186347 1188058
1188153 1188545
1188641 1189330
1189435 1189975
1190048 1190574
1190650 1193116
1193184 1193421
1193490 1194263
1194366 1197905
1197971 1199710
1199779 1200207
1200281 1202433
1202508 1202594
1202677 1207563
1207630 1208780
1208869 1210189
1210262 1218856
1219074 1225575
1225647 1228533
1228601 1229323
1229391 1230117
1230216 1230857
1230929 1231530
1231604 1233855
1233953 1237111
1237187 1239016
1239095 1239784
1239938 1247122
1247191 1247993
1248066 1249621
1249689 1252125
1252191 1257097
1257179 1257723
1257917 1262811
1262881 1263184
1263264 1268014
1268098 1270232
1270299 1278742
1278822 1279121
1279198 1279587
1279757 1280668
1280734 1281733
1281815 1282081
1282180 1288322
1288388 1288513
1288583 1289173
1289242 1294694
1294761 1296181
1296251 1296732
1296802 1298579
1298649 1302410
1302481 1303058
1303243 1305400
1305484 1306345
1306442 1306504
1306571 1308016
1308086 1308287
1308355 1309347
1309420 1309796
1309869 1310146
1310316 1311559
1311645 1311886
1312033 1314100
1314182 1314815
1314929 1315499
1315568 1319423
1319494 1319647
1319730 1319843
1319925 1320248
1320314 1321100
1321184 1323240
1323326 1325818
1325887 1326989
1327112 1328959
1329029 1332776
1332844 1334345
1334412 1335156
1335226 1339222
1339294 1345617
1345684 1346409
1346512 1347500
1347597 1348580
1348675 1350386
1350458 1351711
1351918 1352366
1352494 1355067
1355133 1358919
1358993 1369268
1369355 1371954
1372024 1378638
1378714 1380378
1380462 1391608
1391682 1394108
1394175 1397410
1397478 1398048
1398170 1404100
1404168 1406516
1406587 1408846
1408932 1409296
1409363 1411868
1411997 1412515
1412593 1412873
1412960 1413101
1413175 1417858
1417938 1418470
1418558 1421432
1421511 1422033
1422102 1422784
1422858 1422966
1423033 1423508
1423633 1423884
1423954 1424088
1424157 1424632
1424699 1427572
1427640 1428989
1429076 1429730
1429797 1430095
1430176 1430769
1430836 1431108
1431181 1431355
1431431 1432043
1432123 1432583
1432655 1432972
1433169 1434293
1434472 1435502
1435586 1437936
1438064 1438298
1438384 1439259
1439338 1441021
1441101 1443577
1443645 1449495
1449602 1457689
1457759 1458138
1458204 1460735
1460812 1460881
1460956 1461253
1461319 1461953
1462192 1463043
1463120 1463558
1463638 1466140
1466227 1466381
1466455 1467451
1467538 1467993
1468062 1468175
1468396 1468786
1468869 1469769
1469856 1469920
1469986 1471619
1471704 1472142
1472209 1472427
1472498 1472683
1472759 1474664
1474733 1475196
1475268 1475807
1475875 1479012
1479090 1481677
1481746 1482365
1482439 1483243
1483325 1483932
1484019 1484662
1484744 1488207
1488287 1488863
1488937 1491900
1491982 1493717
1493789 1495352
1495454 1496505
1496571 1497724
1497804 1498727
1498794 1499547
1499622 1500253
1500325 1502466
1502532 1506256
1506334 1508022
1508089 1508679
1508747 1509401
1509480 1509686
1509763 1510250
1510323 1510557
1510623 1513888
1513968 1514470
1514739 1516606
1516710 1517100
1517183 1518740
1518806 1521777
1521849 1523430
1523529 1523802
1523881 1525427
1525495 1526442
1526511 1527369
1527454 1527697
1527763 1528208
1528278 1528605
1528687 1531844
1531922 1535654
1535722 1537920
1538023 1547130
1547201 1547719
1547793 1548053
1548133 1552261
1552328 1557039
1557109 1558921
1558991 1559555
1559622 1562842
1562908 1564764
1564830 1566442
1566508 1567724
1567796 1568744
1568816 1570556
1570624 1571169
1571235 1573225
1573339 1574242
1574327 1576190
1576256 1577617
1577687 1578000
1578073 1579073
1579160 1581080
1581151 1581540
1581613 1582199
1582309 1582494
1582572 1583018
1583087 1583729
1583803 1588384
1588475 1591690
1591763 1599956
1600023 1603024
1603092 1603717
1603787 1607445
1607612 1608821
1608905 1611691
1611784 1615718
1615802 1619916
1619984 1622937
1623023 1624466
1624539 1628138
1628246 1628562
1628628 1638773
1638861 1645869
1645935 1648815
1648896 1662293
1662370 1664727
1664797 1668864
1668939 1673511
1673578 1673640
1673706 1673890
1673961 1679884
1679953 1683934
1684024 1684324
1684396 1685975
1686064 1687020
1687086 1688851
1688925 1694530
1694602 1695923
1696005 1696279
1696364 1699986
1700052 1700183
1700250 1701354
1701423 1703835
1703934 1704555
1704644 1706415
1706481 1710729
1710799 1713774
1713844 1714451
1714532 1720769
1720852 1726211
1726315 1726396
1726469 1727062
1727139 1727875
1728060 1728690
1728778 1730192
1730265 1731356
1731434 1735047
1735142 1736749
1736851 1737548
1737622 1738880
1738960 1739357
1739464 1739993
1740077 1741958
1742042 1742701
1742769 1743863
1743946 1744325
1744392 1746490
1746557 1748763
1748848 1750167
1750271 1752954
1753059 1754040
1754296 1755319
1755397 1756025
1756116 1756843
1757010 1758804
1758871 1759219
1759288 1760763
1760833 1761166
1761243 1761939
1762015 1766758
1766825 1767365
1767440 1768100
1768167 1768944
1769016 1779515
1779589 1783057
1783189 1784212
1784313 1785221
1785292 1788876
1788960 1789611
1789897 1790171
1790271 1792271
1792371 1794350
1794416 1796583
1796649 1799082
1799151 1801226
1801298 1809756
1809827 1810979
1811047 1811971
1812058 1812166
1812249 1812698
1812773 1813700
1813781 1815345
1815423 1817980
1818106 1818934
1819000 1822957
1823067 1824370
1824436 1828933
1829005 1832284
1832365 1834838
1834912 1836511
1836583 1837524
1837590 1853362
1853449 1855268
1855336 1855974
1856063 1861527
1861597 1862510
1862583 1871799
1871871 1872703
1872772 1873107
1873188 1874394
1874471 1875135
1875204 1876861
1876927 1878624
1878729 1879246
1879312 1881157
1881229 1881868
1881939 1883676
1883745 1884727
1884793 1887021
1887095 1895612
1895681 1914860
1914941 1915490
1915577 1933034
1933101 1948238
1948319 1950994
1951072 1951361
1951483 1953549
1953623 1956261
1956332 1958124
1958191 1975671
1975740 1977374
1977443 1978836
1978902 1978968
1979038 1979410
1979478 1980574
1980724 1980966
1981056 1981202
1981333 1983036
1983109 1983611
1983685 1987277
1987367 1988473
1988573 1988885
1988958 1989071
1989161 1991224
1991294 1993875
1994057 1996064
1996138 1998105
1998174 1999321
1999401 2000985
2001235 2002495
2002567 2006647
2006718 2007734
2007801 2008869
2008938 2011456
2011528 2012116
2012261 2013400
2013485 2014091
2014162 2014523
2014615 2015107
2015181 2025977
2026044 2027284
2027357 2028574
2028641 2029163
2029234 2030332
2030408 2031642
2031709 2034834
2034909 2035750
2035827 2038292
2038361 2038438
2038510 2040092
2040159 2041226
2041299 2041557
2041624 2043212
2043293 2045816
2045891 2046027
2046104 2048776
2048851 2053893
2053963 2056563
2056685 2060778
2060879 2061995
2062075 2063195
2063345 2069993
2070079 2070155
2070228 2070413
2070484 2071547
2071621 2072680
2072769 2079874
2079940 2084610
2084688 2089984
2090093 2095118
2095241 2106270
2106340 2107384
2107471 2109550
2109627 2109736
2109802 2112383
2112449 2115084
2115155 2122208
2122283 2122396
2122497 2128992
2129060 2130006
2130121 2133233
2133307 2133359
2133426 2135399
2135475 2136859
2136926 2143588
2143654 2151671
2151741 2153532
2153598 2155444
2155521 2156124
2156191 2158456
2158583 2160545
2160625 2161592
2161662 2172478
2172545 2174703
2174891 2179113
2179179 2181151
2181221 2187296
2187404 2194270
2194342 2195222
2195288 2203341
2203425 2205652
2205761 2208637
2208703 2209677
2209753 2214609
2214698 2215017
2215094 2215403
2215478 2223967
2224068 2224661
2224731 2225004
2225077 2225936
2226011 2232480
2232587 2235771
2235866 2237931
2238026 2238292
2238371 2238857
2238927 2238989
2239056 2239142
2239246 2239579
2239646 2243381
2243448 2245572
2245643 2245733
2245807 2248535
2248625 2249677
2249857 2250223
2250304 2252638
2252706 2253245
2253326 2253636
2253713 2255065
2255132 2255292
2255376 2255860
2255934 2256318
2256398 2257389
2257467 2258317
2258394 2258819
2258887 2261061
2261147 2264025
2264120 2264244
2264311 2265075
2265143 2267152
2267236 2272249
2272336 2282382
2282454 2283613
2283685 2288732
2288816 2299510
2299579 2307486
2307586 2307957
2308029 2313024
2313090 2313544
2313611 2322820
2322894 2323618
2323691 2324683
2324749 2326162
2326237 2327105
2327177 2340863
2340933 2343188
2343256 2347616
2347733 2347919
2347994 2348109
2348178 2348241
2348322 2349399
2349478 2350958
2351031 2351098
2351180 2351523
2351597 2352447
2352513 2352706
2352782 2353388
2353466 2353732
2353808 2354311
2354395 2355272
2355356 2355663
2355733 2356077
2356153 2357036
2357108 2359358
2359530 2360053
2360119 2360209
2360278 2360355
2360423 2360747
2360847 2361229
2361299 2362394
2362463 2363403
2363470 2363884
2363952 2365088
2365154 2365456
2365528 2366173
2366256 2367389
2367511 2367941
2368025 2369440
2369517 2384934
2385009 2387153
2387222 2388110
2388178 2388293
2388374 2388448
2388517 2388909
2388982 2389141
2389232 2389470
2389539 2391067
2391220 2391445
2391514 2391718
2391799 2391976
2392042 2395115
2395249 2395690
2395775 2396813
2396887 2397033
2397099 2397727
2397900 2398092
2398163 2398939
2399008 2400015
2400085 2401265
2401350 2401551
2401657 2401753
2401819 2402039
2402144 2402750
2402820 2403621
2403727 2405472
2405543 2406444
2406522 2406622
2406695 2406809
2406879 2408154
2408223 2410287
2410358 2410568
2410635 2411845
2411936 2414908
2414986 2417286
2417379 2418215
2418286 2419554
2419639 2419809
2419884 2423821
2423895 2425504
2425625 2426832
2426918 2430164
2430234 2432125
NC_057376.1
1 3153
3224 14188
14272 20372
20438 20899
20967 21576
21677 22325
22410 24636
24706 26789
26859 27860
27926 29085
29162 32233
32301 32780
32847 33778
33879 47591
47660 48546
48624 49335
49429 52943
53012 54173
54243 55089
55159 67956
68032 70092
70168 72226
72297 72414
72490 72982
73054 79144
79224 82010
82156 85699
85777 87375
87446 94364
94438 101794
101889 103543
103625 104672
104740 106816
106895 107349
107431 107875
107956 108349
108426 109883
109952 121084
121153 125127
125195 129042
129118 143925
143996 145096
145175 149521
149592 150780
150860 153293
153363 154260
154334 160135
160208 174898
174965 175932
176000 179237
179331 182546
182614 187310
187378 189550
189626 189981
190051 197414
197593 197709
197790 198998
199064 211355
211436 211828
211894 215148
215229 216225
216307 216588
216661 217037
217119 217329
217396 217924
217996 218212
218318 218690
218761 219119
219187 219775
219851 220980
221122 221607
221706 221815
221882 222387
222453 223072
223141 223329
223523 224849
224916 225396
225464 229901
229968 233179
233246 234210
234296 238786
238854 244179
244296 251416
251490 256476
256580 259439
259506 260552
260623 262007
262098 262215
262281 262454
262546 263985
264061 270641
270808 273742
273810 274586
274652 278504
278578 279410
279479 283602
283679 285432
285534 285619
285719 288874
288945 293693
293778 294358
294478 295484
295552 297314
297395 298944
299017 302228
302317 306064
306135 306817
306883 307868
307946 310594
310678 310944
311012 318518
318587 319466
319544 319905
319980 325515
325582 326396
326483 328879
328962 334994
335081 338520
338594 339932
340001 343352
343427 349244
349323 355915
355989 358258
358326 358449
358581 359799
359927 362864
362934 364553
364619 372712
372778 376605
376675 376879
376953 379966
380033 382163
382250 384832
384914 393544
393617 394011
394081 398136
398204 399947
400053 402286
402367 403730
403800 404553
404626 404825
404900 406281
406353 410248
410330 411004
411079 411984
412059 416212
416279 418813
418886 419370
419444 420275
420362 426471
426541 432420
432486 433384
433468 433601
433673 434569
434649 435045
435111 436623
436705 437525
437594 441226
441296 446192
446265 446946
447022 449347
449415 450358
450468 453038
453104 454349
454417 456540
456608 456931
457003 457293
457360 460756
460832 461415
461509 461631
461779 462366
462447 464232
464342 469434
469508 473185
473253 473737
473818 474377
474477 475249
475317 480383
480454 482679
482747 484551
484622 494097
494164 501153
501221 501487
501564 502124
502204 508457
508541 508675
508743 509486
509559 510603
510671 512145
512223 517750
517819 524654
524729 526858
526926 527551
527639 529807
529874 531577
531655 532907
532998 537882
537970 539550
539641 539935
540001 540555
540624 560032
560099 560457
560528 561306
561386 569178
569246 569391
569483 572886
572960 578298
578364 580257
580328 582965
583063 583326
583396 584880
584949 594972
595089 609873
609961 612692
612768 616159
616240 616590
616664 621830
621896 625250
625316 628567
628647 629079
629145 635046
635115 635446
635515 637005
637079 638431
638498 639822
639930 640390
640554 641838
641909 642458
642533 642912
642989 643685
643751 644039
644158 645182
645264 645706
645777 646097
646242 646562
646634 646800
646922 647099
647168 647361
647435 647625
647691 647971
648038 648246
648341 648925
648998 649107
649190 649387
649461 650000
650204 650786
650852 651800
652040 652571
652640 653096
653323 654036
654117 654651
654831 654899
654967 655351
655417 655775
655859 656250
656322 656443
656511 656974
657050 657333
657420 657871
657937 658090
658168 659378
659452 659575
659659 659824
660036 661718
661786 662485
662572 662657
662823 666567
666638 666953
667024 669967
670040 670903
670977 672098
672166 672445
672523 674251
674340 674699
674793 675728
675799 676260
676343 678075
678150 678560
678630 680784
680861 682641
682709 682943
683032 683586
683860 684252
684320 684520
684636 685108
685204 685725
685857 688227
688310 688548
688711 691824
691902 692162
692244 692316
692400 692816
692896 694704
694788 696602
696693 697302
697385 697929
698022 701562
701631 702101
702188 705990
706079 706918
706986 707234
707321 707638
707704 709894
709979 711750
711820 712733
712964 715192
715258 717871
717939 722466
722577 722727
722798 723936
724102 725857
725926 726890
726977 729718
729797 730944
731033 731868
731945 733888
733964 736425
736496 738090
738157 738401
738472 739345
739418 740375
740444 741857
741933 744346
744445 745042
745128 746102
746175 751314
751387 752170
752244 753777
753856 754613
754679 755026
755100 756134
756205 759326
759393 759890
759960 760169
760279 760786
760857 761954
762026 763228
763297 765808
765910 766695
766769 770166
770233 770615
770699 787417
787489 787563
787635 790586
790715 792168
792257 792470
792540 793249
793338 798944
799126 800861
800938 809465
809532 810518
810602 816377
816443 817172
817239 821245
821357 828914
829000 830947
831017 831213
831279 832390
832478 833207
833283 834197
834276 836712
836783 836913
837002 839044
839193 845422
845506 846366
846434 848161
848230 853404
853473 856442
856529 858615
858702 862460
862541 865416
865492 866016
866084 867699
867771 868962
869038 869630
869698 874576
874648 879937
880041 883103
883184 886915
886982 888279
888362 888924
888996 892252
892320 904370
904449 907191
907261 908472
908547 909605
909713 910335
910440 910504
910574 911817
911886 930656
930728 934023
934096 934296
934383 934838
934920 935776
935846 936140
936222 936367
936537 936737
936818 937376
937446 937780
937856 939420
939500 940806
940898 941136
941225 941573
941790 942218
942295 942771
942845 944252
944325 944441
944537 945289
945360 945487
945578 946683
946755 947878
947968 948344
948431 949773
949853 949951
950030 952962
953087 953207
953276 953443
953512 953999
954074 954400
954473 954684
954881 955446
955538 955747
955819 956229
956297 956700
956783 957623
957761 959271
959363 959744
959829 959945
960190 961222
961289 964518
964640 966109
966181 966307
966398 966790
966862 970629
970744 972524
972609 977029
977111 978379
978456 978711
978782 979385
979451 982557
982631 985858
985928 987171
987283 988585
988660 992014
992172 994351
994424 995237
995310 1000737
1000803 1003190
1003259 1008640
1008709 1011654
1011752 1013553
1013621 1015946
1016028 1029650
1029720 1053312
1053394 1053459
1053529 1054081
1054169 1055072
1055138 1056671
1056768 1057160
1057227 1058830
1058927 1060376
1060446 1062407
1062473 1062728
1062863 1064481
1064548 1065184
1065255 1067879
1067995 1074571
1074642 1077885
1077997 1079782
1079859 1080090
1080163 1080552
1080705 1090235
1090320 1096716
1096798 1102221
1102290 1102453
1102542 1104110
1104184 1106731
1106804 1109313
1109405 1110467
1110545 1112328
1112408 1113531
1113597 1114819
1114887 1116939
1117005 1119900
1119967 1167360
1167427 1169085
1169156 1169272
1169353 1169913
1170011 1172683
1172752 1187976
1188044 1193697
1193795 1197644
1197710 1200796
1200889 1202888
1202979 1211542
1211620 1213652
1213729 1218552
1218626 1221967
1222049 1236609
1236675 1250756
1250832 1260686
1260756 1261022
1261092 1261524
1261610 1262822
1262928 1265536
1265604 1269206
1269279 1274370
1274448 1275060
1275127 1275286
1275363 1275467
1275551 1276292
1276372 1280475
1280559 1281965
1282067 1284998
1285069 1288431
1288515 1299870
1299960 1309278
1309361 1310835
1310902 1311028
1311095 1314633
1314702 1318712
1318779 1332753
1332827 1348174
1348276 1350375
1350442 1353159
1353229 1353295
1353363 1359000
1359091 1361220
1361379 1362071
1362151 1362807
1362915 1363116
1363198 1363491
1363572 1363626
1363702 1367097
1367163 1368046
1368114 1369782
1369854 1371235
1371337 1371687
1371756 1375135
1375201 1378577
1378647 1379702
1379774 1381188
1381254 1381572
1381671 1382333
1382408 1382663
1382881 1383328
1383395 1383648
1383801 1385062
1385133 1385565
1385633 1387563
1387642 1388960
1389028 1389715
1389786 1394732
1394814 1400856
1400944 1402063
1402146 1404594
1404665 1408817
1408896 1410334
1410414 1412409
1412508 1415779
1415849 1416056
1416123 1418598
1418672 1419188
1419305 1424690
1424781 1425626
1425711 1428081
1428180 1428492
1428567 1429281
1429352 1431404
1431478 1453342
1453436 1456481
1456549 1459189
1459256 1461163
1461235 1470535
1470610 1471590
1471693 1478167
1478243 1485728
1485794 1489935
1490005 1496722
1496795 1498788
1498871 1510124
1510193 1510502
1510591 1510781
1510885 1512639
1512705 1515041
1515124 1520095
1520164 1521853
1521920 1523525
1523595 1526008
1526087 1529992
1530060 1530549
1530842 1532072
1532167 1534559
1534652 1536883
1536956 1538202
1538271 1543306
1543396 1545188
1545279 1545342
1545430 1553085
1553172 1554153
1554224 1570156
1570226 1574033
1574123 1578646
1578722 1584225
1584292 1584876
1584949 1586405
1586493 1593594
1593663 1595115
1595305 1597001
1597070 1599495
1599564 1600068
1600153 1600234
1600302 1602922
1602989 1603149
1603215 1603666
1603749 1606539
1606618 1607593
1607682 1608223
1608297 1608471
1608558 1609818
1609904 1610270
1610362 1610752
1610827 1612247
1612314 1613507
1613576 1613870
1613958 1616637
1616703 1618660
1618728 1620809
1620883 1622705
1622784 1623285
1623376 1623581
1623656 1623845
1623978 1636476
1636560 1636626
1636727 1637300
1637372 1637465
1637532 1639202
1639276 1644388
1644454 1648160
1648229 1649393
1649462 1650473
1650562 1652413
1652490 1656429
1656513 1659509
1659577 1659891
1659964 1660061
1660152 1666347
1666431 1668979
1669045 1673063
1673130 1675190
1675266 1694874
1694943 1695660
1695762 1700246
1700328 1700678
1700764 1727962
1728051 1736127
1736193 1742164
1742241 1742370
1742449 1744183
1744273 1747463
1747560 1749669
1749743 1754910
1754991 1761709
1761870 1763365
1763472 1763905
1763977 1764449
1764515 1768465
1768533 1769085
1769176 1772298
1772391 1772898
1772969 1774676
1774746 1785115
1785259 1785452
1785530 1787693
1787759 1790891
1790965 1798127
1798200 1799205
1799283 1799571
1799676 1808756
1808824 1810314
1810381 1817294
1817361 1818201
1818271 1831365
1831452 1839501
1839569 1840406
1840473 1843626
1843700 1850355
1850425 1855330
1855396 1857981
1858050 1859031
1859097 1859688
1859764 1860703
1860779 1863136
1863210 1872225
1872295 1872405
1872483 1876543
1876611 1881803
1881873 1883495
1883568 1890891
1890989 1893162
1893234 1894701
1894774 1895798
1895869 1896623
1896699 1898215
1898356 1899979
1900061 1901038
1901220 1902898
1902981 1903039
1903108 1903419
1903502 1903556
1903625 1904371
1904553 1905250
1905336 1905452
1905523 1906159
1906235 1907306
1907380 1912531
1912610 1916575
1916658 1917454
1917520 1919851
1919924 1922429
1922509 1923111
1923211 1927479
1927557 1928769
1928838 1929601
1929670 1934312
1934378 1937177
1937243 1941536
1941615 1946403
1946469 1947894
1947962 1953776
1953845 1955512
1955729 1955923
1955990 1956836
1956927 1958175
1958274 1959460
1959530 1959904
1959998 1961940
1962007 1962290
1962356 1962829
1962906 1963635
1963715 1963986
1964084 1964872
1964938 1965029
1965101 1965715
1965789 1966410
1966477 1969778
1969925 1971024
1971093 1971165
1971234 1984178
1984254 1984711
1984819 1984884
1984951 1987282
1987348 1990535
1990601 1990840
1990917 1991013
1991099 1993873
1993950 1996101
1996183 1996850
1996938 2001999
2002065 2002625
2002711 2006957
2007028 2012166
2012239 2012812
2012887 2014344
2014436 2014599
2014666 2015505
2015679 2016282
2016383 2017113
2017182 2017859
2017949 2018252
2018322 2018890
2018958 2020867
2020933 2021815
2021884 2022612
2022693 2024754
2024832 2025236
2025306 2031762
2031831 2033912
2033986 2036849
2036917 2037827
2037906 2038111
2038178 2038433
2038508 2038772
2038848 2039619
2039694 2039759
2039840 2041054
2041146 2041567
2041634 2043178
2043251 2043676
2043742 2045101
2045174 2046275
2046346 2046719
2046785 2050213
2050282 2051260
2051329 2053445
2053546 2054045
2054133 2054629
2054701 2058780
2058852 2059519
2059602 2060602
2060696 2061149
2061221 2062107
2062173 2071416
2071499 2071613
2071681 2072289
2072442 2072760
2072848 2073342
2073413 2074616
2074722 2074994
2075080 2076009
2076118 2077632
2077711 2078515
2078592 2078694
2078778 2079287
2079354 2079846
2079914 2081770
2081863 2093861
2093938 2096233
2096329 2098388
2098464 2100271
2100354 2100977
2101135 2101396
2101466 2102632
2102708 2103287
2103362 2104090
2104166 2105646
2105713 2110914
2110982 2111326
2111418 2111478
2111572 2113334
2113421 2116087
2116262 2116896
2116964 2117534
2117600 2117962
2118028 2118824
2118910 2119214
2119407 2120152
2120221 2120433
2120504 2120598
2120664 2122696
2122775 2123308
2123493 2125106
2125172 2125313
2125394 2126587
2126657 2126734
2126803 2126917
2126996 2129695
2129783 2136848
2136938 2137444
2137515 2139033
2139101 2139610
2139676 2142061
2142127 2148170
2148252 2150204
2150280 2154486
2154557 2156592
2156659 2158478
2158546 2163372
2163469 2164124
2164255 2165854
2165931 2166440
2166506 2167047
2167115 2167826
2167897 2168751
2168823 2169807
2169890 2171582
2171682 2177214
2177308 2180389
2180489 2182128
2182204 2182433
2182504 2185904
2185998 2187471
2187580 2189932
2190036 2191161
2191245 2193031
2193097 2196909
2196977 2197042
2197184 2197938
2198011 2198465
2198535 2202488
2202561 2203106
2203185 2207750
2207818 2208715
2208793 2210448
2210516 2212070
2212141 2215529
2215601 2216015
2216103 2219934
2220020 2226549
2226626 2232379
2232526 2241067
2241136 2243148
2243215 2244383
2244450 2253188
2253282 2254697
2254765 2256510
2256594 2257677
2257746 2262675
2262748 2265237
2265318 2279626
2279720 2282308
2282381 2284272
2284360 2284852
2284947 2285748
2285832 2289982
2290064 2297269
2297336 2299935
2300012 2301285
2301351 2301609
2301692 2303118
NC_057377.1
1 10600
10708 11293
11363 17389
17458 18108
18198 19716
19832 21241
21316 22692
22758 25392
25495 28194
28263 29177
29255 31069
31157 33023
33112 35419
35494 37616
37711 38349
38421 38646
38734 39038
39142 39352
39438 39850
39921 41689
41768 41989
42085 46156
46306 49638
49705 52994
53114 53699
53765 55557
55627 56460
56531 56844
56923 58854
58940 60800
60875 66311
66384 66475
66564 66804
66890 68287
68356 69487
69562 76913
76981 80793
80865 81475
81565 83064
83133 83253
83320 83466
83601 84132
84206 84355
84430 85284
85352 86193
86271 88567
88769 91937
92015 94844
94914 105438
105507 105666
105751 106501
106571 112935
113028 115902
115982 130639
130716 132680
132764 133588
133654 145040
145112 145322
145418 145718
145809 149015
149086 149540
149617 150325
150401 153411
153487 156006
156072 156939
157006 171775
171862 173082
173149 173893
173971 174026
174105 176977
177048 177269
177348 182699
182797 189853
189937 200191
200257 200361
200440 204126
204205 204728
204794 211791
211859 217236
217314 222176
222252 226720
226804 233916
233991 234675
234749 249779
249893 256097
256180 258466
258546 259133
259203 262312
262387 269400
269474 269683
269750 273757
273830 277406
277473 281124
281190 285209
285289 300379
300450 301893
301964 302417
302496 303025
303111 303340
303413 304348
304433 319149
319227 319433
319502 325245
325326 328350
328419 328677
328746 330542
330616 333459
333564 335516
335619 337865
337934 338341
338431 342991
343077 358514
358599 359785
359882 373082
373164 375173
375257 375580
375663 376254
376332 377012
377083 383385
383470 385531
385598 391372
391447 404713
404787 407397
407490 408462
408559 416295
416397 417624
417705 418393
418462 418985
419068 419759
419832 420132
420263 425461
425530 429015
429089 432386
432653 433383
433478 434092
434163 440443
440509 445628
445695 447044
447126 448459
448528 448646
448715 450259
450333 450919
450994 452461
452530 453858
453935 454121
454196 455399
455514 456497
456563 456815
456897 457164
457250 457911
457993 459559
459653 460136
460246 461109
461192 461956
462156 463495
463584 464999
465100 466788
466854 468095
468256 468867
468953 469338
469440 476828
476902 480049
480131 483245
483326 484532
484599 492655
492721 495225
495292 497202
497284 506456
506526 510168
510259 511396
511481 512656
512737 519277
519356 522288
522359 524878
524944 525325
525415 526107
526180 527618
527690 527853
527920 529751
529830 532805
532877 533497
533571 554442
554511 556624
556699 558028
558117 560226
560308 562544
562611 563163
563233 566293
566365 566847
566917 567707
567774 570906
571001 583132
583199 590905
591040 594977
595048 595725
595797 596711
596804 598977
599047 601053
601120 601956
602027 603167
603257 613464
613534 613655
613730 616214
616282 616561
616638 619134
619218 621516
621601 622329
622396 625592
625671 628784
628853 628945
629020 630367
630448 635588
635683 638490
638556 642385
642457 645081
645189 645317
645388 650835
650910 651618
651716 656682
656757 658473
658554 665157
665226 676659
676744 677680
677757 678102
678173 678702
678798 683587
683662 684319
684421 689897
689970 690553
690631 691150
691221 693975
694046 694914
694980 696603
696671 698379
698453 700778
700844 701943
702011 705031
705140 706089
706198 707844
707923 711158
711238 711454
711528 712543
712616 718546
718614 718814
718886 720234
720302 722006
722084 722696
722769 727364
727439 728443
728520 738827
738905 747920
747997 750829
750901 751505
751575 753996
754066 754852
754919 756167
756317 768615
768689 772995
773064 773281
773347 775740
775827 776446
776513 778485
778554 779150
779220 779762
779837 781622
781691 782867
782965 785329
785413 791378
791450 791790
791875 799743
799810 802317
802386 806093
806165 806407
806473 807355
807426 808592
808659 813210
813283 813377
813463 815607
815693 822867
822950 831572
831652 834726
834802 840479
840576 842214
842282 853468
853548 856581
856649 857456
857522 860950
861026 863373
863451 865895
865975 879555
879636 881862
881929 882051
882125 883762
883836 903072
903141 903930
904000 912513
912587 925713
925790 927938
928020 929311
929377 931529
931599 932036
932117 933521
933602 933925
934016 935506
935577 935891
935964 940701
940777 945116
945185 951018
951086 951715
951801 958783
958879 960553
960628 960999
961067 962379
962470 963443
963511 966531
966624 967342
967415 970502
970571 970725
970792 973237
973307 974014
974109 976546
976612 978512
978579 981395
981466 983194
983267 983515
983596 992964
993037 993107
993185 997017
997109 999545
999620 1001050
1001139 1001828
1001900 1004170
1004246 1005042
1005117 1005571
1005644 1007467
1007537 1015252
1015320 1017594
1017679 1029538
1029607 1033727
1033808 1043265
1043409 1044454
1044539 1044594
1044665 1047449
1047535 1051548
1051617 1051744
1051843 1052278
1052356 1053905
1053971 1054627
1054696 1058038
1058129 1063523
1063598 1064355
1064441 1065155
1065232 1068971
1069040 1078658
1078727 1080394
1080461 1081798
1081867 1082692
1082762 1086169
1086264 1087172
1087238 1091084
1091157 1095781
1095859 1097522
1097601 1098623
1098731 1099054
1099131 1099895
1099984 1100034
1100133 1100990
1101076 1102159
1102244 1102718
1102787 1103547
1103623 1103823
1103921 1109582
1109666 1115922
1115997 1122208
1122318 1124813
1124889 1127425
1127528 1128286
1128357 1138710
1138786 1141377
1141464 1141775
1141852 1141957
1142025 1147102
1147176 1147785
1147862 1148209
1148282 1153735
1153814 1156292
1156359 1158651
1158720 1166501
1166568 1177965
1178042 1179735
1179806 1186728
1186797 1192046
1192130 1194291
1194390 1195062
1195130 1197016
1197085 1198142
1198217 1199239
1199307 1199719
1199950 1202992
1203106 1204795
1204917 1212573
1212771 1214248
1214329 1214988
1215064 1216346
1216433 1216633
1216714 1228064
1228134 1229580
1229665 1229935
1230006 1230366
1230443 1234642
1234718 1237154
1237220 1237270
1237346 1239792
1239878 1241480
1241554 1242843
1242927 1244231
1244313 1245928
1246005 1248173
1248244 1249395
1249500 1252026
1252092 1252259
1252432 1253262
1253328 1253441
1253515 1253740
1253926 1254931
1255007 1258402
1258476 1259204
1259271 1260728
1260802 1264898
1264968 1270057
1270129 1270625
1270699 1271881
1271955 1275684
1275760 1276455
1276567 1280380
1280451 1282416
1282483 1292242
1292324 1295983
1296049 1308083
1308186 1310769
1310837 1313637
1313720 1316599
1316698 1318689
1318768 1322701
1322774 1326031
1326106 1326229
1326302 1327692
1327793 1329056
1329142 1334967
1335062 1335856
1335928 1337902
1337969 1338059
1338135 1338454
1338550 1340810
1340893 1350468
1350540 1351377
1351450 1355387
1355457 1362727
1362806 1368233
1368299 1369448
1369550 1371424
1371505 1378244
1378313 1381977
1382058 1385523
1385608 1387352
1387429 1387483
1387593 1389155
1389239 1390457
1390527 1391879
1391976 1397937
1398014 1398679
1398790 1399811
1399877 1402075
1402153 1403948
1404041 1406127
1406210 1407940
1408060 1409410
1409477 1410560
1410642 1416382
1416459 1420196
1420318 1421695
1421767 1422475
1422542 1423732
1423825 1433713
1433781 1435788
1435895 1440620
1440687 1441303
1441379 1442168
1442234 1442335
1442416 1444664
1444744 1447731
1447797 1452659
1452735 1461439
1461512 1468208
1468283 1468702
1468808 1468863
1468937 1470639
1470709 1471680
1471775 1472310
1472448 1477210
1477278 1478344
1478415 1478740
1478812 1480748
1480850 1484079
1484150 1486318
1486386 1489967
1490035 1490967
1491034 1494659
1494726 1504999
1505070 1506342
1506409 1508132
1508202 1519395
1519476 1520437
1520526 1522847
1522956 1523547
1523615 1524661
1524738 1539353
1539445 1541103
1541172 1541489
1541564 1542205
1542299 1544444
1544523 1547226
1547307 1548392
1548458 1550099
1550169 1553126
1553222 1553800
1553869 1556912
1556979 1558346
1558417 1561040
1561120 1563823
1563899 1565865
1565948 1566092
1566160 1570483
1570557 1570617
1570684 1572989
1573059 1574562
1574639 1575613
1575681 1579029
1579101 1579788
1579866 1590086
1590156 1598013
1598079 1606274
1606341 1608634
1608709 1624074
1624154 1640814
1640880 1642847
1642929 1643297
1643367 1644338
1644424 1645622
1645690 1646616
1646689 1647111
1647186 1647245
1647314 1648009
1648094 1648327
1648393 1648879
1648946 1649651
1649721 1649796
1649877 1650261
1650328 1651130
1651196 1651885
1651957 1653511
1653580 1654036
1654106 1655335
1655423 1655869
1655937 1659245
1659322 1660282
1660361 1660418
1660501 1661283
1661355 1663657
1663727 1664220
1664482 1664668
1664740 1665374
1665441 1665620
1665686 1668889
1668960 1670279
1670399 1673186
1673258 1674903
1674981 1676082
1676166 1689036
1689107 1694191
1694263 1694469
1694536 1695628
1695701 1697810
1697884 1699975
1700069 1701023
1701099 1703949
1704019 1705112
1705222 1707936
1708006 1708991
1709090 1711408
1711486 1711620
1711697 1713950
1714016 1715023
1715114 1715592
1715661 1715851
1715926 1716104
1716171 1716547
1716620 1716671
1716753 1718158
1718228 1718485
1718571 1719428
1719510 1719856
1719941 1720659
1720779 1721120
1721191 1721454
1721554 1724249
1724335 1724458
1724531 1727521
1727587 1728595
1728664 1728788
1728876 1730277
1730343 1731805
1731873 1732975
1733049 1734763
1734831 1739432
1739500 1763345
1763432 1766838
1766910 1773600
1773687 1778982
1779051 1780920
1780986 1781906
1781973 1782245
1782315 1782786
1782855 1785133
1785216 1786768
1786879 1800090
1800273 1800781
1800855 1804669
1804759 1812126
1812192 1816123
1816198 1816439
1816515 1817841
1817913 1818051
1818120 1820004
1820071 1821684
1821750 1823989
1824058 1825074
1825149 1826262
1826353 1827956
1828022 1830069
1830147 1834399
1834472 1834875
1834973 1836462
1836540 1837005
1837079 1850061
1850149 1850955
1851076 1851868
1851943 1852232
1852321 1853967
1854036 1857244
1857340 1858740
1858812 1859044
1859124 1860081
1860157 1864529
1864642 1865947
1866034 1866438
1866508 1867024
1867102 1867229
1867300 1867591
1867659 1868350
1868426 1871133
1871203 1871807
1871881 1872984
1873108 1875309
1875402 1875507
1875573 1878679
1878751 1883783
1883849 1884240
1884306 1887166
1887242 1898997
1899063 1909551
1909630 1911735
1911810 1913341
1913417 1914887
1914970 1921886
1921952 1922965
1923061 1929013
1929084 1931987
1932063 1932876
1932955 1933906
1933981 1934818
1934898 1935374
1935451 1937462
1937534 1938106
1938195 1949187
1949265 1951255
1951338 1959259
1959369 1959785
1959874 1963094
1963280 1963463
1963537 1965612
1965680 1967623
1967727 1972431
1972504 1974177
1974311 1978226
1978292 1981008
1981074 1982474
1982552 1983076
1983147 1988541
1988612 1992382
1992453 1992800
1992878 1993116
1993204 1999452
1999518 2002856
2002922 2004748
2004818 2006258
2006331 2009067
2009141 2013781
2013854 2024314
2024392 2026589
2026668 2030799
2030881 2033201
2033269 2033586
2033652 2054001
2054076 2057900
2057966 2063942
2064010 2067450
2067520 2068454
2068530 2069222
2069289 2071633
2071709 2072470
2072536 2072608
2072680 2074941
2075011 2077964
2078034 2078274
2078346 2081297
2081394 2082592
2082660 2083168
2083244 2085741
2085810 2088277
2088353 2089407
2089483 2089739
2089811 2097166
2097248 2097661
2097727 2098930
2099001 2100711
2100785 2103904
2104004 2104311
2104397 2105115
2105194 2105695
2105770 2105824
2105924 2108229
2108313 2109809
2109876 2111188
2111258 2111401
2111477 2111677
2111746 2113075
2113158 2113806
2113891 2115308
2115383 2120183
2120267 2123665
2123738 2132961
NC_057378.1
1 4274
4341 4595
4661 7855
7927 8569
8646 8960
9027 9788
9860 12143
12209 14893
14963 16290
16371 17274
17437 18197
18263 19019
19089 19688
19759 21529
21612 32741
32826 33871
33942 48491
48569 52807
52890 53242
53308 54368
54436 54936
55024 55761
55829 56375
56453 57182
57255 65229
65304 67427
67499 68018
68120 68888
68955 70873
70947 77340
77407 77571
77641 80064
80158 86868
86944 88734
88885 89803
89876 90789
90856 94507
94607 95568
95637 96654
96728 98659
98857 99411
99526 100870
101084 101296
101368 101607
101738 102997
103075 103201
103289 103442
103509 105074
105168 107764
107831 109030
109098 120286
120352 121320
121410 122257
122328 122821
122899 123627
123732 125307
125389 127038
127122 128787
128865 129910
129976 132191
132306 135282
135351 135449
135520 136502
136702 137072
137152 139093
139162 139254
139321 139680
139752 139901
139973 140874
140950 142043
142117 142325
142395 143025
143113 146229
146398 146796
146881 147620
147691 149866
149945 150224
150301 150384
150450 151483
151552 153446
153607 155890
155978 157766
157833 158774
158845 160666
160733 161860
161928 162472
162584 162745
162822 166012
166087 168274
168414 170502
170576 178132
178206 188223
188290 191514
191593 197413
197479 214097
214183 217041
217109 222848
222917 223048
223126 223662
223735 225057
225127 225635
225719 226407
226495 227960
228063 228293
228379 229133
229200 229759
229832 230239
230342 235770
235847 237308
237402 237683
237763 238431
238503 239111
239179 239640
239707 240909
241069 241787
241854 242586
242658 244312
244378 244609
244735 245279
245366 245498
245564 246111
246190 246346
246415 247000
247084 247370
247464 248539
248616 251579
251674 252448
252653 253024
253096 266989
267083 268415
268484 271676
271746 273828
274012 277888
277969 286368
286440 288120
288193 291068
291134 293317
293414 295058
295125 298343
298412 298844
298912 299065
299231 299448
299601 302944
303021 304150
304219 304299
304370 304638
304796 305222
305290 306575
306658 307301
307377 308814
308909 309613
309696 313471
313541 314307
314374 314566
314653 315088
315187 315272
315339 315740
315807 316200
316269 316323
316399 316958
317029 317167
317233 318675
318743 322699
322768 324107
324176 325304
325374 327628
327714 330040
330107 332968
333043 333982
334058 336209
336284 337889
337970 345407
345485 349170
349237 355221
355287 356211
356282 357175
357246 357435
357513 365097
365169 368078
368181 369646
369726 374422
374504 375522
375597 376839
376906 377113
377181 378759
378840 379775
379848 379968
380053 380808
380874 380937
381005 382278
382346 382963
383036 386848
386937 388506
388574 389173
389239 390003
390088 390415
390611 391495
391562 393401
393476 393791
393860 394989
395094 396425
396497 399944
400015 400398
400471 401730
401798 401890
401976 404859
404946 405917
406010 415430
415540 416811
416878 438186
438275 440339
440421 444510
444580 447511
447589 448783
448855 449824
450033 450997
451108 451184
451315 451779
451849 457187
457288 457698
457770 463739
463832 463972
464064 465228
465301 475339
475409 484790
484871 485050
485119 485953
486026 486481
486570 486876
486945 498470
498538 503137
503214 504383
504457 505189
505260 505406
505492 507063
507139 509132
509202 512325
512399 513581
513647 514828
514899 515143
515215 515863
515934 516220
516314 516892
516983 519071
519149 523561
523649 530818
530932 534680
534767 535674
535765 539524
539595 543657
543747 546264
546332 547511
547645 549981
550061 550294
550363 550663
550748 552461
552586 553655
553752 558001
558100 563439
563560 570212
570294 583077
583144 586877
586973 587629
587697 588408
588500 593315
593429 595789
595897 600815
600889 601255
601394 601463
601573 603201
603269 603407
603477 610457
610527 618121
618195 619178
619268 624441
624519 627482
627552 628485
628555 630319
630393 630867
630955 631005
631071 633692
633758 635618
635699 635875
635948 636569
636635 650057
650125 660734
660804 662559
662659 664691
664760 666586
666667 668750
668816 676626
676773 677228
677298 678234
678300 678385
678460 679101
679187 679832
679916 681004
681077 681277
681359 683468
683566 683985
684088 684170
684236 687269
687340 689911
689993 693519
693586 694179
694264 704789
704865 707792
707862 715328
715397 715482
715561 715682
715803 727792
727860 728609
728711 729984
730077 730283
730380 731092
731165 731542
731643 734721
734820 734981
735091 735353
735420 736056
736134 736882
736953 738639
738735 743491
743559 744338
744420 745668
745738 752058
752136 753214
753285 759978
760052 767965
768034 768385
768508 769199
769274 769643
769709 772623
772692 773344
773433 773869
773935 778628
778793 780387
780456 795128
795202 798407
798493 800183
800279 800968
801044 801625
801708 803934
804009 805249
805338 806538
806615 807362
807437 811124
811190 812254
812320 817153
817240 819484
819550 819837
819903 820942
821010 821628
821806 826393
826492 833089
833166 837887
837969 839145
839237 842468
842534 851869
851952 853653
853719 855625
855735 875540
875615 879463
879536 881698
881782 882320
882387 883769
883843 884676
884750 885423
885492 886508
886575 892276
892353 901751
901837 907032
907098 908113
908184 910050
910126 913340
913429 914338
914407 914833
914914 916100
916167 917615
917681 918919
919026 923259
923343 925302
925376 931098
931167 931945
932141 934560
934648 935320
935401 935736
935838 939219
939301 939676
939745 940277
940347 940445
940525 941045
941115 942023
942093 944609
944750 946519
946601 946834
946913 948060
948129 949117
949187 949991
950063 951226
951292 953060
953126 953394
953474 956017
956095 956722
956810 957005
957082 957659
957725 961267
961341 961533
961604 961887
961956 971510
971582 975737
975812 977573
977651 983352
983443 984539
984646 988194
988274 989119
989210 997475
997564 999036
999109 999239
999323 1000781
1000883 1002580
1002647 1004543
1004620 1005542
1005682 1014375
1014443 1016956
1017022 1017521
1017587 1018132
1018199 1021347
1021456 1021867
1021939 1023447
1023518 1032187
1032264 1049833
1049904 1065324
1065395 1066262
1066334 1069808
1069876 1070715
1070783 1072729
1072796 1074533
1074613 1075799
1075895 1076130
1076276 1084901
1084989 1087733
1087802 1095402
1095528 1101405
1101577 1104663
1104764 1105193
1105302 1105525
1105592 1106089
1106162 1107020
1107091 1109051
1109117 1111928
1112018 1112133
1112207 1112398
1112480 1112561
1112645 1114323
1114389 1115265
1115337 1115549
1115626 1116374
1116549 1116833
1116933 1117160
1117233 1120886
1120969 1121560
1121641 1121845
1121920 1123218
1123311 1127392
1127462 1129882
1129988 1130680
1130755 1133226
1133305 1134710
1134810 1139141
1139214 1139309
1139386 1142434
1142602 1143328
1143420 1145663
1145745 1148210
1148282 1149682
1149763 1151517
1151606 1151793
1151860 1154177
1154257 1155490
1155616 1157678
1157759 1158844
1158912 1160243
1160339 1166496
1166570 1170055
1170121 1170802
1170877 1172423
1172504 1173284
1173363 1173669
1173739 1173871
1173942 1179419
1179497 1182363
1182434 1184694
1184775 1185329
1185396 1186070
1186136 1187572
1187656 1187991
1188070 1191571
1191683 1209018
1209097 1209283
1209354 1210750
1210818 1224414
1224493 1224676
1224783 1228726
1228871 1234846
1234923 1235875
1235941 1236513
1236591 1236976
1237042 1237437
1237517 1240469
1240537 1241173
1241240 1242744
1242819 1243605
1243692 1244271
1244343 1253635
1253702 1256695
1256768 1258709
1258777 1259037
1259118 1269054
1269144 1269973
1270088 1271645
1271712 1272127
1272195 1272737
1272812 1274650
1274723 1275734
1275807 1276493
1276655 1278262
1278328 1280944
1281029 1281281
1281437 1282741
1282817 1283791
1283875 1284705
1284773 1285608
1285692 1286452
1286518 1286815
1286884 1287568
1287635 1289378
1289457 1289610
1289679 1290816
1290883 1296196
1296273 1297179
1297269 1306047
1306127 1316939
1317012 1317446
1317532 1320196
1320262 1320805
1320880 1321758
1321849 1323184
1323251 1326295
1326369 1326897
1326977 1329255
1329336 1329523
1329594 1329942
1330026 1334864
1334934 1337007
1337080 1340198
1340272 1342303
1342372 1342932
1343065 1343115
1343184 1350825
1350898 1352400
1352561 1352880
1352946 1355562
1355635 1355729
1355797 1356316
1356397 1356941
1357021 1359310
1359403 1359662
1359742 1360557
1360625 1369449
1369517 1372119
1372209 1372819
1372904 1373056
1373126 1376057
1376153 1378933
1379000 1379488
1379560 1381691
1381758 1381877
1381958 1384297
1384379 1385228
1385299 1385423
1385518 1386403
1386485 1387320
1387392 1387507
1387574 1387821
1387913 1389496
1389562 1389689
1389760 1389816
1389885 1390776
1390898 1390978
1391057 1392814
1392885 1394893
1394978 1395343
1395531 1395874
1395948 1397132
1397208 1397428
1397532 1397676
1397895 1398690
1398972 1399752
1399828 1400197
1400276 1400395
1400482 1400829
1400897 1403260
1403338 1405342
1405483 1406048
1406138 1407245
1407312 1407462
1407556 1407908
1407995 1408997
1409109 1409478
1409559 1412487
1412554 1414461
1414553 1415895
1415961 1416998
1417066 1419104
1419267 1419522
1419614 1421643
1421712 1425308
1425479 1426512
1426593 1427116
1427205 1427336
1427408 1427817
1427886 1433028
1433097 1434938
1435029 1436097
1436166 1436398
1436488 1439359
1439431 1441908
1441975 1448991
1449061 1457397
1457466 1458863
1458934 1465644
1465712 1469845
1469914 1470486
1470571 1471348
1471442 1483898
1483976 1490529
1490635 1492705
1492774 1496224
1496302 1496368
1496436 1498324
1498391 1498453
1498525 1499032
1499099 1503359
1503451 1503548
1503638 1507395
1507573 1508302
1508372 1508933
1509008 1510817
1510891 1511109
1511187 1511606
1511674 1512846
1512918 1513678
1513748 1513916
1513982 1521094
1521210 1521423
1521491 1524507
1524581 1525086
1525153 1526351
1526433 1530730
1530908 1533235
1533301 1534940
1535049 1538332
1538417 1539562
1539630 1542988
1543069 1544604
1544691 1545286
1545358 1547584
1547664 1549758
1549824 1551180
1551247 1552176
1552259 1552774
1552856 1555810
1555892 1556529
1556595 1557116
1557203 1557433
1557515 1558764
1558840 1560711
1560898 1561459
1561531 1563131
1563216 1563836
1563905 1564366
1564435 1565666
1565756 1568287
1568362 1570475
1570543 1570932
1571002 1575067
1575141 1576140
1576207 1576413
1576482 1577301
1577383 1579152
1579253 1579568
1579645 1579850
1579935 1582095
1582180 1583371
1583455 1586935
1587002 1590944
1591026 1594893
1594960 1595707
1595792 1598559
1598641 1607595
1607672 1610834
1610901 1612645
1612740 1615056
1615136 1615914
1615984 1616040
1616174 1616469
1616548 1617499
1617577 1619522
1619592 1622891
1623011 1628005
1628080 1628488
1628584 1628651
1628717 1630425
1630498 1632108
1632194 1632707
1632773 1636907
1637027 1637974
1638048 1638487
1638577 1640640
1640709 1641169
1641235 1645049
1645158 1651152
1651219 1653046
1653130 1653672
1653739 1654130
1654221 1654298
1654383 1654869
1654946 1659083
1659153 1660050
1660120 1660508
1660583 1661984
1662077 1662463
1662543 1662692
1662763 1663515
1663627 1664537
1664605 1665617
1665685 1666020
1666086 1666301
1666377 1666855
1666930 1667688
1667782 1668040
1668112 1668525
1668608 1668718
1668806 1669310
1669381 1670900
1670991 1671279
1671375 1673213
1673312 1673651
1673778 1673916
1673998 1674064
1674160 1674519
1674602 1674661
1674744 1675005
1675075 1676102
1676204 1677157
1677226 1678404
1678472 1679172
1679249 1679352
1679455 1679934
1680019 1680335
1680405 1685266
1685336 1686705
1686780 1687982
1688048 1689822
1689890 1690874
1690946 1691642
1691713 1692404
1692471 1694474
1694547 1695813
1695899 1696531
1696605 1699749
1699815 1703393
1703484 1707602
1707668 1711490
1711566 1711871
1711952 1713110
1713203 1713358
1713428 1715055
1715141 1718222
1718289 1724128
1724205 1724341
1724422 1724840
1724908 1726415
1726495 1727676
1727760 1729708
1729779 1731400
1731484 1732200
1732272 1733318
1733386 1734774
1734844 1735296
1735364 1739167
1739249 1746381
1746453 1747155
1747259 1747899
1747969 1756327
1756396 1757194
1757280 1760296
1760386 1760918
1760995 1762803
1762874 1763933
1764078 1764247
1764314 1768512
1768694 1770026
1770099 1770835
1770902 1772771
1772843 1776708
1776792 1778254
1778336 1779798
1779866 1779959
1780046 1789178
1789248 1791374
1791444 1805721
1805791 1806388
1806481 1812044
1812110 1813793
1813859 1815770
1815864 1816277
1816343 1819372
1819452 1819538
1819636 1820332
1820408 1822665
1822732 1828366
1828436 1847859
1847925 1848428
1848520 1851115
1851188 1851669
1851782 1855270
1855336 1855862
1855928 1858505
1858574 1865501
1865579 1869208
1869275 1872998
1873090 1873303
1873393 1874403
1874470 1876662
1876736 1877494
1877622 1878337
1878406 1879788
1879862 1880268
1880346 1881209
1881288 1883214
1883285 1883701
1883972 1887519
1887596 1888946
1889023 1891018
1891114 1891244
1891334 1892888
1892964 1895090
1895176 1910248
1910322 1911944
1912026 1912075
1912165 1914198
1914266 1925042
1925108 1925748
1925941 1929904
1929976 1938975
1939043 1940261
1940345 1941066
1941151 1943952
1944028 1946620
1946690 1947917
1947983 1950839
1950933 1955526
1955615 1956088
1956175 1956641
1956717 1957657
1957739 1958889
1958986 1959041
1959120 1968995
1969092 1970823
1970909 1972329
1972514 1972734
1972819 1976181
1976308 1976478
1976553 1977186
1977267 1978837
1978942 1980150
1980216 1984052
1984132 1987904
1987993 1989544
1989612 1989995
1990064 1990982
1991063 1991903
1992019 2018315
2018405 2019793
2019859 2024684
2024750 2024964
2025050 2025995
2026062 2026777
2026844 2028429
2028632 2028830
2028897 2029671
2029749 2031629
2031716 2032093
2032160 2032389
2032468 2032967
2033048 2033778
2033849 2036618
2036689 2037142
2037246 2037633
2037699 2038463
2038690 2039653
2039733 2040888
2040963 2041576
2041664 2041892
2041977 2042698
2042777 2042919
2042995 2043849
2043915 2045089
2045161 2045370
2045452 2049030
2049096 2049837
2049928 2050657
2050731 2053221
2053331 2055191
2055257 2057938
2058010 2059106
2059279 2059673
2059744 2061913
2061983 2062050
2062125 2062462
2062551 2064315
2064428 2065734
2065820 2065997
2066153 2077142
2077228 2077945
2078014 2082114
2082195 2087304
2087375 2090356
2090441 2094424
2094500 2095207
2095273 2099698
2099786 2102676
2102770 2105686
2105776 2105921
2105987 2106327
2106395 2107162
2107251 2109508
2109574 2118353
2118423 2120329
2120419 2127351
2127419 2127851
2127924 2128695
2128785 2128939
2129007 2132964
2133032 2139847
2139924 2144887
2144987 2152689
2152760 2160417
2160488 2162531
2162604 2169527
2169616 2172340
2172409 2174959
2175029 2177578
2177647 2180853
2180929 2181718
2181797 2183263
2183335 2184508
2184576 2185044
2185128 2188417
2188504 2191979
2192054 2193384
2193470 2193741
2193826 2195502
2195629 2197123
2197252 2198201
2198273 2201192
2201260 2201775
2201843 2202192
2202260 2203388
2203457 2203693
2203764 2205722
2205798 2208029
2208098 2210393
2210498 2212664
2212733 2214368
2214443 2218375
2218444 2218564
2218634 2220885
2220969 2224706
2224785 2225238
2225327 2225870
2225990 2227124
2227190 2228631
2228698 2229646
2229739 2232354
2232462 2234202
2234284 2235848
2235922 2244111
2244181 2250648
2250723 2250813
2250880 2251716
2251792 2251955
2252021 2252922
2253005 2253064
2253212 2253602
2253670 2254906
2254976 2256587
2256677 2257595
2257662 2259762
2259833 2261558
2261624 2261697
2261771 2262504
2262577 2265129
2265200 2268458
NC_057379.1
1 55666
55786 57289
57357 58168
58242 59406
59480 61066
61137 64671
64738 65051
65119 65852
66014 69667
69737 74275
74358 74514
74596 74960
75029 75557
75628 78784
78865 79003
79079 79215
79296 79369
79528 79599
79668 80303
80375 80602
80681 81579
81647 81703
81785 82304
82372 82474
82541 83051
83237 83845
83941 84124
84195 84580
84651 84832
84926 85029
85095 85453
85538 85791
85863 86501
86573 86829
86908 87575
87651 87816
87953 88369
88440 89590
89673 90143
90211 90273
90355 91051
91134 92972
93042 100777
100854 100945
101040 107392
107493 111218
111287 114056
114126 117002
117090 118100
118178 118354
118434 118524
118596 119414
119484 120713
120784 122749
122815 123076
123156 125006
125079 125785
125870 125979
126056 130153
130226 130300
130369 132136
132219 144155
144233 147415
147517 148310
148380 152203
152278 154148
154220 155107
155180 157369
157544 158192
158291 158859
158960 159828
159899 160652
160719 160856
160947 161274
161398 161561
161632 161742
161900 162338
162410 163090
163164 163356
163439 163665
163835 164764
164834 165321
165410 165906
165973 167110
167249 167344
167418 167719
167811 167928
168162 168275
168358 168994
169074 169364
169467 169601
169697 169878
169947 170243
170310 170949
171095 171734
171808 172240
172390 172553
172648 173378
173540 173918
173996 174258
174341 174810
174888 175248
175332 175809
175900 176678
176856 177476
177560 177762
177853 179080
179148 192984
193053 194842
194934 199008
199091 199361
199432 200284
200371 201525
201605 203126
203193 203788
203871 204160
204328 205320
205421 206170
206279 206463
206532 206722
206967 207066
207133 207273
207344 207966
208276 209210
209276 210045
210202 210263
210531 210977
211101 212466
212540 213415
213611 214700
214771 215314
215425 217263
217435 218165
218240 218585
218655 219037
219116 223813
223909 230385
230521 231537
231628 233428
233495 236466
236547 246470
246597 247778
247850 248311
248437 249692
249763 249818
249885 250117
250283 250598
250687 251804
251872 252000
252069 252725
252801 253436
253508 253994
254082 255801
255915 256207
256274 257472
257542 258195
258265 261566
261634 264256
264454 270327
270410 270498
270565 270697
270763 272152
272239 274151
274217 276417
276489 278302
278391 282798
282864 283021
283091 283985
284056 286801
286877 287186
287284 288248
288321 290464
290538 291519
291595 295445
295519 300049
300119 301333
301410 302214
302281 303019
303108 303907
304007 305659
305733 306303
306373 308680
308747 310166
310237 310798
310929 314282
314355 318476
318545 322835
322968 327328
327414 328864
328938 330580
330668 332469
332535 332859
332928 333711
333806 341349
341415 341880
341965 342342
342436 342778
342922 345207
345330 345408
345575 346460
346545 346714
346791 347158
347241 347693
347769 348027
348164 348910
348988 349416
349486 349638
349743 349794
349917 350010
350077 350264
350348 350620
350688 351573
351640 351986
352060 352610
352677 353330
353399 353471
353613 353856
353941 354296
354383 354473
354560 354651
354720 355274
355409 355809
355875 356320
356395 356619
356701 357002
357068 357809
357876 357989
358320 359455
359522 359916
360000 360053
360128 360941
361013 361499
361568 361785
361854 361939
362041 362128
362376 362597
362793 363639
363721 363910
364297 364555
364622 366834
366912 367465
367547 371141
371327 372553
372670 375589
375699 376069
376136 376500
376579 379692
379758 382619
382693 382833
382917 386129
386203 390869
390945 392772
392880 394073
394142 397947
398020 404433
404506 407085
407165 408144
408214 409705
409786 411564
411631 412048
412122 412223
412346 421516
421583 423145
423472 423648
423718 424794
424864 426567
426821 427028
427173 427770
427924 428745
428816 429576
429673 430172
430247 430662
430732 431108
431181 433043
433223 433877
433952 434415
434593 435106
435197 436167
436234 436303
436474 437057
437123 438970
439094 439257
439341 439686
439765 440185
440255 441277
441353 441728
441806 444261
444328 444382
444475 444613
444697 444973
445084 446411
446485 446620
446689 447813
447882 448984
449070 450160
450243 450474
450558 450671
450757 451503
451640 455006
455076 455210
455279 455975
456066 456565
456675 457811
457877 458076
458204 458792
458870 460475
460546 467438
467508 467623
467931 469513
469680 469860
469945 470099
470169 471790
471869 473787
473855 473930
474033 474472
474538 477464
477533 478068
478145 479407
479476 481810
481877 483821
483927 484249
484328 484639
484716 487779
487853 500041
500114 501945
502017 503000
503079 507593
507668 508378
508445 509469
509543 511288
511364 512161
512228 517385
517453 517709
517837 518965
519066 519554
519623 519812
519987 520885
520969 521965
522123 523220
523294 524077
524143 524764
524838 525109
525249 525300
525436 526039
526125 526963
527033 527317
527384 530747
530814 531668
531743 542629
542706 550739
550805 555747
555817 564240
564313 565983
566060 573815
573885 581520
581587 584228
584307 584654
584734 584941
585047 592309
592380 606631
606705 609499
609615 609782
609850 612268
612336 621106
621180 624065
624149 630768
630836 632502
632576 634624
634692 637382
637449 639612
639690 651560
651666 652423
652508 653711
653783 659249
659333 659503
659570 671501
671570 683797
683872 707260
707381 707441
707511 714229
714392 718021
718089 721223
721311 728712
728785 732577
732667 733633
733701 735226
735292 737596
737680 739051
739124 741197
741271 749443
749523 751374
751454 751527
751602 754864
754939 755150
755216 755785
755853 760517
760583 761058
761130 761488
761554 762986
763061 766198
766276 767816
767885 768059
768164 771214
771286 771524
771612 772606
772695 777056
777124 778390
778462 779378
779444 779625
779692 779768
779834 781500
781568 783354
783439 784927
785023 785155
785221 785455
785537 786817
786899 788214
788312 788393
788509 789030
789119 789347
789428 792590
792676 793228
793296 794096
794194 797453
797519 798212
798279 801248
801327 811198
811267 811978
812128 813129
813219 813796
813894 814228
814294 816935
817007 818476
818544 819013
819090 819807
819882 820023
820092 822354
822435 822596
822679 823366
823446 824156
824235 824540
824614 825115
825196 833346
833416 833486
833586 834730
834797 835100
835172 835943
836025 836357
836424 837941
838049 839632
839700 841942
842020 843281
843353 843429
843497 845738
845811 846029
846104 846158
846234 847878
847963 854065
854147 859297
859367 859489
859555 861470
861546 861953
862034 864181
864345 877352
877418 877911
878137 878334
878418 882333
882408 889494
889561 890368
890511 891397
891484 896366
896458 897123
897190 898409
898499 900840
900927 901417
901490 907110
907178 910330
910408 912032
912114 915482
915559 926063
926144 926954
927046 928298
928364 938081
938147 941091
941267 942231
942297 943547
943615 943877
943943 944789
944860 945237
945305 945658
945724 945929
945996 946711
946782 947848
947917 949433
949511 949827
949902 950319
950587 951727
951880 952406
952476 953176
953243 954879
954986 956631
956714 957678
957747 963322
963392 963608
963682 966832
966908 968822
968906 974782
974864 975412
975501 976175
976242 979242
979310 981804
981878 984481
984547 987655
987739 992938
993027 994612
994694 999884
999972 1000851
1000931 1001771
1001848 1007026
1007102 1008373
1008440 1010132
1010210 1010275
1010357 1010656
1010733 1011746
1011818 1012431
1012517 1014842
1014917 1015195
1015264 1016410
1016500 1017707
1017775 1018826
1018899 1019530
1019626 1020357
1020432 1020862
1020929 1021064
1021135 1026460
1026540 1031013
1031081 1042625
1042696 1053195
1053267 1054717
1054783 1055896
1056036 1056210
1056293 1057363
1057437 1057727
1057805 1062398
1062469 1063313
1063391 1064075
1064156 1064593
1064673 1065167
1065262 1065359
1065434 1065527
1065666 1071644
1071746 1072210
1072277 1076250
1076321 1081077
1081152 1083132
1083216 1083648
1083716 1083967
1084033 1085799
1085865 1086290
1086382 1087351
1087422 1087517
1087603 1088569
1088669 1089182
1089285 1089631
1089772 1089822
1089891 1091306
1091373 1092049
1092193 1092578
1092645 1092709
1092780 1093286
1093388 1094538
1094611 1095072
1095169 1095342
1095432 1095741
1095810 1096333
1096440 1097224
1097293 1097501
1097602 1098221
1098340 1098497
1098619 1098745
1098814 1099311
1099389 1099487
1099553 1100347
1100440 1100718
1100812 1103655
1103841 1105590
1105672 1106153
1106220 1109040
1109110 1109319
1109396 1109472
1109542 1110829
1110895 1111245
1111319 1115607
1115677 1115765
1115833 1115915
1116018 1119370
1119439 1120049
1120133 1121182
1121258 1121800
1121870 1122771
1122843 1123542
1123638 1125154
1125220 1125336
1125608 1127283
1127383 1127706
1127772 1128646
1128729 1129946
1130013 1131918
1131991 1133017
1133090 1142209
1142393 1142625
1142693 1142786
1142855 1143850
1143956 1146453
1146568 1148213
1148280 1149279
1149391 1149629
1149697 1149841
1149922 1150291
1150481 1151233
1151299 1152747
1152879 1152987
1153098 1153443
1153519 1153883
1153969 1154785
1154855 1155236
1155303 1157400
1157479 1157807
1157873 1158710
1158786 1160845
1160922 1161028
1161168 1161279
1161413 1163217
1163292 1163436
1163503 1164660
1164726 1164951
1165026 1165508
1165575 1165938
1166125 1166788
1166861 1166973
1167169 1167330
1167423 1171808
1171877 1172000
1172067 1175957
1176026 1176290
1176398 1177593
1177669 1178142
1178223 1181782
1181858 1182073
1182143 1182246
1182318 1185136
1185365 1186651
1186737 1189345
1189411 1190124
1190191 1200831
1200909 1201804
1201878 1205846
1205929 1206010
1206217 1208242
1208366 1208460
1208541 1208765
1208838 1210124
1210229 1215561
1215655 1218024
1218175 1218439
1218511 1218809
1218879 1219850
1219959 1222247
1222327 1222738
1222814 1222943
1223009 1224955
1225024 1231607
1231675 1234126
1234215 1241697
1241763 1243147
1243234 1243667
1243737 1246325
1246393 1251297
1251375 1253503
1253574 1254177
1254253 1255638
1255756 1258579
1258735 1260461
1260527 1263209
1263394 1265780
1265866 1267502
1267568 1269383
1269470 1269680
1269751 1274144
1274253 1276367
1276454 1276817
1276896 1277072
1277143 1278531
1278602 1278900
1278966 1279725
1279801 1281409
1281480 1286959
1287068 1290273
1290339 1292863
1292975 1294089
1294167 1294932
1295042 1295934
1296011 1297432
1297613 1300015
1300130 1306329
1306426 1308200
1308269 1316188
1316254 1316873
1316946 1318569
1318725 1321682
1321756 1322913
1322988 1323511
1323579 1323757
1323855 1324295
1324362 1324712
1324788 1329572
1329651 1334863
1334932 1337514
1337587 1345230
1345299 1345890
1345956 1347583
1347662 1348237
1348312 1351185
1351251 1367332
1367430 1368944
1369017 1369127
1369206 1369312
1369396 1371481
1371559 1374164
1374240 1375141
1375242 1376359
1376448 1377544
1377620 1377750
1377834 1379769
1379841 1383381
1383456 1383575
1383676 1384508
1384585 1385043
1385109 1392208
1392351 1393200
1393307 1393390
1393467 1394957
1395023 1395193
1395259 1396351
1396419 1396973
1397039 1397195
1397272 1397449
1397542 1398052
1398260 1398622
1398697 1402950
1403041 1405730
1405815 1409656
1409722 1411215
1411288 1412161
1412235 1412933
1413002 1415381
1415465 1416331
1416399 1417104
1417175 1418272
1418348 1418471
1418545 1419378
1419450 1420613
1420688 1428188
1428260 1429648
1429726 1430055
1430121 1430657
1430747 1431479
1431545 1433489
1433566 1433756
1433853 1433956
1434033 1434831
1434915 1435233
1435316 1437325
1437414 1441103
1441170 1445144
1445211 1447939
1448010 1448158
1448232 1451274
1451367 1452846
1452917 1453095
1453162 1453909
1453996 1454554
1454639 1454850
1454921 1460337
1460408 1462216
1462283 1463598
1463697 1466946
1467043 1467130
1467210 1475664
1475743 1476686
1476773 1476947
1477023 1478907
1478979 1479055
1479129 1480652
1480736 1481107
1481184 1483204
1483271 1486252
1486321 1487248
1487321 1488278
1488355 1490914
1490989 1494300
1494370 1494778
1494846 1496367
1496433 1496807
1496878 1502718
1502787 1509638
1509818 1511161
1511232 1511637
1511726 1511933
1512016 1513605
1513680 1513742
1513836 1515293
1515368 1515952
1516022 1516535
1516625 1520049
1520117 1522444
1522514 1530476
1530588 1533454
1533521 1557825
1557894 1561845
1561969 1567535
1567614 1569007
1569079 1575305
1575374 1575628
1575704 1576013
1576099 1577563
1577651 1579207
1579285 1579865
1579939 1580259
1580327 1581411
1581481 1582153
1582245 1584215
1584285 1587949
1588023 1589769
1589848 1589914
1589985 1591311
1591386 1593863
1594000 1594740
1594806 1595816
1595971 1596592
1596660 1597361
1597428 1597506
1597572 1597950
1598021 1598116
1598195 1598850
1598938 1601744
1601819 1602336
1602492 1603358
1603558 1604028
1604127 1604555
1604671 1608320
1608411 1611373
1611462 1611715
1611798 1611883
1611979 1615192
1615268 1615534
1615607 1618432
1618523 1622000
1622069 1622199
1622289 1622422
1622489 1623006
1623082 1625589
1625660 1626515
1626586 1627669
1627782 1637240
1637306 1638803
1638870 1638997
1639078 1643746
1643818 1647759
1647840 1652179
1652252 1654413
1654504 1657561
1657631 1657813
1657885 1658391
1658457 1659174
1659245 1660047
1660119 1660348
1660425 1662331
1662438 1662913
1662982 1665654
1665871 1666337
1666420 1668029
1668098 1668650
1668728 1669124
1669199 1672613
1672683 1672761
1672831 1676141
1676211 1678225
1678294 1681671
1681744 1688302
1688369 1689933
1690000 1690232
1690314 1695555
1695625 1695702
1695776 1696840
1696906 1697705
1697775 1697887
1697974 1698323
1698392 1698759
1698828 1699279
1699347 1699870
1699938 1700076
1700158 1700408
1700498 1702021
1702089 1711654
1711726 1722258
1722330 1726120
1726206 1730067
1730152 1733746
1733815 1736081
1736153 1736433
1736514 1739798
1739934 1741269
1741350 1741527
1741600 1744233
1744309 1745389
1745456 1747078
1747145 1748079
1748151 1749079
1749149 1750303
1750393 1750468
1750538 1751330
1751409 1751833
1751943 1753081
1753180 1753610
1753686 1754203
1754270 1754939
1755005 1755159
1755244 1757323
1757404 1757691
1757769 1759452
1759595 1770617
1770696 1775234
1775308 1780088
1780163 1784904
1784976 1788077
1788158 1793080
1793153 1795438
1795518 1799840
1799916 1808534
1808609 1814861
1814959 1815403
1815469 1816022
1816091 1816614
1816680 1817134
1817212 1819807
1819874 1823158
1823228 1832406
1832482 1840128
1840206 1840432
1840503 1844026
1844103 1844435
1844518 1845740
1845811 1846532
1846598 1846993
1847062 1848761
1848828 1850137
1850217 1851690
1851781 1853892
1853959 1854119
1854193 1855615
1855704 1858794
1858867 1861523
1861589 1869281
1869357 1870389
1870455 1870929
1871015 1872010
1872076 1878927
1879002 1880493
1880699 1883705
1883990 1885371
1885446 1885664
1885744 1886063
1886137 1887616
1887708 1889655
1889740 1890320
1890390 1891219
1891292 1891560
1891714 1892941
1893025 1893730
1893801 1894016
1894096 1894262
1894343 1894888
1894968 1895553
1895628 1897461
1897533 1898529
1898603 1898803
1898883 1899958
1900112 1901092
1901160 1902530
1902614 1904150
1904219 1904986
1905142 1905456
1905527 1909313
1909379 1911411
1911499 1912791
1912860 1913561
1913637 1917736
1917828 1921066
1921148 1923290
1923357 1926960
1927089 1928092
1928158 1928349
1928525 1928679
1928745 1930591
1930666 1930998
1931106 1934373
1934464 1936434
1936503 1938251
1938321 1940118
1940192 1940636
1940710 1946545
1946611 1946669
1946743 1949148
1949223 1949472
1949559 1949899
1949986 1950952
1951031 1951357
1951423 1953109
1953200 1955415
1955511 1959357
1959423 1965286
1965352 1966227
1966296 1966781
1966859 1969317
1969399 1972297
1972384 1977214
1977281 1977889
1977980 1978481
1978584 1979557
1979626 1980020
1980190 1980894
1981073 1981145
1981214 1981786
1981852 1983671
1983738 1984515
1984581 1987116
1987228 1988526
1988599 1988655
1988728 1989274
1989340 1989596
1989663 1989969
1990065 1993768
1993838 2125255
2125344 2129437
2129505 2134753
2134867 2136335
2136407 2136840
2136990 2145836
2145903 2146493
2146559 2146899
2146973 2147114
2147180 2166229
NC_057380.1
1 2818
2900 4345
4411 5800
5880 7756
7832 12985
13055 13891
13958 15237
15309 15779
15851 15931
16000 17640
17729 19536
19622 20867
20937 21204
21373 21556
21869 22161
22230 22787
22869 23120
23187 23688
23773 24250
24333 25209
25281 29843
29917 30476
30565 33986
34058 40388
40460 41690
41786 42054
42125 43052
43124 43602
43684 44910
44983 46310
46382 47395
47468 49344
49426 52275
52358 56069
56142 57554
57625 58402
58474 59287
59374 59846
59931 61264
61348 61904
61979 64700
64773 65856
65932 65995
66079 66594
66663 67093
67170 67296
67396 69593
69679 69813
69883 71237
71340 71418
71531 72857
72924 74199
74302 76861
76930 77587
77661 86956
87022 87482
87551 87642
87733 87940
88007 88968
89036 90117
90183 93300
93384 94158
94229 94923
95089 96884
96950 97467
97654 97770
97836 97958
98038 99160
99233 100219
100320 100932
100999 101837
101904 106402
106525 106884
106955 108477
108544 109031
109103 111592
111660 112194
112261 112888
112959 113496
113563 113907
113973 116476
116542 117572
117638 119603
119688 130307
130394 130800
130868 131109
131178 133192
133274 133838
133937 134640
134716 141202
141273 144165
144237 146067
146149 146208
146276 147785
147886 148332
148399 157600
157675 158770
158845 161127
161215 164047
164113 164577
164757 165169
165242 166116
166200 167427
167496 168091
168169 169378
169453 170252
170322 170576
170666 170814
170896 172246
172327 172552
172626 172877
172946 173297
173363 173423
173498 174451
174535 174717
174797 174947
175015 176326
176400 179556
179643 179825
179925 180655
180740 184971
185043 185472
185560 186837
187116 187239
187311 188868
188941 189579
189662 189855
189930 190202
190280 190899
190967 203213
203282 208174
208255 210841
210907 210989
211074 212303
212375 214048
214118 215054
215130 216283
216390 221998
222064 223638
223708 224700
224780 227662
227735 227892
227958 228675
228748 230810
230876 231115
231183 231958
232042 236222
236292 239444
239515 239587
239654 243287
243364 244483
244552 244622
244829 245988
246054 247290
247369 249265
249335 259147
259218 264508
264574 271437
271503 280693
280804 281743
281815 282141
282234 286241
286324 287376
287450 287841
287912 292667
292736 295171
295247 297473
297545 299267
299353 301170
301241 301707
301789 305921
306053 307128
307215 311953
312036 312756
312829 314200
314271 316121
316189 317314
317381 318176
318263 318865
318944 319608
319710 321130
321197 322808
322889 324710
324787 340329
340426 347311
347431 348018
348111 349520
349588 354405
354502 354963
355029 355171
355267 360048
360114 360808
360978 362155
362221 365233
365304 368891
368958 369640
369711 369943
370021 370387
370455 370862
370945 371534
371625 371852
371929 372229
372304 373539
373626 374299
374402 376609
376676 383568
383643 384337
384447 387640
387711 388877
388950 392780
392855 394733
394804 395300
395382 396600
396682 409930
409997 411289
411359 415480
415549 416221
416292 421158
421270 421723
421828 425695
425765 428203
428274 428540
428653 429169
429259 429793
429875 430356
430455 432232
432383 433199
433268 433400
433560 434595
434664 435688
435764 435925
435993 436485
436569 437581
437648 440691
440757 441054
441151 441367
441440 442638
442704 443929
444002 446442
446508 447476
447558 456638
456712 457437
457513 460611
460703 464216
464296 467905
468079 471542
471623 473990
474056 475123
475202 476424
476492 477588
477665 477745
477811 480711
480787 483221
483295 483358
483425 486966
487099 487314
487384 487683
487778 487889
487958 490195
490269 491446
491512 491994
492176 492426
492639 492974
493042 496759
496857 497598
497682 497892
497960 498057
498256 501604
501678 502949
503024 503103
503212 505784
505941 506670
506736 507027
507099 510370
510471 511583
511653 512212
512342 513058
513136 513448
513578 517170
517255 517366
517433 526523
526595 530602
530671 530731
530800 530888
530991 531080
531257 531340
531410 532508
532587 533711
533910 535017
535100 535507
535654 535882
535952 536744
536810 541775
541841 542394
542476 546538
546614 550212
550287 552022
552099 554135
554201 554834
554924 555418
555487 556493
556562 561669
561736 570148
570221 570274
570394 570878
570957 571089
571168 571563
571638 572398
572464 573350
573424 573937
574006 574722
574789 576746
576829 577453
577538 580453
580522 580906
580993 581475
581561 582496
582572 583653
583729 584228
584305 584535
584644 584950
585110 589301
589388 589445
589523 591064
591330 592004
592075 592455
592603 593613
593686 601028
601102 603146
603251 604703
604778 606438
606515 607684
607833 608561
608650 609561
609671 610580
610653 610921
611001 613702
613877 615243
615310 615708
615774 615965
616039 616691
616758 617482
617557 617891
617969 618750
618822 618952
619020 620240
620313 620459
620529 621289
621357 621435
621509 622197
622271 623062
623130 624336
624402 625223
625303 625740
625809 626738
626808 627732
627827 628936
629007 629059
629127 629967
630113 630582
630742 630969
631036 631091
631161 632272
632450 634270
634348 634463
634538 635550
635664 638329
638398 640996
641102 641807
641875 642478
642550 643699
643765 645342
645409 646531
646646 647370
647491 648081
648158 648527
648605 648729
648798 648924
648993 649796
649882 649989
650079 650446
650514 652072
652161 652603
652686 654190
654327 662843
662911 663750
663820 668199
668285 670091
670170 674696
674765 680062
680133 689271
689338 689451
689524 693025
693100 703901
704000 704799
704865 704990
705058 712448
712525 714475
714565 718193
718271 718708
718788 719330
719413 719676
719753 719967
720038 721518
721585 721818
721896 722117
722195 723232
723313 725179
725247 725667
725748 726826
726905 728145
728211 730001
730104 731470
731560 732000
732066 733231
733329 739263
739333 739737
739826 743702
743798 744142
744209 745545
745620 746232
746333 747838
747926 749584
749652 749871
749939 750491
750561 750959
751031 752622
752707 752905
752991 753309
753420 756739
756808 758392
758460 769844
769912 770658
770741 770930
771023 772102
772189 774574
774644 777351
777422 779220
779287 780150
780216 782458
782530 782612
782708 783300
783385 789058
789141 793108
793174 799252
799344 800870
801071 801884
801961 804765
804848 805130
805196 805699
805770 806631
806701 807100
807187 808843
808917 812652
812731 813221
813295 813913
813983 814726
814819 815519
815586 818056
818122 818186
818289 819091
819159 820119
820215 824112
824204 828807
828886 832412
832481 833368
833442 847943
848019 849350
849480 856496
856567 856831
856911 856974
857062 857447
857564 859165
859237 859955
860023 860561
860672 860986
861079 862779
862856 863312
863407 864025
864099 864955
865044 868071
868140 869626
869699 871470
871543 872530
872617 878516
878616 880149
880225 880391
880496 881061
881130 895252
895365 895660
895735 897287
897362 899994
900099 900491
900567 901747
901817 902810
902918 903061
903142 913507
913600 913674
913740 915983
916053 917253
917355 917912
917984 918651
918733 919673
919740 924301
924371 926018
926091 926310
926406 929234
929301 929464
929540 930930
930997 937272
937339 942186
942275 942951
943017 943363
943500 943862
943929 944345
944441 945226
945296 945352
945421 948926
948994 951290
951356 951973
952043 952341
952409 953245
953343 954027
954121 956720
956821 960232
960320 964419
964488 965379
965449 966154
966225 968333
968399 969378
969450 970907
970989 971736
971805 972086
972162 974032
974101 975957
976040 976448
976529 976706
976790 980070
980146 981236
981304 982139
982207 984709
984789 987000
987097 987255
987321 987642
987711 989613
989697 1009885
1009952 1013546
1013613 1017868
1017935 1021973
1022043 1022631
1022702 1023778
1023856 1027701
1027842 1031299
1031370 1036013
1036242 1038073
1038141 1042292
1042359 1046341
1046437 1048676
1048760 1054892
1055049 1059758
1059837 1060338
1060472 1061095
1061164 1061576
1061643 1062192
1062298 1063095
1063170 1064344
1064410 1065220
1065333 1065866
1065935 1068068
1068159 1068461
1068528 1069192
1069270 1071020
1071092 1071387
1071461 1072694
1072765 1073465
1073535 1075883
1075949 1077090
1077156 1079624
1079697 1080510
1080576 1084019
1084087 1085157
1085303 1086007
1086084 1087626
1087692 1088010
1088092 1093097
1093200 1093433
1093499 1093877
1093943 1094581
1094662 1097052
1097148 1105563
1105660 1111765
1111847 1112344
1112410 1112673
1112741 1112864
1113021 1114592
1114763 1114903
1114983 1115055
1115149 1115419
1115498 1115717
1115783 1115999
1116077 1116771
1116840 1116974
1117054 1117665
1117732 1118010
1118105 1118539
1118611 1120895
1120964 1121619
1121688 1126072
1126141 1131523
1131591 1132494
1132567 1133449
1133520 1135121
1135201 1135604
1135694 1138482
1138557 1139297
1139365 1140898
1140982 1141243
1141393 1142328
1142401 1143175
1143244 1143389
1143456 1143802
1143898 1143960
1144030 1144718
1144792 1146232
1146313 1147119
1147204 1150082
1150148 1153204
1153279 1155647
1155764 1157631
1157698 1169227
1169297 1173632
1173701 1173822
1173888 1174573
1174640 1175547
1175633 1177279
1177385 1178984
1179053 1179726
1179816 1181758
1181825 1182265
1182349 1182651
1182739 1183571
1183638 1184370
1184452 1185717
1185805 1187312
1187383 1188056
1188126 1188733
1188815 1188864
1188940 1191862
1191944 1194820
1194890 1215238
1215308 1216719
1216787 1218035
1218117 1222728
1222805 1224945
1225014 1225068
1225136 1230186
1230252 1232635
1232717 1235850
1235923 1236773
1236840 1237054
1237132 1237741
1237921 1240934
1241028 1241327
1241401 1242738
1242820 1242895
1242971 1246353
1246423 1250052
1250122 1254633
1254730 1263163
1263237 1273737
1273806 1273919
1273992 1276529
1276622 1277368
1277436 1277830
1277911 1279164
1279232 1279608
1279720 1288755
1288841 1297451
1297528 1298588
1298659 1299019
1299095 1316080
1316147 1317338
1317412 1318096
1318196 1320666
1320830 1322960
1323026 1333516
1333586 1335716
1335784 1340570
1340659 1344122
1344207 1344985
1345065 1346146
1346230 1347850
1347921 1348203
1348270 1350382
1350454 1356590
1356672 1358837
1358910 1367042
1367129 1369093
1369159 1373976
1374161 1374725
1374816 1375949
1376015 1377183
1377267 1377893
1377960 1383903
1384047 1384406
1384485 1386021
1386103 1393677
1393908 1394668
1394738 1397317
1397384 1405499
1405565 1407431
1407561 1417496
1417591 1418940
1419006 1419957
1420044 1420595
1420673 1422393
1422478 1425393
1425467 1425729
1425905 1426684
1426751 1430939
1431013 1431803
1431871 1443673
1443757 1444073
1444152 1448519
1448586 1479082
1479170 1479237
1479304 1479504
1479595 1483219
1483290 1488453
1488524 1488960
1489051 1489770
1489838 1491041
1491166 1491702
1491787 1492468
1492541 1546177
1546268 1550858
1550940 1551200
1551270 1551938
1552032 1552127
1552215 1552741
1552846 1552984
1553051 1553671
1553756 1553947
1554031 1554310
1554377 1555034
1555114 1561659
1561730 1562274
1562348 1704644
1704726 1708435
1708515 1710915
1710983 1711387
1711487 1712720
1712794 1717628
1717815 1723600
1723671 1727336
1727439 1728573
1728651 1731448
1731515 1735333
1735408 1737679
1737753 1738801
1738874 1739199
1739298 1742861
1742931 1750376
1750446 1751751
1751836 1854941
1855021 1855392
1855463 1855541
1855607 1858034
1858114 1858702
1858771 1860373
1860449 1863331
1863409 1866107
1866175 1867771
1867853 1867947
1868043 1870547
1870633 1870724
1870793 1873358
1873435 1874950
1875161 1876775
1876843 1878523
1878618 1880277
1880379 1884814
1884901 1887873
1887952 1892237
1892322 1895296
1895367 1899354
1899441 1899863
1899929 1903071
1903137 1906328
1906395 1909094
1909211 1910727
1910803 1912264
1912332 1914922
1914993 1919488
1919579 1920373
1920468 1921547
1921623 1921890
1921972 1924320
1924427 1924707
1924777 1928654
1928721 1931881
1931948 1935842
1935908 1935971
1936048 1937295
1937372 1937739
1937810 1941962
1942037 1973041
1973150 1973835
1973902 1975897
1975995 1979527
1979697 1980377
1980445 1981427
1981512 1982419
1982491 1983401
1983477 1983871
1983940 1985995
1986070 1986918
1987001 1987773
1987842 1989311
1989391 1989586
1989653 1990683
1990797 1994807
1994878 2032276
2032364 2035123
2035198 2037036
2037102 2037555
2037638 2099829
NC_057381.1
1 309
451 4936
5034 5596
5668 5953
6025 8271
8339 13056
13122 13501
13576 16286
16424 35600
35702 40906
40978 46570
46686 48041
48111 52362
52460 58402
58471 60939
61031 61982
62072 62904
62972 63136
63231 63433
63529 65884
65973 71388
71470 76923
76993 96047
96131 120209
120283 124242
124318 124589
124663 127818
127887 129009
129109 129699
129837 130944
131018 133021
133101 133851
133924 138519
138613 140349
140426 141079
141152 142093
142159 142467
142534 142895
143024 147417
147483 148926
148995 155006
155076 159110
159178 163227
163312 168085
168153 169776
169851 170242
170310 173999
174072 177886
177968 179174
179253 179607
179680 181314
181380 182875
182944 183236
183306 184660
184746 185064
185161 185473
185570 192502
192577 202287
202353 254134
254212 254336
254413 255643
255737 256025
256095 256897
256972 257226
257305 257443
257516 258144
258225 258629
258716 259623
259698 259797
259868 260309
260381 260549
260628 260992
261081 261417
261529 263353
263422 263574
263674 266196
266289 267063
267138 267223
267293 269034
269129 269488
269587 271073
271149 274230
274296 274395
274469 274919
274988 276680
276752 277690
277761 278527
278596 279534
279604 280291
280363 280676
280749 282211
282278 282535
282608 288099
288166 291035
291129 292389
292468 300192
300276 303381
303465 306028
306100 307225
307338 307469
307558 308566
308641 311028
311101 312542
312636 313159
313244 313342
313418 315084
315238 315593
315663 317544
317612 318181
318249 319589
319667 323352
323425 324091
324158 324326
324392 325595
325670 326526
326608 327768
327846 328507
328584 329154
329221 332956
333035 333923
333992 336781
336852 339182
339265 339669
339736 339986
340084 341169
341237 347538
347608 349021
349096 350290
350366 352940
353016 366489
366560 369215
369297 372747
372840 377569
377642 380863
381030 381084
381166 383842
383921 384078
384144 384667
384743 385196
385282 387708
387782 393637
393712 394119
394206 396461
396546 397549
397618 399379
399451 399668
399837 399903
399982 400264
400334 408522
408603 410448
410519 413223
413365 414256
414322 415132
415205 415422
415492 415878
415949 416031
416127 417136
417202 417974
418049 418397
418468 418634
418702 420049
420136 422411
422478 423030
423120 423822
423888 425306
425380 425465
425556 426026
426107 428457
428530 430668
430770 431632
431700 435271
435354 435769
435864 437294
437360 441282
441390 442444
442517 442747
442829 443129
443213 443313
443388 443592
443661 449588
449661 450786
450886 453346
453416 458404
458470 458611
458757 461224
461301 461982
462056 473576
473661 480293
480361 481432
481534 483089
483158 483589
483655 485464
485542 494212
494293 495387
495466 497397
497485 498120
498194 498766
498836 499640
499709 503100
503176 504896
504975 507497
507576 507953
508032 508104
508190 508254
508328 509057
509147 510222
510298 512837
512929 517293
517363 519359
519563 526362
526435 537001
537070 537380
537461 539428
539495 560139
560205 571379
571446 572609
572677 573221
573291 578665
578731 579282
579352 581682
581784 583341
583408 587536
587616 587747
587814 588751
588881 589318
589453 591019
591106 591373
591448 596620
596686 598108
598176 598245
598311 599474
599559 599777
599844 600000
600071 600728
600799 601010
601082 602821
602900 603493
603598 604182
604250 614419
614507 618283
618362 620478
620694 622241
622307 623283
623362 627383
627488 627906
627988 630142
630223 630291
630383 635870
635942 636346
636412 639907
639973 640126
640283 641887
641962 643683
643750 647887
647975 648220
648312 649214
649326 649779
649865 650144
650323 650408
650489 650585
650651 651277
651343 652514
652604 653005
653071 655542
655622 657115
657186 658239
658311 659232
659334 659928
659998 661256
661324 661502
661587 662764
662837 663091
663166 663826
663988 665619
665688 667278
667362 668441
668515 674798
674871 676538
676613 684533
684602 690820
690915 691379
691449 692952
693036 693616
693683 695173
695243 701350
701418 702635
702711 709602
709669 710109
710185 710675
710754 711398
711466 712298
712368 712656
712727 715975
716042 716276
716399 718998
719079 719471
719537 722912
722984 724613
724682 726482
726552 731441
731516 733753
733826 733877
733956 734231
734302 734384
734518 735025
735097 735401
735510 736517
736589 747487
747555 748442
748533 751615
751690 759746
759832 763003
763069 765045
765118 768033
768106 768280
768371 772314
772391 777990
778057 782527
782599 786611
786713 786914
787023 787097
787164 788184
788254 788828
788905 790435
790513 790681
790760 797306
797389 797616
797693 800513
800583 802908
802983 808117
808183 809244
809320 809995
810062 810688
810758 821505
821605 821844
821919 828611
828701 832976
833052 834478
834575 846060
846135 848539
848614 851252
851330 854647
854725 871886
871952 877382
877482 879104
879201 879447
879518 880701
880779 882803
882869 887923
887992 892760
892835 894148
894220 894742
894809 895041
895109 895907
895973 897285
897353 899236
899316 900014
900089 901314
901392 903646
903717 905254
905324 906156
906231 908436
908513 909879
910007 911071
911160 911418
911506 912071
912149 913347
913427 914687
914859 915179
915246 916344
916434 917409
917477 919433
919510 921416
921482 924648
924715 924784
924855 925001
925068 925894
925964 926181
926255 926612
926683 930428
930495 930663
930745 931108
931174 931635
931827 932153
932226 934277
934382 934842
934913 936804
936879 937505
937683 938137
938238 940097
940173 941509
941575 944201
944288 946159
946230 947830
947910 949963
950035 950142
950210 950666
950733 950948
951040 953342
953424 957485
957552 962962
963028 964812
964889 967268
967337 968358
968425 968973
969040 969127
969289 970239
970308 971213
971283 971904
971982 972358
972435 974066
974143 982192
982280 984020
984091 984685
984861 989973
990047 992408
992484 992611
992719 994410
994490 995217
995290 996550
996621 998669
998742 998996
999079 999207
999298 999946
1000034 1002706
1002783 1004468
1004553 1005175
1005321 1006178
1006351 1006965
1007092 1007285
1007354 1007903
1007980 1008061
1008222 1009099
1009176 1009348
1009433 1010699
1010769 1011276
1011350 1011645
1011736 1012572
1012654 1014942
1015123 1015385
1015462 1017379
1017446 1018571
1018666 1020317
1020398 1021807
1021875 1023662
1023743 1024173
1024240 1031448
1031617 1032099
1032179 1033223
1033296 1034489
1034555 1035801
1035876 1036014
1036089 1037137
1037219 1037436
1037503 1039249
1039347 1039419
1039489 1039728
1039794 1040574
1040644 1046737
1046811 1047666
1047751 1049020
1049137 1049269
1049342 1050589
1050674 1052381
1052448 1052585
1052664 1053701
1053768 1054165
1054232 1054497
1054565 1054748
1054817 1055311
1055377 1055751
1055819 1058269
1058362 1058565
1058646 1058914
1058994 1059103
1059210 1059691
1059813 1059877
1059959 1060028
1060106 1060826
1060915 1061153
1061219 1062385
1062537 1063014
1063083 1063359
1063451 1063770
1063853 1063992
1064080 1064325
1064488 1064643
1064739 1066014
1066102 1066231
1066354 1066448
1066536 1066749
1066945 1068027
1068102 1069755
1069836 1073986
1074068 1075833
1075902 1076006
1076092 1079081
1079147 1085206
1085281 1086363
1086481 1086835
1086930 1089410
1089499 1090282
1090466 1090611
1090683 1090884
1090969 1092213
1092477 1092667
1092746 1093424
1093678 1093792
1093876 1094149
1094229 1094768
1094858 1096098
1096174 1096502
1096583 1096897
1096963 1097655
1097724 1097959
1098125 1098451
1098565 1098664
1098750 1098824
1098893 1099072
1099143 1099443
1099627 1100029
1100124 1101026
1101109 1101286
1101356 1101477
1101548 1102453
1102645 1102850
1103019 1103966
1104054 1104300
1104373 1105265
1105336 1108286
1108355 1112251
1112324 1113947
1114024 1116779
1116852 1118583
1118654 1119431
1119506 1120234
1120357 1121693
1121859 1122221
1122365 1123024
1123104 1123269
1123345 1123629
1123710 1124312
1124378 1125267
1125351 1125903
1126045 1126461
1126531 1126733
1126800 1129523
1129607 1131225
1131341 1134691
1134762 1135312
1135389 1136512
1136596 1137424
1137508 1137585
1137683 1141947
1142019 1144213
1144282 1145502
1145570 1147917
1147996 1148725
1148801 1149838
1149914 1151911
1152031 1152952
1153056 1155693
1155760 1157958
1158063 1158455
1158547 1160964
1161060 1167179
1167246 1169656
1169741 1170264
1170356 1170540
1170616 1176952
1177021 1177231
1177387 1178929
1179002 1179588
1179660 1180559
1180632 1181676
1181787 1182446
1182513 1183531
1183597 1184359
1184429 1193956
1194048 1194204
1194272 1194812
1194942 1196519
1196595 1198388
1198491 1212918
1213001 1213563
1213630 1213778
1213845 1214843
1214915 1216127
1216210 1219283
1219368 1220007
1220101 1222203
1222286 1222644
1222733 1223938
1224006 1230505
1230581 1232195
1232269 1232402
1232475 1233323
1233578 1233685
1233761 1233953
1234043 1234998
1235075 1238158
1238238 1238530
1238624 1239315
1239381 1248286
1248384 1250141
1250225 1251872
1251959 1252477
1252546 1252613
1252805 1253212
1253280 1253402
1253472 1254628
1254694 1254788
1254977 1255443
1255529 1256236
1256317 1258414
1258488 1260217
1260287 1263792
1263882 1264329
1264395 1267209
1267320 1267494
1267581 1268390
1268494 1273233
1273314 1273928
1274005 1275877
1275999 1277236
1277304 1278479
1278546 1280036
1280114 1281082
1281151 1281720
1281795 1282941
1283036 1284568
1284640 1285408
1285492 1288157
1288230 1288897
1289012 1289657
1289730 1291192
1291278 1292973
1293039 1293369
1293435 1294346
1294535 1295365
1295436 1297374
1297445 1297582
1297662 1297734
1297803 1297887
1297954 1299484
1299555 1300227
1300297 1300434
1300517 1302421
1302505 1303421
1303499 1305442
1305509 1306142
1306230 1307043
1307155 1308544
1308635 1310478
1310547 1311545
1311611 1313264
1313463 1316671
1316737 1320757
1320841 1323286
1323378 1338320
1338387 1338559
1338672 1344209
1344278 1345027
1345106 1345630
1345702 1349127
1349244 1359238
1359344 1364826
1364893 1374187
1374258 1380670
1380739 1382305
1382411 1383334
1383415 1384341
1384470 1401475
1401557 1404414
1404482 1406491
1406564 1409155
1409224 1412063
1412135 1413221
1413288 1413667
1413737 1414241
1414328 1414861
1414953 1420584
1420718 1421122
1421217 1421286
1421377 1425250
1425322 1425435
1425675 1426759
1426829 1427260
1427335 1429299
1429371 1429727
1429811 1431406
1431481 1433317
1433497 1440757
1440824 1441059
1441140 1442335
1442425 1443006
1443084 1443244
1443333 1443506
1443592 1448802
1448917 1458336
1458406 1458759
1458851 1465224
1465291 1471078
1471164 1477373
1477444 1488356
1488510 1489298
1489367 1489855
1489926 1490282
1490351 1490733
1490809 1490871
1490981 1491750
1491818 1492078
1492164 1493319
1493400 1493906
1493974 1494589
1494701 1495514
1495582 1498285
1498366 1498874
1498959 1499719
1499795 1501489
1501570 1505664
1505738 1507010
1507105 1510394
1510461 1511517
1511610 1511659
1511737 1512419
1512485 1513730
1513799 1513930
1514021 1515776
1515869 1516384
1516468 1520912
1520993 1522390
1522462 1525181
1525257 1525590
1525657 1526574
1526661 1526786
1526857 1527057
1527171 1529907
1529974 1530687
1530754 1535237
1535328 1535849
1536033 1536962
1537047 1538454
1538527 1544957
1545025 1546343
1546410 1548113
1548192 1552704
1552792 1557664
1557736 1559584
1559652 1560448
1560521 1576391
1576524 1578610
1578685 1590241
1590309 1590528
1590615 1590891
1590974 1591179
1591245 1597515
1597582 1598427
1598502 1608287
1608357 1608803
1608881 1610499
1610578 1611819
1611885 1614723
1614810 1616830
1616899 1617308
1617384 1622601
1622683 1623531
1623605 1624954
1625022 1625566
1625632 1627438
1627523 1629492
1629576 1631317
1631459 1634259
1634331 1635433
1635531 1635745
1635943 1638556
1638642 1639299
1639384 1641364
1641466 1645861
1645961 1646603
1646690 1646916
1646982 1647101
1647175 1647286
1647353 1648177
1648244 1649023
1649227 1649319
1649418 1650491
1650564 1655912
1655978 1659888
1659992 1661488
1661556 1661673
1661740 1662476
1662619 1663475
1663542 1665916
1666002 1666446
1666513 1666645
1666820 1667043
1667131 1667334
1667406 1667583
1667652 1669958
1670028 1671450
1671550 1673422
1673591 1673949
1674018 1674114
1674180 1674597
1674698 1675346
1675430 1675903
1675970 1676035
1676121 1679600
1679684 1681354
1681428 1689997
1690088 1692883
1692969 1697217
1697284 1699703
1699787 1700613
1700687 1702711
1702785 1703243
1703321 1703457
1703538 1706315
1706393 1706523
1706589 1707388
1707512 1708587
1708657 1709887
1709973 1710231
1710419 1710685
1710819 1711240
1711313 1711516
1711592 1712321
1712388 1714415
1714488 1715423
1715489 1715954
1716036 1717224
1717290 1724210
1724296 1736298
1736373 1736901
1736970 1741584
1741667 1742724
1742801 1743022
1743098 1744952
1745018 1751278
1751377 1756893
1756974 1757997
1758079 1758877
1758944 1760790
1760864 1767112
1767180 1767441
1767526 1767886
1767969 1771410
1771501 1776309
1776399 1784104
1784175 1789241
1789319 1789846
1789915 1791362
1791453 1810682
1810758 1813666
1813744 1814095
1814196 1815216
1815284 1816086
1816156 1817197
1817268 1818679
1818752 1824227
1824313 1825278
1825479 1828460
1828543 1842045
1842114 1852285
1852374 1852880
1852965 1853304
1853373 1854551
1854617 1855617
1855714 1856341
1856415 1857360
1857435 1858263
1858343 1859924
1859993 1861408
1861494 1863000
1863079 1863732
1863817 1864184
1864253 1865355
1865422 1865736
1865819 1870099
1870181 1871228
1871297 1874925
1874997 1876354
1876422 1878877
1878948 1879123
1879213 1880642
1880748 1880914
1880994 1881045
1881126 1882083
1882187 1886623
1886696 1890439
1890512 1894365
1894433 1896315
1896403 1900561
1900678 1901016
1901097 1901590
1901720 1906927
1906997 1908685
1908751 1910101
1910171 1910736
1910833 1913563
1913632 1913780
1913860 1917829
1917899 1921753
1921834 1924951
1925028 1926220
1926326 1927443
1927558 1928303
1928377 1928470
1928537 1929962
1930028 1931780
1931853 1932834
1932914 1933265
1933346 1935514
1935590 1936376
1936458 1936783
1936872 1937492
1937625 1938231
1938297 1942072
1942140 1942879
1942945 1943178
1943248 1943468
1943539 1943662
1943740 1943891
1943957 1953953
NC_057382.1
1 28503
28584 30092
30170 31489
31565 33078
33156 48449
48524 49305
49397 49612
49696 66054
66130 67288
67358 68209
68275 70738
70810 72139
72234 73215
73290 74208
74275 78211
78279 78730
78807 81339
81410 81467
81533 82330
82402 82472
82557 83653
83740 83957
84027 84946
85020 86016
86189 86936
87003 87215
87296 93958
94050 94442
94508 95944
96030 102238
102339 103224
103365 103497
103657 104597
104680 104980
105065 105329
105500 107654
107721 107880
107949 108873
108940 109407
109505 110386
110466 111073
111169 112551
112666 113373
113442 114836
114928 116603
116679 117055
117124 117349
117438 117793
117876 118348
118430 119987
120056 120558
120706 120857
120923 121552
121630 122363
122484 123234
123346 125409
125494 129157
129228 130587
130655 132346
132420 137123
137193 140318
140404 142534
142602 147709
147809 154240
154322 188607
188675 189489
189566 190289
190501 191952
192019 192959
193031 193389
193459 198398
198471 209141
209241 209975
210066 210230
210307 210707
210786 216215
216283 216355
216422 216759
216839 217373
217475 218778
218847 228648
228716 241432
241583 245265
245345 246655
246742 249284
249351 249539
249610 250991
251074 260175
260252 262633
262718 263837
263917 272382
272455 275089
275155 284849
284934 286053
286122 288990
289077 290751
290822 292598
292683 293849
293959 294610
294715 296587
296654 300322
300388 301941
302021 302415
302481 311861
311950 315465
315541 319166
319235 319380
319450 321211
321299 321351
321417 323872
323944 327335
327410 329263
329361 333420
333501 334654
334723 335091
335182 338276
338343 339741
339825 344872
344952 349000
349088 349570
349664 356577
356696 357498
357566 358515
358583 360169
360270 403026
403110 410502
410579 415832
415901 419287
419357 420350
420424 420490
420582 420685
420817 421164
421233 425074
425147 427702
427799 428114
428189 428945
429020 430884
430952 431549
431619 434112
434181 436159
436235 436613
436708 439153
439233 447928
448004 449187
449255 449557
449634 450212
450291 451291
451410 453161
453244 454717
454783 457443
457544 461741
461814 462904
462971 463322
463397 465172
465259 466108
466247 469353
469424 475201
475267 475663
475733 476390
476460 479893
479972 480188
480267 480602
480668 481467
481557 481637
481703 482847
482919 483083
483231 486108
486206 488064
488153 488658
488761 490925
491010 491756
492033 493239
493307 493601
493735 498922
499003 499685
499769 499883
499979 503524
503616 504806
504877 516006
516085 519504
519577 520990
521056 521397
521473 521598
521665 521775
521862 525766
525834 529546
529711 532720
532792 533522
533615 535485
535555 539229
539297 541100
541178 542311
542484 547372
547443 551096
551173 551974
552067 552734
552804 553321
553397 555743
555816 559560
559627 562199
562270 564861
564931 579604
579684 580558
580648 590357
590427 592425
592521 596150
596221 609680
609748 611363
611436 612173
612242 614192
614261 616782
616858 617696
617787 717252
717340 718269
718357 721070
721141 721733
721801 722008
722083 724128
724194 726756
726825 727217
727291 727697
727777 731955
732049 732101
732171 732479
732564 734798
734871 735795
735863 736114
736180 737102
737183 737411
737483 738683
738753 886542
886613 888444
888510 891674
891742 895692
895761 895866
895955 896651
896738 897001
897075 902721
902794 904559
904673 913288
913374 916056
916139 920324
920399 921460
921529 921671
921738 928352
928435 930573
930663 930993
931062 931944
932029 934790
934859 935767
935911 937677
937755 939963
940032 940850
940920 943984
944056 949697
949785 949900
950035 950567
950660 951115
951181 952086
952156 952556
952641 952702
952801 952990
953217 954485
954570 954686
954766 955166
955335 955460
955536 955869
955955 956062
956244 956345
956415 957657
957729 957992
958064 958386
958452 959587
959669 960175
960243 961372
961438 963522
963646 964193
964269 965908
965988 966821
966889 969545
969625 971530
971613 973648
973722 974482
974561 975584
975686 977225
977326 977814
977901 977985
978052 979013
979087 979896
979975 981128
981198 981287
981372 982773
982840 983646
983790 985586
985657 986427
986493 986759
986831 988300
988372 988887
988970 990455
990527 990611
990677 990814
990883 991594
991807 992262
992335 994260
994330 995635
995704 997283
997351 1001367
1001435 1001811
1001877 1003377
1003668 1003801
1003877 1006176
1006252 1009445
1009514 1010599
1010685 1010878
1010976 1013522
1013622 1016102
1016180 1018765
1018860 1023422
1023503 1024234
1024338 1025351
1025484 1025981
1026054 1026588
1026657 1026833
1026908 1027894
1028073 1030136
1030219 1030948
1031015 1033627
1033697 1034527
1034595 1035064
1035132 1036110
1036208 1036823
1036891 1036951
1037060 1037614
1037682 1039319
1039406 1039822
1039916 1040746
1040830 1042605
1042672 1042855
1042937 1042998
1043099 1043685
1043761 1045718
1045808 1046240
1046307 1049609
1049687 1049860
1049941 1050294
1050379 1052790
1052866 1053415
1053481 1053644
1053713 1059416
1059572 1067913
1067980 1070807
1070894 1080432
1080520 1080808
1080880 1080930
1081025 1081384
1081450 1082868
1082974 1083345
1083434 1083982
1084142 1084677
1084758 1087063
1087134 1087913
1087996 1089473
1089541 1090217
1090300 1092784
1092851 1094596
1094667 1095145
1095214 1098432
1098505 1098659
1098731 1101546
1101634 1102505
1102607 1103840
1103907 1104235
1104414 1104868
1104937 1105271
1105364 1107383
1107485 1111753
1111822 1117428
1117523 1118011
1118077 1122509
1122575 1130354
1130424 1131288
1131382 1141529
1141615 1142799
1142877 1143289
1143359 1150144
1150216 1151111
1151186 1155783
1155859 1165809
1165889 1169155
1169227 1183841
1183940 1185337
1185404 1187761
1187828 1188860
1188934 1192781
1192849 1194381
1194467 1199491
1199568 1201222
1201325 1214201
1214285 1215090
1215163 1215497
1215564 1215753
1215838 1217220
1217287 1217576
1217655 1217789
1217879 1218394
1218469 1220932
1221008 1223031
1223122 1223199
1223275 1229626
1229701 1235935
1236014 1252221
1252299 1260592
1260661 1267052
1267118 1275688
1275770 1277668
1277824 1282971
1283039 1284852
1284961 1286268
1286334 1292945
1293020 1295071
1295164 1296689
1296767 1306348
1306415 1308089
1308156 1309191
1309268 1309618
1309719 1310386
1310457 1311683
1311750 1311809
1311875 1312535
1312602 1313028
1313095 1313279
1313356 1314377
1314448 1315452
1315535 1319189
1319286 1320236
1320381 1320456
1320540 1320874
1320944 1323137
1323209 1323517
1323588 1327130
1327196 1328860
1328934 1330396
1330494 1332969
1333041 1333611
1333684 1334284
1334352 1335538
1335628 1335978
1336070 1337921
1337988 1340274
1340340 1342055
1342151 1344182
1344266 1344832
1344905 1345104
1345175 1346198
1346267 1352843
1352931 1354371
1354451 1398479
1398547 1400947
1401017 1411126
1411200 1412635
1412748 1412800
1412866 1422517
1422587 1424107
1424180 1424442
1424534 1425039
1425106 1425234
1425303 1428586
1428652 1430985
1431059 1432449
1432517 1438309
1438385 1441241
1441331 1444303
1444373 1445599
1445714 1449125
1449205 1449302
1449479 1451493
1451570 1452267
1452342 1454236
1454304 1458779
1458847 1460613
1460679 1461495
1461568 1466128
1466195 1470863
1470967 1473108
1473195 1481125
1481194 1485641
1485711 1489145
1489226 1489972
1490048 1494544
1494631 1496420
1496493 1498578
1498647 1502885
1502952 1505105
1505179 1507658
1507754 1508189
1508260 1510800
1510975 1512562
1512630 1513428
1513510 1535411
1535494 1537973
1538048 1542832
1542899 1546839
1546910 1562810
1562903 1565264
1565333 1567772
1567859 1570701
1570778 1576629
1576716 1577371
1577478 1577745
1577838 1582584
1582669 1582860
1582928 1584223
1584289 1584500
1584573 1585805
1585910 1589999
1590096 1591280
1591356 1597278
1597349 1607623
1607729 1610630
1610706 1611918
1611990 1613609
1613681 1616050
1616131 1617998
1618066 1623776
1623852 1624004
1624072 1628021
1628094 1628263
1628334 1629935
1630034 1632457
1632528 1635514
1635586 1636418
1636488 1638489
1638572 1641389
1641463 1642530
1642597 1642943
1643046 1644884
1644951 1645784
1645858 1646821
1646903 1648480
1648550 1649182
1649260 1652742
1652815 1653081
1653152 1655905
1655974 1665732
1665804 1667859
1667931 1674326
1674393 1674587
1674691 1678420
1678512 1683997
1684063 1686870
1686945 1690607
1690720 1692218
1692294 1693177
1693243 1695876
1695961 1697673
1697740 1702037
1702113 1702353
1702419 1713473
1713557 1716652
1716719 1718383
1718480 1721991
1722083 1724657
1724723 1724898
1724970 1729710
1729789 1738532
1738611 1738682
1738760 1743596
1743662 1750546
1750613 1752677
1752751 1754023
1754104 1757419
1757518 1760099
1760181 1760309
1760383 1760955
1761023 1764198
1764267 1764778
1764852 1765339
1765421 1766021
1766114 1768282
1768364 1768483
1768587 1768694
1768785 1770395
1770474 1771436
1771656 1772291
1772396 1775075
1775183 1775985
1776052 1776552
1776622 1778270
1778343 1779143
1779230 1788012
1788118 1792968
1793036 1800510
1800618 1804392
1804464 1812062
1812144 1812528
1812629 1816506
1816573 1822032
1822211 1822614
1822718 1823292
1823463 1823571
1823640 1823771
1823863 1824360
1824442 1824659
1824756 1824977
1825045 1826349
1826418 1827779
1827855 1829462
1829529 1830201
1830292 1832637
1832795 1833962
1834067 1834874
1834943 1835152
1835237 1835483
1835552 1837018
1837099 1838633
1838711 1841751
1841833 1842289
1842370 1843118
1843208 1843376
1843461 1844203
1844280 1845917
1845986 1850489
1850562 1850855
1850929 1851520
1851602 1851685
1851762 1853005
1853250 1853996
1854066 1854658
1854735 1856670
1856745 1858606
1858690 1860412
1860496 1860822
1860893 1861453
1861530 1862553
1862715 1864512
1864666 1865069
1865144 1866418
1866491 1867416
1867485 1868288
1868367 1868943
1869011 1872695
1872782 1874855
1874930 1875615
1875696 1877763
1877864 1878431
1878516 1879003
1879083 1879537
1879622 1879975
1880051 1883447
1883513 1884242
1884329 1888639
1888712 1889738
1889804 1893346
1893416 1894404
1894496 1897255
1897336 1904413
1904497 1908483
1908641 1909279
1909349 1909764
1909853 1910868
1910940 1911196
1911263 1915155
1915231 1921988
1922070 1923085
1923153 1924128
1924203 1924396
1924472 1926214
1926283 1927147
1927229 1929757
1929840 1931022
1931096 1934038
1934115 1936123
1936189 1939016
1939102 1940687
1940775 1946007
1946083 1950495
1950626 1956056
1956136 1969616
1969697 1974494
1974565 1975742
1975816 1976688
1976852 1978963
1979031 1986093
1986163 1989959
1990027 1992627
1992697 1992832
1992905 1993065
1993137 1995735
1995804 2007128
2007198 2030647
2030755 2031619
2031700 2032879
2032948 2038553
2038686 2040404
2040514 2040952
2041031 2041288
2041356 2042493
2042585 2043139
2043220 2045190
2045261 2047035
2047125 2050928
2050997 2055516
2055610 2056702
2056771 2058273
2058339 2059336
2059423 2060170
2060243 2069127
2069198 2069803
2069881 2074796
2074871 2094225
2094292 2094771
2094842 2097811
2097891 2098243
2098319 2100864
2100930 2102820
2102891 2107216
2107302 2109735
2109828 2110461
2110531 2111660
2111732 2113054
2113142 2123271
2123341 2125020
2125104 2129315
2129387 2130536
2130605 2134254
2134343 2143215
2143319 2147169
2147241 2148404
2148481 2148772
2148848 2151936
2152032 2154318
2154393 2156251
2156322 2158787
2158874 2159145
2159213 2159806
2159896 2161490
2161558 2162655
2162722 2163380
2163459 2164487
2164581 2164744
2164811 2165385
2165462 2165673
2165740 2165930
2166020 2167986
2168060 2168590
2168687 2169392
2169476 2169857
2169952 2170982
2171064 2171977
2172074 2174582
2174650 2175056
2175122 2176698
2176764 2178059
2178129 2178479
2178546 2179215
2179307 2179658
2179733 2180548
2180618 2181615
2181711 2182134
2182204 2182861
2182933 2187266
2187334 2187757
2187824 2187941
2188019 2189865
2189938 2190614
2190700 2191393
2191470 2191600
2191680 2192709
2192816 2197885
2197951 2200305
2200387 2201089
2201174 2210088
2210160 2216381
2216450 2217598
2217668 2217781
2217864 2218446
2218576 2219160
2219242 2220814
2220924 2221490
2221560 2221875
2221948 2222179
2222375 2222456
2222523 2223782
2223880 2224065
2224146 2224203
2224271 2225535
2225602 2228305
2228389 2228912
2228986 2231163
2231265 2233447
2233551 2237344
2237413 2244815
2244932 2253282
2253362 2260053
2260139 2261493
2261561 2261626
2261694 2261880
2261965 2264217
2264303 2264802
2264877 2271624
NC_057383.1
1 7267
7346 9883
9957 12262
12340 23219
23300 24858
25034 26229
26295 26414
26480 27914
28012 30364
30457 31129
31195 32313
32389 33298
33386 35398
35470 42945
43016 43211
43297 43513
43603 44165
44239 45769
45865 49230
49304 51431
51503 52103
52169 52434
52513 52723
52790 55875
55958 56824
56907 58536
58631 59716
59785 64499
64571 67244
67312 69965
70056 72508
72582 76795
76887 77340
77416 77682
77770 78082
78160 83875
84051 88318
88385 88837
88907 91893
91963 92794
92860 98087
98169 99400
99474 101320
101394 101499
101568 102015
102081 104473
104556 109045
109116 112514
112617 112674
112753 115159
115226 115783
115856 116203
116285 117975
118051 119258
119335 124628
124696 125788
125855 129890
129963 130268
130338 131306
131376 132012
132087 138543
138611 139188
139264 144730
144819 149980
150057 150191
150264 153042
153114 153349
153416 154550
154622 155494
155712 165634
165702 181248
181317 188553
188657 190895
190966 196411
196486 201138
201209 201877
201973 202410
202496 204156
204246 206865
206955 207389
207459 207661
207744 208337
208403 209470
209577 211049
211174 212208
212282 212483
212559 213683
213808 214587
214661 214751
214938 215623
215691 218292
218362 218419
218511 219673
219750 219956
220037 220706
220790 220950
221024 221184
221270 221772
221841 222184
222255 222467
222553 223096
223165 223529
223596 223775
223859 223936
224005 224554
224775 225331
225400 228160
228230 228626
228708 244408
244476 246596
246677 248811
248881 250411
250506 251474
251548 251794
251865 253001
253181 254025
254113 256027
256093 258374
258476 260622
260702 261776
261842 263507
263582 265493
265568 266941
267009 267196
267284 268714
268783 275076
275161 276309
276379 278141
278226 280156
280238 284534
284605 288181
288253 289556
289628 290866
290951 291471
291549 291699
291775 296453
296528 303497
303581 305400
305475 312067
312138 313359
313425 315524
315606 316885
316965 320393
320486 323459
323535 323760
323831 330978
331045 331384
331468 338491
338560 348092
348164 350400
350469 351920
351991 352791
352864 355383
355491 356849
356915 357792
358011 360839
360909 363022
363106 365473
365598 365892
365976 368284
368378 369767
369833 370729
370795 371115
371193 371336
371422 374488
374578 376418
376485 379091
379162 381692
381763 386060
386126 387853
387920 392334
392413 392887
392953 393550
393754 395235
395321 395650
395743 397745
397811 398945
399015 399073
399141 400571
400660 401274
401344 402299
402392 407800
407871 408930
408996 409987
410067 412298
412365 412427
412498 416181
416265 423447
423515 427297
427365 427502
427584 428553
428650 429507
429599 430716
430787 431870
432012 432331
432404 433934
434003 435012
435095 436890
437022 438876
438963 439468
439587 440095
440167 441241
441310 442230
442296 443157
443231 448654
448723 456928
457015 458419
458495 459362
459454 459706
459848 460609
460690 460881
461060 461944
462061 462316
462402 462549
462638 466193
466260 469884
469951 470666
470744 472746
472816 474947
475048 475744
475820 476047
476121 477425
477545 478158
478235 479972
480039 480214
480284 481757
481840 485458
485526 488137
488204 488925
489009 489518
489593 489904
489971 490023
490089 490484
490550 491208
491284 493686
493755 495549
495615 498553
498643 499632
499698 499803
499869 500294
500363 501300
501400 504023
504095 504147
504244 504457
504550 504950
505039 506196
506269 511433
511499 512865
512941 514012
514085 514845
514923 515066
515155 517313
517379 518371
518445 519088
519166 535009
535078 539230
539370 540577
540670 542585
542667 544866
544952 547485
547672 548329
548401 558700
558786 559346
559494 559607
559695 559813
559890 561442
561514 565318
565398 566440
566622 567945
568026 569129
569215 570762
570838 571742
571821 573064
573137 574146
574215 574567
574633 575821
575895 581307
581481 583240
583307 583504
583578 585380
585459 589372
589452 591529
591595 593214
593315 595687
595758 595928
595997 596047
596118 603488
603567 607120
607198 609070
609136 609407
609488 610826
610899 612987
613068 614727
614844 615339
615410 618303
618457 618610
618686 619495
619573 620186
620285 621129
621231 624403
624480 625702
625779 628633
628701 630837
630909 631778
631875 635514
635588 637699
637783 640182
640265 644044
644110 647282
647351 651228
651317 656791
656872 660804
660871 665394
665488 670958
671039 671582
671675 671984
672051 672307
672373 672580
672647 673802
673871 674063
674144 675212
675318 676624
676694 678087
678235 681365
681475 681688
681790 682216
682328 695392
695460 695784
695891 697129
697202 699987
700061 700240
700405 700787
700868 701777
701875 702875
702943 703059
703149 703524
703613 708964
709033 710443
710513 711264
711334 711967
712034 713137
713216 713390
713458 714763
714850 714979
715050 715856
715928 716897
716975 717719
717792 718480
718569 718968
719045 720444
720516 723687
723768 723847
723946 724086
724172 724379
724476 725333
725425 726037
726112 726628
726704 736551
736652 738226
738297 739907
739985 746264
746340 748603
748679 748803
748874 751097
751164 760022
760099 763699
763768 763915
763982 768259
768329 771101
771189 771496
771564 773531
773606 773737
773803 774187
774267 774716
774902 777673
777752 781442
781539 784109
784178 784290
784367 786956
787029 787117
787192 787264
787331 787591
787657 789114
789181 789636
789708 791554
791633 792381
792459 792606
792674 793394
793475 794559
794640 797248
797320 797866
797942 798546
798636 799194
799270 801667
801739 802939
803008 810092
810183 810604
810672 814254
814320 817261
817375 822336
822450 824082
824182 832933
833002 833061
833139 833505
833578 835319
835415 837464
837538 837753
837837 838771
838839 841340
841417 843536
843603 845446
845520 851402
851470 857900
857968 858382
858453 860142
860212 860643
860713 860775
860841 861028
861111 861587
861672 862708
862788 863691
863802 863941
864008 864658
864780 864953
865033 865420
865504 865902
865970 866355
866443 868155
868298 869413
869486 869871
869947 870312
870390 870740
870806 871764
871838 872842
872912 873562
873645 874006
874078 874361
874428 875255
875324 883973
884041 886332
886445 886688
886755 888587
888659 889534
889600 890550
890638 890894
890988 891086
891176 892572
892649 893162
893258 901428
901498 902645
902726 904095
904175 907725
907794 917023
917233 918794
918880 920885
921054 922642
922708 923760
923935 924620
924702 925560
925650 926446
926527 927060
927132 929477
929554 929992
930061 938061
938129 945038
945116 948428
948504 950153
950228 950500
950569 952994
953069 962522
962593 967237
967318 969107
969173 969740
969807 973419
973485 974802
974952 975029
975106 977031
977145 984917
984998 991622
991694 992363
992438 995060
995127 997437
997511 999242
999342 1020003
1020074 1022660
1022741 1022905
1022985 1023153
1023281 1024175
1024282 1025119
1025198 1025688
1025823 1027510
1027577 1028365
1028432 1031235
1031305 1034956
1035024 1035623
1035724 1040333
1040416 1041745
1041814 1042191
1042293 1043176
1043271 1043614
1043680 1044353
1044425 1045388
1045465 1046125
1046211 1048820
1048901 1049982
1050067 1050168
1050235 1051171
1051245 1052125
1052237 1052362
1052437 1053845
1054023 1057381
1057473 1064217
1064298 1067020
1067128 1072692
1072771 1073627
1073693 1076303
1076382 1079288
1079366 1079905
1079985 1081542
1081608 1083748
1083822 1084723
1084798 1086214
1086300 1092352
1092471 1092757
1092833 1098537
1098636 1099249
1099335 1099962
1100037 1100467
1100534 1100896
1100962 1117121
1117192 1121918
1121990 1122082
1122238 1125099
1125169 1129957
1130052 1131125
1131210 1140678
1140753 1141415
1141497 1141840
1141914 1143010
1143079 1145044
1145176 1145341
1145416 1153042
1153117 1153730
1153798 1163536
1163611 1165029
1165096 1166677
1166780 1167939
1168006 1170902
1170972 1171451
1171533 1171617
1171685 1173089
1173157 1175247
1175324 1176071
1176148 1176545
1176614 1176844
1176919 1179244
1179420 1188543
1188640 1191971
1192037 1192984
1193098 1193604
1193673 1198844
1198915 1199217
1199313 1202408
1202485 1206464
1206530 1211196
1211283 1213343
1213416 1224429
1224507 1224997
1225071 1225879
1225947 1233747
1233814 1238493
1238565 1242524
1242606 1243550
1243618 1247349
1247417 1247691
1247770 1251875
1251947 1253934
1254030 1256580
1256649 1257787
1257892 1258505
1258578 1261128
1261217 1263659
1263776 1266227
1266317 1268033
1268120 1269302
1269370 1269731
1269808 1270392
1270462 1271934
1272001 1272250
1272334 1272481
1272606 1273164
1273230 1273459
1273530 1274225
1274292 1274433
1274543 1274842
1274908 1274966
1275156 1275874
1275942 1276752
1276846 1280203
1280307 1282917
1282984 1284599
1284673 1285046
1285120 1293732
1293871 1294603
1294699 1298262
1298373 1307115
1307183 1313546
1313614 1314935
1315006 1315672
1315767 1317334
1317427 1318077
1318148 1319113
1319179 1320680
1320749 1321049
1321121 1322725
1322797 1323813
1323880 1324040
1324125 1326650
1326822 1328162
1328318 1334735
1334818 1336053
1336150 1339144
1339214 1340020
1340151 1340326
1340394 1342150
1342222 1342682
1342752 1345265
1345339 1346254
1346323 1347463
1347545 1350030
1350117 1351504
1351623 1352199
1352268 1354894
1354968 1356130
1356200 1360317
1360424 1361228
1361313 1361861
1361935 1362286
1362376 1364066
1364246 1364563
1364632 1364783
1364862 1368695
1368762 1376125
1376196 1376297
1376382 1378178
1378328 1378502
1378583 1378946
1379023 1380229
1380298 1382028
1382096 1386531
1386597 1389708
1389782 1390651
1390729 1391781
1391931 1392527
1392600 1392813
1392890 1397189
1397273 1397842
1398002 1399164
1399232 1421705
1421809 1424928
1425005 1426217
1426283 1427015
1427098 1430290
1430356 1433002
1433073 1434975
1435043 1464846
1464912 1477851
1477944 1484186
1484307 1485281
1485380 1491389
1491466 1493756
1493840 1504948
1505016 1523170
1523242 1527407
1527512 1530416
1530613 1530802
1530875 1531321
1531391 1534054
1534138 1534683
1534756 1535983
1536066 1538415
1538485 1547025
1547093 1552672
1552771 1554304
1554400 1570478
1570551 1573988
1574056 1575692
1575769 1577574
1577676 1578535
1578602 1578730
1578800 1580372
1580453 1581481
1581585 1582330
1582409 1583521
1583591 1583863
1583932 1594700
1594775 1599289
1599362 1600694
1600771 1602998
1603079 1603133
1603334 1603985
1604138 1605440
1605507 1610020
1610087 1624264
1624357 1628927
1629003 1633060
1633146 1648103
1648174 1648836
1648917 1649089
1649191 1658560
1658633 1664574
1664654 1667390
1667459 1668426
1668500 1668882
1668951 1682299
1682401 1692872
1692938 1694026
1694142 1695358
1695445 1698927
1699014 1699759
1699834 1701107
1701189 1702086
1702166 1702458
1702539 1703301
1703368 1703540
1703615 1704104
1704183 1708076
1708160 1709750
1709910 1710104
1710175 1712358
1712432 1713141
1713229 1713359
1713448 1713534
1713622 1715789
1715966 1716128
1716222 1716866
1716939 1718147
1718224 1718465
1718584 1718902
1718978 1720144
1720220 1721454
1721538 1721945
1722021 1722433
1722525 1728633
1728701 1731796
1731889 1732036
1732112 1733766
1733834 1734057
1734221 1737223
1737302 1737771
1737848 1738825
1738932 1739273
1739354 1740235
1740306 1740433
1740500 1742582
1742661 1742762
1742849 1743983
1744071 1744405
1744521 1746909
1746976 1747578
1747668 1749406
1749481 1753357
1753450 1754056
1754135 1754629
1754733 1754929
1755118 1757404
1757499 1757559
1757631 1758746
1759005 1759785
1759948 1760848
1760916 1761200
1761406 1761622
1761728 1761780
1761901 1762165
1762284 1763117
1763209 1763504
1763720 1764056
1764173 1764513
1764585 1765018
1765093 1765391
1765522 1765625
1765691 1766573
1766659 1766714
1766809 1767257
1767362 1767572
1767768 1768571
1768641 1768757
1768849 1768907
1768990 1769452
1769520 1770322
1770444 1770573
1771015 1771349
1771426 1771753
1771848 1772032
1772102 1772214
1772301 1772656
1772732 1773232
1773337 1773864
1773949 1774285
1774359 1774633
1774726 1774798
1774866 1775505
1775590 1776036
1776102 1776280
1776347 1777047
1777149 1777622
1777690 1779790
1779865 1780491
1780574 1781424
1781505 1782851
1782941 1784515
1784605 1785135
1785205 1786708
1786787 1791931
1792020 1813306
1813396 1815980
1816052 1816358
1816445 1817869
1817984 1819089
1819174 1819770
1819844 1822638
1822707 1825633
1825705 1826985
1827069 1827591
1827670 1828618
1828785 1829124
1829194 1829521
1829722 1830557
1830629 1835201
1835268 1835704
1835788 1837802
1837872 1839077
1839143 1841125
1841206 1841422
1841512 1843930
1843998 1850545
1850614 1851517
1851595 1852913
1853017 1853990
1854056 1855084
1855157 1857376
1857459 1859143
1859227 1860617
1860690 1863991
1864059 1873618
1873695 1878683
1878765 1889164
1889241 1895025
1895092 1896395
1896479 1897737
1897810 1897860
1897930 1903944
1904012 1905084
1905171 1907895
1907963 1908993
1909067 1909734
1909803 1910745
1910849 1911786
1911873 1920312
1920382 1921955
1922026 1924889
1924957 1926348
1926419 1927689
1927765 1928131
1928234 1929967
1930048 1932880
1932951 1935759
1935834 1936159
1936227 1939401
1939481 1939553
1939625 1943924
1944006 1951478
1951556 1952097
1952171 1954377
1954454 1954622
1954693 1969092
1969265 1972626
1972725 1973184
1973257 1973739
1973806 1974294
1974397 1974491
1974636 1975521
1975587 1976128
1976208 1976980
1977056 1979925
1980018 1980166
1980273 1981995
1982061 1982414
1982511 1982988
1983058 1983351
1983428 1984381
1984449 1985561
1985631 1986573
1986674 1987823
1987889 1988534
1988624 1988869
1988946 1989348
1989424 1990117
1990184 1990468
1990555 1991169
1991251 1995300
1995369 1995640
1995712 1998028
1998110 1998800
1998871 1999682
1999767 2000349
2000422 2003005
2003082 2006197
2006276 2006354
2006422 2008860
2008953 2009260
2009326 2009674
2009767 2009995
2010064 2010810
2010909 2011006
2011104 2011551
2011626 2012235
2012307 2014075
2014257 2015527
2015599 2016274
2016350 2016635
2016708 2016771
2016908 2017235
2017315 2018122
2018202 2019231
2019394 2019612
2019680 2022356
2022422 2023574
2023645 2024384
2024451 2025048
2025140 2026161
2026227 2026503
2026629 2029887
2029977 2031547
2031622 2031959
2032057 2032270
2032339 2032547
2032691 2033045
2033113 2033181
2033250 2035286
2035361 2036220
2036286 2036375
2036443 2037243
2037317 2037681
2037776 2037917
2038123 2038684
2038756 2039177
2039349 2039704
2039779 2041260
2041326 2044262
2044336 2044960
2045146 2045438
2045602 2046210
2046283 2047971
2048048 2048864
2048939 2049669
2049741 2050262
2050339 2050718
2050787 2051636
2051721 2051867
2051935 2052619
2052686 2055855
2055923 2056198
2056277 2056923
2057022 2057703
2057786 2059357
2059426 2062475
2062541 2065418
2065515 2067543
2067628 2070170
2070236 2071996
2072066 2073425
2073506 2075474
2075551 2075831
2075897 2077282
2077369 2077558
2077718 2078136
2078207 2078311
2078404 2079560
2079634 2080598
2080670 2081663
2081748 2083135
2083212 2083655
2083729 2084106
2084201 2084369
2084442 2085967
2086050 2091787
2091905 2094219
NC_057384.1
1 5739
5817 8109
8193 11605
11671 12299
12401 14621
14695 22137
22209 28235
28306 31384
31469 33277
33352 35588
35660 44289
44356 50568
50657 51022
51110 58020
58090 62568
62641 66306
66388 69054
69149 80309
80379 87114
87209 90529
90632 91999
92073 93721
93795 98357
98433 105169
105239 105747
105825 108619
108763 109138
109210 117524
117593 118447
118527 119553
119633 123790
123863 126807
126897 127210
127283 127607
127674 129414
129482 129703
129789 131824
131957 132707
132776 136565
136639 136872
136957 137054
137157 138937
139072 142741
142834 143838
143926 144075
144178 146240
146317 149043
149121 150187
150265 150506
150581 151384
151587 151851
151919 152328
152447 152927
153015 153538
153750 153820
153887 154691
154783 156935
157018 157597
157685 158407
158480 159051
159119 159300
159396 161738
161821 163486
163678 164223
164291 166400
166498 166643
166709 168107
168295 169286
169361 173740
173839 175002
175077 177853
177930 180395
180469 187896
187965 189824
189890 193162
193241 194472
194541 197513
197587 197648
197731 197916
198028 199408
199485 200224
200295 200951
201021 204192
204265 204411
204486 206087
206166 207380
207472 207798
207887 208269
208335 209942
210008 212020
212111 212180
212246 212451
212526 215653
215729 215864
215948 216529
216610 217411
217485 217578
217673 218976
219052 219105
219187 220509
220580 231091
231163 231498
231568 234629
234702 236812
236887 237852
237918 238990
239061 240048
240126 241629
241803 241884
241972 245854
245921 278028
278095 279642
279709 281147
281220 285158
285247 289819
289885 291691
291772 294116
294197 305831
305921 311232
311306 318578
318651 331158
331279 336641
336719 340738
340807 346090
346181 349576
349668 350184
350262 350832
350912 352802
352872 355970
356046 358026
358094 360865
360948 361050
361143 362208
362286 363786
363858 367490
367557 368071
368175 369887
370123 371797
371866 377067
377140 379479
379547 381650
381721 388803
388885 389113
389179 389436
389507 396212
396280 396926
397007 398252
398344 399680
399749 421494
421582 426131
426210 435088
435171 436250
436407 437090
437172 449509
449584 455763
455883 457189
457256 461362
461448 476253
476327 479964
480043 481243
481324 481666
481732 482147
482226 489805
489874 490462
490536 492092
492181 499553
499622 504885
504968 508006
508077 512573
512662 516640
516717 517737
517811 518859
518942 519677
519750 520717
520785 521638
521705 524151
524218 525182
525255 526033
526135 529675
529759 532551
532618 533584
533655 537825
537897 538817
538887 540709
540780 541535
541621 542387
542453 545547
545615 546111
546189 552938
553008 555766
555832 556501
556584 561253
561324 565030
565097 574391
574470 575389
575463 577884
577954 581284
581354 582048
582123 583673
583742 588401
588509 589089
589156 596854
596949 598564
598635 600143
600288 600350
600447 600751
600841 601551
601632 602547
602616 603312
603402 604543
604635 607320
607390 612720
612798 614682
614755 617885
617955 624272
624366 625681
625757 626119
626187 626528
626632 632358
632448 633398
633474 633861
633928 635813
635895 638485
638565 639908
639974 640919
640988 642812
642882 643738
643808 644875
644944 645139
645215 645382
645473 646081
646157 650174
650350 656738
656811 657998
658069 658545
658616 661021
661097 666540
666612 667169
667237 667654
667840 669785
669853 671311
671384 674299
674376 674536
674603 676424
676490 676707
676782 677051
677119 678249
678326 679855
679923 690971
691043 694909
694982 696054
696122 697395
697470 698965
699056 700639
700707 700869
700947 701646
701712 702812
702881 704871
704944 705052
705118 706326
706413 710587
710665 710745
710841 711783
711858 714669
714759 717978
718069 718975
719047 719396
719464 720692
720761 722010
722092 722438
722506 724367
724442 726088
726161 726306
726383 727936
728019 728089
728174 732649
732719 733107
733223 733595
733664 734197
734264 734807
734886 741065
741131 741598
741678 751160
751235 754635
754703 763234
763348 768676
768761 776723
776851 778119
778199 786283
786349 788593
788661 791405
791478 805934
806013 806630
806708 809953
810026 828675
828763 831018
831084 833332
833398 834791
834865 835428
835505 841910
842003 846349
846425 847162
847239 848579
848656 853926
854017 856339
856410 862431
862498 863518
863585 865867
865944 868685
868765 883726
883804 896460
896530 904536
904608 905517
905586 908688
908782 917509
917581 919583
919681 921524
921625 921738
921833 922755
922824 925713
925779 926207
926277 927680
927754 928143
928212 928965
929037 929313
929384 929504
929587 929890
929956 930313
930391 930504
930582 931016
931087 932262
932336 933011
933085 934234
934349 935319
935386 935903
935973 936520
936588 937525
937612 937739
937826 938729
938804 939345
939558 941180
941309 941756
942081 942353
942428 943035
943130 943915
943981 945562
945633 946213
946282 946590
946667 947622
947691 948175
948248 950293
950369 952466
952543 953146
953254 954523
954592 955623
955696 956455
956547 956767
956834 958742
958818 959532
959611 962726
962802 962922
963040 964317
964393 965064
965141 965515
965585 965914
965986 966462
966539 967192
967260 968669
968860 969532
969608 970388
970454 972415
972487 972865
972941 974518
974584 974828
974902 975971
976039 976211
976285 976484
976558 976759
976875 977258
977343 977445
977528 979151
979218 979870
979986 981255
981392 982102
982190 982894
983004 983266
983342 983627
983717 984531
984632 984850
984924 985269
985343 985971
986056 986361
986439 986563
986649 987456
987535 989097
989274 989686
989757 990436
990552 991194
991352 991963
992157 992334
992406 992945
993011 993467
993554 994415
994492 994630
994705 994793
994861 994982
995049 995494
995563 995918
995998 996911
996997 999086
999180 1000013
1000081 1000229
1000303 1000397
1000465 1002317
1002389 1004063
1004145 1009234
1009305 1011330
1011401 1019536
1019607 1021766
1021842 1022955
1023037 1024226
1024361 1026663
1026731 1027842
1027913 1030679
1030762 1031191
1031261 1032463
1032533 1032727
1032818 1033499
1033568 1035548
1035631 1035728
1035811 1041505
1041592 1044609
1044676 1044872
1044953 1054054
1054135 1055145
1055216 1055556
1055622 1055807
1055878 1057149
1057446 1057865
1057936 1058852
1058926 1060255
1060351 1060776
1060879 1060946
1061012 1062383
1062460 1063120
1063193 1063696
1063836 1065361
1065442 1065678
1065747 1066392
1066463 1067033
1067140 1067312
1067390 1068546
1068626 1070551
1070620 1072387
1072622 1072837
1072935 1073040
1073132 1074854
1074930 1075774
1075840 1076119
1076289 1076446
1076538 1079284
1079375 1079818
1079927 1080305
1080375 1080846
1080916 1081188
1081268 1081770
1081934 1082886
1082958 1083109
1083193 1084219
1084314 1084737
1084882 1085179
1085252 1085714
1085783 1086774
1086855 1087538
1087634 1087769
1087838 1088178
1088261 1094025
1094119 1104598
1104673 1109329
1109406 1115344
1115436 1117496
1117579 1119052
1119133 1121828
1121993 1122408
1122475 1123035
1123123 1123675
1123742 1124566
1124754 1126162
1126320 1127200
1127284 1127360
1127439 1133971
1134047 1136637
1136709 1139538
1139641 1141841
1141912 1142886
1142964 1146957
1147033 1147949
1148028 1150597
1150664 1152241
1152331 1152824
1152905 1154069
1154154 1154414
1154493 1154853
1154952 1155630
1155738 1155924
1156110 1156315
1156396 1156550
1156790 1157193
1157301 1157519
1157588 1160036
1160116 1161389
1161457 1162268
1162346 1163532
1163600 1167855
1167937 1169124
1169196 1169629
1169704 1169795
1169902 1170846
1170930 1171750
1171910 1174042
1174129 1174955
1175037 1176260
1176331 1176593
1176661 1179900
1179969 1180171
1180381 1180623
1180727 1181592
1181710 1182908
1182974 1185913
1185982 1188360
1188480 1191553
1191653 1193525
1193592 1193684
1193770 1197590
1197658 1199834
1199910 1201327
1201397 1201459
1201553 1201746
1201815 1202685
1202764 1203248
1203324 1205397
1205466 1206152
1206248 1206595
1206666 1206733
1206806 1207414
1207507 1210568
1210637 1213319
1213385 1214715
1214783 1215152
1215262 1217646
1217728 1217795
1217861 1218344
1218414 1218633
1218707 1219181
1219254 1219706
1219774 1220004
1220140 1221230
1221303 1232126
1232193 1235828
1235907 1237032
1237153 1238716
1238786 1239045
1239145 1241685
1241757 1243704
1243784 1244772
1244857 1245182
1245249 1246892
1246965 1247162
1247234 1247716
1247783 1249108
1249176 1249907
1250072 1250455
1250603 1250803
1250884 1251806
1251881 1253515
1253596 1253656
1253916 1255479
1255547 1255905
1255979 1256120
1256213 1256417
1256503 1256779
1256863 1258746
1258825 1260488
1260668 1265281
1265348 1265818
1265900 1267248
1267315 1269309
1269376 1275033
1275113 1275960
1276056 1276531
1276597 1277468
1277539 1277999
1278082 1278830
1278939 1279929
1280000 1280826
1280922 1282155
1282226 1284093
1284168 1285103
1285179 1285401
1285483 1286242
1286317 1286505
1286571 1286782
1287144 1289391
1289527 1289683
1289754 1290034
1290101 1291792
1291884 1292245
1292314 1294814
1295011 1295893
1295964 1296136
1296218 1296319
1296391 1297393
1297467 1298290
1298450 1298583
1298655 1298862
1298928 1301017
1301083 1301360
1301521 1303033
1303176 1303531
1303597 1304485
1304691 1305577
1305707 1307820
1307889 1310347
1310434 1314641
1314708 1319112
1319193 1319630
1319713 1321699
1321788 1323394
1323469 1325464
1325530 1325964
1326043 1327574
1327640 1327706
1327803 1329282
1329349 1331167
1331255 1333449
1333532 1336421
1336488 1338769
1338851 1341815
1341890 1347796
1347869 1348248
1348319 1349546
1349634 1349875
1349941 1351631
1351699 1351775
1351857 1352598
1352670 1357847
1357952 1366128
1366194 1367616
1367705 1367917
1367983 1368104
1368187 1369653
1369738 1371321
1371421 1374665
1374748 1377055
1377121 1377631
1377705 1381989
1382058 1382255
1382330 1384618
1384707 1386260
1386327 1386896
1386986 1387608
1387683 1389038
1389220 1389427
1389507 1389662
1389751 1390162
1390255 1390890
1390973 1391811
1391878 1392423
1392498 1393668
1393765 1394852
1394920 1395276
1395359 1395748
1395822 1396041
1396107 1398085
1398257 1399157
1399230 1399486
1399552 1399674
1399789 1402006
1402074 1412237
1412308 1413799
1413884 1424501
1424570 1430468
1430537 1431395
1431467 1436166
1436248 1438426
1438505 1440442
1440518 1442030
1442096 1442402
1442471 1447553
1447620 1451241
1451307 1456935
1457021 1457831
1457915 1459302
1459394 1460022
1460109 1463163
1463235 1465176
1465254 1467738
1467807 1469594
1469662 1477076
1477169 1483534
1483605 1487844
1487938 1497865
1497954 1502698
1502768 1503613
1503684 1514761
1514828 1515639
1515712 1516325
1516415 1517624
1517695 1520895
1520981 1521778
1521852 1522062
1522130 1522524
1522710 1525510
1525633 1528537
1528621 1530148
1530242 1531990
1532064 1532822
1532965 1535547
1535614 1535861
1535951 1537159
1537225 1537399
1537481 1539071
1539144 1539618
1539694 1540161
1540272 1540552
1540624 1540996
1541063 1551124
1551202 1551521
1551587 1552467
1552548 1554347
1554416 1554906
1554986 1555295
1555448 1558217
1558288 1560380
1560462 1561693
1561762 1562341
1562449 1562643
1562728 1565081
1565147 1572149
1572226 1576419
1576532 1577460
1577526 1579636
1579712 1580135
1580206 1581497
1581571 1585166
1585352 1586636
1586706 1589505
1589581 1591655
1591732 1592862
1592932 1593694
1593775 1596392
1596473 1597670
1597739 1600107
1600177 1600328
1600396 1601546
1601618 1601938
1602007 1602352
1602447 1603162
1603286 1605766
1605834 1606094
1606176 1606438
1606505 1606600
1606673 1606877
1606964 1607429
1607510 1607811
1607893 1608459
1608564 1609804
1609871 1611213
1611289 1612043
1612156 1616211
1616293 1618284
1618357 1625245
1625311 1625830
1625909 1626175
1626253 1629470
1629536 1629928
1630016 1631013
1631102 1631645
1631732 1634025
1634105 1635188
1635259 1636322
1636414 1637500
1637664 1639026
1639097 1641451
1641524 1642858
1642940 1643814
1643885 1643987
1644092 1644204
1644284 1644836
1644912 1645836
1645919 1646358
1646439 1647189
1647257 1647839
1647916 1648540
1648607 1648670
1648753 1649299
1649393 1649620
1649698 1651288
1651474 1651840
1651909 1652604
1652679 1653683
1653749 1656513
1656690 1657326
1657453 1657509
1657597 1664981
1665081 1665322
1665405 1669390
NC_057385.1
1 12726
12796 12924
12991 26585
26653 27063
27133 28837
28916 31343
31409 31695
31767 31987
32061 33552
33625 37565
37632 38213
38280 39817
39884 48708
48775 49252
49320 49637
49710 50009
50085 51599
51674 51822
51895 52162
52277 52855
52933 55249
55325 62630
62720 63271
63361 63436
63521 64476
64562 66873
66940 67855
67945 68353
68423 69665
69751 72323
72398 73330
73415 73473
73689 74133
74207 74596
74664 74965
75044 75378
75447 75784
75897 77203
77295 77578
77646 78320
78392 78834
78903 79020
79087 79278
79356 80470
80554 80809
80897 81591
81742 81954
82035 82324
82497 82719
82824 82995
83073 83312
83446 83557
83644 84023
84110 84307
84463 85700
85795 87726
87796 88262
88408 88497
88576 88974
89041 89391
89471 90598
90719 96789
96884 97915
97987 98965
99080 100459
100536 101367
101451 104712
104805 105418
105510 111217
111308 111745
111827 112557
112623 112910
112987 118853
118919 119251
119415 119828
119894 122299
122367 122942
123010 124267
124347 125069
125137 125347
125416 125751
125818 126032
126120 127115
127181 127347
127414 129007
129100 129691
129758 129819
129988 130227
130308 131051
131152 132461
132531 133341
133415 133880
133954 134668
134749 135590
135666 136215
136309 136369
136441 136597
136682 137288
137450 146480
146553 148137
148298 148903
149007 149553
149619 150532
150601 150799
150879 152900
152966 157752
157820 158541
158640 159705
159822 160061
160139 160407
160497 160876
160951 162036
162106 162366
162453 163101
163167 164533
164677 168728
168798 171405
171504 171849
171919 173789
173859 175274
175341 177214
177289 178184
178253 184530
184606 185422
185488 185830
185914 187162
187283 187363
187435 189118
189189 189410
189610 189695
189775 190009
190124 191211
191280 193286
193435 197706
197777 199428
199513 206464
206531 208720
208793 211907
212011 213382
213468 217633
217718 222689
222759 225791
225869 227737
227803 227871
227940 228029
228118 228228
228294 229716
229782 230057
230140 230200
230266 230346
230425 232638
232717 233033
233100 233267
233350 234695
234766 234897
234985 235140
235228 235596
235663 236082
236149 236369
236451 236632
236780 237536
237605 238341
238408 244545
244615 249139
249205 250476
250548 252350
252419 252641
252710 253302
253437 253832
253903 257945
258029 258324
258391 260218
260291 260579
260652 265367
265439 267128
267196 267671
267745 268573
268650 268763
268830 269593
269660 270109
270192 270837
270903 271137
271218 271752
271828 271995
272093 272751
272817 275442
275587 275643
275713 276662
276741 277718
277784 278603
278676 279892
279980 281134
281203 281947
282015 290388
290471 291397
291468 293339
293421 300342
300409 302374
302442 307698
307764 308544
308652 310480
310647 311131
311197 311456
311598 316865
316949 319413
319483 321122
321188 321329
321415 321956
322054 322687
322766 324021
324093 324196
324271 326807
326881 328401
328480 333798
333880 336512
336578 336822
336916 337627
337694 337943
338055 338543
338615 341184
341271 341821
342027 342102
342213 343195
343294 344368
344455 347366
347443 352237
352327 364315
364384 368747
368820 371135
371219 374620
374690 377459
377539 380179
380278 380937
381006 381329
381405 382188
382261 383812
383896 384706
384780 385491
385559 385766
385854 386212
386282 388276
388348 388885
388953 391074
391145 401721
401807 404450
404530 411138
411299 417858
417927 419434
419520 425576
425668 427465
427531 428047
428135 429105
429177 429315
429390 430788
430867 431114
431205 432397
432481 432820
432889 433202
433268 433497
433570 434730
434798 435119
435187 437781
437949 438769
438847 440851
440927 441333
441415 442399
442663 444440
444511 445448
445528 447438
447520 448654
448752 450468
450536 453594
453665 454069
454153 456806
456884 457642
457712 460052
460118 461594
461672 463380
463448 463595
463694 464997
465077 466994
467098 467427
467501 467943
468020 468685
468751 469744
469817 469979
470045 470408
470525 470582
470652 470734
470817 471758
471842 472180
472256 472554
472624 473463
473532 474668
474740 474953
475032 479037
479107 479201
479275 481909
481976 483601
483679 484708
484797 489898
489970 490376
490449 496321
496394 496917
497014 498076
498143 499224
499291 500678
500749 501024
501114 503831
503899 505889
505979 507364
507433 507593
507659 508080
508160 509634
509703 516608
516676 519144
519226 519589
519657 524022
524103 526298
526368 531400
531485 532651
532735 532794
532869 533484
533572 534963
535073 535156
535228 535762
535829 536285
536355 537290
537385 537988
538054 538152
538218 538852
538918 539164
539256 541031
541111 542001
542071 544097
544174 544675
544742 546292
546395 546985
547065 564486
564563 565149
565223 565878
565950 566847
566922 569293
569425 579199
579284 587900
587972 595999
596098 600663
600747 603050
603121 603707
603779 603841
603916 604440
604508 607322
607392 609859
609935 611578
611647 611831
611912 612926
612993 616836
616949 622931
623005 623441
623507 624056
624128 624193
624268 626053
626126 626285
626367 628009
628154 628761
628848 630625
630718 634078
634271 634423
634505 635159
635241 636856
636938 638947
639054 641060
641131 641399
641488 642879
642947 645248
645314 646616
646691 649311
649383 650431
650532 651868
651947 657505
657571 662094
662194 663003
663074 664527
664609 665497
665591 666715
666797 667406
667475 674947
675017 676158
676228 677762
677830 680744
680816 681228
681342 682283
682353 684226
684298 685061
685137 685834
685933 686088
686162 687987
688062 688390
688457 689123
689196 689291
689357 689440
689506 690328
690396 692395
692463 694238
694338 694855
694922 696681
696748 697223
697332 703813
703900 705361
705437 705731
705811 705911
706000 706313
706398 707518
707587 713085
713168 715574
715654 715999
716073 716857
717017 718113
718180 720092
720171 721493
721563 723310
723377 725496
725572 725754
725825 726604
726709 730107
730198 733351
733424 734218
734301 734628
734718 740679
740747 742257
742323 746262
746330 747202
747270 750072
750143 750394
750461 754284
754357 758332
758399 766911
766983 772753
772821 773203
773276 773486
773566 774793
774864 775823
775894 776003
776069 776321
776388 778898
778982 779153
779230 779878
779948 780985
781051 782514
782590 783812
783907 784172
784242 788639
788705 789016
789085 789412
789569 790568
790642 791312
791607 792619
792695 792830
792906 795562
795664 795987
796082 796502
796597 801100
801166 802986
803053 810777
810875 812679
812756 815978
816057 819300
819378 819608
819688 821611
821700 822790
822901 825257
825332 827274
827380 832770
832837 834368
834456 837256
837323 839466
839532 849509
849596 850526
850613 857063
857132 857189
857256 864981
865071 866051
866118 867680
867750 868819
868886 870618
870694 876248
876323 876790
876862 879541
879614 889783
889862 892218
892296 896787
896875 902457
902566 906300
906370 906644
906727 906844
906925 908154
908226 915489
915579 923828
923902 926127
926193 933894
933975 936697
936787 938609
938679 940555
940623 941410
941495 947509
947616 949991
950076 951400
951466 951832
951903 952099
952171 955350
955426 964825
964903 975104
975173 993502
993575 1002205
1002280 1002384
1002450 1003385
1003455 1003533
1003608 1004960
1005034 1005312
1005384 1005742
1005814 1006077
1006172 1007508
1007577 1007790
1007856 1008077
1008148 1008224
1008304 1008624
1008692 1009326
1009399 1010148
1010224 1014151
1014251 1014673
1014768 1019590
1019680 1020711
1020778 1021225
1021295 1025000
1025089 1027090
1027158 1027465
1027547 1029816
1029892 1031676
1031742 1034843
1034923 1035926
1035992 1036926
1037023 1043741
1043835 1045521
1045598 1046398
1046470 1047016
1047087 1049321
1049413 1054461
1054602 1058695
1058770 1059110
1059179 1061796
1061886 1062040
1062106 1066336
1066419 1069502
1069590 1070204
1070294 1072507
1072591 1074074
1074140 1075151
1075231 1079144
1079218 1080360
1080440 1081893
1081968 1082499
1082567 1083372
1083578 1084370
1084442 1092394
1092505 1097563
1097634 1099539
1099605 1101401
1101467 1104716
1104791 1108420
1108511 1109472
1109557 1112169
1112266 1113495
1113615 1123355
1123422 1124263
1124329 1125944
1126032 1129137
1129214 1129821
1129902 1132174
1132242 1132392
1132536 1134509
1134575 1134827
1134916 1136340
1136413 1144066
1144143 1145519
1145598 1155620
1155690 1157139
1157218 1158888
1158972 1159995
1160078 1162116
1162202 1164555
1164621 1164911
1164998 1167688
1167806 1175773
1175887 1176013
1176125 1176374
1176463 1177332
1177406 1178233
1178388 1179918
1179999 1181474
1181545 1185548
1185656 1191964
1192030 1195891
1195962 1201818
1201924 1204725
1204831 1206618
1206685 1207138
1207207 1208391
1208457 1209112
1209187 1211059
1211128 1212831
1212913 1213702
1213806 1214286
1214357 1215120
1215189 1215845
1215924 1218107
1218184 1218730
1218815 1218981
1219049 1220716
1220787 1230285
1230357 1238426
1238508 1239841
1239936 1243384
1243522 1244123
1244190 1245016
1245115 1250352
1250424 1252314
1252409 1256607
1256681 1258328
1258402 1259501
1259672 1259744
1259830 1260403
1260471 1261634
1261703 1262643
1262729 1263989
1264062 1264380
1264564 1265449
1265524 1266025
1266092 1267191
1267261 1267934
1268000 1269522
1269592 1270204
1270286 1271618
1271684 1271978
1272202 1272329
1272400 1272579
1272645 1272897
1272980 1274253
1274322 1274389
1274489 1274806
1274874 1275379
1275468 1275784
1275852 1276309
1276378 1276990
1277062 1278186
1278266 1278409
1278525 1278908
1278999 1279168
1279358 1279494
1279571 1279828
1279914 1280201
1280275 1280356
1280602 1280982
1281048 1281202
1281338 1281670
1281782 1283478
1283548 1284190
1284269 1285418
1285505 1288393
1288465 1289074
1289243 1294893
1294996 1295421
1295495 1296102
1296177 1297516
1297775 1299213
1299291 1299408
1299475 1299955
1300029 1301115
1301187 1301415
1301568 1301969
1302054 1302770
1302844 1305363
1305430 1305944
1306030 1306741
1306811 1307122
1307213 1307741
1307807 1307876
1307950 1308503
1308571 1308748
1308815 1309370
1309449 1309672
1309740 1310270
1310340 1310541
1310607 1310798
1310892 1311201
1311288 1312446
1312607 1313040
1313137 1313467
1313542 1314017
1314096 1314352
1314422 1314475
1314542 1315349
1315420 1315877
1315943 1316143
1316250 1316870
1316949 1317060
1317136 1318223
1318301 1318565
1318640 1318822
1318893 1321141
1321227 1321353
1321424 1321653
1321725 1322179
1322258 1322855
1322925 1324960
1325028 1325283
1325353 1326507
1326583 1328220
1328310 1329771
1329841 1330572
1330638 1331781
1331914 1332074
1332147 1332487
1332560 1334056
1334149 1335335
1335402 1336463
1336535 1337385
1337457 1339256
1339330 1341677
1341790 1342158
1342224 1343280
1343372 1343493
1343565 1344023
1344108 1344295
1344364 1344415
1344572 1346361
1346427 1347192
1347263 1347470
1347538 1349046
1349119 1368229
1368301 1376173
1376244 1377209
1377289 1378411
1378504 1379005
1379085 1380343
1380414 1382008
1382078 1384488
1384556 1384900
1384977 1386643
1386711 1388198
1388275 1388357
1388446 1389090
1389162 1391099
1391175 1391500
1391596 1393440
1393509 1402273
1402414 1404053
1404121 1411984
1412071 1414374
1414444 1417499
1417569 1420242
1420353 1422076
1422142 1422928
1423013 1423381
1423449 1427715
1427791 1428287
1428355 1429326
1429405 1430255
1430326 1434029
1434116 1435833
1435901 1439140
1439264 1439348
1439416 1444767
1444833 1446993
1447073 1448784
1448851 1450945
1451027 1453848
1453936 1454348
1454417 1456572
1456677 1458964
1459034 1461691
1461782 1468955
1469054 1471251
1471338 1472170
1472250 1472349
1472425 1473737
1473809 1475445
1475512 1476548
1476634 1486401
1486479 1488578
1488645 1490114
1490257 1490858
1490931 1492214
1492285 1493610
1493678 1494059
1494145 1496379
1496452 1497126
1497194 1499385
1499459 1505989
1506056 1508576
1508643 1509831
1509912 1513113
1513211 1513604
1513673 1513870
1513945 1515149
1515215 1520673
1520764 1526419
1526490 1537460
1537563 1544290
1544364 1547602
1547668 1550177
1550254 1551887
1551961 1558124
1558190 1558676
1558748 1560999
1561087 1565379
1565461 1566339
1566424 1572090
1572167 1572561
1572689 1575492
1575573 1576102
1576182 1580402
1580541 1582398
1582465 1584261
1584345 1584447
1584521 1584969
1585053 1587859
1587932 1589838
1589917 1593670
1593736 1600436
1600506 1606494
1606571 1610676
1610750 1619588
1619672 1620067
1620147 1621605
1621678 1625620
1625693 1628182
1628255 1630850
1630940 1632822
1632935 1637951
1638018 1647342
1647414 1648008
1648099 1648860
1648929 1650354
1650504 1658628
1658699 1660910
1660988 1663950
1664016 1667070
1667139 1668197
1668270 1669990
1670056 1672264
1672337 1677203
1677272 1679128
1679201 1679638
1679724 1682491
1682559 1686421
1686505 1686812
1686882 1692374
1692442 1698204
1698272 1698591
1698665 1698803
1698874 1700112
1700194 1702253
1702319 1710934
1711000 1711643
1711717 1713146
1713214 1716018
1716085 1717392
1717459 1717714
1717919 1727104
1727175 1743172
1743239 1751462
1751538 1752183
1752254 1766693
1766761 1766936
1767009 1771264
1771332 1771651
1771731 1772330
1772401 1778342
1778412 1783126
1783196 1784768
1784851 1785958
1786055 1789172
1789248 1796200
1796274 1798882
1798964 1800284
1800360 1800796
1800903 1801906
1801981 1802650
1802716 1803582
1803695 1804054
1804151 1804314
1804381 1806502
1806578 1806819
1806908 1807296
1807408 1807917
1808009 1809268
1809335 1809489
1809570 1813963
1814031 1815775
1815854 1818776
1818880 1820555
1820628 1821414
1821484 1826293
1826408 1827964
1828038 1836977
1837043 1837941
1838025 1838086
1838166 1839702
1839770 1848728
1848799 1848863
1848931 1849925
1850022 1850326
1850397 1855837
1855909 1859340
1859409 1863334
1863403 1864249
1864317 1865507
1865578 1874774
1874865 1877198
1877272 1878017
1878114 1879540
1879635 1883049
1883118 1886867
1886934 1888757
1888837 1891222
1891294 1895448
1895531 1897281
1897352 1899617
1899684 1905817
1905883 1907528
1907640 1936076
1936154 1943315
1943406 1943747
1943814 1944620
1944693 1946782
1946870 1947456
1947527 1947891
1947959 1949932
1950004 1952091
1952246 1953490
1953560 1957242
1957328 1960713
1960781 1962295
1962366 1963221
1963299 1971888
1971985 1972552
1972658 1975085
1975154 1979946
1980041 1980210
1980306 1982145
1982211 1983282
1983355 1998264
1998332 2000925
2001007 2001992
2002063 2012891
2012969 2013668
2013757 2014275
2014348 2016350
2016448 2017701
2017787 2017942
2018038 2019669
2019744 2029910
2029986 2030096
2030185 2037670
2037746 2038341
2038408 2043918
2044023 2049845
2049913 2052616
2052698 2053466
2053543 2057566
2057652 2066669
2066753 2075745
2075833 2079522
2079593 2081600
2081692 2083957
2084049 2085705
2085773 2086564
2086649 2090254
2090340 2091049
2091175 2093952
2094026 2103183
2103264 2110615
2110681 2111488
2111559 2115113
2115290 2116566
2116696 2117138
2117219 2117495
2117569 2118563
2118636 2118896
2119005 2119081
2119179 2120406
2120487 2120686
2120771 2121922
2122000 2122444
2122524 2124047
2124113 2125089
2125156 2128046
2128117 2128454
2128544 2130618
2130697 2131395
2131465 2132372
2132553 2138993
2139167 2142501
2142582 2146256
2146324 2146668
2146737 2149392
2149459 2154827
2154899 2160267
2160335 2162619
2162696 2162932
2163029 2164591
2164665 2166188
2166258 2179677
2179746 2184105
2184180 2187104
2187249 2190893
2190969 2191333
2191409 2191495
2191570 2192315
2192397 2193306
2193383 2199029
2199116 2200077
2200144 2204984
2205052 2207922
2208012 2217829
2217908 2222350
2222453 2228581
2228650 2229609
2229683 2232732
2232808 2235089
2235175 2241329
2241446 2241537
2241610 2244177
2244249 2245582
2245721 2247415
2247483 2251635
2251703 2253502
2253577 2255208
2255274 2255423
2255505 2256255
2256336 2258073
2258157 2259826
2259904 2259959
2260141 2260825
2260897 2261246
2261317 2262240
2262314 2263794
2263868 2264601
2264787 2267509
2267586 2268684
2268750 2268987
2269054 2270206
2270277 2270644
2270715 2271136
2271392 2271870
2271942 2272499
2272709 2274544
2274610 2274879
2274958 2275301
2275375 2275472
2275546 2275828
2275909 2276733
2276834 2278447
2278633 2279085
2279155 2282218
2282287 2282597
2282673 2282878
2282959 2283754
2283838 2285619
2285690 2285740
2285827 2286163
2286304 2286887
2286965 2287989
2288060 2289006
2289075 2291750
2291838 2291944
2292014 2292713
2292782 2295441
2295522 2296077
2296202 2296436
2296502 2298194
2298274 2298555
2298628 2305433
2305499 2306337
2306403 2308704
2308801 2322463
2322540 2322819
2322999 2324983
2325053 2325220
2325330 2325965
2326038 2328183
2328280 2329284
2329353 2329741
2329847 2330803
2330871 2332599
2332683 2336950
2337017 2337752
2337825 2342928
2343039 2343314
2343390 2344552
2344634 2345654
2345741 2345977
2346047 2358954
2359023 2360545
2360615 2361242
2361322 2361848
2361937 2363648
2363730 2364868
2364935 2365256
2365346 2368927
2369015 2369571
2369637 2369864
2369946 2370858
2370926 2391061
2391143 2394232
2394303 2394794
2394893 2394943
2395030 2398508
2398575 2399048
2399130 2405235
2405308 2405863
2405943 2407299
2407374 2408438
2408527 2410092
2410172 2410663
2410778 2411448
2411514 2418894
2418969 2419978
2420052 2420203
2420310 2421571
2421637 2422213
2422279 2424199
2424268 2424880
2424980 2426091
2426174 2428384
2428451 2428749
2428815 2429056
2429141 2429791
2429878 2431023
2431183 2431787
2431994 2432287
2432405 2432696
2432784 2433029
2433106 2433764
2433830 2434377
2434448 2435146
2435218 2436600
2436669 2437221
2437316 2442887
2442955 2443579
2443671 2449725
2449815 2450078
2450144 2450718
2450813 2452214
2452294 2459196
2459271 2461322
2461422 2465195
2465264 2466828
2466903 2467816
2468097 2468521
2468606 2468864
2468936 2473705
2473792 2476832
2476901 2479527
2479595 2480066
2480153 2487400
2487485 2489304
2489384 2493986
2494080 2498160
2498231 2498816
2498901 2500394
2500474 2502353
2502451 2509145
2509220 2512947
2513015 2518413
2518483 2521014
2521097 2526242
2526333 2528780
2528885 2531534
2531606 2535534
2535601 2541418
2541504 2544954
2545024 2547692
2547761 2549840
2549923 2555741
2555808 2561552
2561666 2562009
2562076 2568646
2568750 2576559
2576625 2594246
2594323 2597413
2597480 2598803
2598923 2599083
2599170 2606584
2606668 2609851
2609938 2614794
2614865 2615448
2615519 2616715
2616800 2619589
2619692 2622106
2622184 2623187
2623296 2627614
2627691 2630012
2630090 2630280
2630354 2631099
2631169 2631424
2631495 2632111
2632207 2633718
2633785 2642689
2642786 2644521
2644607 2655507
2655575 2657771
2657848 2681160
2681226 2682885
2682951 2683773
2683847 2687174
2687248 2693279
2693361 2694395
2694461 2697425
2697496 2698776
2698856 2699794
2699863 2701644
2701720 2703454
2703551 2704448
2704527 2705440
2705534 2705728
2705794 2708001
2708076 2709101
2709190 2713288
2713369 2713733
2713806 2717004
2717070 2719106
2719181 2721698
2721777 2725953
2726021 2726897
2726977 2733065
2733135 2741078
2741144 2743430
2743512 2743870
2743942 2746976
2747042 2750717
2750784 2752298
2752368 2756084
2756187 2758772
2758848 2758914
2758992 2759738
2759813 2766476
2766546 2768123
2768232 2769028
2769129 2771740
2771809 2772559
2772635 2773728
2773795 2775636
2775707 2778162
2778228 2778809
2778887 2779976
2780051 2780743
2780825 2784997
2785082 2789037
2789136 2789350
2789454 2789567
2789636 2794069
2794143 2796429
2796504 2797738
2797808 2798240
2798320 2800357
2800430 2800658
2800734 2802034
2802103 2804043
2804112 2806022
2806104 2807280
2807354 2807567
2807682 2813895
2813967 2815411
2815477 2816614
2816682 2820899
2820972 2821841
2821976 2822350
2822418 2826466
2826541 2827632
2827718 2836767
2836833 2837833
2837922 2840674
2840743 2843257
2843326 2845194
2845263 2847596
2847682 2856131
2856205 2869382
2869461 2871472
2871559 2872908
2872976 2875982
2876050 2876830
2876905 2879532
2879739 2880602
2880696 2880968
2881042 2884489
2884558 2887733
2887799 2889279
2889351 2891853
2891924 2892770
2892837 2893594
2893665 2894138
2894206 2894704
2894773 2895195
2895267 2896720
2896901 2897021
2897090 2897609
2897686 2897875
2897970 2898234
2898312 2899307
2899383 2901336
2901420 2907812
2907883 2913400
2913475 2915419
2915496 2915572
2915743 2918825
2918961 2919736
2919805 2919870
2920052 2920508
2920581 2920909
2920975 2923242
2923318 2925050
2925127 2927944
2928034 2928868
2928936 2929333
2929406 2929959
2930041 2930895
2931068 2933327
2933405 2933775
2933844 2934949
2935088 2935233
2935306 2935376
2935442 2935548
2935614 2936076
2936208 2937029
2937114 2938532
2938599 2938939
2939005 2939168
2939295 2939365
2939436 2939669
2939813 2940237
2940303 2940609
2940693 2940827
2940914 2942321
2942390 2942496
2942565 2944691
2944771 2945425
2945506 2946216
2946288 2946604
2946701 2947461
2947560 2947823
2947935 2948776
2948930 2949010
2949091 2949790
2949866 2956415
2956572 2958526
2958593 2959937
2960006 2963341
2963426 2970070
2970142 2974608
2974688 2976563
2976635 2980228
2980296 2984948
2985014 2995006
2995084 2997047
2997114 2997639
2997709 2999519
2999590 3002860
3002933 3004147
3004216 3008647
3008720 3009323
3009390 3014013
3014080 3018458
3018541 3019851
3019935 3020645
3020766 3021272
3021347 3021402
3021483 3022941
3023009 3025659
3025744 3026010
3026093 3027398
3027498 3031702
3031780 3032547
3032638 3035767
3035848 3037469
3037558 3041081
3041150 3043683
3043772 3044180
3044450 3048602
3048670 3052510
3052586 3061130
3061197 3064444
3064628 3065854
3065946 3066654
3066738 3068102
3068173 3069093
3069178 3070626
3070705 3073574
3073644 3081254
3081352 3085358
3085427 3088174
3088253 3089985
3090052 3090117
3090184 3092545
3092639 3092769
3092839 3094374
3094449 3096636
3096709 3098637
3098707 3099785
3099855 3101561
3101630 3101987
3102056 3103471
3103562 3114438
3114517 3120303
3120383 3124275
3124396 3125101
3125294 3129699
3129766 3132564
3132631 3133338
3133426 3136363
3136444 3137508
3137607 3154452
3154573 3156167
3156240 3159214
3159285 3159834
3159900 3160073
3160148 3161202
3161272 3162215
3162319 3162866
3162953 3163235
3163310 3164343
3164409 3164673
3164758 3167251
3167329 3168151
3168220 3169569
3169723 3170424
3170542 3171673
3171754 3172072
3172145 3172759
3172864 3173924
3174029 3175152
3175225 3175356
3175423 3179645
3179714 3179893
3179981 3185376
3185446 3188565
3188688 3189740
3189810 3191904
3191971 3192327
3192448 3193071
3193140 3193678
3193759 3193920
3193994 3194210
3194473 3195165
3195233 3195859
3195948 3196285
3196351 3197719
3197788 3198185
3198263 3198658
3198747 3199504
3199613 3199985
3200077 3201665
3201735 3201938
3202022 3202426
3202564 3202722
3202793 3203494
3203587 3203730
3203797 3204258
3204330 3204541
3204613 3206520
3206601 3207319
3207398 3208031
3208108 3208717
3208790 3209371
3209438 3210103
3210173 3211008
3211082 3211256
3211338 3211408
3211479 3212079
3212153 3212235
3212325 3212922
3212992 3213686
3213770 3215909
3215982 3216040
3216106 3216347
3216564 3217086
3217159 3218673
3218747 3222456
3222544 3222623
3222699 3225961
3226034 3226846
3226929 3227813
3227885 3228496
3228579 3228789
3228860 3230643
3230714 3230889
3230962 3239334
3239410 3240619
3240726 3241305
3241381 3241678
3241747 3242850
3242990 3244388
3244464 3244663
3244751 3244980
3245055 3245754
3245820 3246325
3246399 3247437
3247508 3249146
3249295 3249546
3249612 3250795
3250863 3251259
3251330 3252127
3252195 3252359
3252426 3253421
3253516 3254911
3254992 3255492
3255558 3255937
3256010 3256887
3256993 3258480
3258547 3262549
3262631 3262876
3262946 3266815
3266897 3267629
3267723 3268799
3268878 3270345
3270414 3272239
3272315 3273424
3273505 3277715
3277784 3278198
3278269 3279392
3279468 3280692
3280793 3281748
3281814 3289832
3289899 3296197
3296282 3299000
3299086 3299490
3299635 3299908
3299981 3301231
3301297 3303802
3303914 3305925
3305993 3309078
3309158 3319461
3319527 3320008
3320074 3320262
3320330 3320803
3320921 3321268
3321345 3322350
3322416 3323899
3323976 3324767
3324888 3325439
3325533 3326164
3326235 3329192
3329262 3330245
3330393 3330443
3330515 3330670
3330736 3331033
3331100 3332215
3332285 3332414
3332481 3334126
3334204 3335801
3335884 3336685
3336779 3339734
3339832 3342257
3342398 3349161
3349240 3349438
3349507 3350581
3350677 3351157
3351241 3351765
3351832 3352228
3352294 3357616
3357684 3358223
3358290 3358865
3358934 3359165
3359231 3360775
3360847 3360972
3361102 3361444
3361532 3362798
3362870 3363028
3363094 3363704
3363778 3363984
3364053 3364167
3364234 3364688
3364784 3365081
3365151 3366096
3366259 3366609
3366731 3366989
3367061 3367600
3367761 3369808
3369902 3370474
3370548 3370871
3370939 3372307
3372395 3374477
3374543 3378460
3378539 3380314
3380404 3381941
3382014 3383761
3383846 3385626
3385695 3389934
3390034 3392531
3392606 3393405
3393478 3394309
3394413 3395680
3395801 3396644
3396722 3397149
3397215 3397586
3397782 3400147
3400221 3402878
3402959 3405235
3405316 3406484
3406551 3408442
3408509 3409976
3410045 3410610
3410721 3411076
3411143 3412698
3412772 3423011
3423104 3423570
3423644 3424836
3424902 3425125
3425222 3426121
3426189 3429372
3429455 3431357
3431452 3440378
3440444 3443826
3443894 3444739
3444927 3445038
3445184 3445438
3445549 3445953
3446062 3446554
3446975 3447753
3447821 3449267
3449338 3450495
3450580 3450747
3450816 3451397
3451509 3452675
3452754 3454446
3454513 3454973
3455052 3455248
3455315 3457052
3457129 3457236
3457324 3458178
3458319 3458408
3458475 3459305
3459480 3461328
3461398 3461487
3461561 3461907
3461973 3462156
3462238 3462294
3462375 3462831
3462949 3464421
3464511 3465640
3465706 3466581
3466651 3468017
3468174 3469006
3469093 3473179
3473257 3473991
3474077 3474179
3474364 3475227
3475294 3475383
3475470 3478007
3478074 3478425
3478505 3485535
3485604 3486047
3486118 3487388
3487498 3487549
3487619 3494118
3494186 3495748
3495852 3496025
3496127 3500130
3500196 3500875
3500958 3501012
3501180 3501538
3501606 3501760
3501830 3501999
3502074 3502795
3502874 3502969
3503051 3503278
3503346 3503753
3503867 3506280
3506354 3507857
3507923 3508507
3508588 3509091
3509160 3509278
3509353 3510140
3510250 3510452
3510525 3511016
3511082 3511140
3511216 3511456
3511528 3511590
3511806 3512156
3512243 3512595
3512777 3513052
3513137 3513256
3513444 3513508
3513590 3513920
3514012 3514189
3514282 3514798
3514877 3515525
3515607 3516182
3516254 3516797
3516884 3517158
3517306 3518460
3518527 3519776
3519860 3524038
3524107 3524725
3524802 3526513
3526589 3527916
3528040 3529903
3529976 3530171
3530239 3532492
3532562 3535065
3535157 3536197
3536267 3543805
3543876 3546771
3546843 3547274
3547341 3547856
3547929 3548971
3549040 3550511
3550579 3551451
3551529 3571181
3571249 3598968
3599053 3605667
