NC_057370.1
1 5096
5673 8652
10151 10794
13053 13843
14777 18468
21509 46712
47649 51733
52810 52931
66989 82052
83319 85365
86574 88197
89497 90785
92043 92836
95137 102655
105768 105845
106159 107478
109955 111543
112982 113098
115456 116160
116276 117606
118862 125451
126620 135800
137788 138335
139736 140629
141203 141996
147753 148015
148766 149006
153133 153297
156771 158173
161386 162800
163698 163783
170358 171513
176776 177015
179026 179089
180264 180446
181629 181767
182320 182985
184266 184325
186110 186415
187048 187482
188046 188656
193847 194728
195427 196136
201376 201489
204492 204905
206327 206520
207246 211943
212841 213392
216190 217229
217734 219227
219767 223222
228244 230002
230091 231777
235110 242325
242414 243905
246829 249441
250720 258672
258764 260174
260421 262275
262934 263141
264988 265276
266437 267081
270006 270396
273564 273726
277927 279033
280853 282066
282585 290679
293874 294107
294204 310479
310587 311994
312654 318371
320059 324472
324567 324997
325070 329727
336960 338702
339883 340332
340851 341000
341838 342018
347205 347287
347830 348066
348621 348832
351883 352344
353151 353210
353986 354370
360849 361194
361855 362131
376139 376297
382310 382580
387179 387740
387848 387946
388115 406186
406277 410421
410532 411097
411786 411911
412535 415675
416231 416575
418511 421824
422466 424827
425767 426150
427664 428333
438545 442366
443032 444260
444555 454048
455118 455521
456705 457053
457691 458181
466152 466393
469882 470025
470264 470372
475852 476166
480381 480568
482182 482509
483477 484173
488186 488456
492892 493100
495946 496254
499119 500124
501743 507451
507656 516953
517733 518174
519921 521271
522461 522906
523879 524551
525138 527009
527672 530019
530789 530945
533508 533993
537800 538288
540371 541181
542703 542889
544654 544961
549217 549478
553853 554239
556145 556351
558682 559043
561869 562800
564472 564702
569913 570031
570771 571233
573939 574367
576990 577053
579424 579799
580517 581052
583160 583429
585222 585928
590393 590571
593223 593584
594433 594910
596026 596103
596689 596740
597705 597980
598675 598750
601209 601831
602662 604685
605498 605712
614056 614575
615575 615646
616626 616982
618752 619227
621315 622140
622656 622705
622837 622954
625410 626526
630239 630738
632814 635442
638221 638528
640317 640669
644150 645109
645244 646019
646184 646460
647034 651143
651952 655983
662881 663674
666703 667985
668792 669121
669695 669899
673356 673628
675051 680878
683055 683513
685292 685398
688874 694130
695871 696507
696777 699879
701526 703326
703910 707030
707120 707314
707410 715804
717090 719199
719930 720236
721431 721515
723536 723635
724264 724357
724900 725066
726172 727642
728279 729365
732263 733351
733969 735261
736496 737462
741367 742016
754793 755962
760425 762233
762927 763196
767745 768015
768917 769333
775107 775349
778688 779103
780821 781172
783687 783743
783869 783967
784141 784197
784656 784853
785151 785210
788073 789623
792231 792378
795048 795120
796887 797155
800392 802829
803328 803416
803642 803765
803914 806113
812322 812745
814923 815475
816055 816198
821184 821588
823015 823211
842937 843230
848570 848793
852075 852775
853365 853536
855332 855814
858992 860379
868560 869925
878936 879280
887052 887640
891339 891435
892562 893256
895212 895426
896004 896633
911459 914359
922741 923350
927692 928310
933720 934460
935193 935480
938454 939723
940330 940718
942544 943366
945336 945777
953493 953729
956139 958399
966590 967282
967970 969080
970771 970873
973130 973181
993665 994023
1007183 1007494
1011288 1011648
1016704 1017112
1018684 1018847
1022496 1023262
1025332 1025391
1029063 1029460
1037086 1037338
1040357 1040687
1041953 1046928
1049988 1052467
1053078 1054423
1058436 1065471
1066234 1069863
1072798 1072981
1074713 1075102
1079797 1080839
1082128 1082242
1082921 1083429
1084448 1084812
1086070 1086323
1088123 1088315
1089390 1089660
1094100 1094972
1095581 1096124
1096679 1097194
1098986 1099060
1102506 1104028
1105986 1106961
1111042 1111385
1115143 1116920
1120018 1120615
1127878 1128568
1131155 1131216
1135645 1135770
1139451 1139889
1141765 1142290
1146326 1146672
1147855 1148079
1159693 1160032
1167497 1167866
1170588 1171779
1175407 1175518
1176968 1177342
1177923 1178144
1183569 1183664
1185833 1185978
1186772 1188270
1195419 1195707
1196311 1197122
1198386 1198842
1204593 1204839
1205347 1205499
1208572 1210176
1216342 1216527
1218589 1218828
1219718 1220867
1225470 1225802
1226632 1227810
1228918 1230296
1238271 1239082
1240338 1240879
1243415 1243811
1245663 1246305
1252282 1252549
1254179 1254401
1255419 1255950
1258616 1258841
1262558 1263237
1267370 1267941
1268593 1268866
1284396 1284482
1290422 1290808
1292318 1292572
1294835 1295464
1298788 1299270
1301087 1301272
1303882 1304026
1305105 1305520
1310000 1312768
1313890 1314073
1315393 1315499
1317845 1317991
1318902 1319263
1320982 1321280
1321812 1322005
1322535 1323011
1324085 1324306
1324815 1325698
1328906 1329280
1333008 1333539
1335190 1336164
1336711 1337661
1341446 1341574
1346209 1346369
1349760 1351773
1357589 1357952
1365718 1365888
1368228 1368831
1372216 1372816
1374849 1375126
1379392 1379592
1380250 1381256
1382708 1384233
1387931 1388569
1389245 1391630
1391784 1394445
1397854 1400142
1400930 1401014
1405784 1405913
1406831 1406944
1410967 1411231
1411890 1412152
1414206 1414423
1415530 1415656
1416309 1417487
1418046 1418244
1418688 1420138
1420653 1420842
1421373 1422522
1427975 1428521
1430415 1430583
1432396 1432740
1438084 1438593
1441104 1441739
1444288 1444492
1446806 1447427
1448070 1448442
1449083 1449755
1450289 1450457
1451289 1452474
1455866 1456215
1457239 1457602
1468579 1468656
1469663 1469750
1477483 1477574
1492145 1492882
1493957 1494179
1501676 1501824
1506365 1506452
1508476 1508829
1516227 1516288
1517277 1517505
1521367 1521536
1524309 1524471
1525488 1525702
1527881 1528610
1530362 1531050
1534023 1534202
1534898 1535013
1536870 1537333
1543940 1544289
1545268 1545478
1555784 1557429
1561749 1561971
1563056 1563235
1564357 1564558
1568602 1569240
1574514 1574807
1575806 1575973
1577130 1577230
1579456 1579552
1603588 1604377
1605644 1606124
1610039 1610914
1613848 1613904
1615432 1615521
1618588 1618864
1620983 1621333
1625407 1625956
1632587 1633059
1634329 1634727
1638952 1639070
1640827 1641584
1643220 1643391
1647716 1648331
1658346 1659086
1660085 1660231
1660754 1660972
1663052 1663483
1671900 1672137
1673545 1673984
1680003 1680774
1683242 1683981
1684636 1685474
1688841 1689005
1692971 1693600
1695615 1696156
1697614 1697847
1699658 1699861
1702382 1703396
1706595 1706873
1708654 1708965
1710742 1710805
1711467 1711586
1715172 1715418
1717129 1717769
1719101 1719462
1721795 1722301
1723549 1723856
1725190 1725844
1731100 1731419
1739034 1739171
1746043 1746880
1750723 1750918
1751896 1752503
1755783 1755950
1760508 1760762
1762090 1762678
1763659 1763911
1764534 1766179
1767639 1768363
1770444 1770763
1773258 1773411
1774230 1774398
1775730 1776304
1778563 1778651
1779218 1779395
1787412 1787759
1788396 1788506
1789096 1789658
1790263 1790419
1791100 1791554
1792147 1794883
1795904 1796053
1797656 1797807
1798582 1798964
1800384 1800449
1802148 1802342
1808265 1808393
1809137 1809250
1811729 1811990
1820659 1822160
1822807 1822867
1836638 1836843
1838441 1838815
1839933 1840491
1842288 1843340
1848178 1848366
1849647 1850012
1853319 1853746
1860636 1861375
1868009 1868336
1876245 1876477
1877705 1878143
1885011 1885321
1890191 1892380
1904482 1904560
1906993 1907543
1915969 1916172
1933780 1934614
1938369 1938875
1941354 1941490
1942439 1943301
1944575 1944722
1946908 1946999
1948273 1949230
1952199 1952398
1956542 1956873
1957469 1957777
1960262 1960823
1972608 1972969
1976171 1976325
1977442 1977769
1978343 1978795
2003853 2004112
2008617 2008799
2011199 2011327
2016946 2019286
2022501 2022584
2023481 2023536
2024231 2024536
2025199 2025341
2025890 2025959
2027706 2028275
2029334 2029596
2031775 2033170
2035283 2035458
2037802 2037882
2046643 2047933
2050862 2051605
2052860 2053405
2060530 2060759
2069097 2069471
2075729 2076038
2078779 2079090
2082474 2082613
2092244 2092635
2096877 2097841
2100262 2100539
2101934 2102308
2103026 2103178
2104134 2104461
2115466 2115588
2117917 2118052
2120570 2121195
2123273 2123595
2124560 2124815
2125578 2126015
2128380 2128765
2134016 2134118
2136124 2137360
2139463 2140708
2149251 2149360
2151456 2151811
2154381 2156774
2163068 2163353
2164661 2165266
2166926 2168295
2170751 2172661
2180117 2180806
2192661 2193032
2197182 2197699
2198383 2198703
2202944 2203043
2205021 2205675
2207174 2207482
2209618 2210228
2213040 2213610
2217968 2218268
2220208 2221747
2222313 2222820
2223583 2224131
2227731 2228614
2240357 2240472
2241154 2241391
2244778 2245084
2263137 2263483
2299532 2299976
2300901 2301400
2305553 2305722
2307757 2307820
2308367 2309076
2309429 2309639
2312684 2313026
2314966 2315322
2316002 2316683
2317959 2318318
2340458 2340595
2347471 2347653
2351758 2351870
2352444 2353465
2355688 2356103
2356901 2357090
2357674 2358566
2360101 2360161
2362235 2362894
2363607 2364581
2368227 2369531
2370067 2371279
2374260 2374848
2376681 2376759
2378501 2378733
2379811 2380287
2381438 2382066
2383825 2384246
2385993 2386111
2386658 2386823
2388840 2389008
2389703 2389854
2398481 2398542
2401832 2402054
2404226 2404805
2405592 2405825
2410740 2410973
2438598 2438815
2448315 2448722
2450268 2451155
2454297 2454587
2455465 2455638
2458722 2459449
2461168 2461303
2465118 2465205
2466768 2466878
2468220 2468301
2469099 2469508
2473709 2474185
2477076 2477248
2480844 2481136
2490768 2490954
2495142 2495338
2495792 2495987
2497157 2497631
2499617 2503380
2505178 2509101
2509941 2511411
2513722 2514042
2514130 2515135
2518822 2518914
2519793 2520275
2524515 2524671
2531181 2531548
2534127 2534306
2535270 2535429
2537860 2538060
2541901 2542292
2563106 2564916
2570183 2570433
2574252 2574304
2582431 2582572
2584750 2585040
2589107 2589661
2592191 2592354
2595878 2596055
2598768 2599301
2616854 2617335
2618639 2618724
2621194 2621406
2622918 2623412
2624478 2625722
2627899 2628663
2632511 2632667
2636696 2636816
2639241 2639607
2644188 2645206
2646922 2646996
2647564 2647677
2653174 2653436
2654910 2655135
2659844 2660237
2673238 2673771
2687342 2687493
2689187 2689677
2694119 2694344
2696606 2697315
2701272 2701420
2701972 2702120
2704989 2705484
2716360 2716522
2717891 2717987
2722594 2722654
2725155 2725277
2728008 2728436
2733769 2734042
2739612 2739841
2743935 2744066
2745033 2753521
2757348 2758366
2760754 2761251
2762785 2762954
2763705 2763905
2764986 2765204
2766472 2766617
2770613 2770989
2774547 2774882
2776895 2776996
2778518 2778845
2782155 2782411
2784159 2784272
2793240 2793321
2793950 2795170
2799472 2800370
2800934 2801032
2803165 2803342
2805141 2805976
2808535 2810151
2815484 2816010
2816655 2816780
2817343 2817548
2819488 2819607
2821194 2821681
2824395 2824463
2825041 2825173
2826567 2827159
2830040 2830561
2834017 2834252
2836193 2836401
2843854 2845435
2848847 2849216
2853731 2854251
2862286 2862386
2865498 2865588
2868851 2869320
2875068 2875272
2881997 2882170
2886198 2886535
2895146 2895401
2905325 2906214
2908163 2908615
2910032 2910161
2912416 2913466
2915202 2915468
2920866 2921099
2921950 2923005
2923534 2923697
2926412 2926520
2929746 2929866
2931446 2932180
2937668 2937985
2942487 2942664
2943218 2943372
2944529 2944613
2945433 2945804
2947220 2947762
2949251 2950132
2952320 2952884
2960762 2960847
2961796 2962098
2964020 2964276
2964901 2965331
2967719 2967805
2968195 2968282
2968519 2968617
2969426 2969801
2971444 2971755
2973752 2974023
2974113 2974275
2976280 2976343
2977057 2977174
2980625 2980828
2987172 2987572
2991455 2992128
2993265 2993631
2996424 2996572
3002724 3002939
3007225 3007715
3009307 3010916
3014301 3014664
3016783 3016909
3017501 3017865
3020837 3021855
3022600 3022666
3023377 3023618
3028465 3028860
3034643 3035507
3040327 3040468
3043122 3043188
3044405 3044572
3047186 3049140
3050462 3050542
3054146 3055291
3056332 3057630
3058215 3058794
3059797 3060047
3060642 3061306
3069719 3070451
3071021 3071098
3072184 3072677
3073421 3073526
3075914 3076112
3084211 3084362
3104078 3104535
3108951 3109164
3109974 3110641
3113513 3113611
3114133 3114566
3115203 3115551
3117165 3117698
3117801 3118167
3121328 3122910
3124835 3125416
3128763 3128956
3129990 3130486
3132341 3132442
3136387 3136872
3140420 3140497
3141949 3142646
3143405 3143662
3148072 3148430
3153042 3153360
3160916 3161227
3164061 3164550
3168312 3168640
3170059 3170988
3171595 3172283
3172911 3173224
3173809 3174814
3175058 3175203
3177439 3177827
3186465 3186566
3187146 3187558
3188704 3189220
3189919 3190310
3207583 3207710
3213839 3213959
3215372 3216393
3219236 3219533
3222496 3223902
3224803 3224928
3229464 3229654
3230851 3231165
3233235 3233420
3234051 3234202
3234806 3235310
3238068 3238461
3239389 3240124
3247958 3248750
3250288 3250372
3252689 3253417
3253939 3254006
3258099 3258156
3258952 3259786
3261098 3261842
3265257 3265345
3265983 3266111
3269610 3270147
3272790 3273613
3275068 3275318
3280106 3280365
3281103 3281592
3283064 3283178
3285708 3285892
3289202 3289434
3290452 3291094
3294370 3294748
3297642 3297982
3301792 3302353
3303600 3303651
3308013 3314552
3314902 3315402
3315520 3322714
3322888 3324851
3325112 3325716
3332124 3342595
3342914 3343267
3344170 3345906
3346870 3353606
3353695 3354225
3354301 3356507
3357199 3357339
3357951 3358403
NC_057371.1
1 86
555 2231
5588 10050
10674 11572
12236 12391
13023 13954
16542 22523
25233 44691
46048 46724
47861 48425
55072 56481
61719 63312
64913 65203
65335 66006
66916 71822
75895 77138
77785 82995
83947 88054
89332 90610
91433 111558
114121 118727
119309 121274
128127 130395
131018 132254
133268 133452
134165 134416
135057 135423
136375 136999
138622 139949
144315 146024
154142 154193
157556 158045
159654 169548
169694 170047
183151 184043
184115 186754
187435 187561
188124 189038
192675 193173
195643 196490
198296 198484
199577 199883
200838 201264
219404 219681
227875 228112
228385 228537
229265 230014
231678 232536
240430 240711
245903 246544
247135 247439
269090 269404
270110 270529
273476 273786
278400 278468
279001 279536
283569 283643
295675 295844
296497 297081
299211 299366
303508 303705
305471 305770
311823 313206
313891 315855
316623 328351
331178 335344
336110 339398
340342 340664
340755 345290
346692 350611
351588 353090
354169 354353
354849 361726
366852 367228
368051 368846
370585 370667
374191 374552
375469 375796
376731 376902
378670 385268
390547 390728
391702 392611
395809 396124
396951 398902
399573 399629
402867 403066
405613 406139
418213 419514
420370 420655
423164 423431
426384 427927
431549 431631
433341 433675
435688 436466
439481 439623
440306 441354
443779 445147
449994 452121
455790 456001
459503 459842
461250 461380
464579 464787
467183 467857
475298 476659
477904 478058
481371 481590
481663 481799
484085 484275
486947 487003
487384 487743
494352 494478
497562 500041
502425 502788
506721 506881
507579 507872
508626 508983
510707 511101
512056 512892
514328 514716
515923 516065
523487 523732
525939 526337
526872 527541
529156 530150
533071 533928
535341 535971
544289 544347
548915 549141
549723 551637
554399 554601
555708 555883
557300 557715
565021 565119
571591 571747
572611 574087
575525 576248
578126 578491
580088 580727
581290 581827
588641 589128
594216 596317
596998 597435
605411 605492
609823 611027
621921 622602
625851 627866
630854 631021
637954 638155
640584 640715
641959 642457
643498 644025
645271 646618
648325 648509
650986 651551
653736 653925
655458 655753
657523 657738
663934 664724
665906 666878
667937 668303
670782 672478
673152 673441
674312 674663
676973 677094
681912 682012
684100 684366
687439 690649
691655 692018
694939 695007
696946 697242
702631 703768
709771 710256
712802 713168
719507 719930
730192 731654
734012 734191
734862 735507
736216 736689
738520 739612
743901 744242
746037 746275
749801 750011
755804 756073
758129 758373
762604 762974
769320 769907
773272 773961
779777 779874
780628 782419
785020 788487
792612 792869
797626 797899
800176 800409
804544 804987
810198 810373
810952 811005
812127 812603
814509 814619
834098 834639
837059 838638
844607 844812
847970 848443
849185 849254
851217 851491
852087 853609
854199 855038
855914 856231
856834 857557
860022 860291
868296 868520
869199 869902
873813 873981
878900 879110
884676 885188
899074 899343
903564 904152
907061 907636
908217 909407
911516 912749
914560 914712
920936 921316
938712 938828
939780 940704
941314 951591
951687 953250
958183 965176
965255 967880
968437 969076
970661 971853
972598 975727
981137 988018
988130 993129
993880 997811
1001201 1002678
1003218 1003946
1004142 1006787
1007360 1007983
1008572 1009141
1009699 1009801
1010911 1018850
1019436 1020015
1020555 1022719
1034416 1034735
1035297 1035517
1036210 1036754
1037771 1038075
1038383 1039164
1039246 1041369
1042451 1044836
1045603 1046323
1046868 1047713
1050796 1051125
1056367 1056526
1059331 1059655
1068693 1069790
1070665 1070779
1071805 1072034
1074008 1074118
1075236 1075339
1077403 1077576
1079129 1079359
1082035 1082121
1085554 1085974
1098895 1099025
1102687 1103334
1109276 1109783
1110338 1110529
1112249 1112300
1114302 1114449
1118702 1119062
1123923 1124275
1129870 1130037
1141593 1142255
1147476 1147753
1148296 1149162
1150207 1150393
1153307 1153554
1155573 1155850
1160261 1160358
1161479 1162026
1163510 1164449
1167040 1168256
1169468 1169700
1171909 1172212
1174703 1174895
1175611 1175702
1176396 1177264
1178004 1178084
1181053 1181867
1182918 1183135
1187015 1188239
1191146 1191345
1200446 1200553
1203302 1203387
1203990 1204887
1205437 1206278
1210325 1210402
1222226 1222540
1223504 1223663
1232516 1232636
1234692 1234957
1236085 1236276
1237178 1237927
1240114 1240193
1242215 1242601
1246544 1246731
1249496 1249592
1250729 1251072
1255808 1257001
1257562 1258287
1259459 1259679
1264775 1265005
1266607 1266832
1270186 1270256
1272438 1272837
1277457 1278187
1278951 1279465
1280954 1281231
1282577 1282742
1284248 1284757
1285454 1285825
1287033 1287232
1304926 1305488
1307649 1307788
1323254 1323733
1325518 1326215
1331886 1332406
1334497 1334696
1338658 1339278
1340003 1340085
1341162 1342164
1343690 1343970
1347243 1348034
1349610 1349798
1350354 1350533
1359621 1361047
1363378 1363684
1364810 1365109
1365709 1366169
1366822 1367443
1368092 1368882
1369488 1369609
1375987 1376353
1378600 1379002
1386968 1387482
1394677 1395481
1398273 1399470
1403142 1403600
1412982 1413469
1416348 1417051
1417908 1418053
1421551 1422066
1439031 1439459
1441831 1442163
1444103 1444537
1446498 1448236
1449300 1449668
1453621 1453741
1454296 1454690
1456302 1456366
1465033 1465173
1472860 1473150
1474007 1474182
1474696 1475304
1476006 1476073
1487567 1488126
1488701 1489141
1498057 1498607
1500572 1500997
1504294 1504543
1505534 1505876
1506391 1506997
1511621 1511779
1524765 1525130
1526593 1527365
1532821 1533285
1534816 1536159
1536860 1537020
1538552 1538633
1540242 1540768
1543016 1543710
1546458 1546765
1549022 1549703
1553899 1554018
1557738 1557794
1558760 1558851
1559641 1559760
1562070 1562683
1563302 1563401
1564958 1565722
1567173 1567413
1569183 1569344
1576513 1577241
1578565 1578934
1579787 1580019
1580746 1581287
1583196 1583560
1585068 1587418
1600006 1601498
1604859 1605001
1605675 1606531
1609071 1609637
1613682 1614015
1619798 1619861
1621306 1621474
1622843 1623276
1626514 1628009
1629124 1629454
1631215 1633780
1644514 1644769
1646090 1646470
1647161 1647735
1652991 1653167
1654318 1654693
1655236 1657058
1661544 1662358
1667417 1669570
1677843 1678281
1679040 1679674
1681125 1681427
1688812 1688907
1690810 1691061
1692246 1692543
1694251 1694444
1698909 1699231
1702010 1702108
1706706 1707634
1710327 1711994
1715157 1715950
1716992 1718102
1718817 1720164
1722882 1724951
1728623 1729308
1752669 1753012
1756581 1757980
1761206 1762052
1762568 1763050
1764417 1765108
1770315 1770455
1774455 1774954
1775493 1775654
1778266 1778887
1780545 1781006
1789856 1789960
1792438 1792589
1793241 1793502
1799255 1800369
1807192 1807283
1809242 1809344
1810852 1811316
1812893 1813552
1814679 1814840
1816844 1817349
1817894 1817965
1829675 1830052
1830656 1831265
1833374 1833497
1836750 1836994
1837587 1837984
1840315 1841100
1842260 1842335
1843006 1843247
1844509 1844599
1845180 1845554
1850693 1850786
1851305 1851431
1852147 1852536
1853039 1854208
1857041 1857618
1862021 1862297
1867674 1867724
1872920 1873392
1874544 1874593
1879924 1880242
1888213 1888372
1892642 1892762
1897662 1897803
1902728 1909632
1913777 1915132
1916871 1917282
1917898 1918950
1922028 1923388
1927584 1937208
1937979 1938521
1939279 1943544
1943842 1944500
1945135 1946085
1948935 1951832
1954382 1954798
1955328 1956790
1957015 1959336
1960304 1960365
1963647 1964032
1964658 1964963
1966867 1966974
1973040 1973651
1974272 1974790
1980242 1980352
1983593 1983838
1985617 1985887
1988090 1988312
1988881 1989300
1995612 1995762
2009151 2010928
2013482 2014531
2015116 2015203
2016641 2016972
2018452 2018847
2022028 2022362
2025551 2032626
2034325 2034806
2034993 2038080
2038298 2038807
2043337 2043548
2049815 2050030
2055417 2055708
2065965 2067410
2069062 2069325
2082292 2082864
2086075 2086271
2088131 2088522
2091441 2091558
2093408 2094233
2095698 2096248
2112106 2112593
2118656 2119151
2120525 2128617
2129323 2129655
2135534 2136147
2138011 2140156
2141375 2141427
2141955 2142124
2147859 2148765
2151051 2153149
2155667 2156885
2160278 2161356
2162956 2163241
2163922 2164473
2165698 2166685
2167877 2168747
2169660 2169740
2170294 2170759
2172559 2172924
2174000 2175064
2179426 2179809
2197003 2197549
2208530 2215593
2215803 2215904
2216338 2218034
2219002 2222592
2222678 2224262
2224849 2232453
2233700 2237224
2239148 2241549
2241620 2242907
2243003 2243596
2243703 2249649
2251435 2252259
2253052 2253205
2254009 2262540
2283022 2283943
2284466 2284839
2285475 2286736
2288031 2289022
2290788 2290923
2291550 2292227
2305738 2306337
2310073 2310160
2311192 2311983
2312515 2314664
2315279 2316079
2320719 2320865
2327686 2330775
2336116 2337232
2346338 2359799
2361743 2365378
2374317 2375700
2377366 2377481
2381590 2383769
2393147 2393785
2394908 2395263
2400698 2401454
2405477 2406692
2423568 2423707
2426078 2426423
2429319 2429993
2436601 2436671
2443185 2443413
2449670 2449844
2451888 2452079
2453255 2454805
2458306 2458778
2465438 2465802
2466580 2467042
2468055 2468118
2469748 2470122
2478872 2479217
2480867 2481113
2481623 2483182
2484236 2484401
2485026 2491883
2492467 2492879
2495410 2495461
2496560 2499071
2500497 2501352
2501876 2501949
2502123 2502999
2504417 2504946
2511029 2511416
2519804 2520036
2535505 2542102
2549267 2557571
2558250 2564873
2566298 2574687
2575795 2579719
2582772 2583626
2584642 2585164
2585805 2587378
2590411 2590572
2592823 2594415
2595005 2596308
2596422 2596736
2597861 2604781
2605755 2606448
2611666 2612933
2613776 2614077
2615872 2616265
2622360 2622712
2625481 2627523
2628148 2629725
2630861 2637150
2639764 2640175
2643205 2644584
2649101 2649179
2651522 2652150
2667128 2667495
2668084 2669959
2683623 2683954
2684098 2685813
2691684 2695800
2702619 2702857
2703370 2703964
2704693 2705212
2706471 2706554
2709066 2709941
2712322 2714030
2714640 2715537
2736847 2738152
2742859 2743463
2745911 2747374
2751871 2752476
2755498 2755882
2759716 2761108
2766388 2766691
2767341 2767532
2768663 2769828
2772136 2772512
2782547 2782704
2784742 2793937
2797370 2800622
2801734 2802614
2804842 2806723
2809642 2809703
2814247 2817667
2819468 2823442
2827427 2828315
2830785 2833232
2835815 2837261
2838026 2847768
2848997 2852085
2855151 2855297
2855993 2858159
2858896 2859997
2860455 2861947
2863039 2868750
2869711 2870380
2870971 2884671
2885077 2885529
2886015 2891084
2891172 2895836
NC_057372.1
4306 5452
14355 19816
19958 20091
20501 23855
24007 25568
26759 27930
28920 33591
35242 46623
46753 48925
50620 51170
51966 53774
54934 55961
70134 71228
71592 71768
72544 73636
73802 75428
75623 77898
77972 78042
80162 81519
93263 94314
96832 97874
106116 111887
112677 113867
115688 115809
116838 118038
119159 119280
120632 122224
124005 124582
126465 134530
135961 138801
140380 140738
141325 144870
145932 149813
155130 159212
159304 168347
171066 178408
180307 180415
180514 180587
184812 185911
186636 187183
188999 190076
191067 194180
194357 195382
195973 199251
199341 199734
201386 202024
209616 217045
219709 219981
220572 223673
224796 225007
226449 228061
228139 228923
229873 235702
237087 238531
242558 243697
243769 248302
248463 250089
252028 254893
261595 266052
266766 267170
270725 274805
274883 276635
276854 283523
284317 286189
287340 287714
288693 289026
289549 290144
290944 291044
293829 294837
295828 296241
298540 299243
300631 301065
302306 302388
305089 305427
306582 307196
307793 307882
322603 323323
324977 332146
333167 334009
334708 335874
335954 336603
336672 336824
339572 340201
341404 343370
350109 354102
354665 355095
355625 356921
357364 357940
358477 360957
361659 362321
363759 366654
367277 368476
369602 370759
371059 373206
373799 374431
375655 377870
378411 378692
379295 379666
380248 380647
381083 383853
383955 390895
396076 396308
399871 400067
408302 410310
411143 411253
411776 413883
414705 414966
415862 417076
417646 418092
418808 419193
419814 420573
421041 427770
428424 429299
429978 430791
431372 431868
431980 433761
434340 438281
438888 439999
440244 440970
444348 445722
445934 445992
446166 449139
461553 461826
464088 464621
468245 468935
471806 472043
472866 473101
480690 481287
483574 484069
484773 485273
495214 495613
496214 496573
498085 498198
498932 499227
502314 502840
503586 503674
505553 505876
507256 507649
511886 513102
513717 513822
515119 516851
516947 518214
518789 519272
520010 527291
527981 535634
536310 544953
545047 545169
545905 546489
554323 554450
565172 565300
566867 567169
573686 574157
584954 585297
587939 588575
589948 590113
593172 593593
594135 594569
596868 597616
598559 599071
600024 601821
605979 607405
613254 613413
614935 615202
617858 618261
619227 619687
620892 621426
627090 627172
628795 628938
630974 631230
635343 635762
636384 636994
637907 638188
640000 640060
644009 644121
644835 645665
646388 647714
648283 649205
650442 650696
653633 654827
658469 659039
659626 659715
662172 662421
665004 665320
665885 666346
667286 668062
669809 670055
673353 673481
674574 675206
677628 677764
679768 680264
684035 684830
689121 689290
690411 691167
691747 691872
692712 692788
694525 694886
697904 698133
699427 699579
709333 709745
712293 712558
714400 714641
715147 715537
716074 716481
726764 728777
729300 730524
731064 731494
734719 735128
737205 737776
740237 741852
746090 748107
751108 752169
758742 759185
763410 763571
773455 775892
781894 782523
786541 787129
796711 797007
798497 798614
808149 808374
811897 812068
813250 814075
814591 815323
815868 816760
817296 818307
818909 819089
822508 824457
826246 826550
828196 828389
830934 831244
836893 837000
837560 837643
842269 842416
844604 844664
846338 847746
850996 851249
856940 857136
857686 857936
859094 859151
860439 862209
862746 863184
863825 864009
864551 864732
872657 872986
873510 874179
895467 895597
896240 896664
901251 901622
904848 905099
910838 911316
914634 915836
917673 917855
918427 918497
922408 922519
923639 923719
925211 925453
930015 930145
932942 933162
944798 945651
963426 964180
973529 973614
974338 975376
977648 979548
980524 982403
983585 984370
986672 988046
988885 989527
989806 990133
991072 993899
995230 998850
999741 1003063
1003905 1009095
1010159 1014393
1015224 1023201
1028921 1030293
1030419 1032395
1035170 1036258
1038430 1045418
1046091 1046353
1047757 1047941
1049915 1050183
1053670 1053911
1056026 1056284
1057899 1058277
1060258 1060827
1061655 1062086
1065713 1066209
1067484 1067955
1072997 1073125
1076809 1077347
1078178 1078541
1080107 1080169
1080756 1081519
1082682 1082832
1083422 1083924
1085450 1085618
1086924 1087260
1088361 1088837
1095036 1095190
1096490 1096922
1097737 1099119
1100812 1101918
1106709 1107088
1109119 1109210
1109731 1110218
1110830 1110954
1113796 1113850
1115068 1115342
1120698 1120788
1121784 1122866
1126238 1126405
1127447 1128835
1132038 1135413
1136120 1136589
1137913 1138357
1139009 1139651
1142123 1142639
1149743 1150209
1151524 1151643
1154325 1154761
1157004 1157306
1159352 1161047
1163834 1163906
1169751 1170022
1171387 1171596
1172366 1172879
1173819 1174052
1178479 1178989
1180921 1181278
1183694 1183856
1184539 1184723
1185471 1185848
1187276 1187403
1188652 1188853
1191447 1191823
1196746 1196826
1199250 1199424
1201119 1201506
1202328 1202483
1210028 1210162
1216216 1216334
1218066 1218154
1219373 1219935
1224779 1224865
1227018 1227424
1231431 1231496
1233201 1233280
1237711 1237825
1244567 1245533
1251121 1251228
1255511 1255941
1261833 1262721
1265748 1267127
1269998 1270309
1272891 1273211
1274334 1274851
1288605 1289226
1290048 1290737
1291282 1291593
1292319 1292382
1298553 1298785
1300050 1300157
1312431 1312832
1313538 1313800
1316404 1316753
1317927 1318062
1329546 1329917
1333341 1334566
1341146 1341542
1342062 1344472
1347476 1348096
1348751 1349191
1350798 1351180
1359466 1360201
1362755 1363484
1365614 1366140
1368033 1368379
1369697 1369908
1371880 1372009
1372991 1373098
1377650 1377968
1382928 1383319
1383839 1384286
1384803 1384900
1389039 1389491
1390143 1390379
1392413 1392866
1395845 1396482
1397587 1398451
1400459 1402322
1406498 1406638
1409323 1410351
1414078 1415936
1418287 1419084
1423314 1423864
1426966 1427734
1432917 1433123
1441901 1441990
1443669 1444614
1446805 1448289
1449243 1449654
1451513 1452053
1455629 1455687
1458917 1459042
1459860 1460614
1478110 1480221
1482031 1482706
1484677 1484736
1492522 1492676
1494145 1494246
1496982 1497342
1502032 1502961
1507076 1507896
1530175 1530246
1532318 1533381
1534472 1535248
1535754 1536343
1537361 1538520
1538775 1542467
1543562 1545305
1545881 1546591
1548025 1549316
1549916 1550620
1551257 1551971
1552622 1553448
1556267 1560105
1560849 1562281
1563062 1564549
1565112 1569236
1569495 1585887
1586017 1586319
1586874 1587863
1588856 1591690
1592209 1593798
1594400 1594474
1594547 1598381
1599530 1601527
1602506 1603253
1603680 1606582
1606806 1609938
1611540 1614258
1614838 1621625
1623355 1626084
1627151 1627368
1629672 1629924
1631004 1651979
1652897 1655332
1656096 1656566
1657728 1659784
1662813 1663620
1663718 1665315
1666634 1669130
1669377 1672137
1672435 1672567
1673188 1674497
1675120 1679375
1679508 1681196
1699698 1700177
1706973 1707232
1713349 1715353
1716338 1716658
1717249 1717747
1718896 1718989
1719624 1720049
1720565 1720902
1732007 1732158
1734390 1734579
1736552 1736895
1739308 1739518
1743275 1744190
1747998 1748489
1753661 1753976
1761463 1761537
1765128 1766058
1768240 1768580
1774285 1774425
1778240 1778607
1779149 1779581
1784436 1784516
1785423 1785692
1795205 1795292
1796397 1797221
1798827 1799067
1803953 1804485
1807733 1808067
1813454 1813870
1814760 1814985
1820602 1820979
1821849 1822294
1825642 1825833
1826794 1827431
1830949 1831000
1832454 1832791
1836949 1837176
1837894 1839628
1849292 1849453
1852395 1853702
1857026 1857239
1859937 1861125
1862359 1862782
1864661 1865011
1867061 1867255
1868991 1869200
1869748 1869973
1870544 1870692
1872858 1873042
1877402 1877823
1878582 1878772
1881393 1881728
1886770 1887077
1893534 1894078
1901103 1902346
1903169 1903689
1914563 1915190
1918210 1918933
1920135 1920377
1927020 1927621
1928285 1929351
1929863 1930245
1930837 1931193
1931715 1932155
1934833 1935119
1936695 1937115
1937990 1938796
1940464 1940818
1941815 1941968
1945370 1945482
1948801 1949630
1950940 1951050
1958020 1959127
1960266 1960389
1962290 1962514
1963110 1963998
1965190 1965472
1967233 1968053
1969990 1970268
1971053 1971500
1972579 1972954
1979412 1979507
1987426 1988184
1990471 1990685
1991248 1991384
1996309 1997693
2000410 2000888
2003726 2003945
2006908 2007094
2010118 2011153
2011707 2012061
2014316 2014374
2023958 2024315
2028535 2029022
2031146 2031673
2033755 2034135
2040591 2040968
2048438 2048730
2048842 2049280
2049930 2050681
2052272 2052509
2053209 2053645
2057768 2057969
2063669 2063823
2064368 2064902
2071566 2073289
2075701 2075802
2076445 2076654
2077471 2077647
2082808 2083111
2085303 2085625
2088542 2088665
2095784 2096636
2106841 2106928
2113438 2116594
2120111 2121946
2133124 2133637
2136420 2137144
2139127 2139593
2140321 2140544
2142832 2143197
2147421 2148293
2157727 2159543
2160656 2160949
2162943 2163409
2176379 2176432
2181068 2181131
2183416 2186878
2188008 2188115
2191089 2191239
2192178 2192608
2193252 2193606
2195489 2195862
2197544 2197936
2198631 2198727
2205150 2205584
2206258 2206330
2210418 2210767
2211428 2214388
2214549 2228045
2231070 2236368
2237174 2243708
2244474 2245383
2245457 2246566
2246700 2247279
2247998 2253624
2256524 2257833
2258442 2260541
2261288 2261887
2263184 2263439
2265057 2265333
2280132 2280878
2284321 2285009
2289680 2290147
2295881 2296092
2298342 2298591
2315865 2316092
2317732 2318110
2319129 2319235
2319985 2320330
2321461 2321694
2324089 2324289
2326089 2326180
2327644 2328042
2330196 2330257
2332236 2332359
2334801 2334915
2336515 2337111
2344077 2344700
2345333 2346846
2348019 2348455
2350800 2351073
2351619 2351979
2358462 2358531
2359033 2359653
2360952 2361300
2363198 2364382
2365855 2366340
2368254 2368626
2371959 2372084
2379610 2379719
2388557 2389004
2392587 2393013
2393566 2393658
2399383 2399752
2400322 2400381
2402657 2402854
2403380 2403472
2404556 2405445
2406110 2406538
2407208 2409542
2410100 2410240
2410789 2411337
2412011 2412193
2413862 2414658
2415867 2416587
2421262 2421603
2425213 2425469
2426098 2427841
2433598 2433841
2435060 2435396
2437413 2437719
2442627 2442689
2443712 2444571
2447210 2447595
2452310 2452441
2452970 2454846
2459469 2459674
2462084 2462554
2465011 2465175
2470353 2472032
2476280 2476364
2477454 2477965
2479300 2479866
2496494 2496680
2497341 2497577
2498670 2498875
2499963 2500421
2500969 2501566
2502609 2502710
2503267 2503789
2505818 2506114
2507333 2507395
2508104 2508559
2510062 2510441
2514086 2514575
2519881 2520751
2521419 2521687
2522693 2522900
2523596 2524583
2526442 2526766
2530525 2530595
2533044 2533199
2534720 2536172
2538470 2538905
2540592 2541277
2543688 2543958
2546681 2546769
2547868 2548128
2549022 2550521
2551485 2551640
2552339 2552710
2553641 2553768
2554281 2555465
2557110 2557190
2559790 2559839
2563366 2565481
2574243 2574438
2579174 2579320
2585278 2585767
2590481 2590936
2593279 2594547
2595249 2595729
2596614 2597351
2602930 2603730
2605570 2605882
2612510 2619477
2625517 2625743
2626298 2626349
2627051 2627638
2634631 2634789
2637680 2637957
2639083 2640562
2643001 2643093
2645619 2646665
2647197 2647288
2650655 2650736
2651585 2651883
2653124 2653394
2659335 2660417
2662520 2662635
2664414 2664467
2670229 2670328
2671323 2671590
2672098 2673713
2676501 2676833
2688017 2688211
2694956 2695983
2696683 2708867
2708998 2709463
2710104 2711098
2711219 2712310
2712742 2713301
2713865 2715319
2715422 2719085
2719745 2720163
2721752 2721843
2725376 2725587
2736418 2737512
2738870 2739385
2740343 2743093
2743927 2746804
2748213 2748349
2748433 2757622
2757713 2759323
2759485 2761464
2762406 2762952
2764521 2764706
2765420 2766654
2770250 2770494
2772143 2772582
2774500 2774584
2776181 2776403
2777558 2777672
2779856 2779920
2783046 2783185
2783717 2784311
2786423 2786979
2789674 2790025
2790818 2791301
2795067 2795188
2801030 2801173
2803275 2804350
2814498 2815338
2819442 2819572
2820328 2820949
2822843 2823463
2824066 2824121
2824779 2825131
2828775 2829562
2830230 2830732
2850459 2850613
2851704 2852202
2856723 2858744
2859958 2864099
2864276 2868782
2868945 2869054
2871263 2873185
2879328 2884229
2884356 2884675
2886599 2886842
2891000 2891312
2891866 2892178
2896465 2897121
2899318 2899702
2905946 2906089
2908846 2909210
2912633 2912940
2916412 2916487
2917049 2917193
2921810 2922016
2930794 2932244
2932986 2933060
2939772 2940258
2942691 2944189
2944739 2945117
2946767 2947267
2947963 2949357
2952162 2952472
2957334 2959139
2959950 2960189
2969427 2970704
2972631 2973288
2974632 2975686
2976438 2980184
2980958 2981095
2982314 2982635
2993858 2994106
2998289 2999064
3000161 3000222
3000996 3001081
3002719 3002862
3014150 3014309
3015377 3016338
3017260 3017507
3021999 3023283
3029032 3029425
3030843 3031253
3034095 3034329
3038317 3038373
3039505 3040642
3043316 3043383
3045572 3045863
3049592 3049985
3054614 3055081
3055635 3056335
3059372 3059605
3064008 3064340
3065224 3065561
3066448 3066511
3089459 3089712
3090764 3091741
3093592 3094210
3095850 3099275
3101037 3101351
3101870 3102234
3102802 3103221
3107476 3108017
3110568 3110711
3111261 3111447
3113335 3114102
3114653 3114800
3119669 3120313
3122180 3122548
3127225 3127500
3138383 3139024
3141302 3141442
3143660 3143853
3144887 3145042
3150457 3151168
3156449 3156543
3157750 3157955
3159552 3163030
3164690 3164987
3165538 3168987
3171464 3171748
3175023 3175219
3178387 3178627
3179323 3179424
3181272 3182842
3184719 3185531
3190616 3191294
3196852 3197422
3201370 3202315
3207668 3211721
3214134 3214353
3215911 3225323
3225999 3241402
3241502 3241785
3242823 3243126
3245702 3249292
3250130 3256697
3256805 3257441
3258075 3258223
3258832 3259416
3261198 3262335
3265000 3265211
3266752 3267591
3268833 3269413
3270390 3271448
3271533 3271934
3272094 3273240
3274035 3274253
3276521 3277225
3277828 3280470
3280949 3281415
3283956 3285497
3286042 3286139
3289826 3290943
3291990 3292584
3293222 3293626
3312858 3312968
3315452 3315958
3321426 3321680
3324548 3325111
3328137 3328695
3329235 3329419
3330057 3330154
3331995 3333341
3333858 3334714
3337022 3337130
3340682 3341172
3345672 3347206
3355045 3355917
3360430 3362149
3363781 3365694
3367582 3369686
3370260 3374506
3375203 3376622
3379389 3379911
3379991 3380274
3384066 3384413
3388993 3389099
3390305 3390371
3414370 3415585
3415762 3418673
3423593 3425882
3432714 3432920
3433487 3433539
3434290 3434832
3436922 3438008
3440577 3440781
3441558 3441792
3444367 3445854
3446045 3448302
3449283 3449383
3462725 3464090
3467389 3472364
3479007 3479375
3480066 3480864
3482035 3484742
3487339 3492476
3493165 3496868
3499542 3502914
3503561 3504523
3506516 3508681
3517509 3518898
3520984 3532025
NC_057373.1
1 2992
5405 5846
6402 6554
9876 10606
12426 12825
15811 16467
17279 17659
18885 19613
25810 26571
29039 29133
37607 38274
41228 41492
50525 50631
56502 56959
58547 58729
60085 60401
63540 69188
69883 70242
70681 71313
72415 72478
72561 72816
73411 77071
77516 81755
86945 89308
91678 91890
93938 94722
96171 97632
99203 100439
101644 101978
109768 109927
111217 111347
116861 118795
121406 122887
123487 123958
124962 126401
131847 132211
137542 138021
139199 140480
151200 153092
154569 159562
160083 161523
162911 163189
165378 165657
167458 167790
168430 168520
170249 170375
171680 172408
177543 177643
185777 186473
186922 189009
190718 194110
196603 197300
197847 205883
206170 206831
211787 212167
214729 214860
216429 218431
220517 220636
222926 223373
227769 227892
229644 233541
233759 241594
241883 242462
246826 246930
248595 249167
252169 252661
253856 254139
254735 254972
261103 266194
269466 270097
286089 286456
294740 294927
296193 296470
296820 296873
297328 297385
297871 297961
298614 300645
303209 303312
306918 307595
313346 313790
314749 315116
316471 316963
319707 320026
323536 324342
329377 329499
330059 330586
334862 334950
336686 336803
337359 337561
338521 338643
339328 339988
341789 342020
342803 343010
344253 344774
348249 348770
350685 351600
356413 358248
358340 360230
360741 363467
364347 364603
365515 365949
367740 368471
369121 370172
374583 374773
377156 377609
384087 384307
393623 394352
395955 396414
398233 398629
402677 404432
409681 409781
410899 411051
411656 411819
413735 413984
415502 415663
419862 419943
420533 421193
422232 422439
422956 423378
424337 424434
425096 425391
426505 427049
428444 428630
429812 430176
432205 432476
433730 433944
444396 444951
445538 445944
448559 456707
456868 459144
459863 461897
462704 469921
478496 478722
481316 481980
483984 489555
491663 492006
499677 499904
505053 505227
506880 507099
507827 508247
511836 512116
513079 513253
521518 522082
522481 531434
532622 534144
534397 535395
543188 543439
545192 545776
547094 547272
549929 550150
550792 552699
553915 555176
557150 557223
558031 560269
561260 561462
563138 563218
566047 568098
568377 568948
569132 569835
570962 573252
574785 575173
575780 576812
582908 583880
586892 587369
591450 591746
593593 593863
594525 594726
598710 600549
602698 603486
605556 606186
606903 607278
613350 613730
624796 624906
626944 627187
629362 629784
635899 636186
638146 638601
641793 649798
651450 655042
657048 657775
657846 658202
658505 663203
667073 667258
672917 673322
673842 674473
675011 675187
675767 676350
677003 677705
678817 679777
690769 691085
693985 694210
697280 698905
699629 699723
700293 700760
706386 706514
707632 707833
708977 709604
715753 715961
716147 722151
723332 723437
725064 725607
726887 727660
730509 732436
732893 733590
734217 734773
736993 737678
740975 744146
745347 747795
750403 750460
756907 757037
757574 757812
759923 760282
764321 765194
765757 766880
767468 767817
769259 769416
777133 777320
780204 780727
782287 782805
787370 787564
788689 788974
790343 792676
794461 794813
799218 800546
809703 809955
810533 811027
813278 814505
815632 815763
817729 818198
819956 820395
823345 823606
825042 825111
827124 827429
833157 833434
840302 841388
842189 842268
843341 844082
846967 847225
849957 850017
850557 850873
851681 852713
856401 857068
862463 863356
865654 866697
867216 867409
869551 869899
871225 871497
875484 875739
879136 879295
881595 881729
881820 882009
883416 883993
886203 886474
887145 887253
888991 889739
892781 892968
893793 894073
895149 896457
901184 901311
904785 904984
905784 906643
907179 910015
910598 911012
911687 912091
913963 914417
917902 918548
923246 923435
924062 924442
925000 925502
928979 929135
929782 930302
932052 932604
933652 933708
944189 944709
945810 946082
947984 948511
952110 952357
954405 954509
960672 961192
962752 962958
964522 964839
973032 974300
974940 975133
975757 976096
978534 979305
981198 981634
982180 982338
984822 984971
987215 987755
990385 990728
993752 993916
994790 995445
996050 996420
997605 997956
998640 998901
999524 999901
1008546 1008995
1009923 1010764
1014093 1014621
1016428 1017054
1017571 1018532
1021897 1022085
1022841 1023382
1024868 1025140
1027127 1027673
1028659 1029319
1030834 1031058
1033106 1033470
1035377 1036095
1046761 1046850
1050956 1051304
1057431 1057905
1063768 1064661
1066494 1066609
1067236 1068990
1069537 1070249
1071025 1071488
1073239 1073480
1076953 1077171
1078140 1078827
1082326 1082502
1083995 1085296
1097109 1097172
1104794 1105164
1107351 1109510
1114932 1115124
1118264 1118660
1120191 1120575
1121653 1122237
1123313 1124213
1125790 1125987
1127368 1127595
1130113 1130351
1131341 1131528
1133490 1133908
1137230 1138797
1140355 1140491
1141813 1141865
1143954 1144224
1163679 1163965
1165131 1165535
1169922 1170010
1171116 1171859
1173293 1173437
1180809 1180996
1183963 1184203
1185325 1185434
1187402 1187499
1189047 1189696
1192800 1192982
1201484 1201777
1203863 1204574
1205583 1206912
1208040 1209134
1213024 1213217
1214290 1214565
1226791 1227192
1234294 1234396
1238055 1238442
1239363 1239946
1240489 1240625
1242543 1242749
1252084 1252206
1255905 1256477
1257136 1257667
1260475 1260657
1264779 1265276
1266635 1266946
1270952 1271739
1274518 1275293
1279752 1279977
1286196 1287001
1292764 1292968
1294305 1294749
1297925 1298135
1298913 1299266
1300348 1300474
1301400 1301657
1302190 1303285
1312359 1312448
1314433 1315493
1317457 1317551
1321296 1322605
1323498 1324303
1324922 1324986
1327672 1328157
1338460 1339033
1343485 1343656
1345561 1345804
1350023 1350207
1350748 1351151
1353825 1353914
1360493 1360740
1365131 1365392
1368730 1369100
1373269 1373759
1375488 1375693
1377101 1377669
1379104 1379210
1382138 1383100
1389052 1389788
1392206 1392632
1393182 1396796
1397794 1398227
1415758 1416360
1419993 1420156
1432440 1432882
1436056 1436263
1438399 1438496
1440165 1442605
1444316 1444454
1446618 1446742
1452686 1452890
1455820 1456265
1456919 1457126
1458457 1458548
1466800 1467633
1468409 1468983
1471180 1471355
1473104 1473232
1475186 1475300
1495339 1495454
1498148 1498355
1504575 1504822
1508377 1508800
1510306 1511082
1515429 1515501
1518320 1518440
1518966 1519524
1523238 1523543
1524554 1524704
1529460 1529903
1531039 1531862
1542464 1542569
1543721 1543887
1544448 1544654
1552339 1552733
1559361 1561537
1571471 1571904
1572598 1572779
1574289 1574654
1576515 1576642
1582507 1582795
1585247 1585691
1586610 1587999
1593306 1594030
1599120 1599507
1601337 1601545
1603770 1603856
1605252 1605498
1620763 1620982
1622229 1622711
1650118 1651504
1652135 1653332
1654447 1654857
1655494 1655647
1656920 1656980
1659725 1660275
1662669 1662803
1668539 1669332
1686484 1686796
1690679 1691448
1694182 1694638
1695395 1695829
1696385 1696945
1704634 1704740
1705264 1705862
1711220 1712052
1718404 1719141
1719814 1719873
1721857 1721983
1722574 1722960
1723581 1723919
1728155 1728326
1729804 1730205
1731341 1731761
1732272 1732504
1735833 1736150
1737992 1738071
1744652 1745305
1745934 1747020
1762639 1763206
1764047 1764410
1765010 1765241
1770100 1770176
1770969 1771205
1777956 1778124
1784651 1784991
1788352 1789057
1789686 1790396
1794094 1794339
1795073 1795257
1796348 1799549
1800378 1801133
1804292 1804932
1808546 1808696
1811358 1811707
1816531 1816641
1819952 1820088
1820632 1820803
1821304 1821422
1824014 1824833
1825914 1825988
1829217 1829350
1836964 1837173
1838437 1838972
1842816 1843002
1848040 1848159
1855557 1856162
1865375 1866169
1868054 1868862
1870062 1870445
1874174 1874816
1879174 1879259
1882637 1882957
1883692 1884593
1885926 1886005
1886732 1886913
1888240 1889087
1891772 1891850
1894284 1895336
1897569 1898696
1900793 1901013
1903184 1903322
1905766 1905924
1915857 1915979
1920644 1920782
1924042 1924202
1929892 1930090
1930654 1930802
1932041 1932617
1935573 1935952
1940027 1940428
1943085 1943155
1946965 1947092
1947801 1947900
1959096 1959368
1966990 1967115
1968695 1969033
1973346 1973875
1974780 1975040
1975898 1976361
1978980 1979871
1982990 1983079
1991223 1991564
1998297 1998554
2001383 2003280
2023432 2023714
2027625 2027765
2040604 2040906
2045343 2045722
2047126 2047837
2055420 2055656
2056485 2056783
2064452 2064756
2067507 2067854
2071389 2072131
2074105 2074386
2086982 2087894
2088430 2089006
2090071 2090423
2092135 2095108
2095819 2095921
2098540 2098644
2099960 2100817
2109264 2109407
2113941 2114095
2116779 2117144
2119559 2119646
2120720 2121622
2122455 2122605
2125384 2125849
2128466 2128593
2130579 2131147
2132847 2133366
2136052 2136560
2140841 2141215
2144824 2144971
2148222 2148361
2148925 2148999
2149581 2150392
2155522 2156254
2164399 2164583
2168286 2168599
2171288 2171472
2175948 2176693
2195817 2196018
2196613 2197814
2199935 2200000
2206351 2207550
2208275 2208629
2209690 2209995
2212443 2212808
2214516 2215352
2216281 2216416
2219726 2219870
2222919 2223076
2223865 2223936
2227166 2227414
2230300 2230418
2236732 2237019
2238642 2238703
2239421 2239534
2240094 2240441
2247413 2247632
2249147 2249309
2252635 2252726
2253623 2253737
2254826 2255030
2257344 2258065
2258864 2259503
2266064 2266730
2267455 2267609
2268191 2269554
2271610 2272231
2273993 2274135
2274741 2275487
2282941 2283094
2301106 2307697
2312956 2314758
2314848 2331411
2333575 2334964
2336588 2340247
2341369 2341506
2342561 2344007
2344966 2345920
2352905 2353538
2354474 2354599
2355842 2355916
2357863 2358021
2358890 2359138
2361280 2361455
2364790 2365184
2369348 2369512
2371186 2371250
2378516 2378838
2383802 2384001
2385320 2385398
2390301 2390836
2392937 2393082
2393652 2394142
2401843 2403344
2404834 2405171
2406182 2407210
2415436 2416396
2417537 2418210
2422336 2422493
2425609 2426019
2428909 2429999
2433511 2433603
2436879 2437110
2439802 2439992
2443253 2443832
2448158 2448891
2451829 2452423
2456635 2456765
2465586 2465698
2467160 2467458
2468618 2469016
2470911 2471122
2472780 2473713
2475816 2476429
2477235 2477531
2478240 2478685
2484496 2484620
2485594 2485921
2489784 2490295
2491370 2491463
2495163 2498063
2501535 2501602
2522734 2522865
2523437 2523725
2527208 2527259
2527985 2528127
2534981 2535433
2559098 2559421
2560007 2560835
2565285 2565443
2570043 2570462
2579549 2579671
2580824 2581197
2583179 2583262
2584659 2584962
2586535 2586920
2588525 2588792
2591262 2592093
2593050 2594209
2598470 2598700
2605858 2606005
2606641 2607029
2607924 2609065
2609781 2609927
2614394 2615729
2617591 2618057
2623032 2623351
2632076 2632856
2634273 2634661
2637198 2637294
2639784 2639923
2642199 2642274
2652074 2652513
2658944 2659457
2665457 2665717
2668213 2668552
2670109 2670298
2671273 2671604
2672872 2673622
2674177 2674562
2675309 2675378
2678307 2679175
2680574 2681602
2688210 2688919
2693572 2693626
2697717 2698398
2700928 2701198
2701838 2701918
2702894 2703351
2704037 2704393
2706280 2706495
2708398 2709163
2709781 2710139
2712284 2712389
2714744 2714964
2717924 2718281
2719458 2719981
2722752 2723635
2725850 2726139
2728613 2728828
2732886 2733195
2737022 2737121
2738978 2739507
2740199 2740311
2745349 2745907
2748463 2748661
2756660 2756791
2757427 2757497
2758388 2759173
2765522 2765661
2766488 2766812
2767457 2767872
2768453 2768506
2769070 2769506
2770417 2770516
2771222 2771945
2783406 2783618
2786076 2786447
2788237 2788365
2791234 2791788
2805115 2805246
2807414 2807679
2815248 2816052
2817004 2817066
2825673 2826542
2828310 2828485
2837128 2837221
2838988 2839150
2840967 2841069
2844881 2845444
2851826 2852396
2853411 2854345
2855625 2855882
2856867 2858347
2859092 2859393
2861188 2861421
2862592 2862752
2864210 2864648
2866755 2867121
2869178 2869677
2873949 2874014
2875190 2875294
2876615 2877207
2878346 2878601
2885163 2885379
2886005 2886595
2887348 2887793
2889866 2890277
2893874 2894614
2897145 2899017
2901802 2902355
2910002 2910389
2916409 2916724
2918658 2919560
2927362 2927604
2928320 2928481
2930942 2931177
2934594 2934836
2935413 2935791
2938647 2939172
2942392 2942512
2946227 2946795
2953788 2953915
2970101 2970211
2971651 2971895
2972418 2972612
2973189 2973561
2974086 2974246
2974846 2975024
2977123 2977300
2979367 2979797
2983834 2984090
2995974 2996870
2998772 2999386
3001207 3001540
3002168 3002582
3009088 3009569
3017737 3017995
3020576 3020771
3021770 3021833
3025685 3026006
3029307 3029460
3035192 3035387
3036516 3037146
3040066 3043626
3047278 3047370
3048868 3049497
3061161 3061856
3063997 3064363
3065801 3066241
3069055 3069216
3072668 3072984
3075362 3075452
3076051 3076833
3078514 3079555
3080086 3080264
3085505 3085904
3086734 3087485
3088797 3089368
3091399 3092112
3094021 3094307
3099661 3100529
3104691 3104990
3110387 3110818
3115434 3115647
3117044 3117221
3120984 3122569
3123702 3123985
3125509 3126082
3128579 3129508
3131090 3131316
3133659 3133962
3138955 3139085
3140638 3141514
3149898 3150147
3167210 3167420
3183134 3183638
3188891 3189370
3191952 3192314
3193513 3194670
3196823 3196921
3197445 3198271
3200568 3201450
3229047 3229126
3239365 3239802
3240706 3242293
3242419 3243400
3243995 3244639
3245564 3250549
3253346 3257956
3264516 3264627
3272931 3273157
3273661 3273995
3276871 3277672
3279234 3279416
3288604 3289064
3289766 3290210
3290937 3293757
3298635 3298971
3300590 3301846
3302434 3302721
3308792 3308851
3315425 3315625
3317898 3320943
3322217 3322350
3325550 3326028
3327638 3327735
3329305 3329749
3330815 3331084
3331780 3334683
3335527 3335962
3340475 3340744
3341574 3342518
3343928 3344646
3348870 3349490
3350876 3351338
3360383 3360567
3369398 3370092
3370706 3370846
3373200 3373671
3374226 3374823
3379271 3380023
3380660 3381404
3387501 3387813
3390336 3394838
3396686 3397724
3398365 3399174
3400209 3400670
3404406 3404775
3406053 3407292
3408646 3408802
3410161 3410846
3412217 3412279
3412504 3412845
3416412 3418724
3422044 3423621
3428604 3434949
3435663 3436073
3437781 3440535
3442432 3445914
3447168 3448843
3448981 3450750
3455507 3456211
3459137 3460198
3462578 3463683
3465930 3466329
3468831 3469158
3484027 3486377
3490332 3490397
3496354 3496619
3499473 3499816
3501303 3501712
3502422 3502750
3505370 3505492
3520786 3521374
3524309 3524435
3526581 3527212
3527793 3528085
3533926 3534357
3541630 3543037
3548063 3550958
3556601 3556667
3561194 3561551
3564895 3565472
3566201 3566556
3569368 3569881
3570429 3570603
3573679 3573980
3577442 3577605
3585317 3585878
3587736 3588212
3588828 3589098
3590298 3591106
3591229 3591477
3592069 3592159
3592377 3596909
3597465 3598110
3598724 3598901
3599182 3599747
3603627 3604995
3605605 3606035
3607200 3607261
3608404 3609361
3611996 3612297
3634719 3635111
3636762 3636875
3648322 3648387
3649052 3649416
3650558 3652283
3652974 3660392
3663213 3665518
3665673 3665972
3666673 3667433
3668580 3668653
3669277 3669451
3670305 3670846
3671989 3673631
3674200 3676387
3677132 3677471
3678080 3684501
3685072 3690342
3695648 3696661
3696823 3701891
3702492 3704919
3709094 3710649
3713152 3714023
3716035 3716163
3717343 3717631
3718297 3718791
3719453 3719786
3719985 3726751
3729027 3730081
3730448 3731328
3731473 3733816
3733933 3737004
3737299 3742736
3743198 3743785
3744480 3745271
3746788 3746897
3748060 3752550
3752826 3756861
NC_057374.1
1 3216
4194 13548
14106 14617
18170 18629
20277 20474
24219 25474
27127 27433
28478 28723
29379 29791
33036 33103
33647 35107
41561 42215
46299 46432
48935 49189
50042 51877
52383 52515
53888 54492
56132 57582
60070 60393
61865 63357
64851 65291
70645 71223
72813 73423
100461 100750
103901 104084
105015 105323
110722 113249
113977 114056
115073 116066
116655 120436
121006 121102
124694 125115
131757 131806
136395 136497
137152 137565
138287 138742
147164 147426
154587 154691
158649 159144
159817 159878
161525 161765
162729 163143
163915 163972
165167 165216
167161 167495
177743 181414
182088 185675
188723 191963
192080 195033
196280 201006
203361 203657
209199 209862
210909 215053
216024 218154
218821 219388
221244 224155
228956 229286
229924 230012
230913 231943
233117 233682
236522 236859
239588 239926
240451 240643
241323 241637
242178 242734
243768 243822
245389 245563
247088 247173
247952 248033
250031 250082
253115 253921
263714 264126
264683 264812
266160 266225
274518 274711
284654 286664
290223 296631
296790 298175
298247 300267
303345 303684
304996 305421
308927 309227
310578 312186
317573 319774
321860 322047
326253 326683
332445 333879
336601 336882
339650 339816
340382 340559
342601 342807
345007 345129
346511 347020
349501 349681
352816 353653
354266 354821
355748 358066
359334 359976
365758 366501
370254 370436
384536 385160
386083 387559
388815 388918
389664 389840
391019 391181
392342 392406
393115 393199
398548 398823
401181 401954
402598 403537
406206 406489
411403 412214
413898 414027
415425 415854
416411 417073
417642 417740
419623 420649
421960 422259
424631 425029
426013 427417
428812 429177
429725 429819
432948 433180
434074 435191
437151 437630
442385 443350
443907 444261
447297 447612
448153 448508
449099 450294
452292 452659
454228 455047
456805 457077
458248 458620
462262 462903
463937 464312
469231 469506
471129 471472
472794 472858
473862 474122
478750 478905
487724 487960
492615 492853
493378 493990
494510 495332
497523 497663
498779 498931
500934 501168
503000 503419
506374 506937
508900 509181
513627 514035
515341 515763
516687 518784
522317 535933
537118 539561
540915 541342
541940 549967
550126 551857
553357 553856
557817 558466
568922 569772
571366 572801
573872 575047
575969 576036
577745 579907
585358 597178
600917 602918
604022 604738
605444 606864
607628 610000
612979 613306
615190 616921
618028 618385
618976 619128
621531 622136
623660 624239
626259 627606
629135 629937
633006 634470
636062 640149
642374 642453
643057 643598
644610 645402
647326 647741
650199 650635
652403 652502
654048 654509
655198 655318
655829 656012
656698 656861
658527 658801
662244 662560
663553 664803
666435 666505
667355 668016
671196 672019
676612 677197
677774 678389
682857 683200
685795 685980
687186 687527
689822 690055
692905 693512
694904 697404
703013 703175
705870 706113
708141 708302
710604 710911
713059 713205
714239 715123
716539 716626
717334 717999
722102 722497
723047 723184
724902 725043
727570 728045
731814 733713
740208 740263
743241 744139
749525 749959
752179 753296
753867 754319
755733 762988
781184 781351
782549 784281
789201 789387
792893 793655
794325 794534
795272 795322
795975 796340
800121 800598
811685 811921
818729 819591
822642 822703
822937 823015
823181 823324
824661 824726
827421 828244
831647 831724
836375 836713
837420 837477
838591 839215
840843 841071
867118 867599
872272 873620
881656 882987
892167 893029
896931 897136
900371 900563
901236 901713
903249 903305
903890 904576
910003 910129
914558 915096
917179 917758
922811 924007
927486 928088
940419 940854
943879 944085
945528 946051
948237 948464
948948 950136
952092 952911
954259 954473
957086 957547
962470 965501
969317 970046
975385 982180
982870 983475
985523 986051
988806 988917
992326 992609
996742 997221
999927 1000002
1003496 1003659
1007312 1007516
1009171 1009410
1012427 1013263
1015533 1015760
1019178 1019595
1020247 1021092
1022834 1023013
1028498 1031348
1032665 1032863
1035018 1035105
1036283 1037767
1043887 1043984
1045228 1045816
1047695 1048475
1052381 1052486
1060478 1061372
1063195 1063324
1065704 1066112
1076974 1077084
1080076 1080334
1084951 1085109
1085865 1086228
1094589 1095535
1103653 1103963
1106957 1107221
1118825 1118912
1119803 1120125
1120883 1121669
1123716 1123957
1124654 1126283
1128929 1130030
1140153 1140773
1142308 1143059
1144200 1144296
1150326 1150894
1153018 1153292
1157049 1157368
1159343 1159518
1160879 1161380
1162184 1162486
1163946 1164462
1166303 1167036
1169916 1170643
1171897 1172201
1175178 1175272
1177214 1178093
1184506 1184652
1185182 1185679
1186207 1186749
1190498 1191417
1192692 1192828
1193925 1194010
1194739 1195136
1195716 1195780
1197210 1197573
1198792 1199382
1201031 1201182
1204630 1205161
1209241 1209490
1215407 1215786
1216778 1216923
1220501 1220803
1222230 1222646
1223308 1223382
1225198 1225659
1226671 1226729
1230959 1231351
1236882 1237262
1240005 1240381
1241895 1242509
1243586 1243818
1244886 1245159
1247886 1248114
1249660 1250509
1253021 1253118
1253758 1254374
1255666 1255934
1259992 1260773
1262338 1263270
1268510 1268981
1270962 1271061
1280827 1281416
1282126 1282578
1286915 1287064
1291202 1291258
1292283 1293513
1294026 1294145
1304476 1304967
1306119 1306188
1306920 1307192
1309772 1309878
1327160 1328090
1329376 1329457
1329989 1330538
1331108 1331639
1334041 1334166
1336591 1340067
1342717 1345333
1345951 1346357
1360591 1360808
1362380 1362435
1366822 1366954
1372556 1372844
1378798 1379159
1381172 1382817
1383810 1383863
1396159 1397011
1402775 1402886
1405872 1406283
1410114 1410294
1419020 1421641
1422303 1422541
1423176 1423583
1426218 1426513
1431906 1432113
1435032 1435312
1437142 1437911
1439142 1439636
1440238 1441537
1451869 1452343
1454248 1454422
1467461 1468568
1469215 1469898
1470433 1471025
1477415 1478052
1497725 1498082
1499053 1499144
1499829 1499959
1511503 1511565
1512711 1513835
1514539 1515780
1521682 1523295
1562717 1563345
1564161 1564657
1587862 1588117
1601125 1602474
1603138 1603200
1609857 1610318
1611495 1611927
1611998 1612237
1612419 1612531
1612964 1613505
1614944 1615995
1623634 1623878
1626033 1626972
1630397 1630881
1634855 1635438
1636166 1637433
1638627 1639228
1640997 1642039
1643075 1643766
1645476 1645695
1647048 1647487
1653990 1654483
1655229 1655786
1658621 1658746
1659660 1660832
1666650 1666790
1669087 1669195
1675251 1675760
1679206 1680087
1680178 1680563
1681150 1681742
1683485 1684352
1684552 1695238
1696235 1697219
1700364 1705286
1706221 1715161
1715662 1723609
1724773 1728376
1729817 1730125
1732988 1733823
1735023 1736945
1737019 1738858
1739049 1741485
1742295 1743979
1748501 1748671
1749418 1750154
1751725 1756729
1757643 1758958
1760701 1760960
1761170 1762246
1764584 1766405
1768561 1769816
1774186 1774469
1777046 1777494
1780161 1780390
1784399 1784901
1791352 1791783
1793015 1793829
1796126 1796289
1799181 1799284
1802746 1802963
1804174 1804784
1807644 1807986
1814313 1814978
1815410 1821888
1824286 1828900
1833611 1834004
1841297 1841635
1843943 1844078
1846611 1847223
1850292 1850884
1851620 1851902
1856366 1856633
1857363 1858785
1862566 1862806
1869454 1869525
1870488 1871152
1874770 1874875
1875555 1876625
1877208 1877292
1878609 1878767
1883386 1887001
1891684 1892279
1894766 1895618
1896227 1896654
1898987 1899254
1914250 1925301
1934109 1935054
1939142 1939809
1942582 1942793
1947040 1948893
1951814 1952256
1960736 1960793
1964732 1964881
1965469 1966453
1967655 1967897
1969158 1969598
1970362 1970967
1974010 1974118
1974624 1981785
1982407 1982911
1984397 1984704
1985529 1985936
1987280 1988069
1989566 1990067
1992047 1992415
1993414 1994678
1995910 1996030
1996733 1996836
1997501 1997730
2001339 2001395
2001599 2001678
2001890 2002129
2003336 2003534
2003623 2008978
2009177 2009584
2010843 2017486
2021455 2023768
2025757 2027018
2030121 2031460
2031716 2037730
2047539 2048845
2051061 2054383
2055123 2056123
2057613 2057783
2058447 2058547
2061233 2062077
2065231 2065727
2065834 2066154
2070534 2070829
2076984 2077191
2080839 2081028
2083614 2084789
2097043 2097461
2098076 2098289
2100074 2100359
2104368 2107208
2110231 2111406
2111531 2119543
2120097 2123238
2123324 2130062
2131365 2133125
2136036 2141728
2143298 2143885
2145474 2149401
2150044 2151487
2152089 2152479
2154578 2155559
2156746 2163075
NC_057375.1
1 5688
6818 7674
8029 9539
9714 11855
12405 37320
37965 39692
40343 41700
42714 44374
44442 47889
48405 48561
49150 50063
50144 50488
51991 52626
54237 54422
55370 55933
57342 57916
58544 58909
59528 59980
60636 61069
62878 63054
65439 65618
66071 71250
71770 72480
75229 76038
77573 79109
79228 82510
86263 86347
86894 87112
97430 97660
98795 99179
101692 101985
106890 108772
112918 114638
115230 115612
116148 116692
117815 118568
119743 119916
121146 121292
125972 126143
127958 128733
129512 129666
129789 130325
130849 133512
134146 140388
141004 141226
141601 141690
141787 143654
149294 149481
159974 160198
170585 170991
177135 177381
180156 180601
182657 183248
184416 184810
185455 186945
192124 192287
197265 198509
199944 202635
206769 207147
209930 210683
221147 223467
224082 225951
228986 229525
235012 238071
238746 239655
241437 245241
245557 252471
257236 258054
260292 265869
266941 267020
268989 269103
273127 274306
275339 276894
277011 279925
283592 285105
286043 294028
295014 295889
296437 299163
300060 300328
305863 315630
316260 324298
324989 326152
326334 326537
327409 327519
329076 330749
337828 341376
344678 348130
349841 351396
363440 364644
367339 368444
369566 370844
381286 383318
388488 388668
389199 389344
391849 392564
394481 395094
396929 398892
401061 405297
406303 411158
412515 412566
413657 413993
414678 415044
415597 415725
417739 418068
419234 419468
424726 424862
425488 427190
427752 427975
439501 439591
454745 456232
457227 457278
458108 458293
465632 466100
467422 467671
468305 470069
470624 471125
473118 474354
475598 477360
477849 484086
484454 485516
485618 486981
488883 491554
493199 499260
503221 505262
505700 505996
507485 507641
513260 513435
514060 514117
522299 523452
529790 530263
535385 535579
544844 545071
547022 547273
549139 550761
556560 557740
560672 561444
563116 563257
564753 565194
571414 571584
574628 575354
579828 579931
585316 585952
588050 588321
594159 594209
595994 596717
597678 598698
601524 601998
604030 604665
606935 607502
608588 609156
609704 609995
610510 610856
611561 611673
618350 618726
624538 625105
628350 628538
631973 632449
633750 634239
635206 635405
636685 637133
644073 644831
644915 645381
652338 655686
655787 655920
656003 657307
661146 667011
676027 678348
683706 684371
685817 686511
688910 689273
701863 705131
705720 710770
713155 713206
718832 719055
723555 723879
728878 730517
730631 732123
733029 733089
733765 734435
735193 736084
736741 737054
737748 737815
749533 754966
755341 759079
760405 761735
762899 765464
767117 767334
769183 770167
772124 772563
777490 779854
781776 782093
784432 785456
805191 805566
809131 809674
812733 813256
821439 822023
822898 822985
825978 826649
827210 828236
829502 830119
833413 833541
837953 840009
846750 846826
847859 848138
848714 848947
849892 850651
858762 859032
862457 864829
865358 866189
866740 869157
869709 873208
874849 875813
876015 877151
878138 878466
881130 890194
891329 892970
893618 894935
895441 895637
896594 897486
900440 902284
903684 904716
905625 907759
909281 909923
911545 922339
923228 924496
925106 925625
925770 927989
929521 929601
930488 930774
934253 938465
939004 939302
940822 943554
944236 944426
948288 948345
950843 951325
954092 954461
965733 966230
969255 969371
975409 975705
979102 979651
985932 986176
997733 997791
1003144 1003238
1003388 1003648
1005626 1005946
1013122 1013341
1015229 1015330
1015844 1015961
1019153 1019593
1020164 1020552
1024012 1025174
1028975 1029403
1030155 1030973
1033620 1033706
1034351 1034929
1038075 1038429
1039888 1040071
1041803 1041975
1047109 1047358
1048293 1048882
1052596 1053511
1054756 1054955
1056366 1056614
1058000 1058562
1063702 1064405
1065203 1065375
1067290 1067447
1069052 1070566
1071332 1072370
1074769 1075009
1077549 1077924
1079473 1079873
1081144 1081723
1082266 1082386
1083319 1083489
1084402 1084678
1088746 1089051
1089788 1090398
1094896 1095406
1096175 1099182
1107268 1108044
1110096 1110653
1112700 1113756
1115032 1115086
1116760 1117142
1117904 1118011
1118893 1119047
1120302 1120370
1120931 1120986
1121829 1122522
1123207 1123521
1124217 1124289
1125133 1125266
1125860 1125955
1127082 1128271
1129036 1129245
1131770 1132582
1136142 1138232
1138315 1139190
1139736 1144194
1147058 1147277
1150544 1151227
1151909 1152047
1158698 1158865
1161221 1161385
1176928 1177327
1177914 1179166
1180356 1180492
1181809 1181891
1186722 1187793
1190830 1191059
1195295 1196202
1196417 1196626
1196781 1196831
1196951 1197249
1200126 1201621
1202481 1203154
1208264 1208315
1210133 1211991
1213292 1214679
1227482 1227755
1229705 1230581
1232555 1232693
1236538 1236621
1240069 1240594
1241343 1241780
1244854 1247281
1251372 1251481
1252622 1252743
1256057 1256810
1266059 1266672
1267340 1268275
1269976 1270420
1275564 1275734
1277593 1277907
1281446 1281618
1282152 1282242
1285687 1286049
1292185 1292965
1293662 1295632
1296160 1296536
1298433 1298552
1301411 1301693
1302419 1302778
1305433 1305911
1307022 1308371
1311957 1312012
1313758 1313998
1318438 1318623
1321255 1321669
1321960 1322065
1323353 1324070
1328614 1329194
1331687 1332583
1333868 1333988
1336058 1336675
1337946 1338277
1339818 1340970
1342582 1342902
1344596 1344845
1351151 1351850
1354539 1355008
1371505 1371678
1374744 1374973
1375842 1376257
1377331 1378107
1379481 1379643
1385073 1385259
1385867 1386194
1386345 1386583
1386790 1386954
1387146 1387311
1389530 1389802
1390374 1390560
1391898 1392216
1398031 1398415
1401265 1401448
1402055 1402430
1407096 1407418
1411942 1412305
1413081 1413273
1414459 1414533
1417119 1417408
1420577 1420836
1422707 1422927
1423976 1424546
1425407 1425589
1431543 1431818
1433268 1433453
1435399 1436590
1437143 1437893
1440898 1449503
1455629 1455923
1464909 1465273
1466232 1466287
1469288 1470095
1476101 1476323
1481742 1482196
1486763 1487213
1487943 1488261
1489626 1489983
1493126 1493211
1494397 1494497
1498446 1498661
1500768 1500965
1501895 1502150
1511347 1512061
1514664 1515027
1518851 1519472
1520850 1521018
1521665 1522275
1522852 1523194
1524200 1525205
1528075 1528534
1530743 1531163
1533933 1534503
1535133 1535489
1536463 1536621
1538039 1538252
1539737 1539844
1540521 1541182
1545472 1545687
1548832 1549025
1558252 1558652
1560293 1560653
1563733 1563904
1569372 1569639
1570945 1571261
1576308 1576940
1581897 1592469
1592535 1600087
1601253 1601825
1604745 1607478
1607594 1613411
1613524 1614509
1615888 1615982
1617283 1617658
1621078 1621325
1622535 1623545
1625286 1625857
1626889 1627238
1629506 1630070
1630653 1631311
1631975 1632073
1641862 1642075
1643460 1643840
1646914 1647374
1653620 1653827
1662726 1664063
1665017 1666176
1669576 1669705
1671434 1671962
1677015 1677451
1679016 1679454
1680945 1681147
1683859 1684420
1698641 1698816
1701753 1702056
1703043 1703435
1709082 1709170
1710828 1710941
1711571 1711791
1713062 1713126
1716646 1716875
1729599 1729895
1733537 1734049
1735680 1736377
1740963 1741851
1742618 1742982
1743599 1743660
1750550 1751024
1758394 1759087
1763284 1763575
1769016 1769494
1774047 1774277
1774999 1775129
1777573 1777914
1778976 1779072
1781989 1782407
1784708 1785092
1785791 1786169
1788749 1789578
1803728 1804231
1807505 1808022
1817703 1819550
1820181 1820298
1821361 1821738
1822564 1823097
1824419 1824629
1825980 1826116
1827914 1828222
1828746 1830624
1833403 1834115
1834662 1842852
1843095 1846156
1854176 1854322
1864964 1867128
1868510 1868908
1870462 1870620
1872060 1873074
1874143 1874543
1875060 1875254
1875820 1876222
1877344 1877482
1884935 1885089
1894523 1895331
1906790 1908701
1910139 1910284
1911184 1911318
1915335 1915650
1918306 1918522
1926934 1927435
1933341 1933811
1934435 1934512
1936094 1936156
1939236 1939524
1941632 1942073
1943599 1944357
1952541 1953122
1958845 1958954
1961188 1964744
1964843 1966336
1967032 1967359
1968368 1971097
1972397 1972845
1973552 1973871
1974677 1975414
1977500 1977841
1982626 1982900
1984491 1985252
1990857 1991502
1993157 1993313
1996272 1996757
1998796 1998970
2002084 2002667
2003184 2004262
2005351 2005410
2010524 2011168
2011259 2011433
2013760 2014380
2017818 2018471
2021893 2022548
2023294 2023460
2024505 2025690
2026445 2026529
2027233 2027388
2029877 2030583
2032669 2032904
2037719 2037866
2043234 2043662
2055797 2056332
2056890 2056998
2060243 2060429
2064472 2064531
2065816 2066419
2070146 2070515
2071730 2072144
2073691 2074402
2077407 2077521
2079063 2080398
2083413 2083979
2087852 2088245
2098907 2098981
2099065 2099220
2099408 2099476
2099902 2100771
2102858 2103301
2104656 2104886
2110483 2112390
2117443 2117802
2118425 2118723
2119719 2121096
2123762 2124405
2125527 2125687
2128291 2129163
2129667 2130241
2130851 2131217
2135439 2136679
2137262 2138722
2140405 2140777
2144599 2144666
2144768 2144992
2151307 2151448
2153174 2153262
2155189 2155395
2156429 2156791
2159269 2159819
2160420 2160869
2162465 2162737
2168960 2169028
2170690 2170951
2176465 2177021
2182078 2182165
2183230 2183516
2185048 2185547
2186796 2187384
2189575 2191013
2192196 2193225
2196426 2196783
2200185 2202290
2204976 2205187
2206486 2206547
2207221 2207544
2211559 2212370
2214107 2214481
2215760 2215923
2221863 2222339
2231755 2232027
2238265 2238472
2245785 2246009
2249024 2249616
2254117 2254526
2255168 2255387
2262402 2262771
2263321 2265548
2268240 2269795
2274745 2274850
2276057 2276898
2283961 2284603
2290617 2291167
2291966 2292248
2295231 2298541
2299243 2307321
2308154 2310801
2310888 2315761
2317355 2318590
2319310 2319456
2319987 2320095
2323517 2324076
2325229 2328220
2328791 2330249
2330813 2337790
2339759 2339976
2340124 2340391
2342474 2342837
2344353 2344445
2345742 2346047
2346591 2347761
2349166 2349547
2352181 2352597
2354754 2355099
2356925 2357239
2358885 2359242
2359966 2360625
2362082 2362509
2367064 2367260
2368288 2369332
2370865 2371169
2374377 2374540
2375863 2378704
2380631 2381390
2383270 2384264
2388644 2388823
2398810 2399564
2400883 2401177
2402748 2402911
2403433 2403714
2406738 2407887
2408500 2416590
2417142 2417673
2422627 2432125
NC_057376.1
1 4169
5610 5659
7269 7582
12079 12283
13792 14073
19925 20191
21069 21640
22486 22718
23560 23734
26312 26857
27571 27893
29962 30190
35592 35798
36399 36515
37444 37799
39407 39811
42698 42782
47388 47686
49307 49484
50176 50689
51395 52168
52810 53163
53693 53765
56520 61680
61804 65507
65683 77566
79013 80865
81013 91991
93477 95801
96637 96735
98808 99172
101610 102172
102788 103117
106800 107042
108939 110136
119241 119856
123661 123826
127728 128126
128804 129284
130107 130242
132437 132582
133256 135348
136032 137640
139729 140526
141302 147918
148609 148842
150199 150296
155803 159906
162321 162837
163875 164705
166797 169421
170930 171493
172151 174336
174930 175134
175206 176631
178426 178689
180333 183353
183448 193093
193324 195654
197092 202319
204239 204611
207656 208474
209785 210361
211154 211356
213898 214530
215640 215769
216369 217003
219552 219959
221043 221095
224977 225343
232050 232406
236061 236975
239525 239781
240974 241215
242667 242717
243663 245027
251959 252793
253999 254152
254851 254945
255655 255958
263919 264388
272784 273060
273619 273873
276694 277497
281074 281806
282448 283158
284495 285225
288594 289739
291922 292350
297538 297698
304868 305034
305748 306058
310383 310768
311684 312124
314408 315081
316742 318319
318942 320614
321766 324097
325901 326052
327601 328408
329591 329807
330293 330426
330521 330871
330940 331057
331152 331576
331648 331755
331844 332113
332181 332779
332882 332958
333048 333162
333243 333347
333476 333563
340872 341314
341623 341909
343652 344140
348915 349016
350315 350838
354862 355778
356367 356867
362211 362805
363387 363495
368525 368833
369703 370075
370730 370841
373271 373393
382401 382579
386522 387024
388884 389986
391865 392344
393502 393656
394238 394358
398368 399065
400117 400285
400979 402009
403983 404120
405413 405863
409722 409825
410465 411318
411923 412835
413701 414798
416343 416652
417847 418048
424069 424203
426504 428022
430131 430391
431664 433024
435413 435567
441467 441725
443930 444045
444674 444755
448049 448173
449717 451393
452152 452285
469634 469866
474420 474859
475616 475670
480083 480205
480835 481012
485584 486416
489447 490225
491799 491894
493317 493535
495853 496000
497107 497454
498210 498307
501483 501784
502516 502981
503755 504586
505204 505743
507273 507563
508595 508736
512647 513175
513871 514152
521935 522258
523225 523494
524055 524606
525872 526602
527746 527828
528411 529008
532109 532482
536921 537263
542314 542388
543137 543457
552115 552646
562295 562734
563468 563574
567935 568049
576282 578078
580330 581153
582319 585082
588977 590459
591601 592036
592678 593227
596771 596972
600605 600797
602833 603806
605187 605313
610639 610752
643926 644316
657391 664800
665384 665449
666194 667498
668642 668776
671490 672384
672590 673120
673257 674055
675907 676074
677539 679908
680108 681115
703223 703390
707505 708851
711087 711510
712057 712145
713674 713979
714495 715017
718329 718705
720652 721461
724972 725085
731452 731794
739451 739660
746925 747300
751868 752238
753519 753731
768512 768665
776894 777375
780201 780319
783561 784022
794160 794601
797079 798988
814263 815139
819944 820100
820716 820915
821441 821525
823764 824153
826177 826296
827110 827829
838356 838781
844706 844849
848014 848372
849627 849955
851076 851499
853878 854351
859431 860629
861776 862603
864145 864618
869513 869759
872452 872889
876319 876694
895985 896557
900260 901304
903387 903770
905785 905844
913564 913636
914948 915319
917036 917085
920523 920857
921707 921856
922584 923099
927307 927577
932461 933369
935680 936072
940153 940695
941622 943009
946733 947213
955244 955442
956672 957527
958996 959493
961341 961446
966259 966699
967476 968068
970256 970639
973901 974069
979724 980174
980978 981330
982198 982380
987758 987920
992214 992465
993033 993108
1000931 1001541
1003550 1003935
1004706 1005224
1006935 1007446
1007969 1008452
1009103 1009788
1010954 1011124
1012137 1012345
1014534 1015056
1016530 1017030
1026914 1027095
1033733 1033846
1034373 1034824
1040942 1041261
1043535 1044616
1049083 1051177
1059456 1060175
1067341 1067705
1068480 1068706
1070762 1071518
1075236 1075457
1082127 1082370
1083250 1083393
1088658 1088849
1096798 1096862
1098635 1098888
1099441 1099896
1100911 1101435
1109773 1110035
1111198 1111576
1112152 1112593
1113803 1114602
1118645 1119088
1120128 1120713
1130558 1130754
1146011 1146918
1147512 1148412
1182446 1182501
1183445 1183587
1185870 1186248
1191375 1191703
1197044 1197107
1202151 1202348
1212779 1212832
1216153 1217123
1221685 1221795
1226999 1227216
1227849 1227967
1230175 1230450
1233182 1233266
1235365 1236435
1241726 1242008
1244625 1245099
1252479 1252714
1257096 1257391
1259892 1260079
1268730 1270482
1283484 1283781
1285453 1285955
1288524 1288673
1290277 1290612
1292450 1292529
1296234 1296316
1303178 1303357
1307164 1308364
1310641 1310979
1312016 1312806
1319134 1320207
1321269 1321406
1322591 1322790
1323326 1323537
1325520 1326005
1326785 1327729
1329998 1330150
1333105 1333284
1334012 1334065
1337744 1340225
1341015 1344222
1345017 1345266
1348290 1348388
1352085 1352202
1353330 1353624
1354885 1354971
1355566 1355632
1356146 1357993
1359328 1359526
1360127 1360299
1360821 1361033
1364861 1365862
1367610 1367950
1369873 1370105
1373228 1374192
1380419 1380519
1381076 1381509
1387079 1388666
1393446 1394323
1400751 1400812
1406739 1406974
1407974 1408457
1409491 1410288
1412299 1412380
1414839 1415208
1419268 1419866
1420423 1420858
1423505 1424359
1426470 1426609
1427240 1427603
1428284 1428894
1429685 1430072
1435107 1435791
1443787 1443914
1445803 1446218
1447255 1447614
1448361 1448748
1474416 1475289
1476982 1477575
1481606 1481795
1482320 1482473
1483197 1485881
1486659 1486749
1491814 1492133
1499982 1500467
1501047 1501422
1502652 1503573
1508856 1509409
1512265 1512801
1514519 1514902
1515667 1515752
1516701 1516866
1520800 1522491
1524445 1524635
1526082 1526244
1527634 1529231
1530083 1532216
1532946 1534464
1535896 1536639
1547204 1551039
1551703 1554178
1554748 1555200
1555279 1556488
1556617 1565763
1566011 1566422
1567327 1567382
1567921 1570257
1571284 1572245
1572850 1573084
1574175 1574851
1575581 1582442
1582527 1582923
1583754 1583876
1584498 1587852
1588328 1592165
1594018 1597943
1612145 1612338
1623287 1623538
1624570 1625072
1627037 1627446
1642538 1642651
1645887 1646532
1649486 1649538
1652614 1652753
1655581 1655780
1658200 1662090
1662797 1663321
1664502 1665228
1670947 1671007
1672740 1673029
1673172 1673230
1678820 1679252
1679363 1679726
1680675 1680856
1682545 1682638
1683296 1684280
1684965 1685366
1685907 1686102
1687946 1688888
1689910 1690654
1693296 1693641
1703046 1703397
1705167 1705488
1707501 1707791
1710198 1710433
1712524 1712693
1713943 1714822
1717271 1717794
1719235 1719488
1720197 1721220
1721757 1721810
1722653 1722825
1732715 1733139
1737635 1737867
1738539 1740798
1741772 1741890
1750853 1751226
1752131 1752605
1756564 1756621
1757732 1758508
1759711 1760080
1760615 1760738
1765753 1766134
1767224 1767427
1767996 1768357
1773720 1775326
1785164 1785673
1789825 1790182
1790763 1790873
1793958 1794838
1804377 1806192
1807199 1807767
1808315 1808662
1808851 1809146
1817963 1818917
1829243 1829626
1831745 1840007
1840879 1840977
1841078 1841604
1841673 1842201
1844989 1846806
1847355 1847635
1848352 1854606
1855276 1856758
1857877 1861239
1862082 1862350
1862439 1863479
1864211 1866143
1867491 1872534
1873564 1876704
1878442 1880938
1882388 1885849
1886640 1888889
1890022 1890743
1890851 1891857
1893496 1894482
1894634 1895412
1902207 1902585
1904175 1905014
1905575 1905924
1906465 1906615
1907603 1909900
1910534 1911296
1912012 1912289
1912890 1913050
1914230 1914761
1917236 1917354
1938487 1938620
1940036 1940594
1948900 1948973
1951150 1951590
1956232 1956867
1957568 1958217
1960373 1961183
1962628 1962841
1963587 1963811
1968440 1968634
1971472 1973469
1973927 1974053
1974870 1980649
1985087 1985815
1988764 1989434
1994997 1997012
2000285 2001029
2006416 2008028
2008373 2008437
2009218 2009939
2014787 2015923
2016648 2016721
2022982 2023071
2026139 2026263
2027816 2029677
2030346 2030936
2031543 2031916
2033811 2034346
2035358 2035836
2036627 2037083
2040072 2042532
2044227 2045230
2047331 2048138
2049523 2049702
2051963 2052673
2053310 2053359
2056919 2057456
2059636 2059722
2060569 2060982
2063638 2064020
2074164 2074252
2074921 2076350
2083463 2083568
2085498 2086203
2088278 2088356
2089472 2089628
2090199 2091449
2092027 2100734
2102268 2105172
2105945 2106192
2111306 2113293
2114863 2115312
2115865 2120196
2121414 2122354
2123224 2127088
2127626 2128887
2129615 2137012
2138055 2138378
2139808 2140091
2140681 2141296
2141924 2142237
2143163 2146063
2146625 2156433
2156547 2158750
2158921 2159375
2159570 2185738
2187078 2187486
2192684 2194088
2196027 2196339
2198298 2199272
2205213 2205770
2208483 2208974
2209624 2211586
2212709 2212858
2220827 2221396
2222509 2227862
2228541 2229982
2230938 2243468
2244498 2250663
2250751 2257881
2259668 2259938
2261321 2262992
2266813 2267257
2275387 2276474
2276776 2277156
2277850 2280906
2284829 2285818
2286771 2290539
2291372 2295675
2296671 2297471
2297679 2298449
2299286 2303118
NC_057377.1
1 451
5455 5767
7601 7892
8994 10048
13576 13887
16364 17142
20142 20657
23083 23251
26715 27055
29343 30395
31024 31217
31757 35413
37728 42190
42779 46348
47125 66156
69741 71687
74621 74792
75206 79394
80049 87119
87213 87870
88598 97134
97966 98025
103367 113142
113298 130346
130910 132657
133656 133892
136162 136873
137892 141501
144133 146066
150889 167622
168899 169405
172706 175008
175302 176159
176634 177518
177910 179486
187328 188172
188825 188876
189010 189410
193916 196058
197122 198898
204276 204536
205095 205261
205541 207343
210846 212774
213421 215367
219653 220719
221400 222817
224236 224880
225422 225995
241424 241695
242428 243055
245456 245766
246883 250351
252461 252553
253124 254556
255315 256534
257629 257805
258334 259064
261929 262116
262714 263700
264296 264398
264922 266377
267309 267424
270936 271374
273053 273728
275812 275960
282866 283444
284363 284642
295138 295661
302810 303715
306418 309569
310180 310318
313171 313331
314409 314767
321047 322077
325296 325568
328550 328920
331449 331833
333316 335301
336869 337030
338498 338666
339981 340984
342076 342486
343073 343232
345933 346338
347478 348099
351215 351516
353798 354438
355048 355219
356034 357232
358184 358435
362308 366120
366788 367017
369429 369779
372927 374338
376926 377994
386403 386751
396532 396795
398204 399304
400606 401016
401957 404002
430446 433630
449834 449887
452708 454224
455244 455391
456300 456965
458674 459952
461076 461223
462055 462662
463375 464168
464716 464878
466196 467119
469364 469475
488478 488953
495682 495929
496481 496595
497354 497501
499850 500724
504241 504644
505313 505588
506675 507054
508048 508388
515122 515703
516225 519399
520806 521242
522015 522235
523297 525306
525834 525923
526523 526786
527843 528174
528307 528595
535099 538393
538514 540803
559638 559803
562786 563000
564720 565509
567272 567498
568925 569104
569866 570326
571840 571899
573504 574040
574689 574919
581796 582529
583975 584367
584993 585962
588405 591502
600333 603803
606638 610003
613979 616432
616773 621612
624930 625207
628554 629426
630366 630455
630659 631443
631674 636447
637378 643538
643604 645202
646516 650581
652117 661433
661700 662277
662964 663925
664483 664706
665838 667536
668798 670721
672277 674941
679796 683795
684912 685823
687484 695167
695810 696837
697514 697962
698643 702086
703665 704142
707465 707926
708995 709285
713080 714055
720253 720931
721609 722176
723693 723840
724454 724810
728848 729137
732927 733257
735348 735508
737231 737303
738610 738756
739940 740352
744818 745233
745929 746284
752485 752923
755223 757508
759907 760906
763286 763658
767476 767690
768595 768708
770654 770921
771966 772254
774358 774538
783696 784211
785172 785681
789805 791724
793386 793655
796625 797224
797861 798177
803355 803588
804830 805472
810113 810595
811629 813414
816965 818356
824940 825666
825768 826282
826511 827264
828464 828532
829646 829883
830872 831302
832655 832998
837177 837853
843094 846245
847633 847922
848082 848607
853510 853934
855202 855468
858143 859549
861534 861776
863179 863713
866155 866367
870762 871043
874877 875084
878727 879336
880008 880486
892199 892379
893786 894116
895608 896104
901973 903461
904320 905605
906358 907395
911388 911776
913065 913254
921428 922596
923540 926747
927962 928854
929878 930357
932831 935027
935547 936557
938797 941161
943830 944236
945385 947098
951179 951242
952855 952924
954759 955923
957616 958444
961536 961629
962321 962884
966107 966671
972130 972760
974860 975223
980438 980706
981682 981786
983781 984450
987758 988026
988627 989023
992429 993003
995668 996008
997719 999004
1001090 1001685
1002804 1003987
1005097 1005746
1013541 1013653
1018901 1020727
1021780 1022014
1024990 1025102
1028685 1028844
1031382 1031572
1043546 1043636
1044658 1044736
1046237 1047236
1048198 1048261
1051845 1052177
1052778 1052970
1053961 1054351
1062607 1062711
1071762 1071825
1073826 1074648
1076327 1076555
1077077 1077197
1081177 1081261
1081925 1082211
1082977 1084144
1084711 1085510
1088580 1088666
1090158 1090377
1091082 1091456
1092057 1092539
1095886 1095942
1097961 1098265
1109921 1110465
1110923 1112001
1113586 1123076
1125621 1126487
1127100 1127830
1128410 1130594
1132078 1133224
1137088 1137297
1138811 1138969
1144565 1145723
1145938 1146302
1149420 1150000
1151739 1153840
1155978 1156030
1156679 1156843
1157411 1157564
1159573 1160136
1162784 1162941
1168182 1168307
1181132 1181394
1181954 1182756
1184855 1185247
1185658 1185741
1191529 1191615
1197422 1197804
1200925 1201143
1202459 1202803
1205850 1206915
1212131 1212491
1214309 1214489
1215883 1215950
1217122 1217287
1218839 1220446
1227945 1228085
1228656 1229168
1230282 1230629
1234585 1234645
1236506 1236874
1238253 1239146
1240968 1241104
1257750 1258001
1261478 1262031
1262923 1263665
1272498 1274960
1276967 1277670
1284124 1285464
1287502 1292574
1292942 1296844
1297660 1299197
1299746 1301597
1351250 1351898
1352919 1353108
1353920 1354054
1354691 1355283
1358576 1358707
1363865 1364085
1365930 1366168
1368083 1368483
1374971 1375131
1376270 1377177
1380662 1381159
1382304 1382531
1384333 1384796
1386297 1386557
1396956 1397506
1400343 1400591
1404313 1404367
1406222 1406606
1407251 1408179
1408652 1409582
1411352 1412171
1412736 1412844
1414605 1414722
1419692 1419877
1420473 1420660
1421550 1421697
1425009 1425235
1426192 1426356
1436017 1436692
1441016 1441401
1445816 1446176
1453005 1453354
1454581 1454841
1456611 1456922
1458654 1458776
1463970 1464151
1466954 1467246
1469793 1470166
1471539 1472394
1486540 1487007
1489123 1489947
1492402 1492766
1493375 1494856
1501128 1501184
1501725 1501862
1503658 1503863
1506130 1506509
1510209 1510398
1513122 1513220
1519079 1519446
1525149 1525588
1526255 1526381
1529045 1529510
1533869 1535164
1535690 1536623
1537204 1537502
1539227 1539500
1542334 1542668
1543243 1545205
1546700 1547417
1550215 1551149
1552522 1552765
1559334 1559657
1565229 1565593
1569974 1570114
1570797 1570883
1574892 1574997
1575711 1576061
1581334 1581508
1584281 1585206
1585703 1586268
1586728 1587945
1588813 1589277
1590996 1591125
1599969 1600050
1600593 1603720
1604318 1604710
1616614 1617256
1619919 1620169
1620911 1621281
1625606 1625802
1630533 1631115
1631891 1633456
1646524 1647014
1647710 1648026
1648791 1648945
1651907 1652068
1654508 1654975
1655621 1655717
1656379 1656828
1659234 1659579
1662451 1663022
1664093 1664317
1665946 1666396
1666914 1667637
1668295 1669804
1680739 1681629
1683241 1683420
1684930 1685454
1687406 1688110
1692384 1692937
1695007 1696403
1700446 1703703
1704264 1707116
1708439 1713129
1716989 1718290
1723283 1724240
1724623 1726445
1726986 1727682
1728563 1730216
1730462 1733351
1735470 1740342
1741351 1742298
1742396 1742768
1743600 1748147
1750151 1750665
1754956 1767261
1771973 1773017
1773901 1775792
1776368 1776691
1781204 1781527
1784435 1787446
1787552 1788363
1788908 1795268
1802845 1803813
1809081 1814683
1817996 1818277
1820903 1821635
1824694 1827128
1827737 1828308
1828873 1829089
1831481 1831963
1832933 1833453
1835365 1835630
1837253 1837319
1838334 1838637
1844258 1844672
1845679 1846811
1854727 1855151
1857317 1857668
1859264 1860609
1862151 1862815
1864254 1864516
1865070 1865366
1869002 1869236
1870982 1871410
1872863 1873353
1875827 1875973
1885571 1886456
1888037 1888170
1897322 1897469
1898277 1898450
1908095 1909595
1911976 1912080
1913008 1919166
1920123 1920804
1922590 1923281
1926355 1927116
1929060 1929791
1930726 1931076
1935096 1936146
1939585 1940307
1941112 1943074
1947870 1950328
1955240 1956040
1958400 1959289
1960610 1961709
1965838 1968017
1968553 1968782
1970659 1971364
1976331 1976993
1982306 1982585
1983372 1983722
1992278 1992990
1997742 1998842
2000323 2000747
2003725 2004061
2005129 2005237
2005791 2006560
2008207 2008874
2009577 2009665
2018239 2018425
2023029 2024700
2026974 2028444
2034229 2034410
2040213 2040439
2041531 2041912
2043523 2043945
2045655 2046249
2049792 2050014
2050552 2050808
2051510 2052340
2061136 2063475
2066166 2066508
2068745 2068982
2076117 2076811
2079890 2080261
2082071 2082964
2085636 2085982
2087318 2087934
2090037 2090442
2095238 2096570
2098299 2111127
2111780 2113471
2113622 2117307
2119014 2124618
2132516 2132961
NC_057378.1
1 702
3245 3705
4217 6032
6783 7010
7553 10093
10895 19185
19697 21845
23113 23519
24456 26991
28039 28568
29541 30061
30581 32743
33254 34220
34781 36814
37042 46745
47542 50871
51721 61699
62355 62626
65920 73258
74439 79629
79753 89899
90048 93094
94154 98146
99588 99858
100499 102093
103226 111214
111807 113402
114167 129809
129922 131450
133767 134692
137731 138640
140976 142474
148212 148358
151947 152376
160037 161482
166784 166914
167458 167558
168132 168569
169122 169174
169719 169870
170834 171002
172160 172301
172967 173117
173764 185754
185859 195167
195600 198662
198746 202265
202748 213886
223736 226384
228275 228655
231388 231447
232046 232150
238916 239443
243482 244334
249370 250054
251827 252545
255306 255972
258069 259256
262589 267421
267985 268127
271159 271344
272040 272725
280949 281102
285278 285571
290050 290821
302128 302298
304491 304869
316600 317332
318472 320124
320765 324466
327885 330152
333332 333672
334307 336808
339147 339431
340902 342974
344374 344646
345220 347100
350242 351314
351566 353081
354642 354913
358949 359235
359611 359787
359927 360580
360662 361993
362086 363757
364480 367226
368142 372417
376818 378598
379444 379975
383986 384138
384699 385258
388259 388469
394690 394825
395887 396319
398962 399340
400308 401352
412059 412270
415541 416046
416620 417032
417216 417268
419261 420006
420869 420979
421718 421768
421880 422031
425066 425577
429939 430006
431206 431277
438591 438819
454982 455235
463838 465218
472080 472169
473233 473419
474609 474866
479817 480118
482240 482393
483843 484222
487101 487191
491008 491270
492072 492236
494292 494576
495272 495380
502627 503088
507262 507366
509914 510130
511373 511725
512849 515951
516922 520353
521192 521394
525324 525666
527178 527501
533328 533473
535481 536013
537561 539957
542640 542699
543779 543979
553425 553633
557359 557603
557700 559564
560685 563596
566669 566812
566974 570151
570747 571343
578347 579168
591351 592356
602925 603113
614841 615157
619785 620090
622498 622759
626230 626724
639879 641363
643710 643946
644599 644880
645607 646016
647256 648370
649169 649755
651439 651841
653122 653237
653815 654457
660892 661867
664206 664474
668269 669300
676988 677209
679197 679354
679906 682455
683045 683198
683735 684422
686312 686686
690240 690846
695718 696610
697294 697582
701121 701638
709343 709467
713254 713327
715539 716284
721471 722405
740267 740471
741021 741398
742342 742510
746448 746691
749174 749351
752106 752279
754200 754283
755576 755941
762165 762309
763462 763746
766993 767168
775028 775105
777535 777695
779055 779336
780127 780202
788073 788452
791420 792265
796545 796768
797139 797352
799574 800132
800664 800898
802896 803156
804435 805360
806405 807386
808745 808913
811466 812104
815131 815528
817428 818667
820866 822003
822574 822923
826854 827574
828929 829334
833023 833338
840124 840205
840981 841035
841755 841925
851710 853333
854547 854733
856851 856986
858584 859322
862438 862551
864568 865050
865677 866181
868268 868423
870534 870774
874416 874488
879327 879610
884755 885671
887479 887690
888872 889672
890320 890869
894287 894750
898644 898986
915090 915554
918621 918889
920564 921252
926231 926427
931169 931948
938036 938296
941778 942401
943892 943941
944948 945954
947866 949291
952091 952146
953007 953084
954577 955109
955865 957199
957821 959610
960152 961098
961956 962906
964068 964654
967414 967663
971686 971808
973552 976439
977499 977661
978682 979877
980654 981402
984509 985589
987840 988340
991660 992444
994598 999213
999952 1000242
1000939 1001094
1005623 1006531
1008283 1008752
1009716 1011366
1012219 1013015
1021764 1028141
1032536 1033340
1033837 1033979
1035564 1035731
1039461 1039669
1046960 1049510
1054779 1055596
1060225 1060423
1061585 1062345
1065689 1065932
1077841 1078271
1078932 1078987
1079877 1080794
1082129 1082406
1083268 1083410
1083990 1084684
1088695 1089070
1090734 1090968
1092006 1092114
1093437 1095880
1100108 1100856
1112917 1113182
1115552 1116059
1116694 1117523
1118169 1119530
1120801 1121546
1122855 1123274
1126646 1126939
1127739 1127896
1130907 1131634
1139564 1140280
1146078 1146389
1148733 1149119
1155527 1155578
1159862 1161030
1163000 1164870
1165672 1165956
1166199 1166710
1171384 1171621
1173578 1175629
1176305 1177007
1178940 1179779
1184255 1194166
1196006 1196585
1198273 1201375
1201910 1202042
1202118 1202618
1205885 1207394
1209989 1210756
1215690 1216705
1217742 1218733
1220860 1221745
1226596 1228258
1228771 1229672
1232811 1234624
1237944 1247852
1248669 1251176
1251842 1263293
1263424 1264734
1268003 1268191
1269210 1269262
1270694 1271310
1271924 1272080
1277593 1277679
1280849 1280968
1283432 1284247
1284816 1286104
1287117 1287313
1288407 1288638
1293145 1294061
1297514 1297882
1298053 1298249
1299021 1299443
1300571 1300756
1301639 1303696
1304947 1305089
1305580 1305950
1306652 1308415
1310174 1310415
1311229 1311412
1312376 1313714
1318205 1318469
1319906 1320187
1322821 1325309
1325985 1326729
1326797 1327125
1327209 1327411
1331046 1334305
1334938 1335428
1338497 1339657
1339725 1340789
1344490 1344930
1345011 1345168
1345323 1345378
1347203 1347821
1348094 1348799
1349347 1350620
1351714 1352950
1353680 1354136
1356292 1356580
1360564 1361070
1363168 1363442
1364265 1365221
1372052 1372430
1375470 1376795
1385278 1390533
1392051 1392508
1393670 1393859
1395835 1396326
1397256 1397325
1402240 1402813
1404165 1404929
1407909 1408696
1410604 1410874
1413100 1414175
1414758 1415393
1418915 1419580
1420219 1423757
1426911 1429881
1432588 1433127
1433832 1434954
1436805 1439974
1452278 1453160
1454432 1456289
1457725 1458034
1459419 1459662
1466683 1468078
1470832 1471658
1479135 1479392
1482807 1483733
1485937 1487954
1488742 1489668
1490471 1491474
1493116 1493440
1502692 1502797
1523421 1524152
1527780 1528109
1528991 1530685
1533043 1534186
1539333 1539847
1540647 1547548
1549239 1550073
1551909 1553005
1553760 1554877
1555430 1555498
1557739 1558007
1565694 1566214
1566848 1566994
1569397 1570573
1583039 1583888
1586688 1587979
1598226 1598477
1599422 1601478
1601635 1602386
1604833 1605562
1605826 1605899
1606340 1606397
1608384 1608533
1610812 1612348
1614036 1615119
1617639 1618288
1620941 1621678
1622750 1624391
1630760 1633253
1638717 1638961
1643877 1644254
1646679 1646841
1649845 1650499
1657145 1657311
1661310 1661995
1666451 1666894
1667621 1668269
1670814 1671159
1677313 1678387
1679883 1680126
1685019 1685491
1692346 1692413
1693991 1694308
1702275 1703918
1705028 1705182
1706033 1706174
1706335 1706870
1707079 1708314
1712725 1712904
1719100 1719279
1721320 1722155
1723666 1723828
1728119 1728758
1730163 1731171
1732575 1732720
1733438 1733673
1735147 1735475
1739046 1739157
1749062 1749143
1750367 1750493
1753441 1754177
1754704 1755660
1758060 1758320
1759103 1760219
1762564 1762911
1764947 1765991
1770712 1770826
1774049 1775174
1779019 1779445
1793258 1795119
1799488 1799683
1804042 1806330
1807830 1808081
1808675 1819014
1822220 1822383
1823002 1825651
1829565 1829657
1830749 1833604
1841250 1842672
1845835 1846347
1846872 1852518
1853530 1854645
1858131 1858433
1858598 1858816
1858916 1859173
1859348 1860925
1865017 1865271
1866824 1868183
1872549 1872676
1873800 1876240
1876306 1890890
1893622 1893956
1895290 1895737
1896624 1897029
1899398 1900200
1900788 1907141
1908096 1908172
1910817 1911381
1911530 1913005
1914725 1915852
1916653 1917882
1922271 1922985
1927105 1928373
1932107 1932176
1933852 1935391
1938303 1938393
1938498 1939904
1941203 1941841
1943774 1943852
1944442 1945169
1950470 1950660
1953660 1953760
1954556 1955248
1955819 1958598
1958697 1964931
1964998 1965214
1966592 1966935
1974396 1974765
1976602 1976903
1980215 1980790
1985416 1985675
1999195 2000639
2001178 2005078
2005287 2007303
2007443 2007557
2008261 2009160
2010054 2010139
2010220 2013236
2015481 2019370
2019551 2024060
2024591 2024725
2026181 2026660
2027921 2028027
2028772 2029680
2038719 2038864
2042311 2042456
2048597 2048772
2051768 2057156
2061701 2061790
2064961 2065045
2065914 2065970
2068648 2068892
2074240 2074419
2075475 2081030
2084892 2085454
2086611 2087008
2088254 2088714
2089500 2090397
2090985 2097386
2098017 2099170
2100744 2102007
2102594 2110196
2110654 2111230
2111781 2115805
2118545 2126433
2131873 2131971
2139772 2139967
2143147 2143515
2146608 2146930
2147708 2148085
2152830 2159806
2164477 2168676
2174479 2174801
2174869 2175914
2176613 2176672
2178693 2179252
2181787 2182105
2184406 2184619
2185809 2194955
2195973 2196167
2198057 2198290
2199558 2201208
2204894 2205256
2209276 2209403
2209961 2210564
2212482 2214003
2216741 2220079
2221182 2222058
2222646 2223405
2227975 2228346
2231917 2232874
2233618 2233700
2241232 2241419
2242090 2242592
2243166 2243370
2246317 2246366
2248598 2248769
2249728 2250066
2256601 2256697
2258607 2262906
2268032 2268458
NC_057379.1
1 5590
8496 12606
16437 35966
36478 54329
57131 57192
63292 63585
80546 81342
83777 83845
87677 87748
88289 88505
93163 93384
96058 98037
99727 100158
100621 104384
108782 111336
112066 113120
113368 113480
113804 115157
115271 115625
115923 121917
123408 126315
126417 129807
137427 137818
138065 139503
139583 141217
143367 144776
147760 149048
149687 152682
153983 155434
161124 162647
184739 185918
188206 188942
189099 189600
190159 190442
192869 193537
200106 201864
203559 205463
206296 206464
210811 211207
215518 215593
217901 218272
218357 228378
229960 230388
231007 234064
234667 236931
237559 238457
239206 241811
243722 245339
248872 249276
253005 253200
258485 259229
259973 260167
261192 261682
265660 266008
270153 270389
279838 280003
280729 281056
283700 283868
296010 296379
296921 297479
298015 298967
300683 300983
302819 302915
306684 306967
310893 311329
311868 312114
315696 316089
330161 331175
332491 332591
334482 334793
336554 336860
344884 345084
345863 346940
347971 348214
349171 349343
350721 350832
352779 353397
355240 355591
356317 356492
358985 359133
362356 363647
363903 368972
369160 374410
376107 381370
382507 384363
384434 384489
384709 385154
385450 386876
387489 389639
391354 391916
392938 393136
393901 395958
399688 399771
401847 404327
405927 406439
407838 408415
409105 409515
414835 415505
417122 417223
417723 419841
420260 420335
420956 421077
427986 428929
429918 430073
431255 431933
433414 433700
436023 436239
437780 439008
442397 443798
452874 453163
455064 456088
456797 457587
459002 459563
460382 460883
463013 464260
467967 469051
472414 472688
486837 486992
489869 489982
493334 494318
495259 495571
497588 498027
500444 500516
503608 503823
516003 516155
516640 517189
518423 519371
520280 520648
522044 523858
527013 527468
531746 531886
533294 533462
535534 535675
536373 536502
539807 539908
543109 543405
545809 545909
548072 548302
549299 549374
555903 556047
556670 556953
558418 558568
559835 559998
561577 561851
563254 564102
571645 573596
577317 579142
585340 585860
587827 588201
588826 589714
593837 594047
594559 594820
596371 596503
597228 597324
598067 598679
600212 600747
601927 602010
602547 603052
610290 610344
610882 611492
612613 612783
619032 619204
623058 623345
623896 625062
625624 625827
626387 626898
628031 628365
628939 629458
630387 630580
634690 636477
639568 639983
640710 640868
641777 642077
642756 642957
644366 644587
645910 645982
646513 647087
649893 650777
654413 655406
658159 658854
667450 667755
673210 673677
674783 675014
677249 677299
681191 681334
682386 683957
685123 685427
686911 687056
689733 690191
691507 691771
692605 693864
694733 695179
700729 700847
701643 701972
704408 704565
707188 707299
709582 710013
716676 718380
720009 720347
724524 724587
725096 725678
726199 727346
729677 729873
730552 730717
731706 732048
734626 735054
741506 741973
744915 746283
746989 747522
748041 748201
760875 762080
765048 765523
767776 767971
769463 769844
774146 774370
776049 776412
777265 777429
778206 779343
781449 781736
782369 782871
787882 788082
788728 788790
789871 792580
794930 802140
802407 806278
807435 810167
811579 811848
817867 818259
821602 821732
822937 823304
831271 831364
834623 835119
839454 839613
847211 848013
849540 849780
860322 860439
861047 861246
866264 866743
869075 869318
870424 870515
874324 874738
883440 883712
890368 890533
891073 891370
899236 899826
904540 904765
906114 906287
907247 907659
922964 923032
928249 928586
942116 942312
942846 943623
956321 956889
958421 958507
959959 960565
961828 962031
963113 963765
964633 964710
968521 968911
970043 971227
972921 973050
979273 979354
980133 980308
990776 990957
991520 992414
993391 994016
997702 998814
1000027 1000674
1002211 1002781
1006457 1006586
1011409 1011484
1012713 1013587
1014954 1015371
1021819 1022187
1039004 1039811
1042992 1043578
1044326 1045102
1045211 1045413
1046256 1046431
1048210 1048292
1055897 1056129
1063303 1063639
1065469 1065620
1066348 1066490
1067332 1068378
1069599 1070735
1071286 1071837
1072395 1072595
1072662 1073307
1076560 1078428
1080222 1082362
1083028 1083974
1085008 1085201
1085825 1086836
1086921 1087704
1089039 1089224
1093910 1094395
1095425 1095865
1096926 1098139
1098940 1100129
1109352 1109659
1112868 1113109
1114860 1115390
1115994 1116129
1118017 1118536
1125985 1126501
1128825 1130440
1134409 1134597
1136041 1136461
1148148 1148534
1153339 1153432
1155570 1156013
1158010 1158471
1162221 1162378
1164357 1164531
1168503 1168926
1169480 1169581
1170264 1171876
1172336 1177329
1177994 1178769
1179931 1182066
1182203 1182533
1183100 1183972
1184563 1184962
1186129 1188006
1188807 1189924
1190857 1192556
1193208 1194872
1195501 1198405
1198984 1204315
1204803 1215500
1216050 1216287
1217878 1218293
1218853 1219530
1220059 1220360
1221205 1221449
1222167 1224069
1225913 1226697
1227210 1227276
1228522 1229854
1231733 1232310
1232400 1233564
1236677 1237301
1238572 1239323
1240917 1241084
1243736 1243846
1244706 1245631
1252658 1252755
1261498 1261605
1264319 1264631
1266097 1266883
1267758 1268832
1273446 1273902
1275082 1275249
1284327 1285573
1290096 1293184
1293746 1294711
1294852 1297495
1297761 1298790
1300669 1301489
1303024 1304285
1305070 1305404
1308944 1309053
1312571 1312708
1313270 1313490
1318599 1318732
1322084 1323862
1325001 1325687
1327363 1327581
1329465 1330251
1336679 1336854
1338230 1338638
1340870 1346087
1346743 1348416
1348975 1349181
1349713 1349874
1352583 1352853
1354258 1354359
1354808 1355210
1360292 1363229
1365427 1369196
1371257 1371856
1379178 1379488
1394109 1394708
1394904 1395074
1395855 1396640
1397288 1398692
1399447 1401303
1402046 1403436
1405393 1405569
1406159 1414992
1415594 1415955
1416592 1421523
1422033 1422423
1423099 1423431
1429827 1430775
1431526 1431875
1432798 1432902
1435841 1451247
1451961 1452284
1459997 1460829
1461410 1461798
1464373 1465109
1468233 1468518
1471142 1471442
1480240 1480298
1481865 1482055
1482645 1482846
1489404 1490991
1493370 1493547
1498716 1499819
1500142 1500201
1500411 1501333
1502558 1502837
1503093 1503685
1512633 1512991
1514442 1514932
1517847 1519681
1523040 1523952
1524568 1526387
1530356 1530672
1532869 1534170
1538048 1540056
1540886 1541361
1544639 1548466
1548666 1548933
1549502 1549805
1551369 1551617
1552650 1553295
1553405 1553802
1557622 1558069
1562757 1567426
1568180 1571619
1577954 1578090
1584778 1585309
1585896 1588792
1589026 1589167
1589352 1589491
1589866 1589954
1590502 1590577
1590797 1590847
1590927 1591240
1591544 1591981
1592124 1592197
1592455 1592606
1592823 1593125
1595326 1595690
1596987 1597048
1597689 1597840
1600299 1600368
1603374 1603747
1607559 1609589
1610450 1610705
1612506 1619971
1623363 1623449
1624143 1628262
1629653 1630055
1633499 1633604
1635434 1635573
1636679 1642778
1646217 1646371
1647824 1647874
1650510 1650653
1651682 1651843
1662548 1662653
1667972 1668302
1671775 1672245
1673836 1674264
1675419 1675647
1677186 1677342
1679334 1679440
1685414 1686898
1689236 1689419
1700047 1700211
1709261 1709549
1710178 1710291
1714415 1718582
1720260 1720882
1723590 1724120
1728307 1728784
1729783 1733284
1735542 1736225
1736747 1737125
1740954 1742111
1743986 1744364
1747919 1748115
1748660 1748797
1750020 1750107
1750706 1751665
1753470 1754303
1757804 1758327
1760679 1760931
1762070 1762460
1762800 1770101
1770200 1770741
1771602 1772001
1773062 1781389
1781952 1782508
1782589 1785045
1785622 1807453
1808103 1813915
1816570 1819068
1819151 1824014
1824382 1829066
1829940 1830007
1831702 1841369
1842755 1843273
1845588 1846051
1848721 1849323
1850362 1851397
1870315 1872101
1872641 1872931
1877187 1879360
1886165 1886751
1893779 1893951
1907822 1908050
1917884 1918730
1919588 1919658
1922567 1922745
1923520 1924341
1925831 1926000
1926665 1927050
1930081 1930390
1950328 1950589
1956842 1958541
1958922 1959033
1963162 1966938
1968777 1986464
1986696 2026787
2026877 2027007
2027085 2051774
2053305 2063560
2063662 2068471
2069652 2070404
2074780 2099079
2099647 2105666
2107583 2121137
2121833 2122890
2123402 2166229
NC_057380.1
1 1914
19704 20057
36238 36825
39941 40035
40818 41500
42505 43364
44466 45151
45913 52151
52392 52594
74749 75030
76196 88661
91465 91921
95137 95592
96934 97407
105303 105910
106547 107857
111792 113032
113593 113660
116735 116924
119543 126518
127104 129368
133403 133685
138144 138738
139044 141123
141977 143774
143871 144885
145530 145698
149358 152371
153190 155345
155451 157114
157836 159538
167882 168469
169226 169576
172013 172336
177952 178246
178888 179210
179818 180018
189500 189555
190540 190701
197574 197867
198433 198947
219041 219273
220016 220143
221346 221684
228101 230063
230599 231472
233169 233655
235339 235763
236312 236606
241508 241709
242753 243611
248258 248846
250417 250535
251077 251555
255786 256400
261649 261761
273920 274057
275712 275831
279253 279422
280189 280346
282413 282590
285092 286086
287019 288206
289394 289756
292896 293414
293973 294965
297932 298576
300175 300401
306290 306805
309151 309513
315429 315627
323221 323536
323731 324083
324186 337162
337682 337820
337894 338352
341482 344219
344831 345234
345335 346407
347382 347628
349657 349737
354137 354698
356892 357883
373346 373727
375023 375273
379258 381016
381601 382395
384244 387279
387868 389087
390263 391835
392400 392531
392615 392966
393177 399176
404369 405646
405754 408392
409703 410552
413324 417350
418845 419253
424300 426557
429776 431206
436411 436512
438515 438821
442519 442682
445495 445666
446289 446939
448188 448344
448990 449148
452298 452857
454534 455323
455977 457121
457799 460185
460924 461755
462884 463556
465413 467362
468935 469453
475855 476115
477788 479221
483258 483848
487912 488777
492900 493363
499365 499620
501425 501799
517273 517707
519009 519154
519765 520082
530159 530600
532456 532530
537880 538110
539331 539637
544018 545070
545714 546128
554060 554733
555414 555486
557319 557628
565468 565775
566397 566546
567108 567424
568495 568688
570092 570241
572552 573185
575410 575955
576988 577250
580631 580783
582168 582390
588632 593918
597801 598702
602699 602821
603576 604030
612738 612909
615831 615921
618340 620286
622301 623244
624957 625637
627005 627148
629778 629983
634326 634854
636094 636260
640039 640340
642171 643383
645517 645792
646542 647182
656322 661491
662151 662289
664506 668689
669531 670051
671775 672167
675131 675266
675905 676182
680800 681069
684873 685775
686583 687125
687812 687969
689610 690811
692680 693100
694388 694637
695482 697216
697401 697635
702412 702705
704927 705523
712001 712700
721041 721339
722717 722771
723453 723613
723907 724469
729809 730237
736436 737089
738456 738676
740132 740309
741595 741848
742789 743778
744463 745068
746384 746536
748908 749572
757215 757385
758535 758901
760648 761075
765693 765863
767236 767407
770953 771817
774620 775059
777716 777834
783780 784185
789206 789623
790341 790633
792105 792916
793442 793617
797374 797487
798653 798784
806616 806752
811116 811334
814011 814704
816450 816554
823657 823708
825610 826111
831189 831317
840799 841997
846224 851367
865850 866075
869638 870332
875072 875446
877060 878070
881425 885913
887479 893351
894022 894291
895780 897164
898666 904912
905168 911564
912210 912645
912911 913432
913983 914353
916894 917400
918501 918727
919662 919733
920751 920992
923025 923230
928137 928406
930077 930864
944300 944602
950181 956146
957978 958081
958945 959246
959902 960181
960808 961581
962956 964226
964997 965169
966301 966771
967957 968120
969628 969830
970526 970763
973893 973944
976156 976321
977039 977239
982825 983237
986085 986572
987765 988881
989669 992846
998185 999099
1001545 1001595
1006572 1006695
1010624 1011086
1011779 1014154
1014770 1014959
1015591 1015865
1016540 1017070
1023027 1023237
1024646 1025026
1026369 1026614
1031500 1031794
1034098 1036199
1038611 1039141
1039783 1039955
1041630 1041790
1051096 1051811
1058827 1060310
1071218 1071341
1073007 1079220
1083165 1083661
1085072 1086151
1088865 1089496
1092196 1093586
1095276 1099603
1102361 1109509
1109587 1109939
1110722 1111056
1114145 1114694
1115344 1115708
1116862 1117279
1117841 1118043
1120290 1120756
1122605 1125381
1125508 1127836
1132684 1132952
1133932 1136376
1139523 1139902
1144293 1144524
1147564 1147635
1148954 1149004
1149645 1149767
1152071 1152507
1164600 1164869
1165750 1165914
1168068 1168406
1171325 1171541
1174429 1175715
1176896 1176953
1178410 1178475
1180624 1180802
1184669 1185382
1187551 1187837
1189420 1190064
1199293 1199818
1200593 1201672
1204070 1210120
1210229 1245662
1246341 1257238
1257776 1268512
1269328 1291321
1291848 1305542
1305636 1306229
1306455 1306599
1306667 1307614
1307728 1308061
1308157 1308408
1308657 1309899
1310265 1311940
1312507 1321155
1324443 1326291
1326827 1341503
1341766 1342985
1343726 1344117
1345526 1345899
1345965 1346426
1347319 1348926
1350167 1350364
1351356 1366289
1366917 1369225
1372983 1374987
1377547 1378714
1379320 1380314
1381242 1392393
1397559 1406497
1407213 1410904
1415453 1418218
1422357 1426767
1427542 1429869
1430599 1431384
1433105 1435173
1436401 1442243
1445011 1445209
1447585 1451391
1452672 1458333
1458936 1461120
1461740 1465797
1466520 1467351
1469792 1478611
1480210 1491107
1491236 1509399
1510712 1512363
1512931 1517511
1518520 1523340
1524381 1527578
1528501 1544085
1544943 1555644
1556213 1559915
1560847 1565527
1566200 1604426
1606037 1617901
1619343 1684330
1684958 1686981
1687056 1690658
1696090 1698343
1699570 1701770
1701852 1707113
1707239 1707547
1707654 1722410
1723007 1723717
1732228 1732873
1736820 1739643
1742688 1746988
1747893 1752393
1752969 1756615
1757691 1758496
1760823 1772502
1781739 1781830
1782053 1783788
1784461 1784667
1785285 1785615
1791922 1792472
1793749 1795816
1796573 1797140
1797879 1807966
1811030 1811159
1811913 1812341
1817089 1826120
1826916 1833591
1834425 1837149
1838042 1840519
1843043 1849571
1849695 1849984
1851589 1857528
1858830 1867088
1868180 1870239
1871504 1872853
1875192 1877916
1878622 1885109
1886945 1892996
1896549 1899592
1900256 1902252
1907629 1908999
1913742 1914868
1915401 1924451
1924975 1927131
1927881 1939027
1939677 1944897
1946944 1947102
1949376 1949619
1950555 1959742
1960315 1964142
1965355 1969595
1970109 1972065
1972664 1973095
1973734 1986405
1986941 1987527
1988271 1996225
1996770 2004213
2004705 2006412
2007836 2015448
2016952 2025497
2026028 2067723
2068448 2071685
2072162 2079044
2079738 2080178
2082240 2088211
2088739 2093996
2094319 2099829
NC_057381.1
1 2937
3620 5059
5440 11475
13082 13293
13860 27531
27842 27953
30679 36297
45685 45774
50870 53066
54784 55592
56529 61870
64552 75938
80034 81177
81311 81892
89864 90794
91962 95750
101495 110817
112821 115680
116027 131173
131271 133896
134404 136162
137385 140716
140863 145935
146489 147100
152508 155115
155346 156654
157224 158087
159031 160117
160755 161378
162032 162766
162904 164351
165430 167929
171847 191137
192526 197967
200521 200573
203572 205369
206511 207040
208106 208608
209809 210132
210970 211260
213936 216784
224288 225692
226279 227030
227182 228274
230106 232456
238304 238803
238986 251804
252598 254651
256215 257215
259493 259815
260649 261024
265382 265821
266969 267295
271034 271808
272354 272651
272820 273046
275307 275433
275502 275967
276494 276945
277821 285374
286058 287974
288703 293053
293854 297945
298376 302603
302745 304463
305982 307223
318532 318771
322030 322517
337732 337875
338812 340618
341629 342316
346546 348354
348962 354331
355843 356121
359008 359831
362091 369192
370176 388755
388935 397729
398963 399398
399488 399703
401189 407697
407919 409374
416732 416852
419051 419776
420586 421129
422531 422972
426787 427243
431978 433586
440199 440665
441631 441965
446312 446446
447397 448068
455465 457017
462268 463096
463856 464520
468905 469144
469851 470870
473817 474891
475931 477741
477876 478019
480560 481275
483497 483852
485926 486087
488966 489152
489524 489897
489994 490111
494607 495966
497858 498038
506138 506425
511779 512532
513807 513962
515570 516132
517786 518136
523248 523546
525561 525748
526363 526676
527278 527777
530371 530802
531427 532067
534724 535578
540000 540400
542017 542425
543792 545191
547217 547267
548479 549170
553032 553672
554989 555678
558558 559072
566160 566300
568125 568555
570751 571060
571729 573630
576187 576595
577949 578125
579748 579895
580377 580460
581694 582185
587540 587806
588089 588255
588453 588599
589499 589782
590153 590291
590497 590596
591639 592548
594321 594556
596084 597122
598202 598421
599528 600468
602617 603052
606337 606394
607434 608799
609668 610360
611007 611096
615521 616580
617296 617469
621615 621974
624041 624118
624782 625061
627021 627102
629542 630601
631483 634611
635615 635866
643832 644557
646944 647099
649694 650078
659624 660921
663047 663196
664648 665017
666009 666752
667731 667983
669132 669236
671388 671558
673454 673916
679440 679810
690300 692697
694836 695259
697266 697710
698119 698223
699674 700488
701674 702659
703280 704574
710591 717225
718431 718563
719485 719655
720899 721388
723243 723812
729350 729555
732813 732884
737161 737473
743563 743702
744231 745157
748934 749746
750894 751680
754454 754594
761160 761740
766627 766890
769186 770355
773142 774186
777635 778015
785980 786044
789093 789322
790332 790562
791904 792710
793963 794014
794652 795281
795788 796748
799215 799389
800150 800293
805029 805325
806858 808335
809134 809361
812524 812809
821026 821239
825996 826717
834024 834212
835365 836122
837900 838424
841558 842103
843541 844017
845214 845902
848656 849345
850173 850768
854953 855285
858467 858825
860325 860742
867805 868221
868793 868888
870380 872201
873536 873585
874104 874202
876679 877144
882055 882928
883447 883695
894503 896150
897926 900760
901770 902339
906119 908460
909915 910757
913698 914070
914675 914925
916641 917137
917898 918111
921714 921913
925181 925649
931636 931821
932596 932916
936061 936339
938647 938896
940876 940935
954704 954861
965560 965848
966908 967052
968695 969130
969779 969851
973801 973922
979545 979612
980931 981551
982065 982934
987928 988114
994119 994390
995414 995797
996581 997080
1002091 1003829
1006458 1006987
1008141 1008524
1011430 1011697
1013769 1014249
1017299 1017390
1021550 1021659
1023272 1024148
1032832 1033146
1036409 1036654
1040180 1040400
1041653 1041855
1046471 1046793
1049505 1050352
1051467 1052327
1053830 1054017
1059860 1060002
1069496 1070567
1072851 1075331
1075998 1076222
1078153 1080291
1081814 1082081
1082663 1082757
1083882 1084185
1085268 1085565
1089780 1090002
1091267 1091638
1092521 1092607
1094706 1095282
1096722 1096844
1104362 1104742
1105749 1106035
1107240 1107570
1108086 1108541
1109404 1109572
1113782 1114192
1117727 1117799
1118912 1120113
1121162 1121680
1122969 1123374
1123971 1124192
1126588 1127681
1133905 1135046
1135769 1136428
1137951 1138131
1138696 1139054
1144571 1145838
1155143 1155442
1161115 1161191
1164280 1164986
1166541 1167009
1168048 1169186
1169991 1170205
1172758 1172821
1176439 1176903
1178072 1178470
1186542 1186723
1186970 1187098
1188740 1188943
1189521 1190219
1192103 1192548
1193836 1193890
1199176 1199418
1233832 1236775
1236938 1246470
1246934 1263600
1265474 1266262
1266910 1267035
1268003 1268693
1269811 1270852
1273165 1273250
1274944 1276616
1278822 1278975
1279614 1279786
1280323 1281182
1282847 1282903
1285089 1285426
1286071 1286673
1290655 1290743
1291388 1291879
1293152 1293377
1295003 1295420
1299236 1299346
1299879 1300112
1302777 1303018
1306004 1306653
1308393 1308599
1310680 1311028
1312171 1313012
1314853 1316329
1316599 1316785
1319158 1319736
1319843 1319892
1319973 1320088
1320279 1322525
1325324 1326692
1328239 1328670
1330731 1335067
1337974 1338101
1339273 1346082
1347518 1347593
1348166 1350292
1350884 1350961
1352646 1361505
1361701 1375365
1376151 1391242
1391317 1402353
1402925 1404073
1404295 1405948
1406505 1412809
1413957 1414220
1414770 1414919
1415679 1416896
1430442 1431173
1435172 1435597
1437370 1437424
1452283 1453443
1456008 1456385
1457033 1459265
1466098 1466265
1466851 1467077
1468426 1469136
1473598 1473858
1475217 1475788
1477397 1477605
1480736 1480916
1487938 1488025
1489664 1490603
1496154 1496749
1499361 1500159
1502354 1502826
1514681 1514880
1517252 1517414
1517942 1519087
1525649 1525956
1527297 1527898
1529062 1529352
1532024 1532602
1542883 1543322
1544869 1545985
1549906 1550194
1565448 1565782
1567862 1568289
1569844 1570004
1571446 1571571
1574290 1575715
1576233 1576475
1577500 1577834
1583882 1584601
1588457 1590297
1591782 1592700
1593254 1594950
1597055 1597104
1598346 1599109
1600750 1600887
1602304 1602847
1606586 1606809
1610005 1610269
1613656 1613788
1623977 1624178
1628395 1628980
1629897 1630084
1633416 1633828
1637849 1638128
1639784 1640792
1642920 1642999
1644023 1644238
1647093 1652044
1657924 1658448
1659279 1659365
1661032 1661188
1668868 1668937
1669910 1670289
1674810 1674859
1675503 1675728
1678260 1678379
1688259 1688470
1691966 1692756
1694218 1696282
1702353 1702865
1705134 1705366
1707763 1708821
1720207 1721756
1722631 1722741
1723071 1728210
1729127 1736454
1737129 1750666
1750845 1752371
1752473 1754925
1755010 1755336
1756036 1756647
1757308 1757820
1762829 1764218
1767063 1768101
1768731 1768810
1770454 1771400
1772076 1773393
1775599 1776072
1780394 1780560
1783452 1785171
1798038 1798292
1804115 1805514
1806991 1807276
1809345 1809454
1810161 1810910
1814469 1814880
1815923 1816567
1824304 1825713
1826346 1826481
1832774 1833241
1834572 1834811
1837082 1837357
1842686 1842828
1846476 1847452
1850309 1850646
1852173 1852426
1853779 1854551
1855299 1856527
1857540 1857649
1861648 1862086
1862893 1864052
1867786 1868098
1869136 1869604
1880718 1881029
1882999 1883808
1884609 1888305
1888599 1893863
1897381 1897614
1897765 1900645
1906769 1907565
1908268 1908466
1909732 1911146
1911875 1912385
1913169 1913282
1913933 1914215
1919796 1920478
1930546 1931499
1933504 1933939
1934518 1934859
1936527 1937216
1938339 1939663
1941827 1943038
1944207 1944603
1946424 1948821
1953861 1953953
NC_057382.1
1 4507
4606 4889
5183 5399
7363 8947
11066 11925
15490 15550
17181 20846
21406 21793
24650 26605
27353 35428
36794 38866
42341 51519
54860 58839
59347 70443
73445 75994
80872 82569
83095 84820
91805 95682
97005 97105
97740 98305
98890 102421
105166 106037
106961 107107
108398 109073
111857 112489
113190 113670
117436 117964
119063 119527
120601 121667
122806 123408
125998 127070
127485 128539
129847 130763
134665 135956
139840 140839
143652 144153
145032 145463
149660 150013
154880 157004
157546 157911
160340 161562
162847 163067
165440 166199
166781 167263
168898 169023
170150 171128
171703 173081
174958 175727
176253 176773
179345 179945
184897 185318
186116 191262
192688 195483
196282 198397
200076 200629
201457 202296
203732 205891
207468 212033
212606 220037
221438 222819
223487 226931
228200 228971
230314 230559
233055 235098
236515 236604
237309 237709
238485 238832
239447 239582
242086 242310
243023 243695
244676 244995
247564 249018
249536 250401
252098 254516
255135 255702
256270 257584
258216 259645
261682 261776
262300 262355
263999 264832
265392 266219
273693 274841
276108 278602
279142 282976
286745 288302
288888 289697
290384 290665
293213 295175
295711 296094
297359 306317
309125 315606
316119 318833
330129 334288
337468 338721
340298 340528
341684 341892
343090 343937
347590 351330
354206 358040
359233 372263
374335 376577
377823 384186
385923 386463
388622 397604
403975 410346
417405 417580
418209 418850
420019 420291
421697 422041
422810 422973
429731 430153
435676 436048
458067 458377
460342 460416
465922 466025
467087 467280
467820 467965
468904 470818
471490 473122
475819 475911
478062 480352
481909 482022
482992 490939
491995 494564
494631 503319
503880 506929
508849 510042
510575 514353
514740 521410
521514 528373
529512 531143
534903 535415
536616 536799
539387 539744
546059 548095
552761 552854
553718 553868
559731 559847
562694 563711
566650 567743
572621 573628
574914 576649
578202 578724
580487 582029
588803 589982
592946 594684
595499 595675
597695 597934
599256 599436
603030 603831
605331 605867
607270 607459
608472 608565
610970 612513
617140 625755
626440 628075
628794 629671
631703 632496
633526 634205
636987 641576
642109 648426
650381 650501
652033 652630
653366 655449
657675 665167
666685 667617
668412 672495
675317 679752
680417 685008
685549 685603
686503 686556
688705 688881
689906 690289
690924 691024
692155 698446
700236 700727
706222 706353
707287 707661
709000 712243
712804 716156
717807 722255
722768 723111
723618 724391
730871 731735
732323 732467
733110 733737
734436 735946
736544 737089
737616 737881
739676 741686
742002 744303
744749 745038
745143 758458
761617 761883
765832 771216
776225 777396
778259 781612
782302 782639
782769 787377
788506 789957
792404 796073
796653 796763
796844 801768
801923 802871
803475 806933
809940 810291
812244 812814
812883 813421
818729 823136
831195 832548
833133 833663
834647 834937
837679 838298
841548 847124
853557 856636
861229 863087
863303 866650
868136 870783
870867 871129
872868 879078
879903 881568
883007 888219
888749 892989
893682 894230
898844 899011
909465 909690
912320 912443
917791 917902
920606 921160
923656 923803
925580 925863
927457 927691
928213 928481
929269 930029
932968 934186
934493 935268
937705 940337
941346 941498
942653 945315
958946 959770
960745 961100
961660 962563
963334 963478
972945 974655
975222 975575
977636 978897
985821 985913
991757 991950
993146 993256
993978 994784
995346 995716
1002240 1002603
1009512 1009897
1011034 1013336
1014392 1015404
1021530 1021610
1027697 1027809
1028170 1028223
1028319 1028465
1029185 1029285
1029353 1029958
1030074 1030123
1030850 1031795
1032403 1032531
1033088 1033506
1034149 1035474
1036069 1036962
1046699 1047710
1048213 1050754
1051633 1065273
1066157 1067929
1094487 1095218
1102534 1102780
1105573 1106070
1108579 1108888
1117195 1117653
1121323 1121935
1123357 1123484
1124577 1124735
1130143 1130729
1135696 1136354
1138228 1138499
1139873 1139933
1140682 1140740
1141677 1141747
1147313 1147432
1151099 1151248
1153544 1153876
1155463 1156399
1157121 1158770
1159815 1160365
1161410 1161602
1166420 1166661
1170055 1171712
1173284 1173381
1174497 1175261
1177956 1178086
1191228 1191403
1193464 1193610
1194869 1196116
1198888 1199365
1201180 1201324
1205312 1206021
1217839 1218263
1221937 1222014
1224506 1224685
1225201 1225944
1227936 1228062
1230118 1230569
1234081 1234899
1236670 1237631
1238432 1238807
1259226 1259526
1262024 1262301
1265714 1265789
1272371 1273148
1275999 1277611
1278212 1280386
1281920 1285244
1290093 1291576
1301132 1301757
1307949 1308537
1308996 1309683
1310293 1310729
1313635 1314109
1317520 1317775
1320613 1321108
1323042 1323420
1326811 1328836
1329606 1329666
1330212 1330372
1330912 1331014
1331723 1332560
1332716 1332897
1334002 1334083
1336344 1336675
1342056 1342213
1342740 1342818
1344259 1344321
1351038 1351182
1351746 1352208
1363284 1364060
1369429 1369639
1371613 1376880
1380552 1385429
1391380 1392892
1393552 1393665
1394188 1395410
1397377 1397612
1398131 1398264
1399112 1399635
1404455 1404663
1405599 1405814
1411184 1411806
1412388 1412877
1414752 1414833
1415476 1415528
1416164 1416628
1418411 1418550
1419880 1420031
1421017 1423703
1425647 1426088
1429444 1429783
1444770 1445465
1446026 1446155
1452099 1452182
1453487 1453816
1462803 1462981
1466363 1467277
1469750 1470768
1484809 1485317
1487565 1488129
1493140 1493769
1497669 1497773
1499837 1500256
1501770 1502330
1503572 1503885
1509571 1509715
1514976 1515071
1517617 1517823
1522743 1522867
1522942 1523029
1525166 1525774
1528085 1528800
1530919 1530995
1538687 1539163
1540164 1540234
1541865 1542084
1543306 1543529
1544072 1544460
1545188 1545449
1546765 1547833
1548538 1549714
1550735 1550929
1552847 1554621
1556704 1557429
1575832 1576057
1578436 1578577
1579927 1581222
1583096 1583889
1585186 1585866
1590138 1590482
1591016 1591472
1592372 1595810
1599594 1600106
1601854 1602128
1606761 1606901
1616227 1616964
1618720 1618786
1635180 1636518
1637499 1637744
1639318 1642266
1643488 1644523
1647715 1648081
1651089 1651165
1653430 1653518
1655010 1655266
1657149 1657340
1665339 1665573
1666646 1667819
1675800 1676105
1678523 1678695
1679435 1679558
1682825 1682919
1686054 1686582
1689529 1689862
1690906 1691255
1701901 1704025
1710711 1711516
1713932 1714354
1715443 1716009
1718427 1719159
1740977 1741246
1753907 1756695
1759313 1759407
1760193 1760466
1761028 1761185
1763268 1764066
1766662 1767159
1768808 1769307
1778115 1778724
1782027 1782231
1784457 1784618
1785650 1786825
1787561 1787611
1795747 1795894
1798451 1799974
1802868 1803051
1807446 1807510
1810859 1812362
1813133 1814349
1817102 1817370
1821529 1821712
1828796 1828894
1831376 1831757
1834239 1834530
1835601 1836703
1839170 1840533
1842885 1842938
1846790 1847483
1848065 1848208
1849864 1850235
1850821 1851024
1853818 1854002
1856570 1857990
1859965 1860413
1865485 1866674
1877160 1878207
1881383 1881836
1887211 1887434
1892964 1893941
1894582 1895498
1906204 1906529
1908378 1910054
1910579 1910744
1911418 1912726
1914477 1915278
1916267 1916808
1924893 1925274
1928022 1928649
1929274 1929859
1930877 1930950
1935564 1937037
1937781 1938053
1939134 1939314
1940068 1940411
1941277 1942447
1944389 1944452
1946838 1947301
1948344 1948621
1952110 1952381
1955235 1955423
1960700 1961083
1982018 1982845
1987482 1987719
1988280 1989533
1991538 1992228
1993310 1993521
1994524 1994636
1995652 1996029
1997241 1997376
2002345 2002731
2006552 2007024
2009680 2009801
2015409 2015560
2016564 2016637
2025610 2026090
2026760 2027463
2028254 2028640
2029472 2030514
2031205 2031525
2041770 2042589
2045641 2046297
2049490 2049644
2051970 2054120
2055646 2055801
2056350 2058440
2059009 2059060
2065204 2065679
2069498 2069634
2070254 2071908
2073761 2074311
2077110 2077206
2077735 2077802
2078104 2078379
2078665 2078721
2082152 2082926
2087079 2087163
2092460 2092516
2093843 2093923
2096959 2097126
2098009 2098246
2106778 2107056
2110032 2110589
2113000 2113237
2113864 2113998
2124433 2124491
2126893 2127530
2128279 2128796
2130950 2131232
2131489 2131550
2132837 2132976
2136192 2137388
2139894 2140293
2140881 2140955
2142619 2142708
2142786 2143736
2144981 2146052
2148316 2150218
2150836 2151272
2155091 2155275
2158998 2159092
2160160 2160561
2161724 2161968
2162684 2163644
2164318 2164579
2165618 2165727
2172943 2173142
2174143 2174397
2177684 2178443
2181167 2182035
2187528 2187953
2190239 2190702
2192325 2196306
2196950 2205560
2205690 2208591
2210825 2216563
2218887 2219188
2219840 2219908
2221546 2221821
2236034 2237046
2237621 2237966
2242272 2242863
2244010 2244802
2245326 2245472
2246580 2246941
2247583 2248411
2252569 2253034
2255621 2257134
2259384 2262809
2263483 2263778
2266115 2269151
2269513 2269898
2270174 2271624
NC_057383.1
1 8856
9803 15838
19195 31879
32594 44140
45029 45859
46668 51519
52360 52760
52936 55147
56454 58216
58453 58549
59400 59467
60662 62143
62738 62866
62950 63941
64914 65855
68607 69295
69413 70920
72076 73500
73644 74137
75254 76003
76155 78379
79250 80155
84820 85186
88462 88638
89950 90396
92203 92696
94094 94590
99445 99884
103540 104218
104792 104949
109532 110190
115548 116345
128820 129079
131339 131538
132741 132888
136791 137237
138437 138610
138926 139007
139187 139432
139993 140460
143637 144084
149293 149535
150645 152132
153888 154090
155611 155753
157594 157693
159561 159855
162939 163215
163765 163884
165983 166156
167568 168048
168769 168986
172512 172879
175440 176434
180665 181566
188812 188886
189529 189669
190874 191250
192126 192564
196060 196391
198291 199009
199622 199722
206556 208709
209660 210433
214435 214696
215365 215886
216355 216528
216780 217094
218620 218845
219815 220208
220743 220896
223863 224213
225543 225760
225868 226030
226135 226342
226545 226596
227337 227602
227695 228084
228692 229808
236623 250063
253857 261524
262495 264684
266926 267100
270551 273369
275873 276600
278174 280621
281539 282490
282633 283175
284410 284610
284693 284999
288434 288969
289038 289090
289735 290557
291158 292006
295552 298449
299020 302504
303070 307779
309614 309892
310518 311286
319184 319595
325001 325166
328901 329256
329830 330106
330838 333048
334940 335456
335988 336342
339473 340412
342999 343353
345822 346188
347695 350871
351072 353277
356521 357145
357909 358669
360429 361851
361962 367725
367956 368337
371423 374464
376261 376614
379072 379413
382897 386399
388476 389656
391508 392097
395423 396753
402286 403503
408530 409228
415937 416296
419472 420726
424895 425423
426490 426779
430643 430935
435316 435759
436277 436684
441686 441972
442736 442886
443455 443849
449491 450133
452334 452697
456096 456347
457169 457555
458605 458663
467061 469108
471716 471836
472831 472938
480403 481118
481819 482760
486329 487487
488237 488372
490599 490956
494227 494644
501389 502217
502775 503327
509663 509925
514464 514803
516351 517136
518717 518794
519393 519818
521970 522030
522142 522570
523242 523691
526520 526688
528071 528247
532132 532590
533093 533526
534145 534501
539152 539481
540421 540971
543172 543562
544232 544523
546330 546690
547761 549513
558972 560816
561047 562084
563069 565114
568412 569124
570395 570618
572043 574204
575990 580102
586027 586587
591094 591554
592797 593103
594605 595773
600913 600994
603285 603941
604495 605819
612799 614734
615305 615760
619620 620117
621517 622832
627945 628191
630168 630455
631022 631133
638028 638548
639140 639464
641530 659420
662152 662524
663393 663602
672918 673024
675532 675647
677984 678134
687108 687423
687883 688180
688514 689175
692982 694950
695346 698612
700975 701691
702368 702509
703086 703260
706726 707770
712252 713063
715221 716618
720796 720908
721575 721819
728471 730143
733083 734333
734924 736269
737971 738244
746153 747262
755721 756954
758728 759158
760249 761209
765388 765922
766633 767308
768118 768447
769816 772933
775282 775638
776978 777082
778506 780127
780970 781958
782901 782969
783978 784311
785018 786301
790123 790942
791521 791969
793255 793667
803913 809749
813776 813963
814756 815170
817798 818037
820743 820844
821628 822055
823121 824023
825628 826212
829623 829684
833428 833486
834110 835220
838378 838514
839346 839523
841087 841175
844894 845544
846338 846788
848616 848981
849736 851148
851833 857516
858363 859052
862349 862434
864615 864931
867125 868803
878252 878434
878720 879031
879933 880094
896553 896830
902594 904578
905256 906817
907379 907734
910437 910560
926649 934179
934251 937036
940736 946413
947022 950096
952719 954482
957455 967190
972346 979990
980064 984344
985492 990455
990531 996058
997375 997438
998299 998711
1001771 1005740
1006320 1006915
1007769 1008608
1011214 1012076
1014337 1015457
1017394 1017536
1018615 1018858
1018965 1019392
1023863 1024503
1027168 1027383
1031829 1032474
1033037 1033400
1083955 1084004
1084722 1085133
1085670 1086574
1087215 1088445
1090179 1090664
1101214 1101314
1110157 1111789
1113160 1113254
1113772 1114351
1114890 1115755
1121029 1121170
1123037 1123413
1125509 1125886
1127298 1127364
1129980 1131596
1136531 1137237
1143300 1143644
1146090 1146252
1147179 1147395
1147972 1148037
1148732 1148877
1151460 1152471
1153089 1153233
1157924 1158366
1159219 1160025
1160608 1160733
1172475 1173694
1174588 1174852
1177295 1179069
1181209 1181594
1182198 1185250
1185901 1186340
1187936 1188192
1201596 1201793
1207079 1207625
1212262 1212971
1213902 1214096
1216520 1216711
1217306 1218015
1218970 1219138
1219691 1220008
1221466 1222001
1223685 1224054
1225770 1226547
1227565 1228524
1229593 1231005
1231669 1232105
1233225 1233528
1233799 1239523
1240043 1244960
1247110 1248955
1251515 1256597
1256933 1257014
1258543 1259960
1260610 1261569
1265114 1266769
1267408 1267789
1270566 1270857
1274453 1274854
1279887 1279998
1286352 1290056
1290726 1291574
1296790 1297729
1303012 1303576
1304635 1305023
1307785 1309502
1311168 1311616
1316580 1316772
1318509 1322989
1325370 1328590
1335927 1336483
1338476 1338962
1344512 1344694
1346394 1347778
1348377 1348807
1354066 1354334
1363036 1364041
1365355 1365832
1371093 1371330
1375025 1375202
1377878 1378910
1380026 1381358
1384688 1384877
1385891 1386618
1387789 1388370
1396889 1397084
1400774 1400988
1404511 1404803
1405907 1406309
1407214 1407386
1409555 1410921
1412222 1412409
1412966 1413079
1416428 1416843
1418258 1418618
1419878 1420895
1421595 1422021
1422645 1422782
1425144 1425259
1425798 1426207
1426739 1428236
1428766 1429413
1430044 1431461
1436169 1436692
1437454 1437936
1438612 1438963
1439629 1440122
1440784 1440925
1443688 1443988
1444558 1447639
1450292 1450803
1454843 1455375
1457857 1458020
1461460 1461608
1472572 1477882
1478562 1478929
1479060 1479282
1479826 1480258
1481213 1481717
1483704 1483815
1486068 1486171
1488185 1488284
1490921 1491169
1492719 1492888
1494200 1494340
1500794 1502296
1502953 1503140
1509805 1509965
1523714 1523863
1528248 1529160
1530952 1531451
1534465 1534719
1544057 1544592
1546189 1546897
1548488 1548554
1549527 1550306
1553611 1553740
1554254 1555176
1558687 1560371
1562719 1563051
1567808 1568081
1570984 1571372
1572754 1573139
1573788 1574109
1577265 1577457
1581483 1581567
1583565 1583751
1586698 1586768
1594638 1594786
1604064 1604258
1605065 1605368
1608197 1608873
1610967 1612133
1614391 1614564
1616094 1616162
1616984 1617601
1618138 1618692
1622965 1623297
1625331 1626036
1627270 1627322
1627887 1628445
1632259 1632930
1635503 1635743
1637782 1638927
1641902 1642004
1642653 1642812
1644123 1644378
1650854 1651271
1658502 1658675
1659243 1659320
1660117 1662215
1667524 1667600
1672027 1672473
1673018 1674403
1676523 1678076
1691940 1692452
1696395 1697681
1708933 1709282
1711876 1712454
1716103 1716292
1717432 1717733
1718630 1720562
1721252 1721330
1723435 1723879
1725685 1726108
1727192 1727643
1730702 1731219
1731804 1732317
1732865 1735935
1740499 1740675
1742424 1742751
1744196 1744802
1750922 1751237
1758057 1758702
1769874 1770071
1774397 1774532
1779865 1780257
1780950 1782238
1783094 1783688
1784292 1784618
1787018 1787359
1789275 1789424
1792115 1792239
1794101 1794567
1795392 1795815
1801126 1803277
1803418 1812388
1813952 1815514
1816539 1817375
1817543 1817967
1822061 1822332
1828649 1828781
1829366 1829641
1830416 1830688
1831756 1832129
1832786 1833058
1833569 1833827
1835057 1835493
1836324 1837672
1838926 1839726
1841648 1842019
1845570 1845643
1846514 1846717
1855941 1856225
1858749 1859441
1860350 1860473
1862336 1862565
1873558 1874228
1874957 1875709
1878176 1879768
1894712 1894969
1895519 1896565
1899206 1899947
1902724 1904660
1905808 1907993
1909638 1910558
1910728 1917809
1918852 1920166
1922410 1930403
1932761 1933744
1935308 1944403
1957165 1958470
1959025 1966500
1967072 1968662
1969771 1970105
1970760 1972236
1973982 1974199
1982585 1982829
2003192 2003638
2005002 2005065
2009006 2009345
2012080 2012450
2013134 2014120
2016818 2016978
2017481 2017751
2018443 2018705
2019205 2024846
2025664 2027590
2027677 2033898
2034749 2039024
2040688 2043094
2044464 2048553
2051869 2052510
2056083 2057636
2063807 2091426
2093180 2094219
NC_057384.1
1 7780
9552 9878
10584 11782
12156 12211
12402 12521
13222 13621
17437 17927
18030 18120
18877 19523
23885 25643
28727 30272
30386 31737
32004 32416
33010 33389
39626 39835
40363 42143
44019 44322
44864 47313
48823 48921
49962 51364
55477 56681
56992 57780
58246 61846
63178 72430
73055 74238
75379 77384
78661 84574
86353 86739
88652 92497
93219 93944
96616 97554
99532 102611
103165 106127
106402 111132
115861 121568
124997 125571
125691 126256
126366 126807
127595 128739
128986 129551
131321 132545
134350 134930
136226 136538
139308 139405
139997 140333
145722 145824
146395 148011
152411 152929
154658 155316
157400 157632
160776 161228
167528 167933
168538 180551
181159 186186
186868 187974
189721 191670
192512 193101
194856 194947
211493 212591
214699 215860
216537 217070
220195 220289
222065 222500
225653 226086
232404 232896
236917 236977
238194 238779
239980 240161
240803 240872
245949 246247
247146 247454
251112 251382
258108 258402
260196 268065
268859 270315
270573 272292
272807 274735
276102 276579
277462 277657
282461 283035
285117 286228
287222 287344
289294 289384
292113 292481
298671 298959
299540 300005
302445 302532
307723 308020
313147 313354
313887 314412
317940 319153
320129 321772
322431 323323
324800 325186
327177 327499
328516 328578
329607 329733
330439 330662
330756 330860
331369 331737
340888 341218
342620 342747
346370 346682
354247 354298
354929 355039
355553 355746
360994 361698
369410 369870
373337 373473
376914 377291
379721 379875
383137 383462
393959 394442
399995 400311
407630 407926
410014 410596
413202 413430
421342 421549
422212 422355
429943 430051
431054 431497
432796 433242
434656 435100
436394 436527
438482 438668
439732 439890
441037 441343
441832 442159
442749 442935
444211 445007
445643 445728
445953 446208
446531 447007
448584 448741
452093 452209
453141 453509
454071 454238
456675 456856
458030 458323
461107 461364
463826 464107
466618 466795
468703 468960
474843 474990
477583 479408
481292 481622
482922 482991
485067 486492
490208 490396
492432 492720
493427 494583
499684 499993
501985 502105
504705 504991
507372 507797
508560 508714
509318 509551
510851 511050
511142 514432
517322 517549
520254 520647
524960 526004
526593 527334
541235 542111
542888 545987
546522 546577
547294 549413
552555 556247
556757 557152
558501 563677
564701 565065
570788 575840
577794 581607
582180 582508
587009 588587
589517 590015
590808 591274
592639 594588
595119 595400
604156 604653
607905 608472
609267 609462
609648 611581
615349 615901
617859 618023
622927 626228
629658 630081
631065 632132
637059 637248
638525 638575
643436 643818
645262 645340
653474 654114
657075 657261
658375 658756
659806 662136
663480 664009
667026 668088
671207 671546
673688 673748
674665 674810
676851 677956
680425 687759
690525 690808
693191 693412
696213 697151
699230 699665
703076 703333
704081 704283
708695 709284
716656 716829
717729 718413
724153 724400
728949 729870
732150 732239
735538 736038
738439 738646
739311 739966
742099 744026
744656 744901
746788 746935
747348 749891
750006 751633
751845 752235
752759 754280
757593 759827
769219 769580
770567 771647
777214 785361
794392 794988
795633 798349
801150 806332
806980 808788
810007 810915
812683 816328
820201 821319
821914 822824
824062 825988
827436 828513
833840 834528
837446 837842
839590 840631
841473 842256
842951 844426
844676 844950
849663 851325
852546 852686
852982 853525
854637 855187
855306 861787
862871 863012
863841 864480
871876 873509
874886 877158
881571 888690
890343 891762
892978 893297
894029 895844
897427 897769
897859 898357
899142 900947
903669 903996
905757 908329
913322 918582
920425 920491
921473 922214
922992 924122
925348 931303
934319 934480
934669 934873
938147 938756
939685 940857
943621 944541
945129 945829
945926 948791
950205 959702
961896 962522
968506 968735
969725 969938
970943 972108
972592 972817
976286 976446
983056 983406
986162 986315
994858 995091
1001051 1001336
1002975 1003105
1006459 1006668
1007608 1007728
1016994 1017356
1018887 1019073
1019807 1019904
1021877 1022772
1026141 1026360
1035435 1037655
1039965 1040409
1049332 1049454
1051518 1053039
1054147 1055284
1056766 1057586
1058621 1058680
1064200 1064272
1068125 1068679
1070902 1071248
1071834 1072544
1073229 1073554
1084334 1084557
1090588 1090897
1093695 1093900
1094833 1095046
1098233 1098655
1099910 1100500
1111266 1111926
1115085 1115443
1118973 1119152
1120077 1120513
1121794 1121848
1129243 1129867
1130425 1130502
1131188 1131471
1132414 1132540
1133077 1133283
1133844 1134138
1138655 1139461
1140477 1140636
1149147 1149464
1159831 1160063
1163054 1163137
1165078 1165417
1172090 1172597
1173408 1173707
1177104 1177160
1178368 1180267
1181125 1183452
1186617 1187150
1187998 1188300
1191350 1191629
1192337 1192735
1196641 1196787
1208674 1209004
1215352 1215533
1216337 1216493
1216719 1216945
1219759 1219947
1221009 1221119
1222128 1222497
1223999 1230618
1232343 1232518
1233349 1236568
1238777 1240636
1241647 1242404
1243520 1246767
1249152 1249638
1252077 1263055
1263408 1263587
1264680 1265252
1270702 1270967
1274845 1274951
1275764 1276078
1276666 1276859
1277477 1278689
1282963 1283185
1284647 1288820
1290044 1290368
1296049 1297616
1300044 1301045
1307384 1307768
1309503 1310939
1311435 1311701
1313404 1314505
1318876 1318957
1319750 1320151
1337701 1338296
1340348 1340466
1341996 1342137
1342664 1342974
1345667 1345923
1347484 1347624
1348242 1349638
1350488 1351016
1353071 1353120
1354209 1355656
1368691 1368792
1371225 1372615
1374867 1375005
1375898 1376050
1379884 1380581
1380796 1381338
1383935 1384682
1386331 1386845
1392864 1393269
1393467 1393968
1398394 1399635
1399719 1401030
1402926 1404806
1405833 1419311
1420762 1421388
1421743 1427817
1429073 1429478
1429581 1431783
1432315 1438936
1439560 1439909
1441502 1442916
1444397 1446501
1446629 1446818
1447279 1447346
1448586 1448728
1456258 1468641
1468868 1470249
1470626 1470964
1471523 1486186
1486735 1487754
1487837 1491206
1491971 1494688
1495632 1496437
1497838 1498608
1499761 1506222
1507718 1507879
1510582 1510725
1512423 1512733
1513660 1514043
1521833 1522006
1524440 1525733
1528787 1530056
1531328 1531460
1533756 1534128
1541911 1542750
1545168 1545399
1546056 1546693
1548134 1548495
1551235 1551377
1552959 1553401
1553969 1554134
1554688 1554811
1559299 1559574
1564592 1564758
1574052 1574912
1574989 1575251
1580111 1587776
1588577 1590044
1591290 1592439
1592598 1592867
1593760 1594029
1594777 1594927
1600488 1600646
1602851 1603087
1604102 1604283
1606577 1607087
1610515 1613302
1613854 1614519
1619284 1623812
1624938 1625144
1627576 1627816
1628444 1629231
1631290 1631701
1635032 1636057
1637694 1637967
1638515 1638868
1639509 1640895
1642667 1642959
1645955 1646108
1650088 1650563
1651579 1651701
1652648 1653527
1655851 1656090
1657291 1658084
1659911 1660041
1660707 1660931
1667001 1667345
1667873 1668018
1668535 1668752
1669324 1669390
NC_057385.1
1 2036
2687 19377
19473 22026
22230 25052
25357 27124
37555 45416
46021 46437
46948 48401
49533 49842
50477 52040
52612 52813
52906 60891
62109 63072
64253 65172
65722 65982
68935 69391
73426 75331
75922 85284
87627 87713
90981 91064
94295 95296
95372 95433
95522 105782
107846 114229
115376 116829
119109 119265
120438 120764
121670 122658
124130 132081
132734 133392
133966 134713
135268 135514
136121 136936
137846 144090
145561 146839
146929 152297
155144 171160
172073 186912
187457 190842
191633 191763
192300 192410
192754 210400
217422 221882
221952 222408
222579 222898
223427 223642
224198 224312
227962 228391
233418 233779
240463 240623
241969 242340
254634 255026
255879 256045
260503 260859
263656 264309
265423 266082
270823 271208
274087 274401
276212 278181
281957 282015
282748 283167
283782 283913
284886 285114
287221 287436
291028 291924
296245 296665
301851 302007
302987 303329
306987 308110
309850 310406
312112 312282
318143 318358
319057 319885
320623 321084
321743 321931
331776 332108
334423 334715
338230 338892
342119 342294
342906 343293
345716 345863
349192 349594
350140 350289
354433 362790
363294 363882
364903 365064
366782 367258
375730 376356
390957 391038
393161 393436
404764 405143
405717 406150
412400 413209
413814 413895
417516 417642
421501 421613
423547 424005
428564 428748
434201 434524
439045 439395
442882 442982
445637 445856
446566 447254
447841 449051
450945 451250
456035 456953
457619 458017
458694 459056
459825 460202
461189 461528
462816 462905
464310 464896
469960 470197
471516 471683
472601 473223
473800 474601
475174 476326
476840 477176
478616 479296
480073 480448
481567 482267
482852 484545
485224 485403
486613 493817
494792 496868
497001 498176
498372 501172
501325 505532
505694 511731
511835 516798
516959 518656
519327 523596
524242 529111
529193 531638
532578 536267
541656 542140
543394 543943
548031 549267
549874 552497
553885 555345
557181 561023
561557 570672
570837 578293
578796 582325
583082 588641
588933 593095
595005 598096
601416 603418
604529 605429
607696 608212
613030 614963
618166 618629
619229 619439
620887 621073
621710 623086
625342 625610
630951 631034
636341 639961
644071 645168
645255 649006
650506 651219
652265 653100
661781 662789
666021 667399
670491 670620
674139 674289
678150 679473
689168 689287
690832 691062
706219 706411
707612 707778
713936 715134
717093 717219
718246 718399
721762 722178
723792 723892
725614 725694
729894 730499
731028 732252
737131 737484
740653 741097
742710 743375
750271 751468
752553 752839
755375 758123
771689 772017
779567 780567
788571 789346
790069 790681
792057 792959
793872 793924
795115 795898
796753 797038
797641 799312
800056 800475
803396 803692
804991 805796
806327 806602
807180 807752
812136 813619
818825 820430
831495 831876
832531 832607
835439 835862
839104 839290
839851 839903
840774 841660
842559 843161
844173 844570
846014 846465
846974 847814
853114 853312
853916 854129
854748 854925
864074 864559
865105 865511
867540 867786
879780 880085
880945 881685
883036 883364
892320 893651
895698 895977
897920 898595
901604 902067
903174 903295
905647 905903
909980 910631
913586 914043
914665 914844
917537 917595
918728 920276
921892 922004
926370 927314
928546 930071
940289 940340
943804 944048
945708 946699
959021 960756
961430 961546
964852 966311
969213 969679
971296 971633
973890 974122
977261 977593
980264 980499
981170 981488
982620 983273
984416 984661
990316 990746
994244 994849
995707 995835
996563 997104
1001370 1001592
1005662 1005815
1007670 1008328
1010064 1010298
1015004 1015932
1017784 1018406
1021223 1021526
1022354 1022750
1029097 1029252
1030642 1030826
1031636 1033454
1033972 1034120
1035351 1035677
1036625 1036793
1037868 1038042
1039226 1040450
1042208 1042739
1043951 1045182
1048564 1049052
1050060 1050200
1059475 1059699
1062373 1062455
1063267 1064790
1078962 1079797
1080344 1080470
1083098 1083598
1084503 1084959
1085527 1085737
1086292 1086612
1092645 1092841
1098670 1098969
1100143 1100938
1103165 1103287
1103973 1104038
1127339 1127433
1130950 1131318
1136868 1137340
1148050 1148866
1158489 1160211
1161971 1162309
1176447 1176750
1179264 1179751
1180334 1180535
1184273 1184581
1186384 1187524
1193432 1193678
1195665 1196137
1200737 1201088
1204160 1204412
1205020 1205362
1210922 1211145
1217608 1217840
1227653 1227926
1229084 1229515
1230286 1230400
1232762 1233332
1234278 1234348
1238630 1238970
1240901 1241096
1263180 1263540
1270652 1270767
1274651 1275101
1275632 1275734
1278498 1278771
1291043 1296182
1296299 1297525
1304281 1304390
1325619 1326994
1336409 1336553
1343272 1343558
1344189 1344333
1346166 1348479
1349000 1349149
1350514 1350945
1359574 1360116
1361276 1361969
1362678 1362890
1364355 1366887
1368111 1368285
1371589 1372506
1379796 1380052
1386159 1386634
1388235 1388767
1393351 1393529
1394989 1395143
1396517 1397053
1399377 1400709
1401255 1402886
1405753 1406027
1407062 1407872
1410321 1410657
1412030 1412452
1413044 1416471
1417079 1417276
1419401 1419478
1421093 1421701
1423312 1423656
1426356 1426483
1428765 1429095
1431270 1431354
1434739 1434946
1446026 1446389
1450061 1450387
1451616 1451750
1456727 1456823
1457440 1457672
1458965 1459470
1460121 1460175
1462161 1462224
1462750 1462970
1465248 1471628
1472195 1472658
1473178 1473615
1474760 1474870
1480008 1480159
1492843 1493093
1495004 1495549
1496801 1497054
1499841 1500535
1501800 1502296
1503700 1504059
1504928 1505192
1506221 1507158
1511712 1511889
1513304 1513504
1518673 1518811
1521998 1522143
1525573 1525761
1527012 1527197
1527909 1528040
1533603 1533876
1537594 1538112
1541514 1541728
1544440 1545493
1552741 1553001
1553534 1553965
1556256 1556561
1565185 1565753
1574231 1574517
1575162 1576502
1586058 1586432
1587233 1587631
1590783 1591299
1594844 1594910
1595431 1596457
1602105 1602490
1606211 1606691
1613549 1614634
1617889 1618131
1619677 1619731
1622849 1623314
1627121 1627606
1632165 1634167
1634972 1635127
1638492 1638815
1645888 1646397
1650894 1651254
1652427 1653880
1661399 1661501
1664648 1664886
1667021 1667247
1674319 1674817
1684056 1684251
1685570 1686228
1688367 1689732
1693999 1694560
1697644 1697909
1710611 1710957
1722145 1722861
1726231 1726483
1727790 1727883
1730357 1730837
1731551 1732780
1733400 1733731
1739137 1739241
1740649 1741042
1743052 1743133
1743730 1744029
1747227 1747537
1751148 1751582
1752577 1752660
1758311 1758675
1759432 1760203
1762451 1762643
1768319 1769045
1772496 1772633
1790420 1790602
1792426 1793958
1799185 1799516
1800301 1800411
1802815 1802941
1803453 1803902
1807011 1807063
1808286 1808653
1809198 1809321
1812365 1813376
1813485 1814074
1814657 1815067
1816226 1817615
1818255 1818351
1821126 1822253
1827295 1828032
1828567 1829542
1831081 1831527
1833866 1833986
1837778 1838023
1842424 1842922
1844691 1845840
1851048 1851242
1852460 1852773
1857788 1858277
1858999 1859128
1864742 1865342
1866908 1867158
1874450 1875042
1880653 1881570
1882621 1883094
1892742 1892900
1904722 1905122
1923675 1924172
1939061 1941308
1955270 1955594
1961259 1961815
1964042 1964372
1965562 1965987
2013627 2013952
2016042 2016897
2026060 2026163
2030773 2031305
2036227 2036653
2038099 2041566
2047650 2048351
2050839 2050950
2052845 2052987
2063474 2063959
2066497 2066957
2067648 2067907
2070881 2071529
2078761 2079170
2085823 2086455
2087441 2087819
2088866 2089043
2090167 2090323
2091466 2091685
2100962 2101491
2104846 2104913
2105646 2106528
2107221 2107388
2110197 2110324
2110903 2110989
2128879 2129557
2130696 2130910
2132128 2132220
2132841 2133072
2134261 2134697
2135386 2135818
2136668 2137109
2150444 2150589
2154265 2154681
2156873 2157307
2157861 2158362
2158991 2159441
2161349 2161421
2161964 2163060
2165461 2165816
2166435 2166598
2168492 2168762
2170575 2170771
2171320 2171471
2173184 2173914
2174868 2175139
2179909 2180157
2181390 2181885
2183617 2184451
2190836 2191260
2191896 2193077
2194591 2194672
2195971 2196277
2196886 2197404
2198716 2199202
2200345 2200928
2208959 2209889
2215569 2216129
2220889 2221034
2222664 2222835
2225596 2225918
2230368 2231083
2233360 2233763
2239115 2239456
2240902 2240969
2241766 2243215
2252464 2252573
2253877 2254421
2260127 2260454
2269291 2269533
2270224 2270491
2274200 2274351
2275228 2275846
2277356 2277799
2280945 2281771
2286100 2286327
2288992 2289895
2291045 2291193
2301424 2301705
2309471 2309789
2322231 2322545
2327156 2327377
2327939 2328252
2331247 2331552
2332607 2332929
2333521 2333871
2335161 2335426
2336543 2336757
2339734 2340056
2343143 2344150
2345604 2345791
2346378 2347404
2348184 2348649
2349987 2350540
2354677 2354960
2360061 2360992
2361683 2361882
2366538 2367096
2377169 2377409
2381519 2381718
2382218 2382376
2385408 2385594
2387879 2388271
2394303 2394643
2399785 2400013
2404648 2404747
2405860 2406850
2408838 2409449
2412992 2414134
2417346 2417454
2419978 2420091
2420962 2421207
2425650 2425864
2432735 2433400
2434404 2434498
2439033 2439469
2440028 2440195
2443236 2445742
2446263 2446421
2448381 2448762
2451838 2451901
2453376 2453519
2455275 2455559
2457036 2457765
2458322 2458389
2461031 2463372
2468749 2469023
2469882 2470716
2476819 2476870
2478955 2481474
2486659 2487225
2487928 2487980
2502756 2503377
2511995 2512185
2524827 2525065
2526472 2527062
2528340 2529037
2549865 2550068
2558111 2558313
2560834 2561269
2561890 2562044
2563528 2563771
2564983 2565182
2565716 2565898
2568221 2568319
2581464 2581550
2583916 2584405
2589318 2589579
2597341 2597636
2615481 2616473
2617007 2617705
2627965 2628965
2631999 2632204
2633509 2634750
2638116 2638265
2639871 2639999
2642212 2642349
2643369 2643474
2644032 2644336
2646931 2647584
2648876 2649933
2659470 2660094
2661465 2661592
2663354 2663431
2663983 2664470
2665180 2665451
2666533 2666637
2671207 2672129
2672997 2674623
2677916 2678641
2683971 2684250
2684936 2685143
2686992 2687174
2689365 2689686
2691917 2692105
2695693 2696199
2696820 2696996
2699126 2699334
2701787 2701902
2709668 2709761
2710394 2710689
2713549 2713671
2714658 2714797
2719523 2722424
2725312 2725435
2732411 2732626
2738913 2739870
2740974 2741078
2749487 2750167
2751945 2752051
2753276 2754094
2758591 2758990
2763365 2763446
2764009 2764140
2764805 2765826
2767032 2767317
2771858 2772842
2774288 2774471
2775125 2775897
2780510 2780832
2783107 2783197
2783749 2784029
2785501 2785661
2815413 2815555
2816743 2817057
2827056 2828235
2829257 2829870
2830480 2831279
2855383 2855625
2859678 2861401
2866301 2866825
2867678 2867994
2870004 2871284
2872102 2872331
2872872 2873034
2877282 2877457
2878044 2878275
2881001 2881297
2883111 2883484
2888964 2889635
2891392 2891979
2893020 2893267
2894099 2894773
2897494 2897883
2900079 2900426
2903132 2903381
2905944 2908123
2912860 2913731
2915862 2916185
2923571 2923774
2924669 2925155
2925985 2926972
2929841 2930212
2931241 2931745
2932423 2932976
2934036 2934567
2935544 2937079
2939859 2941419
2941934 2942702
2944845 2945466
2949305 2949810
2954880 2955232
2956290 2957807
2960401 2960506
2963185 2963249
2968212 2969212
2970652 2971594
2973485 2975095
2977530 2978507
2979212 2979350
3007702 3007900
3009092 3009314
3010805 3011152
3023442 3023495
3025750 3026249
3026976 3027708
3028422 3029386
3030825 3031717
3032364 3032432
3040401 3040650
3041234 3041409
3044156 3044333
3047981 3048128
3051925 3052073
3053555 3054037
3057021 3057366
3062493 3062837
3071596 3072286
3072843 3073187
3075320 3076870
3079865 3080340
3084899 3084957
3088984 3089342
3097996 3098452
3101583 3101829
3105481 3105662
3106734 3108589
3109779 3110053
3111510 3111567
3117201 3117494
3120802 3121068
3124851 3124900
3131862 3132495
3134880 3134977
3137296 3137368
3139162 3139390
3141789 3141984
3142895 3143463
3145428 3145542
3146097 3146588
3154861 3155319
3155966 3156658
3165222 3165452
3167406 3167494
3174822 3175192
3193045 3193662
3195455 3195744
3196476 3196645
3204495 3204751
3208483 3209346
3210240 3210534
3214175 3214947
3217522 3219548
3224342 3231036
3232009 3232373
3233800 3234108
3243573 3243756
3244813 3245197
3246485 3246641
3257313 3257882
3264000 3264147
3267179 3268783
3270081 3270539
3271085 3271179
3272338 3273932
3282569 3282737
3286093 3286187
3286831 3286914
3288554 3288819
3289339 3290519
3291784 3292008
3293059 3293775
3296340 3296888
3298937 3299099
3304234 3304453
3305061 3305572
3327159 3330157
3332385 3332917
3333479 3333874
3334394 3335498
3337158 3337355
3341104 3341723
3342520 3347289
3349414 3350738
3352824 3353295
3359311 3360531
3364355 3364625
3372073 3372214
3372723 3372872
3380836 3381184
3391374 3394384
3398464 3398735
3404813 3405885
3408778 3409108
3409835 3411060
3411719 3413494
3422174 3422530
3424547 3424794
3425389 3426981
3429473 3430227
3431012 3431347
3437907 3438400
3441976 3443355
3456780 3458301
3464825 3465215
3466330 3466460
3467692 3471310
3472078 3473087
3473441 3474953
3475692 3479610
3484513 3485473
3485626 3497041
3497185 3498410
3498482 3501416
3501792 3502296
3504343 3511981
3513016 3516268
3516377 3517767
3517869 3519079
3519165 3520502
3521058 3521111
3523976 3525642
3526256 3531853
3534471 3536249
3537842 3538444
3539579 3548378
3550077 3550916
3551681 3556516
3557801 3562455
3562695 3563701
3564015 3570124
3576110 3577268
3584441 3585246
3590200 3590645
3591851 3597651
3597981 3599958
3601745 3602643
3602862 3605667
