gi|1044	39481	39617	R=0	-	39524	78	43
gi|1044	38281	38509	R=0	-	38419	75	138
gi|1044	37704	37935	R=0	-	37841	79	137
gi|1044	36828	37057	R=0	-	36963	79	135
gi|1044	35393	35622	R=0	-	35528	79	135
gi|1044	31967	32103	R=0	-	32010	78	43
gi|1044	31113	31342	R=0	-	31248	79	135
gi|1044	23555	23691	R=0	-	23598	78	43
gi|1044	22569	22775	R=0	+	22645	76	115
gi|1044	17757	17983	R=0	-	17894	74	137
gi|1044	13242	13471	R=0	-	13377	79	135
gi|1044	11446	11583	R=0	-	11489	79	43
gi|1044	10542	10768	R=0	-	10679	74	137
gi|1044	7732	7854	R=0	-	7766	73	34
gi|1044	6844	6980	R=0	-	6887	78	43
gi|1044	5747	5951	R=0	-	5862	74	115
gi|1044	4669	4842	R=0	+	4745	76	82
gi|1044	3696	3922	R=0	+	3773	77	134
gi|1044	2571	2707	R=0	+	2649	78	43
gi|1040	16108	16245	R=0	-	16151	79	43
gi|1040	12602	12738	R=0	+	12680	78	43
gi|1040	11469	11698	R=0	-	11604	79	135
gi|1040	9855	10084	R=0	-	9990	79	135
gi|1040	4853	5080	R=0	-	4987	78	134
gi|1040	3769	3940	R=0	+	3843	74	82
gi|1040	3324	3554	R=0	-	3459	80	135
gi|1040	2902	3028	R=0	-	2936	77	34
gi|1040	660	890	R=0	+	740	80	135
gi|1020	32447	32651	R=0	-	32562	74	115
gi|1020	31369	31542	R=0	+	31445	76	82
gi|1020	30396	30622	R=0	+	30473	77	134
gi|1020	29271	29407	R=0	+	29349	78	43
gi|1020	27017	27154	R=0	-	27060	79	43
gi|1020	18901	19023	R=0	-	18935	73	34
gi|1020	17580	17706	R=0	-	17612	79	32
gi|1020	15774	16005	R=0	-	15911	79	137
gi|1020	14792	15020	R=0	-	14926	79	134
gi|1020	8536	8662	R=0	-	8570	77	34
gi|1020	7478	7615	R=0	-	7521	79	43
gi|1020	6313	6506	R=0	-	6415	76	102
gi|1020	5689	5920	R=0	-	5826	79	137
gi|1020	4812	5041	R=0	-	4947	79	135
gi|1020	3377	3606	R=0	-	3513	78	136
gi|1000	25840	25966	R=0	-	25874	77	34
gi|1000	24782	24919	R=0	-	24825	79	43
gi|1000	23576	23804	R=0	-	23713	76	137
gi|1000	22997	23228	R=0	-	23134	79	137
gi|1000	22121	22350	R=0	-	22256	79	135
gi|1000	20686	20915	R=0	-	20821	79	135
gi|1000	17259	17395	R=0	-	17302	78	43
gi|1000	16409	16637	R=0	-	16544	78	135
gi|1000	8886	9022	R=0	-	8929	78	43
gi|1000	7901	8107	R=0	+	7977	76	115
gi|1000	3089	3315	R=0	-	3226	74	137
gi|994	23161	23332	R=0	+	23235	74	82
gi|994	21883	22020	R=0	-	21926	79	43
gi|994	16090	16227	R=0	-	16133	79	43
gi|994	12596	12732	R=0	+	12674	78	43
gi|994	11462	11690	R=0	-	11596	79	134
gi|994	9846	10075	R=0	-	9981	79	135
gi|994	4843	5070	R=0	-	4977	78	134
gi|994	3756	3927	R=0	+	3830	74	82
gi|994	3311	3541	R=0	-	3446	80	135
gi|994	2891	3016	R=0	-	2924	77	33
gi|994	647	877	R=0	+	727	80	135
gi|992	20905	21134	R=0	-	21040	79	135
gi|992	20274	20410	R=0	-	20317	78	43
gi|992	19084	19220	R=0	-	19127	78	43
gi|992	17735	17860	R=0	-	17769	76	34
gi|992	16023	16227	R=0	+	16097	74	115
gi|992	12304	12499	R=0	+	12366	62	118
gi|992	10536	10661	R=0	-	10570	76	34
gi|992	9252	9481	R=0	-	9390	76	138
gi|992	5629	5857	R=0	-	5766	76	137
gi|992	5352	5488	R=0	+	5430	78	43
gi|992	2064	2269	R=0	+	2140	76	114
gi|985	41232	41358	R=0	-	41266	77	34
gi|985	40177	40314	R=0	-	40220	79	43
gi|985	38970	39198	R=0	-	39107	76	137
gi|985	38391	38622	R=0	-	38528	79	137
gi|985	37515	37744	R=0	-	37650	79	135
gi|985	36080	36309	R=0	-	36215	79	135
gi|985	32653	32788	R=0	-	32696	77	43
gi|985	31803	32031	R=0	-	31938	78	135
gi|985	24275	24411	R=0	-	24318	78	43
gi|985	23290	23496	R=0	+	23366	76	115
gi|985	18477	18703	R=0	-	18614	74	137
gi|985	13995	14224	R=0	-	14130	79	135
gi|985	12199	12336	R=0	-	12242	79	43
gi|985	11294	11520	R=0	-	11431	74	137
gi|985	8484	8606	R=0	-	8518	73	34
gi|985	7596	7732	R=0	-	7639	78	43
gi|985	6499	6703	R=0	-	6614	74	115
gi|985	5421	5594	R=0	+	5497	76	82
gi|985	4448	4674	R=0	+	4525	77	134
gi|985	3323	3459	R=0	+	3401	78	43
gi|985	488	700	R=0	+	566	78	119
gi|972	29039	29265	R=0	-	29176	74	137
gi|972	24279	24450	R=0	+	24353	74	82
gi|972	23438	23663	R=0	-	23572	76	134
gi|972	20579	20810	R=0	-	20716	79	137
gi|972	18217	18339	R=0	-	18251	73	34
gi|972	15804	15970	R=0	-	15881	74	77
gi|972	13061	13232	R=0	+	13135	74	82
gi|972	11789	11926	R=0	-	11832	79	43
gi|972	5993	6130	R=0	-	6036	79	43
gi|972	2498	2634	R=0	+	2576	78	43
gi|972	1365	1594	R=0	-	1500	79	135
gi|969	32267	32496	R=0	+	32343	76	138
gi|969	31086	31211	R=0	+	31162	76	34
gi|969	29249	29443	R=0	-	29366	62	117
gi|969	25519	25723	R=0	-	25634	74	115
gi|969	23434	23663	R=0	+	23513	79	135
gi|969	22526	22662	R=0	+	22604	78	43
gi|969	21336	21472	R=0	+	21414	78	43
gi|969	20611	20841	R=0	+	20690	79	136
gi|969	14391	14618	R=0	-	14527	76	136
gi|969	11911	12036	R=0	+	11987	76	34
gi|969	11204	11330	R=0	+	11281	77	34
gi|969	10374	10605	R=0	+	10453	79	137
gi|969	8051	8263	R=0	-	8170	78	119
gi|969	5294	5430	R=0	-	5337	78	43
gi|969	4080	4306	R=0	-	4214	77	134
gi|969	3161	3333	R=0	-	3242	76	81
gi|969	2052	2256	R=0	+	2126	74	115
gi|969	1023	1159	R=0	+	1101	78	43
gi|969	148	270	R=0	+	221	73	34
gi|949	36439	36665	R=0	-	36576	74	137
gi|949	31924	32153	R=0	-	32059	79	135
gi|949	30130	30266	R=0	-	30173	78	43
gi|949	29227	29453	R=0	-	29363	75	136
gi|949	26419	26541	R=0	-	26454	72	35
gi|949	25531	25667	R=0	-	25574	78	43
gi|949	24435	24639	R=0	-	24550	74	115
gi|949	23356	23529	R=0	+	23432	76	82
gi|949	22384	22609	R=0	+	22461	77	133
gi|949	21260	21397	R=0	+	21338	78	44
gi|949	18425	18637	R=0	+	18503	78	119
gi|949	16084	16315	R=0	-	16221	79	137
gi|949	15360	15485	R=0	-	15394	76	34
gi|949	14654	14779	R=0	-	14688	76	34
gi|949	12072	12299	R=0	+	12148	76	136
gi|949	5850	6079	R=0	-	5985	79	135
gi|949	5213	5349	R=0	-	5256	78	43
gi|949	4023	4159	R=0	-	4066	78	43
gi|949	2674	2799	R=0	-	2708	76	34
gi|949	962	1166	R=0	+	1036	74	115
gi|927	33106	33242	R=0	-	33149	78	43
gi|927	31891	32117	R=0	-	32025	77	134
gi|927	30971	31144	R=0	-	31053	76	82
gi|927	29861	30066	R=0	+	29935	74	116
gi|927	28832	28968	R=0	+	28910	78	43
gi|927	27723	27860	R=0	+	27802	79	43
gi|927	25046	25272	R=0	+	25120	74	137
gi|927	24231	24368	R=0	+	24310	79	43
gi|927	22343	22572	R=0	+	22422	79	135
gi|927	17838	18062	R=0	+	17911	73	136
gi|927	12146	12282	R=0	+	12224	78	43
gi|927	4516	4742	R=0	+	4592	76	135
gi|927	3721	3857	R=0	+	3799	78	43
gi|927	201	430	R=0	+	280	79	135
gi|918	46756	46922	R=0	-	46833	74	77
gi|918	41353	41489	R=0	-	41396	78	43
gi|918	38646	38778	R=0	+	38720	74	43
gi|918	37800	38028	R=0	+	37879	79	134
gi|918	36444	36620	R=0	+	36518	74	87
gi|918	34011	34240	R=0	+	34090	79	135
gi|918	33295	33431	R=0	+	33373	78	43
gi|918	32791	32923	R=0	+	32865	74	43
gi|918	29695	29831	R=0	+	29773	78	43
gi|918	27041	27220	R=0	-	27128	77	87
gi|918	25550	25687	R=0	+	25629	79	43
gi|918	19904	20130	R=0	-	20036	79	132
gi|918	19321	19458	R=0	+	19400	79	43
gi|918	16256	16462	R=0	-	16371	76	115
gi|918	13063	13199	R=0	-	13106	78	43
gi|918	12693	12922	R=0	+	12769	76	138
gi|918	9066	9295	R=0	+	9142	76	138
gi|918	7885	8010	R=0	+	7961	76	34
gi|918	6048	6242	R=0	-	6165	62	117
gi|918	2318	2522	R=0	-	2433	74	115
gi|918	234	463	R=0	+	313	79	135
gi|910	19428	19564	R=0	-	19471	78	43
gi|910	18250	18386	R=0	-	18293	78	43
gi|910	16901	17026	R=0	-	16935	76	34
gi|910	15189	15393	R=0	+	15263	74	115
gi|910	11469	11663	R=0	+	11531	62	117
gi|910	9701	9826	R=0	-	9735	76	34
gi|910	8416	8645	R=0	-	8554	76	138
gi|910	4791	5020	R=0	-	4929	76	138
gi|910	4514	4650	R=0	+	4592	78	43
gi|910	1239	1445	R=0	+	1315	76	115
gi|892	1350	1472	R=0	-	1384	73	34
gi|892	37	216	R=0	+	114	77	87
gi|876	30491	30616	R=0	-	30525	76	34
gi|876	29206	29435	R=0	-	29344	76	138
gi|876	25579	25808	R=0	-	25717	76	138
gi|876	25302	25438	R=0	+	25380	78	43
gi|876	22027	22233	R=0	+	22103	76	115
gi|876	19031	19168	R=0	-	19074	79	43
gi|876	17873	18054	R=0	+	17952	79	87
gi|876	15285	15497	R=0	+	15363	78	119
gi|876	12944	13175	R=0	-	13081	79	137
gi|876	12220	12345	R=0	-	12254	76	34
gi|876	11514	11639	R=0	-	11548	76	34
gi|876	8932	9159	R=0	+	9008	76	136
gi|876	2725	2954	R=0	-	2860	79	135
gi|876	2094	2229	R=0	-	2137	77	43
gi|876	915	1051	R=0	-	958	78	43
gi|876	-2	144	R=0	-	50	79	52
gi|867	21610	21838	R=0	+	21689	79	134
gi|867	12368	12596	R=0	+	12446	78	135
gi|867	11559	11696	R=0	+	11638	79	43
gi|867	10565	10794	R=0	+	10644	79	135
gi|867	7694	7860	R=0	-	7771	74	77
gi|867	2323	2459	R=0	-	2366	78	43
gi|858	3704	3930	R=0	+	3778	74	137
gi|858	2888	3025	R=0	+	2967	79	43
gi|858	1000	1229	R=0	+	1079	79	135
gi|835	37444	37570	R=0	-	37478	77	34
gi|835	36386	36523	R=0	-	36429	79	43
gi|835	35180	35408	R=0	-	35317	76	137
gi|835	34602	34825	R=0	-	34739	71	137
gi|835	33730	33956	R=0	-	33862	79	132
gi|835	32295	32524	R=0	-	32430	79	135
gi|835	28868	29004	R=0	-	28911	78	43
gi|835	28014	28243	R=0	-	28149	79	135
gi|835	20514	20643	R=0	-	20557	71	43
gi|835	19530	19736	R=0	+	19606	76	115
gi|835	14720	14945	R=0	-	14856	74	136
gi|835	10197	10426	R=0	-	10332	79	135
gi|835	8401	8538	R=0	-	8444	79	43
gi|835	7496	7723	R=0	-	7634	74	138
gi|835	4688	4810	R=0	-	4722	73	34
gi|835	3801	3937	R=0	-	3844	78	43
gi|835	2703	2907	R=0	-	2818	74	115
gi|835	1625	1798	R=0	+	1701	76	82
gi|835	653	879	R=0	+	730	77	134
gi|824	28245	28457	R=0	+	28323	78	119
gi|824	25904	26135	R=0	-	26041	79	137
gi|824	25180	25305	R=0	-	25214	76	34
gi|824	24474	24599	R=0	-	24508	76	34
gi|824	21892	22119	R=0	+	21968	76	136
gi|824	15684	15913	R=0	-	15819	79	135
gi|824	15052	15188	R=0	-	15095	78	43
gi|824	13862	13998	R=0	-	13905	78	43
gi|824	12513	12638	R=0	-	12547	76	34
gi|824	10802	11006	R=0	+	10876	74	115
gi|824	7082	7276	R=0	+	7144	62	117
gi|824	5326	5443	R=0	-	5353	75	27
gi|824	4045	4274	R=0	-	4183	76	138
gi|824	424	653	R=0	-	561	77	137
gi|824	146	282	R=0	+	224	78	43
gi|815	30710	30832	R=0	-	30744	73	34
gi|815	28296	28462	R=0	-	28373	74	77
gi|815	25564	25735	R=0	+	25638	74	82
gi|815	24291	24428	R=0	-	24334	79	43
gi|815	18494	18632	R=0	-	18537	80	43
gi|815	15011	15147	R=0	+	15089	78	43
gi|815	13878	14107	R=0	-	14013	79	135
gi|815	12264	12493	R=0	-	12399	79	135
gi|815	7262	7489	R=0	-	7396	78	134
gi|815	6179	6350	R=0	+	6253	74	82
gi|815	5734	5964	R=0	-	5869	80	135
gi|815	5312	5438	R=0	-	5346	77	34
gi|815	3072	3302	R=0	+	3152	80	135
gi|815	664	891	R=0	+	740	76	136
gi|792	20219	20355	R=0	+	20297	78	43
gi|792	14780	14946	R=0	+	14854	74	77
gi|792	11846	12075	R=0	-	11981	79	135
gi|792	10702	10824	R=0	-	10736	73	34
gi|792	10022	10250	R=0	-	10157	78	135
gi|792	8721	8946	R=0	-	8857	74	136
gi|792	775	1003	R=0	-	909	79	134
gi|770	31006	31144	R=0	-	31049	80	43
gi|770	22881	23004	R=0	-	22915	74	34
gi|770	21555	21681	R=0	-	21587	79	32
gi|770	19747	19978	R=0	-	19884	79	137
gi|770	18764	18992	R=0	-	18898	79	134
gi|770	12509	12635	R=0	-	12543	77	34
gi|770	11451	11588	R=0	-	11494	79	43
gi|770	10245	10473	R=0	-	10382	76	137
gi|770	9665	9897	R=0	-	9803	79	138
gi|770	8789	9018	R=0	-	8924	79	135
gi|770	7353	7582	R=0	-	7488	79	135
gi|770	3927	4063	R=0	-	3970	78	43
gi|770	3040	3269	R=0	-	3175	79	135
gi|751	41712	41940	R=0	-	41849	76	137
gi|751	41133	41364	R=0	-	41270	79	137
gi|751	40257	40486	R=0	-	40392	79	135
gi|751	38822	39051	R=0	-	38957	79	135
gi|751	35395	35531	R=0	-	35438	78	43
gi|751	34545	34773	R=0	-	34680	78	135
gi|751	27016	27151	R=0	-	27058	78	42
gi|751	26031	26237	R=0	+	26107	76	115
gi|751	21216	21442	R=0	-	21353	74	137
gi|751	16698	16927	R=0	-	16833	79	135
gi|751	14902	15039	R=0	-	14945	79	43
gi|751	13997	14223	R=0	-	14134	74	137
gi|751	11187	11309	R=0	-	11221	73	34
gi|751	10299	10435	R=0	-	10342	78	43
gi|751	9202	9406	R=0	-	9317	74	115
gi|751	8124	8297	R=0	+	8200	76	82
gi|751	7151	7377	R=0	+	7228	77	134
gi|751	6026	6162	R=0	+	6104	78	43
gi|751	3191	3403	R=0	+	3269	78	119
gi|751	850	1081	R=0	-	987	79	137
gi|751	126	251	R=0	-	160	76	34
gi|720	35300	35527	R=0	-	35436	76	136
gi|720	32819	32944	R=0	+	32895	76	34
gi|720	32113	32238	R=0	+	32189	76	34
gi|720	31283	31514	R=0	+	31362	79	137
gi|720	28961	29173	R=0	-	29080	78	119
gi|720	26203	26339	R=0	-	26246	78	43
gi|720	24988	25214	R=0	-	25122	77	134
gi|720	24068	24241	R=0	-	24150	76	82
gi|720	22958	23162	R=0	+	23032	74	115
gi|720	21929	22065	R=0	+	22007	78	43
gi|720	20822	20959	R=0	+	20901	79	43
gi|720	18143	18369	R=0	+	18217	74	137
gi|720	17327	17464	R=0	+	17406	79	43
gi|720	15438	15668	R=0	+	15518	80	135
gi|720	10925	11149	R=0	+	10997	72	137
gi|720	6133	6339	R=0	-	6248	76	115
gi|720	5218	5354	R=0	+	5296	78	43
gi|700	20544	20680	R=0	-	20587	78	43
gi|700	19692	19921	R=0	-	19827	79	135
gi|700	12169	12305	R=0	-	12212	78	43
gi|700	11184	11390	R=0	+	11260	76	115
gi|700	6374	6601	R=0	-	6511	75	137
gi|700	1857	2086	R=0	-	1992	79	135
gi|700	62	199	R=0	-	106	78	44
gi|663	32911	33138	R=0	-	33047	76	136
gi|663	30499	30728	R=0	-	30633	80	134
gi|663	28361	28487	R=0	+	28438	77	34
gi|663	27835	28065	R=0	+	27915	80	135
gi|663	27449	27620	R=0	-	27531	74	82
gi|663	26310	26537	R=0	+	26388	78	134
gi|663	21304	21533	R=0	+	21383	79	135
gi|663	19690	19919	R=0	+	19769	79	135
gi|663	18650	18786	R=0	-	18693	78	43
gi|663	15143	15280	R=0	+	15222	79	43
gi|663	9369	9506	R=0	+	9448	79	43
gi|663	8058	8229	R=0	-	8140	74	82
gi|663	5314	5480	R=0	+	5388	74	77
gi|663	2709	2846	R=0	+	2788	79	43
gi|663	474	703	R=0	+	553	79	135
gi|656	27362	27488	R=0	+	27439	77	34
gi|656	26836	27066	R=0	+	26916	80	135
gi|656	26450	26621	R=0	-	26532	74	82
gi|656	25311	25538	R=0	+	25389	78	134
gi|656	20305	20534	R=0	+	20384	79	135
gi|656	18689	18918	R=0	+	18768	79	135
gi|656	17649	17785	R=0	-	17692	78	43
gi|656	14147	14284	R=0	+	14226	79	43
gi|656	8352	8489	R=0	+	8431	79	43
gi|656	7046	7217	R=0	-	7128	74	82
gi|656	4295	4464	R=0	+	4369	74	80
gi|656	1693	1829	R=0	+	1771	78	43
gi|653	37617	37753	R=0	-	37660	78	43
gi|653	36632	36838	R=0	+	36708	76	115
gi|653	31820	32046	R=0	-	31957	74	137
gi|653	27303	27532	R=0	-	27438	79	135
gi|653	25507	25644	R=0	-	25550	79	43
gi|653	24602	24828	R=0	-	24739	74	137
gi|653	21794	21916	R=0	-	21828	73	34
gi|653	20906	21042	R=0	-	20949	78	43
gi|653	19809	20013	R=0	-	19924	74	115
gi|653	18731	18904	R=0	+	18807	76	82
gi|653	17758	17984	R=0	+	17835	77	134
gi|653	16635	16771	R=0	+	16713	78	43
gi|653	13801	14013	R=0	+	13879	78	119
gi|653	11460	11691	R=0	-	11597	79	137
gi|653	10736	10861	R=0	-	10770	76	34
gi|653	10030	10155	R=0	-	10064	76	34
gi|653	7447	7675	R=0	+	7524	77	136
gi|653	1226	1456	R=0	-	1361	80	135
gi|653	593	730	R=0	-	636	79	43
gi|647	33112	33342	R=0	-	33248	79	136
gi|647	30752	30874	R=0	-	30786	73	34
gi|647	28334	28500	R=0	-	28411	74	77
gi|647	25616	25787	R=0	+	25690	74	82
gi|647	24346	24483	R=0	-	24389	79	43
gi|647	18552	18689	R=0	-	18595	79	43
gi|647	15057	15193	R=0	+	15135	78	43
gi|647	13924	14153	R=0	-	14059	79	135
gi|647	12312	12541	R=0	-	12447	79	135
gi|647	7309	7536	R=0	-	7443	78	134
gi|647	6226	6397	R=0	+	6300	74	82
gi|647	5781	6011	R=0	-	5916	80	135
gi|647	5359	5485	R=0	-	5393	77	34
gi|647	3117	3347	R=0	+	3197	80	135
gi|647	704	931	R=0	+	780	76	136
gi|641	35704	35898	R=0	-	35821	62	117
gi|641	31980	32183	R=0	-	32094	74	114
gi|641	29892	30121	R=0	+	29971	79	135
gi|641	28984	29120	R=0	+	29062	78	43
gi|641	27796	27931	R=0	+	27874	78	42
gi|641	27071	27300	R=0	+	27150	79	135
gi|641	20852	21079	R=0	-	20988	76	136
gi|641	18371	18496	R=0	+	18447	76	34
gi|641	17665	17790	R=0	+	17741	76	34
gi|641	16835	17066	R=0	+	16914	79	137
gi|641	14513	14725	R=0	-	14632	78	119
gi|641	11758	11894	R=0	-	11801	78	43
gi|641	10540	10766	R=0	-	10674	77	134
gi|641	9620	9793	R=0	-	9702	76	82
gi|641	8512	8716	R=0	+	8586	74	115
gi|641	7484	7620	R=0	+	7562	78	43
gi|641	6373	6510	R=0	+	6452	79	43
gi|641	3693	3920	R=0	+	3767	74	138
gi|641	2877	3014	R=0	+	2956	79	43
gi|641	989	1218	R=0	+	1068	79	135
gi|638	23171	23399	R=0	+	23250	79	134
gi|638	22186	22417	R=0	+	22265	79	137
gi|638	20483	20609	R=0	+	20562	79	32
gi|638	18928	19065	R=0	+	19007	79	43
gi|638	11027	11164	R=0	+	11106	79	43
gi|638	8444	8670	R=0	-	8576	79	132
gi|638	7861	7998	R=0	+	7940	79	43
gi|638	4796	5002	R=0	-	4911	76	115
gi|638	1591	1727	R=0	-	1634	78	43
gi|638	1221	1450	R=0	+	1297	76	138
gi|631	26835	26971	R=0	-	26878	78	43
gi|631	25620	25846	R=0	-	25754	77	134
gi|631	24700	24873	R=0	-	24782	76	82
gi|631	23591	23795	R=0	+	23665	74	115
gi|631	22562	22698	R=0	+	22640	78	43
gi|631	21453	21590	R=0	+	21532	79	43
gi|631	18774	19000	R=0	+	18848	74	137
gi|631	17958	18095	R=0	+	18037	79	43
gi|631	16067	16296	R=0	+	16146	79	135
gi|631	11550	11776	R=0	+	11624	74	137
gi|631	6766	6971	R=0	-	6879	77	113
gi|631	5852	5988	R=0	+	5930	78	43
gi|629	38812	38949	R=0	-	38855	79	43
gi|629	36596	36728	R=0	-	36639	74	43
gi|629	36088	36224	R=0	-	36131	78	43
gi|629	35279	35508	R=0	-	35414	79	135
gi|629	32899	33075	R=0	-	32986	74	87
gi|629	31004	31136	R=0	-	31047	74	43
gi|629	30496	30632	R=0	-	30539	78	43
gi|629	29687	29916	R=0	-	29822	79	135
gi|629	27307	27483	R=0	-	27394	74	87
gi|629	25899	26127	R=0	-	26033	79	134
gi|629	25149	25281	R=0	-	25192	74	43
gi|629	19519	19745	R=0	-	19656	74	137
gi|629	14759	14930	R=0	+	14833	74	82
gi|629	13918	14143	R=0	-	14052	76	134
gi|629	11059	11290	R=0	-	11196	79	137
gi|629	8697	8819	R=0	-	8731	73	34
gi|629	5873	6010	R=0	-	5916	79	43
gi|629	1430	1567	R=0	-	1473	79	43
gi|623	18109	18246	R=0	+	18188	79	43
gi|623	16787	16924	R=0	+	16866	79	43
gi|623	10704	10932	R=0	+	10783	79	134
gi|623	9719	9950	R=0	+	9798	79	137
gi|623	8016	8142	R=0	+	8095	79	32
gi|623	6461	6598	R=0	+	6540	79	43
gi|619	36877	37012	R=0	-	36920	77	43
gi|619	36507	36736	R=0	+	36583	76	138
gi|619	32883	33112	R=0	+	32959	76	138
gi|619	31702	31827	R=0	+	31778	76	34
gi|619	29864	30058	R=0	-	29981	62	117
gi|619	26133	26337	R=0	-	26248	74	115
gi|619	24047	24276	R=0	+	24126	79	135
gi|619	23139	23275	R=0	+	23217	78	43
gi|619	21961	22097	R=0	+	22039	78	43
gi|619	21237	21465	R=0	+	21316	79	134
gi|619	15018	15245	R=0	-	15154	76	136
gi|619	12538	12663	R=0	+	12614	76	34
gi|619	11839	11964	R=0	+	11915	76	34
gi|619	11009	11240	R=0	+	11088	79	137
gi|619	8687	8899	R=0	-	8806	78	119
gi|619	5929	6065	R=0	-	5972	78	43
gi|619	4714	4940	R=0	-	4848	77	134
gi|619	3794	3967	R=0	-	3876	76	82
gi|619	2685	2889	R=0	+	2759	74	115
gi|619	1656	1792	R=0	+	1734	78	43
gi|619	547	684	R=0	+	626	79	43
gi|616	32505	32643	R=0	-	32549	79	44
gi|616	24388	24510	R=0	-	24422	73	34
gi|616	23064	23190	R=0	-	23096	79	32
gi|616	21257	21488	R=0	-	21394	79	137
gi|616	20275	20503	R=0	-	20409	79	134
gi|616	14021	14147	R=0	-	14055	77	34
gi|616	12963	13100	R=0	-	13006	79	43
gi|616	11757	11985	R=0	-	11894	76	137
gi|616	11178	11409	R=0	-	11315	79	137
gi|616	10302	10531	R=0	-	10437	79	135
gi|616	8867	9096	R=0	-	9002	79	135
gi|616	5441	5577	R=0	-	5484	78	43
gi|616	4557	4785	R=0	-	4692	78	135
gi|599	22679	22904	R=0	+	22752	73	137
gi|599	21867	22001	R=0	+	21944	77	42
gi|599	19978	20207	R=0	+	20057	79	135
gi|599	15464	15690	R=0	+	15538	74	137
gi|599	10676	10882	R=0	-	10791	76	115
gi|599	9761	9897	R=0	+	9839	78	43
gi|599	2133	2362	R=0	+	2212	79	135
gi|599	1372	1508	R=0	+	1450	78	43
gi|594	30373	30499	R=0	-	30407	77	34
gi|594	29315	29452	R=0	-	29358	79	43
gi|594	28109	28337	R=0	-	28246	76	137
gi|594	27530	27761	R=0	-	27667	79	137
gi|594	26654	26883	R=0	-	26789	79	135
gi|594	25220	25449	R=0	-	25355	79	135
gi|594	21793	21929	R=0	-	21836	78	43
gi|594	20943	21171	R=0	-	21078	78	135
gi|594	13420	13556	R=0	-	13463	78	43
gi|594	12435	12641	R=0	+	12511	76	115
gi|594	7626	7852	R=0	-	7763	74	137
gi|594	3108	3337	R=0	-	3243	79	135
gi|594	1313	1450	R=0	-	1356	79	43
gi|594	409	635	R=0	-	546	74	137
gi|589	44653	44882	R=0	+	44732	79	135
gi|589	43745	43881	R=0	+	43823	78	43
gi|589	42555	42691	R=0	+	42633	78	43
gi|589	41830	42059	R=0	+	41909	79	135
gi|589	35628	35855	R=0	-	35764	76	136
gi|589	33148	33273	R=0	+	33224	76	34
gi|589	32442	32567	R=0	+	32518	76	34
gi|589	31612	31843	R=0	+	31691	79	137
gi|589	29290	29502	R=0	-	29409	78	119
gi|589	26531	26667	R=0	-	26574	78	43
gi|589	25316	25542	R=0	-	25450	77	134
gi|589	24396	24569	R=0	-	24478	76	82
gi|589	23287	23491	R=0	+	23361	74	115
gi|589	22258	22394	R=0	+	22336	78	43
gi|589	21149	21286	R=0	+	21228	79	43
gi|589	18471	18697	R=0	+	18545	74	137
gi|589	17655	17792	R=0	+	17734	79	43
gi|589	15767	15996	R=0	+	15846	79	135
gi|589	11251	11478	R=0	+	11326	75	137
gi|589	6459	6665	R=0	-	6574	76	115
gi|589	5544	5680	R=0	+	5622	78	43
gi|571	30986	31123	R=0	+	31065	79	43
gi|571	27922	28128	R=0	-	28037	76	115
gi|571	24718	24854	R=0	-	24761	78	43
gi|571	24348	24577	R=0	+	24424	76	138
gi|571	20721	20950	R=0	+	20797	76	138
gi|571	19540	19665	R=0	+	19616	76	34
gi|571	17703	17897	R=0	-	17820	62	117
gi|571	13974	14178	R=0	-	14089	74	115
gi|571	11890	12119	R=0	+	11969	79	135
gi|571	10982	11118	R=0	+	11060	78	43
gi|571	9804	9940	R=0	+	9882	78	43
gi|571	9079	9308	R=0	+	9158	79	135
gi|571	2859	3086	R=0	-	2995	76	136
gi|571	379	504	R=0	+	455	76	34
gi|559	20755	20876	R=0	-	20789	72	34
gi|559	19430	19556	R=0	-	19462	79	32
gi|559	17621	17853	R=0	-	17759	79	138
gi|559	16639	16867	R=0	-	16773	79	134
gi|559	10387	10513	R=0	-	10421	77	34
gi|559	9329	9466	R=0	-	9372	79	43
gi|559	8123	8351	R=0	-	8260	76	137
gi|559	7544	7775	R=0	-	7681	79	137
gi|559	6668	6897	R=0	-	6803	79	135
gi|559	5233	5462	R=0	-	5368	79	135
gi|559	1806	1942	R=0	-	1849	78	43
gi|559	954	1183	R=0	-	1089	79	135
gi|536	15456	15590	R=0	-	15499	76	43
gi|536	14488	14715	R=0	-	14624	76	136
gi|536	12072	12302	R=0	-	12207	80	135
gi|536	9934	10060	R=0	+	10011	77	34
gi|536	9408	9638	R=0	+	9488	80	135
gi|536	9022	9193	R=0	-	9104	74	82
gi|536	7882	8109	R=0	+	7960	78	134
gi|536	2878	3107	R=0	+	2957	79	135
gi|536	1264	1493	R=0	+	1343	79	135
gi|536	224	360	R=0	-	267	78	43
gi|502	39788	39912	R=0	+	39863	75	34
gi|502	39083	39207	R=0	+	39158	75	34
gi|502	38255	38486	R=0	+	38334	79	137
gi|502	35935	36146	R=0	-	36053	78	118
gi|502	33181	33317	R=0	-	33224	78	43
gi|502	31967	32193	R=0	-	32101	77	134
gi|502	31047	31220	R=0	-	31129	76	82
gi|502	29938	30142	R=0	+	30012	74	115
gi|502	28909	29045	R=0	+	28987	78	43
gi|502	27800	27937	R=0	+	27879	79	43
gi|502	25122	25348	R=0	+	25196	74	137
gi|502	24306	24443	R=0	+	24385	79	43
gi|502	22418	22647	R=0	+	22497	79	135
gi|502	17905	18131	R=0	+	17979	74	137
gi|502	13113	13319	R=0	-	13228	76	115
gi|502	12198	12334	R=0	+	12276	78	43
gi|502	4574	4801	R=0	+	4652	78	134
gi|502	3816	3952	R=0	+	3894	78	43
gi|502	303	533	R=0	+	382	79	136
gi|499	32382	32518	R=0	+	32460	78	43
gi|499	24767	24996	R=0	+	24846	79	135
gi|499	24006	24142	R=0	+	24084	78	43
gi|499	20486	20715	R=0	+	20565	79	135
gi|499	19051	19280	R=0	+	19130	79	135
gi|499	18173	18404	R=0	+	18252	79	137
gi|499	17597	17825	R=0	+	17673	76	137
gi|499	16482	16619	R=0	+	16561	79	43
gi|499	15160	15297	R=0	+	15239	79	43
gi|499	9077	9306	R=0	+	9156	79	135
gi|499	8092	8323	R=0	+	8171	79	137
gi|499	6389	6515	R=0	+	6468	79	32
gi|499	4834	4971	R=0	+	4913	79	43
gi|491	21023	21252	R=0	+	21099	76	138
gi|491	19843	19968	R=0	+	19919	76	34
gi|491	18004	18198	R=0	-	18121	62	117
gi|491	14273	14477	R=0	-	14388	74	115
gi|491	12187	12416	R=0	+	12266	79	135
gi|491	11279	11415	R=0	+	11357	78	43
gi|491	10089	10225	R=0	+	10167	78	43
gi|491	9364	9593	R=0	+	9443	79	135
gi|491	3144	3371	R=0	-	3280	76	136
gi|491	664	789	R=0	+	740	76	34
gi|477	30520	30723	R=0	-	30657	51	137
gi|477	29796	29921	R=0	-	29830	76	34
gi|477	29090	29215	R=0	-	29124	76	34
gi|477	26508	26735	R=0	+	26584	76	136
gi|477	20302	20531	R=0	-	20437	79	135
gi|477	19670	19806	R=0	-	19713	78	43
gi|477	18482	18618	R=0	-	18525	78	43
gi|477	17132	17257	R=0	-	17166	76	34
gi|477	15420	15624	R=0	+	15494	74	115
gi|477	11700	11894	R=0	+	11762	62	117
gi|477	9929	10054	R=0	-	9963	76	34
gi|477	8642	8871	R=0	-	8780	76	138
gi|477	5009	5239	R=0	-	5148	76	139
gi|477	4730	4867	R=0	+	4808	78	44
gi|477	1441	1648	R=0	+	1517	76	116
gi|474	5015	5207	R=0	-	5132	60	117
gi|474	1285	1489	R=0	-	1400	74	115
gi|462	7869	8097	R=0	+	7947	78	135
gi|462	7111	7247	R=0	+	7189	78	43
gi|462	3591	3820	R=0	+	3670	79	135
gi|462	2156	2385	R=0	+	2235	79	135
gi|462	1278	1509	R=0	+	1357	79	137
gi|462	702	930	R=0	+	778	76	137
gi|458	568	795	R=0	-	704	76	136
gi|453	28527	28653	R=0	-	28559	79	32
gi|453	26720	26951	R=0	-	26857	79	137
gi|453	25740	25968	R=0	-	25874	79	134
gi|453	19483	19609	R=0	-	19517	77	34
gi|453	18425	18562	R=0	-	18468	79	43
gi|453	17219	17447	R=0	-	17356	76	137
gi|453	16640	16871	R=0	-	16777	79	137
gi|453	15764	15993	R=0	-	15899	79	135
gi|453	14329	14558	R=0	-	14464	79	135
gi|453	10904	11040	R=0	-	10947	78	43
gi|453	10018	10246	R=0	-	10153	78	135
gi|453	2494	2630	R=0	-	2537	78	43
gi|453	1509	1715	R=0	+	1585	76	115
gi|448	40076	40221	R=0	-	40132	74	56
gi|448	39720	39949	R=0	+	39796	76	138
gi|448	36096	36325	R=0	+	36172	76	138
gi|448	34914	35039	R=0	+	34990	76	34
gi|448	33079	33273	R=0	-	33196	62	117
gi|448	29350	29554	R=0	-	29465	74	115
gi|448	27265	27494	R=0	+	27344	79	135
gi|448	26357	26493	R=0	+	26435	78	43
gi|448	25167	25303	R=0	+	25245	78	43
gi|448	24442	24671	R=0	+	24521	79	135
gi|448	18222	18449	R=0	-	18358	76	136
gi|448	15744	15869	R=0	+	15820	76	34
gi|448	15038	15163	R=0	+	15114	76	34
gi|448	14208	14439	R=0	+	14287	79	137
gi|448	11886	12098	R=0	-	12005	78	119
gi|448	9128	9264	R=0	-	9171	78	43
gi|448	7913	8139	R=0	-	8047	77	134
gi|448	6993	7166	R=0	-	7075	76	82
gi|448	5884	6088	R=0	+	5958	74	115
gi|448	4855	4991	R=0	+	4933	78	43
gi|448	3746	3883	R=0	+	3825	79	43
gi|448	1067	1293	R=0	+	1141	74	137
gi|448	251	388	R=0	+	330	79	43
gi|447	23546	23671	R=0	+	23622	76	34
gi|447	21709	21903	R=0	-	21826	62	117
gi|447	17979	18183	R=0	-	18094	74	115
gi|447	15894	16123	R=0	+	15973	79	135
gi|447	14986	15122	R=0	+	15064	78	43
gi|447	13808	13944	R=0	+	13886	78	43
gi|447	13083	13312	R=0	+	13162	79	135
gi|447	6861	7088	R=0	-	6997	76	136
gi|447	4381	4506	R=0	+	4457	76	34
gi|447	3675	3800	R=0	+	3751	76	34
gi|447	2845	3076	R=0	+	2924	79	137
gi|447	523	735	R=0	-	642	78	119
gi|440	29749	29885	R=0	-	29792	78	43
gi|440	25288	25414	R=0	-	25322	77	34
gi|440	24222	24359	R=0	-	24265	79	43
gi|440	23016	23244	R=0	-	23153	76	137
gi|440	22437	22668	R=0	-	22574	79	137
gi|440	21561	21790	R=0	-	21696	79	135
gi|440	20126	20355	R=0	-	20261	79	135
gi|440	16699	16835	R=0	-	16742	78	43
gi|440	15812	16040	R=0	-	15946	79	134
gi|440	8289	8425	R=0	-	8332	78	43
gi|440	7302	7511	R=0	+	7378	76	118
gi|440	2491	2716	R=0	-	2627	74	136
gi|432	18858	19058	R=0	-	18995	48	137
gi|432	18279	18510	R=0	-	18416	79	137
gi|432	17403	17632	R=0	-	17538	79	135
gi|432	15968	16197	R=0	-	16103	79	135
gi|432	12542	12678	R=0	-	12585	78	43
gi|432	11692	11920	R=0	-	11827	78	135
gi|432	4172	4308	R=0	-	4215	78	43
gi|432	3185	3391	R=0	+	3261	76	115
gi|414	24618	24754	R=0	+	24696	78	43
gi|414	21786	21997	R=0	+	21864	78	118
gi|414	19447	19678	R=0	-	19584	79	137
gi|414	18724	18849	R=0	-	18758	76	34
gi|414	18018	18143	R=0	-	18052	76	34
gi|414	15436	15663	R=0	+	15512	76	136
gi|414	9228	9457	R=0	-	9363	79	135
gi|414	8596	8732	R=0	-	8639	78	43
gi|414	7406	7542	R=0	-	7449	78	43
gi|414	6056	6181	R=0	-	6090	76	34
gi|414	4344	4548	R=0	+	4418	74	115
gi|414	625	819	R=0	+	687	62	117
gi|409	21382	21551	R=0	+	21459	77	77
gi|409	18451	18680	R=0	-	18586	79	135
gi|409	17307	17429	R=0	-	17341	73	34
gi|409	16627	16855	R=0	-	16762	78	135
gi|409	15325	15550	R=0	-	15461	74	136
gi|409	7382	7610	R=0	-	7516	79	134
gi|409	6426	6549	R=0	+	6501	75	33
gi|409	5676	5888	R=0	+	5754	78	119
gi|409	5447	5580	R=0	-	5490	75	43
gi|409	1663	1892	R=0	-	1798	79	135
gi|396	32000	32136	R=0	-	32043	78	43
gi|396	31015	31220	R=0	+	31091	76	114
gi|396	26205	26431	R=0	-	26342	74	137
gi|396	21688	21917	R=0	-	21823	79	135
gi|396	19892	20029	R=0	-	19935	79	43
gi|396	18987	19213	R=0	-	19124	74	137
gi|396	16180	16301	R=0	-	16214	72	34
gi|396	15294	15429	R=0	-	15337	77	43
gi|396	14197	14401	R=0	-	14312	74	115
gi|396	13119	13292	R=0	+	13195	76	82
gi|396	12146	12372	R=0	+	12223	77	134
gi|396	11020	11156	R=0	+	11098	78	43
gi|396	8186	8398	R=0	+	8264	78	119
gi|396	5845	6076	R=0	-	5982	79	137
gi|396	5121	5246	R=0	-	5155	76	34
gi|396	4415	4540	R=0	-	4449	76	34
gi|396	1834	2061	R=0	+	1910	76	136
gi|374	31476	31702	R=0	-	31613	74	137
gi|374	28666	28788	R=0	-	28700	73	34
gi|374	27778	27914	R=0	-	27821	78	43
gi|374	26681	26885	R=0	-	26796	74	115
gi|374	25603	25776	R=0	+	25679	76	82
gi|374	24629	24855	R=0	+	24706	77	134
gi|374	23504	23640	R=0	+	23582	78	43
gi|374	20670	20882	R=0	+	20748	78	119
gi|374	18329	18560	R=0	-	18466	79	137
gi|374	17605	17730	R=0	-	17639	76	34
gi|374	16906	17031	R=0	-	16940	76	34
gi|374	14319	14546	R=0	+	14395	76	136
gi|374	8098	8327	R=0	-	8233	79	135
gi|374	7466	7602	R=0	-	7509	78	43
gi|374	6289	6425	R=0	-	6332	78	43
gi|374	4944	5067	R=0	-	4977	75	33
gi|374	3230	3433	R=0	+	3304	74	114
gi|374	570	762	R=0	-	687	60	117
gi|341	41540	41676	R=0	+	41618	78	43
gi|341	40362	40498	R=0	+	40440	78	43
gi|341	39637	39866	R=0	+	39716	79	135
gi|341	33433	33660	R=0	-	33569	76	136
gi|341	30952	31078	R=0	+	31029	77	34
gi|341	30245	30370	R=0	+	30321	76	34
gi|341	29415	29646	R=0	+	29494	79	137
gi|341	27094	27306	R=0	-	27213	78	119
gi|341	24337	24473	R=0	-	24380	78	43
gi|341	23122	23348	R=0	-	23256	77	134
gi|341	22202	22375	R=0	-	22284	76	82
gi|341	21093	21297	R=0	+	21167	74	115
gi|341	20064	20200	R=0	+	20142	78	43
gi|341	18955	19092	R=0	+	19034	79	43
gi|341	16276	16502	R=0	+	16350	74	137
gi|341	15460	15597	R=0	+	15539	79	43
gi|341	13572	13801	R=0	+	13651	79	135
gi|341	9057	9283	R=0	+	9131	74	137
gi|341	4265	4471	R=0	-	4380	76	115
gi|341	3350	3486	R=0	+	3428	78	43
gi|336	46495	46724	R=0	-	46630	79	135
gi|336	41492	41719	R=0	-	41626	78	134
gi|336	40409	40580	R=0	+	40483	74	82
gi|336	39964	40194	R=0	-	40099	80	135
gi|336	39542	39668	R=0	-	39576	77	34
gi|336	37300	37530	R=0	+	37380	80	135
gi|336	34887	35114	R=0	+	34963	76	136
gi|336	34012	34146	R=0	+	34088	76	43
gi|336	29336	29472	R=0	-	29379	78	43
gi|336	26987	27212	R=0	-	27118	79	131
gi|336	24727	24864	R=0	-	24770	79	43
gi|336	20284	20421	R=0	-	20327	79	43
gi|336	12163	12285	R=0	-	12197	73	34
gi|336	10839	10965	R=0	-	10871	79	32
gi|336	9031	9262	R=0	-	9168	79	137
gi|336	8049	8277	R=0	-	8183	79	134
gi|336	1793	1919	R=0	-	1827	77	34
gi|336	735	872	R=0	-	778	79	43
gi|317	25338	25475	R=0	+	25417	79	43
gi|317	22659	22885	R=0	+	22733	74	137
gi|317	21843	21980	R=0	+	21922	79	43
gi|317	19955	20184	R=0	+	20034	79	135
gi|317	15441	15667	R=0	+	15515	74	137
gi|317	10687	10893	R=0	-	10802	76	115
gi|317	9772	9908	R=0	+	9850	78	43
gi|317	2147	2375	R=0	+	2225	78	135
gi|317	1389	1525	R=0	+	1467	78	43
gi|309	33903	34038	R=0	-	33946	77	43
gi|309	32918	33124	R=0	+	32994	76	115
gi|309	28106	28332	R=0	-	28243	74	137
gi|309	23671	23821	R=0	-	23727	79	56
gi|309	21796	21932	R=0	-	21838	79	42
gi|309	20891	21117	R=0	-	21028	74	137
gi|309	18080	18202	R=0	-	18114	73	34
gi|309	17192	17328	R=0	-	17235	78	43
gi|309	16096	16300	R=0	-	16211	74	115
gi|309	15018	15191	R=0	+	15094	76	82
gi|309	14045	14271	R=0	+	14122	77	134
gi|309	12920	13052	R=0	+	12998	78	39
gi|309	10084	10296	R=0	+	10162	78	119
gi|309	7743	7974	R=0	-	7880	79	137
gi|309	7019	7144	R=0	-	7053	76	34
gi|309	6313	6438	R=0	-	6347	76	34
gi|309	3731	3958	R=0	+	3807	76	136
gi|302	30229	30455	R=0	+	30303	74	137
gi|302	25437	25643	R=0	-	25552	76	115
gi|302	24522	24658	R=0	+	24600	78	43
gi|302	16989	17217	R=0	+	17067	78	135
gi|302	16231	16367	R=0	+	16309	78	43
gi|302	12713	12942	R=0	+	12792	79	135
gi|302	11278	11507	R=0	+	11357	79	135
gi|302	10400	10631	R=0	+	10479	79	137
gi|302	9824	10052	R=0	+	9900	76	137
gi|302	8709	8846	R=0	+	8788	79	43
gi|302	7387	7524	R=0	+	7466	79	43
gi|302	1304	1532	R=0	+	1383	79	134
gi|302	319	550	R=0	+	398	79	137
gi|286	943	1172	R=0	+	1019	76	138
gi|282	28299	28424	R=0	-	28333	76	34
gi|282	27014	27243	R=0	-	27152	76	138
gi|282	23387	23616	R=0	-	23525	76	138
gi|282	23110	23246	R=0	+	23188	78	43
gi|282	19823	20029	R=0	+	19899	76	115
gi|282	16827	16964	R=0	-	16870	79	43
gi|282	15669	15850	R=0	+	15748	79	87
gi|282	12148	12379	R=0	-	12285	79	137
gi|282	11424	11549	R=0	-	11458	76	34
gi|282	10718	10843	R=0	-	10752	76	34
gi|282	8136	8363	R=0	+	8212	76	136
gi|282	1914	2143	R=0	-	2049	79	135
gi|282	1286	1422	R=0	-	1329	78	43
gi|282	96	232	R=0	-	139	78	43
gi|252	29372	29596	R=0	-	29507	74	135
gi|252	24854	25083	R=0	-	24989	79	135
gi|252	23057	23194	R=0	-	23100	79	43
gi|252	22152	22378	R=0	-	22289	74	137
gi|252	19341	19463	R=0	-	19375	73	34
gi|252	18452	18588	R=0	-	18495	78	43
gi|252	17354	17558	R=0	-	17469	74	115
gi|252	16276	16449	R=0	+	16352	76	82
gi|252	15303	15529	R=0	+	15380	77	134
gi|252	14178	14314	R=0	+	14256	78	43
gi|252	11344	11556	R=0	+	11422	78	119
gi|252	9003	9234	R=0	-	9140	79	137
gi|252	8279	8404	R=0	-	8313	76	34
gi|252	7573	7698	R=0	-	7607	76	34
gi|252	4991	5218	R=0	+	5067	76	136
gi|240	28529	28665	R=0	-	28572	78	43
gi|240	27544	27750	R=0	+	27620	76	115
gi|240	22733	22959	R=0	-	22870	74	137
gi|240	18216	18445	R=0	-	18351	79	135
gi|240	16421	16558	R=0	-	16464	79	43
gi|240	15516	15742	R=0	-	15653	74	137
gi|240	12704	12826	R=0	-	12738	73	34
gi|240	11814	11950	R=0	-	11857	78	43
gi|240	10717	10921	R=0	-	10832	74	115
gi|240	9639	9812	R=0	+	9715	76	82
gi|240	8667	8893	R=0	+	8744	77	134
gi|240	7540	7676	R=0	+	7618	78	43
gi|240	4704	4916	R=0	+	4782	78	119
gi|240	2362	2593	R=0	-	2499	79	137
gi|240	1638	1763	R=0	-	1672	76	34
gi|240	932	1057	R=0	-	966	76	34
gi|233	30151	30276	R=0	-	30185	76	34
gi|233	29091	29228	R=0	-	29134	79	43
gi|233	27888	28116	R=0	-	28025	76	137
gi|233	27309	27540	R=0	-	27446	79	137
gi|233	26433	26662	R=0	-	26568	79	135
gi|233	24998	25227	R=0	-	25133	79	135
gi|233	21569	21705	R=0	-	21612	78	43
gi|233	20719	20947	R=0	-	20854	78	135
gi|233	13188	13324	R=0	-	13231	78	43
gi|233	12203	12409	R=0	+	12279	76	115
gi|233	7392	7617	R=0	-	7529	73	137
gi|233	2883	3112	R=0	-	3018	79	135
gi|233	1086	1222	R=0	-	1129	78	43
gi|233	183	409	R=0	-	320	74	137
gi|232	34748	34960	R=0	+	34826	78	119
gi|232	32407	32638	R=0	-	32544	79	137
gi|232	31683	31808	R=0	-	31717	76	34
gi|232	30977	31102	R=0	-	31011	76	34
gi|232	28395	28622	R=0	+	28471	76	136
gi|232	22177	22406	R=0	-	22312	79	135
gi|232	21545	21681	R=0	-	21588	78	43
gi|232	20355	20491	R=0	-	20398	78	43
gi|232	19005	19130	R=0	-	19039	76	34
gi|232	17293	17497	R=0	+	17367	74	115
gi|232	13582	13776	R=0	+	13644	62	117
gi|232	11817	11943	R=0	-	11852	76	35
gi|232	10534	10764	R=0	-	10672	77	138
gi|232	6905	7134	R=0	-	7043	76	138
gi|232	6628	6764	R=0	+	6706	78	43
gi|232	3352	3558	R=0	+	3428	76	115
gi|232	356	493	R=0	-	399	79	43
gi|216	22990	23126	R=0	+	23068	78	43
gi|216	22274	22494	R=0	+	22344	70	135
gi|216	16068	16295	R=0	-	16204	76	136
gi|216	13588	13713	R=0	+	13664	76	34
gi|216	12882	13007	R=0	+	12958	76	34
gi|216	12052	12283	R=0	+	12131	79	137
gi|216	9732	9943	R=0	-	9851	77	119
gi|216	6976	7112	R=0	-	7019	78	43
gi|216	5762	5988	R=0	-	5896	77	134
gi|216	4842	5015	R=0	-	4924	76	82
gi|216	3734	3938	R=0	+	3808	74	115
gi|216	2705	2841	R=0	+	2783	78	43
gi|216	1598	1735	R=0	+	1677	79	43
gi|211	36829	36951	R=0	-	36863	73	34
gi|211	35505	35631	R=0	-	35537	79	32
gi|211	33697	33928	R=0	-	33834	79	137
gi|211	32715	32943	R=0	-	32849	79	134
gi|211	26461	26587	R=0	-	26495	77	34
gi|211	25403	25540	R=0	-	25446	79	43
gi|211	24197	24425	R=0	-	24334	76	137
gi|211	23618	23849	R=0	-	23755	79	137
gi|211	22742	22971	R=0	-	22877	79	135
gi|211	21307	21536	R=0	-	21442	79	135
gi|211	17878	18014	R=0	-	17921	78	43
gi|211	16990	17219	R=0	-	17125	79	135
gi|211	9468	9604	R=0	-	9511	78	43
gi|211	8484	8689	R=0	+	8560	76	114
gi|211	3671	3897	R=0	-	3808	74	137
gi|198	26608	26834	R=0	-	26745	74	137
gi|198	22092	22321	R=0	-	22227	79	135
gi|198	20296	20433	R=0	-	20339	79	43
gi|198	19391	19617	R=0	-	19528	74	137
gi|198	16582	16704	R=0	-	16616	73	34
gi|198	15694	15830	R=0	-	15737	78	43
gi|198	14598	14802	R=0	-	14713	74	115
gi|198	13520	13693	R=0	+	13596	76	82
gi|198	12545	12771	R=0	+	12622	77	134
gi|198	11420	11556	R=0	+	11498	78	43
gi|198	8586	8798	R=0	+	8664	78	119
gi|198	6246	6477	R=0	-	6383	79	137
gi|198	5521	5647	R=0	-	5555	77	34
gi|198	4815	4940	R=0	-	4849	76	34
gi|198	2233	2460	R=0	+	2309	76	136
gi|193	24076	24201	R=0	-	24110	76	34
gi|193	21494	21721	R=0	+	21570	76	136
gi|193	15278	15507	R=0	-	15413	79	135
gi|193	14647	14783	R=0	-	14690	78	43
gi|193	13470	13605	R=0	-	13512	78	42
gi|193	12120	12245	R=0	-	12154	76	34
gi|193	10408	10612	R=0	+	10482	74	115
gi|193	6688	6882	R=0	+	6750	62	117
gi|193	4920	5045	R=0	-	4954	76	34
gi|193	3635	3864	R=0	-	3773	76	138
gi|193	9	238	R=0	-	147	76	138
gi|191	40284	40420	R=0	+	40362	78	43
gi|191	39559	39788	R=0	+	39638	79	135
gi|191	33338	33565	R=0	-	33474	76	136
gi|191	30858	30983	R=0	+	30934	76	34
gi|191	30152	30277	R=0	+	30228	76	34
gi|191	29322	29553	R=0	+	29401	79	137
gi|191	27000	27212	R=0	-	27119	78	119
gi|191	24158	24378	R=0	-	24285	78	127
gi|191	23025	23251	R=0	-	23159	77	134
gi|191	22105	22278	R=0	-	22187	76	82
gi|191	20997	21201	R=0	+	21071	74	115
gi|191	19968	20104	R=0	+	20046	78	43
gi|191	18859	18996	R=0	+	18938	79	43
gi|191	16180	16406	R=0	+	16254	74	137
gi|191	15364	15501	R=0	+	15443	79	43
gi|191	13476	13705	R=0	+	13555	79	135
gi|191	8962	9187	R=0	+	9035	73	137
gi|191	4178	4384	R=0	-	4293	76	115
gi|191	3263	3399	R=0	+	3341	78	43
gi|186	19676	19813	R=0	-	19719	79	43
gi|186	16182	16318	R=0	+	16260	78	43
gi|186	15049	15278	R=0	-	15184	79	135
gi|186	13434	13663	R=0	-	13569	79	135
gi|186	8434	8662	R=0	-	8568	79	134
gi|186	7352	7522	R=0	+	7425	73	82
gi|186	6907	7137	R=0	-	7042	80	135
gi|186	6485	6611	R=0	-	6519	77	34
gi|186	4238	4468	R=0	+	4318	80	135
gi|186	1825	2052	R=0	+	1901	76	136
gi|186	950	1084	R=0	+	1026	76	43
gi|184	19431	19662	R=0	-	19568	79	137
gi|184	18706	18832	R=0	-	18740	77	34
gi|184	18000	18125	R=0	-	18034	76	34
gi|184	15418	15645	R=0	+	15494	76	136
gi|184	9210	9439	R=0	-	9345	79	135
gi|184	8578	8714	R=0	-	8621	78	43
gi|184	7388	7524	R=0	-	7431	78	43
gi|184	6039	6164	R=0	-	6073	76	34
gi|184	4327	4531	R=0	+	4401	74	115
gi|184	608	802	R=0	+	670	62	117
gi|157	32849	33053	R=0	-	32964	74	115
gi|157	31770	31943	R=0	+	31846	76	82
gi|157	30796	31023	R=0	+	30873	77	135
gi|157	29672	29807	R=0	+	29750	78	42
gi|157	26839	27051	R=0	+	26917	78	119
gi|157	24498	24729	R=0	-	24635	79	137
gi|157	23775	23900	R=0	-	23809	76	34
gi|157	23069	23194	R=0	-	23103	76	34
gi|157	20487	20714	R=0	+	20563	76	136
gi|157	14278	14507	R=0	-	14413	79	135
gi|157	13646	13782	R=0	-	13689	78	43
gi|157	12468	12604	R=0	-	12511	78	43
gi|157	11119	11244	R=0	-	11153	76	34
gi|157	9407	9611	R=0	+	9481	74	115
gi|157	5688	5882	R=0	+	5750	62	117
gi|157	3919	4043	R=0	-	3952	76	33
gi|157	2634	2863	R=0	-	2772	76	138
gi|149	41486	41611	R=0	+	41562	76	34
gi|149	39652	39845	R=0	-	39769	61	117
gi|149	35925	36129	R=0	-	36040	74	115
gi|149	33841	34070	R=0	+	33920	79	135
gi|149	32934	33070	R=0	+	33011	77	44
gi|149	31745	31880	R=0	+	31823	78	42
gi|149	31020	31249	R=0	+	31099	79	135
gi|149	24798	25025	R=0	-	24934	76	136
gi|149	22319	22444	R=0	+	22395	76	34
gi|149	21613	21738	R=0	+	21689	76	34
gi|149	20783	21014	R=0	+	20862	79	137
gi|149	18461	18673	R=0	-	18580	78	119
gi|149	15704	15840	R=0	-	15747	78	43
gi|149	14489	14715	R=0	-	14623	77	134
gi|149	13569	13742	R=0	-	13651	76	82
gi|149	12460	12664	R=0	+	12534	74	115
gi|149	11431	11567	R=0	+	11509	78	43
gi|149	10322	10459	R=0	+	10401	79	43
gi|149	7643	7869	R=0	+	7717	74	137
gi|149	6826	6963	R=0	+	6905	79	43
gi|149	4938	5167	R=0	+	5017	79	135
gi|149	422	648	R=0	+	496	74	137
gi|138	22758	22987	R=0	-	22893	79	135
gi|138	20962	21099	R=0	-	21005	79	43
gi|138	20057	20283	R=0	-	20194	74	137
gi|138	17248	17370	R=0	-	17282	73	34
gi|138	16360	16496	R=0	-	16403	78	43
gi|138	15264	15468	R=0	-	15379	74	115
gi|138	14186	14359	R=0	+	14262	76	82
gi|138	13213	13439	R=0	+	13290	77	134
gi|138	12090	12224	R=0	+	12168	78	41
gi|138	9256	9468	R=0	+	9334	78	119
gi|138	6915	7146	R=0	-	7052	79	137
gi|138	6191	6316	R=0	-	6225	76	34
gi|138	5485	5610	R=0	-	5519	76	34
gi|138	2903	3130	R=0	+	2979	76	136
gi|137	22694	22865	R=0	+	22768	74	82
gi|137	21423	21560	R=0	-	21466	79	43
gi|137	15628	15765	R=0	-	15671	79	43
gi|137	12130	12266	R=0	+	12208	78	43
gi|137	10997	11226	R=0	-	11132	79	135
gi|137	9383	9612	R=0	-	9518	79	135
gi|137	4380	4607	R=0	-	4514	78	134
gi|137	3297	3468	R=0	+	3371	74	82
gi|137	2852	3082	R=0	-	2987	80	135
gi|137	2430	2556	R=0	-	2464	77	34
gi|137	189	419	R=0	+	269	80	135
gi|115	926	1064	R=0	-	969	80	43
gi|108	971	1097	R=0	-	1005	77	34
gi|100	30247	30369	R=0	-	30281	73	34
gi|100	28923	29049	R=0	-	28955	79	32
gi|100	27117	27348	R=0	-	27254	79	137
gi|100	26135	26363	R=0	-	26269	79	134
gi|100	19878	20004	R=0	-	19912	77	34
gi|100	18821	18958	R=0	-	18864	79	43
gi|100	17615	17843	R=0	-	17752	76	137
gi|100	17036	17267	R=0	-	17173	79	137
gi|100	16160	16389	R=0	-	16295	79	135
gi|100	14725	14954	R=0	-	14860	79	135
gi|100	11298	11434	R=0	-	11341	78	43
gi|100	10444	10673	R=0	-	10579	79	135
gi|100	2919	3055	R=0	-	2962	78	43
gi|100	1934	2140	R=0	+	2010	76	115
gi|95	29235	29371	R=0	+	29313	78	43
gi|95	28133	28270	R=0	+	28212	79	43
gi|95	25456	25682	R=0	+	25530	74	137
gi|95	24641	24778	R=0	+	24720	79	43
gi|95	22756	22985	R=0	+	22835	79	135
gi|95	18255	18481	R=0	+	18329	74	137
gi|95	13468	13674	R=0	-	13583	76	115
gi|95	12553	12689	R=0	+	12631	78	43
gi|95	4940	5166	R=0	+	5016	76	135
gi|95	4180	4316	R=0	+	4258	78	43
gi|95	664	893	R=0	+	743	79	135
gi|94	41561	41787	R=0	+	41635	74	137
gi|94	36770	36976	R=0	-	36885	76	115
gi|94	35856	35991	R=0	+	35933	77	43
gi|94	28248	28476	R=0	+	28326	78	135
gi|94	27490	27626	R=0	+	27568	78	43
gi|94	23968	24197	R=0	+	24047	79	135
gi|94	22533	22762	R=0	+	22612	79	135
gi|94	21655	21886	R=0	+	21734	79	137
gi|94	21079	21307	R=0	+	21155	76	137
gi|94	19964	20101	R=0	+	20043	79	43
gi|94	18642	18779	R=0	+	18721	79	43
gi|94	12582	12810	R=0	+	12661	79	134
gi|94	11599	11830	R=0	+	11678	79	137
gi|94	9896	10022	R=0	+	9975	79	32
gi|94	8341	8478	R=0	+	8420	79	43
gi|94	440	577	R=0	+	519	79	43
gi|82	1794	2024	R=0	-	1930	79	136
gi|82	816	1043	R=0	-	949	79	133
gi|51	20489	20716	R=0	+	20565	76	136
gi|51	14282	14511	R=0	-	14417	79	135
gi|51	13650	13786	R=0	-	13693	78	43
gi|51	12460	12596	R=0	-	12503	78	43
gi|51	11111	11236	R=0	-	11145	76	34
gi|51	9399	9603	R=0	+	9473	74	115
gi|51	5679	5873	R=0	+	5741	62	117
gi|51	3911	4036	R=0	-	3945	76	34
gi|51	2626	2855	R=0	-	2764	76	138
gi|49	30828	30964	R=0	-	30871	78	43
gi|49	29843	30049	R=0	+	29919	76	115
gi|49	25066	25292	R=0	-	25203	74	137
gi|49	20549	20778	R=0	-	20684	79	135
gi|49	18753	18890	R=0	-	18796	79	43
gi|49	17848	18074	R=0	-	17985	74	137
gi|49	15037	15159	R=0	-	15071	73	34
gi|49	14149	14285	R=0	-	14192	78	43
gi|49	13052	13256	R=0	-	13167	74	115
gi|49	11974	12147	R=0	+	12050	76	82
gi|49	11005	11227	R=0	+	11078	73	134
gi|49	9876	10012	R=0	+	9954	78	43
gi|49	7042	7254	R=0	+	7120	78	119
gi|49	4703	4934	R=0	-	4840	79	137
gi|49	3980	4105	R=0	-	4014	76	34
gi|49	3281	3406	R=0	-	3315	76	34
gi|49	699	926	R=0	+	775	76	136
gi|36	24045	24221	R=0	-	24132	74	87
gi|36	22637	22865	R=0	-	22771	79	134
gi|36	21887	22019	R=0	-	21930	74	43
gi|36	19177	19313	R=0	+	19255	78	43
gi|36	13723	13895	R=0	+	13797	74	83
gi|36	10790	11018	R=0	-	10925	78	135
gi|36	9647	9769	R=0	-	9681	73	34
gi|36	8967	9195	R=0	-	9102	78	135
gi|36	7667	7892	R=0	-	7803	74	136
gi|28	30267	30495	R=0	-	30401	79	134
gi|28	24015	24141	R=0	-	24049	77	34
gi|28	22957	23094	R=0	-	23000	79	43
gi|28	21750	21978	R=0	-	21887	76	137
gi|28	21171	21402	R=0	-	21308	79	137
gi|28	20295	20524	R=0	-	20430	79	135
gi|28	18860	19089	R=0	-	18995	79	135
gi|28	14580	14809	R=0	-	14715	79	135
gi|28	7068	7203	R=0	-	7111	77	43
gi|28	6082	6289	R=0	+	6159	77	115
gi|28	1272	1499	R=0	-	1410	74	138
gi|21	36083	36309	R=0	+	36157	74	137
gi|21	31291	31497	R=0	-	31406	76	115
gi|21	30376	30512	R=0	+	30454	78	43
gi|21	22750	22979	R=0	+	22829	79	135
gi|21	21989	22125	R=0	+	22067	78	43
gi|21	18468	18697	R=0	+	18547	79	135
gi|21	17034	17263	R=0	+	17113	79	135
gi|21	16158	16388	R=0	+	16237	79	136
gi|21	15582	15810	R=0	+	15658	76	137
gi|21	14467	14604	R=0	+	14546	79	43
gi|21	13145	13282	R=0	+	13224	79	43
gi|21	7079	7307	R=0	+	7158	79	134
gi|21	6094	6325	R=0	+	6173	79	137
gi|21	4391	4517	R=0	+	4470	79	32
gi|21	2836	2973	R=0	+	2915	79	43
gi|1044	32864	32979	R=2	+	32948	84	16
gi|1044	31884	32103	R=2	-	31898	190	14
gi|1044	28590	28705	R=2	+	28667	77	23
gi|1044	23473	23691	R=2	-	23487	189	14
gi|1044	16908	17014	R=2	+	16985	77	14
gi|1044	11353	11583	R=2	-	11377	191	24
gi|1044	7862	8092	R=2	-	7883	194	21
gi|1044	6760	6983	R=2	-	6775	193	15
gi|1044	2567	2789	R=2	+	2761	194	13
gi|1040	16025	16248	R=2	-	16039	194	14
gi|1040	12602	12820	R=2	+	12792	190	13
gi|1040	11190	11302	R=2	+	11274	84	13
gi|1040	4737	4850	R=2	+	4814	77	21
gi|1020	29267	29489	R=2	+	29461	194	13
gi|1020	26924	27155	R=2	-	26948	192	24
gi|1020	19031	19260	R=2	-	19052	193	21
gi|1020	14676	14789	R=2	+	14753	77	21
gi|1020	8718	8940	R=2	-	8731	194	13
gi|1020	7942	8049	R=2	+	8019	77	15
gi|1020	7394	7615	R=2	-	7409	191	15
gi|1020	853	968	R=2	+	937	84	16
gi|1000	25246	25353	R=2	+	25323	77	15
gi|1000	24698	24919	R=2	-	24713	191	15
gi|1000	18156	18271	R=2	+	18240	84	16
gi|1000	17176	17395	R=2	-	17190	190	14
gi|1000	13925	14039	R=2	+	14002	77	22
gi|1000	8804	9022	R=2	-	8818	189	14
gi|1000	2240	2346	R=2	+	2317	77	14
gi|994	21796	22023	R=2	-	21814	194	18
gi|994	16007	16230	R=2	-	16021	194	14
gi|994	12596	12814	R=2	+	12786	190	13
gi|994	11183	11295	R=2	+	11267	84	13
gi|994	4727	4840	R=2	+	4804	77	21
gi|992	20183	20410	R=2	-	20205	190	22
gi|992	18992	19220	R=2	-	19015	190	23
gi|992	10748	10861	R=2	+	10825	77	21
gi|992	5352	5571	R=2	+	5542	190	14
gi|985	41414	41635	R=2	-	41427	193	13
gi|985	40640	40747	R=2	+	40717	77	15
gi|985	40093	40314	R=2	-	40108	191	15
gi|985	33549	33664	R=2	+	33633	84	16
gi|985	32570	32788	R=2	-	32584	189	14
gi|985	29319	29433	R=2	+	29396	77	22
gi|985	24193	24411	R=2	-	24207	189	14
gi|985	17628	17734	R=2	+	17705	77	14
gi|985	12106	12336	R=2	-	12130	191	24
gi|985	8614	8844	R=2	-	8635	194	21
gi|985	7512	7735	R=2	-	7527	193	15
gi|985	3319	3541	R=2	+	3513	194	13
gi|972	37622	37745	R=2	+	37706	84	24
gi|972	30578	30685	R=2	+	30655	77	15
gi|972	23322	23435	R=2	+	23399	77	21
gi|972	22604	22717	R=2	+	22688	84	14
gi|972	18347	18577	R=2	-	18368	194	21
gi|972	11702	11929	R=2	-	11720	194	18
gi|972	5910	6133	R=2	-	5924	194	14
gi|972	2498	2716	R=2	+	2688	190	13
gi|972	1086	1198	R=2	+	1170	84	13
gi|969	30886	30999	R=2	-	30907	77	21
gi|969	22526	22754	R=2	+	22716	190	23
gi|969	21336	21563	R=2	+	21526	190	22
gi|969	5212	5434	R=2	-	5225	194	13
gi|969	1020	1243	R=2	+	1213	193	15
gi|969	1	140	R=2	+	104	103	21
gi|949	35590	35696	R=2	+	35667	77	14
gi|949	30037	30266	R=2	-	30061	190	24
gi|949	26549	26779	R=2	-	26570	194	21
gi|949	25447	25670	R=2	-	25462	193	15
gi|949	21256	21479	R=2	+	21451	195	13
gi|949	5122	5349	R=2	-	5144	190	22
gi|949	3931	4159	R=2	-	3954	190	23
gi|927	33024	33246	R=2	-	33037	194	13
gi|927	28829	29052	R=2	+	29022	193	15
gi|927	27720	27950	R=2	+	27914	194	21
gi|927	24231	24461	R=2	+	24422	191	24
gi|927	18802	18908	R=2	-	18816	77	14
gi|927	12146	12364	R=2	+	12335	189	14
gi|927	7112	7226	R=2	-	7134	77	22
gi|927	3721	3941	R=2	+	3912	191	14
gi|927	2845	2960	R=2	-	2861	84	16
gi|918	41260	41489	R=2	-	41284	190	24
gi|918	38642	38871	R=2	+	38832	190	24
gi|918	33295	33515	R=2	+	33485	190	15
gi|918	32787	33016	R=2	+	32977	190	24
gi|918	32157	32273	R=2	-	32181	77	24
gi|918	30568	30800	R=2	+	30761	193	24
gi|918	29695	29916	R=2	+	29885	190	16
gi|918	25547	25777	R=2	+	25741	194	21
gi|918	19320	19551	R=2	+	19512	192	24
gi|918	12980	13199	R=2	-	12994	190	14
gi|918	7685	7798	R=2	-	7706	77	21
gi|910	19337	19564	R=2	-	19359	190	22
gi|910	18158	18386	R=2	-	18181	190	23
gi|910	9913	10026	R=2	+	9990	77	21
gi|910	4514	4733	R=2	+	4704	190	14
gi|892	1480	1710	R=2	-	1501	194	21
gi|876	30703	30816	R=2	+	30780	77	21
gi|876	25302	25521	R=2	+	25492	190	14
gi|876	18938	19169	R=2	-	18962	192	24
gi|876	2003	2229	R=2	-	2025	189	22
gi|876	823	1051	R=2	-	846	190	23
gi|867	21841	21954	R=2	-	21862	77	21
gi|867	12685	12792	R=2	-	12700	77	15
gi|867	11559	11786	R=2	+	11750	191	21
gi|867	2230	2459	R=2	-	2254	190	24
gi|858	2888	3118	R=2	+	3079	191	24
gi|835	37626	37848	R=2	-	37639	194	13
gi|835	36850	36957	R=2	+	36927	77	15
gi|835	36302	36523	R=2	-	36317	191	15
gi|835	29765	29880	R=2	+	29849	84	16
gi|835	28785	29004	R=2	-	28799	190	14
gi|835	25530	25644	R=2	+	25607	77	22
gi|835	20432	20649	R=2	-	20446	188	14
gi|835	13871	13977	R=2	+	13948	77	14
gi|835	8308	8538	R=2	-	8332	191	24
gi|835	4818	5048	R=2	-	4839	194	21
gi|835	3717	3940	R=2	-	3733	192	16
gi|824	14961	15188	R=2	-	14983	190	22
gi|824	13770	13998	R=2	-	13793	190	23
gi|824	5530	5643	R=2	+	5607	77	21
gi|824	146	364	R=2	+	336	190	13
gi|815	30840	31070	R=2	-	30861	194	21
gi|815	24204	24431	R=2	-	24222	194	18
gi|815	18411	18635	R=2	-	18425	195	14
gi|815	15011	15229	R=2	+	15201	190	13
gi|815	13599	13711	R=2	+	13683	84	13
gi|815	7146	7259	R=2	+	7223	77	21
gi|792	20219	20448	R=2	+	20409	190	24
gi|792	10832	11059	R=2	-	10853	191	21
gi|792	9826	9933	R=2	+	9903	77	15
gi|792	659	772	R=2	+	736	77	21
gi|770	30913	31145	R=2	-	30937	193	24
gi|770	23012	23242	R=2	-	23033	194	21
gi|770	18648	18761	R=2	+	18725	77	21
gi|770	12691	12913	R=2	-	12704	194	13
gi|770	11915	12022	R=2	+	11992	77	15
gi|770	11367	11588	R=2	-	11382	191	15
gi|770	4824	4939	R=2	+	4908	84	16
gi|770	3844	4063	R=2	-	3858	190	14
gi|770	558	672	R=2	+	635	77	22
gi|751	42834	43005	R=2	-	42849	141	15
gi|751	36292	36407	R=2	+	36376	84	16
gi|751	35312	35531	R=2	-	35326	190	14
gi|751	26934	27151	R=2	-	26948	188	14
gi|751	20366	20472	R=2	+	20443	77	14
gi|751	14809	15039	R=2	-	14833	191	24
gi|751	11317	11547	R=2	-	11338	194	21
gi|751	10215	10438	R=2	-	10230	193	15
gi|751	6022	6244	R=2	+	6216	194	13
gi|720	26121	26343	R=2	-	26134	194	13
gi|720	21926	22149	R=2	+	22119	193	15
gi|720	20819	21049	R=2	+	21013	194	21
gi|720	17327	17557	R=2	+	17518	191	24
gi|720	11893	11999	R=2	-	11907	77	14
gi|720	5218	5436	R=2	+	5407	189	14
gi|720	200	314	R=2	-	222	77	22
gi|700	21442	21557	R=2	+	21526	84	16
gi|700	20461	20680	R=2	-	20475	190	14
gi|700	17208	17322	R=2	+	17285	77	22
gi|700	12087	12305	R=2	-	12101	189	14
gi|700	5525	5631	R=2	+	5602	77	14
gi|663	26540	26653	R=2	-	26561	77	21
gi|663	20086	20198	R=2	-	20099	84	13
gi|663	18568	18786	R=2	-	18581	190	13
gi|663	15140	15363	R=2	+	15334	194	14
gi|663	9366	9594	R=2	+	9561	195	18
gi|663	2706	2936	R=2	+	2900	194	21
gi|656	25541	25654	R=2	-	25562	77	21
gi|656	19085	19197	R=2	-	19098	84	13
gi|656	17567	17785	R=2	-	17580	190	13
gi|656	14144	14367	R=2	+	14338	194	14
gi|656	8349	8576	R=2	+	8543	194	18
gi|656	1690	1919	R=2	+	1883	193	21
gi|653	37535	37753	R=2	-	37549	189	14
gi|653	30971	31077	R=2	+	31048	77	14
gi|653	25414	25644	R=2	-	25438	191	24
gi|653	21924	22154	R=2	-	21945	194	21
gi|653	20822	21045	R=2	-	20837	193	15
gi|653	16631	16853	R=2	+	16825	194	13
gi|653	502	730	R=2	-	524	191	22
gi|647	30882	31111	R=2	-	30903	193	21
gi|647	24259	24486	R=2	-	24277	194	18
gi|647	18469	18692	R=2	-	18483	194	14
gi|647	15057	15275	R=2	+	15247	190	13
gi|647	13645	13757	R=2	+	13729	84	13
gi|647	7193	7306	R=2	+	7270	77	21
gi|641	28984	29212	R=2	+	29174	190	23
gi|641	27796	28022	R=2	+	27985	189	22
gi|641	11676	11898	R=2	-	11689	194	13
gi|641	7481	7709	R=2	+	7674	193	20
gi|641	6370	6600	R=2	+	6564	194	21
gi|641	2877	3107	R=2	+	3068	191	24
gi|638	23402	23515	R=2	-	23423	77	21
gi|638	18925	19155	R=2	+	19119	194	21
gi|638	11026	11257	R=2	+	11218	192	24
gi|638	7860	8091	R=2	+	8052	192	24
gi|638	1508	1727	R=2	-	1522	190	14
gi|631	26753	26975	R=2	-	26766	194	13
gi|631	22559	22782	R=2	+	22752	193	15
gi|631	21450	21680	R=2	+	21644	194	21
gi|631	17958	18188	R=2	+	18149	191	24
gi|631	12522	12628	R=2	-	12536	77	14
gi|631	5852	6070	R=2	+	6041	189	14
gi|631	822	936	R=2	-	844	77	22
gi|629	39603	39824	R=2	-	39619	190	16
gi|629	38719	38951	R=2	-	38743	193	24
gi|629	37246	37362	R=2	+	37323	77	24
gi|629	36503	36732	R=2	-	36527	190	24
gi|629	36004	36224	R=2	-	36019	190	15
gi|629	31654	31770	R=2	+	31731	77	24
gi|629	30911	31140	R=2	-	30935	190	24
gi|629	30412	30632	R=2	-	30427	190	15
gi|629	25056	25285	R=2	-	25080	190	24
gi|629	21058	21165	R=2	+	21135	77	15
gi|629	13802	13915	R=2	+	13879	77	21
gi|629	13084	13197	R=2	+	13168	84	14
gi|629	8827	9057	R=2	-	8848	194	21
gi|629	5780	6013	R=2	-	5804	194	24
gi|629	1337	1568	R=2	-	1361	192	24
gi|623	18109	18330	R=2	+	18300	191	15
gi|623	17675	17782	R=2	-	17690	77	15
gi|623	16784	17006	R=2	+	16978	194	13
gi|623	10935	11048	R=2	-	10956	77	21
gi|623	6458	6688	R=2	+	6652	194	21
gi|619	36794	37012	R=2	-	36808	189	14
gi|619	31502	31615	R=2	-	31523	77	21
gi|619	23139	23367	R=2	+	23329	190	23
gi|619	21961	22188	R=2	+	22151	190	22
gi|619	5847	6069	R=2	-	5860	194	13
gi|619	1653	1876	R=2	+	1846	193	15
gi|619	544	774	R=2	+	738	194	21
gi|616	32412	32644	R=2	-	32436	193	24
gi|616	24518	24748	R=2	-	24539	194	21
gi|616	20159	20272	R=2	+	20236	77	21
gi|616	14203	14423	R=2	-	14216	192	13
gi|616	13427	13534	R=2	+	13504	77	15
gi|616	12879	13100	R=2	-	12894	191	15
gi|616	6338	6453	R=2	+	6422	84	16
gi|616	5358	5577	R=2	-	5372	190	14
gi|616	2073	2187	R=2	+	2150	77	22
gi|599	21867	22094	R=2	+	22055	188	24
gi|599	16433	16539	R=2	-	16447	77	14
gi|599	9761	9979	R=2	+	9950	189	14
gi|599	4733	4847	R=2	-	4755	77	22
gi|599	1372	1591	R=2	+	1562	190	14
gi|599	496	611	R=2	-	512	84	16
gi|594	30555	30777	R=2	-	30568	194	13
gi|594	29779	29886	R=2	+	29856	77	15
gi|594	29231	29452	R=2	-	29246	191	15
gi|594	22690	22805	R=2	+	22774	84	16
gi|594	21710	21929	R=2	-	21724	190	14
gi|594	18459	18573	R=2	+	18536	77	22
gi|594	13338	13556	R=2	-	13352	189	14
gi|594	6777	6883	R=2	+	6854	77	14
gi|594	1220	1450	R=2	-	1244	191	24
gi|589	43745	43973	R=2	+	43935	190	23
gi|589	42555	42782	R=2	+	42745	190	22
gi|589	26449	26671	R=2	-	26462	194	13
gi|589	22255	22478	R=2	+	22448	193	15
gi|589	21146	21376	R=2	+	21340	194	21
gi|589	17655	17885	R=2	+	17846	191	24
gi|589	12221	12327	R=2	-	12235	77	14
gi|589	5544	5762	R=2	+	5733	189	14
gi|589	526	640	R=2	-	548	77	22
gi|571	30985	31216	R=2	+	31177	192	24
gi|571	24637	24854	R=2	-	24649	190	12
gi|571	19340	19453	R=2	-	19361	77	21
gi|571	10982	11210	R=2	+	11172	190	23
gi|571	9804	10031	R=2	+	9994	190	22
gi|559	20884	21112	R=2	-	20905	192	21
gi|559	16523	16636	R=2	+	16600	77	21
gi|559	10569	10791	R=2	-	10582	194	13
gi|559	9793	9900	R=2	+	9870	77	15
gi|559	9245	9466	R=2	-	9260	191	15
gi|559	2703	2818	R=2	+	2787	84	16
gi|559	1723	1942	R=2	-	1737	190	14
gi|536	15363	15588	R=2	-	15387	186	24
gi|536	8112	8225	R=2	-	8133	77	21
gi|536	1660	1772	R=2	-	1673	84	13
gi|536	142	360	R=2	-	155	190	13
gi|502	33099	33321	R=2	-	33112	194	13
gi|502	28906	29129	R=2	+	29099	193	15
gi|502	27797	28027	R=2	+	27991	194	21
gi|502	24306	24536	R=2	+	24497	191	24
gi|502	18873	18979	R=2	-	18887	77	14
gi|502	12198	12416	R=2	+	12387	189	14
gi|502	7173	7287	R=2	-	7195	77	22
gi|502	3816	4035	R=2	+	4006	190	14
gi|502	2940	3055	R=2	-	2956	84	16
gi|499	32382	32600	R=2	+	32571	189	14
gi|499	27366	27480	R=2	-	27388	77	22
gi|499	24006	24225	R=2	+	24196	190	14
gi|499	23130	23245	R=2	-	23146	84	16
gi|499	16482	16703	R=2	+	16673	191	15
gi|499	16048	16155	R=2	-	16063	77	15
gi|499	15157	15379	R=2	+	15351	194	13
gi|499	9309	9421	R=2	-	9330	76	21
gi|499	4831	5061	R=2	+	5025	194	21
gi|491	19643	19756	R=2	-	19664	77	21
gi|491	11279	11507	R=2	+	11469	190	23
gi|491	10089	10316	R=2	+	10279	190	22
gi|477	18390	18618	R=2	-	18413	190	23
gi|477	10141	10254	R=2	+	10218	77	21
gi|477	4730	4950	R=2	+	4921	191	14
gi|462	10467	10581	R=2	-	10489	77	22
gi|462	7111	7330	R=2	+	7301	190	14
gi|462	6235	6350	R=2	-	6251	84	16
gi|453	25624	25737	R=2	+	25701	77	21
gi|453	19665	19887	R=2	-	19678	194	13
gi|453	18889	18996	R=2	+	18966	77	15
gi|453	18341	18562	R=2	-	18356	191	15
gi|453	11801	11916	R=2	+	11885	84	16
gi|453	10821	11040	R=2	-	10835	190	14
gi|453	7534	7648	R=2	+	7611	77	22
gi|453	2412	2630	R=2	-	2426	189	14
gi|448	40007	40223	R=2	-	40021	187	14
gi|448	34714	34827	R=2	-	34735	77	21
gi|448	26357	26585	R=2	+	26547	190	23
gi|448	25167	25394	R=2	+	25357	190	22
gi|448	9046	9268	R=2	-	9059	194	13
gi|448	4852	5075	R=2	+	5045	193	15
gi|448	3743	3973	R=2	+	3937	194	21
gi|448	251	481	R=2	+	442	191	24
gi|447	23346	23459	R=2	-	23367	77	21
gi|447	14986	15214	R=2	+	15176	190	23
gi|447	13808	14035	R=2	+	13998	190	22
gi|440	29658	29885	R=2	-	29680	190	22
gi|440	25470	25692	R=2	-	25483	194	13
gi|440	24694	24801	R=2	+	24771	77	15
gi|440	24138	24359	R=2	-	24153	191	15
gi|440	17596	17711	R=2	+	17680	84	16
gi|440	16616	16835	R=2	-	16630	190	14
gi|440	13331	13445	R=2	+	13408	77	22
gi|440	8207	8425	R=2	-	8221	189	14
gi|440	1644	1749	R=2	+	1720	76	14
gi|432	13439	13554	R=2	+	13523	84	16
gi|432	12459	12678	R=2	-	12473	190	14
gi|432	9208	9322	R=2	+	9285	77	22
gi|432	4090	4308	R=2	-	4104	189	14
gi|414	24614	24836	R=2	+	24808	194	13
gi|414	8505	8732	R=2	-	8527	190	22
gi|414	7314	7542	R=2	-	7337	190	23
gi|409	17437	17664	R=2	-	17458	191	21
gi|409	16431	16538	R=2	+	16508	77	15
gi|409	7266	7379	R=2	+	7343	77	21
gi|409	5363	5579	R=2	-	5378	186	15
gi|396	31918	32136	R=2	-	31932	189	14
gi|396	25356	25462	R=2	+	25433	77	14
gi|396	19799	20029	R=2	-	19823	191	24
gi|396	16309	16539	R=2	-	16330	194	21
gi|396	15210	15432	R=2	-	15225	192	15
gi|396	11016	11238	R=2	+	11210	194	13
gi|374	28796	29026	R=2	-	28817	194	21
gi|374	27694	27917	R=2	-	27709	193	15
gi|374	23500	23722	R=2	+	23694	194	13
gi|374	7375	7602	R=2	-	7397	190	22
gi|374	6197	6425	R=2	-	6220	190	23
gi|341	41540	41768	R=2	+	41730	190	23
gi|341	40362	40589	R=2	+	40552	190	22
gi|341	24255	24477	R=2	-	24268	194	13
gi|341	20061	20284	R=2	+	20254	193	15
gi|341	18952	19182	R=2	+	19146	194	21
gi|341	15460	15690	R=2	+	15651	191	24
gi|341	10023	10129	R=2	-	10037	77	14
gi|341	3350	3568	R=2	+	3539	189	14
gi|336	41376	41489	R=2	+	41453	77	21
gi|336	34014	34239	R=2	+	34200	186	24
gi|336	29244	29472	R=2	-	29267	190	23
gi|336	24634	24867	R=2	-	24658	194	24
gi|336	20191	20422	R=2	-	20215	192	24
gi|336	12293	12523	R=2	-	12314	194	21
gi|336	7933	8046	R=2	+	8010	77	21
gi|336	1975	2197	R=2	-	1988	194	13
gi|336	1199	1306	R=2	+	1276	77	15
gi|336	651	872	R=2	-	666	191	15
gi|317	25335	25565	R=2	+	25529	194	21
gi|317	21843	22073	R=2	+	22034	191	24
gi|317	16410	16516	R=2	-	16424	77	14
gi|317	9772	9990	R=2	+	9961	189	14
gi|317	4745	4859	R=2	-	4767	77	22
gi|317	1389	1608	R=2	+	1579	190	14
gi|317	515	630	R=2	-	531	84	16
gi|309	33821	34038	R=2	-	33835	188	14
gi|309	27257	27363	R=2	+	27334	77	14
gi|309	21703	21932	R=2	-	21727	190	24
gi|309	18210	18442	R=2	-	18231	196	21
gi|309	17108	17331	R=2	-	17123	193	15
gi|309	12916	13138	R=2	+	13110	194	13
gi|302	31198	31304	R=2	-	31212	77	14
gi|302	24522	24740	R=2	+	24711	189	14
gi|302	19505	19619	R=2	-	19527	77	22
gi|302	16231	16450	R=2	+	16421	190	14
gi|302	15355	15470	R=2	-	15371	84	16
gi|302	8709	8930	R=2	+	8900	191	15
gi|302	8275	8382	R=2	-	8290	77	15
gi|302	7384	7606	R=2	+	7578	194	13
gi|302	1535	1648	R=2	-	1556	77	21
gi|282	28511	28624	R=2	+	28588	77	21
gi|282	23110	23329	R=2	+	23300	190	14
gi|282	16734	16965	R=2	-	16758	192	24
gi|282	1195	1422	R=2	-	1217	190	22
gi|282	4	232	R=2	-	27	190	23
gi|252	28524	28630	R=2	+	28601	77	14
gi|252	22964	23194	R=2	-	22988	191	24
gi|252	19472	19701	R=2	-	19493	193	21
gi|252	18367	18591	R=2	-	18382	194	15
gi|252	14174	14396	R=2	+	14368	194	13
gi|240	33565	33679	R=2	+	33642	77	22
gi|240	28447	28665	R=2	-	28461	189	14
gi|240	21884	21990	R=2	+	21961	77	14
gi|240	16328	16558	R=2	-	16352	191	24
gi|240	12834	13064	R=2	-	12855	194	21
gi|240	11730	11953	R=2	-	11745	193	15
gi|240	7536	7759	R=2	+	7731	195	13
gi|233	30332	30553	R=2	-	30345	193	13
gi|233	29556	29665	R=2	+	29635	79	15
gi|233	29007	29228	R=2	-	29022	191	15
gi|233	22466	22581	R=2	+	22550	84	16
gi|233	21486	21705	R=2	-	21500	190	14
gi|233	18226	18340	R=2	+	18303	77	22
gi|233	13106	13324	R=2	-	13120	189	14
gi|233	6543	6649	R=2	+	6620	77	14
gi|233	994	1222	R=2	-	1018	189	24
gi|232	21454	21681	R=2	-	21476	190	22
gi|232	20263	20491	R=2	-	20286	190	23
gi|232	12030	12143	R=2	+	12107	77	21
gi|232	6628	6847	R=2	+	6818	190	14
gi|232	263	494	R=2	-	287	192	24
gi|216	22990	23214	R=2	+	23177	187	22
gi|216	6894	7116	R=2	-	6907	194	13
gi|216	2702	2925	R=2	+	2895	193	15
gi|216	1595	1825	R=2	+	1789	194	21
gi|211	36959	37189	R=2	-	36980	194	21
gi|211	32599	32712	R=2	+	32676	77	21
gi|211	26643	26865	R=2	-	26656	194	13
gi|211	25867	25974	R=2	+	25944	77	15
gi|211	25319	25540	R=2	-	25334	191	15
gi|211	18775	18890	R=2	+	18859	84	16
gi|211	17795	18014	R=2	-	17809	190	14
gi|211	14506	14620	R=2	+	14583	77	22
gi|211	9386	9604	R=2	-	9400	189	14
gi|211	2822	2928	R=2	+	2899	77	14
gi|198	25760	25866	R=2	+	25837	77	14
gi|198	20203	20433	R=2	-	20227	191	24
gi|198	16712	16942	R=2	-	16733	194	21
gi|198	15610	15833	R=2	-	15625	193	15
gi|198	11416	11638	R=2	+	11610	194	13
gi|193	14556	14783	R=2	-	14578	190	22
gi|193	13378	13605	R=2	-	13401	189	23
gi|193	5132	5245	R=2	+	5209	77	21
gi|191	40284	40511	R=2	+	40474	190	22
gi|191	19965	20188	R=2	+	20158	193	15
gi|191	18856	19086	R=2	+	19050	194	21
gi|191	15364	15594	R=2	+	15555	191	24
gi|191	9929	10036	R=2	-	9943	78	14
gi|191	3263	3481	R=2	+	3452	189	14
gi|186	19593	19816	R=2	-	19607	194	14
gi|186	16182	16400	R=2	+	16372	190	13
gi|186	14771	14883	R=2	+	14855	84	13
gi|186	8318	8431	R=2	+	8395	77	21
gi|186	952	1177	R=2	+	1138	186	24
gi|184	8487	8714	R=2	-	8509	190	22
gi|184	7296	7524	R=2	-	7319	190	23
gi|157	29668	29889	R=2	+	29861	193	13
gi|157	13555	13782	R=2	-	13577	190	22
gi|157	12376	12604	R=2	-	12399	190	23
gi|157	4130	4244	R=2	+	4208	78	21
gi|149	41287	41400	R=2	-	41308	77	21
gi|149	32934	33162	R=2	+	33124	190	23
gi|149	31745	31971	R=2	+	31934	189	22
gi|149	15622	15844	R=2	-	15635	194	13
gi|149	11428	11651	R=2	+	11621	193	15
gi|149	10319	10549	R=2	+	10513	194	21
gi|149	6826	7056	R=2	+	7017	191	24
gi|149	1391	1497	R=2	-	1405	77	14
gi|138	20869	21099	R=2	-	20893	191	24
gi|138	17378	17608	R=2	-	17399	194	21
gi|138	16276	16499	R=2	-	16291	193	15
gi|138	12086	12306	R=2	+	12278	192	13
gi|137	21336	21563	R=2	-	21354	194	18
gi|137	15545	15768	R=2	-	15559	194	14
gi|137	12130	12348	R=2	+	12320	190	13
gi|137	10718	10830	R=2	+	10802	84	13
gi|137	4264	4377	R=2	+	4341	77	21
gi|115	842	1064	R=2	-	857	192	15
gi|108	1153	1375	R=2	-	1166	194	13
gi|108	377	484	R=2	+	454	77	15
gi|100	30377	30607	R=2	-	30398	194	21
gi|100	26019	26132	R=2	+	26096	77	21
gi|100	20060	20282	R=2	-	20073	194	13
gi|100	19284	19391	R=2	+	19361	77	15
gi|100	18737	18958	R=2	-	18752	191	15
gi|100	12195	12310	R=2	+	12279	84	16
gi|100	11215	11434	R=2	-	11229	190	14
gi|100	7960	8074	R=2	+	8037	77	22
gi|100	2837	3055	R=2	-	2851	189	14
gi|95	28130	28360	R=2	+	28324	194	21
gi|95	24641	24871	R=2	+	24832	191	24
gi|95	19222	19328	R=2	-	19236	77	14
gi|95	12553	12771	R=2	+	12742	189	14
gi|95	7536	7650	R=2	-	7558	77	22
gi|95	4180	4399	R=2	+	4370	190	14
gi|95	3305	3420	R=2	-	3321	84	16
gi|94	42530	42636	R=2	-	42544	77	14
gi|94	35856	36073	R=2	+	36044	188	14
gi|94	30846	30960	R=2	-	30868	77	22
gi|94	27490	27709	R=2	+	27680	190	14
gi|94	26614	26729	R=2	-	26630	84	16
gi|94	19964	20185	R=2	+	20155	191	15
gi|94	19530	19637	R=2	-	19545	77	15
gi|94	18639	18861	R=2	+	18833	194	13
gi|94	12813	12926	R=2	-	12834	77	21
gi|94	8338	8568	R=2	+	8532	194	21
gi|94	439	670	R=2	+	631	192	24
gi|82	700	813	R=2	+	777	77	21
gi|51	13559	13786	R=2	-	13581	190	22
gi|51	12368	12596	R=2	-	12391	190	23
gi|51	4123	4236	R=2	+	4200	77	21
gi|49	35869	35983	R=2	+	35946	77	22
gi|49	30746	30964	R=2	-	30760	189	14
gi|49	24217	24323	R=2	+	24294	77	14
gi|49	18660	18890	R=2	-	18684	191	24
gi|49	15167	15397	R=2	-	15188	194	21
gi|49	14065	14288	R=2	-	14080	193	15
gi|49	9872	10094	R=2	+	10066	194	13
gi|36	21794	22023	R=2	-	21818	190	24
gi|36	19177	19406	R=2	+	19367	190	24
gi|36	9777	10004	R=2	-	9798	191	21
gi|36	8771	8878	R=2	+	8848	77	15
gi|28	30151	30264	R=2	+	30228	77	21
gi|28	24197	24419	R=2	-	24210	194	13
gi|28	23421	23528	R=2	+	23498	77	15
gi|28	22873	23094	R=2	-	22888	191	15
gi|28	16331	16446	R=2	+	16415	84	16
gi|28	15351	15570	R=2	-	15365	190	14
gi|28	12103	12217	R=2	+	12180	77	22
gi|28	6986	7203	R=2	-	7000	188	14
gi|28	420	526	R=2	+	497	77	14
gi|21	30376	30594	R=2	+	30565	189	14
gi|21	25349	25463	R=2	-	25371	77	22
gi|21	21989	22208	R=2	+	22179	190	14
gi|21	21113	21228	R=2	-	21129	84	16
gi|21	14467	14688	R=2	+	14658	191	15
gi|21	14033	14140	R=2	-	14048	77	15
gi|21	13142	13364	R=2	+	13336	194	13
gi|21	7310	7423	R=2	-	7331	77	21
gi|21	2833	3063	R=2	+	3027	194	21
gi|1031	22658	23081	R=3	-	22847	219	189
gi|1031	22658	23081	R=3	+	22737	79	329
gi|1031	4677	5043	R=3	+	4798	121	230
gi|1030	31476	31844	R=3	-	31707	122	231
gi|1030	31476	31844	R=3	+	31598	122	231
gi|1028	23947	24304	R=3	-	24173	116	226
gi|1028	23947	24304	R=3	+	24063	116	226
gi|1023	5949	6196	R=3	-	6060	121	111
gi|1023	5949	6196	R=3	+	5950	1	231
gi|1016	21784	22141	R=3	-	22010	116	226
gi|1016	21784	22141	R=3	+	21900	116	226
gi|1016	12348	12705	R=3	-	12574	116	226
gi|1016	12348	12705	R=3	+	12464	116	226
gi|1011	25240	25585	R=3	-	25569	1	329
gi|1011	25240	25585	R=3	+	25459	219	111
gi|1011	4936	5304	R=3	-	5168	121	232
gi|1011	4936	5304	R=3	+	5058	122	231
gi|991	16393	16610	R=3	-	16549	46	156
gi|991	16393	16610	R=3	+	16439	46	156
gi|990	3491	3594	R=3	-	3571	8	80
gi|990	3356	3457	R=3	+	3364	8	78
gi|982	26537	26945	R=3	-	26868	62	331
gi|982	26537	26946	R=3	+	26758	221	173
gi|979	18907	19475	R=3	-	19238	222	331
gi|979	18907	19475	R=3	+	19128	221	332
gi|965	12348	12562	R=3	-	12501	46	153
gi|965	12348	12562	R=3	+	12391	43	156
gi|962	1735	2304	R=3	-	2067	222	332
gi|962	1735	2304	R=3	+	1957	222	332
gi|959	38474	38682	R=3	+	38588	114	79
gi|959	3390	3581	R=3	-	3565	1	175
gi|959	3390	3581	R=3	+	3455	65	111
gi|951	15164	15308	R=3	-	15177	116	13
gi|951	13260	13476	R=3	+	13376	116	85
gi|941	25273	25374	R=3	-	25294	65	21
gi|941	25055	25156	R=3	+	25120	65	21
gi|941	24493	24845	R=3	-	24716	114	223
gi|941	24493	24845	R=3	+	24607	114	223
gi|939	10381	10948	R=3	-	10712	221	331
gi|939	10381	10948	R=3	+	10602	221	331
gi|938	37088	37188	R=3	-	37168	5	80
gi|938	7006	7354	R=3	-	7117	222	111
gi|938	7006	7354	R=3	+	7007	1	332
gi|938	5572	6125	R=3	-	5889	221	317
gi|938	5572	6125	R=3	+	5779	207	331
gi|938	4054	4621	R=3	-	4385	221	331
gi|938	4054	4621	R=3	+	4275	221	331
gi|937	15475	16040	R=3	-	15804	221	329
gi|937	15475	16040	R=3	+	15696	221	329
gi|936	32362	32608	R=3	-	32472	121	110
gi|936	32362	32608	R=3	+	32363	1	230
gi|931	27482	27699	R=3	-	27638	46	156
gi|931	27482	27699	R=3	+	27528	46	156
gi|924	3621	3722	R=3	+	3686	65	21
gi|893	2763	3332	R=3	-	3095	222	332
gi|893	2763	3332	R=3	+	2985	222	332
gi|886	19321	19888	R=3	-	19652	221	331
gi|886	19321	19888	R=3	+	19542	221	331
gi|882	29993	30290	R=3	-	30055	220	62
gi|882	8686	9156	R=3	-	9017	124	331
gi|882	8686	9156	R=3	+	8907	221	234
gi|879	1331	1898	R=3	-	1662	221	331
gi|879	1331	1898	R=3	+	1552	221	331
gi|874	8909	9278	R=3	-	9141	122	232
gi|874	8909	9278	R=3	+	9031	122	232
gi|869	21936	22039	R=3	-	22016	8	80
gi|869	21812	21913	R=3	+	21820	8	78
gi|864	29029	29181	R=3	-	29140	26	111
gi|864	29004	29156	R=3	+	29030	26	111
gi|855	20434	20535	R=3	-	20455	65	21
gi|855	20216	20317	R=3	+	20281	65	21
gi|853	37332	37672	R=3	-	37436	221	104
gi|841	0	327	R=3	-	190	122	190
gi|841	0	327	R=3	+	81	81	231
gi|838	13831	14317	R=3	+	14051	220	251
gi|838	7785	8152	R=3	-	8015	122	230
gi|838	7785	8152	R=3	+	7907	122	230
gi|834	21452	21610	R=3	+	21517	65	78
gi|831	6679	6930	R=3	-	6790	125	111
gi|831	6679	6930	R=3	+	6680	1	235
gi|831	4118	4270	R=3	-	4229	26	111
gi|831	4093	4245	R=3	+	4119	26	111
gi|830	18457	18615	R=3	-	18535	65	78
gi|830	18263	18423	R=3	+	18328	65	80
gi|806	11046	11613	R=3	-	11377	221	331
gi|806	11046	11613	R=3	+	11267	221	331
gi|805	2673	2774	R=3	-	2694	65	21
gi|805	2455	2556	R=3	+	2520	65	21
gi|805	1484	1701	R=3	-	1640	46	156
gi|805	1484	1701	R=3	+	1530	46	156
gi|802	16505	16681	R=3	-	16640	26	135
gi|802	16505	16656	R=3	+	16530	25	111
gi|802	12049	12150	R=3	-	12070	65	21
gi|802	11831	11932	R=3	+	11896	65	21
gi|802	9440	9624	R=3	+	9466	26	143
gi|802	7392	7576	R=3	-	7535	26	143
gi|802	2020	2587	R=3	-	2351	221	331
gi|802	2020	2587	R=3	+	2241	221	331
gi|798	36113	36216	R=3	-	36193	8	80
gi|798	35978	36079	R=3	+	35986	8	78
gi|798	33318	33419	R=3	-	33339	65	21
gi|798	33170	33271	R=3	+	33235	65	21
gi|794	34899	35256	R=3	-	35125	116	226
gi|794	34899	35256	R=3	+	35015	116	226
gi|780	30649	30750	R=3	-	30670	65	21
gi|780	30431	30532	R=3	+	30496	65	21
gi|778	37200	37557	R=3	-	37426	116	226
gi|778	37200	37557	R=3	+	37316	116	226
gi|774	3118	3499	R=3	-	3356	128	238
gi|774	3118	3499	R=3	+	3246	128	238
gi|774	771	872	R=3	-	849	8	78
gi|774	634	737	R=3	+	642	8	80
gi|760	33638	34205	R=3	-	33968	222	330
gi|760	33638	34205	R=3	+	33858	220	332
gi|759	2539	2908	R=3	-	2771	122	232
gi|759	2539	2908	R=3	+	2661	122	232
gi|757	28925	29028	R=3	-	29005	8	80
gi|757	28790	28891	R=3	+	28798	8	78
gi|757	26447	26548	R=3	-	26468	65	21
gi|757	26229	26330	R=3	+	26294	65	21
gi|757	19547	20112	R=3	-	19876	221	329
gi|757	19547	20112	R=3	+	19768	221	329
gi|741	29391	29760	R=3	-	29623	122	232
gi|741	29391	29760	R=3	+	29513	122	232
gi|739	4289	4441	R=3	-	4400	26	111
gi|739	4264	4416	R=3	+	4290	26	111
gi|737	37611	38176	R=3	-	37940	221	329
gi|737	37611	38176	R=3	+	37831	220	330
gi|732	29399	29968	R=3	-	29731	222	332
gi|732	29399	29968	R=3	+	29621	222	332
gi|730	22607	22708	R=3	-	22628	65	21
gi|730	22389	22490	R=3	+	22454	65	21
gi|726	34618	35185	R=3	-	34949	221	331
gi|726	34618	35185	R=3	+	34839	221	331
gi|726	28144	28420	R=3	-	28354	51	210
gi|726	28144	28420	R=3	+	28244	100	161
gi|722	462	614	R=3	-	573	26	111
gi|722	437	589	R=3	+	463	26	111
gi|716	11284	11749	R=3	-	11513	221	229
gi|716	11284	11749	R=3	+	11404	120	330
gi|714	27621	28188	R=3	-	27952	221	331
gi|714	27621	28188	R=3	+	27842	221	331
gi|713	4262	4389	R=3	-	4373	1	111
gi|713	4262	4389	R=3	+	4263	1	111
gi|713	466	618	R=3	-	577	26	111
gi|713	441	593	R=3	+	467	26	111
gi|706	3562	3930	R=3	-	3794	121	232
gi|706	3562	3930	R=3	+	3684	122	231
gi|699	28334	28474	R=3	-	28343	116	9
gi|699	28127	28343	R=3	+	28244	117	84
gi|699	22502	23069	R=3	-	22833	221	331
gi|699	22502	23069	R=3	+	22723	221	331
gi|699	16422	16588	R=3	+	16543	121	30
gi|699	14693	14795	R=3	-	14714	66	21
gi|693	28315	28415	R=3	+	28320	5	80
gi|691	20826	20978	R=3	-	20937	26	111
gi|691	20801	20953	R=3	+	20827	26	111
gi|690	6592	7157	R=3	-	6922	220	330
gi|690	6592	7157	R=3	+	6813	221	329
gi|684	33963	34529	R=3	+	34184	221	330
gi|684	5241	5809	R=3	-	5573	221	332
gi|684	5241	5809	R=3	+	5463	222	331
gi|678	31965	32530	R=3	-	32294	221	329
gi|678	31965	32530	R=3	+	32186	221	329
gi|677	38703	38882	R=3	-	38745	122	42
gi|677	38524	38700	R=3	+	38646	122	39
gi|677	32786	33143	R=3	-	33012	116	226
gi|677	32786	33143	R=3	+	32902	116	226
gi|670	17902	18003	R=3	-	17923	65	21
gi|670	17684	17785	R=3	+	17749	65	21
gi|670	12791	12892	R=3	+	12856	65	21
gi|670	11176	11435	R=3	-	11199	221	23
gi|667	16320	16691	R=3	-	16553	123	233
gi|667	16320	16691	R=3	+	16443	123	233
gi|667	26	127	R=3	-	47	65	21
gi|655	27471	28033	R=3	-	27799	219	328
gi|655	27471	28033	R=3	+	27690	219	328
gi|655	26527	26897	R=3	-	26759	123	232
gi|655	26527	26897	R=3	+	26649	122	233
gi|655	4122	4369	R=3	-	4241	113	119
gi|655	4127	4369	R=3	+	4133	6	221
gi|649	30921	31486	R=3	-	31250	221	329
gi|649	30921	31486	R=3	+	31142	221	329
gi|649	25943	26402	R=3	-	26274	113	331
gi|649	25943	26402	R=3	+	26164	221	223
gi|649	22543	22674	R=3	-	22623	36	80
gi|618	39808	39909	R=3	+	39873	65	21
gi|618	36755	37079	R=3	-	36843	221	88
gi|618	21167	21381	R=3	-	21323	43	156
gi|618	21167	21381	R=3	+	21213	46	153
gi|614	39900	40000	R=3	+	39905	5	80
gi|614	36059	36416	R=3	-	36285	116	226
gi|614	36059	36416	R=3	+	36175	116	226
gi|610	9795	9896	R=3	-	9816	65	21
gi|610	9577	9678	R=3	+	9642	65	21
gi|604	10055	10213	R=3	-	10133	65	78
gi|604	9861	10021	R=3	+	9926	65	80
gi|604	8814	8975	R=3	-	8895	65	81
gi|598	6613	6713	R=3	+	6618	5	80
gi|592	31206	31530	R=3	+	31427	221	88
gi|592	28374	28475	R=3	-	28395	65	21
gi|592	28156	28257	R=3	+	28221	65	21
gi|592	25427	25798	R=3	-	25660	123	233
gi|592	25427	25798	R=3	+	25550	123	233
gi|587	17496	17596	R=3	+	17501	5	80
gi|584	12770	13339	R=3	-	13102	222	332
gi|584	12770	13339	R=3	+	12992	222	332
gi|578	32462	32810	R=3	-	32794	1	332
gi|578	32462	32810	R=3	+	32684	222	111
gi|578	29566	29813	R=3	-	29577	221	11
gi|578	29331	29579	R=3	+	29553	222	11
gi|578	18029	18146	R=3	+	18034	5	97
gi|576	3216	3785	R=3	-	3548	222	332
gi|576	3216	3785	R=3	+	3438	222	332
gi|569	27179	27747	R=3	-	27510	222	331
gi|569	27179	27747	R=3	+	27400	221	332
gi|565	8188	8313	R=3	+	8214	26	84
gi|565	3586	3738	R=3	-	3697	26	111
gi|565	3561	3713	R=3	+	3587	26	111
gi|562	29856	30295	R=3	-	30186	94	330
gi|562	29856	30295	R=3	+	30076	220	204
gi|561	32904	33007	R=3	-	32984	8	80
gi|561	32769	32870	R=3	+	32777	8	78
gi|561	27313	27775	R=3	-	27539	221	226
gi|561	27313	27775	R=3	+	27429	116	331
gi|561	24691	24843	R=3	-	24802	26	111
gi|561	24666	24818	R=3	+	24692	26	111
gi|561	15375	15942	R=3	-	15706	221	331
gi|561	10030	10599	R=3	-	10362	222	332
gi|546	25196	25565	R=3	-	25428	122	232
gi|546	25196	25565	R=3	+	25318	122	232
gi|546	22356	22508	R=3	-	22467	26	111
gi|546	22331	22483	R=3	+	22357	26	111
gi|546	18110	18509	R=3	-	18443	51	333
gi|546	18110	18509	R=3	+	18333	223	161
gi|546	15561	16128	R=3	-	15892	221	331
gi|546	15561	16128	R=3	+	15782	221	331
gi|546	8225	8592	R=3	-	8456	121	231
gi|546	8225	8592	R=3	+	8346	121	231
gi|546	4754	5162	R=3	-	5085	62	331
gi|546	4754	5163	R=3	+	4975	221	173
gi|544	29912	30479	R=3	-	30243	221	331
gi|544	29912	30479	R=3	+	30133	221	331
gi|539	4760	5130	R=3	-	4992	123	232
gi|539	4760	5130	R=3	+	4882	122	233
gi|535	37909	38476	R=3	-	38240	221	331
gi|535	37909	38476	R=3	+	38130	221	331
gi|535	25892	26230	R=3	+	26113	221	102
gi|535	24464	24565	R=3	-	24485	65	21
gi|535	24246	24347	R=3	+	24311	65	21
gi|535	20998	21565	R=3	-	21328	222	330
gi|535	20998	21565	R=3	+	21218	220	332
gi|528	1096	1453	R=3	-	1322	116	226
gi|528	1096	1453	R=3	+	1212	116	226
gi|527	17654	18221	R=3	-	17986	220	332
gi|527	17654	18221	R=3	+	17874	220	332
gi|525	27158	27527	R=3	-	27390	122	232
gi|525	27158	27527	R=3	+	27280	122	232
gi|523	73	430	R=3	+	189	116	226
gi|521	18926	19291	R=3	-	19155	121	229
gi|521	18926	19291	R=3	+	19047	121	229
gi|521	9694	10050	R=3	-	9920	115	226
gi|521	9694	10050	R=3	+	9810	116	225
gi|521	4073	4315	R=3	-	4184	116	111
gi|521	3968	4111	R=3	+	4084	116	12
gi|517	16332	16900	R=3	-	16663	222	331
gi|517	16332	16900	R=3	+	16554	222	331
gi|517	13010	13367	R=3	-	13236	116	226
gi|517	13010	13367	R=3	+	13126	116	226
gi|516	24042	24194	R=3	-	24153	26	111
gi|516	24017	24169	R=3	+	24043	26	111
gi|512	39807	39907	R=3	-	39887	5	80
gi|500	3890	4247	R=3	-	4116	116	226
gi|496	27894	28261	R=3	-	28125	121	231
gi|496	27894	28261	R=3	+	28015	121	231
gi|481	9133	9310	R=3	-	9269	26	136
gi|481	9133	9310	R=3	+	9159	26	136
gi|478	28375	28475	R=3	+	28380	5	80
gi|478	2691	2811	R=3	-	2791	5	100
gi|465	13241	13804	R=3	-	13570	219	329
gi|465	13241	13804	R=3	+	13460	219	329
gi|465	9430	9590	R=3	-	9510	65	80
gi|465	9295	9396	R=3	+	9303	8	78
gi|465	7121	7327	R=3	-	7193	119	72
gi|465	6974	7120	R=3	+	7093	119	12
gi|465	2175	2334	R=3	-	2254	65	79
gi|465	2040	2142	R=3	+	2048	8	79
gi|465	249	812	R=3	-	578	219	329
gi|465	249	812	R=3	+	468	219	329
gi|464	6802	6954	R=3	-	6913	26	111
gi|464	6777	6929	R=3	+	6803	26	111
gi|463	25679	26046	R=3	-	25910	121	231
gi|463	25679	26046	R=3	+	25801	122	230
gi|463	4776	4935	R=3	-	4855	65	79
gi|463	4584	4742	R=3	+	4649	65	78
gi|461	20405	20506	R=3	-	20426	65	21
gi|461	20187	20288	R=3	+	20252	65	21
gi|457	16839	16991	R=3	-	16950	26	111
gi|457	16814	16966	R=3	+	16840	26	111
gi|449	26497	27064	R=3	-	26828	221	331
gi|449	26497	27064	R=3	+	26718	221	331
gi|430	1437	1806	R=3	-	1669	122	232
gi|430	1437	1806	R=3	+	1559	122	232
gi|429	24591	24946	R=3	+	24706	115	225
gi|429	2819	3387	R=3	-	3150	222	331
gi|429	2819	3387	R=3	+	3041	222	331
gi|426	33177	33547	R=3	-	33410	122	233
gi|426	33177	33547	R=3	+	33300	123	232
gi|426	30706	30807	R=3	+	30771	65	21
gi|424	6100	6354	R=3	-	6118	221	18
gi|424	5800	6105	R=3	+	6020	220	70
gi|424	3820	4330	R=3	+	4041	221	274
gi|424	2203	2410	R=3	-	2354	41	151
gi|424	2203	2410	R=3	+	2244	41	151
gi|413	1283	1384	R=3	-	1304	65	21
gi|413	1065	1166	R=3	+	1130	65	21
gi|412	38604	39171	R=3	-	38934	222	330
gi|412	38604	39171	R=3	+	38824	220	332
gi|412	35345	35445	R=3	-	35425	5	80
gi|408	26810	27377	R=3	-	27141	221	331
gi|408	26810	27377	R=3	+	27031	221	331
gi|399	17191	17758	R=3	-	17522	221	331
gi|399	17191	17758	R=3	+	17412	221	331
gi|380	12583	12684	R=3	+	12648	65	21
gi|373	35984	36341	R=3	-	36210	116	226
gi|373	35984	36341	R=3	+	36100	116	226
gi|363	36197	36297	R=3	-	36274	8	77
gi|363	36060	36163	R=3	+	36068	8	80
gi|361	29356	29483	R=3	-	29467	1	111
gi|361	29356	29483	R=3	+	29357	1	111
gi|361	26096	26254	R=3	-	26174	65	78
gi|361	25959	26062	R=3	+	25967	8	80
gi|361	21686	22253	R=3	-	22017	221	331
gi|361	21686	22253	R=3	+	21907	221	331
gi|361	20289	20449	R=3	-	20369	65	80
gi|361	5904	6471	R=3	-	6235	221	331
gi|361	5904	6471	R=3	+	6125	221	331
gi|357	18220	18321	R=3	-	18298	8	78
gi|357	18037	18197	R=3	+	18102	65	80
gi|353	34633	34850	R=3	-	34789	46	156
gi|353	34633	34850	R=3	+	34679	46	156
gi|353	16901	17028	R=3	-	17012	1	111
gi|353	16901	17028	R=3	+	16902	1	111
gi|350	26386	26953	R=3	-	26716	222	330
gi|350	26386	26953	R=3	+	26606	220	332
gi|340	18256	18408	R=3	-	18367	26	111
gi|340	18231	18383	R=3	+	18257	26	111
gi|340	8704	8856	R=3	+	8730	26	111
gi|331	32212	32313	R=3	-	32233	65	21
gi|331	31994	32095	R=3	+	32059	65	21
gi|331	26711	27277	R=3	-	27041	221	330
gi|331	26711	27277	R=3	+	26932	221	330
gi|327	39620	39988	R=3	-	39851	122	231
gi|327	39620	39988	R=3	+	39741	121	232
gi|327	21728	21937	R=3	-	21800	122	72
gi|315	21382	21733	R=3	-	21605	113	223
gi|315	21382	21733	R=3	+	21495	113	223
gi|315	2782	2941	R=3	-	2861	65	79
gi|315	2590	2748	R=3	+	2655	65	78
gi|307	35042	35609	R=3	-	35373	221	331
gi|307	35042	35609	R=3	+	35263	221	331
gi|298	12168	12525	R=3	-	12394	116	226
gi|298	12168	12525	R=3	+	12284	116	226
gi|298	5984	6341	R=3	-	6210	116	226
gi|298	5984	6341	R=3	+	6100	116	226
gi|294	15265	15366	R=3	-	15286	65	21
gi|294	15047	15148	R=3	+	15112	65	21
gi|294	12031	12132	R=3	-	12052	65	21
gi|294	11813	11914	R=3	+	11878	65	21
gi|293	26526	27092	R=3	-	26856	221	330
gi|293	26526	27092	R=3	+	26747	221	330
gi|293	14385	14952	R=3	-	14716	221	331
gi|293	14385	14952	R=3	+	14606	221	331
gi|293	12430	12787	R=3	-	12656	116	226
gi|293	12430	12787	R=3	+	12546	116	226
gi|293	3007	3575	R=3	-	3338	222	331
gi|293	3007	3575	R=3	+	3228	221	332
gi|287	28976	29153	R=3	-	29112	26	136
gi|287	28976	29128	R=3	+	29002	26	111
gi|280	34872	35440	R=3	-	35204	221	332
gi|280	34872	35440	R=3	+	35094	222	331
gi|280	33628	33997	R=3	-	33860	122	232
gi|280	33628	33997	R=3	+	33750	122	232
gi|280	23374	23941	R=3	-	23705	221	331
gi|280	23374	23941	R=3	+	23595	221	331
gi|280	12658	12956	R=3	-	12825	116	167
gi|280	12588	12956	R=3	+	12710	122	231
gi|278	25098	25225	R=3	-	25209	1	111
gi|278	25098	25225	R=3	+	25099	1	111
gi|278	18320	18881	R=3	-	18648	218	328
gi|278	18320	18881	R=3	+	18539	219	327
gi|277	31087	31340	R=3	-	31104	221	17
gi|277	30815	31090	R=3	+	31036	221	39
gi|277	24285	24645	R=3	-	24515	115	230
gi|277	24285	24645	R=3	+	24406	121	224
gi|271	15797	15957	R=3	-	15877	65	80
gi|271	15605	15763	R=3	+	15670	65	78
gi|271	14020	14585	R=3	-	14350	220	330
gi|271	14020	14585	R=3	+	14241	221	329
gi|271	12895	12996	R=3	-	12916	65	21
gi|271	12677	12778	R=3	+	12742	65	21
gi|271	10486	11054	R=3	-	10817	222	331
gi|271	10486	11054	R=3	+	10707	221	332
gi|268	11893	12045	R=3	-	12004	26	111
gi|268	11868	12020	R=3	+	11894	26	111
gi|268	7169	7327	R=3	-	7247	65	78
gi|268	6975	7135	R=3	+	7040	65	80
gi|264	39492	40001	R=3	-	39823	163	331
gi|264	39492	40001	R=3	+	39713	221	273
gi|257	6189	6290	R=3	-	6210	65	21
gi|257	5971	6072	R=3	+	6036	65	21
gi|255	12183	12750	R=3	-	12514	221	331
gi|255	12183	12750	R=3	+	12404	221	331
gi|254	28827	28927	R=3	+	28832	5	80
gi|251	1721	2089	R=3	-	1952	122	231
gi|251	1721	2089	R=3	+	1843	122	231
gi|236	2832	3397	R=3	-	3162	220	330
gi|236	2832	3397	R=3	+	3052	220	330
gi|234	31466	31605	R=3	-	31525	65	59
gi|234	28288	28448	R=3	+	28353	65	80
gi|234	25657	25809	R=3	-	25768	26	111
gi|234	25632	25784	R=3	+	25658	26	111
gi|234	2728	3293	R=3	-	3058	220	330
gi|234	2728	3293	R=3	+	2948	220	330
gi|234	443	905	R=3	+	661	218	229
gi|231	32430	32799	R=3	-	32662	122	232
gi|231	32430	32799	R=3	+	32552	122	232
gi|230	27853	28170	R=3	-	28079	76	226
gi|230	27853	28170	R=3	+	27969	116	186
gi|220	24447	24607	R=3	+	24512	65	80
gi|220	22126	22691	R=3	-	22456	220	330
gi|220	22126	22691	R=3	+	22346	220	330
gi|218	32313	32473	R=3	+	32378	65	80
gi|212	29786	30047	R=3	-	29920	112	134
gi|212	29786	30047	R=3	+	29812	26	220
gi|212	15278	15433	R=3	-	15389	29	111
gi|212	15250	15405	R=3	+	15279	29	111
gi|212	9052	9155	R=3	-	9132	8	80
gi|212	4404	4529	R=3	+	4469	65	45
gi|199	37546	37698	R=3	-	37657	26	111
gi|199	37546	37673	R=3	+	37547	1	111
gi|199	34904	35056	R=3	-	35015	26	111
gi|199	34879	35031	R=3	+	34905	26	111
gi|199	7007	7224	R=3	-	7163	46	156
gi|199	7007	7224	R=3	+	7053	46	156
gi|189	21721	21822	R=3	-	21742	65	21
gi|189	21502	21603	R=3	+	21567	65	21
gi|189	20036	20605	R=3	-	20368	222	332
gi|189	20036	20605	R=3	+	20258	222	332
gi|177	26197	26763	R=3	-	26528	220	331
gi|177	26197	26763	R=3	+	26418	221	330
gi|176	29919	30132	R=3	-	29996	121	77
gi|166	19921	20073	R=3	-	20032	26	111
gi|166	19896	20048	R=3	+	19922	26	111
gi|166	19146	19306	R=3	-	19226	65	80
gi|166	18954	19112	R=3	+	19019	65	78
gi|164	25836	26013	R=3	+	25862	26	136
gi|164	23815	24172	R=3	+	23931	116	226
gi|164	12693	13058	R=3	-	12923	120	230
gi|164	12693	13058	R=3	+	12813	120	230
gi|158	30609	30769	R=3	-	30689	65	80
gi|158	30417	30575	R=3	+	30482	65	78
gi|156	29092	29659	R=3	-	29423	221	331
gi|156	29092	29659	R=3	+	29313	221	331
gi|156	25055	25424	R=3	-	25287	122	232
gi|156	25055	25424	R=3	+	25177	122	232
gi|154	18212	18582	R=3	-	18445	122	233
gi|154	18212	18582	R=3	+	18334	122	233
gi|154	17020	17130	R=3	-	17063	52	43
gi|154	228	355	R=3	-	339	1	111
gi|154	203	355	R=3	+	229	26	111
gi|150	12441	12593	R=3	-	12551	27	110
gi|150	12415	12567	R=3	+	12442	27	110
gi|140	9810	10377	R=3	-	10141	221	331
gi|140	9810	10377	R=3	+	10031	221	331
gi|140	3590	3693	R=3	-	3670	8	80
gi|133	9283	9851	R=3	-	9615	221	332
gi|133	9283	9851	R=3	+	9505	222	331
gi|133	5691	6257	R=3	-	6020	222	329
gi|133	5691	6257	R=3	+	5911	220	331
gi|133	1151	1309	R=3	-	1229	65	78
gi|133	1017	1117	R=3	+	1022	5	80
gi|123	9452	10020	R=3	-	9784	221	332
gi|123	9452	10020	R=3	+	9673	221	332
gi|113	11326	11892	R=3	-	11656	221	330
gi|113	11326	11892	R=3	+	11546	220	331
gi|111	20948	21125	R=3	-	21084	26	136
gi|111	20948	21100	R=3	+	20974	26	111
gi|88	16491	16858	R=3	-	16722	121	231
gi|88	16491	16858	R=3	+	16612	121	231
gi|87	36312	36875	R=3	-	36641	219	329
gi|87	36312	36875	R=3	+	36532	220	328
gi|87	34654	35221	R=3	-	34985	221	331
gi|87	34654	35221	R=3	+	34875	221	331
gi|87	25509	25866	R=3	-	25735	116	226
gi|87	25509	25866	R=3	+	25625	116	226
gi|80	29108	29211	R=3	+	29116	8	80
gi|80	17310	17877	R=3	-	17641	221	331
gi|80	17310	17877	R=3	+	17531	221	331
gi|80	6910	7011	R=3	-	6931	65	21
gi|80	6692	6793	R=3	+	6757	65	21
gi|76	25202	25557	R=3	-	25428	114	226
gi|76	25202	25557	R=3	+	25318	116	224
gi|76	18506	18863	R=3	-	18732	116	226
gi|76	18506	18863	R=3	+	18622	116	226
gi|63	10679	11247	R=3	-	11011	221	332
gi|63	10679	11247	R=3	+	10901	222	331
gi|60	20788	20908	R=3	-	20888	5	100
gi|60	18394	18763	R=3	-	18626	122	232
gi|60	18394	18763	R=3	+	18516	122	232
gi|56	22159	22724	R=3	-	22489	220	330
gi|56	22159	22724	R=3	+	22379	220	330
gi|56	8746	8906	R=3	-	8826	65	80
gi|56	7133	7234	R=3	-	7154	65	21
gi|56	6915	7016	R=3	+	6980	65	21
gi|54	22609	22761	R=3	-	22720	26	111
gi|54	22584	22736	R=3	+	22610	26	111
gi|52	33667	34135	R=3	-	33900	220	233
gi|52	33667	34135	R=3	+	33790	123	330
gi|43	29590	29982	R=3	-	29920	47	330
gi|43	29590	29982	R=3	+	29811	221	156
gi|43	28176	28742	R=3	-	28506	221	330
gi|43	28176	28742	R=3	+	28397	221	330
gi|43	17126	17287	R=3	-	17207	65	81
gi|43	16990	17092	R=3	+	16999	9	78
gi|43	8171	8518	R=3	-	8282	221	111
gi|38	37423	37665	R=3	-	37534	116	111
gi|38	37423	37665	R=3	+	37424	1	226
gi|37	39360	39930	R=3	-	39692	223	332
gi|37	35067	35634	R=3	-	35398	221	331
gi|37	35067	35634	R=3	+	35288	221	331
gi|37	33201	33301	R=3	+	33206	5	80
gi|35	1690	2259	R=3	+	1912	222	332
gi|16	24615	24718	R=3	-	24695	8	80
gi|16	24480	24581	R=3	+	24488	8	78
gi|1044	29184	29292	R=4	+	29257	73	20
gi|1044	19185	19330	R=4	+	19283	98	32
gi|1040	13594	13710	R=4	-	13616	79	22
gi|1040	4393	4538	R=4	+	4491	98	32
gi|1020	26382	26500	R=4	-	26404	81	22
gi|1020	10564	10708	R=4	+	10661	97	32
gi|1000	27868	28012	R=4	+	27965	97	32
gi|1000	14472	14586	R=4	+	14550	78	21
gi|1000	4517	4662	R=4	+	4615	98	32
gi|994	13587	13703	R=4	-	13609	79	22
gi|994	4381	4527	R=4	+	4479	98	33
gi|992	11222	11363	R=4	+	11319	97	29
gi|985	29866	29980	R=4	+	29944	78	21
gi|985	19905	20050	R=4	+	20003	98	32
gi|972	39233	39377	R=4	+	39330	97	32
gi|972	34475	34620	R=4	+	34573	98	32
gi|972	30167	30312	R=4	+	30265	98	32
gi|972	3490	3606	R=4	-	3512	79	22
gi|969	30384	30525	R=4	-	30413	97	29
gi|969	15134	15275	R=4	-	15163	97	29
gi|969	12796	12940	R=4	-	12828	97	32
gi|949	37865	38010	R=4	+	37963	98	32
gi|949	13750	13894	R=4	+	13847	97	32
gi|949	11414	11555	R=4	+	11511	97	29
gi|927	16489	16635	R=4	-	16521	99	32
gi|927	6566	6680	R=4	-	6587	78	21
gi|918	32521	32637	R=4	+	32600	79	22
gi|918	27480	27622	R=4	-	27510	97	30
gi|918	24683	24827	R=4	-	24715	97	32
gi|918	7183	7324	R=4	-	7212	97	29
gi|910	10387	10528	R=4	+	10484	97	29
gi|876	10610	10754	R=4	+	10707	97	32
gi|876	8274	8415	R=4	+	8371	97	29
gi|867	15142	15286	R=4	-	15174	97	32
gi|867	13256	13399	R=4	-	13288	96	32
gi|835	39472	39616	R=4	+	39569	97	32
gi|835	26077	26191	R=4	+	26155	78	21
gi|835	16145	16290	R=4	+	16243	98	32
gi|824	23570	23714	R=4	+	23667	97	32
gi|824	21234	21375	R=4	+	21331	97	29
gi|824	6003	6144	R=4	+	6100	97	29
gi|815	16003	16119	R=4	-	16025	79	22
gi|815	6803	6947	R=4	+	6900	97	32
gi|815	1899	2043	R=4	+	1996	97	32
gi|792	9219	9362	R=4	+	9315	96	32
gi|792	7331	7475	R=4	+	7428	97	32
gi|770	30371	30489	R=4	-	30393	81	22
gi|770	14537	14681	R=4	+	14634	97	32
gi|770	1103	1217	R=4	+	1181	78	21
gi|751	32609	32723	R=4	+	32687	78	21
gi|751	22644	22789	R=4	+	22742	98	32
gi|720	36043	36184	R=4	-	36072	97	29
gi|720	33704	33848	R=4	-	33736	97	32
gi|720	9578	9723	R=4	-	9610	98	32
gi|700	17755	17869	R=4	+	17833	78	21
gi|700	7800	7945	R=4	+	7898	98	32
gi|663	31359	31502	R=4	-	31391	96	32
gi|663	26852	26996	R=4	-	26884	97	32
gi|663	17678	17794	R=4	+	17757	79	22
gi|656	25853	25997	R=4	-	25885	97	32
gi|656	16677	16793	R=4	+	16756	79	22
gi|653	33248	33393	R=4	+	33346	98	32
gi|653	9126	9270	R=4	+	9223	97	32
gi|653	6790	6931	R=4	+	6887	97	29
gi|647	16049	16165	R=4	-	16071	79	22
gi|647	6850	6994	R=4	+	6947	97	32
gi|647	1944	2088	R=4	+	2041	97	32
gi|641	21596	21737	R=4	-	21625	97	29
gi|641	19257	19401	R=4	-	19289	97	32
gi|638	22787	22916	R=4	+	22874	87	27
gi|638	11681	11799	R=4	+	11762	81	22
gi|631	10207	10350	R=4	-	10239	96	32
gi|631	275	389	R=4	-	296	78	21
gi|629	41907	42049	R=4	+	42004	97	30
gi|629	36882	36998	R=4	-	36904	79	22
gi|629	31290	31406	R=4	-	31312	79	22
gi|629	20647	20792	R=4	+	20745	98	32
gi|629	3788	3932	R=4	+	3885	97	32
gi|629	795	913	R=4	-	817	81	22
gi|623	15016	15160	R=4	-	15048	97	32
gi|623	10320	10449	R=4	+	10407	87	27
gi|619	30999	31141	R=4	-	31028	98	29
gi|619	15762	15903	R=4	-	15791	97	29
gi|619	13423	13567	R=4	-	13455	97	32
gi|616	31871	31988	R=4	-	31893	80	22
gi|616	16048	16192	R=4	+	16145	97	32
gi|616	2620	2734	R=4	+	2698	78	21
gi|599	14117	14262	R=4	-	14149	98	32
gi|599	4186	4300	R=4	-	4207	78	21
gi|594	32401	32545	R=4	+	32498	97	32
gi|594	19006	19120	R=4	+	19084	78	21
gi|594	9053	9198	R=4	+	9151	98	32
gi|589	36372	36513	R=4	-	36401	97	29
gi|589	34033	34177	R=4	-	34065	97	32
gi|589	9904	10049	R=4	-	9936	98	32
gi|571	18838	18979	R=4	-	18867	97	29
gi|571	3603	3744	R=4	-	3632	97	29
gi|571	1264	1408	R=4	-	1296	97	32
gi|559	12415	12558	R=4	+	12511	96	32
gi|536	12933	13077	R=4	-	12965	97	32
gi|536	8424	8569	R=4	-	8456	98	32
gi|502	40672	40816	R=4	-	40704	97	32
gi|502	16558	16703	R=4	-	16590	98	32
gi|502	6626	6740	R=4	-	6647	78	21
gi|499	26819	26933	R=4	-	26840	78	21
gi|499	13390	13534	R=4	-	13422	97	32
gi|499	8693	8822	R=4	+	8780	87	27
gi|491	19140	19282	R=4	-	19169	98	29
gi|491	3888	4029	R=4	-	3917	97	29
gi|491	1549	1693	R=4	-	1581	97	32
gi|477	28186	28330	R=4	+	28283	97	32
gi|477	25850	25991	R=4	+	25947	97	29
gi|477	10615	10756	R=4	+	10712	97	29
gi|462	9920	10034	R=4	-	9941	78	21
gi|458	1312	1453	R=4	-	1341	97	29
gi|453	21511	21655	R=4	+	21608	97	32
gi|453	8081	8195	R=4	+	8159	78	21
gi|448	34212	34353	R=4	-	34241	97	29
gi|448	18966	19107	R=4	-	18995	97	29
gi|448	16627	16771	R=4	-	16659	97	32
gi|447	22844	22985	R=4	-	22873	97	29
gi|447	7605	7746	R=4	-	7634	97	29
gi|447	5266	5410	R=4	-	5298	97	32
gi|440	27316	27460	R=4	+	27413	97	32
gi|440	13875	13989	R=4	+	13953	78	21
gi|440	3919	4064	R=4	+	4017	98	32
gi|432	9755	9869	R=4	+	9833	78	21
gi|414	17114	17258	R=4	+	17211	97	32
gi|414	14778	14919	R=4	+	14875	97	29
gi|409	15823	15967	R=4	+	15920	97	32
gi|409	13936	14080	R=4	+	14033	97	32
gi|396	27633	27778	R=4	+	27731	98	32
gi|396	3512	3656	R=4	+	3609	97	32
gi|396	1176	1317	R=4	+	1273	97	29
gi|374	16002	16146	R=4	+	16099	97	32
gi|374	13661	13802	R=4	+	13758	97	29
gi|341	34176	34317	R=4	-	34205	97	29
gi|341	31838	31982	R=4	-	31870	97	32
gi|341	7710	7855	R=4	-	7742	98	32
gi|336	41033	41177	R=4	+	41130	97	32
gi|336	36127	36271	R=4	+	36224	97	32
gi|336	32032	32148	R=4	+	32112	80	21
gi|336	22642	22786	R=4	+	22739	97	32
gi|336	19649	19767	R=4	-	19671	81	22
gi|336	3821	3965	R=4	+	3918	97	32
gi|317	14093	14238	R=4	-	14125	98	32
gi|317	4198	4312	R=4	-	4219	78	21
gi|309	29534	29679	R=4	+	29632	98	32
gi|309	5409	5553	R=4	+	5506	97	32
gi|309	3073	3214	R=4	+	3170	97	29
gi|302	28882	29027	R=4	-	28914	98	32
gi|302	19040	19152	R=4	-	19061	76	21
gi|302	5616	5760	R=4	-	5648	97	32
gi|302	920	1049	R=4	+	1007	87	27
gi|282	9814	9958	R=4	+	9911	97	32
gi|282	7478	7619	R=4	+	7575	97	29
gi|274	1457	1601	R=4	+	1554	97	32
gi|252	30797	30941	R=4	+	30894	97	32
gi|252	6669	6813	R=4	+	6766	97	32
gi|252	4333	4474	R=4	+	4430	97	29
gi|240	34153	34267	R=4	+	34231	78	21
gi|240	24161	24306	R=4	+	24259	98	32
gi|240	30	174	R=4	+	127	97	32
gi|233	18773	18887	R=4	+	18851	78	21
gi|233	8819	8964	R=4	+	8917	98	32
gi|232	30073	30217	R=4	+	30170	97	32
gi|232	27737	27878	R=4	+	27834	97	29
gi|232	12502	12643	R=4	+	12599	97	29
gi|216	16812	16953	R=4	-	16841	97	29
gi|216	14473	14617	R=4	-	14505	97	32
gi|211	28490	28635	R=4	+	28588	98	32
gi|211	15053	15167	R=4	+	15131	78	21
gi|211	5099	5244	R=4	+	5197	98	32
gi|198	28036	28181	R=4	+	28134	98	32
gi|198	3911	4055	R=4	+	4008	97	32
gi|198	1575	1716	R=4	+	1672	97	29
gi|193	23172	23316	R=4	+	23269	97	32
gi|193	20837	20977	R=4	+	20934	97	28
gi|193	5606	5747	R=4	+	5703	97	29
gi|191	34082	34224	R=4	-	34111	98	29
gi|191	31743	31887	R=4	-	31775	97	32
gi|191	7620	7765	R=4	-	7652	98	32
gi|186	17174	17290	R=4	-	17196	79	22
gi|186	7975	8119	R=4	+	8073	98	31
gi|186	3065	3209	R=4	+	3162	97	32
gi|184	17096	17240	R=4	+	17193	97	32
gi|184	14760	14901	R=4	+	14857	97	29
gi|157	22165	22309	R=4	+	22262	97	32
gi|157	19829	19970	R=4	+	19926	97	29
gi|157	4605	4746	R=4	+	4702	97	29
gi|149	40785	40926	R=4	-	40814	97	29
gi|149	25542	25683	R=4	-	25571	97	29
gi|149	23204	23348	R=4	-	23236	97	32
gi|138	4581	4725	R=4	+	4678	97	32
gi|138	2245	2386	R=4	+	2342	97	29
gi|137	13122	13238	R=4	-	13144	79	22
gi|137	3921	4065	R=4	+	4018	97	32
gi|100	21906	22050	R=4	+	22003	97	32
gi|100	8507	8621	R=4	+	8585	78	21
gi|95	16913	17058	R=4	-	16945	98	32
gi|95	6989	7103	R=4	-	7010	78	21
gi|94	40214	40359	R=4	-	40246	98	32
gi|94	30299	30413	R=4	-	30320	78	21
gi|94	16873	17017	R=4	-	16905	97	32
gi|94	12198	12327	R=4	+	12285	87	27
gi|94	1094	1212	R=4	+	1175	81	22
gi|51	19831	19972	R=4	+	19928	97	29
gi|51	4597	4738	R=4	+	4694	97	29
gi|49	36416	36530	R=4	+	36494	78	21
gi|49	26494	26639	R=4	+	26592	98	32
gi|49	2377	2521	R=4	+	2474	97	32
gi|49	40	182	R=4	+	138	98	29
gi|36	8164	8307	R=4	+	8260	96	32
gi|36	6278	6422	R=4	+	6375	97	32
gi|28	26043	26187	R=4	+	26140	97	32
gi|28	12650	12764	R=4	+	12728	78	21
gi|28	2699	2844	R=4	+	2797	98	32
gi|21	34736	34881	R=4	-	34768	98	32
gi|21	24802	24916	R=4	-	24823	78	21
gi|21	11353	11497	R=4	-	11385	97	32
gi|21	6695	6824	R=4	+	6782	87	27
gi|1044	-2	932	R=5	+	907	909	10
gi|1040	18474	18768	R=5	+	18743	269	10
gi|1020	27150	27631	R=5	+	27606	456	10
gi|994	18455	18746	R=5	+	18721	266	10
gi|992	19696	19988	R=5	+	19963	267	10
gi|985	753	1682	R=5	+	1657	904	10
gi|985	1	274	R=5	+	249	248	10
gi|972	36340	36668	R=5	+	36643	303	10
gi|972	19632	19960	R=5	+	19935	303	10
gi|972	8359	8651	R=5	+	8626	267	10
gi|969	21758	22050	R=5	-	21768	267	10
gi|969	7070	7999	R=5	-	7080	904	10
gi|949	18690	19619	R=5	+	19594	904	10
gi|949	8187	18211	R=5	+	18186	9999	10
gi|949	4635	4927	R=5	+	4902	267	10
gi|918	22010	22390	R=5	-	22020	355	10
gi|918	19554	19874	R=5	-	19564	295	10
gi|910	18850	19142	R=5	+	19117	267	10
gi|900	378	671	R=5	+	646	268	10
gi|876	18615	18935	R=5	+	18910	295	10
gi|876	15550	16479	R=5	+	16454	904	10
gi|876	5048	15071	R=5	+	15046	9998	10
gi|876	1516	1808	R=5	+	1783	267	10
gi|824	28510	29440	R=5	+	29415	905	10
gi|824	18007	28031	R=5	+	28006	9999	10
gi|824	14474	14766	R=5	+	14741	267	10
gi|815	20859	21151	R=5	+	21126	267	10
gi|770	31140	31621	R=5	+	31596	456	10
gi|751	3457	4386	R=5	+	4361	904	10
gi|751	0	2977	R=5	+	2952	2952	10
gi|720	29387	39410	R=5	-	29397	9998	10
gi|720	27979	28908	R=5	-	27989	904	10
gi|663	12645	12937	R=5	-	12655	267	10
gi|663	1323	1651	R=5	-	1333	303	10
gi|656	11627	11919	R=5	-	11637	267	10
gi|656	306	634	R=5	-	316	303	10
gi|653	14066	14995	R=5	+	14970	904	10
gi|653	15	307	R=5	+	282	267	10
gi|647	32165	32493	R=5	+	32468	303	10
gi|647	20918	21210	R=5	+	21185	267	10
gi|641	28216	28508	R=5	-	28226	267	10
gi|641	13531	14460	R=5	-	13541	904	10
gi|638	10550	11031	R=5	-	10560	456	10
gi|638	8094	8414	R=5	-	8104	295	10
gi|631	28611	29318	R=5	-	28621	682	10
gi|629	10112	10440	R=5	+	10415	303	10
gi|629	1563	2044	R=5	+	2019	456	10
gi|619	22383	22675	R=5	-	22393	267	10
gi|619	9113	12358	R=5	-	9123	3220	10
gi|619	7705	8634	R=5	-	7715	904	10
gi|589	42977	43269	R=5	-	42987	267	10
gi|589	29716	39737	R=5	-	29726	9996	10
gi|589	28308	29237	R=5	-	28318	904	10
gi|571	31219	31539	R=5	-	31229	295	10
gi|571	10226	10518	R=5	-	10236	267	10
gi|502	36360	41696	R=5	-	36370	5311	10
gi|502	34956	35883	R=5	-	34966	902	10
gi|491	10511	10803	R=5	-	10521	267	10
gi|477	19093	19384	R=5	+	19359	266	10
gi|448	25589	25881	R=5	-	25599	267	10
gi|448	12312	22334	R=5	-	12322	9997	10
gi|448	10904	11833	R=5	-	10914	904	10
gi|447	14230	14522	R=5	-	14240	267	10
gi|440	29228	29463	R=5	+	29438	210	10
gi|414	22050	22979	R=5	+	22954	904	10
gi|414	11550	21572	R=5	+	21547	9997	10
gi|414	8018	8310	R=5	+	8285	267	10
gi|396	8451	9380	R=5	+	9355	904	10
gi|396	1	7972	R=5	+	7947	7946	10
gi|374	20935	21864	R=5	+	21839	904	10
gi|374	10434	20456	R=5	+	20431	9997	10
gi|374	6888	7180	R=5	+	7155	267	10
gi|341	40784	41076	R=5	-	40794	267	10
gi|341	27520	37544	R=5	-	27530	9999	10
gi|341	26113	27041	R=5	-	26123	903	10
gi|336	20417	20898	R=5	+	20873	456	10
gi|309	10349	11278	R=5	+	11253	904	10
gi|309	2	9870	R=5	+	9845	9843	10
gi|282	16411	16731	R=5	+	16706	295	10
gi|282	4251	14275	R=5	+	14250	9999	10
gi|282	708	1000	R=5	+	975	267	10
gi|252	11609	12538	R=5	+	12513	904	10
gi|252	1106	11130	R=5	+	11105	9999	10
gi|240	4969	5899	R=5	+	5874	905	10
gi|240	2	4490	R=5	+	4465	4463	10
gi|232	35013	35942	R=5	+	35917	904	10
gi|232	24512	34534	R=5	+	34509	9997	10
gi|232	20967	21259	R=5	+	21234	267	10
gi|232	3	260	R=5	+	235	232	10
gi|216	10156	20176	R=5	-	10166	9995	10
gi|216	8752	9679	R=5	-	8762	902	10
gi|198	8851	9780	R=5	+	9755	904	10
gi|198	2	8372	R=5	+	8347	8345	10
gi|193	14069	14361	R=5	+	14336	267	10
gi|191	26018	26947	R=5	-	26028	904	10
gi|184	8000	8292	R=5	+	8267	267	10
gi|157	27104	28033	R=5	+	28008	904	10
gi|157	13068	13360	R=5	+	13335	267	10
gi|149	32166	32458	R=5	-	32176	267	10
gi|149	17479	18408	R=5	-	17489	904	10
gi|138	9521	10450	R=5	+	10425	904	10
gi|138	35	9042	R=5	+	9017	8982	10
gi|137	17993	18285	R=5	+	18260	267	10
gi|51	13072	13364	R=5	+	13339	267	10
gi|49	7307	8236	R=5	+	8211	904	10
gi|49	3586	6828	R=5	+	6803	3217	10
gi|1016	22491	22870	R=6	-	22674	181	183
gi|1016	10156	11065	R=6	-	10446	604	290
gi|999	29206	29689	R=6	+	29386	180	288
gi|984	30842	34186	R=6	-	33992	179	3150
gi|984	26426	30830	R=6	-	30652	163	4226
gi|984	23679	25096	R=6	-	23948	1133	269
gi|984	20447	23677	R=6	-	20716	2946	269
gi|979	20579	21579	R=6	+	21278	699	286
gi|979	14389	14894	R=6	+	14570	181	309
gi|965	26428	27266	R=6	+	27033	605	218
gi|965	20729	21143	R=6	+	20910	181	218
gi|944	23409	24865	R=6	+	24562	1153	288
gi|944	18251	18736	R=6	+	18431	180	290
gi|941	21837	24358	R=6	+	24071	2234	272
gi|941	10564	14638	R=6	+	10744	180	3879
gi|941	-3	3957	R=6	+	3657	3660	285
gi|939	9801	10285	R=6	+	9981	180	289
gi|938	2517	3973	R=6	+	3671	1154	287
gi|923	3425	3927	R=6	-	3735	177	310
gi|915	19851	22261	R=6	+	21977	2126	269
gi|915	15700	19871	R=6	+	15881	181	3975
gi|906	29651	34787	R=6	-	34590	182	4939
gi|906	28219	34364	R=6	-	28488	5861	269
gi|886	24975	25255	R=6	+	25154	179	86
gi|882	36988	37451	R=6	+	37167	179	269
gi|882	13439	14329	R=6	-	13709	605	270
gi|879	9237	13384	R=6	-	13214	155	3977
gi|879	6852	8651	R=6	-	7121	1515	269
gi|875	33880	34884	R=6	+	34582	702	287
gi|875	27690	28194	R=6	+	27870	180	309
gi|874	31089	35865	R=6	-	35669	181	4580
gi|874	29297	35442	R=6	-	29569	5858	272
gi|869	13685	19609	R=6	-	19411	183	5726
gi|869	13028	14017	R=6	-	13297	705	269
gi|865	38185	39264	R=6	+	38970	785	279
gi|861	8921	15498	R=6	-	15304	179	6383
gi|861	8922	11528	R=6	-	9191	2322	269
gi|855	21590	22057	R=6	-	21860	182	270
gi|831	4490	4955	R=6	-	4760	180	270
gi|822	14238	14744	R=6	+	14419	181	310
gi|802	23640	24139	R=6	-	23949	175	309
gi|802	17665	18666	R=6	-	17953	698	288
gi|794	33360	33823	R=6	+	33539	179	269
gi|794	27523	27987	R=6	-	27792	180	269
gi|794	362	661	R=6	-	638	8	276
gi|789	39212	39717	R=6	-	39521	181	309
gi|789	32410	33279	R=6	-	32697	567	287
gi|788	38926	39438	R=6	+	39114	188	309
gi|788	28740	30179	R=6	+	29894	1154	270
gi|788	23595	28828	R=6	+	23775	180	5038
gi|787	21138	22917	R=6	+	22631	1493	271
gi|787	16351	21117	R=6	+	16532	181	4570
gi|780	23447	23911	R=6	+	23627	180	269
gi|780	22588	23051	R=6	+	22767	179	269
gi|780	16426	16676	R=6	-	16482	179	56
gi|779	36377	36882	R=6	-	36686	181	309
gi|779	30272	36882	R=6	-	30560	6307	288
gi|779	26778	29625	R=6	+	29354	2576	256
gi|779	10143	10649	R=6	+	10324	181	310
gi|779	60	4959	R=6	-	4764	180	4704
gi|774	16961	17212	R=6	-	17017	180	56
gi|760	28673	29161	R=6	-	28982	164	309
gi|760	22717	23197	R=6	+	22894	177	288
gi|760	22092	22717	R=6	-	22379	323	287
gi|745	1	1457	R=6	-	1283	159	1282
gi|737	31593	36935	R=6	-	36740	180	5147
gi|737	29064	30302	R=6	-	29333	954	269
gi|732	30277	33573	R=6	+	30456	179	3102
gi|730	13210	14119	R=6	+	13814	604	290
gi|730	7493	8002	R=6	+	7677	184	310
gi|728	38489	38991	R=6	+	38667	178	309
gi|727	31776	31977	R=6	+	31939	163	23
gi|727	1	4387	R=6	-	4192	180	4191
gi|726	26700	27183	R=6	-	26987	181	287
gi|722	2690	9275	R=6	+	8969	6279	291
gi|722	2671	3172	R=6	+	2848	177	309
gi|716	37513	38022	R=6	-	37823	184	310
gi|716	16806	17665	R=6	-	17095	555	289
gi|716	1002	1489	R=6	+	1182	180	292
gi|714	28189	31231	R=6	-	31039	177	2850
gi|714	12982	16352	R=6	-	13254	3083	272
gi|713	11748	11966	R=6	+	11928	180	23
gi|707	16529	16941	R=6	-	16798	128	269
gi|706	18990	19495	R=6	-	19299	181	309
gi|706	12884	19495	R=6	-	13174	6306	290
gi|706	8076	8438	R=6	-	8385	38	309
gi|706	1	1324	R=6	-	1127	182	1126
gi|699	21563	22400	R=6	+	22167	604	218
gi|699	18105	18519	R=6	+	18286	181	218
gi|689	26870	27002	R=6	-	26893	94	23
gi|685	2731	5054	R=6	+	4770	2039	269
gi|684	31213	32351	R=6	+	32067	854	269
gi|684	27233	27735	R=6	-	27543	177	310
gi|684	21131	27734	R=6	-	21419	6300	288
gi|684	16192	16659	R=6	-	16480	164	288
gi|684	4968	5232	R=6	+	5148	180	69
gi|678	24219	24724	R=6	-	24529	180	310
gi|678	3502	4513	R=6	-	3790	708	288
gi|677	33859	34734	R=6	+	34463	604	256
gi|677	27640	28127	R=6	+	27802	162	310
gi|670	18084	20682	R=6	-	20483	184	2399
gi|670	13285	14048	R=6	-	13554	479	269
gi|669	23869	24357	R=6	-	24178	164	309
gi|669	17771	20516	R=6	-	18061	2440	290
gi|667	13363	14268	R=6	+	13966	603	287
gi|667	7670	8154	R=6	+	7830	160	309
gi|664	28482	29446	R=6	+	29211	729	220
gi|664	22970	26948	R=6	+	23151	181	3782
gi|651	33410	33873	R=6	+	33589	179	269
gi|649	36190	38784	R=6	+	38500	2310	269
gi|649	32226	36212	R=6	+	32405	179	3792
gi|649	26494	30891	R=6	-	30696	180	4202
gi|649	23766	24654	R=6	-	24035	604	269
gi|644	0	2785	R=6	-	2587	183	2587
gi|618	7785	14393	R=6	+	14088	6303	290
gi|618	7785	8290	R=6	+	7966	181	309
gi|614	23800	25235	R=6	+	24951	1151	269
gi|614	18655	23888	R=6	+	18836	181	5037
gi|609	5	6165	R=6	+	5881	5876	269
gi|588	28077	32064	R=6	-	31869	180	3792
gi|588	25490	31643	R=6	-	25767	5861	277
gi|587	38372	39720	R=6	+	38550	178	1155
gi|587	26534	31755	R=6	-	26806	4934	272
gi|582	12821	19223	R=6	+	18920	6099	288
gi|582	6672	12820	R=6	+	12536	5864	269
gi|582	6055	6268	R=6	+	6219	164	34
gi|580	9672	16279	R=6	+	15976	6304	288
gi|580	9672	10177	R=6	+	9852	180	310
gi|580	3738	4644	R=6	+	4341	603	288
gi|562	30298	32965	R=6	-	30567	2383	269
gi|544	30878	37450	R=6	-	37252	183	6374
gi|544	30879	37043	R=6	-	31148	5880	269
gi|527	14392	14899	R=6	-	14702	182	310
gi|525	82	587	R=6	-	392	180	310
gi|521	11904	15586	R=6	+	15301	3397	270
gi|521	6804	9608	R=6	+	6986	182	2607
gi|517	25522	32105	R=6	+	31802	6280	288
gi|517	25503	26005	R=6	+	25680	177	310
gi|516	7274	12961	R=6	+	7453	179	5493
gi|516	985	3610	R=6	+	3307	2322	288
gi|512	36957	37462	R=6	-	37266	181	309
gi|512	30846	31752	R=6	-	31134	603	288
gi|508	38011	39996	R=6	-	38285	1696	274
gi|507	1163	1452	R=6	+	1168	5	269
gi|496	37078	37583	R=6	+	37258	180	310
gi|496	31185	31404	R=6	-	31208	181	23
gi|494	1441	2877	R=6	+	2593	1152	269
gi|493	3343	9922	R=6	-	9723	184	6380
gi|493	3344	9540	R=6	-	3613	5912	269
gi|478	24057	24559	R=6	-	24367	177	310
gi|476	25544	31693	R=6	+	31405	5861	273
gi|476	25122	29890	R=6	+	25303	181	4572
gi|475	37022	37489	R=6	+	37186	164	288
gi|463	24842	25061	R=6	-	24865	181	23
gi|454	31892	32396	R=6	-	32202	179	310
gi|454	25781	26789	R=6	-	26069	705	288
gi|454	5756	7165	R=6	+	6881	1125	269
gi|454	577	5816	R=6	+	761	184	5040
gi|449	27064	28909	R=6	+	28607	1543	287
gi|449	21736	22241	R=6	+	21917	181	309
gi|438	28405	29075	R=6	+	28791	386	269
gi|438	21189	25029	R=6	+	21356	167	3658
gi|429	39011	39519	R=6	-	39320	184	309
gi|429	26923	33094	R=6	+	32806	5883	273
gi|429	26518	33091	R=6	+	26699	181	6377
gi|429	4462	5370	R=6	-	4750	605	288
gi|429	861	1328	R=6	-	1137	176	276
gi|426	34993	35477	R=6	+	35173	180	289
gi|412	39172	39703	R=6	+	39410	238	278
gi|412	32054	35072	R=6	+	32219	165	2838
gi|411	29641	35892	R=6	-	35696	181	6055
gi|411	29313	30302	R=6	-	29582	705	269
gi|411	7065	8251	R=6	+	7947	882	289
gi|401	37899	39335	R=6	+	39051	1152	269
gi|401	32756	37987	R=6	+	32935	179	5037
gi|401	27522	27987	R=6	-	27792	180	270
gi|400	34702	40000	R=6	+	34882	180	5103
gi|400	33460	33967	R=6	-	33769	183	309
gi|400	27349	30035	R=6	-	27636	2384	287
gi|399	22754	27989	R=6	-	27791	183	5037
gi|399	21407	22842	R=6	-	21676	1151	269
gi|388	16918	22467	R=6	-	22290	162	5372
gi|388	10311	16917	R=6	+	16615	6304	287
gi|388	10333	10818	R=6	+	10494	161	309
gi|388	9304	10310	R=6	-	9573	722	269
gi|382	38021	38526	R=6	+	38202	181	309
gi|382	23152	23573	R=6	-	23377	181	225
gi|382	16947	17853	R=6	-	17235	603	288
gi|353	26975	32126	R=6	-	31934	177	4959
gi|353	25571	26981	R=6	-	25840	1126	269
gi|350	22704	26375	R=6	-	26298	62	3594
gi|350	20726	22040	R=6	-	21002	1023	276
gi|344	27687	34263	R=6	-	34069	179	6382
gi|344	27684	29123	R=6	-	27957	1151	273
gi|344	18792	20227	R=6	+	19943	1151	269
gi|344	13651	20227	R=6	+	13831	180	6381
gi|340	5287	6427	R=6	+	6142	855	270
gi|331	32825	35495	R=6	-	33096	2384	271
gi|331	28454	28786	R=6	-	28723	48	269
gi|325	30147	30613	R=6	-	30416	182	269
gi|315	20541	20760	R=6	-	20564	181	23
gi|307	37785	40130	R=6	+	37945	160	2170
gi|295	12667	14497	R=6	+	13794	1127	688
gi|295	7509	12633	R=6	+	7669	160	4949
gi|277	24732	27432	R=6	-	27238	179	2506
gi|271	35260	36448	R=6	-	36254	179	994
gi|269	33266	33657	R=6	+	33451	185	191
gi|268	12242	12593	R=6	-	12401	177	159
gi|264	37810	38803	R=6	-	38082	706	272
gi|255	36299	39999	R=6	+	36477	178	3507
gi|255	13040	14002	R=6	-	13327	660	287
gi|255	1790	2252	R=6	+	1969	179	268
gi|255	0	1269	R=6	+	985	985	269
gi|253	8779	9783	R=6	+	9480	701	288
gi|253	3190	3672	R=6	+	3348	158	309
gi|250	39594	40000	R=6	+	39772	178	213
gi|242	38530	38995	R=6	+	38710	180	270
gi|236	33610	40147	R=6	-	39989	143	6379
gi|236	33604	39763	R=6	-	33880	5868	276
gi|235	39677	40000	R=6	+	39857	180	128
gi|235	21224	21708	R=6	-	21534	159	310
gi|235	15108	16136	R=6	-	15398	723	290
gi|234	31994	33430	R=6	-	32263	1152	269
gi|234	31661	31998	R=6	+	31836	175	147
gi|231	30911	31396	R=6	+	31091	180	290
gi|230	35934	36439	R=6	+	36114	180	310
gi|230	21140	27716	R=6	-	27518	183	6378
gi|230	21140	27309	R=6	-	21409	5885	269
gi|224	30880	32075	R=6	+	31790	910	270
gi|224	18706	18934	R=6	+	18869	163	50
gi|220	10437	10795	R=6	+	10510	73	270
gi|218	32734	37564	R=6	+	37295	4561	254
gi|218	30490	30993	R=6	+	30667	177	311
gi|181	8128	8634	R=6	-	8439	180	311
gi|181	2013	3473	R=6	-	2304	1154	291
gi|176	8168	8653	R=6	-	8456	182	288
gi|166	35132	40378	R=6	-	35401	4962	269
gi|166	33128	35131	R=6	-	33275	1841	147
gi|166	17055	17544	R=6	-	17364	165	309
gi|166	10331	12172	R=6	-	10618	1539	287
gi|166	7960	8425	R=6	+	8116	156	294
gi|166	7373	7813	R=6	+	7528	155	270
gi|165	8062	14549	R=6	-	14353	181	6291
gi|165	2281	8058	R=6	-	7862	181	5581
gi|165	1477	2365	R=6	-	1746	604	269
gi|164	29946	36508	R=6	-	36318	175	6372
gi|164	29946	36135	R=6	-	30215	5905	269
gi|164	26276	26749	R=6	-	26570	164	294
gi|164	15964	20285	R=6	-	20085	185	4121
gi|164	13081	14896	R=6	-	13324	1557	243
gi|160	1	4586	R=6	-	4392	179	4391
gi|159	20843	21328	R=6	+	21024	181	289
gi|158	27208	27440	R=6	-	27231	194	23
gi|156	23042	24479	R=6	+	24195	1153	269
gi|156	11025	11495	R=6	+	11204	179	276
gi|154	21112	21516	R=6	-	21400	101	288
gi|150	4649	5413	R=6	+	5375	726	23
gi|144	4837	6275	R=6	+	5991	1154	269
gi|140	10378	10717	R=6	+	10408	30	294
gi|140	8629	9080	R=6	-	8901	164	272
gi|131	9771	10219	R=6	+	9935	164	269
gi|123	13328	15646	R=6	+	13509	181	2122
gi|120	25503	26008	R=6	-	25813	180	310
gi|120	19397	26008	R=6	-	19686	6307	289
gi|113	13486	13693	R=6	-	13494	184	8
gi|113	9285	9791	R=6	-	9595	181	310
gi|113	862	3547	R=6	+	3245	2383	287
gi|112	17349	17813	R=6	-	17618	180	269
gi|112	15154	15383	R=6	-	15187	181	33
gi|112	4987	5226	R=6	-	5031	180	44
gi|102	39652	40075	R=6	+	39892	240	168
gi|102	25858	31916	R=6	+	26041	183	5860
gi|97	38481	39840	R=6	+	39554	1073	271
gi|97	33273	38490	R=6	+	33478	205	4997
gi|92	37971	38981	R=6	-	38240	726	269
gi|90	1	2306	R=6	+	2022	2021	269
gi|88	11343	12412	R=6	-	11612	785	269
gi|84	38946	39213	R=6	+	39126	180	72
gi|80	11117	13528	R=6	+	13441	2324	72
gi|80	7140	7407	R=6	+	7320	180	72
gi|76	23269	25057	R=6	+	24761	1492	281
gi|76	19949	20856	R=6	+	20572	623	269
gi|76	13758	17742	R=6	+	13938	180	3789
gi|76	5516	12126	R=6	+	11823	6307	288
gi|76	5516	6021	R=6	+	5695	179	311
gi|76	4771	5515	R=6	+	4947	176	553
gi|74	19540	20025	R=6	-	19828	182	288
gi|56	20672	22176	R=6	+	21861	1189	300
gi|56	15746	20686	R=6	+	15930	184	4741
gi|52	9714	14939	R=6	-	14745	179	5031
gi|52	8355	9537	R=6	-	8627	895	272
gi|52	5670	8350	R=6	+	5849	179	2486
gi|41	35039	35506	R=6	+	35219	180	272
gi|37	34644	35016	R=6	+	34714	70	287
gi|35	1	1662	R=6	-	1470	177	1469
gi|25	20443	20930	R=6	-	20730	185	287
gi|20	37404	40081	R=6	-	37694	2372	290
gi|16	19494	19963	R=6	+	19677	183	271
gi|9	3208	3671	R=6	+	3387	179	269
gi|1042	35814	36677	R=7	-	36662	0	848
gi|1031	21475	21757	R=7	-	21709	33	234
gi|1028	10943	11701	R=7	-	11036	650	93
gi|1013	33586	33750	R=7	-	33598	137	12
gi|1013	33095	34583	R=7	+	33596	501	972
gi|1011	19822	20199	R=7	-	19918	266	96
gi|1011	16749	17604	R=7	-	16940	649	191
gi|1011	16906	17061	R=7	+	16938	32	108
gi|1008	37321	37447	R=7	-	37322	110	1
gi|1008	37073	37557	R=7	+	37320	247	222
gi|999	3461	3795	R=7	-	3631	149	170
gi|965	12776	13752	R=7	-	13088	649	312
gi|965	12949	13123	R=7	+	13086	137	22
gi|951	14262	15163	R=7	-	14496	652	234
gi|951	14357	14537	R=7	+	14494	137	28
gi|951	2395	2649	R=7	-	2629	5	234
gi|938	26492	26656	R=7	-	26504	137	12
gi|938	25850	27489	R=7	+	26502	652	972
gi|937	3048	4124	R=7	-	4026	83	978
gi|931	2274	2511	R=7	+	2276	2	220
gi|920	23253	23417	R=7	-	23265	137	12
gi|920	22612	24295	R=7	+	23263	651	1017
gi|915	37646	39305	R=7	-	38639	651	993
gi|915	38512	38764	R=7	+	38637	125	112
gi|903	14886	15393	R=7	+	14886	0	492
gi|899	4691	6375	R=7	-	5709	651	1018
gi|899	5570	5734	R=7	+	5707	137	12
gi|872	8084	9816	R=7	-	9150	651	1066
gi|872	9036	9214	R=7	+	9148	112	51
gi|871	4677	4837	R=7	-	4728	94	51
gi|871	4075	5811	R=7	+	4726	651	1070
gi|830	22356	22611	R=7	+	22389	33	207
gi|830	20432	20603	R=7	-	20451	137	19
gi|830	19797	21177	R=7	+	20449	652	713
gi|823	28628	30284	R=7	-	29621	648	993
gi|823	29587	29742	R=7	+	29619	32	108
gi|823	19111	20845	R=7	-	20179	651	1068
gi|823	20083	20306	R=7	+	20177	94	114
gi|822	32764	33258	R=7	+	33009	245	234
gi|798	2887	3171	R=7	+	3132	245	24
gi|788	2546	3043	R=7	-	2780	248	234
gi|779	37272	37519	R=7	-	37380	124	108
gi|779	37139	37611	R=7	+	37378	239	218
gi|779	26175	26666	R=7	-	26406	245	231
gi|779	14632	15123	R=7	-	14863	245	231
gi|777	28170	29338	R=7	-	28673	650	503
gi|777	28578	28690	R=7	+	28671	93	4
gi|774	7259	7743	R=7	-	7481	247	222
gi|774	7369	7495	R=7	+	7479	110	1
gi|763	38830	39112	R=7	-	39064	33	234
gi|763	27992	28246	R=7	-	28226	5	234
gi|763	22813	23297	R=7	-	23035	247	222
gi|763	22923	23049	R=7	+	23033	110	1
gi|760	35133	35731	R=7	-	35472	244	339
gi|745	11216	12545	R=7	-	12284	246	1068
gi|745	12170	12405	R=7	+	12282	112	108
gi|745	1897	3233	R=7	-	2965	253	1068
gi|745	2851	3086	R=7	+	2963	112	108
gi|732	18358	18631	R=7	+	18391	33	225
gi|714	26322	26500	R=7	-	26373	112	51
gi|714	25720	27455	R=7	+	26371	651	1069
gi|714	16955	17133	R=7	-	17006	112	51
gi|714	16353	18088	R=7	+	17004	651	1069
gi|707	37967	39462	R=7	-	38958	489	991
gi|707	38819	38999	R=7	+	38956	137	28
gi|707	37582	37746	R=7	-	37594	137	12
gi|707	36940	37913	R=7	+	37592	652	306
gi|707	35369	35621	R=7	-	35481	125	112
gi|707	34827	35979	R=7	+	35479	652	485
gi|706	9124	9295	R=7	-	9143	137	19
gi|706	8489	9870	R=7	+	9141	652	714
gi|689	15534	15782	R=7	-	15642	125	108
gi|689	14989	16725	R=7	+	15640	651	1070
gi|677	19796	20690	R=7	-	20026	649	230
gi|677	15852	16357	R=7	-	16170	172	318
gi|657	34347	36031	R=7	-	35365	651	1018
gi|657	35226	35390	R=7	+	35363	137	12
gi|657	13551	14130	R=7	+	13799	248	316
gi|657	1925	2504	R=7	+	2173	248	316
gi|622	9578	9860	R=7	-	9812	33	234
gi|618	22024	23665	R=7	-	22998	652	974
gi|618	22902	23125	R=7	+	22996	94	114
gi|618	20606	20780	R=7	-	20628	137	22
gi|618	19977	20953	R=7	+	20626	649	312
gi|588	24011	25188	R=7	-	24523	650	512
gi|588	24409	24644	R=7	+	24521	112	108
gi|588	14452	15629	R=7	-	14964	650	512
gi|588	14850	15085	R=7	+	14962	112	108
gi|570	29121	29368	R=7	-	29229	124	108
gi|570	28578	29460	R=7	+	29227	649	218
gi|569	14935	15217	R=7	+	14968	33	234
gi|562	23361	23951	R=7	-	23694	242	333
gi|549	12210	13091	R=7	-	12427	649	217
gi|549	2043	2924	R=7	-	2260	649	217
gi|549	2226	2375	R=7	+	2258	32	102
gi|546	12971	13253	R=7	+	13004	33	234
gi|545	28079	28658	R=7	-	28395	248	316
gi|517	15152	15434	R=7	-	15386	33	234
gi|516	16802	16984	R=7	+	16843	41	126
gi|481	21488	21769	R=7	+	21734	246	20
gi|481	9945	10226	R=7	+	10191	246	20
gi|478	26280	26525	R=7	-	26505	5	225
gi|478	18093	19829	R=7	-	19163	651	1070
gi|478	19049	19290	R=7	+	19161	112	114
gi|478	8850	10586	R=7	-	9920	651	1070
gi|478	9806	10047	R=7	+	9918	112	114
gi|466	6098	6887	R=7	-	6872	0	774
gi|464	29808	30105	R=7	+	29841	33	249
gi|457	38789	40001	R=7	-	39808	178	1019
gi|457	39669	39833	R=7	+	39806	137	12
gi|435	29175	29402	R=7	-	29275	112	100
gi|435	29027	30355	R=7	+	29273	246	1067
gi|426	14188	14368	R=7	-	14216	137	28
gi|426	13562	15201	R=7	+	14214	652	972
gi|424	7430	8942	R=7	-	8276	651	846
gi|424	8192	8301	R=7	+	8274	82	12
gi|412	31139	31384	R=7	+	31144	5	225
gi|411	28216	28496	R=7	+	28461	245	20
gi|408	17255	18179	R=7	+	17255	0	909
gi|408	7304	8228	R=7	+	7304	0	909
gi|380	1564	3247	R=7	-	2581	651	1017
gi|380	2442	2606	R=7	+	2579	137	12
gi|372	11408	11889	R=7	+	11834	426	40
gi|366	35922	36410	R=7	-	36149	246	227
gi|363	1441	2594	R=7	-	1928	651	487
gi|363	1832	2055	R=7	+	1926	94	114
gi|353	12219	13916	R=7	-	13250	651	1031
gi|353	13113	13275	R=7	+	13248	135	12
gi|280	9804	10086	R=7	-	10038	33	234
gi|265	12460	12742	R=7	-	12694	33	234
gi|251	2903	3142	R=7	-	2936	191	33
gi|236	6635	6794	R=7	-	6647	132	12
gi|225	21306	22635	R=7	-	22374	246	1068
gi|225	22260	22488	R=7	+	22372	112	101
gi|224	18921	20238	R=7	-	19572	651	651
gi|224	19458	19636	R=7	+	19570	112	51
gi|223	6858	6989	R=7	-	6862	112	4
gi|223	6858	7380	R=7	+	6860	2	505
gi|199	17133	17271	R=7	-	17152	104	19
gi|199	16500	17471	R=7	+	17150	650	306
gi|199	6445	6583	R=7	-	6464	104	19
gi|199	5863	6666	R=7	+	6462	599	189
gi|194	16998	18151	R=7	-	17485	651	487
gi|194	17389	17612	R=7	+	17483	94	114
gi|190	26603	26885	R=7	-	26837	33	234
gi|190	23488	23725	R=7	-	23598	112	110
gi|190	23348	24119	R=7	+	23596	248	508
gi|177	23441	24772	R=7	-	24511	246	1070
gi|177	24397	24624	R=7	+	24509	112	100
gi|177	14161	15492	R=7	-	15231	246	1070
gi|177	15117	15344	R=7	+	15229	112	100
gi|165	39678	39901	R=7	-	39792	94	114
gi|165	39139	39969	R=7	+	39790	651	164
gi|107	11570	13304	R=7	-	12638	651	1068
gi|107	12524	12702	R=7	+	12636	112	51
gi|107	1942	3676	R=7	-	3010	651	1068
gi|107	2896	3074	R=7	+	3008	112	51
gi|78	14262	14440	R=7	-	14313	112	51
gi|78	13660	14816	R=7	+	14311	651	490
gi|78	4719	4897	R=7	-	4770	112	51
gi|78	4117	5276	R=7	+	4768	651	493
gi|52	25373	25955	R=7	-	25697	243	324
gi|35	2660	4394	R=7	-	3728	651	1068
gi|35	3614	3792	R=7	+	3726	112	51
gi|9	6731	7453	R=7	-	6898	540	167
gi|1044	31976	32425	R=8	+	32386	410	24
gi|1044	12261	22277	R=8	+	22258	9997	4
gi|1020	11233	11411	R=8	+	11390	157	6
gi|1020	-1	403	R=8	+	376	377	12
gi|1000	28536	28714	R=8	+	28693	157	6
gi|1000	17268	17717	R=8	+	17678	410	24
gi|1000	5	7609	R=8	+	7590	7585	4
gi|985	32662	33110	R=8	+	33071	409	24
gi|985	16824	22998	R=8	+	22979	6155	4
gi|972	33445	33605	R=8	+	33561	116	29
gi|927	13556	14370	R=8	-	13560	795	4
gi|927	3399	3848	R=8	-	3423	410	24
gi|918	39840	40000	R=8	-	39869	116	29
gi|867	11106	11241	R=8	-	11110	116	4
gi|867	812	969	R=8	-	841	113	29
gi|835	39859	40301	R=8	+	40280	421	6
gi|835	28877	29326	R=8	+	29287	410	24
gi|792	21709	21869	R=8	+	21825	116	29
gi|792	11377	11512	R=8	+	11493	116	4
gi|770	14943	15385	R=8	+	15364	421	6
gi|770	3936	4385	R=8	+	4346	410	24
gi|751	35404	35853	R=8	+	35814	410	24
gi|751	15718	25736	R=8	+	25717	9999	4
gi|720	6631	16649	R=8	-	6635	9999	4
gi|700	20553	21000	R=8	+	20961	408	24
gi|700	878	10892	R=8	+	10873	9995	4
gi|653	26322	36340	R=8	+	36321	9999	4
gi|631	7261	17277	R=8	-	7265	9997	4
gi|629	23925	24085	R=8	+	24041	116	29
gi|623	14313	14755	R=8	-	14319	421	6
gi|616	16716	16894	R=8	+	16873	157	6
gi|616	5450	5899	R=8	+	5860	410	24
gi|599	11174	21188	R=8	-	11178	9995	4
gi|599	1050	1499	R=8	-	1074	410	24
gi|594	21802	22251	R=8	+	22212	410	24
gi|594	2128	12143	R=8	+	12124	9996	4
gi|559	12819	13261	R=8	+	13240	421	6
gi|559	1815	2264	R=8	+	2225	410	24
gi|502	13611	23628	R=8	-	13615	9998	4
gi|502	3494	3943	R=8	-	3518	410	24
gi|499	23684	24133	R=8	-	23708	410	24
gi|499	12687	13129	R=8	-	12693	421	6
gi|462	6789	7238	R=8	-	6813	410	24
gi|453	21916	22358	R=8	+	22337	421	6
gi|453	10913	11362	R=8	+	11323	410	24
gi|453	2	1217	R=8	+	1198	1196	4
gi|440	27985	28163	R=8	+	28142	157	6
gi|440	16708	17157	R=8	+	17118	410	24
gi|440	849	7010	R=8	+	6991	6142	4
gi|432	12551	13000	R=8	+	12961	410	24
gi|432	1	2893	R=8	+	2874	2873	4
gi|409	17982	18117	R=8	+	18098	116	4
gi|396	20707	30723	R=8	+	30704	9997	4
gi|336	4226	4668	R=8	+	4647	421	6
gi|317	11185	11320	R=8	-	11189	116	4
gi|317	1067	1516	R=8	-	1091	410	24
gi|309	22608	32626	R=8	+	32607	9999	4
gi|302	25935	33404	R=8	-	25939	7450	4
gi|302	15909	16358	R=8	-	15933	410	24
gi|302	4913	5355	R=8	-	4919	421	6
gi|252	29408	33885	R=8	+	33866	4458	4
gi|240	17236	27252	R=8	+	27233	9997	4
gi|233	21578	22027	R=8	+	21988	410	24
gi|233	4759	11911	R=8	+	11892	7133	4
gi|211	29161	29339	R=8	+	29318	157	6
gi|211	17887	18336	R=8	+	18297	410	24
gi|211	2	8192	R=8	+	8173	8171	4
gi|198	21111	31127	R=8	+	31108	9997	4
gi|191	4675	8190	R=8	-	4679	3496	4
gi|100	22311	22753	R=8	+	22732	421	6
gi|100	11307	11756	R=8	+	11717	410	24
gi|100	-1	1642	R=8	+	1623	1624	4
gi|95	13966	18659	R=8	-	13970	4674	4
gi|95	3859	4307	R=8	-	3883	409	24
gi|94	37268	45075	R=8	-	37272	7788	4
gi|94	27168	27617	R=8	-	27192	410	24
gi|94	16191	16368	R=8	-	16197	156	6
gi|49	28017	29551	R=8	+	29532	1515	4
gi|36	20665	20825	R=8	+	20781	116	29
gi|36	10322	10457	R=8	+	10438	116	4
gi|28	26448	26890	R=8	+	26869	421	6
gi|28	15592	15892	R=8	+	15853	261	24
gi|28	1	5790	R=8	+	5771	5770	4
gi|21	31789	36806	R=8	-	31793	4998	4
gi|21	21667	22116	R=8	-	21691	410	24
gi|21	10699	10870	R=8	-	10699	156	0
gi|1035	39112	39661	R=9	-	39467	179	355
gi|1008	3407	3992	R=9	-	3798	179	391
gi|971	17902	22250	R=9	-	22049	186	4147
gi|971	15270	16660	R=9	-	15620	1025	350
gi|965	15373	15842	R=9	+	15475	102	352
gi|965	13753	15245	R=9	-	15047	183	1294
gi|959	38076	38340	R=9	+	38259	183	66
gi|951	30443	35889	R=9	-	35691	183	5248
gi|951	29003	30397	R=9	-	29357	1025	354
gi|951	22220	22403	R=9	+	22322	102	66
gi|951	7462	12913	R=9	-	12710	188	5248
gi|951	6021	7231	R=9	-	6372	844	351
gi|951	1	1450	R=9	+	1087	1086	348
gi|941	7801	8238	R=9	+	7843	42	380
gi|939	33193	33778	R=9	-	33584	179	391
gi|939	26859	27407	R=9	-	27213	179	354
gi|938	11373	15683	R=9	-	15488	180	4115
gi|938	7645	8114	R=9	-	7995	104	350
gi|937	1883	2149	R=9	-	1948	186	65
gi|931	29896	36765	R=9	-	36570	180	6674
gi|931	29896	32442	R=9	-	30246	2181	350
gi|931	28939	29569	R=9	-	29004	550	65
gi|889	39488	39955	R=9	-	39840	100	352
gi|886	25784	26048	R=9	-	25849	184	65
gi|886	21359	21767	R=9	+	21401	42	351
gi|882	30291	33750	R=9	-	33554	181	3263
gi|882	26370	27758	R=9	-	26722	1021	352
gi|882	12521	12787	R=9	-	12586	186	65
gi|882	175	4515	R=9	-	4320	180	4145
gi|869	7475	7898	R=9	+	7518	43	365
gi|845	37996	38522	R=9	-	38349	158	353
gi|802	10962	11509	R=9	+	11142	180	352
gi|802	3482	7211	R=9	+	3662	180	3534
gi|788	33966	38210	R=9	+	34066	100	4129
gi|760	29634	33623	R=9	+	29814	180	3794
gi|757	31811	31994	R=9	+	31913	102	66
gi|739	1544	2093	R=9	+	1727	183	351
gi|739	364	774	R=9	+	406	42	353
gi|730	37726	38090	R=9	-	37894	181	168
gi|730	4212	6484	R=9	-	4565	1904	353
gi|727	39764	40117	R=9	+	39806	42	296
gi|727	32818	35560	R=9	+	32860	42	2685
gi|727	28613	29025	R=9	+	28656	43	354
gi|727	19916	21325	R=9	+	20958	1042	352
gi|727	14352	19880	R=9	+	14537	185	5328
gi|727	7006	11614	R=9	-	11408	191	4402
gi|727	4618	6016	R=9	-	4982	1019	364
gi|726	36166	36328	R=9	-	36271	42	105
gi|726	28957	29369	R=9	-	29312	42	355
gi|713	6917	11208	R=9	-	11014	179	4097
gi|713	4461	5007	R=9	-	4813	179	352
gi|707	31113	32500	R=9	+	32135	1022	350
gi|707	25626	32500	R=9	+	25810	184	6675
gi|689	27496	33912	R=9	-	33714	183	6218
gi|689	27031	29308	R=9	-	27386	1907	355
gi|689	17205	23788	R=9	-	23589	184	6384
gi|689	17205	22080	R=9	-	17271	4794	66
gi|688	0	2360	R=9	-	2187	158	2187
gi|655	22476	23048	R=9	+	22678	202	355
gi|655	7882	10174	R=9	+	7923	41	2236
gi|649	38923	39493	R=9	-	39301	177	378
gi|649	18451	18911	R=9	-	18710	186	259
gi|648	1	2130	R=9	-	1933	182	1932
gi|622	5154	6307	R=9	+	6175	1021	117
gi|618	18482	19976	R=9	+	18666	184	1295
gi|618	17885	18432	R=9	-	18237	180	352
gi|614	39432	39684	R=9	+	39610	178	59
gi|614	33766	34310	R=9	+	33944	178	351
gi|614	27399	31385	R=9	+	27578	179	3792
gi|614	25857	27389	R=9	+	26035	178	1339
gi|610	19286	19667	R=9	+	19299	13	353
gi|598	24769	25343	R=9	-	25145	183	376
gi|598	15660	22528	R=9	-	22328	185	6668
gi|598	15660	22355	R=9	-	16010	6330	350
gi|598	11505	12889	R=9	-	11856	1018	351
gi|582	28267	28815	R=9	+	28446	179	354
gi|582	21899	26211	R=9	+	22078	179	4118
gi|569	1684	5994	R=9	-	5800	179	4116
gi|568	34346	34759	R=9	-	34702	42	356
gi|565	25272	25531	R=9	+	25427	155	89
gi|565	18396	22549	R=9	+	18585	189	3949
gi|565	15981	16143	R=9	+	16023	42	105
gi|565	9541	13743	R=9	+	9583	42	4145
gi|562	33233	33772	R=9	-	33585	172	352
gi|561	25091	25617	R=9	-	25446	156	355
gi|549	39704	40038	R=9	+	39888	184	135
gi|546	26174	26346	R=9	-	26291	40	117
gi|546	7238	7770	R=9	-	7590	165	352
gi|544	37635	38097	R=9	-	37989	93	354
gi|527	3275	3539	R=9	-	3340	184	65
gi|525	26318	26740	R=9	+	26360	42	365
gi|516	29970	30439	R=9	-	30324	100	354
gi|476	1335	4756	R=9	-	4553	188	3218
gi|464	37324	37445	R=9	-	37386	44	62
gi|464	719	2599	R=9	+	2453	1734	131
gi|463	23276	23544	R=9	+	23464	188	65
gi|457	37450	37998	R=9	-	37800	183	350
gi|454	12935	17534	R=9	-	17337	182	4402
gi|454	10070	10712	R=9	-	10418	279	348
gi|444	32372	37906	R=9	-	37703	188	5331
gi|444	30923	32321	R=9	-	31284	1022	361
gi|444	10589	14974	R=9	+	14606	4017	353
gi|444	3118	5600	R=9	+	3302	184	2283
gi|437	14641	15051	R=9	+	14683	42	353
gi|429	3551	4100	R=9	+	3732	181	353
gi|412	24593	30434	R=9	-	24611	5808	18
gi|412	12975	19678	R=9	+	19311	6336	352
gi|412	12805	19677	R=9	+	12987	182	6675
gi|411	36521	36758	R=9	+	36543	22	200
gi|401	18184	18449	R=9	-	18249	185	65
gi|366	28817	29228	R=9	-	29171	42	354
gi|365	13939	14486	R=9	+	14118	179	353
gi|365	7649	11560	R=9	+	7752	103	3793
gi|363	38153	38734	R=9	-	38540	179	387
gi|363	31170	31718	R=9	-	31524	179	354
gi|361	30692	37534	R=9	-	37364	155	6672
gi|361	30691	37391	R=9	-	31044	6332	353
gi|353	32347	32896	R=9	+	32527	180	354
gi|353	19490	23339	R=9	+	19532	42	3792
gi|325	23705	24114	R=9	-	24057	42	352
gi|315	18978	19243	R=9	+	19163	185	65
gi|287	34734	40147	R=9	+	34915	181	5217
gi|287	25683	26231	R=9	-	26032	184	349
gi|278	38539	39459	R=9	+	39094	555	350
gi|278	32583	38594	R=9	+	32760	177	5819
gi|278	6625	6787	R=9	+	6667	42	105
gi|278	278	700	R=9	+	305	27	380
gi|271	4416	4666	R=9	+	4586	170	65
gi|268	15954	16096	R=9	+	15994	40	87
gi|265	29652	30541	R=9	+	30173	521	353
gi|265	23753	30150	R=9	+	23845	92	6290
gi|265	2520	4952	R=9	-	2761	2176	241
gi|234	37235	40130	R=9	+	37418	183	2697
gi|234	30582	30840	R=9	-	30647	178	65
gi|220	39636	39917	R=9	-	39725	177	89
gi|220	32104	34076	R=9	-	32460	1601	356
gi|212	15635	18175	R=9	-	18057	103	2422
gi|212	10696	11168	R=9	-	11050	103	354
gi|199	4733	4850	R=9	-	4795	40	62
gi|194	8315	8578	R=9	+	8498	183	65
gi|190	34783	35331	R=9	-	35138	178	355
gi|189	11947	18480	R=9	+	18112	6165	353
gi|189	11605	18480	R=9	+	11787	182	6678
gi|177	29795	35240	R=9	-	35040	185	5245
gi|177	28351	29746	R=9	-	28707	1024	356
gi|177	13505	14053	R=9	+	13685	180	353
gi|177	7080	7648	R=9	+	7242	162	391
gi|176	580	4752	R=9	-	4696	41	4116
gi|166	9679	9945	R=9	+	9864	185	66
gi|164	21047	21601	R=9	-	21398	188	351
gi|159	16909	20749	R=9	-	20701	33	3792
gi|159	6860	7407	R=9	+	7039	179	353
gi|159	6153	6289	R=9	-	6253	21	100
gi|156	16994	18381	R=9	+	18013	1019	353
gi|156	11505	18379	R=9	+	11690	185	6674
gi|150	32744	34090	R=9	+	33723	979	352
gi|150	26462	27672	R=9	+	26488	26	1169
gi|128	6281	6579	R=9	-	6379	185	98
gi|124	630	1066	R=9	-	1009	42	379
gi|120	26076	29925	R=9	-	29870	40	3794
gi|120	16527	16937	R=9	-	16882	40	355
gi|113	35284	40022	R=9	-	35638	4369	354
gi|113	11892	13488	R=9	+	13119	1227	354
gi|112	14607	15157	R=9	+	14787	180	355
gi|112	8238	12224	R=9	+	8418	180	3791
gi|87	31436	32001	R=9	+	31638	202	348
gi|87	22857	25277	R=9	+	23033	176	2229
gi|80	21482	27890	R=9	+	27522	6040	353
gi|80	21014	27890	R=9	+	21197	183	6678
gi|68	1918	8787	R=9	-	8589	183	6671
gi|68	1918	8616	R=9	-	2271	6330	353
gi|65	28813	31487	R=9	+	31115	2302	357
gi|65	23532	27739	R=9	+	23718	186	4006
gi|56	33315	33415	R=9	-	33381	19	66
gi|56	12116	12674	R=9	-	12477	182	361
gi|52	38264	38394	R=9	+	38305	41	74
gi|25	38060	38609	R=9	+	38240	180	354
gi|22	7233	12758	R=9	-	12560	183	5327
gi|22	5776	7182	R=9	-	6138	1029	362
gi|22	10	1122	R=9	+	754	744	353
gi|7	7818	12157	R=9	-	11962	180	4144
gi|7	4656	5202	R=9	-	5009	178	353
gi|7	3351	3823	R=9	+	3455	104	353
gi|1	3388	3795	R=9	+	3429	41	351
gi|1039	37018	37165	R=10	-	37052	98	34
gi|1039	36587	36727	R=10	+	36685	98	27
gi|1030	32667	32781	R=10	-	32685	81	18
gi|1030	32178	32335	R=10	+	32295	117	25
gi|1030	30716	31165	R=10	-	30751	399	35
gi|1030	30130	30405	R=10	+	30356	226	34
gi|1030	28733	28881	R=10	-	28748	118	15
gi|1030	28264	28424	R=10	+	28382	118	27
gi|1029	10624	10784	R=10	-	10651	118	27
gi|1029	10166	10333	R=10	+	10284	118	34
gi|1023	25644	26013	R=10	-	25679	319	35
gi|1023	25062	25324	R=10	+	25275	213	34
gi|1011	6658	6807	R=10	-	6675	117	17
gi|1011	6213	6327	R=10	+	6294	81	18
gi|999	31026	31301	R=10	-	31060	226	34
gi|999	30257	30706	R=10	+	30656	399	35
gi|965	11208	11365	R=10	-	11233	117	25
gi|965	10761	10875	R=10	+	10842	81	18
gi|959	1906	2341	R=10	+	2299	393	27
gi|944	16893	17007	R=10	-	16911	81	18
gi|938	39435	39549	R=10	-	39453	81	18
gi|938	38862	38970	R=10	+	38940	78	15
gi|938	8865	9314	R=10	-	8900	399	35
gi|938	8270	8545	R=10	+	8496	226	34
gi|937	21683	21797	R=10	-	21701	81	18
gi|937	21193	21350	R=10	+	21310	117	25
gi|924	7675	7824	R=10	-	7692	117	17
gi|924	7232	7346	R=10	+	7313	81	18
gi|917	6293	6568	R=10	-	6327	226	34
gi|917	5524	5973	R=10	+	5923	399	35
gi|903	39360	39809	R=10	+	39759	399	35
gi|897	39554	39714	R=10	+	39672	118	27
gi|886	27722	27879	R=10	-	27746	118	24
gi|874	7577	8026	R=10	-	7612	399	35
gi|874	6981	7256	R=10	+	7207	226	34
gi|845	10119	10276	R=10	-	10144	117	25
gi|845	7802	7916	R=10	+	7883	81	18
gi|841	18080	18521	R=10	+	18479	399	27
gi|831	24933	25208	R=10	-	24967	226	34
gi|831	24164	24613	R=10	+	24563	399	35
gi|822	35160	35309	R=10	-	35177	117	17
gi|822	34717	34831	R=10	+	34798	81	18
gi|821	29484	29933	R=10	+	29883	399	35
gi|821	2017	2292	R=10	-	2051	226	34
gi|821	1248	1697	R=10	+	1647	399	35
gi|821	37	486	R=10	-	72	399	35
gi|806	20079	20424	R=10	-	20114	295	35
gi|806	19484	19759	R=10	+	19710	226	34
gi|798	38427	38561	R=10	+	38527	100	19
gi|798	38256	38390	R=10	-	38275	100	19
gi|794	16553	17002	R=10	-	16588	399	35
gi|757	24917	25060	R=10	+	25030	113	15
gi|755	25295	25409	R=10	-	25313	81	18
gi|755	24806	24963	R=10	+	24923	117	25
gi|691	18007	18141	R=10	+	18107	100	19
gi|691	17836	17970	R=10	-	17855	100	19
gi|688	6458	6572	R=10	-	6476	81	18
gi|688	5402	5851	R=10	-	5437	399	35
gi|688	4788	5063	R=10	+	5014	226	34
gi|685	6492	6767	R=10	-	6526	226	34
gi|685	5732	6181	R=10	+	6131	399	35
gi|684	35528	35642	R=10	-	35546	81	18
gi|684	35039	35196	R=10	+	35156	117	25
gi|677	38013	38173	R=10	-	38040	118	27
gi|677	36035	36310	R=10	-	36069	226	34
gi|677	35266	35715	R=10	+	35665	399	35
gi|668	13387	13554	R=10	-	13421	118	34
gi|668	12936	13096	R=10	+	13054	118	27
gi|668	6345	6479	R=10	+	6445	100	19
gi|668	6174	6308	R=10	-	6193	100	19
gi|666	20563	20677	R=10	-	20581	81	18
gi|666	20074	20231	R=10	+	20191	117	25
gi|655	25456	25613	R=10	-	25481	117	25
gi|655	25011	25139	R=10	+	25092	81	32
gi|651	16093	16368	R=10	+	16319	226	34
gi|618	24625	24739	R=10	-	24643	81	18
gi|618	24135	24292	R=10	+	24252	117	25
gi|604	12996	13163	R=10	+	13114	118	34
gi|598	8927	9065	R=10	+	9031	104	19
gi|598	8759	8893	R=10	-	8778	100	19
gi|593	15803	15952	R=10	-	15820	117	17
gi|593	15360	15487	R=10	+	15441	81	31
gi|582	21343	21451	R=10	+	21421	78	15
gi|582	20453	20902	R=10	+	20852	399	35
gi|576	38037	38312	R=10	-	38071	226	34
gi|576	37268	37717	R=10	+	37667	399	35
gi|562	10597	11046	R=10	-	10632	399	35
gi|562	10002	10277	R=10	+	10228	226	34
gi|555	13189	13638	R=10	+	13588	399	35
gi|546	26691	26851	R=10	-	26718	118	27
gi|546	4565	4733	R=10	+	4684	119	34
gi|540	39442	39717	R=10	+	39668	226	34
gi|527	7043	7305	R=10	-	7077	213	34
gi|527	5189	5638	R=10	+	5588	399	35
gi|525	11365	11640	R=10	-	11399	226	34
gi|525	10596	11045	R=10	+	10995	399	35
gi|514	34496	34771	R=10	-	34530	226	34
gi|514	33734	34183	R=10	+	34133	399	35
gi|507	4917	5192	R=10	-	4951	226	34
gi|507	4148	4589	R=10	+	4547	399	27
gi|496	32003	32278	R=10	-	32037	226	34
gi|496	28899	29348	R=10	+	29298	399	35
gi|496	27168	27282	R=10	-	27186	81	18
gi|496	26596	26704	R=10	+	26674	78	15
gi|478	27223	27337	R=10	-	27241	81	18
gi|478	25016	25173	R=10	+	25133	117	25
gi|478	4	171	R=10	-	38	118	34
gi|475	36480	36629	R=10	-	36497	117	17
gi|475	36037	36151	R=10	+	36118	81	18
gi|438	25799	26074	R=10	-	25833	226	34
gi|438	25029	25479	R=10	+	25429	400	35
gi|424	2794	2952	R=10	-	2819	118	25
gi|424	1858	1986	R=10	+	1939	81	32
gi|404	26638	26913	R=10	-	26672	226	34
gi|404	25974	26325	R=10	+	26283	309	27
gi|399	19303	19463	R=10	-	19330	118	27
gi|399	18157	18305	R=10	+	18275	118	15
gi|399	4527	4694	R=10	-	4561	118	34
gi|399	4077	4237	R=10	+	4195	118	27
gi|366	32552	32699	R=10	-	32566	118	14
gi|366	32074	32241	R=10	+	32192	118	34
gi|344	21478	21753	R=10	-	21512	226	34
gi|340	16705	16980	R=10	-	16739	226	34
gi|340	15936	16385	R=10	+	16335	399	35
gi|298	3918	4032	R=10	-	3936	81	18
gi|298	3429	3586	R=10	+	3546	117	25
gi|295	6307	6441	R=10	+	6407	100	19
gi|295	6135	6269	R=10	-	6154	100	19
gi|271	2361	2636	R=10	-	2395	226	34
gi|269	32104	32261	R=10	-	32129	117	25
gi|269	30577	30691	R=10	+	30658	81	18
gi|268	9208	9483	R=10	-	9242	226	34
gi|268	8439	8888	R=10	+	8838	399	35
gi|235	24087	24536	R=10	-	24122	399	35
gi|235	23492	23767	R=10	+	23718	226	34
gi|220	25397	25528	R=10	-	25427	86	30
gi|220	25204	25348	R=10	+	25315	111	18
gi|212	27916	28357	R=10	+	28315	399	27
gi|179	3081	3356	R=10	-	3115	226	34
gi|179	2312	2761	R=10	+	2711	399	35
gi|176	16019	16129	R=10	-	16034	80	15
gi|176	15515	15663	R=10	+	15632	117	16
gi|167	355	512	R=10	-	380	117	25
gi|164	29697	29946	R=10	-	29731	200	34
gi|164	28928	29377	R=10	+	29327	399	35
gi|156	26203	26317	R=10	-	26221	81	18
gi|156	25630	25738	R=10	+	25708	78	15
gi|154	14995	15129	R=10	+	15095	100	19
gi|154	14824	14958	R=10	-	14843	100	19
gi|151	2315	2472	R=10	-	2340	117	25
gi|140	17600	17734	R=10	+	17700	100	19
gi|140	7138	7272	R=10	+	7238	100	19
gi|140	6967	7101	R=10	-	6986	100	19
gi|123	11768	12217	R=10	-	11803	399	35
gi|123	10150	10425	R=10	+	10376	226	34
gi|89	10336	10450	R=10	-	10354	81	18
gi|89	9762	9870	R=10	+	9840	78	15
gi|87	29620	29729	R=10	-	29633	81	13
gi|87	29126	29283	R=10	+	29243	117	25
gi|78	33913	34062	R=10	-	33930	117	17
gi|78	33470	33584	R=10	+	33551	81	18
gi|76	30636	30911	R=10	-	30670	226	34
gi|76	29867	30316	R=10	+	30266	399	35
gi|71	6741	7190	R=10	-	6776	399	35
gi|71	6146	6421	R=10	+	6372	226	34
gi|65	20501	20942	R=10	-	20528	399	27
gi|65	19898	20173	R=10	+	20124	226	34
gi|56	6146	6421	R=10	-	6180	226	34
gi|56	5386	5833	R=10	+	5783	397	35
gi|56	2693	2968	R=10	-	2727	226	34
gi|56	1924	2373	R=10	+	2323	399	35
gi|54	23519	23633	R=10	-	23537	81	18
gi|43	34362	34510	R=10	-	34379	116	17
gi|43	30660	30809	R=10	-	30677	117	17
gi|43	30217	30331	R=10	+	30298	81	18
gi|41	31564	32013	R=10	-	31599	399	35
gi|41	30969	31244	R=10	+	31195	226	34
gi|32	30075	30209	R=10	+	30175	100	19
gi|32	29897	30031	R=10	-	29916	100	19
gi|25	22915	23190	R=10	+	23141	226	34
gi|9	32646	33095	R=10	-	32681	399	35
gi|9	32058	32333	R=10	+	32284	226	34
gi|1	39699	39847	R=10	+	39817	118	15
gi|1044	36402	37201	R=11	-	37066	120	664
gi|1044	35013	35711	R=11	-	35631	65	618
gi|1044	31101	31392	R=11	-	31352	25	251
gi|1040	11166	11789	R=11	-	11707	67	541
gi|1040	9789	10134	R=11	-	10094	25	305
gi|1020	4386	5185	R=11	-	5050	120	664
gi|1020	2998	3695	R=11	-	3615	65	617
gi|1000	21695	22494	R=11	-	22359	120	664
gi|1000	20306	21004	R=11	-	20924	65	618
gi|1000	16397	16684	R=11	-	16644	25	247
gi|994	11159	11781	R=11	-	11699	67	540
gi|994	9780	10125	R=11	-	10085	25	305
gi|992	11146	24988	R=11	-	21143	3830	9997
gi|985	37089	37888	R=11	-	37753	120	664
gi|985	35700	36398	R=11	-	36318	65	618
gi|985	31791	32078	R=11	-	32038	25	247
gi|972	1062	1685	R=11	-	1603	67	541
gi|969	20587	30601	R=11	+	20587	0	9999
gi|949	260	16102	R=11	-	6088	9999	5828
gi|927	4467	4754	R=11	+	4492	25	247
gi|927	114	808	R=11	+	177	63	616
gi|918	33917	34345	R=11	+	33987	70	343
gi|876	1122	4214	R=11	-	2963	1236	1841
gi|867	10474	10881	R=11	+	10541	67	325
gi|835	33304	34099	R=11	-	33965	119	661
gi|835	31915	32613	R=11	-	32533	65	618
gi|835	28002	28293	R=11	-	28253	25	251
gi|824	5933	17173	R=11	-	15922	1236	9989
gi|815	13575	14198	R=11	-	14116	67	541
gi|815	12198	12543	R=11	-	12503	25	305
gi|792	11738	12166	R=11	-	12084	67	346
gi|770	8529	9162	R=11	-	9027	120	498
gi|770	6881	7671	R=11	-	7591	65	710
gi|770	3028	3319	R=11	-	3279	25	251
gi|751	39831	40630	R=11	-	40495	120	664
gi|751	38442	39140	R=11	-	39060	65	618
gi|751	34533	34820	R=11	-	34780	25	247
gi|700	19680	19971	R=11	-	19931	25	251
gi|663	21254	21599	R=11	+	21279	25	305
gi|663	19599	20222	R=11	+	19666	67	541
gi|656	20255	20600	R=11	+	20280	25	305
gi|656	18598	19044	R=11	+	18665	67	364
gi|653	-2	11478	R=11	-	1465	9998	1467
gi|647	13621	14244	R=11	-	14162	67	541
gi|647	12246	12591	R=11	-	12551	25	305
gi|641	17048	35989	R=11	+	27047	9999	8927
gi|629	35174	35602	R=11	-	35517	70	343
gi|629	29582	30010	R=11	-	29925	70	343
gi|619	12357	23069	R=11	+	21213	8856	1841
gi|616	9876	10675	R=11	-	10540	120	664
gi|616	8487	9185	R=11	-	9105	65	618
gi|616	4545	4832	R=11	-	4792	25	247
gi|599	2083	2374	R=11	+	2108	25	251
gi|594	26229	27027	R=11	-	26892	120	663
gi|594	24840	25538	R=11	-	25458	65	618
gi|594	20931	21218	R=11	-	21178	25	247
gi|589	40570	45455	R=11	+	41806	1236	3634
gi|571	-5	10912	R=11	+	9055	9060	1842
gi|559	6242	7041	R=11	-	6906	120	664
gi|559	4853	5551	R=11	-	5471	65	618
gi|559	942	1233	R=11	-	1193	25	251
gi|536	2828	3173	R=11	+	2853	25	305
gi|536	1173	1796	R=11	+	1240	67	541
gi|502	4527	4813	R=11	+	4552	25	246
gi|502	214	1003	R=11	+	279	65	709
gi|499	24717	25008	R=11	+	24742	25	251
gi|499	20397	21095	R=11	+	20462	65	618
gi|499	18907	19706	R=11	+	19027	120	664
gi|491	483	19358	R=11	+	9340	8857	10003
gi|477	10539	21791	R=11	-	20540	1236	10001
gi|462	7822	8109	R=11	+	7847	25	247
gi|462	3502	4200	R=11	+	3567	65	618
gi|462	2012	2811	R=11	+	2132	120	664
gi|453	15338	16137	R=11	-	16002	120	664
gi|453	13949	14647	R=11	-	14567	65	618
gi|453	10006	10293	R=11	-	10253	25	247
gi|448	14421	34429	R=11	+	24418	9997	9996
gi|447	13059	14916	R=11	+	13059	0	1842
gi|440	21135	21934	R=11	-	21799	120	664
gi|440	19746	20444	R=11	-	20364	65	618
gi|440	15800	16090	R=11	-	16050	25	250
gi|432	16977	17776	R=11	-	17641	120	664
gi|432	15588	16286	R=11	-	16206	65	618
gi|432	11680	11967	R=11	-	11927	25	247
gi|414	-2	10717	R=11	-	9466	1236	9468
gi|409	18343	18771	R=11	-	18689	67	346
gi|409	1559	1985	R=11	-	1901	69	342
gi|374	6495	18347	R=11	-	8336	9996	1841
gi|341	38377	41470	R=11	+	39613	1236	1842
gi|336	46429	46774	R=11	-	46734	25	305
gi|317	2100	2387	R=11	+	2125	25	247
gi|302	16942	17229	R=11	+	16967	25	247
gi|302	12624	13322	R=11	+	12689	65	618
gi|302	11134	11933	R=11	+	11254	120	664
gi|282	2	12166	R=11	-	2152	9999	2150
gi|233	26007	26806	R=11	-	26671	120	664
gi|233	24618	25316	R=11	-	25236	65	618
gi|233	20707	20994	R=11	-	20954	25	247
gi|232	13925	32425	R=11	-	22415	9995	8490
gi|216	21007	23409	R=11	+	22242	1235	1152
gi|211	22316	23115	R=11	-	22980	120	664
gi|211	20927	21625	R=11	-	21545	65	618
gi|211	16978	17269	R=11	-	17229	25	251
gi|193	13675	20948	R=11	-	15516	5417	1841
gi|191	39535	40611	R=11	+	39535	0	1061
gi|186	14923	15369	R=11	-	15287	67	364
gi|186	13368	13713	R=11	-	13673	25	305
gi|184	1	14641	R=11	-	9448	5178	9447
gi|157	12674	15767	R=11	-	14516	1236	1842
gi|149	30996	39113	R=11	+	30996	0	8102
gi|137	10694	11317	R=11	-	11235	67	541
gi|137	9317	9662	R=11	-	9622	25	305
gi|100	15734	16533	R=11	-	16398	120	664
gi|100	14345	15043	R=11	-	14963	65	618
gi|100	10432	10723	R=11	-	10683	25	251
gi|95	4891	5178	R=11	+	4916	25	247
gi|95	575	1273	R=11	+	640	65	618
gi|94	28201	28488	R=11	+	28226	25	247
gi|94	23879	24577	R=11	+	23944	65	618
gi|94	22389	23188	R=11	+	22509	120	664
gi|51	4521	15771	R=11	-	14520	1236	9999
gi|36	10682	11109	R=11	-	11027	67	345
gi|28	19869	20668	R=11	-	20533	120	664
gi|28	18480	19178	R=11	-	19098	65	618
gi|28	14568	14859	R=11	-	14819	25	251
gi|21	22700	22991	R=11	+	22725	25	251
gi|21	18379	19077	R=11	+	18444	65	618
gi|21	16890	17688	R=11	+	17010	120	663
gi|1035	24616	30136	R=12	+	29922	5306	199
gi|1035	22921	30136	R=12	+	23190	269	6931
gi|1031	11590	18807	R=12	-	18522	270	6932
gi|1031	11590	18807	R=12	-	11788	7004	198
gi|1031	2160	2475	R=12	-	2190	270	30
gi|1023	12541	16932	R=12	-	16645	272	4104
gi|1011	11061	16091	R=12	+	15925	4864	151
gi|1011	8924	11055	R=12	+	9196	272	1844
gi|1008	35972	36458	R=12	-	36173	270	201
gi|1008	35481	35880	R=12	+	35663	182	202
gi|1008	28676	30807	R=12	+	28947	271	1845
gi|991	5921	9039	R=12	+	8825	2904	199
gi|991	388	5915	R=12	+	5701	5313	199
gi|941	14622	21836	R=12	+	21624	7002	197
gi|941	14622	21836	R=12	+	14891	269	6930
gi|938	37545	38059	R=12	-	37772	272	227
gi|938	25502	25849	R=12	-	25703	131	201
gi|937	24077	31297	R=12	+	31082	7005	200
gi|937	24077	31297	R=12	+	24347	270	6935
gi|906	38342	40077	R=12	-	39997	65	1655
gi|906	25071	25411	R=12	-	25270	126	199
gi|882	38333	39132	R=12	-	38848	269	515
gi|882	25610	26372	R=12	-	25810	547	200
gi|864	5688	10644	R=12	+	10431	4743	198
gi|864	3435	5694	R=12	+	3715	280	1964
gi|853	30113	37331	R=12	+	37119	7006	197
gi|853	30113	37331	R=12	+	30382	269	6934
gi|830	12637	18065	R=12	+	17844	5207	206
gi|830	10851	12651	R=12	+	11120	269	1516
gi|823	23663	24177	R=12	+	23932	269	230
gi|823	22245	23084	R=12	-	22799	270	554
gi|798	4492	4982	R=12	-	4698	269	206
gi|774	36649	40171	R=12	-	36847	3309	198
gi|774	7861	14872	R=12	-	14587	270	6726
gi|774	1077	2948	R=12	-	2663	270	1586
gi|755	28989	31895	R=12	+	31678	2689	202
gi|755	23518	24316	R=12	+	23787	269	514
gi|741	30093	30400	R=12	-	30292	93	199
gi|726	39180	39988	R=12	-	39703	270	523
gi|726	26385	26699	R=12	+	26655	270	29
gi|716	38021	38578	R=12	-	38293	270	272
gi|714	2056	7170	R=12	+	6922	4866	233
gi|714	1	5160	R=12	+	179	178	4966
gi|707	1	3762	R=12	+	3550	3549	197
gi|696	-2	2750	R=12	+	2535	2537	200
gi|689	2066	7546	R=12	+	7335	5269	196
gi|689	341	2038	R=12	+	616	275	1407
gi|684	19112	19425	R=12	-	19139	271	27
gi|684	8828	12000	R=12	-	9030	2955	202
gi|681	34937	35440	R=12	-	35144	281	207
gi|678	3093	3498	R=12	-	3293	190	200
gi|667	528	7648	R=12	+	7531	7003	102
gi|667	528	7648	R=12	+	797	269	6836
gi|666	26494	27293	R=12	-	27009	269	515
gi|658	34734	37715	R=12	+	37497	2763	203
gi|658	27354	34573	R=12	+	34361	7007	197
gi|658	27354	34573	R=12	+	27623	269	6935
gi|658	23903	24562	R=12	+	24172	269	375
gi|655	28268	28991	R=12	-	28369	607	101
gi|637	33617	40121	R=12	-	33814	6292	197
gi|593	7713	14930	R=12	+	14718	7005	197
gi|593	7713	14930	R=12	+	7982	269	6933
gi|592	37808	40000	R=12	-	39781	204	1973
gi|592	32855	38262	R=12	-	33052	5195	197
gi|576	12963	19064	R=12	+	18850	5887	199
gi|576	11832	12965	R=12	+	12102	270	848
gi|576	5278	11691	R=12	+	11476	6198	200
gi|576	4461	5264	R=12	+	4731	270	518
gi|569	19415	26631	R=12	+	26419	7004	197
gi|569	19415	26631	R=12	+	19684	269	6932
gi|565	7492	7984	R=12	+	7762	270	207
gi|561	38301	39083	R=12	-	38801	267	500
gi|561	29882	30720	R=12	-	30435	270	553
gi|561	11115	15374	R=12	-	11318	4041	203
gi|553	19411	26630	R=12	-	26346	269	6935
gi|553	19406	26630	R=12	-	19608	7007	202
gi|546	25654	26174	R=12	-	25885	274	231
gi|546	16968	18109	R=12	-	17169	925	201
gi|545	26126	26612	R=12	-	26325	272	199
gi|539	30485	31285	R=12	+	30755	270	515
gi|521	1	2373	R=12	+	2157	2156	201
gi|517	20031	25502	R=12	+	25336	5305	151
gi|517	18320	18832	R=12	+	18590	270	227
gi|516	38766	39561	R=12	+	39034	268	512
gi|478	3021	8384	R=12	+	8172	5151	197
gi|478	553	2408	R=12	+	824	271	1569
gi|464	30910	31907	R=12	+	31820	910	72
gi|464	23108	29219	R=12	+	23373	265	5831
gi|456	1	4719	R=12	+	4507	4506	197
gi|454	35615	36118	R=12	+	35884	269	219
gi|449	6208	12619	R=12	+	12406	6198	198
gi|449	5389	6189	R=12	+	5659	270	515
gi|449	2466	4597	R=12	-	4313	269	1847
gi|411	5357	7064	R=12	-	6780	269	1423
gi|411	0	5364	R=12	-	51	5298	51
gi|387	1171	2117	R=12	+	1903	732	199
gi|361	6819	14039	R=12	-	13753	271	6934
gi|361	6819	14037	R=12	-	7016	7006	197
gi|357	34797	35042	R=12	-	34893	134	96
gi|357	1255	8470	R=12	-	8186	269	6931
gi|357	1255	8470	R=12	-	1452	7003	197
gi|353	37751	38410	R=12	-	38126	269	375
gi|353	17244	19337	R=12	-	17267	2055	23
gi|327	28907	36125	R=12	-	35841	269	6934
gi|327	28907	36125	R=12	-	29103	7007	196
gi|307	35610	36737	R=12	+	36522	912	200
gi|307	28375	29034	R=12	+	28644	269	375
gi|281	25457	32673	R=12	-	32389	269	6932
gi|281	25453	32673	R=12	-	25654	7004	201
gi|280	27525	32606	R=12	+	32390	4865	201
gi|280	25377	26037	R=12	+	25647	270	375
gi|280	6808	7293	R=12	-	7009	269	201
gi|277	20816	24205	R=12	-	21016	3174	200
gi|254	15215	15774	R=12	-	15490	269	275
gi|235	27743	33301	R=12	+	33089	5346	197
gi|235	26089	33301	R=12	+	26359	270	6927
gi|234	4689	9032	R=12	-	4703	4314	14
gi|224	13129	13488	R=12	+	13402	273	71
gi|212	28494	28882	R=12	-	28597	270	103
gi|208	38847	39320	R=12	+	39101	254	204
gi|200	38850	40147	R=12	+	39120	270	1012
gi|200	34744	35542	R=12	+	35013	269	514
gi|199	28809	33878	R=12	+	33661	4852	202
gi|199	26656	33877	R=12	+	26925	269	6937
gi|199	22425	25137	R=12	+	24922	2497	200
gi|190	36562	40021	R=12	+	36833	271	3173
gi|190	27818	28140	R=12	-	28018	107	200
gi|176	27524	27905	R=12	-	27624	266	100
gi|165	24141	24665	R=12	+	24411	270	239
gi|165	-6	869	R=12	+	648	654	206
gi|154	738	1323	R=12	-	1031	277	293
gi|150	20308	23289	R=12	+	23072	2764	202
gi|133	37936	38147	R=12	+	38035	99	97
gi|133	25994	33225	R=12	+	33000	7006	210
gi|133	25994	33213	R=12	+	26263	269	6935
gi|131	17468	18274	R=12	-	17983	276	515
gi|131	11035	17449	R=12	-	11234	6200	199
gi|131	10504	10813	R=12	-	10703	95	199
gi|131	1	988	R=12	+	776	775	197
gi|128	1	3583	R=12	-	3294	274	3293
gi|123	32447	39666	R=12	+	39454	7007	197
gi|123	32440	39666	R=12	+	32716	276	6935
gi|123	17578	22904	R=12	-	22614	275	5036
gi|123	15647	17581	R=12	-	15844	1722	197
gi|97	27887	33133	R=12	-	32848	270	4961
gi|97	24075	26049	R=12	-	24273	1761	198
gi|88	2921	3309	R=12	+	3190	269	104
gi|78	29563	31236	R=12	-	30952	269	1389
gi|78	24009	30432	R=12	-	24207	6210	198
gi|77	39443	40130	R=12	+	39712	269	403
gi|77	38416	38901	R=12	-	38617	269	201
gi|74	24904	28257	R=12	+	28039	3135	203
gi|74	20451	24316	R=12	+	20718	267	3583
gi|73	2687	3486	R=12	-	3201	270	514
gi|68	1634	1916	R=12	+	1727	93	174
gi|60	16005	16808	R=12	-	16521	272	516
gi|60	9064	14142	R=12	-	9265	4862	201
gi|56	28522	28910	R=12	+	28791	269	104
gi|54	28827	34372	R=12	+	34158	5331	199
gi|54	27156	34372	R=12	+	27425	269	6932
gi|54	13607	20017	R=12	+	19805	6198	197
gi|54	12791	13588	R=12	+	13060	269	513
gi|54	7879	8678	R=12	-	8394	269	515
gi|54	1998	3688	R=12	-	3403	270	1405
gi|37	30911	32599	R=12	-	32315	269	1404
gi|37	25403	30747	R=12	-	25597	5135	194
gi|35	8498	14922	R=12	+	14708	6210	199
gi|35	7693	9410	R=12	+	7964	271	1431
gi|25	21053	21544	R=12	+	21323	270	206
gi|1030	32385	32596	R=13	-	32486	95	101
gi|1030	30447	30697	R=13	+	30549	102	133
gi|1030	28445	28644	R=13	-	28533	96	88
gi|1029	37954	38547	R=13	-	38131	401	177
gi|1029	10404	10603	R=13	+	10500	96	88
gi|1023	25299	25625	R=13	+	25477	178	133
gi|1011	6398	6611	R=13	+	6495	97	101
gi|1011	2346	3184	R=13	+	2967	621	202
gi|999	30725	31051	R=13	-	30858	178	133
gi|991	9049	10121	R=13	-	9485	621	436
gi|979	22631	23504	R=13	-	22869	620	238
gi|965	10946	11158	R=13	+	11042	96	101
gi|959	5535	5889	R=13	-	5717	157	182
gi|959	2368	2619	R=13	-	2500	104	132
gi|951	26257	26748	R=13	+	26531	274	202
gi|944	16611	16818	R=13	-	16712	91	101
gi|943	24990	26063	R=13	-	25428	620	438
gi|938	39153	39364	R=13	-	39254	95	101
gi|938	8520	8846	R=13	+	8698	178	133
gi|924	7417	7628	R=13	+	7512	95	101
gi|917	5992	6318	R=13	-	6125	178	133
gi|917	2463	3405	R=13	+	3084	621	306
gi|915	11120	11525	R=13	+	11205	85	305
gi|903	39828	39990	R=13	-	39961	14	133
gi|903	27768	28306	R=13	-	28206	85	438
gi|897	39735	39933	R=13	-	39823	95	88
gi|893	8282	9356	R=13	+	8903	621	438
gi|886	27549	27663	R=13	+	27568	19	80
gi|886	22520	22905	R=13	+	22604	84	286
gi|883	38545	39513	R=13	+	39060	515	438
gi|879	1	508	R=13	-	232	261	231
gi|874	7231	7558	R=13	+	7410	179	133
gi|847	17747	18821	R=13	-	18185	621	438
gi|845	9851	10069	R=13	+	9953	102	101
gi|841	18548	18874	R=13	-	18681	178	133
gi|841	723	1793	R=13	-	1159	619	436
gi|831	24632	24958	R=13	-	24765	178	133
gi|822	34902	35113	R=13	+	34997	95	101
gi|821	29980	30186	R=13	-	30085	86	105
gi|821	1716	2042	R=13	-	1849	178	133
gi|813	9520	10430	R=13	+	10140	620	275
gi|806	19734	20060	R=13	+	19912	178	133
gi|794	16208	16534	R=13	+	16386	178	133
gi|779	38420	38935	R=13	+	38484	64	436
gi|778	22654	23728	R=13	+	23275	621	438
gi|757	25139	25325	R=13	-	25219	91	80
gi|755	25013	25224	R=13	-	25114	95	101
gi|716	1	850	R=13	-	215	620	214
gi|714	12532	12886	R=13	-	12714	157	182
gi|705	7539	8199	R=13	+	8159	620	25
gi|688	5038	5364	R=13	+	5216	178	133
gi|685	6200	6450	R=13	-	6333	102	133
gi|684	35246	35457	R=13	-	35347	95	101
gi|678	1249	2321	R=13	+	1870	621	436
gi|677	37793	37992	R=13	+	37889	96	88
gi|677	35734	36060	R=13	-	35867	178	133
gi|668	13117	13316	R=13	-	13205	96	88
gi|666	20281	20492	R=13	-	20382	95	101
gi|651	16343	16641	R=13	+	16521	178	105
gi|618	24342	24554	R=13	-	24443	96	101
gi|604	13234	13433	R=13	+	13330	96	88
gi|593	15545	15756	R=13	+	15640	95	101
gi|584	7911	8984	R=13	+	8533	622	436
gi|582	21635	21846	R=13	-	21736	95	101
gi|582	20921	21096	R=13	-	21054	27	133
gi|578	17699	17816	R=13	+	17777	78	24
gi|576	37736	38062	R=13	-	37869	178	133
gi|562	10252	10578	R=13	+	10430	178	133
gi|555	13657	13893	R=13	-	13790	88	133
gi|546	26550	26670	R=13	+	26567	17	88
gi|545	39259	39621	R=13	-	39544	62	285
gi|540	39692	39990	R=13	+	39870	178	105
gi|539	8250	9324	R=13	-	8688	621	438
gi|527	5657	5909	R=13	-	5790	104	133
gi|525	29778	30491	R=13	+	30274	496	202
gi|525	11064	11390	R=13	-	11197	178	133
gi|523	1523	2594	R=13	+	2143	620	436
gi|522	3714	4787	R=13	+	4334	620	438
gi|516	14157	14451	R=13	-	14339	97	182
gi|514	34201	34454	R=13	-	34335	104	134
gi|508	34619	35690	R=13	-	35055	620	436
gi|507	5241	6315	R=13	-	5679	621	438
gi|507	4616	4942	R=13	-	4749	178	133
gi|496	29367	29544	R=13	-	29500	29	133
gi|496	26888	27099	R=13	-	26989	95	101
gi|478	25223	25434	R=13	-	25324	95	101
gi|475	36222	36433	R=13	+	36317	95	101
gi|468	39517	40183	R=13	+	40139	622	29
gi|457	36679	37033	R=13	-	36861	157	182
gi|456	7340	8414	R=13	+	7961	621	438
gi|456	4864	5936	R=13	+	5483	619	438
gi|441	9535	10604	R=13	+	10156	621	433
gi|438	25498	25824	R=13	-	25631	178	133
gi|426	36269	37342	R=13	-	36707	620	438
gi|421	23637	24710	R=13	-	24075	620	438
gi|404	26352	26601	R=13	-	26485	101	133
gi|401	25526	26119	R=13	-	25703	401	177
gi|399	19155	19282	R=13	+	19179	24	88
gi|399	15306	16378	R=13	-	15744	619	438
gi|399	4258	4456	R=13	-	4346	95	88
gi|375	34681	35755	R=13	+	35302	621	438
gi|367	12126	13199	R=13	+	12748	622	436
gi|366	32318	32517	R=13	+	32414	96	88
gi|366	28107	28816	R=13	+	28618	511	183
gi|344	21177	21503	R=13	-	21310	178	133
gi|340	16404	16730	R=13	-	16537	178	133
gi|316	14105	14698	R=13	-	14282	401	177
gi|307	26317	27391	R=13	+	26938	621	438
gi|298	3636	3847	R=13	-	3737	95	101
gi|277	28692	29067	R=13	-	28977	75	285
gi|271	38255	38716	R=13	-	38692	9	437
gi|271	4015	4426	R=13	+	4387	372	24
gi|269	31895	32054	R=13	+	31938	43	101
gi|268	8907	9233	R=13	-	9040	178	133
gi|235	23742	24068	R=13	+	23920	178	133
gi|213	21057	22130	R=13	-	21495	620	438
gi|179	2780	3106	R=13	-	2913	178	133
gi|176	15733	15925	R=13	-	15813	97	80
gi|167	94	305	R=13	+	189	95	101
gi|164	29396	29722	R=13	-	29529	178	133
gi|159	2610	3685	R=13	+	3232	622	438
gi|156	25922	26132	R=13	-	26023	94	101
gi|151	2057	2243	R=13	+	2149	92	79
gi|128	7996	8589	R=13	+	8397	401	177
gi|123	10400	10633	R=13	+	10578	178	40
gi|112	18037	18630	R=13	+	18438	401	177
gi|109	2935	4009	R=13	-	3373	621	438
gi|90	26963	28036	R=13	-	27401	620	438
gi|89	10054	10265	R=13	-	10155	95	101
gi|78	33655	33845	R=13	+	33750	95	80
gi|76	30335	30661	R=13	-	30468	178	133
gi|72	35575	36650	R=13	-	36013	622	438
gi|71	6396	6722	R=13	+	6574	178	133
gi|65	27737	28810	R=13	+	28359	622	436
gi|65	20148	20474	R=13	+	20326	178	133
gi|56	5851	6104	R=13	-	5985	104	134
gi|56	2392	2718	R=13	-	2525	178	133
gi|54	23237	23448	R=13	-	23338	95	101
gi|43	30391	30613	R=13	+	30497	106	101
gi|41	31219	31545	R=13	+	31397	178	133
gi|25	23165	23491	R=13	+	23343	178	133
gi|9	32375	32627	R=13	+	32479	104	133
gi|9	14494	14969	R=13	+	14691	197	263
gi|1044	38128	38278	R=14	-	38180	83	52
gi|1044	2	13585	R=14	-	3571	9999	3569
gi|1040	5409	5608	R=14	-	5562	31	153
gi|1020	27180	32789	R=14	-	30271	2503	3091
gi|1020	6111	6265	R=14	-	6166	84	55
gi|1000	23419	23573	R=14	-	23474	84	55
gi|994	5399	5598	R=14	-	5552	31	153
gi|985	38813	38967	R=14	-	38868	84	55
gi|985	1	4338	R=14	-	4323	0	4322
gi|972	39415	39561	R=14	-	39509	37	94
gi|972	25380	25564	R=14	-	25508	41	128
gi|969	1	14430	R=14	+	4416	4415	9999
gi|949	12260	31045	R=14	-	22259	8771	9999
gi|927	22229	34906	R=14	+	32227	9998	2664
gi|867	20193	20310	R=14	+	20234	41	61
gi|835	35023	35177	R=14	-	35078	84	55
gi|835	2	10540	R=14	-	528	9997	526
gi|815	7818	8017	R=14	-	7971	31	153
gi|792	2303	2420	R=14	-	2364	41	61
gi|770	10088	10242	R=14	-	10143	84	55
gi|751	41555	41709	R=14	-	41610	84	55
gi|751	0	7041	R=14	-	7026	0	7026
gi|720	25324	35339	R=14	+	25324	0	10000
gi|663	25782	25981	R=14	+	25813	31	153
gi|656	24783	24982	R=14	+	24814	31	153
gi|653	7636	27646	R=14	-	17633	9998	9997
gi|647	7865	8064	R=14	-	8018	31	153
gi|641	10876	20891	R=14	+	10876	0	10000
gi|631	25956	29319	R=14	+	25956	0	3348
gi|629	15860	16044	R=14	-	15988	41	128
gi|619	11	12358	R=14	+	5050	5039	7293
gi|616	11600	11754	R=14	-	11655	84	55
gi|594	27952	28106	R=14	-	28007	84	55
gi|589	15653	35667	R=14	+	25652	9999	10000
gi|559	7966	8120	R=14	-	8021	84	55
gi|536	7354	7553	R=14	+	7385	31	153
gi|502	22304	35981	R=14	+	32303	9999	3663
gi|499	17828	17982	R=14	+	17912	84	55
gi|462	933	1087	R=14	+	1017	84	55
gi|453	17062	17216	R=14	-	17117	84	55
gi|448	0	18261	R=14	+	8249	8249	9997
gi|440	22859	23013	R=14	-	22914	84	55
gi|432	18701	18855	R=14	-	18756	84	55
gi|409	8910	9027	R=14	-	8971	41	61
gi|409	4072	4179	R=14	-	4133	31	61
gi|396	2022	22031	R=14	-	12022	9994	10000
gi|374	14507	32166	R=14	-	24504	7647	9997
gi|341	23458	33472	R=14	+	23458	0	9999
gi|336	42048	42247	R=14	-	42201	31	153
gi|309	3919	13935	R=14	-	13920	0	10001
gi|302	10055	10209	R=14	+	10139	84	55
gi|252	5179	15193	R=14	-	15178	0	9999
gi|240	2	8557	R=14	-	8542	0	8540
gi|233	27731	27885	R=14	-	27786	84	55
gi|216	2	16107	R=14	+	6098	6096	9994
gi|211	24040	24194	R=14	-	24095	84	55
gi|198	2421	12435	R=14	-	12420	0	9999
gi|191	13362	33377	R=14	+	23361	9999	10001
gi|186	8991	9189	R=14	-	9143	31	152
gi|157	20675	33146	R=14	-	30671	2460	9996
gi|149	14825	24837	R=14	+	14825	0	9997
gi|138	3091	23101	R=14	-	13088	9998	9997
gi|137	4936	5135	R=14	-	5089	31	153
gi|100	17458	17612	R=14	-	17513	84	55
gi|94	21310	21464	R=14	+	21394	84	55
gi|49	3586	10891	R=14	-	10876	0	7290
gi|36	1250	1367	R=14	-	1311	41	61
gi|28	21593	21747	R=14	-	21648	84	55
gi|21	15813	15967	R=14	+	15897	84	55
gi|991	16439	16775	R=15	-	16760	0	321
gi|991	16229	16564	R=15	+	16229	0	320
gi|990	5458	5767	R=15	-	5752	0	294
gi|990	5221	5530	R=15	+	5221	0	294
gi|965	12391	12727	R=15	-	12712	0	321
gi|965	12209	12383	R=15	+	12209	0	159
gi|931	27503	27864	R=15	-	27849	0	346
gi|931	27317	27678	R=15	+	27317	0	346
gi|864	28810	29376	R=15	-	29361	0	551
gi|864	28809	29375	R=15	+	28809	0	551
gi|831	4033	4465	R=15	-	4450	0	417
gi|831	3601	3746	R=15	+	3601	0	130
gi|819	35033	35343	R=15	-	35328	0	295
gi|819	34796	35106	R=15	+	34796	0	295
gi|805	5430	5740	R=15	-	5725	0	295
gi|805	5193	5503	R=15	+	5193	0	295
gi|805	1530	1866	R=15	-	1851	0	321
gi|805	1319	1655	R=15	+	1319	0	321
gi|802	16311	16876	R=15	-	16861	0	550
gi|802	16310	16875	R=15	+	16310	0	550
gi|802	9466	9803	R=15	-	9788	0	322
gi|802	9245	9550	R=15	+	9245	0	290
gi|802	7466	7772	R=15	-	7757	0	291
gi|802	7213	7550	R=15	+	7213	0	322
gi|774	35215	35400	R=15	+	35215	0	170
gi|732	38092	38275	R=15	+	38092	0	168
gi|722	243	809	R=15	-	794	0	551
gi|722	242	808	R=15	+	242	0	551
gi|713	11220	11374	R=15	-	11359	0	139
gi|691	20606	21172	R=15	+	20606	0	551
gi|618	21346	21520	R=15	-	21505	0	159
gi|618	21002	21338	R=15	+	21002	0	321
gi|578	34419	34666	R=15	-	34651	0	232
gi|578	34185	34432	R=15	+	34185	0	232
gi|565	39857	39983	R=15	+	39857	0	111
gi|565	7984	8260	R=15	+	7984	0	261
gi|565	3595	3942	R=15	-	3927	0	332
gi|565	3357	3633	R=15	+	3357	0	261
gi|561	24472	25038	R=15	-	25023	0	551
gi|546	22136	22702	R=15	+	22136	0	551
gi|516	23823	24389	R=15	-	24374	0	551
gi|516	23822	24388	R=15	+	23822	0	551
gi|464	6580	7149	R=15	-	7134	0	554
gi|457	16619	17049	R=15	+	16619	0	415
gi|424	2378	2551	R=15	-	2536	0	158
gi|411	9039	9240	R=15	-	9225	0	186
gi|411	8753	8954	R=15	+	8753	0	186
gi|380	16278	16588	R=15	-	16573	0	295
gi|380	16041	16351	R=15	+	16041	0	295
gi|377	23709	24019	R=15	-	24004	0	295
gi|377	23472	23782	R=15	+	23472	0	295
gi|361	29137	29684	R=15	+	29137	0	532
gi|357	12710	13019	R=15	-	13004	0	294
gi|357	12473	12782	R=15	+	12473	0	294
gi|353	34468	34804	R=15	+	34468	0	321
gi|353	16682	17244	R=15	-	17229	0	547
gi|353	16681	17243	R=15	+	16681	0	547
gi|340	18037	18603	R=15	-	18588	0	551
gi|340	18036	18602	R=15	+	18036	0	551
gi|340	8510	9076	R=15	-	9061	0	551
gi|340	8509	9075	R=15	+	8509	0	551
gi|305	4729	5039	R=15	-	5024	0	295
gi|305	4492	4802	R=15	+	4492	0	295
gi|287	28961	29348	R=15	-	29333	0	372
gi|287	27492	27680	R=15	+	27492	0	173
gi|278	24879	25445	R=15	-	25430	0	551
gi|278	24878	25444	R=15	+	24878	0	551
gi|268	11674	12240	R=15	-	12225	0	551
gi|268	11673	12239	R=15	+	11673	0	551
gi|254	12804	13014	R=15	+	12804	0	195
gi|234	25438	26004	R=15	-	25989	0	551
gi|234	25437	26003	R=15	+	25437	0	551
gi|220	34076	34386	R=15	+	34076	0	295
gi|212	15059	15625	R=15	-	15610	0	551
gi|212	15058	15624	R=15	+	15058	0	551
gi|199	37326	37876	R=15	+	37326	0	535
gi|199	34685	35251	R=15	-	35236	0	551
gi|199	34684	35250	R=15	+	34684	0	551
gi|199	7053	7389	R=15	-	7374	0	321
gi|199	6842	7178	R=15	+	6842	0	321
gi|194	13367	13677	R=15	-	13662	0	295
gi|194	13130	13440	R=15	+	13130	0	295
gi|166	19702	20268	R=15	-	20253	0	551
gi|166	19701	20267	R=15	+	19701	0	551
gi|165	28831	29394	R=15	-	29379	0	548
gi|165	28830	29393	R=15	+	28830	0	548
gi|164	25642	26207	R=15	-	26192	0	550
gi|164	25641	26206	R=15	+	25641	0	550
gi|154	9	572	R=15	-	557	0	548
gi|154	8	571	R=15	+	8	0	548
gi|150	12222	12787	R=15	-	12772	0	550
gi|150	12221	12786	R=15	+	12221	0	550
gi|111	20754	21320	R=15	-	21305	0	551
gi|111	20753	21319	R=15	+	20753	0	551
gi|104	23764	24074	R=15	-	24059	0	295
gi|104	23527	23837	R=15	+	23527	0	295
gi|87	38185	38341	R=15	-	38326	0	141
gi|76	29303	29504	R=15	-	29489	0	186
gi|76	28957	29267	R=15	+	28957	0	295
gi|54	22390	22957	R=15	-	22942	0	552
gi|54	22389	22956	R=15	+	22389	0	552
gi|1026	19673	20102	R=16	+	19999	326	88
gi|1026	19679	20102	R=16	-	19832	255	153
gi|897	37888	38388	R=16	+	38211	323	162
gi|897	37882	38382	R=16	-	38044	323	162
gi|774	30250	30800	R=16	+	30472	222	313
gi|774	30248	30800	R=16	-	30305	480	57
gi|774	28713	29294	R=16	+	29222	509	57
gi|774	28681	29292	R=16	-	29055	222	374
gi|739	5002	5915	R=16	+	5519	517	381
gi|739	5004	5883	R=16	-	5352	516	348
gi|707	18638	18955	R=16	-	18808	132	170
gi|702	16453	17365	R=16	+	16971	518	379
gi|684	32452	33328	R=16	+	32936	484	377
gi|684	32452	33296	R=16	-	32769	512	317
gi|651	1782	2324	R=16	+	2162	380	147
gi|651	1847	2406	R=16	-	1995	396	148
gi|578	28150	28993	R=16	+	28658	508	320
gi|578	28118	28993	R=16	-	28491	487	373
gi|562	8842	9242	R=16	+	9064	222	163
gi|562	8840	9236	R=16	-	8897	324	57
gi|562	7491	7887	R=16	+	7815	324	57
gi|562	7485	7885	R=16	-	7648	222	163
gi|516	19671	20056	R=16	+	19886	215	155
gi|516	19671	20130	R=16	-	19719	396	48
gi|516	6585	7053	R=16	+	6981	396	57
gi|516	6666	7043	R=16	-	6814	214	148
gi|496	31405	31944	R=16	+	31615	210	314
gi|496	31405	31944	R=16	-	31448	481	43
gi|438	29442	30025	R=16	+	29662	220	348
gi|438	29440	30027	R=16	-	29496	516	56
gi|438	20228	20583	R=16	+	20511	283	57
gi|438	20228	20581	R=16	-	20345	221	117
gi|419	38913	39307	R=16	+	39235	322	57
gi|419	38907	39305	R=16	-	39068	222	161
gi|365	16196	16774	R=16	+	16418	222	341
gi|365	16194	16776	R=16	-	16251	510	57
gi|365	14658	15240	R=16	+	15168	510	57
gi|365	14660	15238	R=16	-	15001	222	341
gi|280	18191	18761	R=16	+	18589	398	157
gi|280	18265	18835	R=16	-	18422	398	157
gi|265	17637	18448	R=16	+	18118	481	315
gi|265	17637	18448	R=16	-	17952	481	315
gi|213	19210	19714	R=16	+	19541	331	158
gi|213	19216	19720	R=16	-	19374	331	158
gi|199	992	1364	R=16	+	1254	262	95
gi|199	992	1364	R=16	-	1087	262	95
gi|41	2014	2630	R=16	+	2236	222	379
gi|41	2012	2598	R=16	-	2069	514	57
gi|41	473	1059	R=16	+	987	514	57
gi|41	441	1057	R=16	-	820	222	379
gi|25	33430	33827	R=16	-	33487	325	57
gi|25	32081	32478	R=16	+	32406	325	57
gi|25	5151	5453	R=16	-	5208	230	57
gi|990	3149	3800	R=17	+	3268	119	517
gi|990	3149	3800	R=17	-	3241	544	92
gi|938	36747	37398	R=17	+	36865	118	518
gi|938	36747	37398	R=17	-	36838	545	91
gi|920	29195	29334	R=17	+	29276	81	43
gi|920	29119	29274	R=17	-	29220	39	101
gi|845	39818	40014	R=17	+	39942	124	57
gi|834	30443	30738	R=17	+	30564	121	159
gi|834	30446	30738	R=17	-	30537	186	91
gi|834	16559	16722	R=17	+	16616	57	91
gi|834	16314	16486	R=17	-	16405	66	91
gi|834	2665	2776	R=17	+	2689	24	72
gi|798	35772	36422	R=17	-	36289	118	517
gi|798	35772	36422	R=17	+	35890	118	517
gi|780	28610	29260	R=17	+	28728	118	517
gi|780	28610	29260	R=17	-	28701	544	91
gi|774	428	1078	R=17	+	546	118	517
gi|774	422	1078	R=17	-	519	544	97
gi|757	28584	29048	R=17	+	28702	118	331
gi|730	15439	16089	R=17	+	15557	118	517
gi|730	15436	16089	R=17	-	15530	544	94
gi|693	28143	28756	R=17	+	28224	81	517
gi|693	28077	28222	R=17	-	28168	39	91
gi|655	20749	20952	R=17	-	20840	97	91
gi|614	39688	39999	R=17	+	39809	121	175
gi|614	39690	40000	R=17	-	39782	203	92
gi|604	4878	4989	R=17	+	4902	24	72
gi|598	7498	7608	R=17	+	7581	83	12
gi|598	7431	7597	R=17	-	7523	59	92
gi|598	6404	7054	R=17	+	6522	118	517
gi|598	6404	7054	R=17	-	6495	544	91
gi|587	17284	17938	R=17	+	17404	120	519
gi|587	17285	17938	R=17	-	17377	546	92
gi|578	17820	18470	R=17	+	17938	118	517
gi|578	17815	18470	R=17	-	17911	544	96
gi|561	38076	38249	R=17	+	38142	66	92
gi|561	9820	9981	R=17	+	9877	57	89
gi|561	9578	9750	R=17	-	9669	66	91
gi|512	39465	40118	R=17	+	40011	546	92
gi|512	39462	40117	R=17	-	39556	546	94
gi|478	2439	3020	R=17	+	2488	49	517
gi|478	2438	3020	R=17	-	2461	544	23
gi|465	11532	11671	R=17	+	11613	81	43
gi|465	1834	2303	R=17	+	1952	118	336
gi|465	1834	2303	R=17	-	1925	363	91
gi|464	32325	32502	R=17	-	32368	119	43
gi|464	32045	32160	R=17	+	32055	10	90
gi|363	35854	36503	R=17	-	36370	118	516
gi|363	35854	36503	R=17	+	35972	118	516
gi|361	28334	28462	R=17	-	28429	18	95
gi|361	25753	26223	R=17	+	25871	118	337
gi|361	25753	26223	R=17	-	25844	364	91
gi|357	33338	33449	R=17	+	33362	24	72
gi|327	24268	24415	R=17	-	24370	30	102
gi|255	25321	25438	R=17	+	25405	84	18
gi|255	13998	14134	R=17	-	14089	30	91
gi|254	32059	32753	R=17	+	32222	163	516
gi|254	32104	32753	R=17	-	32195	543	91
gi|212	8743	9086	R=17	+	8861	118	210
gi|212	8739	9023	R=17	-	8834	174	95
gi|212	3970	4081	R=17	+	3994	24	72
gi|179	0	342	R=17	+	235	235	92
gi|179	6	342	R=17	-	208	119	202
gi|176	5970	6619	R=17	+	6088	118	516
gi|176	5970	6619	R=17	-	6061	543	91
gi|164	15313	15964	R=17	-	15830	119	517
gi|164	15312	15963	R=17	+	15431	119	517
gi|154	19923	20464	R=17	+	20041	118	408
gi|154	19923	20464	R=17	-	20014	435	91
gi|154	12015	12161	R=17	+	12054	39	92
gi|154	11750	11896	R=17	-	11842	39	92
gi|140	3556	3900	R=17	-	3766	119	210
gi|140	3383	3624	R=17	+	3399	16	210
gi|133	20058	20169	R=17	+	20082	24	72
gi|133	19833	19943	R=17	-	19905	23	72
gi|88	2424	2535	R=17	+	2448	24	72
gi|88	2200	2310	R=17	-	2271	24	71
gi|80	5672	5773	R=17	+	5735	63	23
gi|80	5465	5637	R=17	-	5556	66	91
gi|56	27801	27911	R=17	-	27872	24	71
gi|43	34005	34116	R=17	+	34029	24	72
gi|1032	4310	4653	R=18	-	4627	11	317
gi|979	34430	34671	R=18	+	34441	11	215
gi|962	17286	17733	R=18	+	17297	11	421
gi|955	33096	33199	R=18	-	33178	6	82
gi|941	31751	31861	R=18	-	31835	11	84
gi|930	20476	21087	R=18	-	21061	11	585
gi|905	23555	24119	R=18	-	24093	11	538
gi|902	23321	23494	R=18	+	23330	9	149
gi|804	37348	37912	R=18	+	37359	11	538
gi|743	24756	25203	R=18	+	24767	11	421
gi|722	9697	10143	R=18	+	9708	11	420
gi|709	59	670	R=18	+	70	11	585
gi|683	38106	38669	R=18	+	38117	11	537
gi|666	38414	38572	R=18	+	38425	11	132
gi|664	8953	9107	R=18	-	9081	11	128
gi|648	28718	29098	R=18	+	28729	11	354
gi|610	28436	28612	R=18	+	28447	11	150
gi|607	12108	12719	R=18	-	12693	11	585
gi|593	35675	35828	R=18	+	35686	11	127
gi|591	11283	11480	R=18	-	11454	11	171
gi|585	26692	26803	R=18	+	26703	11	85
gi|563	28541	28694	R=18	+	28552	11	127
gi|547	35908	36016	R=18	-	35992	9	84
gi|512	16284	16437	R=18	+	16295	11	127
gi|510	321	932	R=18	+	332	11	585
gi|503	31733	31930	R=18	+	31744	11	171
gi|503	30520	30674	R=18	+	30531	11	128
gi|376	27109	27288	R=18	+	27118	9	155
gi|346	7759	7938	R=18	+	7768	9	155
gi|261	15096	15247	R=18	-	15221	11	125
gi|258	21837	22034	R=18	+	21848	11	171
gi|246	36653	36850	R=18	+	36664	11	171
gi|223	10155	10305	R=18	+	10166	11	124
gi|210	4257	4429	R=18	+	4266	9	148
gi|153	38470	38597	R=18	-	38571	11	101
gi|145	34659	34810	R=18	+	34670	11	125
gi|77	9995	10149	R=18	-	10123	11	128
gi|1040	19933	20289	R=19	-	20016	258	83
gi|1040	19933	20255	R=19	+	20012	79	228
gi|994	22536	22858	R=19	-	22619	224	83
gi|994	22562	22858	R=19	+	22615	53	228
gi|994	19909	20265	R=19	-	19992	258	83
gi|994	19909	20231	R=19	+	19988	79	228
gi|992	8545	18633	R=19	-	8621	9997	76
gi|992	8564	18629	R=19	+	8617	53	9997
gi|972	34061	34383	R=19	-	34144	224	83
gi|972	34061	34383	R=19	+	34140	79	228
gi|972	12436	12758	R=19	-	12519	224	83
gi|972	12462	12758	R=19	+	12515	53	228
gi|972	9816	10172	R=19	-	9899	258	83
gi|972	9816	10138	R=19	+	9895	79	228
gi|969	23117	33184	R=19	-	33116	53	9999
gi|969	23113	33203	R=19	+	33112	9999	76
gi|918	43170	43466	R=19	-	43398	53	228
gi|918	43170	43485	R=19	+	43394	224	76
gi|918	39147	39444	R=19	-	39376	53	229
gi|918	39118	39470	R=19	+	39372	254	83
gi|918	2	9983	R=19	-	9915	53	9913
gi|918	2	10002	R=19	+	9911	9909	76
gi|910	7709	17799	R=19	-	7785	9999	76
gi|910	7728	17795	R=19	+	7781	53	9999
gi|876	28499	31045	R=19	-	28575	2455	76
gi|876	28518	31045	R=19	+	28571	53	2459
gi|867	4130	4426	R=19	-	4358	53	228
gi|867	4130	4445	R=19	+	4354	224	76
gi|867	121	416	R=19	-	348	53	227
gi|867	92	442	R=19	+	344	252	83
gi|824	3340	4309	R=19	-	3416	878	76
gi|824	3359	4309	R=19	+	3412	53	882
gi|815	24939	25261	R=19	-	25022	224	83
gi|815	24965	25261	R=19	+	25018	53	228
gi|815	22316	22672	R=19	-	22399	258	83
gi|815	22316	22638	R=19	+	22395	79	228
gi|792	18222	18537	R=19	-	18298	224	76
gi|792	18241	18537	R=19	+	18294	53	228
gi|663	11158	11480	R=19	-	11386	79	228
gi|663	11124	11480	R=19	+	11382	258	83
gi|663	8532	8828	R=19	-	8760	53	228
gi|663	8532	8854	R=19	+	8756	224	83
gi|656	10140	10462	R=19	-	10368	79	228
gi|656	10106	10462	R=19	+	10364	258	83
gi|656	7520	7816	R=19	-	7748	53	228
gi|656	7520	7842	R=19	+	7744	224	83
gi|647	24993	25314	R=19	-	25076	223	83
gi|647	25019	25314	R=19	+	25072	53	227
gi|647	22375	22731	R=19	-	22458	258	83
gi|647	22375	22697	R=19	+	22454	79	228
gi|629	24457	24809	R=19	-	24540	254	83
gi|629	24483	24780	R=19	+	24536	53	229
gi|629	3387	3704	R=19	-	3469	220	82
gi|629	3387	3704	R=19	+	3465	78	224
gi|619	23730	33800	R=19	-	33732	53	10002
gi|571	11573	21638	R=19	-	21570	53	9997
gi|571	11569	21657	R=19	+	21566	9997	76
gi|491	11870	21940	R=19	-	21872	53	10002
gi|477	7935	17375	R=19	-	8011	9349	76
gi|477	7954	17375	R=19	+	8007	53	9353
gi|448	26948	37013	R=19	-	36945	53	9997
gi|448	26944	37032	R=19	+	36941	9997	76
gi|409	24839	25154	R=19	-	24915	224	76
gi|409	24858	25154	R=19	+	24911	53	228
gi|336	22241	22558	R=19	-	22323	220	82
gi|336	22241	22558	R=19	+	22319	78	224
gi|282	26307	28677	R=19	-	26383	2279	76
gi|282	26326	28677	R=19	+	26379	53	2283
gi|232	9826	13958	R=19	-	9902	4041	76
gi|232	9845	13958	R=19	+	9898	53	4045
gi|193	2947	13015	R=19	+	3000	53	10000
gi|157	1927	12017	R=19	-	2003	9999	76
gi|157	1946	12013	R=19	+	1999	53	9999
gi|137	22068	22390	R=19	-	22151	224	83
gi|137	22094	22390	R=19	+	22147	53	228
gi|137	19450	19806	R=19	-	19533	258	83
gi|137	19450	19772	R=19	+	19529	79	228
gi|51	1919	12009	R=19	-	1995	9999	76
gi|51	1938	12005	R=19	+	1991	53	9999
gi|36	21195	21547	R=19	-	21278	254	83
gi|36	21221	21518	R=19	+	21274	53	229
gi|36	17180	17495	R=19	-	17256	224	76
gi|36	17199	17495	R=19	+	17252	53	228
gi|1033	13422	25377	R=20	-	23422	1940	10000
gi|1033	12000	23880	R=20	-	13867	9998	1867
gi|1033	1	12004	R=20	-	4320	7669	4319
gi|1027	0	1484	R=20	-	230	1239	230
gi|934	22006	37123	R=20	-	32005	5103	9999
gi|934	12453	32465	R=20	-	22451	9999	9998
gi|934	2903	22911	R=20	-	12898	9998	9995
gi|934	2	13303	R=20	-	3348	9940	3346
gi|790	13006	27209	R=20	-	23002	4192	9996
gi|790	4086	23275	R=20	-	13451	9809	9365
gi|790	2	4342	R=20	-	3920	407	3918
gi|750	28966	40000	R=20	+	38965	9999	1020
gi|750	29411	39425	R=20	+	29411	0	9999
gi|750	19856	29871	R=20	+	19856	0	10000
gi|750	3730	20316	R=20	+	10301	6571	10000
gi|697	20816	31529	R=20	-	30814	700	9998
gi|697	11263	31085	R=20	-	21261	9809	9998
gi|697	1708	21720	R=20	-	11708	9997	10000
gi|697	-13	2168	R=20	-	2153	0	2166
gi|640	29828	40213	R=20	-	39824	374	9996
gi|640	20275	40213	R=20	-	30273	9925	9998
gi|640	11148	30732	R=20	-	20720	9997	9572
gi|640	1176	21180	R=20	-	11170	9995	9994
gi|640	1	11629	R=20	-	1618	9996	1617
gi|552	23318	41481	R=20	-	32161	9305	8843
gi|552	12619	30568	R=20	-	22615	7938	9996
gi|552	3067	23073	R=20	-	13064	9994	9997
gi|552	2	13507	R=20	-	3512	9980	3510
gi|152	22406	41478	R=20	+	32402	9996	9061
gi|152	22499	22797	R=20	+	22758	259	24
gi|152	12943	13246	R=20	+	13207	264	24
gi|152	2	13759	R=20	+	3740	3738	10004
gi|59	13522	25821	R=20	-	23524	2282	10002
gi|59	11210	13982	R=20	-	13967	0	2757
gi|29	31375	39232	R=20	+	38456	7081	761
gi|29	14178	29351	R=20	+	19342	5164	9994
gi|29	8239	14181	R=20	+	9797	1558	4369
gi|29	1	8240	R=20	+	223	222	8002
gi|1039	12954	13132	R=21	-	13069	48	115
gi|1036	28441	28620	R=21	-	28557	48	116
gi|1034	1225	1403	R=21	+	1273	48	115
gi|1018	9111	9289	R=21	+	9159	48	115
gi|978	35380	35559	R=21	+	35428	48	116
gi|975	3483	3662	R=21	+	3531	48	116
gi|975	891	1070	R=21	-	1007	48	116
gi|971	34848	35027	R=21	-	34964	48	116
gi|950	34603	34781	R=21	-	34718	48	115
gi|925	30775	30953	R=21	+	30823	48	115
gi|925	8434	8613	R=21	-	8550	48	116
gi|897	38944	39122	R=21	-	39059	48	115
gi|889	21079	21258	R=21	+	21127	48	116
gi|880	7933	8111	R=21	+	7981	48	115
gi|872	33835	34013	R=21	+	33883	48	115
gi|859	7332	7510	R=21	+	7380	48	115
gi|822	39906	40085	R=21	+	39954	48	116
gi|816	22770	22948	R=21	+	22818	48	115
gi|814	3494	3672	R=21	-	3610	47	116
gi|800	16094	16273	R=21	+	16142	48	116
gi|786	24101	24280	R=21	+	24149	48	116
gi|749	25937	26115	R=21	+	25985	48	115
gi|718	32736	32915	R=21	-	32852	48	116
gi|715	34814	34965	R=21	-	34929	21	115
gi|685	7843	8019	R=21	+	7889	46	115
gi|680	14358	14500	R=21	+	14406	48	79
gi|651	23198	23377	R=21	+	23246	48	116
gi|649	5693	5871	R=21	+	5741	48	115
gi|607	922	1101	R=21	+	970	48	116
gi|593	4020	4172	R=21	-	4136	21	116
gi|590	35754	35906	R=21	+	35775	21	116
gi|590	34221	34399	R=21	-	34336	48	115
gi|582	19534	19712	R=21	-	19649	48	115
gi|546	33650	33828	R=21	+	33698	48	115
gi|539	9590	9768	R=21	-	9705	48	115
gi|517	17659	17838	R=21	+	17707	48	116
gi|496	19716	19895	R=21	+	19764	48	116
gi|493	1901	2080	R=21	+	1949	48	116
gi|489	22247	22425	R=21	-	22362	48	115
gi|479	21211	21389	R=21	-	21326	48	115
gi|465	38970	39149	R=21	+	39018	48	116
gi|444	758	937	R=21	-	874	48	116
gi|438	31942	32121	R=21	-	32058	48	116
gi|418	27586	27764	R=21	-	27701	48	115
gi|413	16321	16500	R=21	+	16369	48	116
gi|412	9913	10092	R=21	+	9961	48	116
gi|404	38410	38588	R=21	-	38525	48	115
gi|388	38748	38927	R=21	+	38796	48	116
gi|378	13739	13917	R=21	-	13854	48	115
gi|365	3802	3980	R=21	-	3917	48	115
gi|343	2799	2978	R=21	-	2915	48	116
gi|325	22398	22576	R=21	+	22446	48	115
gi|323	35546	35725	R=21	+	35594	48	116
gi|296	11760	11938	R=21	-	11875	48	115
gi|268	14250	14428	R=21	-	14365	48	115
gi|264	3232	3410	R=21	+	3280	48	115
gi|258	10789	10964	R=21	-	10902	47	113
gi|256	29849	30028	R=21	+	29897	48	116
gi|255	14753	14932	R=21	+	14801	48	116
gi|248	21956	22108	R=21	+	21977	21	116
gi|224	5185	5362	R=21	-	5299	48	114
gi|213	30454	30633	R=21	-	30570	48	116
gi|164	38888	39066	R=21	+	38936	48	115
gi|159	25612	25764	R=21	-	25728	21	116
gi|159	4953	5131	R=21	+	5001	48	115
gi|147	4776	4955	R=21	+	4824	48	116
gi|134	37190	37369	R=21	-	37306	48	116
gi|131	8645	8824	R=21	+	8693	48	116
gi|123	6738	6917	R=21	+	6786	48	116
gi|84	38421	38572	R=21	+	38442	21	115
gi|77	3269	3447	R=21	-	3384	48	115
gi|48	9543	9722	R=21	+	9591	48	116
gi|41	4236	4415	R=21	+	4284	48	116
gi|6	6366	6544	R=21	+	6414	48	115
gi|1	23552	23703	R=21	+	23573	21	115
gi|971	36331	36587	R=22	+	36357	26	215
gi|965	3776	3974	R=22	+	3802	26	157
gi|936	20418	20650	R=22	-	20609	26	191
gi|936	19953	20185	R=22	+	19979	26	191
gi|895	2224	2442	R=22	-	2401	26	177
gi|850	11278	12079	R=22	-	12038	26	760
gi|850	11278	12079	R=22	+	11304	26	760
gi|800	6143	6375	R=22	-	6334	26	191
gi|800	5678	5910	R=22	+	5704	26	191
gi|796	8753	9556	R=22	-	9515	26	762
gi|796	8753	9556	R=22	+	8779	26	762
gi|793	4999	5530	R=22	-	5489	26	490
gi|793	3634	3915	R=22	+	3660	26	240
gi|781	36141	36944	R=22	-	36903	26	762
gi|781	36141	36944	R=22	+	36167	26	762
gi|777	32043	32300	R=22	-	32259	26	216
gi|777	26986	27181	R=22	+	27012	26	154
gi|776	31395	32198	R=22	-	32157	26	762
gi|776	31395	32198	R=22	+	31421	26	762
gi|771	21602	21778	R=22	-	21737	26	135
gi|771	21081	21257	R=22	+	21107	26	135
gi|730	39305	39607	R=22	-	39566	26	261
gi|715	34011	34813	R=22	-	34773	25	762
gi|715	34011	34813	R=22	+	34037	26	761
gi|713	13445	13718	R=22	-	13677	26	232
gi|673	3793	4048	R=22	-	4007	26	214
gi|673	3012	3267	R=22	+	3038	26	214
gi|627	11880	12683	R=22	-	12642	26	762
gi|627	11880	12683	R=22	+	11906	26	762
gi|618	31526	31724	R=22	-	31683	26	157
gi|590	6488	6743	R=22	-	6702	26	214
gi|590	5706	5962	R=22	+	5732	26	215
gi|588	11036	11291	R=22	-	11250	26	214
gi|588	10140	10395	R=22	+	10166	26	214
gi|585	38877	39109	R=22	+	38903	26	191
gi|541	31147	31402	R=22	-	31361	26	214
gi|541	30365	30621	R=22	+	30391	26	215
gi|496	22775	23048	R=22	-	23007	26	232
gi|495	29543	29799	R=22	-	29758	26	215
gi|495	29035	29282	R=22	+	29052	17	215
gi|495	28777	29032	R=22	-	28991	26	214
gi|495	27996	28251	R=22	+	28022	26	214
gi|489	23615	23890	R=22	+	23641	26	234
gi|489	5571	5844	R=22	-	5803	26	232
gi|489	4703	4921	R=22	+	4703	0	203
gi|455	18327	18657	R=22	-	18616	26	289
gi|455	17640	17885	R=22	+	17656	16	214
gi|382	14623	14855	R=22	-	14814	26	191
gi|382	14158	14390	R=22	+	14184	26	191
gi|342	34467	34819	R=22	-	34778	26	311
gi|342	33649	33977	R=22	+	33675	26	287
gi|334	37662	37811	R=22	-	37770	26	108
gi|334	37113	37262	R=22	+	37139	26	108
gi|332	28837	29068	R=22	-	29028	25	191
gi|332	28372	28604	R=22	+	28398	26	191
gi|321	39395	39650	R=22	+	39421	26	214
gi|266	19915	20146	R=22	-	20106	25	191
gi|250	34228	35031	R=22	-	34990	26	762
gi|250	34228	35031	R=22	+	34254	26	762
gi|246	37853	38656	R=22	-	38615	26	762
gi|246	37853	38656	R=22	+	37879	26	762
gi|181	32721	32976	R=22	+	32747	26	214
gi|174	18271	18555	R=22	-	18514	26	243
gi|174	13620	13967	R=22	+	13646	26	306
gi|148	39665	39938	R=22	-	39897	26	232
gi|148	38929	39202	R=22	+	38955	26	232
gi|124	27177	27409	R=22	+	27203	26	191
gi|13	16479	16618	R=22	-	16577	26	98
gi|13	15633	15773	R=22	+	15659	26	99
gi|9	26743	27546	R=22	-	27505	26	762
gi|9	26743	27546	R=22	+	26769	26	762
gi|5	23356	24159	R=22	-	24118	26	762
gi|5	23356	24159	R=22	+	23382	26	762
gi|998	5588	5706	R=23	+	5686	98	5
gi|989	36158	36300	R=23	-	36181	104	23
gi|955	19783	19950	R=23	+	19921	138	14
gi|897	35228	35339	R=23	-	35250	74	22
gi|873	1971	2124	R=23	-	1990	119	19
gi|865	15288	15401	R=23	+	15362	74	24
gi|822	6540	7352	R=23	+	7316	776	21
gi|807	723	1080	R=23	-	748	317	25
gi|804	9312	10125	R=23	+	10086	774	24
gi|706	35793	35906	R=23	+	35867	74	24
gi|703	28554	28697	R=23	-	28579	103	25
gi|664	36413	36526	R=23	-	36437	74	24
gi|610	33908	34110	R=23	-	33933	162	25
gi|539	28790	28893	R=23	-	28811	67	21
gi|492	23397	23555	R=23	+	23522	125	18
gi|461	29929	30042	R=23	+	30003	74	24
gi|435	2615	2728	R=23	+	2689	74	24
gi|352	37355	37468	R=23	+	37429	74	24
gi|340	36282	36522	R=23	-	36295	212	13
gi|279	9315	9565	R=23	+	9525	210	25
gi|120	9374	9488	R=23	+	9448	74	25
gi|81	37858	37964	R=23	-	37883	66	25
gi|63	20782	21129	R=23	+	21089	307	25
gi|34	6918	7727	R=23	-	6940	772	22
gi|25	34064	34870	R=23	+	34835	771	20
gi|999	27927	28374	R=24	+	28029	102	330
gi|959	2648	2904	R=24	-	2794	95	146
gi|920	36903	37142	R=24	+	37017	114	110
gi|882	24351	24946	R=24	+	24821	470	110
gi|882	20637	21579	R=24	+	21123	486	441
gi|882	17793	18349	R=24	+	17893	100	441
gi|882	14619	14858	R=24	+	14733	114	110
gi|882	13291	13439	R=24	-	13400	24	109
gi|882	6386	6981	R=24	-	6495	471	109
gi|855	7904	8144	R=24	-	8015	114	111
gi|855	1004	1462	R=24	-	1115	332	111
gi|838	11619	11797	R=24	-	11662	120	43
gi|838	4809	5405	R=24	-	4918	472	109
gi|830	482	749	R=24	+	604	122	130
gi|806	17985	18163	R=24	-	18048	100	63
gi|755	34018	34257	R=24	+	34132	114	110
gi|745	15255	15496	R=24	-	15366	115	111
gi|741	30533	30884	R=24	-	30767	102	234
gi|732	34567	34794	R=24	+	34677	110	102
gi|706	10370	10603	R=24	-	10480	108	110
gi|693	1981	2551	R=24	-	2421	115	440
gi|684	28110	28707	R=24	+	28581	471	111
gi|684	6574	6814	R=24	+	6688	114	111
gi|664	21404	22345	R=24	+	21890	486	440
gi|664	18599	19154	R=24	+	18699	100	440
gi|655	17486	17992	R=24	+	17588	102	389
gi|655	10760	11266	R=24	+	10862	102	389
gi|562	16845	17295	R=24	+	17178	333	102
gi|562	12123	12356	R=24	+	12238	115	103
gi|549	18528	18761	R=24	+	18642	114	104
gi|545	3593	3952	R=24	-	3824	113	231
gi|527	14900	15044	R=24	-	14915	114	15
gi|516	34056	34558	R=24	-	34445	98	389
gi|490	27807	27981	R=24	-	27850	116	43
gi|490	21378	21907	R=24	-	21421	471	43
gi|481	25281	25631	R=24	-	25503	113	222
gi|476	627	1108	R=24	+	983	356	110
gi|465	7329	7895	R=24	+	7443	114	437
gi|457	38161	38402	R=24	+	38276	115	111
gi|454	17916	18274	R=24	+	18031	115	228
gi|444	22666	23003	R=24	-	22886	102	220
gi|399	11096	11232	R=24	+	11108	12	109
gi|298	16102	16340	R=24	-	16211	114	109
gi|298	10204	10799	R=24	-	10313	471	109
gi|278	30862	31239	R=24	+	30960	98	264
gi|277	38122	38480	R=24	-	38361	104	239
gi|271	38744	39122	R=24	+	38844	100	263
gi|255	1270	1428	R=24	+	1302	32	111
gi|224	18007	18255	R=24	-	18118	122	111
gi|224	13684	14280	R=24	-	13793	472	109
gi|213	9766	10706	R=24	+	10252	486	439
gi|213	6854	7432	R=24	+	6978	124	439
gi|181	10141	10856	R=24	+	10629	488	212
gi|176	16380	16773	R=24	-	16645	113	265
gi|176	7199	7544	R=24	+	7304	105	225
gi|165	37765	38113	R=24	-	38000	98	235
gi|165	31555	32294	R=24	-	31790	489	235
gi|140	17286	17556	R=24	+	17388	102	153
gi|112	16020	16260	R=24	-	16131	114	111
gi|102	38603	39108	R=24	-	38991	102	388
gi|102	31922	32427	R=24	-	32310	102	388
gi|80	20092	20529	R=24	-	20412	102	320
gi|70	37583	38318	R=24	-	37814	489	231
gi|56	32630	32876	R=24	-	32741	120	111
gi|25	38618	38858	R=24	+	38732	114	111
gi|16	29333	29837	R=24	-	29720	102	387
gi|13	38827	39318	R=24	+	38929	102	374
gi|13	32156	32648	R=24	+	32258	102	375
gi|13	30315	30760	R=24	-	30643	102	328
gi|13	23624	24069	R=24	-	23952	102	328
gi|9	13678	14207	R=24	+	14149	471	43
gi|1043	27845	28065	R=25	+	28011	166	39
gi|1043	27845	28065	R=25	-	27884	166	39
gi|1015	10087	10214	R=25	+	10161	74	38
gi|1013	22255	22466	R=25	+	22421	166	30
gi|1013	22255	22466	R=25	-	22294	157	39
gi|1011	24854	25073	R=25	+	25019	165	39
gi|1011	24854	25073	R=25	-	24892	166	38
gi|1008	5351	5570	R=25	-	5389	166	38
gi|885	33559	33685	R=25	-	33598	72	39
gi|806	10615	10747	R=25	-	10654	78	39
gi|735	21455	21675	R=25	+	21621	166	39
gi|735	21455	21675	R=25	-	21494	166	39
gi|694	36089	36196	R=25	+	36142	53	39
gi|694	35933	36065	R=25	-	35972	78	39
gi|681	30182	30308	R=25	-	30221	72	39
gi|673	30868	31060	R=25	+	31006	138	39
gi|671	39297	39483	R=25	+	39463	166	5
gi|671	39297	39483	R=25	-	39336	132	39
gi|610	16413	16633	R=25	+	16579	166	39
gi|598	32721	32941	R=25	+	32887	166	39
gi|598	32721	32941	R=25	-	32760	166	39
gi|596	6821	7032	R=25	+	6978	157	39
gi|596	6821	7032	R=25	-	6851	166	30
gi|553	602	709	R=25	+	655	53	39
gi|546	2727	2947	R=25	+	2893	166	39
gi|546	2727	2947	R=25	-	2766	166	39
gi|526	6081	6247	R=25	-	6120	112	39
gi|500	35163	35289	R=25	+	35235	72	39
gi|490	18141	18361	R=25	+	18307	166	39
gi|469	20769	20982	R=25	+	20935	166	32
gi|469	20769	20982	R=25	-	20808	159	39
gi|427	18679	18899	R=25	+	18845	166	39
gi|427	18679	18899	R=25	-	18718	166	39
gi|415	22278	22498	R=25	+	22444	166	39
gi|415	22278	22498	R=25	-	22317	166	39
gi|404	7834	7962	R=25	-	7873	74	39
gi|387	36176	36295	R=25	+	36246	70	34
gi|343	27832	28052	R=25	+	27998	166	39
gi|343	27832	28052	R=25	-	27871	166	39
gi|312	16080	16289	R=25	+	16241	161	33
gi|215	378	596	R=25	-	415	166	37
gi|162	29937	30157	R=25	+	30103	166	39
gi|162	29937	30157	R=25	-	29976	166	39
gi|161	19389	19491	R=25	+	19437	48	39
gi|161	19239	19366	R=25	-	19278	73	39
gi|141	27028	27248	R=25	+	27194	166	39
gi|141	27028	27248	R=25	-	27067	166	39
gi|117	23021	23153	R=25	+	23099	78	39
gi|117	22891	22997	R=25	-	22930	52	39
gi|87	32809	32941	R=25	+	32887	78	39
gi|70	33672	33891	R=25	+	33837	165	39
gi|70	33672	33891	R=25	-	33711	165	39
gi|54	26814	27033	R=25	-	26853	165	39
gi|43	5378	5598	R=25	-	5417	166	39
gi|9	1423	1638	R=25	+	1584	161	39
gi|1032	911	1338	R=26	-	1298	25	387
gi|1032	834	1261	R=26	+	859	25	387
gi|1002	35430	35540	R=26	-	35500	25	70
gi|1002	31770	31882	R=26	+	31795	25	72
gi|965	11718	12107	R=26	-	12067	25	349
gi|965	10420	10527	R=26	+	10445	25	67
gi|941	32017	32529	R=26	-	32489	25	472
gi|941	32017	32529	R=26	+	32042	25	472
gi|933	16579	17085	R=26	-	17050	20	471
gi|933	16579	17085	R=26	+	16604	25	466
gi|923	8835	9167	R=26	-	9127	25	292
gi|923	6002	6186	R=26	+	6027	25	144
gi|897	35849	36275	R=26	-	36235	25	386
gi|897	35772	36198	R=26	+	35797	25	386
gi|862	1869	1974	R=26	-	1935	24	66
gi|862	1483	1892	R=26	+	1498	15	379
gi|831	33347	33773	R=26	-	33733	25	386
gi|831	33270	33709	R=26	+	33295	25	399
gi|805	4494	4602	R=26	-	4562	25	68
gi|774	3716	4142	R=26	-	4102	25	386
gi|774	3639	4065	R=26	+	3664	25	386
gi|722	902	1414	R=26	-	1374	25	472
gi|722	902	1414	R=26	+	927	25	472
gi|716	39322	39748	R=26	-	39708	25	386
gi|716	39245	39671	R=26	+	39270	25	386
gi|706	2853	3365	R=26	-	3325	25	472
gi|706	2853	3365	R=26	+	2878	25	472
gi|705	8274	8700	R=26	-	8660	25	386
gi|705	8197	8636	R=26	+	8222	25	399
gi|688	4040	4552	R=26	-	4512	25	472
gi|688	4040	4552	R=26	+	4065	25	472
gi|670	20836	21348	R=26	-	21308	25	472
gi|670	20836	21348	R=26	+	20861	25	472
gi|618	24973	25080	R=26	-	25040	25	67
gi|618	21622	21883	R=26	+	21647	25	221
gi|538	38896	39317	R=26	+	38921	25	381
gi|525	18793	19219	R=26	-	19179	25	386
gi|525	18716	19142	R=26	+	18741	25	386
gi|497	27147	27573	R=26	-	27533	25	386
gi|497	27070	27496	R=26	+	27095	25	386
gi|467	21505	21931	R=26	-	21891	25	386
gi|467	21428	21854	R=26	+	21453	25	386
gi|385	37826	37926	R=26	+	37850	24	61
gi|315	28390	28903	R=26	-	28863	25	473
gi|315	28390	28903	R=26	+	28415	25	473
gi|269	32594	33073	R=26	-	33033	25	439
gi|268	13459	13653	R=26	-	13613	25	154
gi|235	380	892	R=26	-	852	25	472
gi|235	380	892	R=26	+	405	25	472
gi|213	34157	34258	R=26	-	34225	18	68
gi|213	33773	33901	R=26	+	33798	25	88
gi|166	30685	31198	R=26	-	31158	25	473
gi|166	30685	31198	R=26	+	30710	25	473
gi|164	28429	28792	R=26	-	28752	25	323
gi|164	28297	28403	R=26	+	28322	25	66
gi|150	24976	25246	R=26	-	25206	25	230
gi|129	22460	22967	R=26	-	22932	20	472
gi|129	22460	22969	R=26	+	22485	25	469
gi|121	9122	9548	R=26	-	9508	25	386
gi|121	9045	9471	R=26	+	9070	25	386
gi|48	34368	34880	R=26	-	34840	25	472
gi|48	34368	34880	R=26	+	34393	25	472
gi|882	24351	25172	R=27	-	25072	85	721
gi|882	14619	15085	R=27	-	14984	86	365
gi|882	13063	13439	R=27	+	13150	87	274
gi|882	6158	6981	R=27	+	6245	87	721
gi|855	7707	8144	R=27	+	7763	56	366
gi|855	791	1462	R=27	+	863	72	584
gi|838	11358	11797	R=27	+	11414	56	368
gi|838	4613	5405	R=27	+	4668	55	722
gi|755	34018	34454	R=27	-	34383	56	365
gi|745	15060	15496	R=27	+	15116	56	365
gi|732	34567	35027	R=27	-	34926	86	359
gi|684	28110	28899	R=27	-	28833	51	723
gi|684	6574	7041	R=27	-	6940	86	366
gi|670	11436	11555	R=27	-	11505	35	69
gi|655	24239	24423	R=27	-	24351	57	112
gi|562	17364	17485	R=27	-	17416	54	52
gi|562	12425	12548	R=27	-	12477	56	52
gi|561	8811	8978	R=27	+	8873	62	90
gi|549	18528	18995	R=27	-	18893	87	365
gi|527	7958	8285	R=27	+	8045	87	225
gi|490	27525	27679	R=27	+	27612	87	52
gi|490	21097	21250	R=27	+	21183	86	52
gi|476	627	1334	R=27	-	1234	85	607
gi|457	38161	38629	R=27	-	38528	86	367
gi|399	11096	11430	R=27	-	11358	57	262
gi|298	4713	4874	R=27	-	4803	56	90
gi|265	34423	34582	R=27	+	34477	54	90
gi|236	5715	5876	R=27	-	5805	56	90
gi|236	4713	4873	R=27	+	4768	55	90
gi|224	17810	18255	R=27	+	17866	56	374
gi|224	13483	14280	R=27	+	13542	59	723
gi|166	32354	32501	R=27	+	32440	86	46
gi|112	15793	16266	R=27	+	15879	86	372
gi|56	32402	32876	R=27	+	32489	87	372
gi|25	38615	39085	R=27	-	38984	86	369
gi|9	13678	14499	R=27	-	14398	86	720
gi|1044	14606	29015	R=28	+	24604	9998	4396
gi|1000	5	19950	R=28	+	9936	9931	9999
gi|985	16824	35343	R=28	+	25329	8505	9999
gi|927	9920	13994	R=28	-	11217	2762	1297
gi|835	11568	25126	R=28	+	21562	9994	3549
gi|751	28065	31833	R=28	+	28065	0	3753
gi|720	-6	14302	R=28	-	4289	9998	4295
gi|700	3221	23124	R=28	+	13219	9998	9890
gi|653	28668	40551	R=28	+	38667	9999	1869
gi|631	1129	10258	R=28	-	4923	5320	3794
gi|599	5052	18842	R=28	-	8832	9995	3780
gi|594	4474	24484	R=28	+	14470	9996	9999
gi|589	1	4630	R=28	-	4615	0	4614
gi|502	7492	21282	R=28	-	11270	9997	3778
gi|499	21451	32911	R=28	-	31453	1443	10002
gi|462	4556	14682	R=28	-	14556	111	10000
gi|453	2	10382	R=28	+	3544	3542	6823
gi|440	425	16179	R=28	+	9338	8913	6826
gi|432	1	15232	R=28	+	5222	5221	9995
gi|341	2	2436	R=28	-	2421	0	2419
gi|317	5063	11320	R=28	-	8843	2462	3780
gi|309	24958	35283	R=28	+	34952	9994	316
gi|302	19275	33404	R=28	-	23593	9796	4318
gi|240	19581	33991	R=28	+	29579	9998	4397
gi|233	4759	19704	R=28	+	14238	9479	5451
gi|211	523	17358	R=28	+	10519	9996	6824
gi|191	2	8028	R=28	-	2334	5679	2332
gi|100	-1	10672	R=28	+	3969	3970	6688
gi|95	1628	18659	R=28	-	11624	7020	9996
gi|94	34085	44939	R=28	-	34927	9997	842
gi|49	28017	36714	R=28	+	31878	3861	4821
gi|28	1	13438	R=28	+	8117	8116	5306
gi|21	25668	36806	R=28	-	29447	7344	3779
gi|1048	17106	17481	R=29	-	17454	12	348
gi|1028	4678	4984	R=29	+	4686	8	283
gi|998	25078	25210	R=29	-	25182	13	104
gi|998	19912	20031	R=29	-	20016	0	104
gi|998	12162	12294	R=29	-	12266	13	104
gi|955	23817	24128	R=29	-	24105	8	288
gi|946	6602	6885	R=29	+	6610	8	260
gi|868	6337	6511	R=29	-	6484	12	147
gi|820	1462	1788	R=29	-	1761	12	299
gi|787	10908	11028	R=29	-	11000	13	92
gi|776	32809	32920	R=29	+	32813	4	92
gi|682	32504	32880	R=29	-	32853	12	349
gi|652	31007	31381	R=29	-	31354	12	347
gi|645	31714	31834	R=29	+	31727	13	92
gi|613	17327	17459	R=29	+	17340	13	104
gi|612	14444	14564	R=29	+	14457	13	92
gi|612	8117	8249	R=29	-	8221	13	104
gi|572	32840	33145	R=29	-	33122	8	282
gi|532	28398	28530	R=29	-	28502	13	104
gi|496	1920	2292	R=29	-	2265	12	345
gi|483	39581	39948	R=29	+	39593	12	340
gi|476	19683	19803	R=29	-	19775	13	92
gi|442	33837	34162	R=29	+	33849	12	298
gi|382	34852	34984	R=29	-	34956	13	104
gi|362	24550	24682	R=29	-	24654	13	104
gi|362	20270	20402	R=29	-	20374	13	104
gi|359	8715	9087	R=29	-	9060	12	345
gi|346	3491	3817	R=29	+	3504	13	298
gi|332	33864	33996	R=29	-	33968	13	104
gi|314	8214	8334	R=29	+	8227	13	92
gi|311	24212	24344	R=29	-	24316	13	104
gi|300	11287	11407	R=29	+	11300	13	92
gi|258	34982	35316	R=29	+	34994	12	307
gi|245	35974	36106	R=29	+	35987	13	104
gi|241	17131	17251	R=29	-	17223	13	92
gi|171	38735	39041	R=29	+	38743	8	283
gi|170	1732	2104	R=29	+	1744	12	345
gi|168	27332	27704	R=29	+	27344	12	345
gi|148	4804	5176	R=29	+	4816	12	345
gi|143	14733	15068	R=29	-	15041	12	308
gi|131	33346	33650	R=29	+	33354	8	281
gi|121	15176	15308	R=29	-	15280	13	104
gi|67	9101	9233	R=29	+	9114	13	104
gi|44	21272	21644	R=29	+	21284	12	345
gi|956	14296	14801	R=30	-	14770	16	474
gi|956	14296	14801	R=30	+	14312	16	474
gi|878	821	1326	R=30	-	1295	16	474
gi|878	821	1326	R=30	+	837	16	474
gi|847	28059	28564	R=30	-	28533	16	474
gi|847	28059	28564	R=30	+	28075	16	474
gi|847	9292	9519	R=30	-	9488	16	196
gi|847	8998	9277	R=30	+	9014	16	248
gi|841	19322	19827	R=30	-	19796	16	474
gi|841	19322	19827	R=30	+	19338	16	474
gi|741	39655	40000	R=30	+	39671	16	314
gi|687	7659	8063	R=30	-	8032	16	373
gi|687	7565	7670	R=30	+	7581	16	74
gi|620	575	1080	R=30	-	1049	16	474
gi|620	575	1080	R=30	+	591	16	474
gi|555	12422	12656	R=30	-	12625	16	203
gi|555	11844	12100	R=30	+	11860	16	225
gi|543	23635	24140	R=30	-	24109	16	474
gi|543	23635	24140	R=30	+	23651	16	474
gi|540	34635	35140	R=30	-	35109	16	474
gi|540	34635	35140	R=30	+	34651	16	474
gi|489	3978	4144	R=30	+	3994	16	135
gi|464	10462	10718	R=30	+	10478	16	225
gi|421	13097	13343	R=30	-	13312	16	215
gi|417	3114	3618	R=30	-	3587	16	473
gi|417	3114	3618	R=30	+	3129	15	474
gi|395	4519	4633	R=30	-	4603	15	84
gi|395	4427	4542	R=30	+	4443	16	84
gi|263	314	819	R=30	-	788	16	474
gi|263	314	819	R=30	+	330	16	474
gi|213	1782	2287	R=30	+	1798	16	474
gi|127	25827	26332	R=30	-	26301	16	474
gi|127	25827	26332	R=30	+	25843	16	474
gi|118	5797	6245	R=30	+	5813	16	417
gi|64	24884	25389	R=30	-	25358	16	474
gi|64	24884	25389	R=30	+	24900	16	474
gi|1042	35628	37317	R=31	+	35628	0	1674
gi|1031	20654	21324	R=31	+	20654	0	655
gi|1023	7271	8098	R=31	+	7271	0	812
gi|971	13075	14762	R=31	-	14747	0	1672
gi|965	20334	20468	R=31	-	20453	0	119
gi|951	1575	2244	R=31	+	1575	0	654
gi|915	37603	38219	R=31	+	37603	0	601
gi|869	10390	12075	R=31	+	10390	0	1670
gi|841	15067	16420	R=31	-	16405	0	1338
gi|823	32298	33127	R=31	+	32298	0	814
gi|821	30192	31879	R=31	+	30192	0	1672
gi|763	38010	38679	R=31	+	38010	0	654
gi|763	27172	27841	R=31	+	27172	0	654
gi|757	32093	32765	R=31	+	32093	0	657
gi|757	20864	22551	R=31	+	20864	0	1672
gi|707	22477	23634	R=31	-	23619	0	1142
gi|707	20828	21654	R=31	-	21639	0	811
gi|662	8051	9736	R=31	-	9721	0	1670
gi|622	8758	9427	R=31	+	8758	0	654
gi|618	6650	6784	R=31	+	6650	0	119
gi|596	18656	20343	R=31	+	18656	0	1672
gi|596	8226	9913	R=31	+	8226	0	1672
gi|569	15368	16037	R=31	-	16022	0	654
gi|549	11416	11722	R=31	+	11416	0	291
gi|549	1249	1555	R=31	+	1249	0	291
gi|546	13709	14040	R=31	-	14025	0	316
gi|545	27393	27564	R=31	+	27393	0	156
gi|535	17079	18766	R=31	-	18751	0	1672
gi|521	2628	3298	R=31	-	3283	0	655
gi|517	14332	15001	R=31	+	14332	0	654
gi|481	32235	33928	R=31	-	33913	0	1678
gi|478	25450	26120	R=31	+	25450	0	655
gi|464	21762	23108	R=31	-	23093	0	1331
gi|408	17485	18314	R=31	-	18299	0	814
gi|408	7534	8363	R=31	-	8348	0	814
gi|377	2785	4478	R=31	-	4463	0	1678
gi|271	608	2295	R=31	+	608	0	1672
gi|208	38601	38847	R=31	-	38832	0	231
gi|194	24289	25116	R=31	-	25101	0	812
gi|190	25782	26452	R=31	+	25782	0	655
gi|165	26274	27279	R=31	-	27264	0	990
gi|147	2012	3697	R=31	-	3682	0	1670
gi|113	26002	27689	R=31	-	27674	0	1672
gi|113	15572	17259	R=31	-	17244	0	1672
gi|80	33653	35339	R=31	-	35324	0	1671
gi|967	2459	2583	R=32	-	2528	40	69
gi|964	14075	14199	R=32	-	14144	40	69
gi|958	25722	25893	R=32	-	25855	23	133
gi|958	22595	22713	R=32	-	22662	36	67
gi|922	31863	32034	R=32	+	31886	23	133
gi|922	8285	8456	R=32	-	8418	23	133
gi|913	19493	19635	R=32	+	19548	55	72
gi|883	34765	34943	R=32	-	34902	26	137
gi|854	2780	2922	R=32	-	2852	55	72
gi|839	24091	24269	R=32	+	24117	26	137
gi|801	37766	37942	R=32	+	37790	24	137
gi|789	4395	4591	R=32	+	4443	48	133
gi|771	7798	7958	R=32	+	7870	72	73
gi|752	7515	7675	R=32	-	7588	72	73
gi|726	5642	5771	R=32	+	5688	46	68
gi|719	17455	17633	R=32	+	17481	26	137
gi|719	16366	16543	R=32	+	16391	25	137
gi|704	31700	31877	R=32	-	31837	25	137
gi|696	13599	13770	R=32	+	13622	23	133
gi|685	18228	18394	R=32	+	18300	72	79
gi|658	3188	3366	R=32	+	3214	26	137
gi|626	22822	22982	R=32	+	22894	72	73
gi|625	10542	10666	R=32	-	10611	40	69
gi|615	657	835	R=32	-	794	26	137
gi|610	6262	6440	R=32	+	6288	26	137
gi|595	10389	10511	R=32	-	10458	38	69
gi|550	18982	19159	R=32	-	19119	25	137
gi|540	19509	19686	R=32	+	19534	25	137
gi|523	37977	38103	R=32	-	38066	22	89
gi|493	31658	31836	R=32	+	31684	26	137
gi|473	4183	4322	R=32	-	4253	54	70
gi|417	20923	21124	R=32	+	20972	49	137
gi|356	5893	6071	R=32	-	6030	26	137
gi|345	21070	21187	R=32	-	21149	23	79
gi|321	878	1098	R=32	+	950	72	133
gi|292	3960	4180	R=32	+	4032	72	133
gi|272	12435	12545	R=32	+	12457	22	73
gi|222	16862	17040	R=32	+	16888	26	137
gi|217	2726	2897	R=32	+	2749	23	133
gi|213	28022	28182	R=32	+	28094	72	73
gi|207	28091	28269	R=32	-	28228	26	137
gi|156	3307	3452	R=32	+	3364	57	73
gi|155	2083	2243	R=32	-	2156	72	73
gi|117	9284	9444	R=32	+	9356	72	73
gi|116	14160	14277	R=32	-	14239	23	79
gi|109	19353	19519	R=32	+	19425	72	79
gi|104	38804	38962	R=32	+	38876	72	71
gi|104	35927	36057	R=32	+	35973	46	69
gi|104	21012	21209	R=32	-	21145	49	133
gi|91	13832	13974	R=32	-	13904	55	72
gi|88	36367	36545	R=32	-	36504	26	137
gi|79	23722	23846	R=32	-	23791	40	69
gi|79	21958	22118	R=32	-	22031	72	73
gi|67	23366	23586	R=32	-	23499	72	133
gi|55	25445	25569	R=32	-	25514	40	69
gi|3	23164	23324	R=32	+	23236	72	73
gi|2	22887	23009	R=32	+	22927	40	67
gi|979	21576	21824	R=33	-	21719	90	143
gi|965	16973	18254	R=33	+	17063	90	1176
gi|954	4221	4341	R=33	-	4237	89	16
gi|920	27137	28422	R=33	-	28317	90	1180
gi|855	22542	23312	R=33	-	23236	61	694
gi|823	25080	26361	R=33	-	26256	90	1176
gi|823	17431	18711	R=33	+	17521	90	1175
gi|757	29897	31178	R=33	-	31073	90	1176
gi|732	13136	14369	R=33	-	14264	90	1128
gi|713	791	2072	R=33	-	1967	90	1176
gi|670	400	1589	R=33	-	1527	47	1127
gi|655	30926	31497	R=33	-	31392	90	466
gi|649	16401	17682	R=33	-	17577	90	1176
gi|618	15473	16754	R=33	-	16649	90	1176
gi|578	34774	36054	R=33	-	35949	90	1175
gi|562	27363	28644	R=33	+	27453	90	1176
gi|561	9293	9470	R=33	-	9365	90	72
gi|527	1	619	R=33	-	514	90	513
gi|496	32612	33893	R=33	-	33788	90	1176
gi|490	36705	37987	R=33	-	37882	90	1177
gi|464	34942	36224	R=33	-	36119	90	1177
gi|377	9693	9814	R=33	-	9709	90	16
gi|361	17981	18102	R=33	+	18071	90	16
gi|357	11640	12473	R=33	+	11730	90	728
gi|298	743	927	R=33	+	833	90	79
gi|287	27681	28961	R=33	+	27771	90	1175
gi|278	28455	28562	R=33	-	28457	90	2
gi|278	17296	17434	R=33	+	17386	90	33
gi|278	14875	15013	R=33	-	14908	90	33
gi|254	17657	17778	R=33	+	17747	90	16
gi|254	13937	15216	R=33	+	14027	90	1174
gi|234	28851	29337	R=33	+	28941	90	381
gi|234	20613	21895	R=33	-	21790	90	1177
gi|213	32523	33734	R=33	-	33629	90	1106
gi|213	14776	14897	R=33	+	14866	90	16
gi|212	7368	8652	R=33	+	7458	90	1179
gi|194	10128	11410	R=33	-	11305	90	1177
gi|180	38089	39357	R=33	-	39265	77	1176
gi|176	32996	33308	R=33	-	33203	90	207
gi|176	28501	28625	R=33	+	28591	90	19
gi|176	17071	17242	R=33	+	17161	90	66
gi|176	10767	10891	R=33	-	10786	90	19
gi|166	8419	9685	R=33	+	8492	73	1178
gi|133	35887	36008	R=33	-	35903	90	16
gi|133	1569	2854	R=33	+	1659	90	1180
gi|123	27019	28209	R=33	-	28147	47	1128
gi|92	34793	36076	R=33	-	35971	90	1178
gi|88	4574	4698	R=33	-	4593	90	19
gi|60	5173	6453	R=33	-	6348	90	1175
gi|60	1713	2628	R=33	+	1803	90	810
gi|59	38278	39558	R=33	-	39453	90	1175
gi|16	20246	21480	R=33	-	21375	90	1129
gi|9	8073	9309	R=33	+	8163	90	1131
gi|1019	7894	7997	R=34	-	7936	46	42
gi|989	35963	36094	R=34	+	36025	62	54
gi|987	2746	3050	R=34	+	2987	241	48
gi|925	8198	8371	R=34	-	8236	120	38
gi|923	6174	6427	R=34	-	6223	189	49
gi|871	37694	37951	R=34	-	37747	189	53
gi|844	28970	29153	R=34	+	29084	114	54
gi|811	11058	24362	R=34	-	21059	3288	10001
gi|810	6533	26544	R=34	-	16530	9999	9997
gi|767	7633	25770	R=34	+	17632	9999	8123
gi|749	25191	25300	R=34	-	25252	33	61
gi|688	9368	9617	R=34	-	9413	189	45
gi|635	1	10959	R=34	+	947	946	9997
gi|579	23106	23362	R=34	-	23158	189	52
gi|497	23460	23643	R=34	-	23509	119	49
gi|452	-1	11066	R=34	-	1052	9999	1053
gi|451	33098	33214	R=34	-	33141	58	43
gi|384	7067	20979	R=34	-	17064	3900	9997
gi|345	-6	2671	R=34	-	2656	0	2662
gi|308	9285	9544	R=34	-	9340	189	55
gi|289	7997	20406	R=34	+	17996	9999	2395
gi|244	0	12693	R=34	+	2681	2681	9997
gi|201	19797	20641	R=34	+	19797	0	829
gi|143	15657	15905	R=34	+	15845	188	45
gi|109	29072	29195	R=34	+	29130	58	50
gi|106	6108	6343	R=34	-	6157	171	49
gi|86	11529	23795	R=34	+	21528	9999	2252
gi|42	13311	13440	R=34	+	13370	59	55
gi|975	29868	30367	R=35	-	30083	269	215
gi|956	3386	4291	R=35	+	4065	679	211
gi|955	29710	32167	R=35	+	31878	2168	274
gi|944	5629	6686	R=35	-	5959	712	330
gi|902	29841	33026	R=35	+	32656	2815	355
gi|902	20721	22624	R=35	+	22220	1499	389
gi|864	19198	20205	R=35	+	19927	729	263
gi|839	27758	28874	R=35	-	28140	719	382
gi|839	18973	21726	R=35	-	19358	2353	385
gi|839	16220	16520	R=35	-	16297	208	77
gi|789	771	3339	R=35	+	3108	2337	216
gi|778	29877	30514	R=35	-	30169	330	292
gi|771	27344	28078	R=35	+	27674	330	389
gi|686	39247	40038	R=35	+	39813	566	210
gi|676	33695	34486	R=35	-	33905	566	210
gi|676	17970	18761	R=35	+	18536	566	210
gi|669	37499	38624	R=35	+	38215	716	394
gi|669	2717	5845	R=35	+	5531	2814	299
gi|586	27458	28580	R=35	-	27849	716	391
gi|585	33102	33594	R=35	+	33366	264	213
gi|585	16977	17448	R=35	+	17221	244	212
gi|585	4498	4990	R=35	+	4764	266	211
gi|583	37289	40003	R=35	-	37619	2369	330
gi|539	22296	25338	R=35	-	22508	2815	212
gi|539	10465	13512	R=35	-	10682	2815	217
gi|528	21806	22542	R=35	-	22197	330	391
gi|528	8007	8743	R=35	-	8398	330	391
gi|496	5239	8367	R=35	-	5533	2819	294
gi|411	12863	13654	R=35	-	13073	566	210
gi|376	22953	23947	R=35	+	23669	716	263
gi|376	1	422	R=35	-	151	256	150
gi|283	36838	37629	R=35	+	37404	566	210
gi|283	29410	30201	R=35	+	29976	566	210
gi|283	19737	20531	R=35	+	20303	566	213
gi|283	1293	2084	R=35	+	1859	566	210
gi|227	30438	31198	R=35	+	30980	542	203
gi|210	38921	39928	R=35	+	39650	729	263
gi|210	17495	20114	R=35	+	19800	2305	299
gi|207	34796	37344	R=35	+	37098	2302	231
gi|207	9834	10841	R=35	+	10563	729	263
gi|203	36006	36509	R=35	+	36270	264	224
gi|195	38049	39056	R=35	+	38778	729	263
gi|195	22038	23045	R=35	+	22767	729	263
gi|195	390	1397	R=35	+	1119	729	263
gi|161	9941	11150	R=35	+	10755	814	380
gi|78	35668	36404	R=35	-	36059	330	391
gi|58	25474	26265	R=35	-	25683	567	209
gi|58	8231	9022	R=35	-	8441	566	210
gi|38	30302	31424	R=35	+	31018	716	391
gi|38	17239	18246	R=35	+	17968	729	263
gi|27	32371	32803	R=35	+	32585	214	203
gi|3	16148	19142	R=35	+	18910	2762	217
gi|3	6116	8974	R=35	+	8742	2626	217
gi|984	25842	26426	R=36	-	26411	0	569
gi|984	25843	26426	R=36	+	25843	0	568
gi|951	39107	39210	R=36	-	39195	0	88
gi|951	38575	38678	R=36	+	38575	0	88
gi|920	28478	28581	R=36	-	28566	0	88
gi|875	32865	33449	R=36	+	32865	0	569
gi|794	36343	36448	R=36	-	36433	0	90
gi|794	35814	35917	R=36	+	35814	0	88
gi|755	35213	35610	R=36	+	35213	0	382
gi|706	21008	21400	R=36	-	21385	0	377
gi|706	20788	21183	R=36	+	20788	0	380
gi|691	15955	16058	R=36	-	16043	0	88
gi|684	30390	30561	R=36	-	30546	0	156
gi|604	19896	20479	R=36	-	20464	0	568
gi|604	19896	20479	R=36	+	19896	0	568
gi|578	16549	16652	R=36	-	16637	0	88
gi|578	16017	16120	R=36	+	16017	0	88
gi|561	34969	35364	R=36	+	34969	0	380
gi|545	31607	31710	R=36	-	31695	0	88
gi|545	31075	31178	R=36	+	31075	0	88
gi|528	2077	2661	R=36	-	2646	0	569
gi|528	2078	2661	R=36	+	2078	0	568
gi|525	30906	31302	R=36	-	31287	0	381
gi|525	30689	31085	R=36	+	30689	0	381
gi|464	18152	18256	R=36	+	18152	0	89
gi|454	10711	11295	R=36	-	11280	0	569
gi|454	10712	11296	R=36	+	10712	0	569
gi|445	23386	23489	R=36	-	23474	0	88
gi|445	22854	22957	R=36	+	22854	0	88
gi|373	36860	37444	R=36	-	37429	0	569
gi|373	36861	37444	R=36	+	36861	0	568
gi|265	837	939	R=36	-	924	0	87
gi|265	335	438	R=36	+	335	0	88
gi|74	24317	24901	R=36	-	24886	0	569
gi|74	24318	24902	R=36	+	24318	0	569
gi|70	7319	7902	R=36	-	7887	0	568
gi|70	7319	7903	R=36	+	7319	0	569
gi|7	5807	6391	R=36	+	5807	0	569
gi|937	22070	22224	R=37	+	22070	0	139
gi|886	22343	22497	R=37	-	22482	0	139
gi|886	21961	22095	R=37	+	21961	0	119
gi|883	38235	38369	R=37	+	38235	0	119
gi|706	23510	23658	R=37	-	23643	0	133
gi|691	23356	23504	R=37	-	23489	0	133
gi|678	26968	27122	R=37	-	27107	0	139
gi|658	23100	23248	R=37	-	23233	0	133
gi|568	26092	26231	R=37	+	26092	0	124
gi|546	3310	3449	R=37	+	3310	0	124
gi|387	637	771	R=37	+	637	0	119
gi|331	29202	29356	R=37	-	29341	0	139
gi|331	28820	28954	R=37	+	28820	0	119
gi|269	31276	31424	R=37	+	31276	0	133
gi|268	4540	4688	R=37	+	4540	0	133
gi|225	20734	20868	R=37	+	20734	0	119
gi|207	439	593	R=37	+	439	0	139
gi|203	9304	9438	R=37	+	9304	0	119
gi|104	23326	23455	R=37	-	23440	0	114
gi|88	6337	6485	R=37	-	6470	0	133
gi|56	31937	32085	R=37	-	32070	0	133
gi|31	8476	8610	R=37	-	8595	0	119
gi|1035	39112	40118	R=38	+	39545	433	558
gi|1008	1	4003	R=38	+	3877	3876	111
gi|965	15246	15842	R=38	-	15397	430	151
gi|941	7638	10560	R=38	-	7764	2781	126
gi|939	28010	33790	R=38	+	33662	5652	113
gi|938	10179	15692	R=38	+	15566	5387	111
gi|886	21209	21767	R=38	-	21322	430	113
gi|869	7330	7898	R=38	-	7441	442	111
gi|788	33877	38934	R=38	-	33989	4930	112
gi|757	31178	31994	R=38	-	31835	144	657
gi|739	-3	774	R=38	-	327	432	330
gi|727	28523	29025	R=38	-	28579	431	56
gi|726	36166	36478	R=38	+	36350	184	113
gi|726	28957	30250	R=38	+	29391	434	844
gi|714	11001	11267	R=38	-	11112	140	111
gi|714	10836	11001	R=38	+	10920	84	66
gi|713	6914	11220	R=38	+	11092	4178	113
gi|655	21737	23048	R=38	-	22600	433	863
gi|649	38917	39504	R=38	+	39378	461	111
gi|618	17885	18481	R=38	+	18315	430	151
gi|614	27389	33166	R=38	-	27500	5651	111
gi|610	17293	17453	R=38	-	17404	34	111
gi|582	27500	28815	R=38	-	28367	433	867
gi|582	21885	27666	R=38	-	21999	5652	114
gi|569	388	6011	R=38	+	5878	5490	118
gi|568	34346	35664	R=38	+	34781	435	868
gi|565	15078	16143	R=38	-	15944	184	866
gi|565	9391	14898	R=38	-	9504	5379	113
gi|546	26170	26495	R=38	+	26368	198	112
gi|546	7238	7780	R=38	+	7667	429	98
gi|464	37324	38349	R=38	+	37464	140	870
gi|411	36345	36758	R=38	-	36463	280	118
gi|366	28817	29378	R=38	+	29250	433	113
gi|363	36504	38746	R=38	+	38618	2114	113
gi|353	32132	32896	R=38	-	32449	432	317
gi|353	19340	24845	R=38	-	19453	5377	113
gi|268	14518	14652	R=38	-	14631	6	113
gi|254	11929	12099	R=38	-	12040	44	111
gi|199	4733	5754	R=38	+	4873	140	866
gi|190	34783	35342	R=38	+	35215	432	112
gi|177	12744	14053	R=38	-	13607	431	863
gi|177	7051	12664	R=38	-	7164	5485	113
gi|176	1	4901	R=38	+	4774	4773	112
gi|159	16348	20847	R=38	+	20779	4431	53
gi|124	1	1219	R=38	+	1088	1087	116
gi|120	26008	30016	R=38	+	29948	3940	53
gi|120	16527	17840	R=38	+	16960	433	865
gi|87	22844	23225	R=38	-	22956	254	112
gi|80	4608	4839	R=38	-	4719	105	111
gi|7	6391	12168	R=38	+	12040	5649	113
gi|999	5814	6563	R=39	+	6262	448	286
gi|971	24284	25033	R=39	+	24732	448	286
gi|971	22909	23658	R=39	-	23195	448	286
gi|959	174	1648	R=39	+	1358	1184	275
gi|959	174	1648	R=39	-	449	1184	275
gi|874	35868	37682	R=39	+	37222	1354	445
gi|874	35868	37682	R=39	-	36313	1354	445
gi|869	23409	24988	R=39	+	24762	1353	211
gi|869	23409	24988	R=39	-	23854	1119	445
gi|838	14447	15073	R=39	-	14716	342	269
gi|822	31015	32467	R=39	+	32188	1173	264
gi|822	31015	32467	R=39	-	31279	1173	264
gi|806	15785	16375	R=39	-	15912	448	127
gi|789	39715	40082	R=39	+	39848	133	219
gi|789	31182	32409	R=39	-	31627	767	445
gi|788	31799	33479	R=39	+	33086	1287	378
gi|788	31799	33479	R=39	-	32177	1287	378
gi|780	13318	14067	R=39	+	13766	448	286
gi|780	11943	12692	R=39	-	12229	448	286
gi|774	29309	30233	R=39	+	30217	908	1
gi|774	29309	30233	R=39	-	29310	908	1
gi|682	8939	10561	R=39	+	10293	1354	253
gi|682	8939	10561	R=39	-	9384	1162	445
gi|610	17454	19268	R=39	+	18808	1354	445
gi|610	17454	19268	R=39	-	17899	1354	445
gi|578	22913	23654	R=39	+	23361	448	278
gi|578	21447	22287	R=39	-	21824	448	377
gi|562	7902	8825	R=39	+	8809	907	1
gi|562	7902	8825	R=39	-	7903	907	1
gi|516	19219	19646	R=39	+	19630	411	1
gi|516	7068	7208	R=39	-	7069	124	1
gi|478	38297	39853	R=39	+	39585	1288	253
gi|478	38297	39853	R=39	-	38676	1162	379
gi|438	29076	29425	R=39	+	29409	333	1
gi|438	20598	21177	R=39	-	20599	563	1
gi|419	39322	40002	R=39	-	39323	664	1
gi|365	15255	16179	R=39	+	16163	908	1
gi|365	15255	16179	R=39	-	15256	908	1
gi|344	22088	23835	R=39	+	23441	1353	379
gi|344	22088	23835	R=39	-	22532	1288	444
gi|277	35617	37241	R=39	+	36781	1164	445
gi|277	35617	37241	R=39	-	35872	1354	255
gi|164	21742	23556	R=39	-	22187	1354	445
gi|97	26231	27705	R=39	+	27415	1184	275
gi|97	26231	27705	R=39	-	26506	1184	275
gi|41	1074	1997	R=39	+	1981	907	1
gi|41	1074	1997	R=39	-	1075	907	1
gi|25	32493	33415	R=39	+	33399	906	1
gi|25	32493	33415	R=39	-	32494	906	1
gi|25	4392	5136	R=39	+	5120	728	1
gi|1030	32816	32983	R=40	-	32918	50	102
gi|1011	5979	7120	R=40	+	6029	50	1076
gi|965	10527	11176	R=40	+	10577	50	584
gi|944	17074	17270	R=40	-	17205	50	131
gi|938	38646	39783	R=40	-	39718	50	1072
gi|937	21382	22031	R=40	-	21966	50	584
gi|924	6998	8136	R=40	+	7048	50	1073
gi|845	7568	7968	R=40	+	7618	50	335
gi|822	34483	35621	R=40	+	34533	50	1073
gi|755	25476	25672	R=40	-	25607	50	131
gi|688	6426	6806	R=40	-	6741	50	315
gi|666	20263	20911	R=40	-	20846	50	583
gi|618	24324	24973	R=40	-	24908	50	584
gi|593	15155	15325	R=40	+	15205	50	105
gi|582	29033	29229	R=40	-	29164	50	131
gi|496	26474	27516	R=40	-	27451	50	977
gi|478	27164	27571	R=40	-	27506	50	342
gi|475	35803	36789	R=40	+	35853	50	921
gi|298	4067	4236	R=40	-	4171	50	104
gi|269	30372	30542	R=40	+	30422	50	105
gi|156	25505	26551	R=40	-	26486	50	981
gi|89	9611	10684	R=40	-	10619	50	1008
gi|78	33236	34374	R=40	+	33286	50	1073
gi|54	23715	23838	R=40	-	23773	50	58
gi|43	29983	31123	R=40	+	30033	50	1075
gi|1016	22228	22436	R=41	+	22329	101	92
gi|1016	16940	17892	R=41	+	17257	317	620
gi|943	21026	24987	R=41	+	24972	3946	0
gi|936	33450	38201	R=41	+	38038	4588	148
gi|886	18182	19132	R=41	-	18797	320	615
gi|886	12796	17604	R=41	-	13000	4589	204
gi|855	29828	30775	R=41	+	30145	317	615
gi|830	18847	19116	R=41	-	19012	89	165
gi|830	784	1187	R=41	-	967	205	183
gi|823	33998	38458	R=41	+	38443	4445	0
gi|823	30608	31086	R=41	+	30926	318	145
gi|787	24466	25010	R=41	+	24783	317	212
gi|774	17213	21322	R=41	+	21130	3917	177
gi|774	5737	6274	R=41	+	6061	324	198
gi|732	34032	34573	R=41	-	34240	318	208
gi|707	14464	15008	R=41	+	14783	319	210
gi|666	27294	28806	R=41	+	28582	1288	209
gi|562	37068	38018	R=41	+	37386	318	617
gi|562	24672	25070	R=41	+	24989	317	66
gi|527	18222	19878	R=41	+	19810	1588	53
gi|476	33243	33786	R=41	+	33560	317	211
gi|424	11057	11335	R=41	-	11112	208	55
gi|404	32032	32985	R=41	-	32649	321	617
gi|404	25528	25905	R=41	-	25736	154	208
gi|357	35043	35413	R=41	+	35360	317	38
gi|350	11678	12157	R=41	+	11994	316	148
gi|327	38782	39264	R=41	-	38933	316	151
gi|327	24749	28050	R=41	-	24900	3135	151
gi|287	26578	27490	R=41	-	26617	858	39
gi|234	18554	18936	R=41	+	18883	329	38
gi|213	2415	2935	R=41	-	2602	318	187
gi|212	20451	25099	R=41	-	20491	4593	40
gi|212	1	1206	R=41	+	1151	1150	40
gi|159	12170	16286	R=41	+	16124	3954	147
gi|159	8306	9057	R=41	+	8624	318	418
gi|154	3405	3905	R=41	-	3578	312	173
gi|150	25538	25906	R=41	-	25576	315	38
gi|80	28281	28816	R=41	+	28596	315	205
gi|80	17875	19638	R=41	+	19567	1692	56
gi|80	5777	6611	R=41	+	6100	323	496
gi|68	14455	15408	R=41	-	15074	319	619
gi|68	9054	13868	R=41	-	9262	4591	208
gi|52	2	3434	R=41	+	3212	3210	207
gi|37	33574	33952	R=41	+	33790	216	147
gi|1011	3643	4796	R=42	-	4781	0	1138
gi|1011	3641	4020	R=42	+	3730	89	275
gi|913	2499	3809	R=42	+	2656	157	1138
gi|788	30566	31093	R=42	-	30990	88	424
gi|788	23223	23398	R=42	+	23380	157	3
gi|778	37750	39060	R=42	-	38888	157	1138
gi|778	37750	38273	R=42	+	37837	87	421
gi|739	1031	1325	R=42	-	1222	88	191
gi|737	31215	31593	R=42	-	31490	88	275
gi|737	30302	31413	R=42	+	30459	157	939
gi|737	17898	19200	R=42	-	19028	157	1130
gi|737	17898	18421	R=42	+	17985	87	421
gi|706	22556	23079	R=42	-	22977	87	421
gi|688	7188	7707	R=42	+	7275	87	417
gi|666	17883	18669	R=42	-	18497	157	614
gi|666	16027	16259	R=42	+	16116	89	128
gi|598	26163	26690	R=42	+	26251	88	424
gi|584	14640	15163	R=42	-	15061	87	421
gi|584	13873	14048	R=42	+	14030	157	3
gi|525	28321	28552	R=42	+	28409	88	128
gi|507	22156	22331	R=42	-	22159	157	3
gi|507	21147	21673	R=42	+	21234	87	424
gi|507	2747	3282	R=42	-	3171	96	424
gi|507	1993	3094	R=42	+	2150	157	929
gi|454	7166	8031	R=42	-	7859	157	693
gi|454	161	463	R=42	+	257	96	191
gi|437	15441	16529	R=42	-	16357	157	916
gi|437	15262	15554	R=42	+	15349	87	190
gi|271	26727	26902	R=42	-	26730	157	3
gi|271	25613	25895	R=42	+	25701	88	179
gi|269	29077	29600	R=42	-	29498	87	421
gi|269	28298	29600	R=42	+	28455	157	1130
gi|268	15558	15937	R=42	-	15833	89	275
gi|255	23061	23588	R=42	-	23485	88	424
gi|255	22307	23408	R=42	+	22464	157	929
gi|234	22359	22653	R=42	+	22448	89	190
gi|230	17815	18003	R=42	+	17972	157	16
gi|220	39373	39561	R=42	-	39389	157	16
gi|220	38272	38625	R=42	+	38360	88	250
gi|164	38137	38367	R=42	-	38265	87	128
gi|113	32281	33583	R=42	-	33411	157	1130
gi|113	32278	32804	R=42	+	32368	90	421
gi|80	38272	38559	R=42	-	38451	93	179
gi|80	37296	38406	R=42	+	37453	157	938
gi|988	2433	2696	R=43	-	2436	245	3
gi|946	34106	35430	R=43	-	34107	1308	1
gi|913	20371	20696	R=43	+	20680	309	1
gi|881	22109	22372	R=43	+	22354	245	3
gi|854	1724	2050	R=43	-	1725	310	1
gi|831	799	902	R=43	+	884	85	3
gi|809	3641	4024	R=43	+	4008	367	1
gi|791	31038	32363	R=43	-	31040	1308	2
gi|771	10143	10588	R=43	+	10570	427	3
gi|676	27974	28187	R=43	+	28169	195	3
gi|593	36986	37444	R=43	+	37428	442	1
gi|563	29833	30324	R=43	+	30308	475	1
gi|541	8823	9199	R=43	+	9181	358	3
gi|531	36644	36805	R=43	+	36787	143	3
gi|489	32966	34287	R=43	+	34271	1305	1
gi|387	26776	27016	R=43	-	26779	222	3
gi|350	20314	20651	R=43	+	20634	320	2
gi|334	10261	11585	R=43	+	11569	1308	1
gi|305	12864	14188	R=43	+	14172	1308	1
gi|299	4175	4415	R=43	+	4397	222	3
gi|296	38109	38237	R=43	+	38220	111	2
gi|246	34157	34445	R=43	-	34158	272	1
gi|241	17264	17649	R=43	+	17631	367	3
gi|226	35985	36109	R=43	+	36091	106	3
gi|91	12764	13092	R=43	-	12767	310	3
gi|22	1896	2222	R=43	+	2204	308	3
gi|1030	30043	30435	R=44	+	30056	13	364
gi|1023	24962	26013	R=44	+	24975	13	1023
gi|999	30257	31388	R=44	-	31360	13	1103
gi|938	8183	9314	R=44	+	8196	13	1103
gi|917	5524	6655	R=44	-	6627	13	1103
gi|874	6894	8026	R=44	+	6907	13	1104
gi|841	18080	19211	R=44	-	19183	13	1103
gi|831	24164	25295	R=44	-	25267	13	1103
gi|821	1248	2379	R=44	-	2351	13	1103
gi|806	19397	20424	R=44	+	19410	13	999
gi|794	15871	17002	R=44	+	15884	13	1103
gi|688	4701	5371	R=44	+	4714	13	642
gi|685	6462	6854	R=44	-	6826	13	364
gi|677	35266	36397	R=44	-	36369	13	1103
gi|651	16006	17137	R=44	+	16019	13	1103
gi|644	3845	4097	R=44	-	4069	13	224
gi|582	29230	29720	R=44	-	29692	13	462
gi|576	37268	38399	R=44	-	38371	13	1103
gi|562	9915	11046	R=44	+	9928	13	1103
gi|555	13886	14312	R=44	-	14284	13	398
gi|540	39355	40000	R=44	+	39368	13	617
gi|527	7031	7405	R=44	-	7377	13	346
gi|525	10596	11727	R=44	-	11699	13	1103
gi|514	34466	34858	R=44	-	34830	13	364
gi|496	31977	32365	R=44	-	32337	13	360
gi|404	26600	27000	R=44	-	26972	13	372
gi|344	20709	21840	R=44	-	21812	13	1103
gi|271	2294	2723	R=44	-	2695	13	401
gi|212	28357	28485	R=44	-	28457	13	100
gi|179	2312	3444	R=44	-	3416	13	1104
gi|164	36508	36627	R=44	-	36599	13	91
gi|123	10063	10634	R=44	+	10076	13	543
gi|76	29867	30998	R=44	-	30970	13	1103
gi|71	6059	7190	R=44	+	6072	13	1103
gi|65	19811	20942	R=44	+	19824	13	1103
gi|56	6116	6508	R=44	-	6480	13	364
gi|56	1924	3055	R=44	-	3027	13	1103
gi|41	30882	32013	R=44	+	30895	13	1103
gi|25	22828	23958	R=44	+	22841	13	1102
gi|9	31971	32363	R=44	+	31984	13	364
gi|1037	17058	17270	R=45	-	17255	0	197
gi|1009	22461	22673	R=45	-	22658	0	197
gi|989	37709	37921	R=45	-	37906	0	197
gi|968	3716	3928	R=45	+	3716	0	197
gi|929	32188	32400	R=45	+	32188	0	197
gi|800	16917	17129	R=45	-	17114	0	197
gi|704	9477	9689	R=45	+	9477	0	197
gi|661	31460	31672	R=45	-	31657	0	197
gi|442	3363	3575	R=45	+	3363	0	197
gi|436	22807	23019	R=45	-	23004	0	197
gi|430	25866	26078	R=45	-	26063	0	197
gi|369	23338	23551	R=45	+	23338	0	198
gi|364	27107	27318	R=45	+	27107	0	196
gi|281	19236	19448	R=45	-	19433	0	197
gi|204	1272	1484	R=45	+	1272	0	197
gi|170	38568	38757	R=45	+	38568	0	174
gi|119	14558	14770	R=45	-	14755	0	197
gi|91	20240	20385	R=45	+	20240	0	130
gi|50	28051	28263	R=45	+	28051	0	197
gi|27	21553	21765	R=45	-	21750	0	197
gi|6	26827	27039	R=45	-	27024	0	197
gi|1043	24914	25118	R=46	-	25093	10	179
gi|963	7300	8049	R=46	-	8024	10	724
gi|952	6020	6769	R=46	+	6030	10	724
gi|868	7246	7996	R=46	+	7256	10	725
gi|850	17996	18746	R=46	+	18006	10	725
gi|809	22136	22362	R=46	-	22337	10	201
gi|773	36374	36701	R=46	+	36384	10	302
gi|766	13032	13359	R=46	+	13042	10	302
gi|674	36474	37224	R=46	+	36484	10	725
gi|572	33906	34652	R=46	+	33916	10	721
gi|531	25642	25968	R=46	+	25652	10	301
gi|505	5029	5355	R=46	+	5039	10	301
gi|487	14936	15263	R=46	+	14946	10	302
gi|385	31681	32392	R=46	+	31691	10	686
gi|367	31507	31834	R=46	+	31517	10	302
gi|363	22685	23435	R=46	-	23410	10	725
gi|344	37466	37690	R=46	-	37665	10	199
gi|321	38566	39315	R=46	-	39290	10	724
gi|290	28461	28695	R=46	-	28670	10	209
gi|270	13506	13697	R=46	-	13672	10	166
gi|261	6197	6616	R=46	-	6591	10	394
gi|227	13151	13478	R=46	+	13161	10	302
gi|185	28107	28818	R=46	-	28793	10	686
gi|129	11588	11915	R=46	-	11890	10	302
gi|26	19982	20690	R=46	-	20665	10	683
gi|1040	4388	4711	R=47	-	4644	52	256
gi|1040	-7	270	R=47	-	135	120	142
gi|1020	816	18253	R=47	-	10814	7424	9998
gi|1000	18119	31576	R=47	-	28118	3443	9999
gi|994	4376	4701	R=47	-	4634	52	258
gi|972	34461	34861	R=47	-	34726	120	265
gi|972	30167	30553	R=47	-	30418	120	251
gi|918	24439	24827	R=47	+	24562	123	250
gi|867	13014	13399	R=47	+	13135	121	249
gi|835	39628	42864	R=47	-	39704	3145	76
gi|815	6798	7120	R=47	-	7053	52	255
gi|815	2297	2682	R=47	-	2547	120	250
gi|792	9219	9604	R=47	-	9468	121	249
gi|770	4787	14802	R=47	-	14787	0	10000
gi|663	31118	31502	R=47	+	31238	120	249
gi|663	26679	27001	R=47	+	26731	52	255
gi|656	25680	26002	R=47	+	25732	52	255
gi|647	6845	7167	R=47	-	7100	52	255
gi|647	2342	2727	R=47	-	2592	120	250
gi|629	20647	21033	R=47	-	20898	120	251
gi|629	3788	4176	R=47	-	4038	123	250
gi|623	14895	19192	R=47	+	14895	0	4282
gi|616	6301	26309	R=47	-	16298	9996	9997
gi|559	2666	21189	R=47	-	12664	8510	9998
gi|536	12692	13077	R=47	+	12812	120	250
gi|536	8251	8574	R=47	+	8303	52	256
gi|499	3270	23282	R=47	+	13269	9999	9998
gi|453	11764	29283	R=47	-	21761	7507	9997
gi|440	24560	29451	R=47	-	27566	1870	3006
gi|409	15823	16209	R=47	-	16073	121	250
gi|336	41028	41350	R=47	-	41283	52	255
gi|336	36525	36910	R=47	-	36775	120	250
gi|336	22642	23030	R=47	-	22892	123	250
gi|336	2	14084	R=47	-	4071	9998	4069
gi|302	1	15507	R=47	+	5495	5494	9997
gi|274	1	1803	R=47	-	1707	81	1706
gi|211	18738	38750	R=47	-	28741	9994	10003
gi|186	7970	8292	R=47	-	8225	52	255
gi|186	3463	3848	R=47	-	3713	120	250
gi|137	3916	4238	R=47	-	4171	52	255
gi|100	12158	30949	R=47	-	22156	8778	9998
gi|94	11882	16861	R=47	+	16770	4888	76
gi|36	8164	8549	R=47	-	8413	121	249
gi|28	16294	31354	R=47	-	26293	5046	9999
gi|21	1270	11353	R=47	+	11269	9999	69
gi|1029	38616	40136	R=48	-	38890	1231	274
gi|1021	20368	20562	R=48	+	20547	179	0
gi|1002	16687	17007	R=48	+	16687	0	305
gi|936	4238	5447	R=48	+	5213	975	219
gi|911	32645	32972	R=48	+	32652	7	305
gi|911	30592	31265	R=48	-	30865	385	273
gi|893	31392	31889	R=48	+	31568	176	306
gi|893	29263	29558	R=48	-	29536	7	273
gi|864	31020	31348	R=48	+	31027	7	306
gi|845	16448	16737	R=48	+	16448	0	274
gi|845	14687	14914	R=48	-	14889	10	202
gi|787	13852	14178	R=48	-	14157	6	305
gi|787	13496	13796	R=48	+	13508	12	273
gi|787	11348	12898	R=48	-	11654	1229	306
gi|747	22587	23123	R=48	+	22804	217	304
gi|681	39228	39460	R=48	-	39445	0	217
gi|583	12037	12363	R=48	+	12044	7	304
gi|583	10737	11604	R=48	-	10772	817	35
gi|582	5328	5656	R=48	+	5335	7	306
gi|582	2833	4283	R=48	-	3107	1161	274
gi|528	3707	4002	R=48	+	3714	7	273
gi|528	255	752	R=48	-	561	176	306
gi|492	7721	8048	R=48	+	7728	7	305
gi|492	5668	6341	R=48	-	5941	385	273
gi|476	22623	22949	R=48	-	22928	6	305
gi|476	22267	22567	R=48	+	22279	12	273
gi|476	20123	21669	R=48	-	20425	1229	302
gi|467	4534	4862	R=48	+	4541	7	306
gi|461	34220	35225	R=48	-	34424	786	204
gi|451	11453	12126	R=48	+	11838	385	273
gi|451	9747	10074	R=48	-	10052	7	305
gi|380	27301	28853	R=48	+	28534	1233	304
gi|368	8559	8841	R=48	+	8569	10	257
gi|368	6735	7024	R=48	-	7009	0	274
gi|366	27395	27614	R=48	+	27395	0	204
gi|363	27781	28454	R=48	+	28166	385	273
gi|363	26075	26401	R=48	-	26379	7	304
gi|241	11913	12410	R=48	+	12089	176	306
gi|241	9784	10079	R=48	-	10057	7	273
gi|170	2917	3244	R=48	-	3222	7	305
gi|140	26694	27302	R=48	+	27018	324	269
gi|140	20806	21133	R=48	-	21111	7	305
gi|91	3018	3318	R=48	+	3030	12	273
gi|91	856	2409	R=48	-	1161	1233	305
gi|86	2577	2771	R=48	+	2756	179	0
gi|1010	29210	29323	R=49	+	29236	26	72
gi|1002	35675	35847	R=49	-	35768	64	93
gi|930	36065	36197	R=49	-	36159	23	94
gi|917	20775	20910	R=49	-	20870	25	95
gi|917	20718	20890	R=49	+	20782	64	93
gi|888	14098	14270	R=49	-	14191	64	93
gi|886	9804	9948	R=49	-	9871	62	67
gi|875	21833	21933	R=49	-	21893	25	60
gi|847	17379	17551	R=49	-	17472	64	93
gi|847	17359	17494	R=49	+	17384	25	95
gi|828	4940	5075	R=49	-	5035	25	95
gi|783	2239	2371	R=49	+	2263	24	93
gi|605	10085	10195	R=49	+	10110	25	70
gi|489	7108	7280	R=49	-	7201	64	93
gi|489	7089	7223	R=49	+	7113	24	95
gi|487	14722	14857	R=49	-	14817	25	95
gi|487	14665	14837	R=49	+	14729	64	93
gi|419	6171	6307	R=49	-	6266	26	95
gi|416	15389	15561	R=49	-	15482	64	93
gi|416	15370	15504	R=49	+	15394	24	95
gi|391	9882	10006	R=49	+	9899	17	92
gi|307	8792	8964	R=49	-	8885	64	93
gi|307	8772	8907	R=49	+	8797	25	95
gi|270	6558	6663	R=49	+	6582	24	66
gi|205	23854	23956	R=49	-	23936	5	82
gi|93	12176	12311	R=49	-	12271	25	95
gi|93	12119	12291	R=49	+	12183	64	93
gi|79	24915	25064	R=49	-	24985	64	70
gi|46	23943	24078	R=49	-	23999	64	56
gi|1028	7712	7830	R=50	-	7815	0	103
gi|1028	6846	7539	R=50	+	6846	0	678
gi|993	15145	15841	R=50	-	15826	0	681
gi|993	14854	15059	R=50	+	14854	0	190
gi|930	20457	20601	R=50	+	20457	0	129
gi|880	30198	31160	R=50	-	31145	0	947
gi|880	30198	30403	R=50	+	30198	0	190
gi|880	29306	30198	R=50	+	29306	0	877
gi|853	25644	26484	R=50	-	26469	0	825
gi|853	25535	25653	R=50	+	25535	0	103
gi|822	2833	2977	R=50	+	2833	0	129
gi|811	4221	4361	R=50	+	4221	0	125
gi|713	26187	26328	R=50	-	26313	0	126
gi|713	25190	25395	R=50	+	25190	0	190
gi|709	545	689	R=50	-	674	0	129
gi|635	17652	17792	R=50	-	17777	0	125
gi|634	1	257	R=50	-	242	0	241
gi|607	12089	12233	R=50	+	12089	0	129
gi|510	807	951	R=50	-	936	0	129
gi|486	20272	21112	R=50	-	21097	0	825
gi|486	20163	20281	R=50	+	20163	0	103
gi|424	35246	35623	R=50	+	35246	0	362
gi|384	225	365	R=50	+	225	0	125
gi|323	15584	16546	R=50	+	15584	0	947
gi|244	19377	19517	R=50	-	19502	0	125
gi|174	31175	31303	R=50	-	31288	0	113
gi|174	29096	29214	R=50	+	29096	0	103
gi|102	21483	21627	R=50	-	21612	0	129
gi|96	25070	26032	R=50	-	26017	0	947
gi|96	25070	25229	R=50	+	25070	0	144
gi|14	18671	18876	R=50	-	18861	0	190
gi|14	17912	18876	R=50	+	17912	0	949
gi|962	10	185	R=51	+	170	160	0
gi|939	37594	37838	R=51	-	37594	229	0
gi|869	10042	10284	R=51	+	10269	227	0
gi|869	7900	9068	R=51	-	7900	1153	0
gi|869	6502	6916	R=51	+	6901	399	0
gi|869	5142	5556	R=51	-	5142	399	0
gi|757	37815	38246	R=51	-	37815	416	0
gi|664	29447	29586	R=51	-	29447	124	0
gi|655	32705	33136	R=51	-	32705	416	0
gi|655	32480	32663	R=51	+	32648	168	0
gi|604	4626	4741	R=51	+	4726	100	0
gi|565	37916	39079	R=51	-	37916	1148	0
gi|565	24727	25155	R=51	-	24727	413	0
gi|464	7221	7652	R=51	-	7221	416	0
gi|463	21188	22374	R=51	+	22359	1171	0
gi|463	20016	20250	R=51	-	20016	219	0
gi|444	7909	8153	R=51	+	8138	229	0
gi|429	19722	19964	R=51	+	19949	227	0
gi|429	17578	18764	R=51	-	17578	1171	0
gi|412	22993	23237	R=51	-	22993	229	0
gi|411	38426	39611	R=51	-	38426	1170	0
gi|380	19045	20231	R=51	+	20216	1171	0
gi|380	17682	17926	R=51	-	17682	229	0
gi|357	19388	19802	R=51	-	19388	399	0
gi|234	26648	27079	R=51	-	26648	416	0
gi|220	25606	25850	R=51	-	25606	229	0
gi|213	6546	6790	R=51	+	6775	229	0
gi|213	4178	5363	R=51	-	4178	1170	0
gi|212	2024	2452	R=51	-	2024	413	0
gi|194	13696	14884	R=51	+	14869	1173	0
gi|194	11764	12008	R=51	-	11764	229	0
gi|176	7823	8165	R=51	-	7823	327	0
gi|176	5030	5458	R=51	+	5443	413	0
gi|56	12877	14064	R=51	-	12877	1172	0
gi|52	37779	38210	R=51	+	38195	416	0
gi|1013	32938	33094	R=52	-	33078	1	140
gi|998	20821	24305	R=52	+	20822	1	3468
gi|998	15655	19139	R=52	+	15656	1	3468
gi|991	36828	38536	R=52	+	36829	1	1692
gi|930	25478	25634	R=52	-	25618	1	140
gi|923	29528	29743	R=52	-	29728	0	200
gi|850	29550	32330	R=52	-	32314	1	2764
gi|836	25488	28270	R=52	+	25489	1	2766
gi|775	34768	36476	R=52	+	34769	1	1692
gi|758	20379	20778	R=52	-	20762	1	383
gi|722	12285	15772	R=52	-	15756	1	3471
gi|652	20156	21457	R=52	-	21441	1	1285
gi|563	32008	35491	R=52	+	32009	1	3467
gi|466	18311	20019	R=52	-	20003	1	1692
gi|455	24079	24295	R=52	+	24080	1	200
gi|304	24109	26411	R=52	-	26395	1	2286
gi|267	32231	35715	R=52	+	32232	1	3468
gi|261	1	1117	R=52	-	1101	1	1100
gi|256	30083	30239	R=52	+	30084	1	140
gi|207	1496	1778	R=52	+	1497	1	266
gi|71	11196	11412	R=52	+	11197	1	200
gi|58	37907	39209	R=52	+	37908	1	1286
gi|967	35373	35773	R=53	+	35758	385	0
gi|687	6010	6928	R=53	+	6913	903	0
gi|662	21617	22040	R=53	-	21617	408	0
gi|650	34885	36598	R=53	-	34885	1698	0
gi|608	30734	31644	R=53	-	30734	895	0
gi|507	15952	16350	R=53	-	15952	383	0
gi|380	29178	30092	R=53	-	29178	899	0
gi|378	22180	23893	R=53	-	22180	1698	0
gi|344	25949	26372	R=53	-	25949	408	0
gi|266	4951	5862	R=53	+	5847	896	0
gi|237	3671	4094	R=53	+	4079	408	0
gi|163	17401	18311	R=53	+	18296	895	0
gi|125	17053	18766	R=53	+	18751	1698	0
gi|48	6700	8413	R=53	-	6700	1698	0
gi|1013	36412	36609	R=54	+	36412	0	182
gi|956	7020	7219	R=54	-	7202	2	182
gi|831	13604	13802	R=54	+	13605	1	182
gi|733	13444	13644	R=54	-	13625	4	181
gi|525	1212	1411	R=54	+	1214	2	182
gi|442	36037	36238	R=54	-	36219	4	182
gi|439	7521	7720	R=54	+	7523	2	182
gi|399	18952	19150	R=54	-	19133	2	181
gi|353	39542	39739	R=54	-	39723	1	181
gi|339	32146	32345	R=54	+	32149	3	181
gi|308	10992	11190	R=54	+	10993	1	182
gi|109	6716	6915	R=54	+	6718	2	182
gi|97	22215	22414	R=54	+	22217	2	182
gi|19	22331	22529	R=54	-	22512	2	181
gi|967	28454	28661	R=55	+	28479	25	167
gi|895	30983	31199	R=55	-	31157	27	174
gi|895	30983	31196	R=55	+	31007	24	174
gi|895	9013	9225	R=55	-	9183	27	170
gi|895	9013	9222	R=55	+	9036	23	171
gi|878	1325	1500	R=55	-	1458	27	133
gi|733	28848	29063	R=55	-	29021	27	173
gi|733	28848	29060	R=55	+	28872	24	173
gi|685	13570	13780	R=55	-	13742	23	172
gi|685	13570	13780	R=55	+	13593	23	172
gi|654	30	245	R=55	-	203	27	173
gi|654	27	242	R=55	+	54	27	173
gi|648	19692	19836	R=55	+	19718	26	103
gi|627	10748	10957	R=55	+	10767	19	175
gi|583	32883	33094	R=55	-	33056	23	173
gi|550	13231	13445	R=55	-	13403	27	172
gi|550	13231	13442	R=55	+	13255	24	172
gi|547	31185	31396	R=55	-	31357	24	172
gi|547	31181	31396	R=55	+	31208	27	173
gi|472	9183	9396	R=55	-	9354	27	171
gi|472	9179	9393	R=55	+	9206	27	172
gi|472	8659	8863	R=55	+	8684	25	164
gi|441	4850	5066	R=55	-	5024	27	174
gi|441	4850	5062	R=55	+	4874	24	173
gi|405	310	521	R=55	+	334	24	172
gi|385	21014	21228	R=55	-	21186	27	172
gi|355	26186	26398	R=55	-	26359	24	173
gi|355	26183	26398	R=55	+	26210	27	173
gi|343	5492	5700	R=55	+	5513	21	172
gi|322	19318	19529	R=55	-	19491	23	173
gi|322	19318	19529	R=55	+	19342	24	172
gi|275	2402	2614	R=55	-	2575	24	173
gi|257	30187	30399	R=55	+	30211	24	173
gi|251	18579	18790	R=55	-	18750	25	171
gi|251	18579	18789	R=55	+	18602	23	172
gi|181	24764	24975	R=55	+	24787	23	173
gi|127	12127	12341	R=55	+	12153	26	173
gi|114	9580	9792	R=55	-	9754	23	174
gi|114	9577	9792	R=55	+	9604	27	173
gi|941	27413	27787	R=56	-	27772	0	359
gi|917	30179	32005	R=56	-	31990	0	1811
gi|917	30178	32004	R=56	+	30178	0	1811
gi|902	38778	40079	R=56	+	38778	0	1286
gi|865	35033	35183	R=56	-	35168	0	135
gi|834	28295	28494	R=56	+	28295	0	184
gi|789	3	524	R=56	-	509	0	506
gi|746	21695	23521	R=56	-	23506	0	1811
gi|746	21694	23520	R=56	+	21694	0	1811
gi|666	36614	37923	R=56	-	37908	0	1294
gi|666	36089	37398	R=56	+	36089	0	1294
gi|643	36021	37847	R=56	-	37832	0	1811
gi|643	36020	37846	R=56	+	36020	0	1811
gi|546	5165	6991	R=56	-	6976	0	1811
gi|546	5164	6990	R=56	+	5164	0	1811
gi|494	23642	25468	R=56	-	25453	0	1811
gi|494	23641	25467	R=56	+	23641	0	1811
gi|455	28202	29085	R=56	-	29070	0	868
gi|455	27265	28189	R=56	+	27265	0	909
gi|437	1	394	R=56	-	379	0	378
gi|435	21455	21650	R=56	-	21635	0	180
gi|430	16310	17067	R=56	-	17052	0	742
gi|343	2521	2621	R=56	-	2606	0	85
gi|290	26365	28191	R=56	-	28176	0	1811
gi|290	26364	28190	R=56	+	26364	0	1811
gi|276	2729	4555	R=56	-	4540	0	1811
gi|276	2728	4554	R=56	+	2728	0	1811
gi|169	31349	33175	R=56	-	33160	0	1811
gi|169	31348	33174	R=56	+	31348	0	1811
gi|132	38648	40081	R=56	+	38648	0	1418
gi|11	21461	21595	R=56	-	21580	0	119
gi|11	18649	20084	R=56	+	18649	0	1420
gi|1036	15776	15996	R=57	-	15920	61	144
gi|1030	29322	29540	R=57	+	29381	59	144
gi|1007	5766	5986	R=57	-	5910	61	144
gi|959	20223	20440	R=57	+	20282	59	143
gi|951	38054	38274	R=57	+	38115	61	144
gi|938	38326	38544	R=57	-	38470	59	144
gi|915	25732	25948	R=57	-	25876	57	144
gi|887	17449	17669	R=57	+	17510	61	144
gi|857	17928	18148	R=57	+	17989	61	144
gi|843	4994	5210	R=57	+	5053	59	142
gi|833	20754	20974	R=57	+	20815	61	144
gi|759	9724	9943	R=57	+	9785	61	143
gi|739	11179	11397	R=57	+	11240	61	142
gi|680	12501	12721	R=57	+	12562	61	144
gi|610	5069	5289	R=57	+	5130	61	144
gi|579	38482	38701	R=57	+	38543	61	143
gi|576	2495	2711	R=57	-	2639	57	144
gi|568	25139	25356	R=57	+	25198	59	143
gi|528	4969	5188	R=57	-	5113	60	144
gi|493	9919	10094	R=57	+	9936	17	143
gi|489	6849	6970	R=57	-	6942	13	93
gi|456	6549	6768	R=57	-	6692	61	143
gi|452	20047	20267	R=57	-	20191	61	144
gi|352	40046	40150	R=57	+	40107	61	28
gi|338	23927	24147	R=57	-	24071	61	144
gi|338	23496	23715	R=57	+	23556	60	144
gi|314	3358	3577	R=57	-	3501	61	143
gi|293	706	925	R=57	+	767	61	143
gi|288	1797	2016	R=57	-	1940	61	143
gi|267	35715	35904	R=57	+	35745	30	144
gi|266	26479	26698	R=57	-	26622	61	143
gi|196	1784	2003	R=57	+	1845	61	143
gi|164	36989	37165	R=57	-	37133	17	144
gi|124	2905	3027	R=57	+	2965	60	47
gi|92	18289	18507	R=57	-	18433	59	144
gi|69	39835	40003	R=57	-	39979	9	144
gi|45	37265	37482	R=57	+	37324	59	143
gi|37	22727	22946	R=57	+	22788	61	143
gi|16	30977	31195	R=57	+	31036	59	144
gi|13	22478	22697	R=57	+	22539	61	143
gi|984	17022	17216	R=58	-	17028	173	6
gi|944	13814	13986	R=58	-	13835	136	21
gi|893	32164	32332	R=58	+	32275	111	42
gi|857	8843	9130	R=58	+	9073	230	42
gi|857	7278	9107	R=58	-	7320	1772	42
gi|819	15965	16272	R=58	-	16007	250	42
gi|819	5004	5226	R=58	+	5190	186	21
gi|650	7217	7504	R=58	+	7447	230	42
gi|650	5647	7481	R=58	-	5689	1777	42
gi|539	9757	9859	R=58	+	9804	47	40
gi|516	21065	21275	R=58	+	21220	155	40
gi|436	9676	9840	R=58	+	9778	102	47
gi|436	7586	7753	R=58	-	7633	105	47
gi|331	21824	23651	R=58	+	23594	1770	42
gi|174	16724	17011	R=58	+	16954	230	42
gi|174	15159	16988	R=58	-	15201	1772	42
gi|126	16105	16272	R=58	+	16210	105	47
gi|126	15256	15739	R=58	+	15699	443	25
gi|126	12132	12299	R=58	-	12179	105	47
gi|944	30295	30545	R=59	+	30342	47	188
gi|943	38162	38554	R=59	+	38211	49	328
gi|913	22138	28279	R=59	-	25741	2523	3603
gi|830	30036	30226	R=59	-	30162	49	126
gi|820	37623	38054	R=59	+	37805	182	234
gi|820	21037	21367	R=59	+	21219	182	133
gi|820	4906	5337	R=59	+	5088	182	234
gi|754	17209	17597	R=59	+	17391	182	191
gi|682	34310	34698	R=59	+	34492	182	191
gi|670	25013	25338	R=59	-	25147	176	134
gi|664	10719	11107	R=59	+	10901	182	191
gi|590	34400	35736	R=59	-	35032	689	632
gi|590	18118	23320	R=59	-	21668	1637	3550
gi|590	3	4532	R=59	-	2311	2206	2308
gi|541	26101	29517	R=59	-	26976	2526	875
gi|530	20461	20787	R=59	+	20637	176	135
gi|514	5399	10578	R=59	-	8931	1632	3532
gi|512	17418	23480	R=59	-	21025	2440	3607
gi|512	2640	7842	R=59	-	6190	1637	3550
gi|479	31292	36440	R=59	-	34895	1530	3603
gi|388	31287	37435	R=59	-	34893	2527	3606
gi|356	4591	4750	R=59	-	4732	3	141
gi|301	7102	7490	R=59	+	7284	182	191
gi|288	30684	30878	R=59	+	30737	53	126
gi|231	21524	21912	R=59	+	21706	182	191
gi|180	24836	30846	R=59	-	28444	2387	3608
gi|180	10525	16605	R=59	-	14061	2529	3536
gi|165	22950	23145	R=59	-	23085	45	135
gi|125	28005	34154	R=59	-	31612	2527	3607
gi|125	10934	17024	R=59	-	14484	2525	3550
gi|122	34729	35117	R=59	+	34911	182	191
gi|122	19021	19409	R=59	+	19203	182	191
gi|120	2367	2755	R=59	+	2549	182	191
gi|13	3522	3852	R=59	+	3704	182	133
gi|995	25699	26081	R=60	+	26063	364	3
gi|995	25049	25243	R=60	-	25052	176	3
gi|919	20434	20798	R=60	+	20780	346	3
gi|919	19749	19945	R=60	-	19754	176	5
gi|912	18179	18903	R=60	+	18882	703	6
gi|912	18179	18370	R=60	-	18182	173	3
gi|912	625	992	R=60	-	631	346	6
gi|825	1568	1762	R=60	+	1741	173	6
gi|819	14592	14786	R=60	+	14765	173	6
gi|777	3830	3995	R=60	-	3835	145	5
gi|765	29520	29648	R=60	+	29627	107	6
gi|765	28802	28999	R=60	-	28805	179	3
gi|735	18419	19139	R=60	-	18425	699	6
gi|617	12689	13076	R=60	+	13056	367	5
gi|617	11043	11237	R=60	-	11049	173	6
gi|609	29830	29961	R=60	+	29940	110	6
gi|609	27777	27971	R=60	-	27783	173	6
gi|531	24721	24915	R=60	+	24894	173	6
gi|531	23837	24222	R=60	-	23843	364	6
gi|530	29673	30058	R=60	+	30037	364	6
gi|530	28977	29171	R=60	-	28983	173	6
gi|489	38997	39194	R=60	+	39173	176	6
gi|489	38144	38508	R=60	-	38147	346	3
gi|489	24265	24990	R=60	+	24970	705	5
gi|489	24265	24456	R=60	-	24268	173	3
gi|444	58	201	R=60	-	64	122	6
gi|321	31364	32089	R=60	+	32069	705	5
gi|299	4914	5046	R=60	+	5026	112	5
gi|208	34411	35133	R=60	+	35112	701	6
gi|208	34411	34601	R=60	-	34414	172	3
gi|183	9617	9809	R=60	+	9789	172	5
gi|183	9085	9807	R=60	-	9091	701	6
gi|182	9775	9965	R=60	-	9778	172	3
gi|179	13138	13502	R=60	+	13484	346	3
gi|179	12452	12649	R=60	-	12458	176	6
gi|169	21627	21817	R=60	+	21799	172	3
gi|169	21095	21817	R=60	-	21101	701	6
gi|912	11782	12126	R=61	+	11783	1	328
gi|893	32164	32359	R=61	-	32341	3	177
gi|857	8810	9157	R=61	-	9140	2	330
gi|857	7253	7588	R=61	+	7253	0	320
gi|819	15938	16267	R=61	+	15941	3	311
gi|814	30389	30734	R=61	-	30718	1	329
gi|814	28829	29166	R=61	+	28832	3	319
gi|650	7184	7532	R=61	-	7514	3	330
gi|650	5621	5957	R=61	+	5622	1	320
gi|613	22502	22849	R=61	-	22831	3	329
gi|613	20944	21279	R=61	+	20945	1	319
gi|496	26118	26431	R=61	+	26119	1	297
gi|331	23341	23679	R=61	-	23661	3	320
gi|241	12685	12878	R=61	-	12862	1	177
gi|174	16691	17037	R=61	-	17021	1	330
gi|174	15133	15469	R=61	+	15134	1	320
gi|126	13895	14243	R=61	+	13898	3	330
gi|89	8840	8962	R=61	+	8843	3	104
gi|68	17825	17946	R=61	-	17930	1	105
gi|1046	1206	1310	R=62	+	1210	4	85
gi|1038	23997	24196	R=62	-	24081	100	84
gi|1028	6343	6507	R=62	+	6407	64	85
gi|1019	26311	26486	R=62	-	26391	80	80
gi|911	5508	5705	R=62	-	5588	102	80
gi|894	27394	27546	R=62	-	27431	100	37
gi|857	6349	6548	R=62	+	6450	101	83
gi|801	8084	8286	R=62	-	8169	102	85
gi|765	28296	28438	R=62	+	28398	102	25
gi|699	8048	8233	R=62	+	8137	89	81
gi|679	8729	8929	R=62	-	8813	101	84
gi|575	17503	17703	R=62	-	17587	101	84
gi|570	12354	12512	R=62	+	12456	102	41
gi|522	23951	24060	R=62	+	23962	11	83
gi|517	720	918	R=62	+	820	100	83
gi|514	20366	20566	R=62	+	20467	101	84
gi|473	28591	28794	R=62	-	28677	102	86
gi|438	7979	8179	R=62	-	8063	101	84
gi|431	13347	13449	R=62	+	13350	3	84
gi|395	28283	28481	R=62	-	28365	101	82
gi|394	16058	16220	R=62	-	16103	102	45
gi|376	29743	29913	R=62	+	29846	103	52
gi|210	6302	6471	R=62	+	6404	102	52
gi|207	16086	16255	R=62	+	16188	102	52
gi|195	6513	6682	R=62	+	6615	102	52
gi|132	31552	31724	R=62	+	31654	102	55
gi|112	26363	26517	R=62	-	26401	101	38
gi|104	4995	5193	R=62	-	5078	100	83
gi|91	20438	20592	R=62	-	20475	102	37
gi|81	28273	28473	R=62	+	28373	100	85
gi|47	38084	38286	R=62	+	38186	102	85
gi|38	22315	22484	R=62	+	22417	102	52
gi|945	7805	8512	R=63	-	7805	692	0
gi|902	16607	17491	R=63	+	17476	869	0
gi|856	4786	5670	R=63	+	5655	869	0
gi|850	32915	33018	R=63	+	33003	88	0
gi|773	16655	16867	R=63	-	16655	197	0
gi|669	28964	29848	R=63	-	28964	869	0
gi|564	1034	1412	R=63	-	1034	363	0
gi|557	26891	27264	R=63	+	27249	358	0
gi|437	29231	30115	R=63	+	30100	869	0
gi|373	25039	25884	R=63	-	25039	830	0
gi|355	30537	31420	R=63	+	31405	868	0
gi|323	13233	13854	R=63	-	13233	606	0
gi|263	15354	15726	R=63	-	15354	357	0
gi|206	23504	24387	R=63	-	23504	868	0
gi|196	15054	15936	R=63	+	15921	867	0
gi|178	6509	7393	R=63	-	6509	869	0
gi|174	28363	29094	R=63	-	28363	716	0
gi|134	11732	12615	R=63	+	12600	868	0
gi|132	27181	28065	R=63	+	28050	869	0
gi|34	37327	38210	R=63	+	38195	868	0
gi|3	3383	4266	R=63	+	4251	868	0
gi|1008	15432	15695	R=64	-	15496	184	64
gi|903	16299	16562	R=64	+	16483	184	64
gi|903	16299	16562	R=64	-	16363	184	64
gi|841	4923	5037	R=64	-	4987	35	64
gi|788	6318	6451	R=64	+	6372	54	64
gi|735	15914	16100	R=64	-	15978	107	64
gi|658	3508	3611	R=64	-	3547	49	39
gi|304	17220	17483	R=64	+	17404	184	64
gi|304	17220	17483	R=64	-	17284	184	64
gi|257	37558	37793	R=64	+	37742	184	36
gi|206	17823	18075	R=64	+	18003	180	57
gi|179	4498	4761	R=64	-	4562	184	64
gi|169	10711	10968	R=64	+	10889	178	64
gi|169	10711	10968	R=64	-	10764	189	53
gi|131	27239	27502	R=64	+	27423	184	64
gi|131	27239	27502	R=64	-	27303	184	64
gi|111	22489	22718	R=64	+	22639	150	64
gi|111	15532	15792	R=64	-	15596	181	64
gi|69	21027	21224	R=64	+	21145	118	64
gi|1042	39191	39318	R=65	-	39252	51	61
gi|1025	28909	29263	R=65	-	28970	278	61
gi|1014	2002	2130	R=65	-	2063	52	61
gi|1008	21267	21394	R=65	-	21327	52	60
gi|847	13238	13594	R=65	-	13301	278	63
gi|841	9923	10276	R=65	-	9983	278	60
gi|804	17355	17709	R=65	-	17415	279	60
gi|800	5113	5293	R=65	-	5176	102	63
gi|771	22586	22713	R=65	+	22637	51	61
gi|691	11730	11857	R=65	+	11781	51	61
gi|646	35202	35558	R=65	-	35265	278	63
gi|645	34073	34431	R=65	+	34353	280	63
gi|632	13555	13908	R=65	-	13615	278	60
gi|579	29956	30310	R=65	-	30017	278	61
gi|579	28983	29163	R=65	-	29046	102	63
gi|517	7751	7892	R=65	+	7817	66	60
gi|365	24691	24815	R=65	+	24742	51	58
gi|332	28116	28227	R=65	+	28167	51	45
gi|305	11766	11946	R=65	+	11868	102	63
gi|194	3664	4017	R=65	+	3942	278	60
gi|178	11553	11673	R=65	-	11616	42	63
gi|161	30091	30218	R=65	+	30143	52	60
gi|131	37460	37637	R=65	+	37562	102	60
gi|96	6988	7341	R=65	-	7046	280	58
gi|96	4665	5019	R=65	-	4726	278	61
gi|75	25970	26323	R=65	+	26248	278	60
gi|72	34323	34679	R=65	-	34386	278	63
gi|69	29280	29633	R=65	-	29340	278	60
gi|38	13259	13384	R=65	-	13319	50	60
gi|19	23464	23594	R=65	+	23516	52	63
gi|1016	36031	37403	R=66	+	37232	1201	156
gi|1016	6501	9122	R=66	+	7235	734	1872
gi|1016	2	2735	R=66	+	298	296	2422
gi|962	32202	34591	R=66	-	33433	1143	1231
gi|962	20875	23785	R=66	-	23293	477	2418
gi|939	1	2270	R=66	-	1055	1200	1054
gi|929	8049	8505	R=66	+	8204	155	286
gi|929	1421	2224	R=66	+	1923	502	286
gi|855	15164	17744	R=66	-	17582	147	2418
gi|845	31824	32208	R=66	-	32102	91	278
gi|845	27033	27414	R=66	-	27308	91	275
gi|845	21418	21808	R=66	-	21702	91	284
gi|845	1382	1763	R=66	-	1657	91	275
gi|805	39307	39638	R=66	-	39582	41	275
gi|805	30010	30381	R=66	-	30279	87	269
gi|805	25304	25635	R=66	-	25579	41	275
gi|805	15486	15880	R=66	-	15761	104	275
gi|805	9238	9619	R=66	-	9513	91	275
gi|648	31424	34067	R=66	+	31785	361	2267
gi|610	32024	33907	R=66	-	33652	240	1628
gi|610	1	929	R=66	-	572	342	571
gi|377	29777	33119	R=66	-	32194	910	2417
gi|377	17528	19036	R=66	-	17814	1207	286
gi|342	7559	7765	R=66	+	7572	13	178
gi|189	7850	8240	R=66	-	8134	91	284
gi|145	37316	38668	R=66	+	37716	400	937
gi|145	26595	30103	R=66	+	27672	1077	2416
gi|145	13347	16435	R=66	+	14551	1204	1869
gi|145	2272	5906	R=66	+	3473	1201	2418
gi|7	32192	32826	R=66	+	32532	340	279
gi|7	16476	20111	R=66	+	17677	1201	2419
gi|959	3659	4011	R=67	+	3659	0	337
gi|920	25528	25757	R=67	+	25528	0	214
gi|699	15279	15792	R=67	-	15777	0	498
gi|691	22879	23389	R=67	+	22879	0	495
gi|691	2530	3040	R=67	-	3025	0	495
gi|658	22634	23246	R=67	+	22634	0	597
gi|546	3882	4008	R=67	-	3993	0	111
gi|525	32130	32743	R=67	+	32130	0	598
gi|516	39804	40081	R=67	+	39804	0	262
gi|367	13355	13968	R=67	+	13355	0	598
gi|269	33659	34271	R=67	+	33659	0	597
gi|269	31278	31890	R=67	-	31875	0	597
gi|268	4542	5154	R=67	-	5139	0	597
gi|261	33482	33819	R=67	+	33482	0	322
gi|242	36458	36968	R=67	+	36458	0	495
gi|230	19716	20329	R=67	-	20314	0	598
gi|212	26321	26934	R=67	+	26321	0	598
gi|166	12286	12796	R=67	-	12781	0	495
gi|145	39175	39787	R=67	-	39772	0	597
gi|113	33994	34504	R=67	-	34489	0	495
gi|88	5873	6483	R=67	+	5873	0	595
gi|56	31473	32083	R=67	+	31473	0	595
gi|43	5712	6325	R=67	+	5712	0	598
gi|1029	36770	37754	R=68	+	36816	46	923
gi|944	10643	10802	R=68	-	10741	46	98
gi|944	9793	9953	R=68	+	9839	46	99
gi|875	18036	19419	R=68	+	18082	46	1322
gi|828	2297	3680	R=68	-	3619	46	1322
gi|828	2297	3680	R=68	+	2343	46	1322
gi|818	34338	35721	R=68	-	35660	46	1322
gi|818	34338	35721	R=68	+	34384	46	1322
gi|645	30162	31541	R=68	-	31481	45	1319
gi|645	30162	31541	R=68	+	30209	47	1317
gi|580	16280	17337	R=68	-	17276	46	996
gi|580	9350	9671	R=68	+	9387	37	269
gi|573	1	772	R=68	-	711	46	710
gi|467	4980	5369	R=68	-	5308	46	328
gi|413	1684	3054	R=68	-	2993	46	1309
gi|413	1684	3054	R=68	+	1715	31	1324
gi|382	23572	23938	R=68	-	23877	46	305
gi|382	15237	15627	R=68	+	15283	46	329
gi|349	39970	40173	R=68	+	40015	45	143
gi|270	26921	28304	R=68	-	28243	46	1322
gi|270	26921	28304	R=68	+	26967	46	1322
gi|243	30776	32159	R=68	-	32098	46	1322
gi|243	30776	32159	R=68	+	30822	46	1322
gi|109	32698	33088	R=68	-	33027	46	329
gi|109	31011	31401	R=68	+	31057	46	329
gi|11	30953	32333	R=68	-	32272	46	1319
gi|11	30953	32333	R=68	+	30999	46	1319
gi|982	25469	26055	R=69	+	25555	86	485
gi|887	3362	3508	R=69	-	3409	84	47
gi|831	20583	20772	R=69	-	20673	84	90
gi|831	16614	17199	R=69	+	16699	85	485
gi|699	14874	15165	R=69	+	14906	32	244
gi|685	5055	5459	R=69	-	5360	84	305
gi|507	1016	1164	R=69	-	1063	86	47
gi|444	29219	29410	R=69	-	29309	86	90
gi|444	25666	26251	R=69	+	25752	86	484
gi|401	39372	39561	R=69	-	39460	86	88
gi|401	29175	29694	R=69	+	29261	86	418
gi|350	14428	15014	R=69	-	14913	86	485
gi|261	11471	11617	R=69	-	11518	84	47
gi|123	7678	7865	R=69	+	7762	84	88
gi|979	33016	33979	R=70	-	33962	2	946
gi|975	579	896	R=70	+	581	2	300
gi|947	5070	5421	R=70	-	5404	2	334
gi|947	3949	5421	R=70	+	3951	2	1455
gi|930	21290	21771	R=70	-	21754	2	464
gi|905	24322	24803	R=70	-	24786	2	464
gi|877	3834	4185	R=70	-	4168	2	334
gi|877	2713	4185	R=70	+	2715	2	1455
gi|877	1364	1505	R=70	+	1366	2	124
gi|806	5918	6269	R=70	-	6252	2	334
gi|806	4802	6269	R=70	+	4804	2	1450
gi|804	36664	37145	R=70	+	36666	2	464
gi|782	11616	11966	R=70	-	11950	1	334
gi|782	10500	11966	R=70	+	10502	2	1449
gi|759	9375	9717	R=70	+	9377	2	325
gi|716	4366	4717	R=70	-	4700	2	334
gi|716	3250	4717	R=70	+	3252	2	1450
gi|713	23802	24054	R=70	+	23804	2	235
gi|634	292	1693	R=70	-	1676	2	1384
gi|607	12922	13403	R=70	-	13386	2	464
gi|498	27617	27968	R=70	-	27951	2	334
gi|498	26501	27968	R=70	+	26503	2	1450
gi|129	9188	10655	R=70	-	10638	2	1450
gi|129	9188	9539	R=70	+	9190	2	334
gi|96	21643	21994	R=70	-	21977	2	334
gi|96	20527	21994	R=70	+	20529	2	1450
gi|88	34472	34823	R=70	-	34806	2	334
gi|88	33356	34823	R=70	+	33358	2	1450
gi|14	19990	20341	R=70	-	20324	2	334
gi|14	18876	20341	R=70	+	18876	0	1450
gi|1018	807	1017	R=71	+	811	4	191
gi|1001	29073	29283	R=71	-	29264	4	191
gi|1001	29073	29283	R=71	+	29077	4	191
gi|998	25322	25532	R=71	-	25513	4	191
gi|998	25322	25532	R=71	+	25326	4	191
gi|998	20156	20366	R=71	-	20347	4	191
gi|998	20156	20366	R=71	+	20160	4	191
gi|912	30729	30939	R=71	-	30920	4	191
gi|912	30729	30939	R=71	+	30733	4	191
gi|842	25995	26205	R=71	-	26186	4	191
gi|842	25995	26205	R=71	+	25999	4	191
gi|771	18402	18613	R=71	-	18594	4	192
gi|771	18402	18613	R=71	+	18406	4	192
gi|746	25468	25678	R=71	-	25659	4	191
gi|746	25468	25678	R=71	+	25472	4	191
gi|718	8958	9168	R=71	-	9149	4	191
gi|718	8958	9168	R=71	+	8962	4	191
gi|379	27752	27962	R=71	-	27943	4	191
gi|379	27752	27962	R=71	+	27756	4	191
gi|292	39629	39839	R=71	-	39820	4	191
gi|292	39629	39839	R=71	+	39633	4	191
gi|269	4927	5033	R=71	+	4931	4	87
gi|237	26097	26307	R=71	-	26288	4	191
gi|237	26097	26307	R=71	+	26101	4	191
gi|62	14051	14261	R=71	-	14242	4	191
gi|39	23751	23961	R=71	-	23942	4	191
gi|39	23751	23961	R=71	+	23755	4	191
gi|994	22465	22858	R=72	+	22546	81	297
gi|992	3169	18560	R=72	+	8548	5379	9997
gi|972	12365	12758	R=72	+	12446	81	297
gi|969	23186	34737	R=72	-	33185	1537	9999
gi|918	43170	43590	R=72	-	43467	108	297
gi|918	39147	39712	R=72	-	39445	252	298
gi|918	2	14593	R=72	-	9984	4594	9982
gi|910	2329	17726	R=72	+	7712	5383	9999
gi|876	23117	31045	R=72	+	28502	5385	2528
gi|867	4130	4550	R=72	-	4427	108	297
gi|867	121	684	R=72	-	417	252	296
gi|824	-2	4309	R=72	+	3343	3345	951
gi|815	24868	25261	R=72	+	24949	81	297
gi|792	18117	18537	R=72	+	18225	108	297
gi|663	8532	8925	R=72	-	8829	81	297
gi|656	7520	7913	R=72	-	7817	81	297
gi|647	24922	25314	R=72	+	25003	81	296
gi|629	24215	24780	R=72	+	24467	252	298
gi|619	23799	38361	R=72	-	33801	4545	10002
gi|571	11642	26248	R=72	-	21639	4594	9997
gi|491	11939	23166	R=72	-	21941	1210	10002
gi|477	5088	17375	R=72	+	7938	2850	9422
gi|448	27017	41572	R=72	-	37014	4543	9997
gi|409	24734	25154	R=72	+	24842	108	297
gi|282	20929	28677	R=72	+	26310	5381	2352
gi|232	4443	13958	R=72	+	9829	5386	4114
gi|193	2	12946	R=72	+	2931	2929	10000
gi|157	1	11944	R=72	+	1930	1929	9999
gi|137	21997	22390	R=72	+	22078	81	297
gi|51	1	11936	R=72	+	1922	1921	9999
gi|36	20953	21518	R=72	+	21205	252	298
gi|36	17075	17495	R=72	+	17183	108	297
gi|869	21902	22176	R=73	-	22065	96	163
gi|869	21675	21949	R=73	+	21771	96	163
gi|730	17463	17631	R=73	+	17559	96	57
gi|699	14395	14563	R=73	+	14491	96	57
gi|670	13022	13190	R=73	-	13079	96	57
gi|649	22282	22556	R=73	+	22378	96	163
gi|604	8526	8710	R=73	+	8622	96	73
gi|561	31609	31727	R=73	+	31705	96	7
gi|478	28235	28747	R=73	-	28636	96	401
gi|478	28235	28747	R=73	+	28331	96	401
gi|465	9158	9670	R=73	+	9254	96	401
gi|445	23785	24297	R=73	-	24186	96	401
gi|445	23785	24297	R=73	+	23881	96	401
gi|426	30937	31105	R=73	-	30994	96	57
gi|412	35073	35585	R=73	-	35474	96	401
gi|412	35073	35585	R=73	+	35169	96	401
gi|380	12814	12982	R=73	-	12871	96	57
gi|361	17621	17766	R=73	-	17678	73	57
gi|361	236	346	R=73	+	331	95	0
gi|357	20597	20764	R=73	-	20653	96	56
gi|357	15629	15796	R=73	-	15686	95	57
gi|254	28687	29163	R=73	+	28783	96	365
gi|220	24367	24879	R=73	-	24768	96	401
gi|212	4522	4701	R=73	-	4590	96	68
gi|158	37794	38068	R=73	-	37957	96	163
gi|158	37567	37842	R=73	+	37664	97	163
gi|133	877	1389	R=73	+	973	96	401
gi|80	28971	29224	R=73	+	29067	96	142
gi|60	20541	21048	R=73	-	20937	96	396
gi|60	20541	21048	R=73	+	20637	96	396
gi|60	7430	7633	R=73	+	7526	96	92
gi|37	33063	33573	R=73	-	33462	96	399
gi|37	33063	33573	R=73	+	33157	94	401
gi|982	6511	6635	R=74	-	6573	47	62
gi|971	27512	28445	R=74	-	28383	47	871
gi|971	27512	28445	R=74	+	27559	47	871
gi|915	456	1389	R=74	-	1327	47	871
gi|915	456	1389	R=74	+	503	47	871
gi|902	27713	28643	R=74	-	28581	47	868
gi|902	27713	28643	R=74	+	27760	47	868
gi|829	39379	39495	R=74	+	39426	47	54
gi|711	3976	4602	R=74	-	4540	47	564
gi|711	3678	3981	R=74	+	3725	47	241
gi|690	12583	13518	R=74	-	13456	47	873
gi|690	12583	13518	R=74	+	12630	47	873
gi|682	27809	27934	R=74	-	27872	47	63
gi|667	33367	34300	R=74	-	34238	47	871
gi|667	33367	34300	R=74	+	33414	47	871
gi|404	21369	22299	R=74	-	22237	47	868
gi|404	21369	22299	R=74	+	21416	47	868
gi|312	16426	16533	R=74	-	16518	0	92
gi|312	14223	14845	R=74	+	14270	47	560
gi|288	28464	29258	R=74	-	29196	47	732
gi|288	26559	26695	R=74	+	26606	47	74
gi|144	38268	38392	R=74	-	38330	47	62
gi|144	37234	37358	R=74	+	37281	47	62
gi|70	22643	22767	R=74	+	22690	47	62
gi|955	28192	29227	R=75	+	28940	748	272
gi|944	2221	2859	R=75	-	2426	418	205
gi|902	37486	37806	R=75	+	37572	86	219
gi|902	18466	19248	R=75	+	18743	277	490
gi|864	35842	36736	R=75	+	36593	751	128
gi|864	16491	16759	R=75	+	16616	125	128
gi|864	1258	1415	R=75	+	1265	7	135
gi|839	31226	31779	R=75	-	31727	37	501
gi|839	22223	22813	R=75	-	22408	390	185
gi|778	32903	33881	R=75	-	33136	730	233
gi|778	13889	14393	R=75	-	14352	26	463
gi|778	125	510	R=75	-	469	26	344
gi|732	7330	8184	R=75	+	8041	711	128
gi|669	34063	34705	R=75	+	34647	584	43
gi|669	8930	10274	R=75	+	8942	12	1317
gi|669	1198	2084	R=75	+	1941	743	128
gi|586	32193	32471	R=75	-	32235	221	42
gi|570	17333	17566	R=75	+	17424	91	127
gi|528	11137	11639	R=75	-	11597	27	460
gi|438	31189	31805	R=75	+	31685	496	105
gi|376	35385	36728	R=75	+	35392	7	1321
gi|376	28223	28345	R=75	+	28231	8	99
gi|376	11040	11924	R=75	-	11168	741	128
gi|210	26908	27024	R=75	+	26977	69	32
gi|207	33301	34191	R=75	+	34048	747	128
gi|207	21956	23293	R=75	+	21963	7	1315
gi|195	28538	29657	R=75	+	28550	12	1092
gi|195	12447	13785	R=75	+	12455	8	1315
gi|38	34039	34822	R=75	+	34046	7	761
gi|38	15181	15340	R=75	+	15197	16	128
gi|38	741	1592	R=75	+	831	90	746
gi|3	5338	5664	R=75	+	5428	90	221
gi|998	6609	6805	R=76	-	6747	43	138
gi|991	29235	30737	R=76	-	29372	1350	137
gi|936	1642	1838	R=76	+	1685	43	138
gi|936	168	381	R=76	-	305	61	137
gi|914	4763	5829	R=76	-	4901	913	138
gi|847	18822	19260	R=76	+	19108	286	137
gi|809	20067	21394	R=76	+	21242	1175	137
gi|780	34701	36203	R=76	-	34838	1350	137
gi|590	7753	9252	R=76	+	9100	1347	137
gi|585	1	356	R=76	+	204	203	137
gi|580	38255	38836	R=76	+	38683	428	138
gi|570	31700	33202	R=76	-	31837	1350	137
gi|545	13273	13858	R=76	-	13411	432	138
gi|541	32412	33911	R=76	+	33759	1347	137
gi|529	12435	13937	R=76	+	13785	1350	137
gi|430	35682	36747	R=76	+	36594	912	138
gi|380	4670	6172	R=76	+	6020	1350	137
gi|353	8368	9868	R=76	+	9716	1348	137
gi|327	15313	16816	R=76	-	15450	1351	137
gi|325	32665	33716	R=76	+	33564	899	137
gi|314	3053	3239	R=76	-	3191	33	138
gi|261	6007	6129	R=76	+	6050	43	64
gi|225	17192	17378	R=76	-	17330	33	138
gi|207	27536	28095	R=76	-	27673	407	137
gi|200	11975	13477	R=76	+	13325	1350	137
gi|196	22323	22575	R=76	-	22460	100	137
gi|158	11110	12613	R=76	-	11247	1351	137
gi|148	36046	36242	R=76	+	36089	43	138
gi|77	36744	36940	R=76	+	36787	43	138
gi|998	32503	34087	R=77	+	32532	29	1540
gi|753	16944	17177	R=77	+	16973	29	189
gi|645	32946	33179	R=77	-	33135	29	189
gi|593	17133	18717	R=77	+	17162	29	1540
gi|421	25854	26087	R=77	-	26043	29	189
gi|402	35101	36685	R=77	-	36641	29	1540
gi|387	12669	13380	R=77	+	12698	29	667
gi|382	26877	27110	R=77	-	27066	29	189
gi|379	36996	38580	R=77	+	37025	29	1540
gi|208	23570	23803	R=77	+	23599	29	189
gi|167	8791	8928	R=77	+	8820	29	93
gi|124	15303	16014	R=77	-	15970	29	667
gi|41	19909	20028	R=77	+	19938	29	75
gi|1043	29859	30281	R=78	-	30255	11	396
gi|941	32530	32937	R=78	-	32901	21	371
gi|940	34402	34690	R=78	-	34654	21	252
gi|935	15133	15286	R=78	-	15252	19	119
gi|829	17098	17372	R=78	+	17118	20	239
gi|818	35944	36376	R=78	-	36340	21	396
gi|812	2377	2591	R=78	+	2398	21	178
gi|786	31196	31630	R=78	-	31594	21	398
gi|745	25745	25921	R=78	+	25766	21	140
gi|687	5281	5493	R=78	+	5301	20	177
gi|674	35290	35724	R=78	+	35310	20	399
gi|646	37928	38093	R=78	+	37949	21	129
gi|634	14435	14643	R=78	+	14451	16	177
gi|614	9733	10092	R=78	-	10057	20	324
gi|526	218	388	R=78	-	352	21	134
gi|504	26336	26443	R=78	-	26407	21	71
gi|428	30564	30668	R=78	-	30633	20	69
gi|428	15224	15361	R=78	+	15241	17	105
gi|331	4713	4847	R=78	+	4734	21	98
gi|322	5114	5241	R=78	-	5209	17	95
gi|305	27816	27973	R=78	+	27837	21	121
gi|106	19286	19417	R=78	-	19381	21	95
gi|53	6106	6540	R=78	+	6126	20	399
gi|25	30031	30188	R=78	+	30052	21	121
gi|25	9620	9777	R=78	+	9641	21	121
gi|921	149	313	R=79	-	232	66	83
gi|912	32437	32774	R=79	-	32711	48	274
gi|771	7662	8053	R=79	+	7692	30	346
gi|714	36735	36849	R=79	+	36749	14	85
gi|685	18097	18488	R=79	+	18125	28	348
gi|626	22660	22827	R=79	+	22710	50	102
gi|272	12640	13067	R=79	+	12706	66	346
gi|272	10093	10257	R=79	+	10159	66	83
gi|213	27850	28276	R=79	+	27916	66	345
gi|156	3117	3488	R=79	+	3182	65	291
gi|117	9112	9539	R=79	+	9178	66	346
gi|109	19190	19612	R=79	+	19251	61	346
gi|104	38632	39056	R=79	+	38698	66	343
gi|47	9196	9413	R=79	+	9227	31	171
gi|17	19410	19574	R=79	+	19476	66	83
gi|3	22992	23419	R=79	+	23058	66	346
gi|1029	36514	36759	R=80	-	36646	98	132
gi|1015	28801	29210	R=80	+	29062	261	133
gi|998	25016	25210	R=80	+	25062	46	133
gi|998	19850	20043	R=80	+	19896	46	132
gi|998	11857	12294	R=80	+	12146	289	133
gi|945	10889	11346	R=80	-	11021	310	132
gi|912	5536	5847	R=80	+	5700	164	132
gi|883	20717	21170	R=80	+	21023	306	132
gi|637	28080	28310	R=80	-	28150	145	70
gi|613	17327	17521	R=80	-	17460	46	133
gi|612	8055	8249	R=80	+	8101	46	133
gi|532	28336	28530	R=80	+	28382	46	133
gi|525	34609	35063	R=80	+	34916	307	132
gi|412	8216	8673	R=80	-	8348	310	132
gi|382	34547	34984	R=80	+	34836	289	133
gi|362	24487	24682	R=80	+	24533	46	134
gi|362	19964	20402	R=80	+	20253	289	134
gi|332	33802	33996	R=80	+	33848	46	133
gi|311	23905	24344	R=80	+	24196	291	133
gi|245	35974	36411	R=80	-	36107	289	133
gi|213	23389	23841	R=80	+	23695	306	131
gi|182	8307	8761	R=80	+	8613	306	133
gi|121	14871	15308	R=80	+	15160	289	133
gi|118	34773	35215	R=80	-	34893	307	120
gi|114	33551	34009	R=80	-	33684	310	133
gi|67	9101	9538	R=80	-	9234	289	133
gi|64	36467	36921	R=80	-	36599	307	132
gi|50	4599	5054	R=80	-	4732	307	133
gi|35	19994	20448	R=80	-	20127	306	133
gi|11	32344	32589	R=80	+	32442	98	132
gi|1034	31322	31523	R=81	-	31508	0	186
gi|803	36835	37036	R=81	-	37021	0	186
gi|724	26057	26260	R=81	+	26057	0	188
gi|683	19971	20172	R=81	-	20157	0	186
gi|605	10210	10413	R=81	-	10398	0	188
gi|585	26808	27011	R=81	+	26808	0	188
gi|416	3074	3275	R=81	-	3260	0	186
gi|295	34574	34775	R=81	+	34574	0	186
gi|261	37008	37211	R=81	+	37008	0	188
gi|173	10319	10520	R=81	-	10505	0	186
gi|91	24321	24523	R=81	+	24321	0	187
gi|79	20519	20661	R=81	+	20519	0	127
gi|6	37365	37566	R=81	+	37365	0	186
gi|831	21135	21437	R=82	-	21406	16	271
gi|730	3776	4078	R=82	-	4047	16	271
gi|685	1139	1441	R=82	+	1155	16	271
gi|678	25856	26158	R=82	+	25872	16	271
gi|670	8051	8353	R=82	+	8067	16	271
gi|666	25064	25366	R=82	-	25335	16	271
gi|555	12101	12403	R=82	-	12372	16	271
gi|500	4589	4891	R=82	+	4605	16	271
gi|429	21332	21634	R=82	+	21348	16	271
gi|429	16076	16378	R=82	-	16347	16	271
gi|429	558	860	R=82	-	829	16	271
gi|327	36568	36870	R=82	+	36584	16	271
gi|277	30390	30692	R=82	-	30661	16	271
gi|158	28670	28782	R=82	-	28751	16	81
gi|158	28481	28782	R=82	+	28497	16	270
gi|87	25278	25436	R=82	+	25294	16	127
gi|958	26130	26372	R=83	+	26307	177	50
gi|946	1278	1700	R=83	+	1635	357	50
gi|839	23217	24269	R=83	-	23230	1024	13
gi|719	16544	17633	R=83	-	16594	1024	50
gi|719	15472	15630	R=83	-	15522	93	50
gi|716	2322	2493	R=83	-	2367	111	45
gi|704	32649	32809	R=83	+	32744	95	50
gi|658	2277	3366	R=83	-	2327	1024	50
gi|615	657	1746	R=83	+	1681	1024	50
gi|610	5349	6440	R=83	-	5399	1026	50
gi|550	19913	20073	R=83	+	20008	95	50
gi|540	18669	18829	R=83	-	18719	95	50
gi|493	30737	30937	R=83	-	30787	135	50
gi|417	20107	20267	R=83	-	20157	95	50
gi|343	366	503	R=83	+	461	95	27
gi|222	15951	17040	R=83	-	16001	1024	50
gi|207	28091	29185	R=83	+	29120	1029	50
gi|88	36895	37537	R=83	+	37472	577	50
gi|1011	4610	4855	R=84	-	4810	30	200
gi|913	2499	2842	R=84	+	2627	128	200
gi|838	70	213	R=84	-	70	128	0
gi|788	23223	23594	R=84	+	23351	128	228
gi|778	38717	39060	R=84	-	38917	128	200
gi|737	30302	31413	R=84	+	30430	128	968
gi|737	17898	19200	R=84	-	19057	128	1159
gi|706	21778	23079	R=84	+	21906	128	1158
gi|705	10340	10483	R=84	-	10340	128	0
gi|688	7188	8490	R=84	-	8347	128	1159
gi|666	17883	18669	R=84	-	18526	128	643
gi|598	26164	27463	R=84	-	27320	128	1156
gi|584	13873	14225	R=84	+	14001	128	209
gi|525	28469	29537	R=84	-	29394	128	925
gi|507	22032	22331	R=84	-	22188	128	156
gi|507	1993	3094	R=84	+	2121	128	958
gi|454	7166	8031	R=84	-	7888	128	722
gi|437	15405	16529	R=84	-	16386	128	981
gi|271	26559	26902	R=84	-	26759	128	200
gi|269	28298	29600	R=84	+	28426	128	1159
gi|268	14713	14967	R=84	+	14752	39	200
gi|255	22307	23408	R=84	+	22435	128	958
gi|234	22504	23625	R=84	-	23484	126	980
gi|230	17815	18158	R=84	+	17943	128	200
gi|220	39218	39561	R=84	-	39418	128	200
gi|164	37166	37507	R=84	+	37294	128	198
gi|113	32281	33583	R=84	-	33440	128	1159
gi|80	37296	38406	R=84	+	37424	128	967
gi|944	12601	12838	R=85	+	12617	16	206
gi|929	12214	12447	R=85	+	12228	14	204
gi|879	6722	6857	R=85	+	6738	16	104
gi|863	16725	16960	R=85	-	16930	15	205
gi|707	11655	11790	R=85	-	11759	16	104
gi|681	26940	27173	R=85	-	27144	14	204
gi|313	26388	26622	R=85	-	26591	16	203
gi|264	22612	22846	R=85	-	22815	16	203
gi|212	29617	29774	R=85	-	29746	13	129
gi|169	30316	30552	R=85	-	30522	15	206
gi|123	4523	4756	R=85	+	4536	13	205
gi|8	28485	28718	R=85	+	28499	14	204
gi|834	2631	2746	R=86	+	2639	8	92
gi|757	25705	26148	R=86	-	26045	88	340
gi|757	25705	26148	R=86	+	25822	117	311
gi|561	34712	34897	R=86	+	34864	152	18
gi|465	14987	15175	R=86	-	15131	29	144
gi|357	33144	33258	R=86	-	33235	8	91
gi|357	33050	33551	R=86	+	33162	112	374
gi|357	21513	21721	R=86	-	21584	122	71
gi|357	16964	17502	R=86	-	17336	151	372
gi|357	16965	17503	R=86	+	17116	151	372
gi|254	21316	21533	R=86	+	21438	122	80
gi|234	31049	31250	R=86	-	31107	128	58
gi|212	3965	4183	R=86	-	4017	151	52
gi|154	12512	12691	R=86	-	12525	151	13
gi|154	10127	10483	R=86	+	10278	151	190
gi|154	4937	5171	R=86	+	4965	28	191
gi|133	19731	20272	R=86	+	19882	151	375
gi|88	2115	2637	R=86	-	2471	151	356
gi|88	2115	2638	R=86	+	2248	133	375
gi|56	27697	28238	R=86	-	28072	151	375
gi|56	27698	28239	R=86	+	27849	151	375
gi|56	10828	10945	R=86	-	10921	9	93
gi|43	33999	34185	R=86	-	34052	118	53
gi|41	32615	32867	R=86	-	32832	20	217
gi|41	32542	32738	R=86	+	32665	123	58
gi|1023	6483	6853	R=87	-	6495	343	12
gi|872	151	321	R=87	+	283	132	23
gi|821	31292	31920	R=87	+	31884	592	21
gi|779	14842	15260	R=87	+	15240	398	5
gi|763	28304	28925	R=87	+	28889	585	21
gi|760	35452	35878	R=87	+	35854	402	9
gi|745	2944	3383	R=87	+	3346	402	22
gi|732	27880	28211	R=87	-	27885	311	5
gi|714	25677	26885	R=87	-	25700	1170	23
gi|693	39401	40173	R=87	-	39424	734	23
gi|657	13406	13836	R=87	-	13418	403	12
gi|596	9326	9954	R=87	+	9918	592	21
gi|588	14466	15671	R=87	+	15634	1168	22
gi|570	28541	29460	R=87	-	28558	887	17
gi|549	2043	2961	R=87	+	2929	886	17
gi|545	28373	28803	R=87	+	28776	403	12
gi|481	21351	21770	R=87	-	21356	399	5
gi|478	9422	10629	R=87	+	10591	1169	23
gi|429	13068	13485	R=87	+	13465	397	5
gi|377	2744	3372	R=87	-	2765	592	21
gi|366	36127	36556	R=87	+	36529	402	12
gi|225	22353	22789	R=87	+	22752	399	22
gi|199	16457	17386	R=87	-	16480	891	23
gi|177	15210	15648	R=87	+	15611	401	22
gi|113	25961	26589	R=87	-	25982	592	21
gi|107	2512	3719	R=87	+	3681	1169	23
gi|78	13617	14816	R=87	-	13640	1161	23
gi|52	25677	26102	R=87	+	26078	401	9
gi|798	39183	39540	R=88	-	39394	131	211
gi|798	29891	30268	R=88	-	30122	131	231
gi|798	7325	7693	R=88	+	7456	131	222
gi|798	4983	5227	R=88	+	4992	9	220
gi|732	35369	35650	R=88	-	35504	131	135
gi|730	18497	18864	R=88	+	18628	131	221
gi|691	18763	19033	R=88	-	18994	24	231
gi|691	16964	17214	R=88	+	16988	24	211
gi|670	11556	11933	R=88	+	11687	131	231
gi|668	7101	7458	R=88	-	7312	131	211
gi|668	5175	5552	R=88	+	5306	131	231
gi|667	15388	15745	R=88	-	15599	131	211
gi|598	9773	10148	R=88	-	10002	131	229
gi|598	7749	8126	R=88	+	7880	131	231
gi|592	26373	26741	R=88	+	26504	131	222
gi|295	6967	7237	R=88	-	7198	24	231
gi|295	5339	5609	R=88	+	5363	24	231
gi|268	10056	10426	R=88	-	10280	131	224
gi|255	10923	11291	R=88	+	11054	131	222
gi|154	15139	15303	R=88	-	15157	131	18
gi|154	13876	14225	R=88	+	14007	131	203
gi|140	18360	18673	R=88	-	18527	131	167
gi|140	7896	8253	R=88	-	8107	131	211
gi|140	5986	6343	R=88	+	6117	131	211
gi|87	37815	38183	R=88	-	38037	131	222
gi|87	33151	33454	R=88	+	33282	131	157
gi|78	19659	20026	R=88	-	19880	131	221
gi|32	30833	31210	R=88	-	31064	131	231
gi|32	28896	29273	R=88	+	29027	131	231
gi|946	22609	22733	R=89	+	22612	3	106
gi|923	10286	10386	R=89	+	10289	3	82
gi|875	35408	35509	R=89	-	35491	3	83
gi|836	12322	13689	R=89	-	13671	3	1349
gi|771	34423	35793	R=89	-	35775	3	1352
gi|696	29923	30041	R=89	-	30023	3	100
gi|666	8815	8930	R=89	+	8818	3	97
gi|517	9173	9284	R=89	-	9266	3	93
gi|426	16339	16635	R=89	-	16617	3	278
gi|383	30869	31944	R=89	-	31926	3	1057
gi|338	8658	8957	R=89	-	8939	3	281
gi|295	21033	22400	R=89	+	21036	3	1349
gi|255	2731	3214	R=89	-	3196	3	465
gi|207	5447	5547	R=89	-	5529	3	82
gi|162	28705	29938	R=89	+	28708	3	1215
gi|32	15556	16923	R=89	+	15559	3	1349
gi|1002	33982	34551	R=90	-	34536	0	554
gi|999	34054	34169	R=90	+	34054	0	100
gi|938	17550	18736	R=90	-	18721	0	1171
gi|938	16299	17552	R=90	+	16299	0	1238
gi|853	29319	29878	R=90	+	29319	0	544
gi|842	12321	13575	R=90	-	13560	0	1239
gi|805	18973	20227	R=90	+	18973	0	1239
gi|773	37174	38428	R=90	+	37174	0	1239
gi|742	10470	11724	R=90	-	11709	0	1239
gi|682	11302	12556	R=90	+	11302	0	1239
gi|675	23671	23863	R=90	+	23671	0	177
gi|621	20521	21779	R=90	-	21764	0	1243
gi|583	10618	10733	R=90	-	10718	0	100
gi|576	36268	36768	R=90	+	36268	0	485
gi|507	17852	19106	R=90	-	19091	0	1239
gi|277	5925	6764	R=90	-	6749	0	824
gi|174	29918	31172	R=90	-	31157	0	1239
gi|982	19703	19809	R=91	-	19703	91	0
gi|908	2134	3305	R=91	+	3290	1156	0
gi|908	2133	2237	R=91	-	2133	89	0
gi|683	38669	39834	R=91	-	38669	1150	0
gi|683	37391	37495	R=91	+	37480	89	0
gi|683	36322	37494	R=91	-	36322	1157	0
gi|681	31116	32287	R=91	+	32272	1156	0
gi|681	31115	31219	R=91	-	31115	89	0
gi|634	1821	2917	R=91	+	2902	1081	0
gi|368	28610	29556	R=91	+	29541	931	0
gi|368	28396	28499	R=91	-	28396	88	0
gi|314	17559	17759	R=91	+	17744	185	0
gi|266	26784	27955	R=91	+	27940	1156	0
gi|266	26783	26887	R=91	-	26783	89	0
gi|14	20813	21558	R=91	+	21543	730	0
gi|14	17778	17917	R=91	-	17778	124	0
gi|1029	21073	21185	R=92	+	21114	41	56
gi|936	5946	6055	R=92	-	5999	41	53
gi|805	32393	32503	R=92	-	32447	41	54
gi|786	28541	28651	R=92	-	28595	41	54
gi|771	23723	23834	R=92	-	23779	40	56
gi|763	2289	2403	R=92	+	2331	42	57
gi|680	32036	32150	R=92	-	32094	41	58
gi|662	24613	24723	R=92	-	24667	41	54
gi|627	10205	10319	R=92	-	10262	42	57
gi|490	5706	5818	R=92	-	5764	39	58
gi|460	15806	15920	R=92	+	15848	42	57
gi|267	23199	23312	R=92	+	23240	41	57
gi|254	33131	33245	R=92	+	33173	42	57
gi|195	30777	30886	R=92	-	30829	42	52
gi|158	20406	20515	R=92	+	20446	40	54
gi|53	17329	17441	R=92	+	17370	41	56
gi|899	4400	4917	R=93	-	4618	284	218
gi|872	6047	9816	R=93	-	8027	1774	1980
gi|779	25352	25517	R=93	-	25369	133	17
gi|763	37908	38258	R=93	-	37954	289	46
gi|745	9180	12545	R=93	-	11161	1369	1981
gi|732	15920	16084	R=93	+	16052	132	17
gi|714	16353	18511	R=93	+	18128	1775	368
gi|693	30973	33590	R=93	+	31596	623	1979
gi|677	14929	15187	R=93	-	15105	67	176
gi|662	30372	30477	R=93	+	30462	90	0
gi|596	18108	18901	R=93	-	18602	284	494
gi|588	21408	24040	R=93	-	23389	636	1981
gi|549	11334	11569	R=93	-	11362	192	28
gi|481	33688	34476	R=93	+	33967	279	494
gi|481	11095	11260	R=93	+	11228	133	17
gi|481	3918	4043	R=93	-	3938	90	20
gi|478	16058	19829	R=93	-	18038	1776	1980
gi|429	37443	37628	R=93	-	37460	153	17
gi|408	8116	10185	R=93	+	8402	286	1768
gi|271	60	853	R=93	-	554	284	494
gi|265	10674	10843	R=93	+	10808	134	20
gi|199	8632	9010	R=93	+	8686	54	309
gi|177	23018	24772	R=93	-	23386	1371	368
gi|113	17014	17807	R=93	+	17298	284	494
gi|107	9536	13304	R=93	-	11515	1774	1979
gi|78	5256	5927	R=93	+	5880	624	32
gi|1001	6160	7687	R=94	-	7672	0	1512
gi|673	26826	28353	R=94	+	26826	0	1512
gi|598	29350	30875	R=94	-	30860	0	1510
gi|558	1029	2556	R=94	+	1029	0	1512
gi|516	15772	16783	R=94	-	16768	0	996
gi|404	38588	39053	R=94	-	39038	0	450
gi|84	36495	37146	R=94	+	36495	0	636
gi|1039	37295	37504	R=95	-	37454	35	159
gi|1039	36258	36467	R=95	+	36293	35	159
gi|1030	28992	29142	R=95	-	29092	35	100
gi|1030	28014	28141	R=95	+	28049	35	77
gi|1029	10907	11035	R=95	-	10985	35	78
gi|1029	9827	10036	R=95	+	9862	35	159
gi|920	26799	27009	R=95	+	26834	35	160
gi|897	39234	39444	R=95	+	39269	35	160
gi|716	39834	39942	R=95	-	39892	35	58
gi|677	37216	37425	R=95	+	37251	35	159
gi|668	13684	13893	R=95	-	13843	35	159
gi|668	12597	12806	R=95	+	12632	35	159
gi|604	13714	13923	R=95	-	13873	35	159
gi|546	26951	27161	R=95	-	27111	35	160
gi|478	281	491	R=95	-	441	35	160
gi|399	19593	19802	R=95	-	19752	35	159
gi|399	17866	18076	R=95	+	17901	35	160
gi|399	4804	5014	R=95	-	4964	35	160
gi|366	32809	32991	R=95	-	32968	8	159
gi|194	15285	15413	R=95	+	15320	35	78
gi|60	24818	24927	R=95	-	24879	33	61
gi|1	39360	39569	R=95	+	39395	35	159
gi|820	25763	26273	R=96	+	26103	340	155
gi|820	9583	10093	R=96	+	9923	340	155
gi|820	2779	5699	R=96	+	2932	153	2752
gi|754	39249	39888	R=96	+	39350	101	523
gi|754	21867	22469	R=96	+	22206	339	248
gi|754	6299	6809	R=96	+	6639	340	155
gi|682	31715	32352	R=96	+	31962	247	375
gi|682	4427	5024	R=96	+	4762	335	247
gi|666	33829	34339	R=96	+	34169	340	155
gi|664	15455	15965	R=96	+	15795	340	155
gi|664	7430	8139	R=96	+	7772	342	352
gi|389	39481	39790	R=96	+	39608	127	167
gi|387	4192	4385	R=96	+	4331	139	39
gi|301	28453	28948	R=96	+	28791	338	142
gi|301	21651	21905	R=96	+	21827	176	63
gi|301	11863	12392	R=96	+	12127	264	250
gi|301	4786	7895	R=96	+	5127	341	2753
gi|231	10045	11244	R=96	+	10386	341	843
gi|231	477	988	R=96	+	816	339	157
gi|122	39473	39983	R=96	+	39813	340	155
gi|122	32419	33074	R=96	+	32761	342	298
gi|122	23681	24285	R=96	+	24020	339	250
gi|122	16707	19814	R=96	+	17048	341	2751
gi|122	6670	7281	R=96	+	7013	343	253
gi|122	1	102	R=96	+	38	37	49
gi|120	33629	36730	R=96	+	33967	338	2748
gi|13	1195	2112	R=96	+	1536	341	561
gi|984	19778	20379	R=97	+	19875	97	489
gi|968	16383	17750	R=97	+	16480	97	1255
gi|920	31105	32451	R=97	+	31202	97	1234
gi|802	34896	36263	R=97	+	34993	97	1255
gi|621	11728	13095	R=97	-	12983	97	1255
gi|598	3791	5158	R=97	+	3888	97	1255
gi|530	30122	31489	R=97	-	31377	97	1255
gi|382	37139	37738	R=97	-	37626	97	487
gi|366	10743	11078	R=97	+	10840	97	223
gi|281	32674	33385	R=97	-	33273	97	599
gi|170	36188	37555	R=97	+	36285	97	1255
gi|131	19070	20437	R=97	+	19167	97	1255
gi|43	3046	4413	R=97	-	4301	97	1255
gi|35	31469	32836	R=97	+	31566	97	1255
gi|699	17145	17522	R=98	-	17449	58	304
gi|699	17147	17524	R=98	+	17205	58	304
gi|637	33281	33393	R=98	-	33320	58	39
gi|637	33030	33235	R=98	+	33088	58	132
gi|527	6652	7029	R=98	-	6956	58	304
gi|527	6654	7031	R=98	+	6712	58	304
gi|516	21950	22325	R=98	-	22252	58	302
gi|516	21950	22326	R=98	+	22008	58	303
gi|514	35206	35411	R=98	-	35338	58	132
gi|514	35069	35172	R=98	+	35127	58	30
gi|489	22487	22691	R=98	-	22619	57	132
gi|213	22152	22357	R=98	-	22284	58	132
gi|213	20703	20815	R=98	+	20761	58	39
gi|74	12074	12177	R=98	-	12104	58	30
gi|74	11835	12040	R=98	+	11893	58	132
gi|16	14290	14461	R=98	-	14422	24	132
gi|16	14132	14244	R=98	+	14190	58	39
gi|1013	10857	11081	R=99	+	10959	102	107
gi|939	12128	12353	R=99	+	12231	103	107
gi|939	5478	5703	R=99	+	5581	103	107
gi|596	30327	30551	R=99	-	30434	102	107
gi|578	33208	33432	R=99	+	33310	102	107
gi|578	27037	27260	R=99	+	27138	101	107
gi|555	18427	18651	R=99	+	18529	102	107
gi|377	28004	28227	R=99	+	28105	101	107
gi|377	22015	22237	R=99	+	22115	100	107
gi|204	20092	20315	R=99	+	20193	101	107
gi|131	1371	1594	R=99	+	1472	101	107
gi|107	64	288	R=99	+	166	102	107
gi|63	16609	16832	R=99	-	16716	101	107
gi|63	10026	10249	R=99	-	10133	101	107
gi|960	13182	13849	R=100	+	13825	643	9
gi|895	10624	11291	R=100	+	11265	641	11
gi|864	21900	22568	R=100	+	22543	643	10
gi|814	31365	32033	R=100	+	32007	642	11
gi|814	31365	32033	R=100	-	31376	642	11
gi|563	30436	31105	R=100	+	31079	643	11
gi|514	32251	32920	R=100	+	32894	643	11
gi|505	36814	37481	R=100	+	37456	642	10
gi|457	17042	17709	R=100	+	17683	641	11
gi|437	21208	21875	R=100	-	21219	641	11
gi|982	24836	25187	R=101	+	25090	254	82
gi|879	2869	3227	R=101	-	2946	266	77
gi|830	10280	10850	R=101	-	10362	473	82
gi|830	7068	7705	R=101	-	7145	545	77
gi|830	6274	6908	R=101	+	6816	542	77
gi|755	37206	37847	R=101	-	37287	545	81
gi|685	1687	2322	R=101	+	2230	543	77
gi|684	18105	18452	R=101	+	18359	254	78
gi|644	3227	3576	R=101	-	3309	252	82
gi|561	32041	32384	R=101	+	32291	250	78
gi|517	16168	16304	R=101	+	16212	44	77
gi|307	25512	25771	R=101	+	25677	165	79
gi|123	31054	31692	R=101	+	31595	541	82
gi|77	37854	38200	R=101	+	38103	249	82
gi|54	25118	25464	R=101	-	25195	254	77
gi|54	11814	12165	R=101	+	12068	254	82
gi|37	38279	38922	R=101	-	38361	546	82
gi|1031	20655	22368	R=102	+	21360	705	993
gi|951	1576	3288	R=102	+	2280	704	993
gi|830	22592	22876	R=102	-	22716	145	124
gi|763	38011	39723	R=102	+	38715	704	993
gi|763	27173	28884	R=102	+	27877	704	992
gi|732	18202	19460	R=102	-	18740	705	538
gi|622	8759	10471	R=102	+	9463	704	993
gi|569	14324	16036	R=102	-	15317	704	993
gi|546	12361	13712	R=102	-	13353	344	992
gi|517	14333	16045	R=102	+	15037	704	993
gi|478	25451	27164	R=102	+	26156	705	993
gi|464	29197	30910	R=102	-	30190	705	993
gi|412	30501	32039	R=102	-	31493	531	992
gi|280	9131	10697	R=102	+	9689	558	993
gi|190	25783	27495	R=102	+	26488	705	992
gi|1043	26536	26748	R=103	+	26733	197	0
gi|1018	21309	21424	R=103	-	21309	100	0
gi|857	32336	32545	R=103	+	32530	194	0
gi|778	34831	35043	R=103	+	35028	197	0
gi|773	35905	36117	R=103	+	36102	197	0
gi|632	17741	17951	R=103	+	17936	195	0
gi|620	35419	35621	R=103	-	35419	187	0
gi|386	5684	5896	R=103	-	5684	197	0
gi|369	9668	9880	R=103	+	9865	197	0
gi|319	8814	9026	R=103	+	9011	197	0
gi|285	34945	35153	R=103	-	34945	193	0
gi|230	1722	1934	R=103	+	1919	197	0
gi|132	2097	2272	R=103	+	2257	160	0
gi|988	3923	4188	R=104	+	3951	28	222
gi|973	4648	4886	R=104	+	4676	28	195
gi|948	33697	34000	R=104	-	33958	27	261
gi|929	591	928	R=104	-	885	28	294
gi|926	197	597	R=104	-	562	20	365
gi|881	20365	20630	R=104	-	20587	28	222
gi|800	23049	23301	R=104	+	23077	28	209
gi|788	3902	4316	R=104	-	4273	28	371
gi|699	27469	27649	R=104	+	27469	0	165
gi|651	6019	6352	R=104	-	6309	28	290
gi|493	1550	1899	R=104	+	1578	28	306
gi|248	3938	4341	R=104	-	4298	28	360
gi|242	11042	11455	R=104	-	11413	27	371
gi|227	35022	35436	R=104	-	35393	28	371
gi|89	24416	24822	R=104	-	24779	28	363
gi|68	24605	25018	R=104	-	24975	28	370
gi|27	14291	14465	R=104	-	14422	28	131
gi|24	13670	14078	R=104	-	14035	28	365
gi|9	15329	15743	R=104	+	15357	28	371
gi|1029	22020	22178	R=105	+	22089	69	74
gi|1002	4057	4280	R=105	+	4100	43	165
gi|999	18427	18713	R=105	-	18501	197	74
gi|976	9954	10335	R=105	+	10155	201	165
gi|961	37751	37988	R=105	+	37935	184	38
gi|925	4449	4747	R=105	-	4535	197	86
gi|877	28463	28810	R=105	+	28659	196	136
gi|837	35696	36035	R=105	-	35823	197	127
gi|831	15496	15771	R=105	-	15560	196	64
gi|813	11252	11621	R=105	+	11449	197	157
gi|801	2638	2999	R=105	+	2827	189	157
gi|741	39277	39647	R=105	-	39434	198	157
gi|732	37544	37821	R=105	-	37612	194	68
gi|672	33771	34141	R=105	+	33969	198	157
gi|658	7332	7618	R=105	+	7529	197	74
gi|572	33150	33466	R=105	-	33253	198	103
gi|523	6432	6802	R=105	-	6589	198	157
gi|465	37567	37944	R=105	-	37732	197	165
gi|406	17107	17341	R=105	+	17306	199	20
gi|373	26378	26675	R=105	-	26535	125	157
gi|266	36496	36864	R=105	-	36653	196	157
gi|197	7145	7522	R=105	-	7310	197	165
gi|181	16742	17085	R=105	+	16941	199	129
gi|6	39377	39712	R=105	+	39574	197	123
gi|3	36661	36947	R=105	+	36858	197	74
gi|999	27383	28374	R=106	-	27595	764	212
gi|959	2870	3388	R=106	+	3164	294	209
gi|741	30854	31448	R=106	+	31222	368	211
gi|655	16942	17977	R=106	-	17154	808	212
gi|655	10216	11251	R=106	-	10428	808	212
gi|516	34511	35085	R=106	+	34858	347	212
gi|444	22952	23526	R=106	+	23299	347	212
gi|176	6659	7475	R=106	-	6870	590	211
gi|140	16742	17556	R=106	-	16954	587	212
gi|102	38618	39652	R=106	+	39425	807	212
gi|102	31937	32971	R=106	+	32744	807	212
gi|80	20444	21015	R=106	+	20825	381	175
gi|13	38283	39273	R=106	-	38495	763	212
gi|13	31612	32603	R=106	-	31824	764	212
gi|13	30730	31325	R=106	+	31098	368	212
gi|13	24039	24634	R=106	+	24407	368	212
gi|959	28613	30345	R=107	+	30011	1398	319
gi|959	28613	30345	R=107	-	28932	1398	319
gi|915	6254	7099	R=107	+	6765	511	319
gi|915	5523	6255	R=107	-	5842	398	319
gi|873	36861	38592	R=107	+	38259	1398	318
gi|873	36861	38592	R=107	-	37180	1397	319
gi|380	10713	11064	R=107	-	11032	17	319
gi|347	15995	17727	R=107	+	17393	1398	319
gi|347	15995	17727	R=107	-	16314	1398	319
gi|267	1	1481	R=107	+	1147	1146	319
gi|267	1	1481	R=107	-	68	1398	67
gi|256	17216	18417	R=107	+	18083	867	319
gi|256	14024	14559	R=107	-	14343	201	319
gi|939	37595	38325	R=108	+	37623	28	687
gi|869	9631	10283	R=108	-	10240	28	609
gi|869	6378	6526	R=108	+	6386	8	125
gi|869	5597	5710	R=108	-	5667	28	70
gi|565	25118	25250	R=108	-	25235	0	117
gi|464	7615	7747	R=108	-	7732	0	117
gi|463	20017	20250	R=108	+	20045	28	190
gi|444	7422	8152	R=108	-	8109	28	687
gi|429	19722	19963	R=108	-	19920	28	198
gi|412	22994	23642	R=108	+	23022	28	605
gi|380	17683	18411	R=108	+	17711	28	685
gi|357	19791	19945	R=108	-	19902	28	111
gi|307	32664	32796	R=108	-	32781	0	117
gi|254	19716	19848	R=108	+	19716	0	117
gi|220	25607	26337	R=108	+	25635	28	687
gi|213	6059	6789	R=108	-	6746	28	687
gi|212	2415	2547	R=108	-	2532	0	117
gi|194	11765	12495	R=108	+	11793	28	687
gi|176	8710	8864	R=108	-	8821	28	111
gi|176	4935	5067	R=108	+	4935	0	117
gi|56	15349	15456	R=108	-	15413	28	64
gi|52	37684	37816	R=108	+	37684	0	117
gi|1045	20765	21200	R=109	+	21183	418	2
gi|1043	34756	35191	R=109	+	35174	418	2
gi|1029	38597	39269	R=109	-	38599	655	2
gi|981	33917	34214	R=109	+	34197	280	2
gi|936	4849	5526	R=109	+	5509	660	2
gi|925	30116	30421	R=109	+	30404	288	2
gi|911	30573	31244	R=109	-	30575	654	2
gi|893	29244	29914	R=109	-	29246	653	2
gi|864	26318	26734	R=109	-	26320	399	2
gi|787	13143	13815	R=109	+	13798	655	2
gi|582	2814	3486	R=109	-	2816	655	2
gi|528	3558	4021	R=109	+	4004	446	2
gi|492	5649	6320	R=109	-	5651	654	2
gi|476	21914	22586	R=109	+	22569	655	2
gi|451	11474	12145	R=109	+	12128	654	2
gi|441	31543	32082	R=109	-	31545	522	2
gi|363	27802	28473	R=109	+	28456	654	2
gi|279	27535	27832	R=109	-	27537	280	2
gi|241	9765	10435	R=109	-	9767	653	2
gi|213	3802	4041	R=109	+	4024	222	2
gi|170	32718	32979	R=109	-	32718	246	0
gi|140	26685	27321	R=109	+	27304	619	2
gi|91	2665	3337	R=109	+	3320	655	2
gi|979	5547	6004	R=110	-	5702	287	155
gi|965	39741	40001	R=110	-	39895	91	154
gi|941	6757	7367	R=110	-	6911	441	154
gi|937	32944	33549	R=110	+	33380	436	154
gi|937	31575	32044	R=110	-	31594	435	19
gi|893	38371	38830	R=110	-	38526	289	155
gi|874	11258	11668	R=110	+	11547	289	106
gi|831	25296	25620	R=110	+	25451	155	154
gi|678	2346	2815	R=110	+	2781	435	19
gi|593	16236	16406	R=110	+	16373	137	18
gi|593	4793	5389	R=110	-	4948	426	155
gi|527	21676	22281	R=110	+	22112	436	154
gi|269	38837	39442	R=110	+	39273	436	154
gi|269	37308	37912	R=110	-	37462	435	154
gi|261	30208	30799	R=110	-	30363	421	155
gi|147	1322	1757	R=110	+	1742	420	0
gi|96	27637	28242	R=110	+	28073	436	154
gi|96	26108	26712	R=110	-	26262	435	154
gi|1003	45	297	R=111	-	281	1	236
gi|995	18868	19120	R=111	-	19104	1	236
gi|995	18438	18689	R=111	+	18439	1	235
gi|885	37215	37440	R=111	-	37424	1	209
gi|885	36841	37065	R=111	+	36842	1	208
gi|848	18059	18311	R=111	-	18296	0	237
gi|704	26633	26885	R=111	-	26869	1	236
gi|704	26203	26454	R=111	+	26204	1	235
gi|676	27719	27965	R=111	-	27949	1	230
gi|676	24972	25218	R=111	+	24973	1	230
gi|662	19950	20128	R=111	-	20112	1	162
gi|662	19518	19747	R=111	+	19519	1	213
gi|625	13095	13346	R=111	-	13330	1	235
gi|625	12664	12916	R=111	+	12665	1	236
gi|595	14018	14259	R=111	-	14243	1	225
gi|595	13580	13831	R=111	+	13581	1	235
gi|416	22014	22133	R=111	+	22015	1	103
gi|955	21951	22053	R=112	-	21990	48	39
gi|955	20532	20634	R=112	+	20580	48	39
gi|937	22337	23027	R=112	+	22385	48	627
gi|903	30852	31420	R=112	+	30900	48	505
gi|778	25424	26109	R=112	-	26046	48	622
gi|778	23729	24413	R=112	+	23776	47	622
gi|707	9334	10019	R=112	-	9956	48	622
gi|707	7652	8323	R=112	+	7686	34	622
gi|681	34317	34419	R=112	-	34356	48	39
gi|681	32902	33004	R=112	+	32950	48	39
gi|678	26165	26855	R=112	-	26792	48	627
gi|657	21831	22399	R=112	-	22336	48	505
gi|657	109	677	R=112	+	157	48	505
gi|481	9528	9838	R=112	+	9576	48	247
gi|468	1589	2155	R=112	-	2094	46	505
gi|431	38470	39038	R=112	-	38975	48	505
gi|431	32472	33040	R=112	-	32977	48	505
gi|431	23757	24325	R=112	+	23805	48	505
gi|377	5434	6123	R=112	-	6062	46	628
gi|361	16720	17411	R=112	-	17348	48	628
gi|361	352	1043	R=112	+	400	48	628
gi|208	26419	26521	R=112	-	26458	48	39
gi|208	24994	25096	R=112	+	25042	48	39
gi|34	32792	33360	R=112	-	33297	48	505
gi|34	24077	24645	R=112	+	24125	48	505
gi|1013	36590	37075	R=113	-	36707	353	117
gi|971	26500	27346	R=113	+	26801	301	530
gi|956	6270	6716	R=113	+	6623	353	78
gi|948	21348	22304	R=113	-	21940	349	592
gi|831	13604	14560	R=113	-	14196	349	592
gi|733	12947	13383	R=113	+	13300	353	68
gi|525	1392	1873	R=113	-	1509	349	117
gi|525	588	1215	R=113	-	970	230	382
gi|442	35279	36235	R=113	+	35628	349	592
gi|439	7701	8184	R=113	-	7818	351	117
gi|399	18456	18892	R=113	+	18809	353	68
gi|353	39264	39481	R=113	+	39398	134	68
gi|308	11171	11604	R=113	-	11288	301	117
gi|109	6717	7673	R=113	-	7309	349	592
gi|97	22395	22876	R=113	-	22512	349	117
gi|19	21835	22270	R=113	+	22187	352	68
gi|1029	28386	28537	R=114	+	28413	27	109
gi|987	1698	1909	R=114	-	1717	177	19
gi|923	9909	10285	R=114	+	10270	361	0
gi|873	2156	2544	R=114	+	2517	361	12
gi|733	9862	10223	R=114	-	9957	251	95
gi|725	3380	3519	R=114	+	3407	27	97
gi|690	13707	14085	R=114	+	13975	268	95
gi|671	12289	12440	R=114	+	12316	27	109
gi|626	4962	5113	R=114	-	5071	27	109
gi|624	10158	10632	R=114	+	10522	364	95
gi|617	10722	11047	R=114	-	10783	249	61
gi|394	25051	25523	R=114	-	25146	362	95
gi|376	17254	17726	R=114	-	17349	362	95
gi|365	29021	29454	R=114	-	29078	361	57
gi|292	38128	38601	R=114	-	38223	363	95
gi|146	11181	11650	R=114	-	11276	359	95
gi|7	31714	32184	R=114	+	32074	360	95
gi|1036	2367	3045	R=115	-	2945	85	578
gi|1036	2367	3045	R=115	+	2452	85	578
gi|998	2700	3378	R=115	-	3278	85	578
gi|998	2700	3378	R=115	+	2785	85	578
gi|721	17941	18619	R=115	-	18519	85	578
gi|721	17941	18619	R=115	+	18026	85	578
gi|670	28553	29231	R=115	-	29131	85	578
gi|670	28553	29231	R=115	+	28638	85	578
gi|498	17253	17929	R=115	-	17829	85	576
gi|498	17253	17929	R=115	+	17338	85	576
gi|485	24615	25293	R=115	-	25193	85	578
gi|485	24615	25293	R=115	+	24700	85	578
gi|430	30778	31456	R=115	-	31356	85	578
gi|430	30778	31456	R=115	+	30863	85	578
gi|153	14166	14844	R=115	+	14251	85	578
gi|141	5756	6434	R=115	+	5841	85	578
gi|979	27626	29331	R=116	+	29262	1636	54
gi|979	27610	27719	R=116	+	27650	40	54
gi|962	23786	25490	R=116	-	23840	1635	54
gi|921	10271	11978	R=116	+	11909	1638	54
gi|445	24298	25087	R=116	+	25018	720	54
gi|346	10860	11685	R=116	+	11616	756	54
gi|308	5343	5443	R=116	+	5374	31	54
gi|295	26510	28213	R=116	+	28144	1634	54
gi|210	34218	34334	R=116	+	34265	47	54
gi|210	30082	31788	R=116	-	30136	1637	54
gi|1042	11662	11876	R=117	+	11794	132	67
gi|1042	6202	6798	R=117	+	6726	524	57
gi|807	22250	22845	R=117	+	22759	509	71
gi|807	18050	18231	R=117	-	18053	163	3
gi|722	31970	33442	R=117	-	31994	1433	24
gi|694	34939	35245	R=117	+	35227	288	3
gi|694	30455	31051	R=117	-	30527	509	72
gi|621	30612	32104	R=117	+	32056	1444	33
gi|436	35994	37471	R=117	-	36066	1390	72
gi|436	30501	31989	R=117	-	30573	1401	72
gi|436	23158	24647	R=117	-	23230	1402	72
gi|436	19437	19887	R=117	-	19509	363	72
gi|436	17243	18732	R=117	-	17315	1402	72
gi|436	11404	11758	R=117	-	11476	267	72
gi|430	17517	19242	R=117	-	17590	1637	73
gi|430	12724	14398	R=117	-	12751	1632	27
gi|430	7136	8847	R=117	-	7193	1639	57
gi|204	33882	35381	R=117	+	35342	1460	24
gi|204	28214	29913	R=117	+	29841	1627	57
gi|204	22390	23997	R=117	+	23964	1574	18
gi|204	15448	17166	R=117	+	17081	1633	70
gi|204	8131	9818	R=117	+	9765	1634	38
gi|204	2529	4205	R=117	+	4166	1637	24
gi|872	34764	35036	R=118	-	34844	177	80
gi|872	30623	30893	R=118	-	30703	175	80
gi|834	33075	33347	R=118	+	33252	177	80
gi|707	15529	15774	R=118	-	15609	150	80
gi|604	38116	38329	R=118	-	38196	118	80
gi|604	34918	35188	R=118	+	35093	175	80
gi|604	27442	27714	R=118	+	27619	177	80
gi|596	2558	2830	R=118	+	2735	177	80
gi|510	19073	19286	R=118	-	19153	118	80
gi|510	15875	16145	R=118	+	16050	175	80
gi|510	8392	8664	R=118	+	8569	177	80
gi|299	6735	7005	R=118	-	6815	175	80
gi|294	27989	28184	R=118	-	27993	176	4
gi|190	29522	29790	R=118	-	29602	173	80
gi|111	3747	3959	R=118	-	3827	117	80
gi|111	549	819	R=118	+	724	175	80
gi|1031	9136	9445	R=119	+	9223	87	207
gi|1031	6323	6632	R=119	+	6410	87	207
gi|995	3568	3818	R=119	+	3655	87	148
gi|913	30226	30535	R=119	-	30433	87	207
gi|838	13599	13831	R=119	-	13804	12	205
gi|753	29447	29756	R=119	-	29654	87	207
gi|743	34233	34498	R=119	+	34320	87	163
gi|735	15576	15884	R=119	+	15662	86	207
gi|704	31500	31701	R=119	+	31587	87	99
gi|680	15425	15690	R=119	-	15588	87	163
gi|422	3604	3913	R=119	-	3811	87	207
gi|365	21075	21383	R=119	+	21161	86	207
gi|307	18748	19058	R=119	+	18835	87	208
gi|305	12532	12808	R=119	-	12739	54	207
gi|225	15813	16122	R=119	-	16020	87	207
gi|210	12959	13268	R=119	-	13166	87	207
gi|207	30646	30955	R=119	+	30733	87	207
gi|126	11310	11619	R=119	-	11517	87	207
gi|48	14429	14738	R=119	+	14516	87	207
gi|834	35811	35967	R=120	-	35902	50	91
gi|834	35348	35491	R=120	+	35376	28	100
gi|705	30268	30429	R=120	-	30386	28	118
gi|705	29800	29984	R=120	+	29850	50	119
gi|694	6487	6648	R=120	-	6605	28	118
gi|694	6019	6203	R=120	+	6069	50	119
gi|682	8388	8572	R=120	+	8438	50	119
gi|604	30179	30335	R=120	-	30270	50	91
gi|604	29716	29877	R=120	+	29744	28	118
gi|516	25455	25616	R=120	-	25573	28	118
gi|516	24985	25140	R=120	+	25035	50	90
gi|510	11132	11288	R=120	-	11223	50	91
gi|510	10669	10830	R=120	+	10697	28	118
gi|497	23916	24074	R=120	+	23941	25	118
gi|450	10923	11097	R=120	-	11032	50	109
gi|450	10448	10603	R=120	+	10476	28	112
gi|331	11420	11604	R=120	-	11539	50	119
gi|331	10975	11136	R=120	+	11003	28	118
gi|281	38048	38232	R=120	-	38167	50	119
gi|281	37611	37736	R=120	+	37639	28	82
gi|257	9607	9781	R=120	-	9716	50	109
gi|257	1780	1935	R=120	+	1808	28	112
gi|89	8276	8450	R=120	-	8385	50	109
gi|89	7297	7452	R=120	+	7325	28	112
gi|1043	7589	9215	R=121	+	9073	1484	127
gi|1043	3038	3321	R=121	+	3177	139	129
gi|999	33028	34053	R=121	+	33946	918	92
gi|999	23822	24106	R=121	+	23960	138	131
gi|929	19762	20047	R=121	-	19893	139	131
gi|353	14932	15222	R=121	-	15061	146	129
gi|278	26218	27842	R=121	+	27699	1481	128
gi|156	30984	31267	R=121	-	31113	139	129
gi|156	9397	11024	R=121	-	9525	1484	128
gi|129	31793	33419	R=121	+	33277	1484	127
gi|129	27238	27525	R=121	+	27381	143	129
gi|979	12762	13475	R=122	+	12979	217	481
gi|879	4101	4903	R=122	+	4318	217	570
gi|841	13559	14361	R=122	+	13776	217	570
gi|831	15781	16578	R=122	-	16346	217	565
gi|774	21756	22558	R=122	+	21973	217	570
gi|693	24770	25398	R=122	+	24817	47	566
gi|657	26172	26318	R=122	-	26270	33	98
gi|655	4653	5004	R=122	+	4677	24	312
gi|604	15990	16136	R=122	-	16088	33	98
gi|493	2234	3036	R=122	+	2451	217	570
gi|490	20529	21034	R=122	-	20802	217	273
gi|438	30279	30776	R=122	-	30544	217	265
gi|412	21047	21849	R=122	-	21617	217	570
gi|372	1071	1217	R=122	+	1104	33	98
gi|371	6312	6458	R=122	-	6410	33	98
gi|307	36738	37365	R=122	+	36780	42	570
gi|271	7004	7806	R=122	-	7574	217	570
gi|235	35117	35826	R=122	+	35333	216	478
gi|234	1282	1877	R=122	+	1306	24	556
gi|218	30249	30489	R=122	+	30466	217	8
gi|164	27526	28160	R=122	-	27928	217	402
gi|150	27673	28475	R=122	+	27890	217	570
gi|872	1208	2079	R=123	-	1854	210	646
gi|821	33341	33752	R=123	-	33730	7	389
gi|779	18928	19057	R=123	-	19028	14	100
gi|760	39555	39685	R=123	-	39656	14	101
gi|745	3623	6331	R=123	-	5029	1287	1406
gi|714	23902	26449	R=123	+	24112	210	2322
gi|693	37626	40173	R=123	+	37836	210	2322
gi|596	11377	11788	R=123	-	11766	7	389
gi|588	16597	18565	R=123	-	17266	1284	669
gi|570	26894	27940	R=123	+	26903	9	1022
gi|549	4108	4638	R=123	-	4516	107	408
gi|481	17555	17684	R=123	+	17569	14	100
gi|478	11869	13527	R=123	-	12228	1284	359
gi|429	17458	17578	R=123	-	17558	5	100
gi|377	910	1321	R=123	+	917	7	389
gi|225	24115	25767	R=123	-	24474	1278	359
gi|224	3098	3228	R=123	+	3133	35	80
gi|177	16988	18632	R=123	-	17342	1275	354
gi|113	24127	24538	R=123	+	24134	7	389
gi|107	2947	5497	R=123	-	5272	210	2325
gi|78	10767	14389	R=123	+	12051	1284	2323
gi|1016	33639	34125	R=124	+	33944	305	166
gi|1016	30807	31229	R=124	+	31123	316	91
gi|962	35430	35872	R=124	-	35543	314	113
gi|962	27930	28610	R=124	-	28290	305	360
gi|939	12819	13492	R=124	-	13172	305	353
gi|648	36798	37544	R=124	+	37100	302	429
gi|610	35581	36245	R=124	-	35925	305	344
gi|610	29034	29528	R=124	-	29387	126	353
gi|377	35048	35799	R=124	-	35480	304	432
gi|377	21144	21566	R=124	-	21497	54	353
gi|145	33749	34029	R=124	+	33957	208	57
gi|145	32516	33366	R=124	+	32832	316	519
gi|145	24634	25093	R=124	+	24946	312	132
gi|145	19604	20045	R=124	+	19784	180	246
gi|145	11508	12369	R=124	+	11820	312	534
gi|145	8536	8714	R=124	+	8663	127	36
gi|145	44	905	R=124	+	356	312	534
gi|76	35969	36391	R=124	+	36285	316	91
gi|76	26044	26906	R=124	+	26356	312	535
gi|76	2052	2420	R=124	+	2369	317	36
gi|7	37585	38024	R=124	+	37768	183	241
gi|7	28985	29847	R=124	+	29298	313	534
gi|7	14250	15112	R=124	+	14562	312	535
gi|915	32876	33088	R=125	-	33069	4	193
gi|885	36626	36827	R=125	+	36626	0	186
gi|879	26635	26804	R=125	+	26639	4	150
gi|839	25689	26142	R=125	+	25693	4	434
gi|829	15713	16164	R=125	+	15717	4	432
gi|649	15218	15447	R=125	+	15222	4	210
gi|593	37583	38033	R=125	-	38014	4	431
gi|551	5147	5597	R=125	-	5578	4	431
gi|351	22871	23320	R=125	-	23301	4	430
gi|10	37510	37963	R=125	-	37944	4	434
gi|7	39201	39651	R=125	+	39205	4	431
gi|864	35375	35731	R=126	+	35518	143	198
gi|839	24358	24622	R=126	-	24465	142	107
gi|778	34015	34281	R=126	-	34210	56	195
gi|778	27918	28273	R=126	-	28113	145	195
gi|778	1356	1591	R=126	-	1551	25	195
gi|669	753	1072	R=126	+	891	138	166
gi|586	1149	1326	R=126	+	1234	85	77
gi|570	9729	10075	R=126	+	9870	141	190
gi|528	26137	26372	R=126	-	26332	25	195
gi|528	12498	12834	R=126	-	12682	137	184
gi|376	26063	26408	R=126	+	26204	141	189
gi|376	12068	12387	R=126	-	12229	143	161
gi|293	2055	2410	R=126	-	2250	145	195
gi|210	33876	34196	R=126	+	34015	139	166
gi|210	3210	3479	R=126	+	3351	141	113
gi|207	12952	13223	R=126	+	13093	141	115
gi|195	17585	17905	R=126	+	17724	139	166
gi|1048	21079	22109	R=127	+	22093	1014	1
gi|1032	18216	18467	R=127	+	18451	235	1
gi|953	10148	10344	R=127	+	10328	180	1
gi|929	30734	31763	R=127	-	30735	1013	1
gi|614	3675	4706	R=127	-	3676	1015	1
gi|494	22249	22358	R=127	-	22250	93	1
gi|422	-1	1028	R=127	+	1012	1013	1
gi|104	34623	34835	R=127	+	34819	196	1
gi|982	4487	4920	R=128	+	4499	12	406
gi|979	38974	39407	R=128	-	39380	12	406
gi|801	3577	3901	R=128	-	3874	12	297
gi|789	4718	5103	R=128	+	4730	12	358
gi|773	16028	16341	R=128	+	16040	12	286
gi|713	2607	2926	R=128	+	2619	12	292
gi|682	10734	11047	R=128	-	11020	12	286
gi|646	33650	34083	R=128	-	34056	12	406
gi|591	36604	37038	R=128	-	37011	12	407
gi|561	23928	24246	R=128	-	24219	12	291
gi|561	16110	16434	R=128	-	16407	12	297
gi|512	39100	39418	R=128	+	39112	12	291
gi|479	38091	38524	R=128	-	38497	12	406
gi|469	20280	20599	R=128	+	20292	12	292
gi|305	23586	24019	R=128	+	23598	12	406
gi|246	36972	37405	R=128	+	36984	12	406
gi|178	14555	14988	R=128	+	14567	12	406
gi|70	23777	24210	R=128	-	24183	12	406
gi|17	11659	12093	R=128	+	11671	12	407
gi|13	22868	23187	R=128	+	22880	12	292
gi|978	15587	17306	R=129	+	16734	1147	557
gi|909	18907	20626	R=129	-	19464	1147	557
gi|874	37682	38832	R=129	+	38265	583	552
gi|467	31819	33537	R=129	-	32375	1147	556
gi|372	7170	7858	R=129	+	7287	117	556
gi|92	30376	31278	R=129	-	30930	333	554
gi|73	493	2211	R=129	+	1640	1147	556
gi|56	194	936	R=129	+	872	678	49
gi|1002	29995	30113	R=130	-	30092	6	97
gi|971	27365	27506	R=130	-	27485	6	120
gi|971	22475	22679	R=130	+	22481	6	183
gi|945	8538	10061	R=130	-	10040	6	1502
gi|945	8538	8656	R=130	+	8544	6	97
gi|875	38714	38832	R=130	-	38811	6	97
gi|875	37383	37976	R=130	+	37389	6	572
gi|869	36569	37590	R=130	+	36575	6	1000
gi|848	16445	17417	R=130	-	17396	6	951
gi|848	15998	16116	R=130	+	16004	6	97
gi|789	21031	22560	R=130	-	22539	6	1508
gi|789	21031	21149	R=130	+	21037	6	97
gi|666	7174	8625	R=130	-	8604	6	1430
gi|666	7111	7280	R=130	+	7117	6	148
gi|297	10512	10630	R=130	-	10609	6	97
gi|297	9107	10630	R=130	+	9113	6	1502
gi|97	20553	21722	R=130	-	21701	6	1148
gi|97	20206	20323	R=130	+	20212	6	96
gi|10	31785	33310	R=130	-	33289	6	1504
gi|10	31785	31903	R=130	+	31791	6	97
gi|9	35869	37228	R=130	-	37207	6	1338
gi|9	34576	34694	R=130	+	34582	6	97
gi|888	19152	20085	R=131	-	19624	446	472
gi|802	24754	24860	R=131	-	24812	33	58
gi|773	16356	16463	R=131	-	16414	34	58
gi|768	11801	12734	R=131	+	12247	446	472
gi|713	2935	3041	R=131	-	2993	33	58
gi|707	7327	7433	R=131	-	7385	33	58
gi|682	8816	8925	R=131	+	8850	34	60
gi|644	17149	18082	R=131	+	17595	446	472
gi|609	28767	29701	R=131	-	29239	447	472
gi|595	21908	22841	R=131	+	22354	446	472
gi|561	16000	16106	R=131	+	16033	33	58
gi|469	20608	20714	R=131	-	20666	33	58
gi|333	18091	19023	R=131	+	18536	445	472
gi|304	30505	31438	R=131	+	30951	446	472
gi|261	28177	29116	R=131	+	28624	447	477
gi|257	9039	9145	R=131	+	9072	33	58
gi|257	2130	2239	R=131	+	2166	36	58
gi|144	7529	8462	R=131	-	8001	446	472
gi|13	23196	23302	R=131	-	23254	33	58
gi|11	20085	21018	R=131	+	20531	446	472
gi|798	37984	39403	R=132	-	38833	555	849
gi|798	5087	5638	R=132	+	5615	528	8
gi|691	16964	18965	R=132	-	18413	537	1449
gi|691	16994	19121	R=132	+	17549	555	1557
gi|668	5394	7321	R=132	-	6751	555	1357
gi|668	5350	7458	R=132	+	5887	537	1556
gi|598	7972	9890	R=132	-	9337	538	1365
gi|598	7951	9880	R=132	+	8472	521	1393
gi|295	5721	6855	R=132	-	6714	126	993
gi|295	5721	6855	R=132	+	5847	126	993
gi|154	14067	15138	R=132	+	14537	470	586
gi|140	17599	18482	R=132	-	18006	461	407
gi|140	5986	8116	R=132	-	7544	557	1558
gi|140	6123	8253	R=132	+	6680	557	1558
gi|32	30074	31035	R=132	-	30483	537	409
gi|32	29071	30069	R=132	+	29608	537	446
gi|999	6825	7497	R=133	-	7414	68	589
gi|999	6825	7497	R=133	+	6893	68	589
gi|998	36990	37662	R=133	-	37579	68	589
gi|998	36990	37662	R=133	+	37058	68	589
gi|738	21785	22457	R=133	-	22374	68	589
gi|738	21785	22457	R=133	+	21853	68	589
gi|627	11214	11881	R=133	-	11803	63	589
gi|627	11214	11881	R=133	+	11282	68	584
gi|608	12348	13020	R=133	-	12937	68	589
gi|608	12348	13020	R=133	+	12416	68	589
gi|532	4997	5669	R=133	-	5586	68	589
gi|532	4997	5669	R=133	+	5065	68	589
gi|307	27392	27798	R=133	-	27715	68	323
gi|307	26049	26280	R=133	+	26117	68	148
gi|902	1086	2498	R=134	-	2465	18	1379
gi|902	1086	2498	R=134	+	1104	18	1379
gi|668	38639	38831	R=134	+	38657	18	159
gi|639	6372	7788	R=134	-	7755	18	1383
gi|639	6372	7788	R=134	+	6390	18	1383
gi|593	38034	39409	R=134	-	39376	18	1342
gi|514	18936	20348	R=134	-	20315	18	1379
gi|514	18936	20348	R=134	+	18954	18	1379
gi|493	14887	16300	R=134	-	16267	18	1380
gi|493	14887	16300	R=134	+	14905	18	1380
gi|294	8154	9566	R=134	-	9533	18	1379
gi|242	10865	10970	R=134	-	10937	18	72
gi|242	9552	9657	R=134	+	9570	18	72
gi|69	5392	5514	R=134	-	5481	18	89
gi|69	4096	4218	R=134	+	4114	18	89
gi|609	24299	24819	R=135	-	24792	12	493
gi|609	24268	24792	R=135	+	24280	12	497
gi|392	27239	27759	R=135	-	27732	12	493
gi|392	27208	27732	R=135	+	27220	12	497
gi|164	12331	12612	R=135	+	12343	12	254
gi|47	17085	17261	R=135	-	17234	12	149
gi|47	16704	16850	R=135	+	16716	12	119
gi|30	26931	27451	R=135	-	27424	12	493
gi|30	26900	27424	R=135	+	26912	12	497
gi|6	2385	2852	R=135	-	2826	11	441
gi|937	22072	22337	R=136	-	22262	60	190
gi|924	10608	11029	R=136	+	10935	327	79
gi|915	25011	25505	R=136	+	25300	289	190
gi|886	21963	22495	R=136	+	22290	327	190
gi|883	39509	39815	R=136	+	39610	101	190
gi|727	35639	36071	R=136	-	35729	327	90
gi|678	26855	27120	R=136	+	26915	60	190
gi|666	19532	19748	R=136	-	19722	11	190
gi|387	639	1170	R=136	+	965	326	190
gi|331	28822	29354	R=136	+	29149	327	190
gi|294	14477	14982	R=136	-	14667	300	190
gi|207	441	915	R=136	-	631	269	190
gi|203	9306	9838	R=136	+	9633	327	190
gi|176	23944	24475	R=136	+	24271	327	189
gi|159	21595	22127	R=136	+	21922	327	190
gi|140	4175	4707	R=136	-	4365	327	190
gi|37	34109	34641	R=136	+	34436	327	190
gi|31	15892	16424	R=136	-	16082	327	190
gi|31	8076	8608	R=136	-	8266	327	190
gi|787	8966	9122	R=137	+	9092	126	15
gi|784	26269	26472	R=137	-	26392	65	123
gi|776	32800	33193	R=137	-	33052	126	252
gi|645	31714	32107	R=137	-	31966	126	252
gi|612	14444	14837	R=137	-	14696	126	252
gi|540	26676	26819	R=137	+	26681	5	123
gi|495	27572	27841	R=137	+	27658	86	168
gi|476	17741	17897	R=137	+	17867	126	15
gi|329	39086	39446	R=137	-	39339	92	253
gi|314	8214	8607	R=137	-	8466	126	252
gi|300	11287	11679	R=137	-	11539	125	252
gi|269	20297	20500	R=137	+	20362	65	123
gi|241	16858	17251	R=137	+	16984	126	252
gi|215	38808	39011	R=137	-	38931	65	123
gi|207	30010	30406	R=137	-	30262	129	252
gi|175	21255	21605	R=137	+	21335	80	255
gi|167	16706	16955	R=137	-	16816	124	110
gi|140	34073	34276	R=137	-	34196	65	123
gi|35	24047	24393	R=137	+	24126	79	252
gi|986	39632	39784	R=138	-	39633	136	1
gi|955	32786	33089	R=138	-	32787	287	1
gi|891	24244	24547	R=138	-	24245	287	1
gi|676	2584	2887	R=138	-	2585	287	1
gi|664	8140	8282	R=138	-	8141	126	1
gi|610	28575	28876	R=138	+	28861	286	0
gi|591	11044	11344	R=138	-	11045	284	1
gi|563	29451	29595	R=138	+	29579	128	1
gi|558	8517	8636	R=138	+	8620	103	1
gi|503	31588	31730	R=138	+	31714	126	1
gi|445	29545	29845	R=138	-	29546	284	1
gi|445	25328	25470	R=138	-	25329	126	1
gi|258	21973	22273	R=138	+	22257	284	1
gi|246	37406	37527	R=138	+	37511	105	1
gi|181	15635	15741	R=138	+	15725	90	1
gi|98	26310	26586	R=138	+	26570	260	1
gi|81	35345	35481	R=138	-	35346	120	1
gi|77	8572	8870	R=138	-	8573	282	1
gi|820	34905	40013	R=139	+	39144	4239	854
gi|820	18314	22963	R=139	+	22555	4241	393
gi|820	2779	9105	R=139	+	6427	3648	2663
gi|754	14491	19138	R=139	+	18727	4236	396
gi|754	1	3493	R=139	+	3085	3084	393
gi|682	556	3950	R=139	+	1270	714	2665
gi|664	9110	13106	R=139	+	12237	3127	854
gi|301	21906	25724	R=139	+	25313	3407	396
gi|301	4383	11160	R=139	+	8623	4240	2522
gi|231	20367	24318	R=139	+	23045	2678	1258
gi|122	16303	20953	R=139	+	20542	4239	396
gi|122	100	6192	R=139	+	3511	3411	2666
gi|120	33226	40146	R=139	+	37466	4240	2665
gi|120	2788	5155	R=139	+	3882	1094	1258
gi|13	2069	5445	R=139	+	5043	2974	387
gi|943	27599	28085	R=140	+	27621	22	449
gi|913	32442	32585	R=140	+	32454	12	116
gi|857	26518	30508	R=140	+	27550	1032	2943
gi|651	29903	32398	R=140	+	30022	119	2361
gi|651	6477	6620	R=140	+	6489	12	116
gi|590	26130	27945	R=140	+	26908	778	1022
gi|590	13009	13985	R=140	+	13488	479	482
gi|541	37659	38635	R=140	+	38138	479	482
gi|541	17952	20034	R=140	+	18985	1033	1034
gi|514	15279	15422	R=140	+	15291	12	116
gi|512	27265	27408	R=140	+	27277	12	116
gi|512	10602	12672	R=140	+	11635	1033	1022
gi|479	26544	29201	R=140	+	26954	410	2232
gi|479	2260	2746	R=140	+	2282	22	449
gi|449	33244	33394	R=140	+	33256	12	123
gi|180	32864	36856	R=140	+	33893	1029	2948
gi|180	18456	19956	R=140	+	19485	1029	456
gi|125	36962	37173	R=140	+	37081	119	77
gi|125	22894	26239	R=140	+	23285	391	2939
gi|125	5489	9478	R=140	+	6521	1032	2942
gi|1032	15617	16084	R=141	-	15982	87	365
gi|1032	9814	11161	R=141	-	10179	967	365
gi|915	23664	25012	R=141	+	24631	967	366
gi|915	12176	12643	R=141	+	12262	86	366
gi|841	2390	2595	R=141	-	2485	95	95
gi|576	1185	1650	R=141	+	1271	86	364
gi|562	33774	35012	R=141	+	34741	967	256
gi|527	3535	4442	R=141	+	4332	797	95
gi|454	24124	24319	R=141	-	24219	85	95
gi|399	34514	34982	R=141	-	34882	85	368
gi|399	28983	30061	R=141	-	29079	967	96
gi|287	32343	32810	R=141	+	32429	86	366
gi|853	37977	38456	R=142	-	38328	113	351
gi|853	37977	38456	R=142	+	38090	113	351
gi|834	5048	5488	R=142	+	5126	78	347
gi|730	31262	31741	R=142	-	31613	113	351
gi|730	31262	31741	R=142	+	31375	113	351
gi|561	39588	39754	R=142	-	39629	110	41
gi|490	33038	33516	R=142	-	33388	113	350
gi|490	20049	20528	R=142	-	20400	113	351
gi|490	20049	20528	R=142	+	20162	113	351
gi|457	15065	15544	R=142	-	15416	113	351
gi|457	15065	15544	R=142	+	15178	113	351
gi|242	36075	36458	R=142	-	36426	17	351
gi|242	36075	36458	R=142	+	36188	113	255
gi|133	10407	10886	R=142	-	10758	113	351
gi|133	10407	10886	R=142	+	10520	113	351
gi|113	9923	10402	R=142	-	10274	113	351
gi|113	9923	10402	R=142	+	10036	113	351
gi|31	9344	9823	R=142	-	9695	113	351
gi|31	9344	9823	R=142	+	9457	113	351
gi|1007	34550	34735	R=143	+	34580	30	140
gi|844	3147	3330	R=143	+	3177	30	138
gi|457	36208	36393	R=143	-	36348	30	140
gi|457	36208	36393	R=143	+	36238	30	140
gi|250	1423	1608	R=143	-	1563	30	140
gi|250	1423	1608	R=143	+	1453	30	140
gi|194	2729	2914	R=143	-	2869	30	140
gi|194	2729	2914	R=143	+	2759	30	140
gi|125	216	401	R=143	-	356	30	140
gi|125	216	401	R=143	+	246	30	140
gi|43	32697	32882	R=143	-	32837	30	140
gi|43	32697	32882	R=143	+	32727	30	140
gi|1006	39596	40000	R=144	-	39695	290	99
gi|976	5093	5781	R=144	+	5667	574	99
gi|970	29004	29161	R=144	+	29048	44	98
gi|941	5277	5650	R=144	+	5536	259	99
gi|939	3584	3773	R=144	-	3683	75	99
gi|881	12394	13082	R=144	-	12493	574	99
gi|825	6998	7685	R=144	+	7570	572	100
gi|800	22860	23050	R=144	-	22959	76	99
gi|783	1356	1518	R=144	-	1455	48	99
gi|745	21023	21181	R=144	+	21067	44	99
gi|681	15234	15513	R=144	+	15399	165	99
gi|639	39247	39935	R=144	-	39346	574	99
gi|566	36615	37303	R=144	+	37189	574	99
gi|489	35231	35917	R=144	+	35803	572	99
gi|388	37498	37612	R=144	-	37597	0	99
gi|320	34193	34566	R=144	-	34292	259	99
gi|242	16084	16771	R=144	+	16656	572	100
gi|181	28585	29272	R=144	+	29157	572	100
gi|60	35869	36026	R=144	+	35912	43	99
gi|27	14867	15025	R=144	+	14911	44	99
gi|6	27801	27959	R=144	+	27845	44	99
gi|1006	35746	35886	R=145	-	35861	10	115
gi|1006	18146	18263	R=145	-	18238	10	92
gi|1006	17052	17196	R=145	+	17062	10	119
gi|729	8066	8174	R=145	-	8151	8	85
gi|729	7329	7468	R=145	+	7335	6	118
gi|707	18002	18145	R=145	-	18121	9	119
gi|699	9347	9487	R=145	-	9466	6	119
gi|699	8286	8401	R=145	+	8294	8	92
gi|683	19801	19918	R=145	-	19893	10	92
gi|639	35397	35537	R=145	-	35512	10	115
gi|639	17801	17918	R=145	-	17893	10	92
gi|639	16707	16851	R=145	+	16717	10	119
gi|449	30270	30410	R=145	-	30389	6	119
gi|365	26070	26186	R=145	-	26162	9	92
gi|316	10999	11112	R=145	+	11005	6	92
gi|316	10859	10999	R=145	-	10976	8	117
gi|206	35895	36000	R=145	+	35905	10	80
gi|139	5052	5192	R=145	-	5171	6	119
gi|139	3985	4102	R=145	+	3995	10	92
gi|1040	350	14002	R=146	+	10349	9999	3638
gi|994	10340	20353	R=146	+	10340	0	9998
gi|972	2	10259	R=146	+	244	242	10000
gi|815	2762	18259	R=146	+	12758	9996	5486
gi|663	17386	31038	R=146	-	21024	9999	3638
gi|656	16385	27642	R=146	-	20025	7602	3640
gi|647	2807	22818	R=146	+	12804	9997	9999
gi|536	-1	12612	R=146	-	2598	9999	2599
gi|336	36990	47183	R=146	+	46989	9999	179
gi|186	13928	21827	R=146	+	13928	0	7884
gi|137	2	19893	R=146	+	9877	9875	10001
gi|806	2384	2506	R=147	-	2475	16	91
gi|784	26742	26900	R=147	-	26869	16	127
gi|784	26114	26415	R=147	+	26128	14	272
gi|716	10933	11201	R=147	+	10948	15	238
gi|540	26676	26976	R=147	-	26945	16	269
gi|540	26202	26360	R=147	+	26218	16	127
gi|269	20354	20657	R=147	-	20626	16	272
gi|237	37492	37636	R=147	+	37508	16	113
gi|215	39281	39439	R=147	-	39408	16	127
gi|140	34568	34726	R=147	-	34695	16	127
gi|140	33916	34219	R=147	+	33932	16	272
gi|990	10986	12016	R=148	+	10986	0	1015
gi|877	19094	20100	R=148	+	19094	0	991
gi|814	39186	40000	R=148	+	39186	0	799
gi|703	5163	5357	R=148	+	5163	0	179
gi|703	4508	5038	R=148	-	5023	0	515
gi|679	10944	11867	R=148	+	10944	0	908
gi|395	19577	20608	R=148	+	19577	0	1016
gi|230	28170	28365	R=148	+	28170	0	180
gi|180	3472	4506	R=148	-	4491	0	1019
gi|162	21043	21630	R=148	+	21043	0	572
gi|146	10087	11113	R=148	+	10087	0	1011
gi|948	14670	14817	R=149	+	14679	9	123
gi|818	12812	12960	R=149	+	12822	10	123
gi|777	6611	6759	R=149	+	6621	10	123
gi|704	28465	28611	R=149	+	28474	9	122
gi|503	15738	15885	R=149	-	15860	10	122
gi|483	6302	6451	R=149	-	6426	10	124
gi|348	36117	36264	R=149	-	36239	10	122
gi|105	28240	28387	R=149	+	28250	10	122
gi|913	29133	29528	R=150	+	29174	41	339
gi|913	10986	13037	R=150	+	11977	991	1045
gi|857	24138	26580	R=150	+	25524	1386	1041
gi|651	26751	27493	R=150	+	27113	362	365
gi|590	38593	38990	R=150	+	38634	41	341
gi|590	22339	26131	R=150	+	25082	2743	1034
gi|590	10091	12474	R=150	+	11509	1418	950
gi|590	6747	7142	R=150	+	6788	41	339
gi|541	35318	37124	R=150	+	36159	841	950
gi|541	31406	31801	R=150	+	31447	41	339
gi|541	15772	17365	R=150	+	16958	1186	392
gi|514	12318	12623	R=150	+	12359	41	249
gi|512	24267	24663	R=150	+	24308	41	340
gi|512	6861	10664	R=150	+	9608	2747	1041
gi|479	38524	40087	R=150	+	39707	1183	365
gi|479	16339	17560	R=150	+	16677	338	868
gi|288	13934	14336	R=150	-	14278	43	344
gi|180	29115	32277	R=150	+	31864	2749	398
gi|180	14741	18171	R=150	+	17486	2745	670
gi|125	33278	35457	R=150	+	35040	1762	402
gi|125	3803	4871	R=150	+	4462	659	394
gi|1016	18027	19313	R=151	-	18223	1075	196
gi|943	19819	20259	R=151	-	20123	121	304
gi|936	32904	33295	R=151	-	33200	80	296
gi|886	17627	18023	R=151	+	17836	209	172
gi|855	30816	31254	R=151	-	31118	121	302
gi|830	4734	5997	R=151	+	5810	1076	172
gi|823	31589	32024	R=151	-	31888	121	299
gi|780	31982	32124	R=151	-	31988	121	6
gi|774	15339	16586	R=151	-	15640	931	301
gi|562	28646	29007	R=151	-	28889	103	243
gi|527	4782	5206	R=151	-	5086	105	304
gi|404	30612	31872	R=151	+	31685	1073	172
gi|357	36010	36431	R=151	-	36314	102	304
gi|327	36899	38288	R=151	+	37972	1073	301
gi|236	10388	10816	R=151	-	10692	109	304
gi|212	25220	25646	R=151	+	25327	107	304
gi|194	16248	16454	R=151	+	16328	80	111
gi|159	11055	12168	R=151	-	11283	870	228
gi|80	13948	15238	R=151	-	14144	1079	196
gi|68	13033	14296	R=151	+	14109	1076	172
gi|962	18577	19035	R=152	+	18991	414	29
gi|958	26792	27377	R=152	-	26821	541	29
gi|753	34841	35574	R=152	-	34870	689	29
gi|732	37076	37544	R=152	+	37500	424	29
gi|707	7505	7652	R=152	-	7534	103	29
gi|667	26427	26885	R=152	+	26841	414	29
gi|650	33994	34737	R=152	-	34023	699	29
gi|626	475	1061	R=152	+	1017	542	29
gi|507	15101	15842	R=152	-	15130	697	29
gi|445	21750	21982	R=152	+	21938	188	29
gi|427	15499	16086	R=152	+	16042	543	29
gi|378	21339	22082	R=152	-	21368	699	29
gi|125	18876	19617	R=152	+	19573	697	29
gi|63	31118	31861	R=152	-	31147	699	29
gi|48	5819	6562	R=152	-	5848	699	29
gi|2	14203	14661	R=152	+	14617	414	29
gi|1	37238	37827	R=152	+	37783	545	29
gi|1036	39642	39921	R=153	-	39654	252	12
gi|844	9297	9490	R=153	+	9468	171	7
gi|763	3660	3939	R=153	+	3912	252	12
gi|707	12135	12414	R=153	+	12387	252	12
gi|706	34908	35187	R=153	+	35160	252	12
gi|706	29066	29345	R=153	+	29318	252	12
gi|585	24062	24343	R=153	-	24074	254	12
gi|585	18218	18499	R=153	-	18230	254	12
gi|490	17278	17557	R=153	-	17290	252	12
gi|460	17179	17458	R=153	+	17431	252	12
gi|460	1973	2252	R=153	+	2225	252	12
gi|422	5619	5763	R=153	-	5621	127	2
gi|401	28786	29065	R=153	-	28798	252	12
gi|218	27342	27619	R=153	+	27592	250	12
gi|74	5952	6231	R=153	+	6204	252	12
gi|1006	35693	35805	R=154	-	35694	96	1
gi|1006	35692	35886	R=154	+	35692	0	179
gi|1006	17051	18262	R=154	-	17233	1014	182
gi|1006	17054	17254	R=154	+	17231	177	8
gi|760	29246	29622	R=154	-	29427	180	181
gi|707	17944	18073	R=154	-	17952	106	8
gi|707	16939	18145	R=154	+	17950	1011	180
gi|683	18708	19917	R=154	-	18887	1015	179
gi|683	18780	18908	R=154	+	18885	105	8
gi|639	35338	35456	R=154	-	35345	96	7
gi|639	35137	35537	R=154	+	35343	206	179
gi|639	16706	17917	R=154	-	16888	1014	182
gi|639	16709	16909	R=154	+	16886	177	8
gi|637	32329	32526	R=154	+	32504	175	7
gi|449	30212	30412	R=154	-	30220	177	8
gi|449	29486	30415	R=154	+	30218	732	182
gi|234	4490	4607	R=154	-	4498	94	8
gi|234	3483	4693	R=154	+	4496	1013	182
gi|139	4994	5194	R=154	-	5002	177	8
gi|139	3986	5197	R=154	+	5000	1014	182
gi|1029	478	690	R=155	+	478	0	197
gi|959	24262	24479	R=155	-	24464	0	202
gi|959	21176	21323	R=155	+	21176	0	132
gi|628	25557	25724	R=155	+	25557	0	152
gi|555	30396	30600	R=155	-	30585	0	189
gi|422	31178	31382	R=155	+	31178	0	189
gi|281	22492	22704	R=155	-	22689	0	197
gi|132	1275	1487	R=155	-	1472	0	197
gi|20	35731	35943	R=155	+	35731	0	197
gi|1013	7556	10057	R=156	-	8949	1093	1393
gi|1004	2295	2452	R=156	-	2399	38	104
gi|872	24518	24675	R=156	+	24556	38	104
gi|786	15798	15955	R=156	+	15836	38	104
gi|667	34301	35774	R=156	-	34661	1098	360
gi|666	13158	15115	R=156	+	13706	548	1394
gi|596	31351	33852	R=156	+	32444	1093	1393
gi|563	18604	21111	R=156	+	19701	1097	1395
gi|510	23252	23409	R=156	-	23356	38	104
gi|380	422	532	R=156	-	470	47	48
gi|342	24698	27205	R=156	+	25796	1098	1394
gi|181	12974	14022	R=156	+	13522	548	485
gi|181	11164	12248	R=156	-	11436	797	272
gi|176	11576	11686	R=156	+	11623	47	48
gi|111	7925	8066	R=156	-	8029	22	104
gi|38	12651	13249	R=156	+	12777	126	457
gi|37	23787	24010	R=156	+	23803	16	192
gi|8	15261	15483	R=156	-	15452	16	191
gi|8	5660	7346	R=156	+	5937	277	1394
gi|999	18714	19324	R=157	+	18726	12	583
gi|885	34289	35368	R=157	+	34771	482	582
gi|805	30503	31583	R=157	-	31086	482	583
gi|780	445	1525	R=157	-	1028	482	583
gi|606	1925	2701	R=157	+	2103	178	583
gi|430	2512	3087	R=157	-	2591	481	79
gi|277	13051	14131	R=157	+	13533	482	583
gi|277	3856	4936	R=157	-	4439	482	583
gi|272	26403	27483	R=157	-	26986	482	583
gi|221	36893	37973	R=157	+	37375	482	583
gi|188	23891	24876	R=157	+	24373	482	488
gi|1	6535	7615	R=157	+	7017	482	583
gi|1007	11906	12093	R=158	+	11957	51	121
gi|986	38768	38953	R=158	+	38819	51	119
gi|986	36496	36683	R=158	+	36547	51	121
gi|951	39542	39724	R=158	-	39658	51	116
gi|945	10064	10224	R=158	+	10088	24	121
gi|726	7408	7594	R=158	-	7529	50	121
gi|718	35220	35402	R=158	-	35336	51	116
gi|598	1482	1668	R=158	-	1603	50	121
gi|591	13297	13484	R=158	-	13418	51	121
gi|576	33777	33964	R=158	-	33898	51	121
gi|355	16524	16711	R=158	-	16645	51	121
gi|354	28350	28532	R=158	+	28401	51	116
gi|343	24054	24231	R=158	+	24105	51	111
gi|268	2344	2520	R=158	+	2394	50	111
gi|77	33407	33594	R=158	+	33458	51	121
gi|72	31125	31309	R=158	+	31176	51	118
gi|45	36587	36774	R=158	-	36708	51	121
gi|35	24680	24867	R=158	+	24731	51	121
gi|926	33531	33744	R=159	-	33729	0	198
gi|921	18270	18484	R=159	-	18469	0	199
gi|885	32430	32678	R=159	-	32663	0	233
gi|729	15750	15956	R=159	+	15751	1	190
gi|628	38030	38278	R=159	+	38030	0	233
gi|401	13714	13834	R=159	-	13818	1	104
gi|251	4754	5003	R=159	-	4987	1	233
gi|179	24138	24387	R=159	-	24371	1	233
gi|131	36144	36391	R=159	+	36145	1	231
gi|1035	13895	15510	R=160	-	15054	441	1159
gi|1035	9448	11780	R=160	-	9624	2141	176
gi|702	14166	16393	R=160	+	16303	2137	75
gi|702	10435	12051	R=160	+	10877	442	1159
gi|684	2115	4444	R=160	+	4256	2141	173
gi|426	37341	38164	R=160	-	37706	443	365
gi|426	30338	30625	R=160	-	30513	97	175
gi|338	36648	38264	R=160	+	37090	442	1159
gi|166	1	2331	R=160	+	2143	2142	173
gi|52	38386	40000	R=160	+	38826	440	1159
gi|43	17442	18222	R=160	+	18077	635	130
gi|670	14048	14381	R=161	+	14063	15	303
gi|622	13370	13703	R=161	+	13385	15	303
gi|569	11101	11434	R=161	-	11404	15	303
gi|546	7780	8115	R=161	+	7795	15	305
gi|224	2486	2818	R=161	-	2789	14	303
gi|150	26121	26454	R=161	+	26136	15	303
gi|811	3224	4220	R=162	+	3417	193	788
gi|777	11385	11680	R=162	+	11488	103	177
gi|534	35436	37018	R=162	-	36808	195	1372
gi|534	35437	37019	R=162	+	35632	195	1372
gi|505	32959	34538	R=162	-	34329	194	1370
gi|505	32960	34538	R=162	+	33154	194	1369
gi|456	30684	32261	R=162	+	30878	194	1368
gi|452	18738	19319	R=162	-	19110	194	372
gi|420	5958	7537	R=162	-	7328	194	1370
gi|420	5959	7537	R=162	+	6153	194	1369
gi|205	24712	25552	R=162	+	24906	194	631
gi|27	4976	6553	R=162	-	6344	194	1368
gi|27	4976	6553	R=162	+	5169	193	1369
gi|1025	5877	5999	R=163	-	5892	92	15
gi|793	3915	4036	R=163	-	3930	91	15
gi|749	17130	17252	R=163	-	17145	92	15
gi|497	24081	24203	R=163	-	24096	92	15
gi|416	10299	10421	R=163	+	10391	92	15
gi|348	30667	30789	R=163	-	30682	92	15
gi|203	15344	15466	R=163	-	15359	92	15
gi|171	13898	14014	R=163	+	13984	86	15
gi|98	30188	30306	R=163	-	30203	88	15
gi|2	23127	23246	R=163	+	23216	89	15
gi|1042	38876	38990	R=164	-	38969	6	93
gi|952	33578	33762	R=164	-	33670	77	92
gi|838	29815	30015	R=164	-	29908	92	93
gi|691	12058	12172	R=164	+	12064	6	93
gi|545	4821	5028	R=164	-	4912	101	91
gi|465	32924	33039	R=164	+	33022	98	2
gi|366	27007	27216	R=164	+	27108	101	93
gi|223	683	888	R=164	-	773	100	90
gi|177	35310	35511	R=164	+	35403	93	93
gi|72	10506	10718	R=164	+	10611	105	92
gi|62	11448	11657	R=164	-	11541	101	93
gi|950	21518	21644	R=165	-	21550	79	32
gi|820	14183	14381	R=165	-	14215	151	32
gi|714	31998	32196	R=165	+	32149	151	32
gi|675	23861	24059	R=165	+	24012	151	32
gi|624	35546	35742	R=165	+	35695	149	32
gi|588	36742	36941	R=165	+	36894	152	32
gi|542	35123	35321	R=165	+	35274	151	32
gi|425	974	1081	R=165	+	1034	60	32
gi|379	11685	11865	R=165	+	11836	151	14
gi|351	8827	9025	R=165	-	8859	151	32
gi|346	30892	31090	R=165	-	30924	151	32
gi|311	21334	21532	R=165	+	21485	151	32
gi|308	39508	39700	R=165	-	39536	149	28
gi|107	34980	35176	R=165	-	35011	150	31
gi|75	3027	3225	R=165	+	3178	151	32
gi|62	25422	25620	R=165	+	25573	151	32
gi|1043	25636	25855	R=166	-	25831	9	195
gi|982	26141	26536	R=166	+	26156	15	365
gi|831	19440	20077	R=166	-	20051	11	611
gi|831	20018	20140	R=166	+	20033	15	92
gi|831	17285	17711	R=166	+	17300	15	396
gi|699	23991	24417	R=166	-	24387	15	396
gi|699	16054	16176	R=166	-	16146	15	92
gi|699	16117	16341	R=166	+	16128	11	198
gi|444	28035	28716	R=166	-	28690	11	655
gi|444	28656	28779	R=166	+	28672	16	92
gi|444	26337	26802	R=166	+	26352	15	435
gi|401	31596	32279	R=166	-	32253	11	657
gi|401	32220	32342	R=166	+	32235	15	92
gi|401	29836	30262	R=166	+	29851	15	396
gi|350	13664	14346	R=166	-	14320	11	656
gi|350	14286	14409	R=166	+	14302	16	92
gi|123	8310	8417	R=166	-	8402	0	92
gi|123	8373	9056	R=166	+	8384	11	657
gi|944	7498	9493	R=167	-	9085	393	1587
gi|864	35834	39041	R=167	+	37315	1481	1711
gi|778	31758	32709	R=167	-	32371	323	613
gi|778	12337	13965	R=167	-	13625	325	1288
gi|732	7330	9423	R=167	+	8763	1433	645
gi|669	34704	36688	R=167	+	35356	652	1317
gi|669	1191	3995	R=167	+	2663	1472	1317
gi|528	23786	26003	R=167	-	24534	1454	748
gi|528	9958	11210	R=167	-	10870	325	912
gi|376	9534	11932	R=167	-	10446	1471	912
gi|210	34339	37167	R=167	+	35441	1102	1711
gi|210	16724	18261	R=167	+	17469	745	777
gi|207	33293	35562	R=167	+	34770	1477	777
gi|207	6429	9036	R=167	+	7569	1140	1452
gi|195	35718	37254	R=167	+	36054	336	1185
gi|195	18023	21229	R=167	+	19503	1480	1711
gi|78	38035	39996	R=167	-	39746	235	1711
gi|872	3716	5630	R=168	-	5603	12	1887
gi|745	7450	9058	R=168	-	8847	196	1397
gi|714	20156	20409	R=168	+	20291	135	103
gi|693	34009	35900	R=168	+	34021	12	1864
gi|588	19678	21286	R=168	-	21075	196	1397
gi|478	14099	15927	R=168	-	15716	196	1617
gi|177	19288	21386	R=168	-	21175	196	1887
gi|107	7226	9117	R=168	-	9090	12	1864
gi|78	8028	10126	R=168	+	8224	196	1887
gi|1043	25256	25444	R=169	+	25318	62	111
gi|1008	28478	28676	R=169	-	28631	30	153
gi|834	36932	37120	R=169	+	36994	62	111
gi|607	7223	7598	R=169	+	7286	63	297
gi|607	6325	6700	R=169	-	6622	63	297
gi|510	12258	12446	R=169	+	12320	62	111
gi|510	11525	11676	R=169	-	11628	33	103
gi|510	6337	6712	R=169	+	6400	63	297
gi|510	5439	5814	R=169	-	5736	63	297
gi|340	17229	17578	R=169	+	17266	37	297
gi|236	16600	16975	R=169	-	16897	63	297
gi|992	1	3971	R=170	-	857	3099	856
gi|918	15364	22390	R=170	+	17654	2290	4721
gi|910	17	2337	R=170	-	32	2290	15
gi|876	16099	23125	R=170	-	20820	2290	4721
gi|638	3094	10930	R=170	+	6194	3100	4721
gi|571	26221	31698	R=170	+	29320	3099	2363
gi|477	1	3352	R=170	-	237	3100	236
gi|282	13895	21731	R=170	-	18616	3100	4721
gi|232	1	4451	R=170	-	2145	2291	2144
gi|990	25461	25877	R=171	+	25481	20	381
gi|971	31259	31780	R=171	+	31273	14	492
gi|971	992	1483	R=171	+	998	6	470
gi|893	14802	19742	R=171	+	16973	2171	2754
gi|874	11699	15638	R=171	+	13063	1364	2560
gi|644	7599	8024	R=171	+	7628	29	381
gi|584	32751	37694	R=171	+	34925	2174	2754
gi|584	20347	24231	R=171	+	21463	1116	2753
gi|554	36835	40000	R=171	+	37898	1063	2087
gi|554	8032	12974	R=171	+	10206	2174	2753
gi|368	4140	4541	R=171	+	4148	8	378
gi|356	19688	20030	R=171	+	19692	4	323
gi|350	29405	29821	R=171	-	29786	20	381
gi|299	32246	37191	R=171	+	34420	2174	2756
gi|299	17915	22764	R=171	+	20086	2171	2663
gi|299	6985	9981	R=171	+	8515	1530	1451
gi|272	34967	35389	R=171	+	34996	29	378
gi|90	33804	36339	R=171	+	34865	1061	1459
gi|90	16183	20949	R=171	+	18180	1997	2754
gi|945	3905	5316	R=172	-	5289	12	1384
gi|945	3905	5316	R=172	+	3917	12	1384
gi|899	20053	21466	R=172	-	21439	12	1386
gi|899	20053	21466	R=172	+	20065	12	1386
gi|883	33365	34765	R=172	+	33375	10	1375
gi|861	15499	16283	R=172	-	16256	12	757
gi|861	8292	8921	R=172	+	8304	12	602
gi|461	2750	4161	R=172	-	4134	12	1384
gi|461	2750	4161	R=172	+	2762	12	1384
gi|412	10316	11727	R=172	-	11700	12	1384
gi|412	10316	11727	R=172	+	10328	12	1384
gi|367	35158	36569	R=172	-	36542	12	1384
gi|367	35158	36569	R=172	+	35170	12	1384
gi|1013	25046	27835	R=173	-	27318	502	2272
gi|865	39410	39982	R=173	-	39458	509	48
gi|834	30742	32011	R=173	+	31253	511	743
gi|657	28766	29413	R=173	+	29275	509	123
gi|604	10627	12705	R=173	+	10899	272	1791
gi|596	3729	5382	R=173	+	4238	509	1129
gi|467	33539	36334	R=173	+	34047	508	2272
gi|375	36084	38880	R=173	+	36593	509	2272
gi|372	4377	7167	R=173	-	6649	503	2272
gi|371	2147	4645	R=173	+	2657	510	1973
gi|361	38206	39737	R=173	+	38715	509	1007
gi|1036	38582	38794	R=174	-	38680	99	98
gi|1029	28029	28241	R=174	+	28128	99	98
gi|1018	3880	4056	R=174	+	3943	63	98
gi|1007	14097	14309	R=174	+	14196	99	98
gi|952	19009	19162	R=174	+	19049	40	98
gi|945	11939	12151	R=174	+	12038	99	98
gi|866	37073	37285	R=174	-	37171	99	98
gi|753	19955	20131	R=174	+	20018	63	98
gi|718	33830	34010	R=174	-	33928	67	98
gi|671	11944	12144	R=174	+	12031	87	98
gi|626	5266	5466	R=174	-	5364	87	98
gi|591	11807	11923	R=174	-	11809	99	2
gi|576	32269	32435	R=174	-	32321	99	52
gi|355	15048	15260	R=174	-	15146	99	98
gi|354	29742	29922	R=174	+	29809	67	98
gi|45	35002	35214	R=174	-	35100	99	98
gi|35	26241	26453	R=174	+	26340	99	98
gi|1029	37753	38596	R=175	-	37934	647	181
gi|959	5501	5899	R=175	-	5520	364	19
gi|714	12338	12896	R=175	-	12517	364	179
gi|535	7554	7938	R=175	+	7742	188	181
gi|516	13963	14491	R=175	-	14142	334	179
gi|457	36485	37043	R=175	-	36664	364	179
gi|401	25325	26168	R=175	-	25506	647	181
gi|316	13904	14747	R=175	-	14085	647	181
gi|271	37002	37559	R=175	-	37181	363	179
gi|128	7947	8790	R=175	+	8594	647	181
gi|112	17989	18829	R=175	+	18635	646	179
gi|786	20238	20729	R=176	-	20714	0	476
gi|771	36253	36735	R=176	-	36720	0	467
gi|677	23875	24367	R=176	+	23875	0	477
gi|603	566	1050	R=176	-	1035	0	469
gi|532	29660	30152	R=176	+	29660	0	477
gi|246	382	874	R=176	+	382	0	477
gi|197	5810	6294	R=176	-	6279	0	469
gi|127	28810	29292	R=176	-	29277	0	467
gi|47	15333	15825	R=176	+	15333	0	477
gi|1028	31933	32365	R=177	-	32091	259	158
gi|1028	29287	30029	R=177	-	29766	248	479
gi|1028	28700	29135	R=177	-	28858	262	158
gi|982	36929	37364	R=177	+	37191	262	158
gi|982	36032	37374	R=177	+	36294	262	1065
gi|982	33710	34180	R=177	+	33969	259	196
gi|943	5041	5476	R=177	+	5303	262	158
gi|943	4147	4889	R=177	+	4395	248	479
gi|943	1811	2327	R=177	+	2070	259	242
gi|622	6592	7935	R=177	+	6854	262	1066
gi|569	27748	28088	R=177	-	27814	259	66
gi|569	16676	18005	R=177	-	17742	248	1066
gi|549	37518	37959	R=177	+	37777	259	167
gi|535	39725	40160	R=177	+	39987	262	158
gi|535	38834	40170	R=177	+	39090	256	1065
gi|535	36190	36373	R=177	+	36194	4	164
gi|293	14953	15174	R=177	+	15001	48	158
gi|293	13275	14017	R=177	+	13523	248	479
gi|293	10407	10869	R=177	+	10666	259	188
gi|1007	33384	33608	R=178	+	33451	67	142
gi|990	6571	6965	R=178	+	6821	250	129
gi|979	8997	9366	R=178	+	9331	334	20
gi|909	17298	17713	R=178	-	17440	258	142
gi|746	27267	27741	R=178	-	27396	330	129
gi|696	7070	7884	R=178	+	7726	656	143
gi|546	27608	28482	R=178	-	27751	716	143
gi|378	14499	15365	R=178	+	15210	711	140
gi|372	16129	16998	R=178	+	16840	711	143
gi|358	28871	29745	R=178	-	29014	716	143
gi|325	12209	12616	R=178	-	12351	250	142
gi|253	10653	11068	R=178	+	10911	258	142
gi|161	34359	35233	R=178	-	34502	716	143
gi|1023	11431	12543	R=179	+	11883	452	645
gi|1013	33095	34645	R=179	+	33987	892	643
gi|951	13478	14242	R=179	-	14120	107	642
gi|938	32507	34208	R=179	+	33548	1041	645
gi|938	25850	27551	R=179	+	26893	1043	643
gi|920	22612	24313	R=179	+	23654	1042	644
gi|899	4673	6375	R=179	-	5318	1042	645
gi|830	19797	21495	R=179	+	20838	1041	642
gi|707	37921	39462	R=179	-	38569	878	648
gi|706	8489	10188	R=179	+	9530	1041	643
gi|657	34329	36031	R=179	-	34974	1042	645
gi|521	16675	18377	R=179	+	17717	1042	645
gi|457	38771	40001	R=179	-	39417	569	646
gi|426	13562	15263	R=179	+	14605	1043	643
gi|380	1546	3247	R=179	-	2190	1042	644
gi|353	12217	13916	R=179	-	12861	1040	644
gi|236	5993	7695	R=179	+	7036	1043	644
gi|159	22352	24053	R=179	+	23393	1041	645
gi|1015	28252	28771	R=180	-	28450	306	198
gi|863	6137	6807	R=180	+	6617	480	175
gi|841	5037	5730	R=180	+	5517	480	198
gi|716	5620	6313	R=180	+	6100	480	198
gi|702	9888	10438	R=180	-	10086	337	198
gi|611	5495	5975	R=180	+	5762	267	198
gi|579	24220	24847	R=180	-	24352	480	132
gi|551	4370	5063	R=180	+	4850	480	198
gi|367	32948	33646	R=180	+	33428	480	203
gi|167	20987	21680	R=180	+	21467	480	198
gi|37	22947	23221	R=180	+	23004	57	202
gi|1020	17922	27631	R=181	-	21132	6484	3210
gi|770	15116	31621	R=181	-	25118	6488	10002
gi|638	10550	23961	R=181	+	17035	6485	6911
gi|623	0	14582	R=181	+	4564	4564	10003
gi|616	16625	32848	R=181	-	26623	6210	9998
gi|559	15471	27924	R=181	-	22983	4926	7512
gi|499	1443	12956	R=181	+	2941	1498	10000
gi|336	4399	20898	R=181	-	14398	6485	9999
gi|211	29070	41782	R=181	-	39064	2703	9994
gi|94	1	16459	R=181	+	6448	6447	9996
gi|21	0	10700	R=181	+	941	941	9744
gi|978	12108	12941	R=182	+	12225	117	701
gi|978	11415	11727	R=182	-	11611	101	196
gi|978	11410	11870	R=182	+	11526	116	329
gi|909	23389	24369	R=182	-	24238	116	849
gi|909	23518	24364	R=182	+	23619	101	730
gi|909	23005	23304	R=182	-	23172	117	167
gi|909	22997	23863	R=182	+	22997	0	851
gi|907	38215	39081	R=182	-	39066	0	851
gi|907	37892	38204	R=182	-	38088	101	196
gi|907	37887	38867	R=182	+	38003	116	849
gi|225	26322	27302	R=182	-	27171	116	849
gi|225	26629	27287	R=182	+	26730	101	542
gi|225	25938	26237	R=182	-	26105	117	167
gi|225	25930	26796	R=182	+	25930	0	851
gi|820	26272	26657	R=183	-	26359	283	87
gi|820	10092	10476	R=183	-	10178	283	86
gi|754	21945	22540	R=183	-	22474	51	529
gi|754	6808	7419	R=183	-	6895	509	87
gi|682	4629	6742	R=183	-	5029	1698	400
gi|666	34337	35926	R=183	-	34425	1486	88
gi|666	6623	7110	R=183	-	7040	55	417
gi|664	15964	17763	R=183	-	16051	1697	87
gi|301	32302	33159	R=183	-	32320	824	18
gi|301	28957	29114	R=183	-	29068	31	111
gi|301	11866	12704	R=183	-	12397	292	531
gi|231	555	2790	R=183	-	1085	1690	530
gi|122	39982	40154	R=183	-	40069	70	87
gi|122	6920	8994	R=183	-	7284	1695	364
gi|120	7176	7854	R=183	-	7707	132	531
gi|936	19953	20650	R=184	-	20399	236	446
gi|936	19953	20650	R=184	+	20189	236	446
gi|800	5678	6375	R=184	-	6124	236	446
gi|800	5678	6375	R=184	+	5914	236	446
gi|771	21081	21778	R=184	-	21527	236	446
gi|771	21081	21778	R=184	+	21317	236	446
gi|585	38877	39559	R=184	-	39323	221	446
gi|585	38877	39559	R=184	+	39113	236	431
gi|382	14158	14855	R=184	-	14604	236	446
gi|382	14158	14855	R=184	+	14394	236	446
gi|334	37113	37811	R=184	-	37560	236	447
gi|334	37113	37811	R=184	+	37349	236	447
gi|332	28372	29068	R=184	-	28818	235	446
gi|332	28372	29068	R=184	+	28608	236	445
gi|266	19451	20146	R=184	-	19896	235	445
gi|266	19451	20146	R=184	+	19687	236	444
gi|124	27177	27442	R=184	+	27413	236	14
gi|669	32533	32639	R=185	+	32596	63	28
gi|669	11266	11366	R=185	+	11323	57	28
gi|570	14123	14226	R=185	+	14183	60	28
gi|376	38312	38412	R=185	+	38369	57	28
gi|210	29919	30019	R=185	+	29976	57	28
gi|210	8071	8174	R=185	+	8131	60	28
gi|207	17834	17937	R=185	+	17894	60	28
gi|195	32100	32200	R=185	+	32157	57	28
gi|195	15371	15476	R=185	+	15433	62	28
gi|195	8256	8359	R=185	+	8316	60	28
gi|959	18910	19148	R=186	+	19133	223	0
gi|959	18314	18568	R=186	-	18314	239	0
gi|952	39333	39657	R=186	+	39642	309	0
gi|952	37110	37430	R=186	-	37110	305	0
gi|582	30732	31056	R=186	+	31041	309	0
gi|582	5879	6041	R=186	-	5879	147	0
gi|566	33096	33420	R=186	+	33405	309	0
gi|566	31518	31688	R=186	-	31518	155	0
gi|456	21955	22092	R=186	+	22077	122	0
gi|456	21088	21225	R=186	-	21088	122	0
gi|220	22696	22953	R=186	+	22938	242	0
gi|220	13034	13358	R=186	-	13034	309	0
gi|146	18945	19082	R=186	+	19067	122	0
gi|146	17152	17289	R=186	-	17152	122	0
gi|35	16065	16295	R=186	+	16280	215	0
gi|924	1281	1759	R=187	-	1666	78	385
gi|831	21877	22394	R=187	-	22301	78	424
gi|831	21877	22394	R=187	+	21955	78	424
gi|684	18593	19110	R=187	+	18671	78	424
gi|562	12639	13156	R=187	-	13063	78	424
gi|562	12639	13156	R=187	+	12717	78	424
gi|327	21436	21556	R=187	-	21463	78	27
gi|327	21099	21444	R=187	+	21177	78	252
gi|6	1534	2051	R=187	-	1958	78	424
gi|6	1534	2051	R=187	+	1612	78	424
gi|984	17216	17893	R=188	+	17216	0	662
gi|789	8204	8457	R=188	+	8204	0	238
gi|757	18968	19168	R=188	+	18968	0	185
gi|707	14000	14386	R=188	+	14000	0	371
gi|479	25462	25715	R=188	-	25700	0	238
gi|224	7149	7826	R=188	+	7149	0	662
gi|200	31553	32229	R=188	+	31553	0	661
gi|32	25570	26247	R=188	+	25570	0	662
gi|1035	31010	31324	R=189	+	31075	65	234
gi|979	23893	24314	R=189	-	24042	257	149
gi|691	427	689	R=189	+	643	216	31
gi|622	25814	26331	R=189	-	26048	268	234
gi|622	8409	8723	R=189	+	8474	65	234
gi|610	16654	17153	R=189	+	16911	257	227
gi|569	16072	16386	R=189	-	16306	65	234
gi|569	13938	14281	R=189	-	13998	268	60
gi|535	26933	27276	R=189	-	26993	268	60
gi|535	7939	8195	R=189	+	8154	215	26
gi|81	2318	2661	R=189	-	2378	268	60
gi|43	27888	28173	R=189	-	27919	239	31
gi|43	6480	6733	R=189	+	6491	11	227
gi|1032	4932	5364	R=190	-	5019	330	87
gi|771	16456	16659	R=190	-	16543	101	87
gi|572	31007	31798	R=190	-	31095	688	88
gi|379	3211	3647	R=190	-	3266	366	55
gi|365	4250	4394	R=190	-	4338	41	88
gi|335	21442	22233	R=190	+	22130	688	88
gi|292	3042	3209	R=190	+	3106	64	88
gi|266	2350	2486	R=190	+	2400	50	71
gi|251	23856	24632	R=190	-	23927	690	71
gi|241	5670	6208	R=190	+	6106	436	87
gi|112	31029	31495	R=190	+	31392	363	88
gi|37	17084	17874	R=190	+	17771	687	88
gi|3	14310	15103	R=190	+	15001	691	87
gi|855	32366	33814	R=191	-	32618	1181	252
gi|855	32364	33814	R=191	+	32616	252	1183
gi|855	20974	21569	R=191	-	21214	340	240
gi|855	20958	21569	R=191	+	21212	254	342
gi|662	28908	30358	R=191	-	30091	252	1183
gi|662	28908	30344	R=191	+	30089	1181	240
gi|555	587	2037	R=191	-	1770	252	1183
gi|555	587	2023	R=191	+	1768	1181	240
gi|535	10624	12060	R=191	-	10864	1181	240
gi|535	10610	12060	R=191	+	10862	252	1183
gi|481	4059	5507	R=191	-	4311	1181	252
gi|481	4057	5507	R=191	+	4309	252	1183
gi|399	10442	11032	R=191	-	10765	252	323
gi|399	10442	10970	R=191	+	10763	321	192
gi|265	32732	34183	R=191	-	33916	252	1184
gi|265	32732	34168	R=191	+	33914	1182	239
gi|265	5995	7382	R=191	-	6187	1180	192
gi|265	5933	7382	R=191	+	6185	252	1182
gi|973	3789	4293	R=192	+	4215	426	63
gi|965	36347	37686	R=192	+	37079	732	592
gi|937	36038	37377	R=192	-	36630	732	592
gi|847	25151	25794	R=192	-	25741	38	590
gi|457	10952	11942	R=192	-	11543	384	591
gi|376	17729	19067	R=192	-	18320	732	591
gi|353	2143	3134	R=192	-	2734	385	591
gi|308	13602	14519	R=192	-	13772	732	170
gi|196	12794	13826	R=192	-	13385	426	591
gi|988	3751	3926	R=193	-	3867	44	116
gi|913	19784	19969	R=193	+	19832	48	122
gi|881	20627	20802	R=193	+	20671	44	116
gi|864	32023	32160	R=193	-	32099	46	76
gi|854	2465	2650	R=193	-	2587	48	122
gi|839	33802	33987	R=193	-	33924	48	122
gi|809	2444	2569	R=193	+	2501	57	53
gi|771	8070	8195	R=193	+	8127	57	53
gi|682	13810	13935	R=193	-	13863	57	53
gi|676	32626	32751	R=193	-	32679	57	53
gi|350	18614	18808	R=193	+	18671	57	122
gi|241	15662	15854	R=193	+	15719	57	120
gi|226	33281	33406	R=193	+	33338	57	53
gi|159	32849	33033	R=193	+	32896	47	122
gi|91	13507	13692	R=193	-	13629	48	122
gi|72	36908	37074	R=193	-	37022	37	114
gi|22	1284	1468	R=193	+	1331	47	122
gi|834	3717	3877	R=194	+	3834	117	28
gi|745	12660	13127	R=194	-	12943	169	283
gi|739	3118	4119	R=194	-	3645	459	527
gi|716	31258	32260	R=194	-	31787	458	529
gi|716	17667	18669	R=194	-	18196	458	529
gi|678	21315	22317	R=194	-	21844	458	529
gi|678	7717	8719	R=194	-	8246	458	529
gi|668	9850	10853	R=194	+	10309	459	529
gi|366	32991	33655	R=194	-	33521	119	530
gi|254	24978	25185	R=194	-	25048	122	70
gi|199	38928	39929	R=194	-	39456	458	528
gi|176	32056	32705	R=194	-	32585	105	529
gi|147	5087	5808	R=194	+	5264	177	529
gi|965	813	1593	R=195	-	855	723	42
gi|779	25425	26779	R=195	+	26147	722	617
gi|779	13882	17845	R=195	+	14604	722	3226
gi|732	25294	28548	R=195	-	28518	15	3224
gi|618	33907	34686	R=195	+	34629	722	42
gi|481	18767	22730	R=195	-	21993	722	3226
gi|481	9833	11187	R=195	-	10450	722	617
gi|429	37516	38872	R=195	+	38238	722	619
gi|429	12818	16071	R=195	+	12829	11	3227
gi|1032	18468	18593	R=196	-	18553	25	85
gi|771	17632	18002	R=196	-	17962	25	330
gi|580	29188	29432	R=196	+	29213	25	204
gi|572	32588	32752	R=196	-	32713	24	125
gi|404	39404	39771	R=196	+	39428	24	328
gi|379	4723	4852	R=196	-	4812	25	89
gi|365	20762	20928	R=196	-	20888	25	126
gi|335	21087	21442	R=196	+	21112	25	315
gi|251	24632	24981	R=196	-	24941	25	309
gi|241	4560	4716	R=196	+	4585	25	116
gi|169	26421	26598	R=196	+	26446	25	137
gi|112	29667	30031	R=196	+	29692	25	324
gi|3	12790	13159	R=196	+	12815	25	329
gi|813	16115	17670	R=197	+	16918	803	737
gi|778	21454	22651	R=197	+	22256	802	380
gi|514	32947	33734	R=197	-	33683	36	736
gi|401	21071	21901	R=197	+	21151	80	735
gi|356	17596	18931	R=197	-	18333	583	737
gi|342	30869	32204	R=197	-	31604	585	735
gi|223	12998	14331	R=197	+	13581	583	735
gi|210	645	2200	R=197	+	1450	805	735
gi|77	18868	20423	R=197	+	19671	803	737
gi|872	2068	3461	R=198	-	3252	194	1184
gi|745	5326	7454	R=198	-	6508	931	1182
gi|714	21780	23913	R=198	+	22711	931	1187
gi|693	35507	37637	R=198	+	36438	931	1184
gi|657	38900	39279	R=198	-	39166	98	266
gi|596	12878	13902	R=198	-	13161	726	283
gi|588	18564	19682	R=198	-	18736	931	172
gi|481	39100	39907	R=198	+	39624	524	268
gi|478	12522	13939	R=198	-	13710	214	1188
gi|224	1190	1991	R=198	+	1401	211	575
gi|199	12909	14611	R=198	+	13406	497	1190
gi|177	17636	19033	R=198	-	18824	194	1188
gi|113	22013	23037	R=198	+	22739	726	283
gi|107	5486	7619	R=198	-	6673	931	1187
gi|78	10381	11772	R=198	+	10575	194	1182
gi|1012	21785	21912	R=199	-	21801	96	16
gi|1001	37715	37831	R=199	+	37804	89	12
gi|945	29137	29266	R=199	-	29155	96	18
gi|919	4367	4494	R=199	-	4383	96	16
gi|718	6724	6826	R=199	+	6793	69	18
gi|518	7298	7423	R=199	-	7314	94	16
gi|496	4235	4364	R=199	-	4253	96	18
gi|355	39557	39686	R=199	+	39653	96	18
gi|196	25423	25539	R=199	+	25519	96	5
gi|143	9106	9208	R=199	+	9175	69	18
gi|140	36435	36552	R=199	-	36451	86	16
gi|14	30764	30891	R=199	+	30860	96	16
gi|937	23262	24075	R=200	-	23267	793	5
gi|913	20725	21971	R=200	+	21951	1226	5
gi|913	9744	10990	R=200	+	10970	1226	5
gi|753	14678	15924	R=200	+	15904	1226	5
gi|678	24810	25623	R=200	+	25603	793	5
gi|540	24468	25713	R=200	-	24473	1225	5
gi|505	4498	4764	R=200	-	4503	246	5
gi|402	16984	18230	R=200	-	16989	1226	5
gi|256	9233	9459	R=200	-	9237	207	4
gi|222	29132	30378	R=200	-	29137	1226	5
gi|864	305	1135	R=201	+	476	171	644
gi|778	27460	27929	R=201	-	27889	25	429
gi|778	8277	8517	R=201	-	8477	25	200
gi|669	7811	8812	R=201	+	8153	342	644
gi|570	9779	10268	R=201	+	10127	348	126
gi|528	30214	30427	R=201	-	30387	25	173
gi|528	19765	19977	R=201	-	19937	25	172
gi|376	34272	34969	R=201	+	34611	339	343
gi|293	1851	2066	R=201	-	2026	25	175
gi|210	3260	4264	R=201	+	3608	348	641
gi|207	20834	21832	R=201	+	21173	339	644
gi|207	13098	14009	R=201	+	13353	255	641
gi|195	27428	28127	R=201	+	27769	341	343
gi|195	11398	11634	R=201	+	11568	170	51
gi|195	4955	5500	R=201	+	5294	339	191
gi|864	21493	21823	R=202	+	21702	209	106
gi|778	35119	35411	R=202	-	35215	181	96
gi|778	28873	29110	R=202	-	28878	217	5
gi|778	16081	16401	R=202	-	16177	209	96
gi|778	9461	9698	R=202	-	9466	217	5
gi|771	28347	28497	R=202	+	28378	31	104
gi|669	7000	7270	R=202	+	7150	150	105
gi|586	26104	26236	R=202	-	26153	68	49
gi|528	27004	27332	R=202	-	27108	209	104
gi|528	20910	21147	R=202	-	20915	217	5
gi|376	25238	25564	R=202	+	25448	210	101
gi|210	21262	21533	R=202	+	21412	150	106
gi|210	2387	2620	R=202	+	2597	210	8
gi|207	38552	38823	R=202	+	38702	150	106
gi|207	12262	12452	R=202	+	12331	69	106
gi|195	24335	24660	R=202	+	24542	207	103
gi|820	33512	34431	R=203	-	33880	536	368
gi|754	37253	38168	R=203	-	37621	532	368
gi|754	13100	14017	R=203	-	13468	534	368
gi|682	29884	30753	R=203	-	30198	540	314
gi|301	39545	40150	R=203	-	39913	222	368
gi|301	19710	20613	R=203	-	20077	521	367
gi|231	35729	36428	R=203	-	35876	537	147
gi|231	8550	8972	R=203	-	8611	346	61
gi|122	30849	31600	R=203	-	31051	534	202
gi|122	14921	15842	R=203	-	15289	538	368
gi|885	3367	4326	R=204	+	4297	930	14
gi|759	24390	25350	R=204	-	24404	931	14
gi|711	37250	38196	R=204	-	37264	917	14
gi|687	4784	4892	R=204	-	4798	79	14
gi|495	365	715	R=204	-	379	321	14
gi|493	27016	27322	R=204	+	27293	277	14
gi|380	3698	4569	R=204	-	3712	842	14
gi|342	18013	18958	R=204	-	18027	916	14
gi|219	16970	17924	R=204	+	17895	925	14
gi|111	23049	23646	R=204	-	23063	568	14
gi|72	38782	38927	R=204	-	38796	116	14
gi|15	3237	4194	R=204	+	4165	928	14
gi|810	17546	29173	R=205	-	27545	1613	9999
gi|767	1	16631	R=205	+	6617	6616	9999
gi|452	2068	18738	R=205	-	12067	6656	9999
gi|345	3672	20344	R=205	-	13673	6656	10001
gi|289	325	16995	R=205	+	6981	6656	9999
gi|201	2125	18796	R=205	+	8781	6656	10000
gi|130	0	14499	R=205	-	7828	6656	7828
gi|116	1	13433	R=205	-	6762	6656	6761
gi|86	3858	20527	R=205	+	10513	6655	9999
gi|954	798	1037	R=206	-	1008	14	210
gi|820	27896	30644	R=206	-	29439	1190	1543
gi|820	11767	14181	R=206	-	13244	922	1477
gi|796	28	253	R=206	-	90	148	62
gi|754	33027	34882	R=206	-	34564	303	1537
gi|754	10362	11595	R=206	-	10392	1188	30
gi|682	39340	40148	R=206	-	39873	260	533
gi|682	7992	8385	R=206	-	8209	161	217
gi|389	35339	36894	R=206	-	36747	132	1408
gi|301	34496	36332	R=206	-	35515	802	1019
gi|301	14107	16856	R=206	-	15650	1191	1543
gi|231	2759	4864	R=206	-	4303	546	1544
gi|122	9215	11701	R=206	-	10494	1192	1279
gi|798	15357	15744	R=207	-	15729	0	372
gi|730	27082	27469	R=207	-	27454	0	372
gi|615	4349	4732	R=207	+	4349	0	368
gi|543	26811	27111	R=207	+	26811	0	285
gi|256	33584	33971	R=207	+	33584	0	372
gi|158	7528	7828	R=207	+	7528	0	285
gi|122	13808	14195	R=207	-	14180	0	372
gi|78	214	601	R=207	+	214	0	372
gi|1016	2849	3255	R=208	+	3025	176	215
gi|962	30222	30888	R=208	-	30697	176	475
gi|962	20301	20746	R=208	-	20555	176	254
gi|648	34352	35019	R=208	+	34528	176	476
gi|377	37617	38050	R=208	-	37860	175	243
gi|377	28979	29645	R=208	-	29454	176	475
gi|76	37819	38360	R=208	+	37869	50	476
gi|7	26611	27275	R=208	+	26786	175	474
gi|899	22868	22983	R=209	+	22955	87	13
gi|865	7480	7583	R=209	+	7565	85	3
gi|865	7474	7589	R=209	-	7487	87	13
gi|758	8295	8410	R=209	-	8308	87	13
gi|371	9756	9871	R=209	+	9843	87	13
gi|111	10935	11048	R=209	+	11020	85	13
gi|111	10939	11042	R=209	-	10942	85	3
gi|906	24526	24687	R=210	+	24568	42	104
gi|788	968	1130	R=210	-	1073	42	105
gi|704	14729	14847	R=210	-	14817	15	88
gi|704	14703	14865	R=210	+	14745	42	105
gi|213	3640	3801	R=210	-	3744	42	104
gi|181	20176	20294	R=210	-	20264	15	88
gi|181	20150	20312	R=210	+	20192	42	105
gi|178	7531	7692	R=210	-	7635	42	104
gi|76	29658	29776	R=210	-	29746	15	88
gi|76	29632	29794	R=210	+	29674	42	105
gi|41	2791	2953	R=210	-	2896	42	105
gi|41	2809	2927	R=210	+	2824	15	88
gi|685	15021	15176	R=211	-	15151	10	130
gi|607	20820	20984	R=211	-	20961	8	141
gi|572	33743	33907	R=211	-	33884	8	141
gi|459	3898	4064	R=211	-	4039	10	141
gi|197	35603	35769	R=211	-	35744	10	141
gi|170	1519	1687	R=211	+	1529	10	143
gi|902	17911	18020	R=212	-	17938	67	27
gi|902	16068	16177	R=212	+	16135	67	27
gi|719	15279	15481	R=212	-	15279	187	0
gi|719	14837	15264	R=212	+	15227	390	22
gi|673	5274	5701	R=212	-	5296	390	22
gi|673	4854	5259	R=212	+	5244	390	0
gi|272	19970	20374	R=212	-	19970	389	0
gi|272	19529	19955	R=212	+	19918	389	22
gi|914	27193	27591	R=213	-	27321	255	128
gi|694	3681	4106	R=213	+	3934	253	157
gi|691	24216	24641	R=213	-	24373	253	157
gi|562	339	580	R=213	+	437	98	128
gi|500	7317	7424	R=213	-	7397	12	80
gi|461	28463	28888	R=213	+	28716	253	157
gi|461	5726	6153	R=213	-	5883	255	157
gi|449	20867	21265	R=213	+	21122	255	128
gi|429	36305	36412	R=213	+	36317	12	80
gi|429	26329	26436	R=213	-	26409	12	80
gi|340	7386	7567	R=213	-	7540	12	154
gi|236	29057	29164	R=213	+	29069	12	80
gi|236	25666	25773	R=213	-	25746	12	80
gi|1036	25168	26996	R=214	-	26772	209	1604
gi|1036	25168	26996	R=214	+	25377	209	1604
gi|716	5272	5621	R=214	-	5470	136	198
gi|711	31097	32926	R=214	-	32702	209	1605
gi|711	31097	32926	R=214	+	31306	209	1605
gi|651	37809	39637	R=214	-	39413	209	1604
gi|651	37809	39637	R=214	+	38018	209	1604
gi|496	20255	22083	R=214	-	21859	209	1604
gi|496	20255	22083	R=214	+	20464	209	1604
gi|490	23513	25341	R=214	-	25117	209	1604
gi|490	23513	25341	R=214	+	23722	209	1604
gi|394	24176	24826	R=214	-	24602	209	426
gi|394	23795	24176	R=214	+	24004	209	157
gi|46	22114	23942	R=214	+	22323	209	1604
gi|1013	21537	21655	R=215	+	21605	68	35
gi|1013	21541	21655	R=215	-	21571	69	30
gi|604	20480	20590	R=215	+	20540	60	35
gi|596	7632	7746	R=215	+	7701	69	30
gi|596	7632	7750	R=215	-	7667	68	35
gi|555	29117	29237	R=215	+	29187	70	35
gi|555	29117	29237	R=215	-	29152	70	35
gi|422	32539	32659	R=215	+	32609	70	35
gi|422	32539	32659	R=215	-	32574	70	35
gi|154	36296	36413	R=215	+	36363	67	35
gi|154	36300	36413	R=215	-	36329	69	29
gi|923	3425	3928	R=216	+	3913	488	0
gi|728	38489	38991	R=216	-	38489	487	0
gi|722	2670	3172	R=216	-	2670	487	0
gi|649	30386	30892	R=216	+	30877	491	0
gi|644	4099	4347	R=216	+	4332	233	0
gi|517	25502	26005	R=216	-	25502	488	0
gi|478	24057	24560	R=216	+	24545	488	0
gi|353	31624	32127	R=216	+	32112	488	0
gi|277	26927	27433	R=216	+	27418	491	0
gi|255	36299	36802	R=216	-	36299	488	0
gi|231	30913	31372	R=216	-	30913	444	0
gi|35	1160	1663	R=216	+	1648	488	0
gi|946	11772	13199	R=217	+	12636	864	548
gi|946	11772	13199	R=217	-	12321	863	549
gi|524	32500	33930	R=217	+	33366	866	549
gi|524	32500	33930	R=217	-	33049	866	549
gi|296	431	1857	R=217	+	1295	864	547
gi|296	431	1857	R=217	-	980	862	549
gi|261	22381	23811	R=217	+	23247	866	549
gi|261	22381	23811	R=217	-	22930	866	549
gi|241	12878	14187	R=217	+	13621	743	551
gi|241	12878	14187	R=217	-	13304	868	426
gi|131	1703	3129	R=217	+	2565	862	549
gi|131	1703	3129	R=217	-	2250	864	547
gi|1043	20083	20206	R=218	-	20084	107	1
gi|789	524	772	R=218	+	756	232	1
gi|754	9945	10281	R=218	+	10265	320	1
gi|696	19365	19701	R=218	-	19366	320	1
gi|576	21740	22076	R=218	-	21741	320	1
gi|304	16426	16762	R=218	-	16427	320	1
gi|161	11556	11892	R=218	-	11557	320	1
gi|67	18786	19122	R=218	+	19106	320	1
gi|1046	25886	26108	R=219	-	25886	207	0
gi|1013	21084	21303	R=219	-	21084	204	0
gi|941	28081	28256	R=219	+	28241	160	0
gi|895	35	323	R=219	-	35	273	0
gi|825	5848	6136	R=219	-	5848	273	0
gi|759	8500	8716	R=219	+	8701	201	0
gi|596	7984	8203	R=219	+	8188	204	0
gi|279	34831	35120	R=219	+	35105	274	0
gi|242	14930	15125	R=219	-	14930	180	0
gi|181	27410	27698	R=219	-	27410	273	0
gi|161	7716	8004	R=219	-	7716	273	0
gi|124	28163	28451	R=219	-	28163	273	0
gi|1028	11798	13331	R=220	-	12586	730	788
gi|723	11471	12469	R=220	+	11662	191	792
gi|677	39034	39999	R=220	+	39678	644	306
gi|677	10952	12483	R=220	-	11740	728	788
gi|523	3335	4043	R=220	+	3526	191	502
gi|333	15594	17123	R=220	-	16382	726	788
gi|257	23097	23513	R=220	-	23355	143	258
gi|231	37161	38155	R=220	-	37949	191	788
gi|25	7312	8728	R=220	+	8042	730	671
gi|1015	34	163	R=221	+	101	67	47
gi|871	3709	3825	R=221	-	3756	54	47
gi|837	36288	36416	R=221	+	36354	66	47
gi|786	677	805	R=221	+	745	68	45
gi|753	17842	17974	R=221	+	17912	70	47
gi|645	32149	32281	R=221	-	32196	70	47
gi|461	4528	4644	R=221	+	4582	54	47
gi|430	39356	39472	R=221	+	39410	54	47
gi|421	18889	19021	R=221	-	18936	70	47
gi|382	26056	26188	R=221	-	26103	70	47
gi|237	31392	31523	R=221	+	31461	69	47
gi|237	1751	1867	R=221	-	1798	54	47
gi|223	1317	1426	R=221	+	1382	65	29
gi|208	24526	24658	R=221	+	24596	70	47
gi|67	17915	18046	R=221	+	17984	69	47
gi|17	35877	35993	R=221	+	35931	54	47
gi|903	30852	38437	R=222	+	31429	577	6993
gi|657	14816	22399	R=222	-	21809	575	6993
gi|657	109	878	R=222	+	686	577	177
gi|468	1388	2155	R=222	-	1565	575	177
gi|431	33041	39038	R=222	-	38448	575	5407
gi|431	32271	33040	R=222	-	32448	577	177
gi|431	23757	31342	R=222	+	24334	577	6993
gi|34	25775	33360	R=222	-	32768	577	6993
gi|34	24077	24846	R=222	+	24654	577	177
gi|578	38100	38962	R=223	-	38149	798	49
gi|514	31015	31429	R=223	+	31365	350	49
gi|514	27582	28400	R=223	-	27626	759	44
gi|500	28034	28898	R=223	+	28834	800	49
gi|500	25162	26022	R=223	-	25207	800	45
gi|490	13541	14354	R=223	+	14295	754	44
gi|490	10461	11279	R=223	-	10510	754	49
gi|479	1148	1287	R=223	-	1197	75	49
gi|333	1120	1977	R=223	+	1918	798	44
gi|227	38649	39514	R=223	-	38698	801	49
gi|204	39715	39959	R=223	+	39932	217	12
gi|1004	19815	20020	R=224	+	19834	19	171
gi|917	58	265	R=224	-	225	25	167
gi|907	2	185	R=224	-	65	105	63
gi|826	2	142	R=224	-	24	103	22
gi|785	11	158	R=224	+	94	83	49
gi|762	3	208	R=224	+	30	27	163
gi|372	3	156	R=224	-	51	90	48
gi|371	29805	29972	R=224	+	29831	26	126
gi|361	39772	40063	R=224	+	39876	104	172
gi|247	0	135	R=224	+	104	104	16
gi|111	29613	29773	R=224	+	29716	103	42
gi|106	31712	31832	R=224	+	31817	105	0
gi|73	17	224	R=224	-	186	23	169
gi|33	129	330	R=224	+	143	14	172
gi|1002	34653	35089	R=225	-	34654	420	1
gi|988	31772	31920	R=225	-	31773	132	1
gi|913	1345	1959	R=225	-	1346	598	1
gi|715	15266	15390	R=225	+	15374	108	1
gi|662	9913	10022	R=225	-	9914	93	1
gi|611	23504	23652	R=225	-	23505	132	1
gi|507	7246	7397	R=225	+	7381	135	1
gi|416	25932	26547	R=225	+	26531	599	1
gi|401	15796	16411	R=225	-	15797	599	1
gi|334	4056	4670	R=225	+	4654	598	1
gi|189	3853	4468	R=225	+	4452	599	1
gi|129	27118	27241	R=225	-	27119	107	1
gi|50	16797	16906	R=225	+	16890	93	1
gi|35	35169	35299	R=225	+	35283	114	1
gi|944	4525	4903	R=226	+	4614	89	274
gi|885	33916	34287	R=226	-	34190	82	274
gi|715	28385	28758	R=226	+	28469	84	274
gi|530	34456	34829	R=226	-	34730	84	274
gi|449	37833	37986	R=226	-	37887	84	54
gi|445	30370	30742	R=226	-	30644	83	274
gi|388	5220	5590	R=226	-	5491	84	271
gi|305	28817	29190	R=226	+	28901	84	274
gi|224	11234	11607	R=226	-	11508	84	274
gi|189	32477	32849	R=226	-	32751	83	274
gi|180	9453	9606	R=226	-	9507	84	54
gi|153	39595	39968	R=226	+	39679	84	274
gi|145	1913	2160	R=226	+	1996	83	149
gi|25	16406	16779	R=226	+	16490	84	274
gi|7	16117	16364	R=226	+	16200	83	149
gi|813	15616	16927	R=227	+	16077	461	835
gi|778	20951	22267	R=227	+	21412	461	840
gi|514	35636	36103	R=227	-	36005	83	369
gi|356	18922	19613	R=227	-	19137	461	215
gi|342	32380	32893	R=227	-	32417	461	37
gi|342	11072	12386	R=227	-	11911	460	839
gi|323	24210	24574	R=227	+	24422	212	137
gi|223	12316	13007	R=227	+	12777	461	215
gi|210	217	1461	R=227	+	606	389	840
gi|77	18364	19680	R=227	+	18825	461	840
gi|1042	33272	33609	R=228	+	33412	140	182
gi|1035	30574	31733	R=228	+	30721	147	997
gi|979	24439	24850	R=228	-	24695	140	256
gi|694	4254	4432	R=228	-	4270	147	16
gi|622	25996	27155	R=228	-	26993	147	997
gi|622	7979	8759	R=228	+	8120	141	624
gi|610	15617	16044	R=228	+	15764	147	265
gi|569	16396	16632	R=228	-	16476	141	80
gi|535	26941	28094	R=228	-	27938	141	997
gi|535	6454	7035	R=228	+	6601	147	419
gi|81	2326	3484	R=228	-	3322	147	996
gi|43	28888	29296	R=228	-	29141	140	253
gi|43	4582	5009	R=228	+	4729	147	265
gi|801	38733	39010	R=229	-	38821	174	88
gi|778	28589	28868	R=229	-	28679	174	90
gi|778	9177	9456	R=229	-	9267	174	90
gi|778	2144	2310	R=229	-	2144	151	0
gi|669	39635	39799	R=229	+	39696	61	88
gi|528	31092	31225	R=229	-	31182	28	90
gi|528	26827	27082	R=229	-	26917	150	90
gi|528	20635	20905	R=229	-	20716	174	81
gi|528	13150	13426	R=229	-	13240	171	90
gi|293	2727	3006	R=229	-	2817	174	90
gi|210	21635	21847	R=229	+	21746	111	86
gi|38	32430	32594	R=229	+	32491	61	88
gi|1042	36013	36468	R=230	+	36318	305	135
gi|903	15095	15547	R=230	-	15227	305	132
gi|855	25907	26218	R=230	-	25925	278	18
gi|822	32649	33659	R=230	-	33340	304	691
gi|822	20625	21147	R=230	-	20828	304	203
gi|788	2146	3156	R=230	+	2449	303	692
gi|561	36328	37219	R=230	+	36630	302	574
gi|545	27761	28771	R=230	+	28064	303	692
gi|521	16267	16673	R=230	+	16376	109	282
gi|466	6223	6678	R=230	+	6528	305	135
gi|408	31453	31810	R=230	-	31490	305	37
gi|366	35509	36524	R=230	+	35813	304	696
gi|165	26439	26893	R=230	-	26574	304	135
gi|16	2009	2296	R=230	+	2064	55	217
gi|976	4935	5121	R=231	+	5077	142	29
gi|956	10881	11005	R=231	+	10934	53	56
gi|881	12393	13601	R=231	-	13105	481	712
gi|825	6505	7026	R=231	+	6982	477	29
gi|800	23961	24883	R=231	-	24488	380	527
gi|681	14341	15177	R=231	+	14818	477	344
gi|566	36457	36643	R=231	+	36599	142	29
gi|489	34715	35918	R=231	+	35193	478	710
gi|388	38169	38597	R=231	-	38199	383	30
gi|242	15566	16772	R=231	+	16043	477	714
gi|181	28067	29273	R=231	+	28544	477	714
gi|945	6529	6893	R=232	-	6587	291	58
gi|923	6365	7734	R=232	+	6488	123	1231
gi|922	2155	3237	R=232	-	2912	310	757
gi|871	37889	38280	R=232	+	38012	123	253
gi|840	843	2408	R=232	-	2077	316	1234
gi|740	27040	28604	R=232	-	28274	315	1234
gi|721	30262	30715	R=232	+	30572	310	128
gi|696	25325	26890	R=232	+	25641	316	1234
gi|688	9555	10673	R=232	+	9678	123	980
gi|670	39017	40000	R=232	+	39333	316	652
gi|579	23300	24218	R=232	+	23423	123	780
gi|446	1191	1867	R=232	+	1507	316	345
gi|365	28170	29021	R=232	+	28486	316	520
gi|308	9482	10032	R=232	+	9605	123	412
gi|48	9708	10399	R=232	+	9724	16	660
gi|994	15307	23478	R=233	+	23063	7756	400
gi|972	5210	13855	R=233	+	12963	7753	877
gi|815	18261	26358	R=233	+	25466	7205	877
gi|815	1512	1718	R=233	+	1627	115	76
gi|663	32082	32288	R=233	-	32158	115	76
gi|663	7631	15104	R=233	-	8312	6777	681
gi|656	6617	15065	R=233	-	7300	7750	683
gi|647	23874	26405	R=233	+	25518	1644	872
gi|647	1557	1763	R=233	+	1672	115	76
gi|536	13656	13862	R=233	-	13732	115	76
gi|336	35740	35946	R=233	+	35855	115	76
gi|186	2678	2884	R=233	+	2793	115	76
gi|137	14845	23486	R=233	+	22596	7751	875
gi|882	23982	24306	R=234	+	24064	82	227
gi|882	7166	7329	R=234	-	7232	82	66
gi|855	1653	1985	R=234	-	1886	84	233
gi|838	5414	5744	R=234	-	5647	82	233
gi|684	27740	28066	R=234	+	27824	84	227
gi|670	9136	9445	R=234	+	9220	84	210
gi|562	16312	16638	R=234	+	16396	84	227
gi|490	21995	22327	R=234	-	22228	84	233
gi|476	156	487	R=234	+	239	83	233
gi|298	10808	11134	R=234	-	11041	78	233
gi|298	9516	9639	R=234	+	9588	72	36
gi|224	14339	14670	R=234	-	14571	84	232
gi|60	3293	3450	R=234	-	3359	76	66
gi|9	13372	13536	R=234	+	13455	83	66
gi|871	39561	39919	R=235	+	39580	19	324
gi|560	28013	28358	R=235	+	28032	19	311
gi|508	19196	19554	R=235	+	19215	19	324
gi|418	26921	27148	R=235	+	26940	19	193
gi|263	11374	11733	R=235	-	11699	19	325
gi|79	24515	24874	R=235	+	24534	19	325
gi|1035	4197	4334	R=236	-	4258	61	61
gi|1028	39011	39131	R=236	+	39062	51	54
gi|1028	13960	14097	R=236	-	14021	61	61
gi|982	26955	27075	R=236	-	27009	51	54
gi|943	19553	19690	R=236	+	19614	61	61
gi|755	37945	38070	R=236	-	37999	56	54
gi|685	2596	2734	R=236	+	2658	62	61
gi|670	3998	4136	R=236	+	4060	62	61
gi|549	14299	14419	R=236	-	14353	51	54
gi|350	11249	11386	R=236	+	11310	61	61
gi|293	4561	4681	R=236	-	4615	51	54
gi|265	31269	31407	R=236	+	31331	62	61
gi|265	20348	20473	R=236	-	20402	56	54
gi|123	24860	24985	R=236	-	24914	56	54
gi|78	31378	31515	R=236	+	31439	61	61
gi|1007	33564	33840	R=237	+	33757	193	68
gi|990	6934	7210	R=237	+	7127	193	68
gi|950	21645	21859	R=237	-	21713	131	68
gi|928	3381	3595	R=237	-	3449	131	68
gi|909	17066	17342	R=237	-	17134	193	68
gi|696	7869	8148	R=237	+	8065	196	68
gi|546	27350	27629	R=237	-	27418	196	68
gi|378	15353	15632	R=237	+	15549	196	68
gi|372	17007	17286	R=237	+	17203	196	68
gi|358	28619	28898	R=237	-	28687	196	68
gi|325	11977	12253	R=237	-	12045	193	68
gi|253	11024	11300	R=237	+	11217	193	68
gi|161	34101	34380	R=237	-	34169	196	68
gi|11	6558	6772	R=237	+	6689	131	68
gi|940	37874	38850	R=238	-	38609	226	735
gi|940	37874	38850	R=238	+	38100	226	735
gi|921	39514	40173	R=238	+	39740	226	418
gi|748	29915	30891	R=238	-	30650	226	735
gi|748	29915	30891	R=238	+	30141	226	735
gi|628	16243	16653	R=238	+	16469	226	169
gi|488	4185	5161	R=238	-	4920	226	735
gi|488	4185	5161	R=238	+	4411	226	735
gi|210	24116	25089	R=238	-	24849	225	733
gi|183	36984	37963	R=238	-	37721	227	737
gi|183	36984	37963	R=238	+	37212	228	736
gi|88	31693	32454	R=238	-	32428	11	735
gi|88	31693	32454	R=238	+	31919	226	520
gi|45	36775	37103	R=238	-	36862	226	87
gi|45	34352	35001	R=238	+	34576	224	410
gi|788	347	545	R=239	-	495	35	148
gi|655	35295	35426	R=239	-	35377	34	82
gi|622	36892	37091	R=239	-	37040	36	148
gi|550	26257	26457	R=239	-	26407	35	150
gi|550	25457	25657	R=239	+	25493	36	149
gi|545	39620	39781	R=239	+	39656	36	110
gi|514	4358	4559	R=239	-	4508	36	150
gi|329	3594	3794	R=239	-	3743	36	149
gi|329	2793	2994	R=239	+	2829	36	150
gi|102	12578	12777	R=239	-	12726	36	148
gi|102	12003	12116	R=239	+	12038	35	63
gi|65	33684	33883	R=239	-	33833	35	149
gi|65	21679	21880	R=239	+	21715	36	150
gi|65	21091	21288	R=239	-	21241	32	150
gi|65	15915	16110	R=239	+	15946	31	149
gi|970	5833	5971	R=240	+	5951	118	5
gi|814	3669	4099	R=240	-	3846	238	177
gi|814	3216	3496	R=240	+	3454	238	27
gi|791	1297	1999	R=240	-	1746	238	449
gi|791	1297	1999	R=240	+	1535	238	449
gi|537	35406	36108	R=240	-	35855	238	449
gi|537	35406	36108	R=240	+	35644	238	449
gi|393	12926	13628	R=240	-	13375	238	449
gi|393	12926	13628	R=240	+	13164	238	449
gi|168	25840	26538	R=240	-	26289	234	449
gi|168	25840	26538	R=240	+	26078	238	445
gi|35	29371	30073	R=240	-	29820	238	449
gi|35	29371	30073	R=240	+	29609	238	449
gi|1016	32054	33459	R=241	+	33147	1093	297
gi|962	28774	30057	R=241	-	29069	973	295
gi|939	13666	14320	R=241	-	13962	343	296
gi|648	35207	36614	R=241	+	36307	1100	292
gi|610	36414	37416	R=241	-	36704	697	290
gi|377	35983	36843	R=241	-	36278	550	295
gi|145	23919	24414	R=241	+	24146	227	253
gi|145	18503	19461	R=241	+	19156	653	290
gi|76	38489	39849	R=241	+	39581	1092	253
gi|7	36489	37445	R=241	+	37140	651	290
gi|7	27400	28806	R=241	+	28495	1095	296
gi|1032	5852	6238	R=242	-	6001	222	149
gi|839	14364	14750	R=242	+	14586	222	149
gi|758	39960	40078	R=242	-	40037	26	77
gi|379	3647	3955	R=242	-	3793	147	146
gi|241	5249	5640	R=242	+	5476	227	149
gi|112	30643	31029	R=242	+	30865	222	149
gi|3	13764	14150	R=242	+	13986	222	149
gi|864	517	1415	R=243	+	1142	625	258
gi|669	8195	10041	R=243	+	8819	624	1207
gi|376	34962	36354	R=243	+	35268	306	1071
gi|376	28087	28345	R=243	+	28107	20	223
gi|376	27562	27672	R=243	+	27582	20	75
gi|207	21214	23064	R=243	+	21839	625	1210
gi|207	14454	14928	R=243	+	14474	20	439
gi|195	28120	29653	R=243	+	28427	307	1211
gi|195	11726	13556	R=243	+	12331	605	1210
gi|38	33298	34822	R=243	+	33923	625	884
gi|38	20729	20829	R=243	+	20749	20	65
gi|1011	25773	25961	R=244	+	25913	140	33
gi|920	33384	33505	R=244	+	33452	68	38
gi|804	16231	16624	R=244	+	16487	256	122
gi|786	13502	13691	R=244	-	13624	52	122
gi|707	19336	19524	R=244	+	19388	52	121
gi|703	30392	30842	R=244	+	30706	314	121
gi|612	23144	23538	R=244	+	23401	257	122
gi|598	273	723	R=244	-	394	314	121
gi|465	39420	39870	R=244	+	39734	314	121
gi|307	24974	25090	R=244	-	25007	68	33
gi|307	19057	19288	R=244	+	19153	96	120
gi|294	35941	36144	R=244	-	36061	68	120
gi|127	27081	27531	R=244	-	27202	314	121
gi|72	32053	32366	R=244	+	32229	176	122
gi|820	17137	18887	R=245	+	18209	1072	663
gi|754	13319	15252	R=245	+	14390	1071	847
gi|301	20613	21648	R=245	+	20993	380	640
gi|231	35729	37160	R=245	+	36797	1068	348
gi|231	8973	10402	R=245	+	9540	567	847
gi|122	30902	32312	R=245	+	31973	1071	324
gi|122	16010	17064	R=245	+	16202	192	847
gi|13	1	1552	R=245	+	690	689	847
gi|864	28446	28809	R=246	+	28503	57	291
gi|669	27834	28967	R=246	-	28800	152	966
gi|662	20182	20336	R=246	-	20276	45	94
gi|650	2659	4041	R=246	+	3062	403	964
gi|648	28968	29190	R=246	-	29130	45	162
gi|590	39118	40130	R=246	+	39521	403	594
gi|541	8053	8266	R=246	+	8090	37	161
gi|288	19109	20492	R=246	-	20074	403	965
gi|210	10492	11875	R=246	-	11457	403	965
gi|819	27210	27897	R=247	+	27687	477	195
gi|819	26466	27153	R=247	-	26661	477	195
gi|755	22389	23076	R=247	+	22866	477	195
gi|755	21645	22332	R=247	-	21840	477	195
gi|362	39469	40013	R=247	+	39805	336	193
gi|362	38886	39445	R=247	-	39081	349	195
gi|169	27141	27833	R=247	+	27623	482	195
gi|131	10221	10503	R=247	-	10314	174	93
gi|937	12510	13008	R=248	-	12606	387	96
gi|937	11831	12331	R=248	+	12216	385	100
gi|841	36765	37263	R=248	-	36861	387	96
gi|841	36084	36586	R=248	+	36471	387	100
gi|703	475	648	R=248	-	558	75	83
gi|678	35672	36172	R=248	-	35772	385	100
gi|678	34997	35493	R=248	+	35382	385	96
gi|651	37340	37611	R=248	-	37436	160	96
gi|651	37177	37305	R=248	+	37207	30	83
gi|538	17180	17509	R=248	-	17280	214	100
gi|538	16679	16993	R=248	+	16892	213	86
gi|405	31514	31649	R=248	-	31612	22	98
gi|109	27015	27157	R=248	-	27062	80	47
gi|38	39736	40001	R=248	-	39836	150	100
gi|38	39059	39557	R=248	+	39446	387	96
gi|1013	10039	10246	R=249	-	10227	4	188
gi|991	17826	18171	R=249	-	18152	4	326
gi|667	35244	35980	R=249	-	35961	4	717
gi|666	12427	13164	R=249	+	12431	4	718
gi|596	31162	31369	R=249	+	31166	4	188
gi|563	18397	19133	R=249	+	18401	4	717
gi|342	24491	25228	R=249	+	24495	4	718
gi|224	10991	11092	R=249	-	11073	4	82
gi|181	14942	15453	R=249	-	15434	4	492
gi|181	12248	12980	R=249	+	12252	4	713
gi|8	4699	5434	R=249	+	4703	4	716
gi|796	3838	4073	R=250	-	4010	48	172
gi|796	3352	3656	R=250	+	3400	48	241
gi|722	31486	31597	R=250	-	31534	48	48
gi|438	18115	18365	R=250	+	18163	48	187
gi|394	23342	23647	R=250	+	23390	48	242
gi|369	21910	22214	R=250	-	22151	48	241
gi|369	21487	21724	R=250	+	21537	50	172
gi|132	36517	36821	R=250	-	36758	48	241
gi|132	36125	36335	R=250	+	36148	23	172
gi|1024	22853	23027	R=251	+	23012	159	0
gi|1024	22113	22290	R=251	-	22113	162	0
gi|753	12561	12735	R=251	+	12720	159	0
gi|753	11821	11998	R=251	-	11821	162	0
gi|303	27188	27365	R=251	+	27350	162	0
gi|303	26451	26625	R=251	-	26451	159	0
gi|250	19148	19325	R=251	+	19310	162	0
gi|250	18412	18586	R=251	-	18412	159	0
gi|210	25195	25369	R=251	+	25354	159	0
gi|210	23485	23662	R=251	-	23485	162	0
gi|134	37599	37776	R=251	+	37761	162	0
gi|1025	37947	38155	R=252	+	38094	147	46
gi|967	11029	11317	R=252	+	11176	147	126
gi|906	22301	22588	R=252	-	22427	146	126
gi|879	26804	27091	R=252	-	26930	146	126
gi|831	3744	4032	R=252	+	3891	147	126
gi|757	29049	29336	R=252	-	29175	146	126
gi|755	35803	36090	R=252	+	35949	146	126
gi|651	17585	17867	R=252	+	17732	147	120
gi|615	3831	4118	R=252	-	3957	146	126
gi|522	14203	14491	R=252	-	14329	147	126
gi|518	8466	8626	R=252	-	8553	58	87
gi|424	33783	34015	R=252	+	33874	91	126
gi|134	23511	23798	R=252	-	23637	146	126
gi|106	277	565	R=252	+	424	147	126
gi|944	3570	3786	R=253	-	3714	57	144
gi|839	24695	24952	R=253	-	24732	205	37
gi|801	38384	38951	R=253	-	38507	429	123
gi|570	9439	9764	R=253	+	9604	165	145
gi|528	30740	31225	R=253	-	30877	333	137
gi|376	33099	33303	R=253	+	33155	56	133
gi|376	25521	26098	R=253	+	25942	421	141
gi|210	21917	22223	R=253	+	22066	149	142
gi|210	2665	3245	R=253	+	3088	423	142
gi|207	39201	39507	R=253	+	39350	149	142
gi|207	12409	12987	R=253	+	12830	421	142
gi|195	10914	11220	R=253	+	11063	149	142
gi|195	10098	10302	R=253	+	10154	56	133
gi|38	25837	26041	R=253	+	25893	56	133
gi|38	20190	20649	R=253	+	20519	329	115
gi|941	27093	27419	R=254	+	27375	282	29
gi|941	25686	26012	R=254	-	25715	282	29
gi|868	8131	8449	R=254	-	8152	282	21
gi|650	18405	18731	R=254	+	18687	282	29
gi|645	19437	19763	R=254	+	19719	282	29
gi|339	10221	10371	R=254	+	10327	106	29
gi|250	19762	20088	R=254	+	20044	282	29
gi|246	1	323	R=254	-	26	282	25
gi|153	38621	38948	R=254	-	38650	283	29
gi|141	26444	26770	R=254	-	26473	282	29
gi|141	14689	15005	R=254	-	14708	282	19
gi|109	29951	30106	R=254	+	30062	111	29
gi|25	5452	5778	R=254	+	5734	282	29
gi|789	3656	4086	R=255	-	4051	20	395
gi|690	5891	6208	R=255	-	6173	20	282
gi|540	19059	19178	R=255	-	19143	20	84
gi|417	20497	20616	R=255	-	20581	20	84
gi|343	18	137	R=255	+	38	20	84
gi|325	30985	31415	R=255	-	31380	20	395
gi|321	102	525	R=255	-	497	13	395
gi|292	3209	3628	R=255	-	3600	13	391
gi|864	12262	12756	R=256	+	12336	74	405
gi|669	31717	32204	R=256	+	31785	68	404
gi|376	37484	37796	R=256	+	37552	68	229
gi|210	29090	29402	R=256	+	29160	70	227
gi|207	24058	24364	R=256	+	24126	68	223
gi|195	14550	15037	R=256	+	14618	68	404
gi|38	35372	35865	R=256	+	35446	74	404
gi|38	2930	3416	R=256	+	2998	68	403
gi|954	10502	10778	R=257	+	10697	195	66
gi|820	30832	31434	R=257	+	31206	374	213
gi|820	14807	15989	R=257	+	15290	483	684
gi|754	35884	37064	R=257	+	36367	483	682
gi|754	11731	12913	R=257	+	12213	482	685
gi|682	14722	15264	R=257	+	15095	373	154
gi|666	39302	40142	R=257	+	39785	483	342
gi|664	1091	1670	R=257	+	1574	483	81
gi|389	38513	38717	R=257	+	38625	112	77
gi|301	36917	37978	R=257	+	37291	374	672
gi|301	17044	18105	R=257	+	17418	374	672
gi|122	28154	29337	R=257	+	28637	483	685
gi|122	11890	12941	R=257	+	12263	373	663
gi|854	2324	2444	R=258	-	2392	37	68
gi|839	33661	33781	R=258	-	33729	37	68
gi|809	3435	3904	R=258	+	3458	23	431
gi|771	10010	10229	R=258	+	10033	23	181
gi|676	31291	31760	R=258	-	31722	23	431
gi|350	20050	20530	R=258	+	20087	37	428
gi|246	35436	35748	R=258	-	35696	37	260
gi|241	16664	16857	R=258	+	16687	23	155
gi|226	34272	34741	R=258	+	34295	23	431
gi|159	33054	33174	R=258	+	33091	37	68
gi|91	13366	13486	R=258	-	13434	37	68
gi|22	1489	1609	R=258	+	1526	37	68
gi|965	37695	37833	R=259	+	37703	8	115
gi|937	35901	36029	R=259	-	36006	8	105
gi|866	38657	40000	R=259	+	38665	8	1320
gi|703	25372	26718	R=259	+	25380	8	1323
gi|601	34913	36255	R=259	-	36232	8	1319
gi|580	31581	32926	R=259	+	31589	8	1322
gi|290	1	1122	R=259	-	1099	8	1098
gi|8	16862	18180	R=259	-	18157	8	1295
gi|988	13019	14092	R=260	-	13183	894	164
gi|950	6033	7106	R=260	+	6927	894	164
gi|839	14130	14322	R=260	+	14143	13	164
gi|748	5481	6392	R=260	-	5483	894	2
gi|705	5823	6279	R=260	+	6100	277	164
gi|580	34990	36061	R=260	+	35882	892	164
gi|492	9003	10076	R=260	+	9897	894	164
gi|388	22817	23087	R=260	-	22981	91	164
gi|213	19840	20359	R=260	+	20243	403	101
gi|153	22246	23319	R=260	+	23140	894	164
gi|937	32399	33549	R=261	+	32489	90	1045
gi|831	23197	24163	R=261	+	23424	227	724
gi|678	1	1201	R=261	-	786	400	785
gi|593	6150	6992	R=261	+	6552	402	425
gi|527	21159	22281	R=261	+	21221	62	1045
gi|269	37980	39442	R=261	+	38382	402	1045
gi|261	31592	32433	R=261	+	31993	401	425
gi|147	53	529	R=261	-	110	404	57
gi|96	26780	28242	R=261	+	27182	402	1045
gi|1016	4580	6029	R=262	+	5027	447	987
gi|962	27321	27912	R=262	-	27759	138	438
gi|939	12615	12801	R=262	-	12648	138	33
gi|145	33994	34656	R=262	+	34482	488	159
gi|145	33232	33407	R=262	+	33376	144	16
gi|145	25090	25694	R=262	+	25488	398	191
gi|145	11345	13255	R=262	+	12372	1027	868
gi|145	9022	9197	R=262	+	9166	144	16
gi|145	-2	1917	R=262	+	913	915	989
gi|76	25881	27896	R=262	+	26909	1028	972
gi|7	28822	30855	R=262	+	29855	1033	985
gi|7	14087	16122	R=262	+	15120	1033	987
gi|893	36621	37589	R=263	+	37247	626	327
gi|893	13190	14830	R=263	+	14488	1298	327
gi|584	31134	32779	R=263	+	32437	1303	327
gi|584	6050	7007	R=263	+	6665	615	327
gi|554	34109	35754	R=263	+	35413	1304	326
gi|554	7061	8004	R=263	+	7673	612	316
gi|299	31118	32074	R=263	+	31743	625	316
gi|299	16976	17943	R=263	+	17604	628	324
gi|299	5206	6090	R=263	+	5751	545	324
gi|90	31088	32709	R=263	+	32378	1290	316
gi|90	14365	15994	R=263	+	15663	1298	316
gi|1039	28487	28720	R=264	+	28487	0	218
gi|911	3478	5344	R=264	+	5113	1635	216
gi|845	7967	9832	R=264	+	9600	1633	217
gi|733	10219	12087	R=264	+	11854	1635	218
gi|425	687	918	R=264	+	687	0	216
gi|411	20298	20530	R=264	-	20515	0	217
gi|383	16424	18290	R=264	+	18059	1635	216
gi|365	17093	17357	R=264	+	17126	33	216
gi|304	22838	24115	R=264	+	23882	1044	218
gi|246	32372	34158	R=264	-	32590	1553	218
gi|208	18528	18795	R=264	+	18563	35	217
gi|171	9341	9568	R=264	+	9341	0	212
gi|77	33616	34509	R=264	-	33832	662	216
gi|25	3079	3345	R=264	+	3114	35	216
gi|893	32737	33593	R=265	+	32887	150	691
gi|874	17708	19382	R=265	+	19308	1600	59
gi|737	2879	4358	R=265	+	3826	947	517
gi|584	25796	28099	R=265	+	27394	1598	690
gi|554	16199	17858	R=265	+	17147	948	696
gi|500	-20	856	R=265	+	355	375	486
gi|299	26401	28163	R=265	+	27457	1056	691
gi|90	22514	24225	R=265	+	24116	1602	94
gi|90	10001	11834	R=265	+	11607	1606	212
gi|838	17461	17747	R=266	+	17715	254	17
gi|547	7100	7430	R=266	-	7117	298	17
gi|394	16251	16581	R=266	-	16268	298	17
gi|392	27752	28063	R=266	+	28031	279	17
gi|280	6290	6620	R=266	-	6307	298	17
gi|214	6013	6343	R=266	+	6311	298	17
gi|1042	10747	11662	R=267	-	11046	601	299
gi|1006	2966	3885	R=267	-	3273	597	307
gi|639	1336	2255	R=267	-	1643	597	307
gi|604	20984	21908	R=267	+	21588	604	305
gi|555	27799	28723	R=267	-	28104	604	305
gi|516	13582	13960	R=267	-	13886	59	304
gi|422	33053	33977	R=267	+	33657	604	305
gi|329	116	1038	R=267	+	719	603	304
gi|304	5091	5614	R=267	+	5295	204	304
gi|278	8338	8923	R=267	-	8641	267	303
gi|246	34851	35439	R=267	+	35118	267	306
gi|170	34693	35613	R=267	-	34997	601	304
gi|81	24242	24802	R=267	+	24488	246	299
gi|81	18554	19470	R=267	+	19154	600	301
gi|1030	31922	32897	R=268	-	32345	537	423
gi|965	10527	11697	R=268	+	11183	656	499
gi|944	16494	17155	R=268	-	16571	569	77
gi|937	20861	22031	R=268	-	21360	656	499
gi|845	9832	10608	R=268	+	10094	262	499
gi|757	24703	25552	R=268	-	25078	459	375
gi|755	24474	25557	R=268	-	24973	569	499
gi|684	34707	35820	R=268	-	35206	599	499
gi|666	19742	20911	R=268	-	20241	655	499
gi|618	23803	24973	R=268	-	24302	656	499
gi|478	24684	25451	R=268	-	25183	253	499
gi|298	3097	4150	R=268	-	3596	539	499
gi|269	31893	32593	R=268	+	32079	186	499
gi|167	-3	844	R=268	+	330	333	499
gi|151	1830	2739	R=268	+	2290	460	434
gi|885	3345	4326	R=269	+	3349	4	962
gi|759	24390	25372	R=269	-	25353	4	963
gi|593	3449	3930	R=269	-	3911	4	462
gi|495	1865	2030	R=269	-	2013	2	148
gi|493	26562	27017	R=269	+	26566	4	436
gi|303	36579	36946	R=269	+	36579	0	352
gi|219	16952	17924	R=269	+	16952	0	957
gi|15	3217	4194	R=269	+	3219	2	960
gi|676	30890	31385	R=270	-	30954	416	64
gi|676	27974	28466	R=270	+	28387	413	64
gi|670	27671	27956	R=270	-	27735	206	64
gi|649	7563	7848	R=270	-	7627	206	64
gi|489	34286	34468	R=270	+	34389	103	64
gi|426	28276	28458	R=270	-	28340	103	64
gi|387	26497	26989	R=270	-	26561	413	64
gi|334	11584	11765	R=270	+	11687	103	63
gi|305	14187	14369	R=270	+	14290	103	64
gi|299	4204	4694	R=270	+	4615	411	64
gi|255	29345	29526	R=270	-	29408	103	63
gi|159	33875	34062	R=270	+	33983	108	64
gi|91	38166	38347	R=270	-	38229	103	63
gi|22	2006	2500	R=270	+	2422	416	63
gi|793	4860	4976	R=271	-	4904	57	44
gi|793	4011	4128	R=271	+	4069	58	44
gi|685	8438	8548	R=271	+	8489	51	44
gi|497	24180	24282	R=271	+	24236	56	31
gi|416	10220	10322	R=271	-	10251	56	31
gi|405	15352	15462	R=271	-	15396	51	44
gi|405	14505	14621	R=271	+	14562	57	44
gi|203	15443	15545	R=271	+	15499	56	31
gi|5	25198	25314	R=271	-	25242	57	44
gi|5	24357	24467	R=271	+	24408	51	44
gi|911	30573	32972	R=272	+	32155	1582	802
gi|864	27609	28074	R=272	+	27759	150	300
gi|703	26780	26992	R=272	-	26977	0	197
gi|601	34646	34856	R=272	+	34646	0	195
gi|580	32980	33200	R=272	-	33185	0	205
gi|492	5649	8049	R=272	+	7231	1582	803
gi|467	2977	4182	R=272	+	3867	890	300
gi|451	9745	12145	R=272	-	10548	1582	803
gi|363	26072	28473	R=272	-	26876	1582	804
gi|238	55	267	R=272	-	252	0	197
gi|192	39576	39794	R=272	+	39576	0	203
gi|140	20804	21960	R=272	-	21608	337	804
gi|8	13360	13570	R=272	+	13360	0	195
gi|839	17741	17961	R=273	-	17943	3	202
gi|789	16823	16966	R=273	+	16893	70	58
gi|778	35409	35752	R=273	-	35507	230	98
gi|669	38876	39584	R=273	+	39201	325	368
gi|570	6673	7093	R=273	+	6711	38	367
gi|438	34022	34710	R=273	+	34342	320	353
gi|376	24811	25522	R=273	+	25139	328	368
gi|210	20817	21263	R=273	+	21114	297	134
gi|207	11703	12262	R=273	+	12031	328	216
gi|195	23908	24615	R=273	+	24236	328	364
gi|38	31675	32380	R=273	+	32000	325	365
gi|38	19293	19805	R=273	+	19422	129	368
gi|3	19577	19714	R=273	+	19647	70	52
gi|3	9429	9564	R=273	+	9497	68	52
gi|1042	28007	29014	R=274	+	28465	458	534
gi|1042	12562	14551	R=274	+	13673	1111	863
gi|430	9888	11551	R=274	-	10906	630	1018
gi|430	4299	6447	R=274	-	5322	1110	1023
gi|204	36946	38415	R=274	+	37406	460	994
gi|204	30612	32754	R=274	+	31721	1109	1018
gi|204	18435	19763	R=274	+	18950	515	798
gi|204	4941	7081	R=274	+	6048	1107	1018
gi|1009	9958	10202	R=275	+	10154	196	33
gi|967	2361	2771	R=275	-	2394	362	33
gi|964	13979	14387	R=275	-	14012	360	33
gi|958	22501	22905	R=275	-	22534	356	33
gi|726	5460	5866	R=275	+	5818	358	33
gi|625	10446	10854	R=275	-	10479	360	33
gi|595	10295	10671	R=275	-	10326	330	31
gi|551	27144	27548	R=275	-	27177	356	33
gi|493	16432	16616	R=275	+	16568	136	33
gi|79	23626	24034	R=275	-	23659	360	33
gi|55	25352	25755	R=275	-	25384	356	32
gi|2	22826	23105	R=275	+	23057	231	33
gi|710	1202	1386	R=276	-	1352	19	150
gi|679	7963	8089	R=276	-	8055	19	92
gi|679	7897	8023	R=276	+	7916	19	92
gi|513	14076	14260	R=276	-	14226	19	150
gi|513	14077	14261	R=276	+	14096	19	150
gi|497	10925	11109	R=276	-	11075	19	150
gi|497	10926	11109	R=276	+	10945	19	149
gi|112	25921	26104	R=276	-	26070	19	149
gi|112	25921	26104	R=276	+	25940	19	149
gi|787	31327	32753	R=277	+	31745	418	993
gi|787	4181	5593	R=277	+	4596	415	982
gi|476	11144	12560	R=277	+	11550	406	995
gi|305	35069	36134	R=277	+	35478	409	641
gi|305	20537	21935	R=277	+	20946	409	974
gi|153	103	1529	R=277	+	521	418	993
gi|25	16915	18334	R=277	+	17330	415	989
gi|893	19742	21553	R=278	+	20313	571	1225
gi|874	15978	17311	R=278	+	16705	727	591
gi|584	37530	39543	R=278	+	38257	727	1271
gi|584	24231	26088	R=278	+	24801	570	1272
gi|554	12811	14822	R=278	+	13537	726	1270
gi|299	37027	38360	R=278	+	37754	727	591
gi|299	24210	25472	R=278	+	24866	656	591
gi|90	20949	22806	R=278	+	21520	571	1271
gi|939	14516	15542	R=279	+	15318	802	209
gi|925	32879	33828	R=279	-	33011	802	132
gi|737	37271	37610	R=279	+	37406	135	189
gi|584	4432	5370	R=279	-	4557	798	125
gi|365	18745	19771	R=279	+	19547	802	209
gi|236	19509	20400	R=279	-	19634	751	125
gi|214	697	1723	R=279	+	1499	802	209
gi|57	4854	5313	R=279	+	5089	235	209
gi|903	13583	14018	R=280	-	13691	312	108
gi|807	33810	34871	R=280	+	34808	998	48
gi|789	16175	16734	R=280	+	16611	436	108
gi|777	29339	30460	R=280	+	30337	998	108
gi|732	5753	6874	R=280	+	6751	998	108
gi|645	25835	26951	R=280	-	25943	993	108
gi|614	6795	7335	R=280	+	7247	452	73
gi|610	4893	5068	R=280	-	5001	52	108
gi|355	30245	30532	R=280	+	30411	166	106
gi|242	39412	40131	R=280	-	39520	596	108
gi|131	9220	9384	R=280	+	9362	142	7
gi|109	5408	6436	R=280	+	6313	905	108
gi|972	13662	14379	R=281	+	14260	598	104
gi|815	26165	26882	R=281	+	26763	598	104
gi|663	6902	7619	R=281	-	7006	598	104
gi|656	5888	6605	R=281	-	5992	598	104
gi|647	26401	26920	R=281	+	26801	400	104
gi|202	4	369	R=281	-	97	257	93
gi|137	23294	24003	R=281	+	23890	596	98
gi|950	23041	23626	R=282	+	23341	300	270
gi|928	10538	11123	R=282	+	10838	300	270
gi|546	34489	35303	R=282	+	35018	529	270
gi|378	13397	13741	R=282	-	13543	183	146
gi|372	15205	15895	R=282	-	15351	529	146
gi|358	32006	32820	R=282	+	32535	529	270
gi|96	1059	1873	R=282	+	1588	529	270
gi|1042	30504	32712	R=284	+	32311	1807	386
gi|1042	11829	12366	R=284	+	11936	107	415
gi|1042	6202	6971	R=284	+	6875	673	81
gi|524	39133	39456	R=284	+	39379	246	62
gi|430	28279	28602	R=284	-	28341	246	62
gi|430	22622	24853	R=284	-	23034	1804	412
gi|430	17067	19271	R=284	-	17445	1811	378
gi|430	12449	14401	R=284	-	12603	1783	154
gi|204	35505	35927	R=284	+	35505	0	407
gi|204	28214	30399	R=284	+	29989	1775	395
gi|204	24003	24543	R=284	+	24118	115	410
gi|204	17116	17647	R=284	+	17223	107	409
gi|204	8102	10344	R=284	+	9915	1813	414
gi|204	4223	4745	R=284	+	4323	100	407
gi|888	28363	29422	R=285	+	29258	895	149
gi|877	29892	30344	R=285	-	30042	287	150
gi|877	17601	18659	R=285	+	18494	893	150
gi|628	15118	16181	R=285	+	16016	898	150
gi|332	34017	35080	R=285	+	34915	898	150
gi|962	19036	19740	R=286	-	19089	636	53
gi|895	34735	35055	R=286	-	34746	294	11
gi|895	33083	33767	R=286	+	33721	638	31
gi|891	11096	11392	R=286	-	11149	228	53
gi|891	10134	10388	R=286	+	10362	228	11
gi|783	28105	28359	R=286	-	28116	228	11
gi|783	27055	27351	R=286	+	27283	228	53
gi|676	5266	5549	R=286	-	5307	227	41
gi|669	24946	25266	R=286	-	24957	294	11
gi|669	16887	17592	R=286	+	17524	637	53
gi|667	26886	27590	R=286	-	26939	636	53
gi|195	26215	26535	R=286	-	26226	294	11
gi|195	24691	25396	R=286	+	25328	637	53
gi|2	14662	15366	R=286	-	14715	636	53
gi|811	6000	9379	R=287	-	6000	3364	0
gi|810	1478	4856	R=287	-	1478	3363	0
gi|635	12636	16014	R=287	+	15999	3363	0
gi|384	2010	5388	R=287	-	2010	3363	0
gi|244	16293	17738	R=287	+	17723	1430	0
gi|1006	38083	39512	R=288	-	39333	164	1250
gi|783	36180	36807	R=288	+	36344	164	448
gi|681	7102	8533	R=288	+	7266	164	1252
gi|639	37734	39163	R=288	-	38984	164	1250
gi|489	25328	26757	R=288	+	25492	164	1250
gi|475	35011	35803	R=288	+	35175	164	613
gi|263	21104	21731	R=288	-	21552	164	448
gi|168	9021	10452	R=288	-	10273	164	1252
gi|119	29872	31303	R=288	+	30036	164	1252
gi|96	23552	24983	R=288	+	23716	164	1252
gi|923	9653	9770	R=289	+	9682	29	73
gi|747	39902	40030	R=289	+	39931	29	84
gi|607	36296	36506	R=289	+	36325	29	166
gi|435	26752	26962	R=289	+	26781	29	166
gi|392	12682	12889	R=289	+	12707	25	167
gi|364	27346	27557	R=289	+	27375	29	167
gi|321	2387	2544	R=289	+	2416	29	113
gi|304	29570	29780	R=289	-	29736	29	166
gi|285	25521	25635	R=289	-	25591	29	70
gi|161	23092	23302	R=289	-	23258	29	166
gi|89	27918	28102	R=289	-	28069	18	151
gi|32	5277	5487	R=289	+	5305	28	167
gi|1001	5087	5394	R=290	-	5349	30	262
gi|973	2567	2995	R=290	-	2832	148	265
gi|965	34942	35373	R=290	-	35211	147	269
gi|937	38351	38779	R=290	+	38498	147	266
gi|847	27629	28057	R=290	+	27777	148	265
gi|673	29079	29425	R=290	+	29148	69	262
gi|598	27753	28169	R=290	-	28014	140	261
gi|558	3785	4202	R=290	+	3925	140	262
gi|457	14534	14963	R=290	+	14683	149	265
gi|404	25074	25420	R=290	-	25336	69	262
gi|353	4384	4813	R=290	+	4533	149	265
gi|308	14934	15363	R=290	+	15083	149	265
gi|239	5504	5840	R=290	-	5685	140	181
gi|196	14620	15049	R=290	+	14768	148	266
gi|955	26295	26408	R=291	+	26369	74	24
gi|944	4957	5253	R=291	-	5178	60	221
gi|801	38816	39864	R=291	-	39776	73	960
gi|778	2144	3145	R=291	-	3096	34	952
gi|586	26241	26995	R=291	-	26907	73	666
gi|583	36793	36926	R=291	-	36852	59	59
gi|528	26912	27918	R=291	-	27869	34	957
gi|528	13235	14243	R=291	-	14192	36	957
gi|376	24611	25655	R=291	+	24685	74	955
gi|207	37879	38553	R=291	+	37953	74	585
gi|195	23708	24660	R=291	+	23782	74	863
gi|195	2057	2564	R=291	+	2128	71	421
gi|38	18916	19299	R=291	+	18983	67	301
gi|937	1589	2148	R=292	+	1861	272	272
gi|882	12226	12785	R=292	+	12499	273	271
gi|527	2983	3538	R=292	+	3253	270	270
gi|463	23276	23588	R=292	-	23551	22	275
gi|412	22653	22992	R=292	+	22925	272	52
gi|401	17889	18449	R=292	+	18162	273	272
gi|271	4416	4710	R=292	-	4673	22	257
gi|234	30287	30769	R=292	+	30560	273	194
gi|194	8315	8873	R=292	-	8585	273	270
gi|166	9684	10240	R=292	-	9952	273	268
gi|158	27410	27792	R=292	-	27504	273	94
gi|88	6949	7388	R=292	+	7222	273	151
gi|56	33020	33459	R=292	+	33293	273	151
gi|998	24305	25210	R=293	+	24570	265	625
gi|998	19139	20043	R=293	+	19404	265	624
gi|613	17327	17964	R=293	-	17949	0	622
gi|612	7273	8249	R=293	+	7609	336	625
gi|532	27554	28530	R=293	+	27890	336	625
gi|362	23706	24682	R=293	+	24042	336	625
gi|332	33017	33996	R=293	+	33353	336	628
gi|1016	26753	27481	R=294	+	27378	625	88
gi|962	36998	37640	R=294	-	37080	545	82
gi|855	13239	13969	R=294	-	13327	627	88
gi|648	29598	29732	R=294	+	29629	31	88
gi|610	3998	4686	R=294	-	4042	629	44
gi|145	30745	31412	R=294	+	31348	603	49
gi|145	6548	7269	R=294	+	7166	618	88
gi|76	34166	34895	R=294	+	34792	626	88
gi|76	247	978	R=294	+	875	628	88
gi|7	21245	21416	R=294	+	21313	68	88
gi|804	15398	15717	R=295	-	15528	174	130
gi|728	38327	38489	R=295	-	38456	18	129
gi|707	18209	18385	R=295	-	18339	31	130
gi|703	29995	30842	R=295	-	30124	703	129
gi|612	22308	22627	R=295	-	22438	174	130
gi|598	273	1116	R=295	+	972	699	129
gi|465	39149	39870	R=295	-	39152	703	3
gi|308	8322	8457	R=295	+	8390	68	52
gi|307	18126	18752	R=295	-	18255	482	129
gi|294	36223	36436	R=295	+	36291	68	130
gi|127	27081	27924	R=295	+	27780	699	129
gi|841	8547	8757	R=296	+	8611	64	131
gi|753	34033	34832	R=296	+	34613	580	204
gi|650	33191	34749	R=296	+	33772	581	962
gi|507	14298	15856	R=296	+	14879	581	962
gi|445	21749	22227	R=296	-	22189	23	440
gi|378	20536	22094	R=296	+	21117	581	962
gi|125	18862	20419	R=296	-	19824	580	962
gi|113	28132	29521	R=296	+	28712	580	794
gi|63	30309	31110	R=296	+	30890	581	205
gi|48	5016	6574	R=296	+	5597	581	962
gi|38	36138	37254	R=296	+	36719	581	520
gi|959	6164	6308	R=297	-	6278	15	114
gi|714	31414	31559	R=297	-	31528	16	114
gi|535	7033	7557	R=297	+	7049	16	493
gi|516	14786	14930	R=297	-	14900	15	114
gi|467	4863	4964	R=297	-	4935	14	72
gi|457	37306	37449	R=297	-	37420	14	114
gi|401	26733	27468	R=297	-	27439	14	706
gi|401	25522	26262	R=297	-	26232	15	710
gi|316	14101	14842	R=297	-	14811	16	710
gi|271	37463	37946	R=297	-	37916	15	453
gi|128	7852	8593	R=297	+	7868	16	710
gi|112	16318	16427	R=297	+	16332	14	80
gi|834	35345	35844	R=298	+	35677	332	152
gi|705	29800	30432	R=298	-	30085	332	285
gi|694	6019	6651	R=298	-	6304	332	285
gi|682	8388	8785	R=298	-	8673	97	285
gi|604	29713	30212	R=298	+	30045	332	152
gi|516	24985	25619	R=298	-	25270	334	285
gi|450	10764	10912	R=298	+	10809	45	88
gi|331	10972	11604	R=298	+	11304	332	285
gi|281	37735	38232	R=298	+	37932	197	285
gi|257	9475	9596	R=298	+	9493	18	88
gi|89	7613	7763	R=298	+	7658	45	90
gi|783	30863	31009	R=299	-	30942	52	79
gi|783	30458	30602	R=299	+	30510	52	77
gi|492	8555	8701	R=299	-	8634	52	79
gi|492	8151	8294	R=299	+	8203	52	76
gi|308	16326	16469	R=299	-	16402	52	76
gi|308	15920	16066	R=299	+	15972	52	79
gi|254	12608	12753	R=299	-	12686	52	78
gi|254	12204	12347	R=299	+	12256	52	76
gi|147	24279	24424	R=299	-	24357	52	78
gi|147	23875	24018	R=299	+	23927	52	76
gi|20	9621	9767	R=299	-	9700	52	79
gi|20	9216	9360	R=299	+	9269	53	76
gi|669	31121	32022	R=300	+	31390	269	617
gi|570	12687	13002	R=300	+	12953	266	34
gi|376	36896	37783	R=300	+	37165	269	603
gi|210	28497	29391	R=300	+	28766	269	610
gi|210	6635	6950	R=300	+	6901	266	34
gi|207	23616	24364	R=300	+	23734	118	615
gi|207	16547	16721	R=300	+	16679	132	27
gi|195	13957	14855	R=300	+	14226	269	614
gi|38	22648	22963	R=300	+	22914	266	34
gi|38	2342	3236	R=300	+	2611	269	610
gi|1046	27232	27543	R=301	+	27419	187	109
gi|979	23506	23892	R=301	+	23768	262	109
gi|895	551	2219	R=301	+	2095	1544	109
gi|825	7685	9350	R=301	+	9226	1541	109
gi|759	110	464	R=301	-	219	230	109
gi|279	32984	34656	R=301	-	33093	1548	109
gi|242	16807	18428	R=301	+	18304	1497	109
gi|181	29272	30937	R=301	+	30813	1541	109
gi|161	8273	9940	R=301	+	9816	1543	109
gi|124	28864	29032	R=301	+	28909	45	108
gi|913	17488	18596	R=302	+	18527	1039	54
gi|857	31093	32321	R=302	+	32066	973	240
gi|590	29728	34220	R=302	+	30981	1253	3224
gi|590	16823	21035	R=302	+	17796	973	3224
gi|541	21845	26097	R=302	+	23098	1253	2984
gi|512	15584	16239	R=302	+	16136	552	88
gi|512	1345	5557	R=302	+	2318	973	3224
gi|479	29782	31357	R=302	+	31032	1250	310
gi|388	29820	30211	R=302	+	29957	137	239
gi|388	0	1606	R=302	+	1032	1032	559
gi|180	24066	24721	R=302	+	24618	552	88
gi|125	27362	27890	R=302	+	27787	425	88
gi|125	9357	13851	R=302	+	10612	1255	3224
gi|820	31952	33815	R=303	+	33382	1430	418
gi|820	16179	17221	R=303	+	16793	614	413
gi|820	794	1060	R=303	+	886	92	159
gi|754	12986	13111	R=303	+	12991	5	105
gi|682	29679	29887	R=303	+	29713	34	159
gi|301	38003	39556	R=303	+	39436	1433	105
gi|301	18156	20012	R=303	+	19585	1429	412
gi|231	7495	8557	R=303	+	8129	634	413
gi|122	29493	30857	R=303	+	30592	1099	250
gi|120	30283	31881	R=303	+	31709	1426	157
gi|1011	24467	24573	R=304	-	24467	91	0
gi|794	32229	32344	R=304	-	32245	84	16
gi|794	13924	14031	R=304	+	14015	91	1
gi|758	19819	20068	R=304	-	19962	91	143
gi|587	7653	7781	R=304	+	7744	91	22
gi|377	12081	12330	R=304	-	12224	91	143
gi|377	6131	6373	R=304	+	6215	84	143
gi|213	18239	18481	R=304	-	18382	84	143
gi|213	12266	12515	R=304	+	12357	91	143
gi|9	11087	11222	R=304	-	11116	91	29
gi|9	96	224	R=304	+	180	84	29
gi|637	27760	27993	R=305	-	27969	9	209
gi|637	26779	27012	R=305	+	26788	9	209
gi|558	8636	8861	R=305	+	8644	8	202
gi|548	3764	4134	R=305	-	4110	9	346
gi|548	2917	3288	R=305	+	2926	9	347
gi|467	5569	5732	R=305	-	5708	9	139
gi|421	34607	34976	R=305	-	34952	9	345
gi|421	33740	34109	R=305	+	33749	9	345
gi|11	33396	33768	R=305	-	33744	9	348
gi|11	30594	30756	R=305	+	30603	9	138
gi|902	23087	23295	R=306	-	23163	117	76
gi|864	18807	21622	R=306	-	20845	762	2038
gi|801	39187	40000	R=306	+	39872	685	113
gi|376	22971	25368	R=306	-	24588	765	1617
gi|207	9443	12261	R=306	-	11480	766	2037
gi|195	39059	40001	R=306	-	39689	297	630
gi|195	21647	24462	R=306	-	23685	762	2038
gi|195	1	2564	R=306	-	2036	513	2035
gi|972	16262	16690	R=307	+	16644	382	31
gi|972	13662	14469	R=307	+	14423	761	31
gi|815	28754	29182	R=307	+	29136	382	31
gi|815	26165	26971	R=307	+	26925	760	31
gi|663	6812	7619	R=307	-	6843	761	31
gi|663	4595	5023	R=307	-	4626	382	31
gi|656	5798	6605	R=307	-	5829	761	31
gi|656	3576	3998	R=307	-	3607	376	31
gi|647	28793	29221	R=307	+	29175	382	31
gi|647	26401	27010	R=307	+	26964	563	31
gi|629	6742	7170	R=307	+	7124	382	31
gi|137	23294	24100	R=307	+	24054	760	31
gi|902	36111	36332	R=308	+	36253	142	64
gi|864	15063	15317	R=308	+	15263	200	39
gi|789	30610	30736	R=308	+	30657	47	64
gi|669	12769	13025	R=308	+	12971	202	39
gi|376	32873	33151	R=308	+	33074	201	62
gi|210	11876	12098	R=308	+	12024	148	59
gi|207	19439	19720	R=308	+	19643	204	62
gi|195	9869	10150	R=308	+	10073	204	62
gi|3	12614	12773	R=308	+	12756	142	2
gi|998	31533	31655	R=309	-	31625	15	92
gi|990	10863	10986	R=309	-	10957	14	94
gi|705	24960	25192	R=309	-	25162	15	202
gi|644	21089	21213	R=309	-	21183	15	94
gi|436	7822	8054	R=309	+	7837	15	202
gi|348	24140	24371	R=309	-	24341	15	201
gi|307	24162	24381	R=309	-	24360	6	198
gi|229	37422	37651	R=309	+	37437	15	199
gi|126	12368	12600	R=309	+	12383	15	202
gi|96	34714	34899	R=309	+	34729	15	155
gi|874	15766	15905	R=310	-	15871	19	105
gi|874	15672	15812	R=310	+	15691	19	106
gi|482	27454	27577	R=310	-	27543	19	89
gi|355	13596	13735	R=310	-	13701	19	105
gi|355	13502	13642	R=310	+	13521	19	106
gi|330	18280	18420	R=310	-	18386	19	106
gi|330	18187	18326	R=310	+	18206	19	105
gi|266	26360	26478	R=310	+	26379	19	84
gi|34	37187	37326	R=310	+	37206	19	105
gi|1028	39139	39994	R=311	-	39272	707	133
gi|723	9483	10737	R=311	+	10190	707	532
gi|523	488	1522	R=311	+	977	489	530
gi|257	24584	25838	R=311	-	25116	707	532
gi|231	38892	40147	R=311	-	39424	708	532
gi|25	6108	6373	R=311	+	6327	219	31
gi|968	7203	7548	R=312	-	7236	297	33
gi|968	6646	6990	R=312	+	6943	297	32
gi|755	36836	37179	R=312	-	36869	295	33
gi|755	36279	36623	R=312	+	36576	297	32
gi|672	31240	31584	R=312	-	31272	297	32
gi|672	30682	31027	R=312	+	30979	297	33
gi|130	18500	18844	R=312	-	18533	296	33
gi|130	17943	18287	R=312	+	18240	297	32
gi|872	34008	36100	R=313	-	35257	828	1249
gi|834	32012	34230	R=313	+	32839	827	1376
gi|604	26378	28598	R=313	+	27206	828	1377
gi|596	1494	3714	R=313	+	2322	828	1377
gi|510	7328	9548	R=313	+	8156	828	1377
gi|896	35175	35611	R=314	+	35367	192	229
gi|828	3961	4113	R=314	-	4033	65	72
gi|728	5822	6565	R=314	+	6020	198	530
gi|728	3575	4318	R=314	-	4105	198	530
gi|690	4805	5512	R=314	+	4981	176	516
gi|690	2909	3619	R=314	-	3428	176	519
gi|586	22651	22968	R=314	-	22761	192	110
gi|473	2725	3468	R=314	+	2923	198	530
gi|473	140	883	R=314	-	670	198	530
gi|406	11864	12054	R=314	-	11974	65	110
gi|355	12144	12338	R=314	-	12254	69	110
gi|348	10251	10441	R=314	+	10316	65	110
gi|578	38801	39994	R=315	+	39074	273	905
gi|514	30208	31241	R=315	-	30422	804	214
gi|514	27754	28821	R=315	+	28558	804	248
gi|500	27075	28208	R=315	-	27980	213	905
gi|500	25848	26981	R=315	+	26061	213	905
gi|490	12457	14182	R=315	-	13362	805	905
gi|490	10638	12363	R=315	+	11443	805	905
gi|333	88	1281	R=315	-	993	273	905
gi|227	39347	40173	R=315	+	39553	206	605
gi|494	20522	21851	R=316	-	21787	49	1265
gi|283	34269	35824	R=316	+	34544	275	1265
gi|283	26883	28402	R=316	+	27257	374	1130
gi|283	8242	9898	R=316	+	8618	376	1265
gi|200	1157	2557	R=316	+	1279	122	1263
gi|62	38623	40130	R=316	+	38994	371	1121
gi|58	16857	18510	R=316	-	18122	373	1265
gi|58	10165	11816	R=316	-	11430	371	1265
gi|58	3106	4568	R=316	-	4371	182	1265
gi|48	29392	30914	R=316	+	29769	377	1130
gi|877	8406	8545	R=317	+	8495	89	35
gi|674	35794	36178	R=317	+	36123	329	40
gi|595	1137	1520	R=317	+	1466	329	39
gi|549	941	1249	R=317	-	976	258	35
gi|479	15258	15643	R=317	+	15587	329	41
gi|273	21294	21657	R=317	-	21335	307	41
gi|75	23477	23862	R=317	-	23518	329	41
gi|8	36380	36765	R=317	+	36709	329	41
gi|888	18967	19167	R=318	-	18967	185	0
gi|768	11800	12908	R=318	+	12893	1093	0
gi|644	17148	18256	R=318	+	18241	1093	0
gi|609	28593	29701	R=318	-	28593	1093	0
gi|595	22826	23026	R=318	+	23011	185	0
gi|333	18091	19197	R=318	+	19182	1091	0
gi|250	5242	5361	R=318	+	5346	104	0
gi|144	7344	7544	R=318	-	7344	185	0
gi|11	20084	21192	R=318	+	21177	1093	0
gi|1009	36440	36866	R=319	-	36851	0	411
gi|999	32361	33029	R=319	-	32947	67	586
gi|999	31614	32282	R=319	+	31681	67	586
gi|933	33473	33899	R=319	+	33473	0	411
gi|912	17638	17911	R=319	-	17896	0	258
gi|658	38361	39030	R=319	+	38428	67	587
gi|636	2447	3115	R=319	-	3033	67	586
gi|636	1698	2368	R=319	+	1767	69	586
gi|253	12830	13500	R=319	-	13417	68	587
gi|253	12079	12751	R=319	+	12149	70	587
gi|119	39474	39900	R=319	-	39885	0	411
gi|119	31444	31870	R=319	+	31444	0	411
gi|939	38482	40021	R=320	-	39960	46	1478
gi|869	7901	9068	R=320	+	8131	230	922
gi|463	20651	22373	R=320	-	22128	230	1477
gi|444	5603	7325	R=320	+	5833	230	1477
gi|429	17579	19116	R=320	+	17809	230	1292
gi|411	38427	39611	R=320	+	38657	230	939
gi|380	18508	20230	R=320	-	19985	230	1477
gi|220	27742	28176	R=320	-	27957	204	215
gi|213	4179	5363	R=320	+	4409	230	939
gi|194	13677	14883	R=320	-	14638	230	961
gi|56	12878	14064	R=320	+	13108	230	941
gi|755	38697	39193	R=321	+	38994	297	184
gi|755	38350	38695	R=321	+	38494	144	186
gi|670	1975	2188	R=321	-	2036	137	61
gi|670	1	370	R=321	+	178	177	177
gi|265	21962	22453	R=321	+	22261	299	177
gi|265	21099	21596	R=321	+	21397	298	184
gi|265	20752	21097	R=321	+	20896	144	186
gi|123	28595	28810	R=321	-	28658	137	63
gi|123	26498	26987	R=321	+	26797	299	175
gi|123	25613	26110	R=321	+	25912	299	183
gi|123	25264	25610	R=321	+	25406	142	189
gi|893	33696	34268	R=322	+	34069	373	184
gi|893	4520	4816	R=322	+	4664	144	137
gi|737	13334	13616	R=322	+	13481	147	120
gi|584	29333	29632	R=322	+	29434	101	183
gi|554	17958	18529	R=322	+	18331	373	183
gi|554	4413	4741	R=322	+	4630	217	96
gi|545	20682	20964	R=322	+	20829	147	120
gi|299	28409	28824	R=322	+	28626	217	183
gi|299	13110	13319	R=322	+	13144	34	160
gi|257	39251	39822	R=322	+	39624	373	183
gi|90	29153	29555	R=322	+	29464	311	76
gi|90	12371	12941	R=322	+	12744	373	182
gi|1004	10564	11486	R=323	+	10908	344	563
gi|970	19893	20190	R=323	-	20173	2	280
gi|872	15478	16400	R=323	-	16041	344	563
gi|652	2695	2994	R=323	-	2977	2	282
gi|586	33589	33842	R=323	+	33591	2	236
gi|554	14836	15755	R=323	+	15181	345	559
gi|510	31520	32442	R=323	+	31864	344	563
gi|459	32179	33045	R=323	+	32469	290	561
gi|424	30688	30987	R=323	+	30690	2	282
gi|355	37972	38249	R=323	-	38232	2	260
gi|174	24129	24434	R=323	+	24133	4	286
gi|285	17177	17281	R=324	+	17240	63	26
gi|270	128	231	R=324	-	153	63	25
gi|226	26535	26636	R=324	-	26560	61	25
gi|131	3890	3992	R=324	+	3953	63	24
gi|883	26706	27515	R=325	-	27226	274	520
gi|875	14293	14808	R=325	+	14567	274	226
gi|694	24762	25571	R=325	-	25282	274	520
gi|532	38096	38905	R=325	-	38616	274	520
gi|445	11415	12229	R=325	+	11689	274	525
gi|436	6993	7557	R=325	-	7513	29	520
gi|134	28084	28833	R=325	+	28298	214	520
gi|126	11620	12103	R=325	-	12059	29	439
gi|39	1648	2329	R=325	-	2040	274	392
gi|1	28070	28799	R=325	+	28264	194	520
gi|494	4157	8146	R=326	+	4168	11	3963
gi|400	16611	20597	R=326	+	16621	10	3961
gi|342	35245	38838	R=326	-	38812	11	3567
gi|342	19987	23976	R=326	-	23950	11	3963
gi|342	4257	8246	R=326	-	8220	11	3963
gi|333	35945	39308	R=326	-	39282	11	3337
gi|333	4119	7712	R=326	-	7686	11	3567
gi|255	5147	9026	R=326	+	5158	11	3853
gi|1039	36329	37424	R=327	-	36987	422	658
gi|1030	28142	29052	R=327	-	28684	353	542
gi|1029	9927	10967	R=327	+	10349	422	603
gi|897	39315	40000	R=327	-	39973	12	658
gi|677	37316	38411	R=327	+	37738	422	658
gi|668	12698	13793	R=327	-	13356	422	658
gi|399	17986	18460	R=327	+	18339	353	106
gi|399	3958	4934	R=327	-	4496	423	538
gi|366	32241	32937	R=327	+	32263	22	659
gi|1	39866	40021	R=327	+	39888	22	118
gi|979	9746	9984	R=328	-	9856	113	110
gi|979	6685	7278	R=328	-	6876	387	191
gi|874	10489	10847	R=328	+	10722	233	110
gi|798	25902	28083	R=328	+	27128	1226	940
gi|798	20609	20879	R=328	-	20665	199	56
gi|798	9468	11649	R=328	-	10408	1226	940
gi|730	33936	36383	R=328	+	34553	617	1815
gi|730	19825	22273	R=328	-	21641	617	1816
gi|305	9516	9664	R=328	+	9538	22	111
gi|293	35083	35353	R=328	+	35282	199	56
gi|293	27093	30151	R=328	-	28909	1227	1816
gi|78	15568	18626	R=328	+	16795	1227	1816
gi|820	5713	10106	R=329	+	9368	3655	723
gi|754	19294	22371	R=329	+	21650	2356	706
gi|754	5849	6822	R=329	+	6084	235	723
gi|682	556	4930	R=329	+	4211	3655	704
gi|666	33188	34352	R=329	+	33614	426	723
gi|664	14814	15978	R=329	+	15240	426	723
gi|301	25880	28961	R=329	+	28236	2356	710
gi|301	7909	11856	R=329	+	11559	3650	282
gi|231	25962	26163	R=329	+	26048	86	100
gi|231	1	984	R=329	+	260	259	709
gi|122	38829	39996	R=329	+	39255	426	726
gi|122	21109	24188	R=329	+	23464	2355	709
gi|122	2797	7181	R=329	+	6453	3656	713
gi|973	2567	3790	R=330	-	3680	95	1113
gi|847	26753	28057	R=330	+	26929	176	1113
gi|457	12316	13169	R=330	+	12492	176	662
gi|353	3508	4813	R=330	+	3684	176	1114
gi|196	13825	15049	R=330	+	13920	95	1114
gi|31	19283	19581	R=330	+	19459	176	107
gi|769	25804	26252	R=331	+	25848	44	389
gi|733	20631	21556	R=331	-	21020	521	389
gi|525	32739	33222	R=331	+	32818	79	389
gi|496	29948	30870	R=331	+	30466	518	389
gi|364	911	1833	R=331	+	1429	518	389
gi|188	28943	29868	R=331	+	29464	521	389
gi|956	10706	10855	R=332	-	10767	73	61
gi|941	4433	4555	R=332	-	4494	46	61
gi|939	4800	4949	R=332	+	4873	73	61
gi|881	13608	13757	R=332	+	13681	73	61
gi|825	6365	6505	R=332	-	6426	64	61
gi|681	14185	14334	R=332	-	14246	73	61
gi|566	36272	36421	R=332	-	36333	73	61
gi|489	30560	30678	R=332	-	30621	42	61
gi|320	36705	36827	R=332	+	36751	46	61
gi|181	27927	28067	R=332	-	27988	64	61
gi|1023	21902	22189	R=333	+	22063	161	111
gi|1009	36870	37091	R=333	+	37031	161	45
gi|871	27891	28178	R=333	-	28002	161	111
gi|842	23432	23719	R=333	-	23543	161	111
gi|698	15690	15977	R=333	-	15801	161	111
gi|473	19926	20135	R=333	+	20009	83	111
gi|168	8754	8975	R=333	+	8915	161	45
gi|39	28292	28578	R=333	-	28403	160	111
gi|18	15717	15938	R=333	+	15878	161	45
gi|839	17205	17747	R=334	-	17404	328	199
gi|669	31992	32677	R=334	+	32326	334	336
gi|583	12582	13124	R=334	+	12916	334	193
gi|376	37704	38450	R=334	+	38099	395	336
gi|376	30722	31240	R=334	+	31112	390	113
gi|376	14577	15290	R=334	-	14880	395	303
gi|210	29312	30046	R=334	+	29707	395	324
gi|207	24285	25029	R=334	+	24679	394	335
gi|207	17216	17735	R=334	+	17606	390	114
gi|195	14825	15515	R=334	+	15159	334	341
gi|38	3406	3860	R=334	+	3512	106	333
gi|1036	28051	28410	R=335	+	28286	235	109
gi|813	11790	12144	R=335	-	11895	234	105
gi|801	3168	3523	R=335	-	3273	235	105
gi|741	38784	39143	R=335	+	39019	235	109
gi|672	34310	34665	R=335	-	34415	235	105
gi|572	30459	30818	R=335	+	30694	235	109
gi|523	4320	4673	R=335	+	4553	233	105
gi|404	23839	24097	R=335	-	23944	138	105
gi|373	25885	26244	R=335	+	26120	235	109
gi|266	35972	36327	R=335	+	36207	235	105
gi|181	17565	17843	R=335	-	17670	158	105
gi|134	13666	14030	R=335	+	13901	235	114
gi|855	4050	7602	R=336	+	4252	202	3335
gi|684	7763	8412	R=336	-	8197	200	434
gi|670	4141	6769	R=336	-	6555	199	2414
gi|655	11071	14940	R=336	-	14724	201	3653
gi|562	13670	14319	R=336	-	14104	200	434
gi|516	37044	38474	R=336	+	37245	201	1214
gi|490	26158	26807	R=336	+	26358	200	434
gi|224	16763	17412	R=336	+	16963	200	434
gi|102	34929	38798	R=336	+	35130	201	3653
gi|13	32457	36325	R=336	-	36109	201	3652
gi|13	26592	30461	R=336	+	26793	201	3653
gi|989	34399	35124	R=337	+	34537	138	572
gi|893	22042	22767	R=337	-	22614	138	572
gi|748	4390	5115	R=337	+	4528	138	572
gi|507	35111	35422	R=337	-	35328	79	217
gi|196	11673	12398	R=337	+	11811	138	572
gi|802	36821	37091	R=338	+	36930	109	146
gi|699	3545	3815	R=338	-	3691	109	146
gi|550	25699	25860	R=338	+	25844	145	1
gi|387	38347	38617	R=338	+	38456	109	146
gi|329	3391	3552	R=338	-	3392	145	1
gi|266	32687	32970	R=338	+	32809	122	146
gi|65	33356	33652	R=338	-	33492	145	136
gi|65	16142	16438	R=338	+	16287	145	136
gi|937	24077	25779	R=339	-	24881	883	804
gi|882	37449	39132	R=339	+	38315	866	802
gi|666	25592	27293	R=339	+	26474	882	804
gi|658	27354	29041	R=339	-	28154	872	800
gi|593	7713	9407	R=339	-	8514	878	801
gi|449	5389	7091	R=339	-	6192	884	803
gi|280	25378	27077	R=339	-	26183	879	805
gi|200	34744	36425	R=339	-	35545	865	801
gi|133	25994	27675	R=339	-	26795	865	801
gi|131	16568	18267	R=339	+	17450	882	802
gi|73	2596	3486	R=339	+	2668	72	803
gi|54	6995	8678	R=339	+	7861	866	802
gi|955	21631	22053	R=340	-	21821	217	190
gi|955	20532	21228	R=340	+	20749	217	464
gi|837	20649	21345	R=340	-	21113	217	464
gi|837	19830	20526	R=340	+	20047	217	464
gi|681	33723	34419	R=340	-	34187	217	464
gi|681	32902	33600	R=340	+	33119	217	466
gi|208	26164	26521	R=340	-	26289	217	125
gi|208	24994	25351	R=340	+	25211	217	125
gi|990	5222	5766	R=341	-	5546	205	324
gi|990	5222	5766	R=341	+	5427	205	324
gi|819	34797	35342	R=341	+	35002	205	325
gi|805	5194	5739	R=341	-	5519	205	325
gi|411	8989	9239	R=341	-	9019	205	30
gi|411	8754	9004	R=341	+	8959	205	30
gi|380	16042	16587	R=341	-	16367	205	325
gi|377	23473	24018	R=341	+	23678	205	325
gi|305	4493	5038	R=341	-	4818	205	325
gi|194	13131	13676	R=341	+	13336	205	325
gi|176	16838	17070	R=341	-	16881	174	43
gi|104	23528	24073	R=341	-	23853	205	325
gi|1002	27996	28474	R=342	+	28221	225	238
gi|965	10130	10422	R=342	+	10356	226	51
gi|923	14424	15555	R=342	-	15315	225	891
gi|618	25078	25370	R=342	-	25129	226	51
gi|566	6197	7229	R=342	+	6323	126	891
gi|395	20713	21843	R=342	-	21603	225	890
gi|291	39288	40000	R=342	+	39425	137	560
gi|226	2649	3781	R=342	+	2875	226	891
gi|982	6142	6635	R=343	-	6445	175	303
gi|682	27593	27934	R=343	-	27744	175	151
gi|682	20988	21203	R=343	+	21083	95	105
gi|263	6565	6775	R=343	-	6587	173	22
gi|144	37888	38392	R=343	-	38202	175	314
gi|144	37234	37529	R=343	+	37409	175	105
gi|81	5545	5962	R=343	+	5634	89	313
gi|70	22643	23147	R=343	+	22818	175	314
gi|893	29244	30159	R=344	-	30018	126	774
gi|787	12897	13815	R=344	+	13024	127	776
gi|528	3103	4021	R=344	+	3229	126	777
gi|476	21668	22586	R=344	+	21795	127	776
gi|441	32249	32447	R=344	-	32303	129	54
gi|380	26371	27293	R=344	-	27149	129	778
gi|241	9765	10680	R=344	-	10539	126	774
gi|213	2968	3507	R=344	+	3097	129	395
gi|91	2417	3337	R=344	+	2546	129	776
gi|838	12753	13363	R=345	-	12933	415	180
gi|838	12046	12657	R=345	+	12461	415	181
gi|405	1044	1645	R=345	+	1459	415	171
gi|307	20204	20757	R=345	-	20327	415	123
gi|307	19290	19843	R=345	+	19705	415	123
gi|10	33985	34596	R=345	-	34166	415	181
gi|10	33310	33890	R=345	+	33694	384	181
gi|924	15240	15931	R=346	-	15571	345	331
gi|841	3125	3834	R=346	-	3474	345	349
gi|841	2586	2857	R=346	+	2758	172	84
gi|669	27390	27833	R=346	-	27474	344	84
gi|669	26393	27102	R=346	+	26738	345	349
gi|651	25719	26161	R=346	-	25803	343	84
gi|651	24722	25431	R=346	+	25067	345	349
gi|346	14871	15574	R=346	-	15220	339	349
gi|346	14180	14623	R=346	+	14524	344	84
gi|920	29245	29534	R=347	+	29340	95	179
gi|834	16314	16603	R=347	-	16493	95	179
gi|655	20886	21093	R=347	-	20986	92	100
gi|561	9578	9864	R=347	-	9757	92	179
gi|465	11574	11784	R=347	-	11674	95	100
gi|464	33327	33481	R=347	+	33401	74	65
gi|424	7042	7201	R=347	+	7117	75	69
gi|327	24416	24616	R=347	-	24516	85	100
gi|234	14235	14441	R=347	-	14333	93	98
gi|154	11867	12160	R=347	+	11962	95	183
gi|80	5465	5754	R=347	-	5644	95	179
gi|56	26560	26845	R=347	+	26651	91	179
gi|400	26788	27348	R=348	+	26980	192	353
gi|255	1650	1789	R=348	-	1661	113	11
gi|242	38993	39423	R=348	-	39332	76	339
gi|242	37651	38324	R=348	+	37843	192	466
gi|242	10297	10970	R=348	-	10763	192	466
gi|242	9552	10223	R=348	+	9744	192	464
gi|69	4843	5514	R=348	-	5307	192	464
gi|69	4096	4769	R=348	+	4288	192	466
gi|828	4883	5074	R=349	-	5053	6	170
gi|739	12788	12973	R=349	+	12788	0	170
gi|683	29462	29653	R=349	-	29632	6	170
gi|651	15392	15531	R=349	+	15397	5	119
gi|637	9459	9650	R=349	+	9465	6	170
gi|488	31782	31912	R=349	-	31891	6	109
gi|44	11266	11457	R=349	-	11436	6	170
gi|16	37607	37798	R=349	-	37777	6	170
gi|881	28877	29569	R=350	+	29413	536	141
gi|838	18807	19501	R=350	-	18948	538	141
gi|794	32926	33082	R=350	+	32926	0	141
gi|789	33279	33973	R=350	+	33817	538	141
gi|780	31300	31895	R=350	-	31441	439	141
gi|622	39356	40039	R=350	+	39894	538	130
gi|568	26094	26788	R=350	+	26632	538	141
gi|546	3312	4007	R=350	+	3851	539	141
gi|527	5922	6616	R=350	-	6063	538	141
gi|327	28053	28747	R=350	+	28591	538	141
gi|951	39962	40143	R=351	+	39979	17	149
gi|737	14219	14452	R=351	+	14236	17	201
gi|734	7265	7500	R=351	+	7282	17	203
gi|719	8900	9135	R=351	-	9103	17	203
gi|377	19740	19975	R=351	-	19943	17	203
gi|257	37284	37507	R=351	+	37301	17	191
gi|864	15425	15583	R=352	-	15511	57	86
gi|778	39061	39214	R=352	+	39112	51	87
gi|778	4353	4512	R=352	+	4410	57	87
gi|706	26337	26469	R=352	-	26424	30	87
gi|669	13133	13292	R=352	-	13220	57	87
gi|528	26383	26542	R=352	+	26440	57	87
gi|528	15449	15608	R=352	+	15506	57	87
gi|1028	26731	26908	R=353	+	26885	154	8
gi|1007	32631	32851	R=353	+	32831	200	5
gi|990	783	1003	R=353	+	983	200	5
gi|982	39156	39333	R=353	-	39164	154	8
gi|943	7268	7466	R=353	-	7276	175	8
gi|909	18662	18882	R=353	-	18667	200	5
gi|693	1779	1956	R=353	-	1787	154	8
gi|622	28935	29112	R=353	-	28943	154	8
gi|428	38973	39193	R=353	+	39173	200	5
gi|325	16983	17203	R=353	-	16988	200	5
gi|293	16966	17143	R=353	-	16974	154	8
gi|253	2865	3086	R=353	+	3065	200	6
gi|1035	10274	15509	R=354	-	11825	3669	1551
gi|702	10435	15669	R=354	+	14106	3671	1548
gi|684	-4	3621	R=354	+	2055	2059	1551
gi|338	36649	40378	R=354	+	40319	3670	44
gi|293	4203	4552	R=354	+	4379	176	158
gi|112	0	4364	R=354	+	2798	2798	1551
gi|43	11701	16852	R=354	+	15369	3668	1468
gi|789	30783	30936	R=355	-	30786	135	3
gi|667	24146	24303	R=355	+	24285	139	3
gi|592	17613	17770	R=355	-	17616	139	3
gi|573	13386	13543	R=355	-	13389	139	3
gi|424	31440	31596	R=355	-	31443	138	3
gi|916	31300	31751	R=356	+	31318	18	418
gi|672	5681	5787	R=356	+	5699	18	73
gi|671	39538	39740	R=356	-	39707	18	169
gi|593	34839	35289	R=356	-	35258	16	419
gi|492	23647	24099	R=356	+	23665	18	419
gi|378	368	820	R=356	-	787	18	419
gi|169	7524	7976	R=356	+	7542	18	419
gi|168	25442	25686	R=356	+	25459	17	212
gi|53	15365	15754	R=356	-	15721	18	356
gi|913	29128	30224	R=357	+	29960	832	249
gi|857	1009	1670	R=357	+	1317	308	338
gi|590	6742	7752	R=357	+	7574	832	163
gi|541	31401	32411	R=357	+	32233	832	163
gi|514	12613	13480	R=357	+	13127	514	338
gi|512	24262	25452	R=357	+	25098	836	339
gi|479	1	367	R=357	+	89	88	263
gi|449	30687	31431	R=357	+	31077	390	339
gi|1035	19566	22920	R=358	+	22096	2530	809
gi|1028	24899	28923	R=358	+	27431	2532	1477
gi|982	37141	40173	R=358	-	38618	1540	1477
gi|943	5253	9277	R=358	-	6730	2532	1477
gi|693	-2	1982	R=358	-	1241	726	1243
gi|622	27157	30942	R=358	-	28397	2530	1240
gi|293	14953	18975	R=358	-	16428	2532	1475
gi|970	14950	15210	R=359	-	14953	242	3
gi|970	14504	14764	R=359	+	14746	242	3
gi|959	17748	18006	R=359	-	17751	240	3
gi|959	17303	17562	R=359	+	17544	241	3
gi|687	27522	27779	R=359	+	27764	242	0
gi|1035	15509	19569	R=360	-	17860	1694	2351
gi|1028	19270	23860	R=360	-	22635	1210	3365
gi|943	8283	14374	R=360	+	10994	2711	3365
gi|693	3368	6656	R=360	+	6076	2708	565
gi|622	30939	34030	R=360	+	32633	1694	1382
gi|350	0	6089	R=360	+	2709	2709	3365
gi|293	17981	24072	R=360	+	20692	2711	3365
gi|930	20476	21771	R=361	+	21119	643	637
gi|905	23555	24803	R=361	+	24151	596	637
gi|822	7353	7538	R=361	+	7475	122	48
gi|804	36664	37912	R=361	-	37301	596	637
gi|709	1	670	R=361	-	12	643	11
gi|683	37495	38669	R=361	-	38059	595	564
gi|607	12108	13403	R=361	+	12751	643	637
gi|510	1	932	R=361	-	274	643	273
gi|1029	6524	8683	R=362	+	6537	13	2131
gi|956	39694	40081	R=362	+	39707	13	359
gi|667	18749	20906	R=362	-	20878	13	2129
gi|592	21212	23369	R=362	+	21225	13	2129
gi|235	9984	12143	R=362	+	9997	13	2131
gi|1004	1	3720	R=363	+	1284	1283	2421
gi|872	23251	26969	R=363	-	25671	1283	2420
gi|776	36419	36925	R=363	-	36571	339	152
gi|748	1430	1940	R=363	+	1588	158	337
gi|510	20958	24676	R=363	+	22241	1283	2420
gi|500	17642	18115	R=363	+	17800	158	300
gi|493	3123	3294	R=363	+	3234	111	45
gi|133	15509	15986	R=363	-	15813	158	304
gi|111	5632	9349	R=363	+	6915	1283	2419
gi|970	26046	26193	R=364	+	26169	123	9
gi|786	26897	27045	R=364	-	26906	124	9
gi|703	16396	16541	R=364	+	16517	121	9
gi|469	28075	28222	R=364	+	28198	123	9
gi|299	14450	14595	R=364	+	14571	121	9
gi|226	20743	20889	R=364	-	20752	122	9
gi|218	12726	12862	R=364	+	12838	112	9
gi|151	18726	18871	R=364	+	18849	123	7
gi|845	37118	38001	R=365	+	37649	531	337
gi|572	34651	36073	R=365	-	35526	532	875
gi|572	34651	36073	R=365	+	35183	532	875
gi|398	23087	24509	R=365	-	23962	532	875
gi|398	23087	24509	R=365	+	23619	532	875
gi|276	24778	24987	R=365	-	24952	20	174
gi|276	24578	24802	R=365	+	24598	20	189
gi|256	27225	28649	R=365	-	28101	533	876
gi|256	27225	28649	R=365	+	27758	533	876
gi|17	28865	29227	R=365	+	28866	1	346
gi|837	24316	24617	R=366	-	24583	19	267
gi|690	5573	5876	R=366	-	5840	21	267
gi|531	22988	23282	R=366	-	23260	7	272
gi|503	16267	16570	R=366	+	16288	21	267
gi|482	5354	5659	R=366	-	5623	21	269
gi|441	24485	24774	R=366	-	24738	21	253
gi|331	27600	27903	R=366	+	27621	21	267
gi|655	11071	16940	R=367	-	16390	535	5319
gi|516	34511	38474	R=367	+	35580	1069	2879
gi|102	32397	38798	R=367	+	33464	1067	5319
gi|13	32457	38857	R=367	-	37775	1067	5318
gi|13	24060	30461	R=367	+	25127	1067	5319
gi|1029	26476	26606	R=368	+	26573	97	18
gi|1018	3425	3544	R=368	+	3522	97	7
gi|853	39346	39474	R=368	+	39441	95	18
gi|753	19500	19619	R=368	+	19597	97	7
gi|725	2611	2741	R=368	+	2708	97	18
gi|671	10379	10509	R=368	+	10476	97	18
gi|644	10225	10353	R=368	+	10322	97	16
gi|626	6922	7052	R=368	-	6940	97	18
gi|489	12153	12269	R=368	+	12250	97	4
gi|72	29863	29993	R=368	+	29960	97	18
gi|787	31022	31274	R=369	+	31121	99	138
gi|787	3874	4128	R=369	+	3973	99	140
gi|476	39798	40000	R=369	+	39897	99	88
gi|476	10897	11148	R=369	+	10995	98	138
gi|305	34821	35073	R=369	+	34920	99	138
gi|305	20289	20541	R=369	+	20388	99	138
gi|25	16233	16385	R=369	+	16332	99	38
gi|763	2953	3116	R=370	+	3091	138	10
gi|763	1936	2276	R=370	+	2178	242	83
gi|763	883	1227	R=370	+	1127	244	85
gi|467	39572	39916	R=370	+	39816	244	85
gi|460	16470	16635	R=370	+	16610	140	10
gi|460	15452	15793	R=370	+	15695	243	83
gi|460	14399	14743	R=370	+	14643	244	85
gi|460	1265	1430	R=370	+	1405	140	10
gi|460	247	588	R=370	+	490	243	83
gi|254	33795	33958	R=370	+	33933	138	10
gi|254	32777	33118	R=370	+	33020	243	83
gi|254	31070	31414	R=370	+	31314	244	85
gi|864	33033	34623	R=371	+	34333	1300	275
gi|732	367	2406	R=371	+	1663	1296	728
gi|669	33314	34063	R=371	+	33976	662	72
gi|376	38447	40000	R=371	+	39745	1298	240
gi|376	12593	13318	R=371	-	12673	630	80
gi|210	32586	33127	R=371	+	32945	359	167
gi|207	25026	27061	R=371	+	26321	1295	725
gi|195	15548	17286	R=371	+	16546	998	725
gi|38	5062	5875	R=371	+	5135	73	725
gi|914	39661	40000	R=372	-	39829	156	168
gi|914	27522	30041	R=372	+	27874	352	2152
gi|694	3152	3687	R=372	-	3320	352	168
gi|691	24635	27154	R=372	+	24987	352	2152
gi|461	27934	28469	R=372	-	28102	352	168
gi|461	6084	8603	R=372	+	6436	352	2152
gi|449	18417	20936	R=372	-	20569	352	2152
gi|1032	11159	15962	R=373	-	14329	1618	3170
gi|915	12297	15701	R=373	+	13916	1619	1770
gi|823	12039	16845	R=373	-	15209	1621	3170
gi|780	16675	17396	R=373	+	16849	174	532
gi|454	19352	24158	R=373	-	22522	1621	3170
gi|399	30059	34861	R=373	-	33226	1620	3167
gi|853	39505	39842	R=374	+	39678	173	149
gi|748	27063	27399	R=374	-	27211	173	148
gi|748	24406	24743	R=374	+	24579	173	149
gi|676	27630	27965	R=374	-	27778	172	148
gi|676	24972	25308	R=374	+	25144	172	149
gi|105	14034	14371	R=374	-	14183	173	149
gi|105	11374	11711	R=374	+	11547	173	149
gi|822	32642	34025	R=375	-	33938	72	1296
gi|822	20625	21513	R=375	-	21426	72	801
gi|788	1779	3156	R=375	+	1851	72	1290
gi|657	13431	14815	R=375	-	14728	72	1297
gi|657	1812	3189	R=375	-	3102	72	1290
gi|545	27394	28778	R=375	+	27466	72	1297
gi|366	35142	36531	R=375	+	35214	72	1302
gi|1045	16515	17039	R=376	-	16519	505	4
gi|1023	32998	33519	R=376	+	33500	502	4
gi|804	29078	29602	R=376	-	29082	505	4
gi|747	35041	35565	R=376	+	35546	505	4
gi|523	17060	17451	R=376	-	17064	372	4
gi|523	6803	7027	R=376	+	7008	205	4
gi|118	3513	4037	R=376	-	3517	505	4
gi|3	35161	35685	R=376	+	35666	505	4
gi|819	6786	7675	R=377	-	6936	724	150
gi|807	17128	17352	R=377	+	17187	59	150
gi|648	23622	24515	R=377	-	23772	728	150
gi|465	36728	37111	R=377	-	36745	351	17
gi|400	20947	21802	R=377	+	21675	728	112
gi|226	35091	35984	R=377	+	35819	728	150
gi|3	1930	2154	R=377	+	1989	59	150
gi|972	15580	21264	R=378	-	17389	3860	1809
gi|815	28274	31096	R=378	-	29881	1200	1607
gi|663	21	5704	R=378	+	3881	3860	1808
gi|656	2	4687	R=378	+	2862	2860	1810
gi|647	28312	33796	R=378	-	29921	3860	1609
gi|629	6060	11744	R=378	-	7869	3860	1809
gi|1029	27631	27876	R=379	-	27784	77	153
gi|960	3686	3866	R=379	+	3767	81	84
gi|671	11534	11779	R=379	-	11687	77	153
gi|626	5631	5876	R=379	+	5708	77	153
gi|421	6032	6134	R=379	+	6113	81	6
gi|375	29533	29777	R=379	-	29683	79	150
gi|250	14090	14276	R=379	-	14240	21	150
gi|142	12327	12429	R=379	+	12408	81	6
gi|1010	32236	32384	R=380	-	32323	46	87
gi|1010	32236	32384	R=380	+	32282	46	87
gi|884	23390	23538	R=380	-	23477	46	87
gi|724	1720	1868	R=380	-	1807	46	87
gi|724	1720	1868	R=380	+	1766	46	87
gi|459	20649	20797	R=380	-	20736	46	87
gi|456	27487	27635	R=380	+	27533	46	87
gi|342	18959	19107	R=380	-	19046	46	87
gi|342	18959	19107	R=380	+	19005	46	87
gi|342	3246	3377	R=380	+	3275	29	87
gi|88	23145	23293	R=380	-	23232	46	87
gi|88	23145	23293	R=380	+	23191	46	87
gi|1023	30551	30731	R=381	+	30707	156	9
gi|1007	18956	19136	R=381	-	18965	156	9
gi|903	16841	17020	R=381	+	16996	155	9
gi|894	11720	11898	R=381	-	11729	154	9
gi|123	5030	5210	R=381	+	5186	156	9
gi|53	30163	30275	R=381	+	30251	88	9
gi|35	32835	32951	R=381	+	32927	92	9
gi|1	23195	23357	R=381	+	23333	138	9
gi|789	4024	4591	R=382	-	4317	259	293
gi|719	15933	16543	R=382	-	16264	264	331
gi|704	31700	32312	R=382	+	31964	264	333
gi|690	6147	6592	R=382	-	6439	138	292
gi|550	18982	19594	R=382	+	19246	264	333
gi|540	19090	19686	R=382	-	19407	264	317
gi|417	20528	21124	R=382	-	20845	264	317
gi|321	485	1098	R=382	-	824	259	339
gi|292	3573	4180	R=382	-	3906	259	333
gi|196	39764	40116	R=382	+	39891	127	210
gi|104	21081	21620	R=382	+	21268	187	337
gi|67	23366	23973	R=382	+	23625	259	333
gi|893	34270	35590	R=383	-	34452	1123	182
gi|893	4882	5310	R=383	-	5037	258	155
gi|584	29655	30103	R=383	-	29837	251	182
gi|584	1	1164	R=383	-	26	1123	25
gi|554	18531	19079	R=383	-	18712	352	181
gi|554	4860	6037	R=383	-	5042	980	182
gi|299	28826	29376	R=383	-	29009	352	183
gi|299	14748	15239	R=383	-	14873	351	125
gi|90	29738	30984	R=383	-	29848	1121	110
gi|90	12963	14281	R=383	-	13145	1121	182
gi|686	37081	40073	R=384	+	39158	2077	900
gi|676	16839	18858	R=384	+	17881	1042	962
gi|411	23306	26346	R=384	-	24271	2060	965
gi|283	36707	37686	R=384	+	36749	42	922
gi|283	27249	30258	R=384	+	29321	2072	922
gi|283	19606	20627	R=384	+	19648	42	964
gi|283	11047	12072	R=384	+	11093	46	964
gi|200	1404	4459	R=384	+	3481	2077	963
gi|63	23090	26141	R=384	+	25165	2075	961
gi|58	25426	28422	R=384	-	26338	2069	912
gi|58	14771	17742	R=384	-	15650	2077	879
gi|48	29762	32811	R=384	+	31833	2071	963
gi|845	25563	27816	R=385	+	27667	2104	134
gi|845	19957	22358	R=385	+	22061	2104	282
gi|845	1376	2313	R=385	+	2016	640	282
gi|805	37840	40034	R=385	+	39940	2100	79
gi|805	24084	26087	R=385	+	25938	1854	134
gi|805	14019	16264	R=385	+	16118	2099	131
gi|805	7761	10161	R=385	+	9868	2107	278
gi|189	33857	33971	R=385	+	33885	28	71
gi|189	6382	8783	R=385	+	8490	2108	278
gi|899	23517	25769	R=386	-	23522	2232	5
gi|865	4688	6940	R=386	+	6920	2232	5
gi|758	5509	7761	R=386	+	7741	2232	5
gi|371	10405	12657	R=386	-	10410	2232	5
gi|111	11577	13829	R=386	-	11582	2232	5
gi|859	20120	21239	R=387	+	20308	188	916
gi|819	7676	7915	R=387	-	7712	188	36
gi|807	16212	16568	R=387	+	16353	141	200
gi|655	5209	5667	R=387	+	5327	118	325
gi|648	23622	24741	R=387	-	24538	188	916
gi|465	37945	38537	R=387	-	38356	166	411
gi|400	20721	21802	R=387	+	20909	188	878
gi|226	34865	35985	R=387	+	35053	188	917
gi|179	5361	6478	R=387	+	5549	188	914
gi|10	39174	39591	R=387	+	39252	78	324
gi|3	1010	1377	R=387	+	1151	141	211
gi|998	14342	15043	R=388	+	14545	203	483
gi|613	18959	19264	R=388	-	18991	258	32
gi|612	5611	6368	R=388	+	5870	259	483
gi|532	26589	27344	R=388	+	26847	258	482
gi|362	22413	23169	R=388	+	22671	258	483
gi|864	14766	14882	R=389	+	14800	34	67
gi|778	19681	19793	R=389	-	19748	30	67
gi|778	5826	5942	R=389	-	5893	34	67
gi|669	12472	12588	R=389	+	12506	34	67
gi|195	33440	33556	R=389	+	33474	34	67
gi|864	35379	35762	R=390	+	35706	327	41
gi|732	2647	3100	R=390	+	2995	348	90
gi|669	733	1185	R=390	+	1080	347	90
gi|570	16249	16679	R=390	+	16573	324	91
gi|376	11995	12383	R=390	-	12045	323	50
gi|210	33856	34242	R=390	+	34204	348	23
gi|210	12235	12666	R=390	+	12560	325	91
gi|207	5641	6045	R=390	+	5989	348	41
gi|195	17565	18018	R=390	+	17913	348	90
gi|38	8137	8307	R=390	+	8202	65	90
gi|920	29638	30134	R=391	+	29822	184	297
gi|576	19061	19470	R=391	-	19271	184	210
gi|427	21436	21932	R=391	-	21733	184	297
gi|242	23385	23881	R=391	-	23682	184	297
gi|24	14076	14420	R=391	+	14108	32	297
gi|999	5075	6732	R=392	+	5713	638	1004
gi|999	5075	6732	R=392	-	5274	1443	199
gi|971	22679	25263	R=392	+	24183	1504	1065
gi|971	22679	25263	R=392	-	23744	1504	1065
gi|780	11713	14297	R=392	+	13217	1504	1065
gi|780	11713	14297	R=392	-	12778	1504	1065
gi|578	21527	23656	R=392	+	22812	1285	829
gi|578	21527	23656	R=392	-	22373	1268	846
gi|868	6893	7247	R=393	+	7209	316	23
gi|548	24728	25083	R=393	-	24752	316	24
gi|531	26458	26813	R=393	+	26774	316	24
gi|213	24268	24623	R=393	+	24584	316	24
gi|1032	9142	9339	R=394	-	9312	12	170
gi|924	36257	36525	R=394	-	36494	16	237
gi|575	32575	32843	R=394	+	32591	16	237
gi|450	11973	12237	R=394	-	12206	16	233
gi|106	15041	15309	R=394	+	15057	16	237
gi|686	36311	36485	R=395	+	36433	122	37
gi|676	37328	37484	R=395	-	37365	104	37
gi|411	26801	26970	R=395	-	26838	117	37
gi|283	26620	26783	R=395	+	26737	117	31
gi|283	16816	16976	R=395	+	16935	119	26
gi|283	8006	8146	R=395	+	8102	96	29
gi|200	706	809	R=395	+	757	51	37
gi|62	38367	38527	R=395	+	38486	119	26
gi|58	18587	18718	R=395	-	18624	79	37
gi|58	11894	12059	R=395	-	11930	114	36
gi|48	29171	29310	R=395	+	29258	87	37
gi|859	18874	18986	R=396	+	18874	0	97
gi|819	7855	8048	R=396	-	8033	0	178
gi|648	24681	24874	R=396	-	24859	0	178
gi|400	20598	20723	R=396	+	20598	0	110
gi|226	34741	34867	R=396	+	34741	0	111
gi|179	5228	5421	R=396	+	5228	0	178
gi|10	38929	39040	R=396	+	38929	0	96
gi|3	814	1008	R=396	+	814	0	179
gi|813	11252	12144	R=397	-	11742	387	490
gi|801	2641	3523	R=397	-	3120	388	479
gi|741	39133	39646	R=397	+	39144	11	487
gi|741	11265	11725	R=397	+	11265	0	445
gi|672	33772	34665	R=397	-	34262	388	490
gi|572	30808	31006	R=397	+	30819	11	172
gi|523	4320	4833	R=397	+	4706	386	112
gi|373	26234	26675	R=397	+	26245	11	415
gi|266	35972	36863	R=397	+	36360	388	488
gi|1028	9570	9797	R=398	+	9643	73	139
gi|903	16572	16842	R=398	-	16754	73	182
gi|807	33387	33656	R=398	+	33459	72	182
gi|789	5321	5590	R=398	+	5393	72	182
gi|777	27196	27423	R=398	+	27269	73	139
gi|732	3432	3702	R=398	+	3505	73	182
gi|610	8425	8695	R=398	-	8607	73	182
gi|864	35163	35362	R=399	+	35241	78	106
gi|732	2481	3152	R=399	+	2559	78	578
gi|669	628	1237	R=399	+	645	17	577
gi|376	12422	12593	R=399	-	12507	71	85
gi|207	32670	33340	R=399	+	32748	78	577
gi|207	5547	6045	R=399	+	5553	6	477
gi|195	17399	18070	R=399	+	17477	78	578
gi|38	5982	6255	R=399	+	6060	78	180
gi|1036	39074	39236	R=400	-	39220	1	146
gi|787	23292	23488	R=400	+	23368	76	105
gi|591	12200	12362	R=400	-	12346	1	146
gi|576	32690	32852	R=400	-	32836	1	146
gi|476	32069	32265	R=400	+	32145	76	105
gi|329	38335	38475	R=400	+	38411	76	49
gi|305	27252	27394	R=400	+	27325	73	54
gi|45	35491	35653	R=400	-	35637	1	146
gi|35	25802	25964	R=400	+	25803	1	146
gi|25	29474	29609	R=400	+	29549	75	45
gi|25	9063	9196	R=400	+	9138	75	43
gi|787	26204	31020	R=401	-	26658	4347	454
gi|476	34980	39796	R=401	-	35434	4347	454
gi|476	6081	10892	R=401	-	6533	4344	452
gi|305	39044	40001	R=401	-	39526	460	482
gi|305	29981	34828	R=401	-	30463	4350	482
gi|305	15455	20296	R=401	-	15937	4344	482
gi|25	11399	16240	R=401	-	11881	4344	482
gi|1048	20999	22109	R=402	+	21046	47	1048
gi|929	30734	31844	R=402	-	31781	48	1047
gi|763	39778	40065	R=402	+	39816	38	234
gi|735	19138	20251	R=402	+	19187	49	1049
gi|614	3675	4788	R=402	-	4724	49	1049
gi|350	15010	15289	R=402	-	15236	38	226
gi|308	10101	10993	R=402	+	10149	48	829
gi|104	33236	33530	R=402	+	33284	48	231
gi|41	8796	9888	R=402	+	8824	28	1049
gi|732	11535	11725	R=403	-	11673	37	138
gi|655	23909	24420	R=403	-	24047	358	138
gi|604	2717	3221	R=403	+	3074	357	132
gi|561	8819	9274	R=403	+	9178	359	81
gi|424	3253	3717	R=403	-	3343	359	90
gi|298	16539	17052	R=403	-	16677	360	138
gi|278	31394	31861	R=403	-	31492	354	98
gi|236	5362	5874	R=403	-	5500	359	138
gi|236	4714	5220	R=403	+	5073	359	132
gi|158	38541	39056	R=403	-	38679	362	138
gi|60	1574	1713	R=403	+	1694	120	4
gi|904	31261	31510	R=404	+	31345	84	150
gi|693	23825	24074	R=404	-	23975	84	150
gi|693	6661	6762	R=404	-	6747	0	86
gi|500	22758	23007	R=404	-	22908	84	150
gi|500	22811	22975	R=404	+	22811	0	149
gi|500	8926	9175	R=404	+	9010	84	150
gi|354	2843	3092	R=404	-	2993	84	150
gi|354	2896	3060	R=404	+	2896	0	149
gi|257	22717	22966	R=404	-	22867	84	150
gi|257	22770	22934	R=404	+	22770	0	149
gi|257	11114	11363	R=404	+	11198	84	150
gi|763	1	1525	R=405	+	1495	1494	15
gi|467	38684	40214	R=405	+	40184	1500	15
gi|460	16355	16720	R=405	+	16690	335	15
gi|460	13514	15041	R=405	+	15011	1497	15
gi|460	1150	1515	R=405	+	1485	335	15
gi|254	33680	34043	R=405	+	34013	333	15
gi|254	30185	31712	R=405	+	31682	1497	15
gi|928	16053	16891	R=406	+	16300	247	576
gi|679	6758	7596	R=406	+	7005	247	576
gi|257	1017	1411	R=406	+	1235	218	161
gi|166	20732	21570	R=406	-	21308	247	576
gi|16	4395	5233	R=406	+	4642	247	576
gi|914	24238	24511	R=407	-	24263	233	25
gi|562	3577	3851	R=407	-	3603	233	26
gi|524	34614	34888	R=407	-	34640	233	26
gi|430	34462	34736	R=407	+	34695	233	26
gi|71	9517	9791	R=407	+	9751	234	25
gi|71	2705	2980	R=407	+	2939	234	26
gi|845	23675	23863	R=408	+	23743	68	105
gi|845	3598	3777	R=408	+	3666	68	96
gi|805	34362	34564	R=408	+	34455	93	94
gi|805	27504	27641	R=408	+	27575	71	51
gi|805	12160	12373	R=408	+	12253	93	105
gi|805	4806	5017	R=408	+	4899	93	103
gi|189	36892	37013	R=408	+	36985	93	13
gi|189	32848	32975	R=408	+	32855	7	105
gi|189	1998	2119	R=408	+	2091	93	13
gi|1042	29023	32189	R=409	-	30368	1806	1345
gi|1042	24093	26666	R=409	-	24832	1819	739
gi|430	23164	25244	R=409	+	24977	1813	252
gi|430	7175	10506	R=409	+	8997	1822	1494
gi|430	3088	4921	R=409	+	3406	318	1500
gi|204	37822	39444	R=409	-	39314	115	1492
gi|204	6463	8089	R=409	-	7959	115	1496
gi|204	2113	4199	R=409	-	2366	1818	253
gi|1029	26608	27200	R=410	-	26610	575	2
gi|952	23553	24146	R=410	-	23555	576	2
gi|671	10511	11103	R=410	-	10513	575	2
gi|626	6328	6920	R=410	+	6903	575	2
gi|308	34017	34199	R=410	-	34019	165	2
gi|820	30644	30748	R=411	+	30654	10	79
gi|754	11347	11716	R=411	+	11684	337	17
gi|666	38923	39298	R=411	+	39254	331	29
gi|664	692	1122	R=411	+	1028	336	79
gi|389	37808	38139	R=411	+	38045	237	79
gi|301	36729	36833	R=411	+	36739	10	79
gi|231	5347	5670	R=411	+	5630	283	25
gi|122	27770	28147	R=411	+	28106	336	26
gi|122	11701	11805	R=411	+	11711	10	79
gi|753	35431	35652	R=412	+	35631	200	6
gi|650	34636	34885	R=412	+	34864	228	6
gi|507	15703	15952	R=412	+	15931	228	6
gi|445	13708	13961	R=412	-	13714	232	6
gi|378	21931	22180	R=412	+	22159	228	6
gi|125	18766	19015	R=412	-	18772	228	6
gi|63	31708	31939	R=412	+	31918	210	6
gi|48	6451	6700	R=412	+	6679	228	6
gi|38	38030	38261	R=412	+	38240	210	6
gi|1025	27128	27345	R=413	+	27150	22	180
gi|944	11851	12070	R=413	-	12031	24	180
gi|512	29347	29545	R=413	-	29524	6	177
gi|489	14963	15182	R=413	-	15143	24	180
gi|208	21446	21663	R=413	-	21626	22	180
gi|188	11658	11877	R=413	-	11838	24	180
gi|43	1586	1785	R=413	+	1592	6	178
gi|676	6443	6771	R=414	-	6605	151	162
gi|494	22065	22248	R=414	+	22215	150	18
gi|411	26622	26941	R=414	+	26770	148	156
gi|283	33943	34258	R=414	-	34101	142	158
gi|283	16982	17158	R=414	-	16994	149	12
gi|81	30578	30795	R=414	-	30732	48	154
gi|62	38533	38711	R=414	-	38545	151	12
gi|58	29308	29565	R=414	+	29397	89	153
gi|58	18524	18724	R=414	+	18555	31	154
gi|58	11830	12026	R=414	+	11861	31	150
gi|798	36936	37984	R=415	+	37962	1026	7
gi|578	14475	15523	R=415	-	14482	1026	7
gi|338	13304	14352	R=415	-	13311	1026	7
gi|277	19726	20774	R=415	-	19733	1026	7
gi|3	227	813	R=415	+	791	564	7
gi|1023	2	4440	R=416	-	2828	1597	2826
gi|779	16782	21378	R=416	+	18382	1600	2981
gi|760	37412	40000	R=416	+	39010	1598	975
gi|732	21763	26356	R=416	-	24744	1597	2981
gi|657	7271	11859	R=416	-	10251	1593	2980
gi|545	31713	33484	R=416	+	32580	867	889
gi|481	15234	19829	R=416	-	18215	1599	2981
gi|429	16868	17573	R=416	+	16912	44	646
gi|52	27636	32228	R=416	+	29234	1598	2979
gi|874	9944	10071	R=417	+	9981	37	75
gi|855	19159	19272	R=417	-	19233	24	74
gi|798	25149	25909	R=417	+	25369	220	525
gi|798	11642	12426	R=417	-	12167	244	525
gi|730	23367	24151	R=417	-	23892	244	525
gi|490	39188	39302	R=417	-	39262	25	74
gi|373	38687	38801	R=417	+	38712	25	74
gi|293	30135	30895	R=417	-	30660	220	525
gi|78	3531	4116	R=417	+	3775	244	326
gi|868	19970	20146	R=418	-	20075	56	105
gi|855	8457	8633	R=418	-	8562	56	105
gi|823	39611	39731	R=418	-	39660	56	49
gi|679	23937	24113	R=418	-	24042	56	105
gi|674	30738	30869	R=418	-	30798	56	60
gi|649	15893	16028	R=418	-	15958	55	65
gi|649	15717	15892	R=418	+	15772	55	105
gi|438	26116	26292	R=418	-	26221	56	105
gi|424	4328	4504	R=418	+	4384	56	105
gi|37	17873	17999	R=418	+	17879	6	105
gi|1016	34825	35073	R=419	+	35012	187	46
gi|962	35042	35162	R=419	-	35088	59	46
gi|962	26917	27164	R=419	-	26962	187	45
gi|939	4948	5194	R=419	-	4991	188	43
gi|648	38004	38251	R=419	+	38190	186	46
gi|377	34345	34592	R=419	-	34391	186	46
gi|377	20139	20387	R=419	-	20184	188	45
gi|145	9780	10012	R=419	+	9965	185	32
gi|76	3505	3740	R=419	+	3693	188	32
gi|971	28562	28773	R=420	+	28578	16	180
gi|875	24603	24814	R=420	-	24783	16	180
gi|553	30971	31180	R=420	-	31151	14	180
gi|363	25865	26076	R=420	-	26045	16	180
gi|363	22070	22281	R=420	+	22086	16	180
gi|248	3032	3243	R=420	-	3212	16	180
gi|954	8447	8572	R=421	+	8534	87	23
gi|954	7668	7778	R=421	-	7676	87	8
gi|586	21475	21602	R=421	-	21498	89	23
gi|419	13891	14002	R=421	+	13975	84	12
gi|416	15884	16009	R=421	+	15971	87	23
gi|290	14913	15038	R=421	-	14936	87	23
gi|979	32211	33017	R=422	+	32866	655	136
gi|946	359	1165	R=422	-	495	655	136
gi|929	1	553	R=422	+	402	401	136
gi|588	38837	39638	R=422	-	38973	650	136
gi|314	1	742	R=422	+	591	590	136
gi|263	14160	14961	R=422	+	14810	650	136
gi|800	5116	5513	R=423	-	5341	157	225
gi|579	28986	29290	R=423	-	29211	64	225
gi|305	11547	11943	R=423	+	11703	156	225
gi|249	33980	34331	R=423	-	34162	154	182
gi|131	37242	37637	R=423	+	37397	155	225
gi|703	29754	30390	R=424	-	29855	520	101
gi|598	721	1431	R=424	+	1241	520	175
gi|465	38541	38968	R=424	-	38716	237	175
gi|307	17811	18521	R=424	-	17986	520	175
gi|127	27529	28239	R=424	+	28049	520	175
gi|787	32725	33281	R=425	+	32887	162	379
gi|787	5567	6424	R=425	+	5729	162	680
gi|476	12532	13389	R=425	+	12694	162	680
gi|305	36458	37252	R=425	+	36620	162	617
gi|305	21914	22764	R=425	+	22071	157	678
gi|153	1501	2057	R=425	+	1663	162	379
gi|25	26386	27213	R=425	+	26515	129	683
gi|809	2421	3424	R=426	+	2645	224	764
gi|771	8047	9001	R=426	+	8271	224	715
gi|682	13008	13958	R=426	-	13719	224	711
gi|676	31771	32774	R=426	-	32535	224	764
gi|350	18748	19314	R=426	+	18823	75	476
gi|246	35738	36590	R=426	-	36500	75	762
gi|241	15794	16653	R=426	+	15869	75	769
gi|920	36903	37527	R=427	+	37423	520	89
gi|882	14619	15244	R=427	+	15138	519	91
gi|882	12906	13439	R=427	-	12995	429	89
gi|838	11200	11387	R=427	-	11291	81	91
gi|732	34567	35185	R=427	+	35080	513	90
gi|684	6574	7201	R=427	+	7094	520	92
gi|490	27369	27679	R=427	-	27457	207	88
gi|298	15716	16340	R=427	-	15806	519	90
gi|236	5838	5994	R=427	+	5928	90	51
gi|25	38618	39245	R=427	+	39138	520	92
gi|1029	22667	22853	R=428	+	22794	127	44
gi|1002	4057	4745	R=428	+	4684	627	46
gi|999	17753	17938	R=428	-	17797	126	44
gi|976	9954	10798	R=428	+	10737	783	46
gi|925	3902	4747	R=428	-	3948	784	46
gi|732	36385	36947	R=428	-	36427	505	42
gi|465	37104	37944	R=428	-	37150	779	46
gi|197	6680	7522	R=428	-	6726	781	46
gi|449	21404	21736	R=429	+	21618	214	103
gi|367	11418	11895	R=429	-	11547	333	129
gi|217	1407	1886	R=429	-	1536	335	129
gi|213	34320	34797	R=429	-	34449	333	129
gi|213	31664	32141	R=429	+	31997	333	129
gi|925	1984	2198	R=430	+	2097	113	86
gi|802	17215	17428	R=430	-	17300	113	85
gi|651	17152	17364	R=430	+	17263	111	86
gi|568	31957	32172	R=430	-	32043	114	86
gi|516	20374	20583	R=430	-	20458	110	84
gi|295	3847	4061	R=430	-	3933	113	86
gi|255	35804	36018	R=430	-	35890	113	86
gi|213	20852	21056	R=430	+	20965	113	76
gi|74	19171	19385	R=430	-	19257	113	86
gi|25	6375	6588	R=430	+	6487	112	86
gi|864	13641	14030	R=431	+	13791	150	224
gi|807	2303	2701	R=431	+	2460	157	226
gi|411	27498	27896	R=431	+	27655	157	226
gi|395	18988	19384	R=431	+	19143	155	226
gi|230	16230	16626	R=431	+	16385	155	226
gi|89	24833	25230	R=431	+	24990	157	225
gi|763	16329	16490	R=432	-	16378	97	49
gi|690	11749	11909	R=432	-	11797	97	48
gi|535	32819	32956	R=432	-	32868	73	49
gi|460	29835	29996	R=432	-	29884	97	49
gi|269	4927	5088	R=432	-	4976	97	49
gi|96	28316	28477	R=432	-	28365	97	49
gi|922	911	2163	R=433	-	911	1237	0
gi|901	1945	3224	R=433	-	1945	1264	0
gi|840	33971	35250	R=433	+	35235	1264	0
gi|730	31824	33103	R=433	-	31824	1264	0
gi|517	32469	33748	R=433	+	33733	1264	0
gi|338	35446	36648	R=433	-	35446	1187	0
gi|1035	33497	34537	R=434	+	33671	174	851
gi|691	21804	22840	R=434	-	22655	170	851
gi|622	23192	24232	R=434	-	24043	174	851
gi|610	21891	22927	R=434	+	22061	170	851
gi|535	10293	10547	R=434	+	10467	174	65
gi|43	9735	10772	R=434	+	9905	170	852
gi|766	31355	31574	R=435	+	31559	204	0
gi|726	14818	15030	R=435	-	14818	197	0
gi|588	35032	35251	R=435	-	35032	204	0
gi|382	30067	30279	R=435	-	30067	197	0
gi|25	8786	9005	R=435	+	8990	204	0
gi|926	33201	33451	R=436	+	33436	235	0
gi|921	17388	17638	R=436	+	17623	235	0
gi|885	32262	32374	R=436	+	32359	97	0
gi|729	16047	16295	R=436	-	16047	233	0
gi|628	38331	38581	R=436	-	38331	235	0
gi|179	23946	24087	R=436	+	24072	126	0
gi|812	36793	37494	R=437	+	37165	372	314
gi|741	1	466	R=437	+	137	136	314
gi|711	14046	15495	R=437	-	14360	1120	314
gi|394	38514	39961	R=437	+	39632	1118	314
gi|339	35545	36992	R=437	-	35859	1118	314
gi|222	17899	19020	R=437	+	18691	792	314
gi|90	7507	8276	R=437	+	7947	440	314
gi|59	32698	34146	R=437	+	33817	1119	314
gi|1032	4199	4656	R=438	-	4199	442	0
gi|902	23317	23771	R=438	+	23756	439	0
gi|535	5904	6122	R=438	+	6106	202	1
gi|378	16012	16179	R=438	+	16164	152	0
gi|376	27694	28187	R=438	+	28072	378	100
gi|376	27103	27662	R=438	+	27547	444	100
gi|266	37161	37276	R=438	+	37261	100	0
gi|210	4251	4812	R=438	+	4696	445	101
gi|207	13996	14554	R=438	+	14439	443	100
gi|38	20682	20829	R=438	+	20714	32	100
gi|952	36947	37109	R=439	-	36984	110	37
gi|928	27037	27294	R=439	-	27074	205	37
gi|681	37112	37279	R=439	+	37227	115	37
gi|637	14727	14984	R=439	+	14932	205	37
gi|547	36985	37242	R=439	-	37022	205	37
gi|479	36438	36695	R=439	-	36475	205	37
gi|855	8998	9369	R=440	-	9258	96	260
gi|408	23886	24259	R=440	-	24148	96	262
gi|315	39197	39569	R=440	+	39292	95	262
gi|265	34964	35335	R=440	+	35060	96	260
gi|31	11817	12190	R=440	+	11913	96	262
gi|673	3012	4048	R=441	+	3452	440	581
gi|590	5706	6743	R=441	-	6288	440	582
gi|588	10523	10668	R=441	+	10537	14	116
gi|541	30365	31402	R=441	-	30947	440	582
gi|495	27996	29032	R=441	+	28436	440	581
gi|455	17640	18432	R=441	+	18070	430	347
gi|321	39778	39923	R=441	+	39792	14	116
gi|181	33064	33367	R=441	+	33152	88	200
gi|845	28060	28259	R=442	+	28197	137	47
gi|845	22210	23237	R=442	+	22615	405	607
gi|845	2165	2809	R=442	+	2568	403	226
gi|805	26074	26894	R=442	+	26477	403	402
gi|805	16252	17274	R=442	+	16653	401	606
gi|805	10322	11313	R=442	+	10689	367	609
gi|189	34026	35024	R=442	+	34424	398	585
gi|189	30669	31550	R=442	+	30927	258	608
gi|189	64	1089	R=442	+	465	401	609
gi|633	35204	35542	R=443	+	35332	128	195
gi|633	34649	34964	R=443	-	34821	128	172
gi|633	34156	34439	R=443	+	34227	71	197
gi|633	33723	34064	R=443	-	33920	129	197
gi|633	33424	33704	R=443	+	33513	89	176
gi|224	33794	34132	R=443	+	33922	128	195
gi|224	33588	33702	R=443	-	33616	71	28
gi|224	32871	33211	R=443	+	32999	128	197
gi|859	7915	8277	R=444	-	8208	54	293
gi|273	18791	19185	R=444	-	19084	86	293
gi|269	36725	37117	R=444	-	37018	84	293
gi|143	34116	34283	R=444	+	34200	84	68
gi|142	9874	10263	R=444	-	10164	84	290
gi|74	7363	7755	R=444	-	7656	84	293
gi|1047	38339	38559	R=445	+	38488	149	56
gi|850	18925	19052	R=445	-	18981	56	56
gi|654	1303	1521	R=445	-	1359	147	56
gi|441	5065	5234	R=445	-	5072	147	7
gi|419	31096	31316	R=445	+	31245	149	56
gi|263	23599	23817	R=445	+	23747	148	55
gi|112	19797	20015	R=445	+	19945	148	55
gi|885	30037	30225	R=446	-	30178	32	141
gi|539	19832	20020	R=446	-	19973	32	141
gi|394	17089	17235	R=446	-	17188	32	99
gi|281	23647	23835	R=446	-	23788	32	141
gi|272	7492	7680	R=446	+	7524	32	141
gi|263	2630	2818	R=446	+	2662	32	141
gi|867	20625	20879	R=447	-	20650	214	25
gi|867	9497	9782	R=447	-	9553	214	56
gi|792	12858	13143	R=447	+	13072	214	56
gi|792	1734	1988	R=447	+	1948	214	25
gi|409	19463	19748	R=447	+	19677	214	56
gi|409	8341	8595	R=447	+	8555	214	25
gi|409	2057	2327	R=447	-	2100	212	43
gi|36	11801	12086	R=447	+	12015	214	56
gi|36	681	935	R=447	+	895	214	25
gi|899	21513	25769	R=448	-	22991	2763	1478
gi|865	4688	8944	R=448	+	7451	2763	1478
gi|758	5509	9765	R=448	+	8272	2763	1478
gi|371	8401	12657	R=448	-	9879	2763	1478
gi|111	10895	13829	R=448	-	11053	2761	158
gi|1007	12770	13205	R=449	-	13020	170	250
gi|732	6899	7334	R=449	+	7069	170	250
gi|348	31259	31690	R=449	+	31425	166	250
gi|75	14686	15120	R=449	-	14935	170	249
gi|16	7035	7470	R=449	+	7205	170	250
gi|1002	38491	38605	R=450	+	38544	53	46
gi|1002	14287	14398	R=450	+	14326	39	57
gi|566	39660	39786	R=450	-	39688	83	28
gi|517	34870	35027	R=450	+	34953	83	59
gi|517	2511	2668	R=450	+	2594	83	59
gi|492	39056	39213	R=450	+	39139	83	59
gi|266	34633	34790	R=450	-	34692	83	59
gi|159	29859	30016	R=450	+	29942	83	59
gi|820	23413	25433	R=451	-	23830	1588	417
gi|682	36692	38712	R=451	-	37109	1588	417
gi|231	23908	25919	R=451	-	24323	1581	415
gi|122	37120	39140	R=451	-	37537	1588	417
gi|120	4745	6755	R=451	-	5160	1580	415
gi|711	35618	36255	R=452	-	36145	95	527
gi|578	11033	11670	R=452	+	11128	95	527
gi|490	8976	9618	R=452	-	9507	96	531
gi|400	24996	25325	R=452	+	25007	11	303
gi|342	16404	17041	R=452	-	16931	95	527
gi|826	32666	33027	R=453	-	32977	35	311
gi|758	14704	15065	R=453	-	15015	35	311
gi|657	25152	25509	R=453	+	25186	34	308
gi|604	15173	15453	R=453	+	15208	35	230
gi|604	7240	7595	R=453	-	7545	35	305
gi|596	684	948	R=453	+	718	34	215
gi|372	1885	2246	R=453	-	2196	35	311
gi|371	5115	5472	R=453	+	5149	34	308
gi|254	26545	26727	R=453	+	26580	35	132
gi|855	2298	3649	R=454	+	2407	109	1227
gi|684	19416	20767	R=454	-	20643	109	1227
gi|670	8353	8824	R=454	-	8700	109	347
gi|562	14724	16066	R=454	-	15951	100	1227
gi|490	22574	23518	R=454	+	22674	100	829
gi|224	15007	16358	R=454	+	15116	109	1227
gi|1028	29287	34178	R=455	-	30639	3524	1352
gi|982	31897	36788	R=455	+	35421	3524	1352
gi|943	-2	4889	R=455	+	3522	3524	1352
gi|569	17262	19414	R=455	-	18615	784	1353
gi|549	38118	39703	R=455	+	39183	1065	505
gi|535	36189	37912	R=455	+	37647	1458	250
gi|293	8594	12344	R=455	+	12118	3524	211
gi|1013	39079	39202	R=456	+	39079	0	108
gi|952	27948	28071	R=456	+	27948	0	108
gi|847	21930	22030	R=456	-	22015	0	85
gi|547	33382	33503	R=456	-	33488	0	106
gi|353	39031	39152	R=456	-	39137	0	106
gi|353	16030	16151	R=456	+	16030	0	106
gi|267	14119	14240	R=456	-	14225	0	106
gi|267	13032	13153	R=456	+	13032	0	106
gi|230	7344	7467	R=456	-	7452	0	108
gi|148	1481	1604	R=456	+	1481	0	108
gi|987	9487	9773	R=457	+	9609	122	149
gi|580	36932	37219	R=457	+	37048	116	156
gi|580	22896	23189	R=457	+	23018	122	156
gi|382	29219	29512	R=457	+	29341	122	156
gi|382	27835	28128	R=457	+	27957	122	156
gi|382	13477	13770	R=457	+	13599	122	156
gi|601	16316	16576	R=458	-	16450	111	134
gi|508	32648	32908	R=458	-	32782	111	134
gi|214	26602	26861	R=458	-	26736	110	134
gi|104	16917	17177	R=458	-	17051	111	134
gi|104	12327	12587	R=458	-	12461	111	134
gi|48	10728	10988	R=458	+	10839	111	134
gi|931	25507	25628	R=459	+	25570	63	43
gi|780	34427	34543	R=459	-	34470	58	43
gi|689	13708	13823	R=459	+	13765	57	43
gi|644	23445	23566	R=459	-	23488	63	43
gi|587	21345	21461	R=459	-	21388	58	43
gi|570	36115	36236	R=459	-	36158	63	43
gi|570	31428	31544	R=459	-	31471	58	43
gi|545	15318	15439	R=459	+	15381	63	43
gi|401	16539	16660	R=459	+	16602	63	43
gi|897	38643	38943	R=460	-	38723	205	80
gi|706	35185	35908	R=460	+	35226	41	667
gi|664	36409	37429	R=460	-	37078	336	669
gi|461	29026	30046	R=460	+	29362	336	669
gi|140	10713	11205	R=460	-	10854	336	141
gi|120	8470	9491	R=460	+	8806	336	670
gi|106	12893	13245	R=460	+	13136	243	94
gi|500	7200	7875	R=461	+	7762	562	98
gi|429	35854	36529	R=461	-	35952	562	98
gi|429	33091	33464	R=461	+	33351	260	98
gi|236	28605	29281	R=461	-	28703	563	98
gi|236	25549	26225	R=461	+	26112	563	98
gi|998	6609	8012	R=462	-	7243	754	634
gi|936	1029	1838	R=462	+	1188	159	635
gi|580	37445	38653	R=462	+	38196	751	442
gi|545	13456	14666	R=462	-	13902	749	446
gi|261	4799	6129	R=462	+	5553	754	561
gi|148	34948	36242	R=462	+	35593	645	634
gi|77	35537	36940	R=462	+	36291	754	634
gi|882	22679	23181	R=463	-	22979	187	300
gi|882	8133	8633	R=463	+	8318	185	300
gi|838	6538	7048	R=463	+	6733	195	300
gi|545	130	645	R=463	+	327	197	303
gi|357	8804	9320	R=463	-	9108	197	304
gi|181	1010	1525	R=463	-	1313	197	303
gi|165	34291	34802	R=463	+	34488	197	299
gi|60	4250	4716	R=463	+	4444	194	257
gi|965	38000	39510	R=464	+	38213	213	1282
gi|937	33780	35290	R=464	-	35062	213	1282
gi|917	28157	29845	R=464	+	28551	394	1279
gi|831	18514	19244	R=464	-	18835	394	321
gi|699	17527	18090	R=464	+	17921	394	154
gi|427	11059	12747	R=464	-	12339	393	1280
gi|401	30867	31594	R=464	-	31188	391	321
gi|350	12931	13661	R=464	-	13252	394	321
gi|221	34456	35941	R=464	+	34849	393	1077
gi|672	7585	7821	R=465	-	7766	40	181
gi|672	7082	7318	R=465	+	7122	40	181
gi|181	31749	31985	R=465	-	31930	40	181
gi|129	18914	19111	R=465	-	19057	39	143
gi|129	18649	18884	R=465	+	18688	39	181
gi|977	8527	9138	R=466	-	8573	550	46
gi|939	2824	3435	R=466	+	3374	550	46
gi|645	2593	3204	R=466	+	3143	550	46
gi|430	30651	30761	R=466	-	30697	49	46
gi|339	22422	23034	R=466	+	22973	551	46
gi|225	20240	20734	R=466	-	20286	433	46
gi|185	31277	31408	R=466	+	31347	70	46
gi|153	11327	11458	R=466	+	11397	70	46
gi|55	12236	12847	R=466	+	12786	550	46
gi|703	819	966	R=467	-	828	123	9
gi|651	37659	37808	R=467	-	37670	123	11
gi|651	36909	37033	R=467	+	37007	98	11
gi|405	31872	32019	R=467	-	31881	123	9
gi|109	29262	29409	R=467	-	29271	123	9
gi|1007	32496	32970	R=468	-	32916	39	420
gi|990	1	1122	R=468	-	1068	39	1067
gi|909	18543	18906	R=468	+	18582	39	309
gi|428	38192	39312	R=468	-	39258	39	1066
gi|325	16864	17984	R=468	+	16903	39	1066
gi|253	2084	3170	R=468	-	3150	5	1066
gi|811	4448	9379	R=469	-	4680	4684	232
gi|810	1	4856	R=469	-	158	4683	157
gi|635	12636	17565	R=469	+	17318	4682	232
gi|384	458	5388	R=469	-	690	4683	232
gi|244	16293	19290	R=469	+	19043	2750	232
gi|1029	27201	28184	R=470	-	27281	888	80
gi|952	24168	24599	R=470	-	24250	334	82
gi|671	11104	12087	R=470	-	11184	888	80
gi|626	5323	6306	R=470	+	6211	888	80
gi|323	9707	10137	R=470	-	9787	335	80
gi|308	37641	37971	R=470	-	37721	235	80
gi|6	-1	982	R=470	+	887	888	80
gi|948	34969	35135	R=471	+	35120	151	0
gi|948	34023	34297	R=471	-	34023	259	0
gi|845	34448	34722	R=471	+	34707	259	0
gi|803	15293	15567	R=471	+	15552	259	0
gi|803	14118	14392	R=471	-	14118	259	0
gi|771	34116	34273	R=471	-	34116	142	0
gi|989	36282	37482	R=472	+	37177	895	290
gi|822	6002	7202	R=472	-	6292	895	290
gi|804	8774	9972	R=472	-	9064	893	290
gi|703	28679	29754	R=472	+	29574	895	165
gi|271	2724	3356	R=472	+	3051	327	290
gi|25	31432	31844	R=472	-	31595	234	163
gi|978	22552	24318	R=473	+	24290	1738	13
gi|468	33708	35474	R=473	+	35446	1738	13
gi|295	24226	25992	R=473	+	25964	1738	13
gi|22	16986	18752	R=473	+	18724	1738	13
gi|625	23152	23265	R=474	+	23188	36	62
gi|614	15685	15797	R=474	+	15721	36	61
gi|539	28894	29006	R=474	+	28930	36	61
gi|517	36897	37009	R=474	+	36933	36	61
gi|431	23629	23741	R=474	-	23690	36	61
gi|431	20737	20850	R=474	+	20773	36	62
gi|179	634	745	R=474	-	694	36	60
gi|159	24415	24527	R=474	-	24476	36	61
gi|863	37861	38469	R=475	+	38454	593	0
gi|672	6132	6743	R=475	-	6132	596	0
gi|658	8492	9106	R=475	+	9091	599	0
gi|614	10683	10962	R=475	-	10683	264	0
gi|227	37699	38313	R=475	-	37699	599	0
gi|223	15061	15283	R=475	+	15268	207	0
gi|1008	17034	17515	R=476	+	17482	448	18
gi|939	15460	16473	R=476	+	16179	719	279
gi|925	30979	31991	R=476	-	31258	718	279
gi|737	38173	39129	R=476	+	38835	662	279
gi|365	19689	20703	R=476	+	20409	720	279
gi|214	1730	2166	R=476	+	1872	142	279
gi|57	5231	6244	R=476	+	5950	719	279
gi|924	36426	36609	R=477	-	36561	33	135
gi|649	13592	14256	R=477	+	13625	33	616
gi|613	31421	32085	R=477	+	31454	33	616
gi|575	32491	32674	R=477	+	32524	33	135
gi|385	20267	20930	R=477	-	20882	33	615
gi|200	15974	16637	R=477	-	16589	33	615
gi|106	14957	15140	R=477	+	14990	33	135
gi|789	29651	29882	R=478	+	29667	16	200
gi|789	19412	19730	R=478	+	19428	16	287
gi|378	39270	39586	R=478	+	39286	16	285
gi|142	33025	33344	R=478	-	33313	16	288
gi|52	24459	24777	R=478	-	24746	16	287
gi|52	15840	16071	R=478	-	16040	16	200
gi|1016	26920	27625	R=479	+	27598	678	12
gi|145	31413	31586	R=479	+	31559	146	12
gi|145	6708	7413	R=479	+	7386	678	12
gi|76	34333	35039	R=479	+	35012	679	12
gi|76	416	1122	R=479	+	1095	679	12
gi|893	32737	33986	R=480	+	33612	875	359
gi|874	19950	20429	R=480	+	20149	199	265
gi|737	4532	4933	R=480	+	4653	121	265
gi|584	27244	28489	R=480	+	28115	871	359
gi|554	16997	18248	R=480	+	17874	877	359
gi|554	3958	4419	R=480	+	4183	225	221
gi|299	27307	28415	R=480	+	28182	875	218
gi|90	24223	24880	R=480	+	24732	509	133
gi|90	12182	12661	R=480	+	12287	105	359
gi|834	27298	27499	R=481	+	27338	40	146
gi|834	26008	26217	R=481	+	26051	43	151
gi|604	25649	25838	R=481	+	25672	23	151
gi|604	19484	19688	R=481	+	19527	43	146
gi|555	29842	30050	R=481	-	29992	43	150
gi|154	37915	38088	R=481	-	38030	43	115
gi|976	3603	4827	R=482	-	4577	235	974
gi|359	30932	32127	R=482	-	31907	205	975
gi|269	9002	10015	R=482	+	9237	235	763
gi|241	6596	7821	R=482	-	7571	235	975
gi|164	39061	39619	R=482	-	39370	234	309
gi|60	32166	33391	R=482	+	32401	235	975
gi|867	18931	19075	R=483	-	19051	9	120
gi|867	18931	19075	R=483	+	18940	9	120
gi|792	3538	3682	R=483	-	3658	9	120
gi|792	3538	3682	R=483	+	3547	9	120
gi|409	10145	10289	R=483	-	10265	9	120
gi|409	10145	10289	R=483	+	10154	9	120
gi|36	2486	2629	R=483	-	2605	9	119
gi|36	2486	2629	R=483	+	2495	9	119
gi|1042	7500	9395	R=484	+	8038	538	1342
gi|524	35693	36093	R=484	+	35820	127	258
gi|430	33257	33657	R=484	-	33515	127	258
gi|430	14243	16142	R=484	-	15589	538	1346
gi|204	26462	28363	R=484	+	27001	539	1347
gi|204	13706	15603	R=484	+	14244	538	1344
gi|787	25630	26204	R=485	+	26110	480	79
gi|476	34406	34980	R=485	+	34886	480	79
gi|476	5858	6080	R=485	+	5985	127	80
gi|305	38811	39061	R=485	+	38965	154	81
gi|305	29422	29998	R=485	+	29902	480	81
gi|305	15243	15472	R=485	+	15377	134	80
gi|25	10841	11416	R=485	+	11321	480	80
gi|1036	39475	39641	R=486	-	39503	123	28
gi|786	23263	23443	R=486	-	23291	137	28
gi|718	34601	34782	R=486	-	34628	139	27
gi|576	33091	33276	R=486	-	33119	142	28
gi|354	28970	29151	R=486	+	29109	139	27
gi|45	35897	36082	R=486	-	35925	142	28
gi|35	25373	25558	R=486	+	25515	142	28
gi|811	4523	20376	R=487	+	10358	5835	10003
gi|810	1	15847	R=487	+	5833	5832	9999
gi|635	1645	17490	R=487	-	11644	5831	9999
gi|384	533	16381	R=487	+	6367	5834	9999
gi|244	3379	16294	R=487	-	13378	2901	9999
gi|783	6388	7134	R=488	+	6514	126	605
gi|662	945	1495	R=488	+	1071	126	409
gi|610	12230	12976	R=488	+	12356	126	605
gi|514	4654	5398	R=488	+	4778	124	605
gi|418	35310	35735	R=488	-	35594	126	284
gi|242	35089	35835	R=488	+	35215	126	605
gi|778	33244	34250	R=489	-	33998	237	754
gi|778	14462	15476	R=489	-	15224	237	762
gi|778	579	1591	R=489	-	1339	237	760
gi|528	25365	26372	R=489	-	26120	237	755
gi|528	11708	12721	R=489	-	12470	236	762
gi|376	33536	34184	R=489	+	33588	52	581
gi|207	20091	20746	R=489	+	20150	59	581
gi|195	10528	10899	R=489	+	10587	59	297
gi|38	26271	26919	R=489	+	26323	52	581
gi|990	29889	30104	R=490	-	30081	8	192
gi|990	19964	20335	R=490	-	20153	167	189
gi|990	12555	12930	R=490	-	12747	168	192
gi|705	33513	33880	R=490	-	33697	168	184
gi|705	25637	26012	R=490	-	25829	168	192
gi|705	11048	11375	R=490	-	11193	167	145
gi|644	21646	22021	R=490	-	21838	168	192
gi|644	15716	16082	R=490	-	15900	167	184
gi|893	35621	35899	R=491	+	35779	158	105
gi|879	26315	26593	R=491	+	26473	158	105
gi|546	18510	18788	R=491	-	18615	158	105
gi|222	31374	31652	R=491	+	31532	158	105
gi|1	27791	28069	R=491	+	27949	158	105
gi|871	3722	3925	R=492	-	3842	68	120
gi|461	4290	4631	R=492	+	4496	206	120
gi|430	39119	39459	R=492	+	39325	206	119
gi|237	4094	4324	R=492	-	4103	206	9
gi|223	1085	1426	R=492	+	1295	210	116
gi|17	35639	35979	R=492	+	35845	206	119
gi|1035	5849	6523	R=493	-	5849	659	0
gi|1028	15601	16399	R=493	-	15601	783	0
gi|943	17251	18049	R=493	+	18034	783	0
gi|350	8944	9742	R=493	+	9727	783	0
gi|78	21840	22638	R=493	+	22623	783	0
gi|918	43640	46745	R=494	-	46049	681	2409
gi|867	6602	7683	R=494	-	6987	681	385
gi|792	14957	18064	R=494	+	15638	681	2411
gi|409	21572	24681	R=494	+	22253	681	2413
gi|36	13914	17022	R=494	+	14595	681	2412
gi|891	33632	33954	R=495	+	33802	170	137
gi|804	25534	25881	R=495	+	25734	200	132
gi|804	14314	14661	R=495	+	14514	200	132
gi|804	11262	11609	R=495	+	11462	200	132
gi|804	7027	7374	R=495	+	7227	200	132
gi|804	4170	4517	R=495	+	4370	200	132
gi|696	30735	30957	R=495	-	30751	191	16
gi|550	20931	21274	R=495	-	21059	200	128
gi|242	20651	20997	R=495	+	20851	200	131
gi|242	60	392	R=495	+	260	200	117
gi|1028	34528	34754	R=496	-	34706	33	178
gi|982	31321	31547	R=496	+	31354	33	178
gi|693	25560	25765	R=496	+	25570	10	180
gi|549	22852	23079	R=496	+	22884	32	180
gi|549	17766	17992	R=496	+	17799	33	178
gi|293	8018	8244	R=496	+	8051	33	178
gi|150	8124	8343	R=496	-	8304	24	180
gi|70	30976	31203	R=496	-	31155	33	179
gi|54	37675	37894	R=496	+	37700	25	179
gi|933	33369	37709	R=497	+	35422	2053	2272
gi|912	13675	18015	R=497	-	15947	2053	2272
gi|568	12921	13522	R=497	-	13417	90	496
gi|119	35664	40004	R=497	-	37936	2053	2272
gi|119	31340	35681	R=497	+	33393	2053	2273
gi|1013	23408	23589	R=498	+	23516	108	58
gi|834	26500	26857	R=498	-	26734	108	234
gi|834	25763	25938	R=498	-	25821	102	58
gi|604	25379	25560	R=498	-	25437	108	58
gi|604	18763	19046	R=498	-	18923	108	160
gi|596	5698	5879	R=498	-	5756	108	58
gi|555	30074	30434	R=498	+	30182	108	237
gi|422	31344	31702	R=498	-	31579	108	235
gi|154	38115	38442	R=498	+	38193	78	234
gi|928	3056	3218	R=499	-	3195	8	139
gi|881	1050	1205	R=499	-	1182	8	132
gi|881	544	699	R=499	+	552	8	132
gi|681	30473	30628	R=499	+	30481	8	132
gi|621	35673	35830	R=499	-	35807	8	134
gi|331	10677	10834	R=499	-	10811	8	134
gi|331	9777	9934	R=499	+	9785	8	134
gi|989	4039	4241	R=500	+	4052	13	174
gi|576	4227	4433	R=500	-	4404	14	177
gi|387	26029	26233	R=500	+	26043	14	175
gi|338	12895	13101	R=500	-	13072	14	177
gi|178	7883	8088	R=500	-	8059	14	176
gi|130	16855	16955	R=500	+	16869	14	71
gi|815	2	12292	R=501	+	2281	2279	9996
gi|663	21505	33216	R=501	-	31503	1698	9998
gi|647	1	12340	R=501	+	2326	2325	9999
gi|536	3079	15424	R=501	-	13078	2331	9999
gi|336	34178	46523	R=501	+	36509	2331	9999
gi|186	1116	13462	R=501	+	3447	2331	10000
gi|913	37287	38091	R=502	-	37652	424	365
gi|913	30542	32274	R=502	-	31230	1029	688
gi|857	1583	3311	R=502	-	2270	1026	687
gi|512	25365	27097	R=502	-	26052	1030	687
gi|479	714	1147	R=502	-	1011	121	297
gi|449	31344	33076	R=502	-	32031	1030	687
gi|288	36991	38689	R=502	+	38026	1035	648
gi|871	1880	2629	R=503	-	2091	523	211
gi|688	3632	3871	R=503	-	3847	9	215
gi|489	12807	13562	R=503	+	13332	525	215
gi|190	35814	36563	R=503	+	36338	524	210
gi|23	32409	33156	R=503	-	32618	523	209
gi|913	34187	34479	R=504	+	34379	192	85
gi|857	4517	5935	R=504	+	4628	111	1292
gi|651	8243	9743	R=504	+	8435	192	1293
gi|541	3	1501	R=504	+	195	192	1291
gi|514	17039	18541	R=504	+	17231	192	1295
gi|479	3948	4137	R=504	+	4038	90	84
gi|901	10513	10845	R=505	+	10760	247	70
gi|633	36484	36816	R=505	+	36731	247	70
gi|591	1038	1174	R=505	+	1103	65	56
gi|267	17602	17932	R=505	-	17672	245	70
gi|224	35072	35404	R=505	+	35319	247	70
gi|1048	35365	35665	R=506	-	35582	68	217
gi|1048	34799	35087	R=506	+	34868	69	204
gi|845	11351	11652	R=506	-	11568	69	217
gi|845	3786	4074	R=506	+	3855	69	204
gi|478	27670	27935	R=506	+	27703	33	217
gi|456	5937	6234	R=506	-	6151	68	214
gi|1025	9438	11041	R=507	-	10409	617	971
gi|1013	38112	38857	R=507	+	38729	617	113
gi|952	26988	28592	R=507	+	27604	616	973
gi|847	21386	22989	R=507	-	22357	617	971
gi|258	35313	36914	R=507	+	35929	616	970
gi|230	6823	8150	R=507	-	7794	341	971
gi|148	828	1259	R=507	+	1132	304	112
gi|982	22132	22751	R=508	-	22191	545	59
gi|644	2781	3101	R=508	+	3020	239	66
gi|539	33841	34467	R=508	-	33907	545	66
gi|123	31820	32446	R=508	-	31886	545	66
gi|37	37527	38153	R=508	+	38072	545	66
gi|1046	26094	26882	R=509	-	26264	603	170
gi|895	314	1103	R=509	-	485	603	171
gi|825	6127	6370	R=509	-	6298	57	171
gi|279	34100	34893	R=509	+	34707	607	171
gi|242	15188	15431	R=509	-	15359	57	171
gi|181	27689	27932	R=509	-	27860	57	171
gi|161	8036	8824	R=509	-	8207	602	171
gi|113	13686	14276	R=509	+	14090	404	171
gi|1039	12703	12903	R=510	-	12838	50	135
gi|1025	32571	32770	R=510	-	32706	49	135
gi|944	10815	11014	R=510	+	10864	49	135
gi|489	13927	14124	R=510	+	13976	49	133
gi|208	20330	20529	R=510	+	20379	49	135
gi|188	10627	10826	R=510	+	10676	49	135
gi|771	35793	36255	R=511	-	35971	269	178
gi|677	26861	27427	R=511	+	27127	266	285
gi|603	259	570	R=511	-	289	266	30
gi|532	32646	33212	R=511	+	32912	266	285
gi|246	3368	3934	R=511	+	3634	266	285
gi|197	5503	5814	R=511	-	5533	266	30
gi|127	28240	28709	R=511	-	28525	169	285
gi|47	16257	16628	R=511	+	16328	71	285
gi|466	37744	38033	R=512	+	37876	132	142
gi|356	20759	21044	R=512	-	20901	128	142
gi|338	29058	29347	R=512	+	29190	132	142
gi|323	10838	10984	R=512	+	10874	36	95
gi|126	32753	33042	R=512	-	32895	132	142
gi|103	2580	2787	R=512	+	2708	128	64
gi|1028	12809	13962	R=513	-	13350	597	541
gi|723	10227	11477	R=513	+	10921	694	541
gi|677	36428	37215	R=513	+	37093	665	107
gi|677	27491	27617	R=513	-	27518	84	27
gi|523	2596	3341	R=513	+	2789	193	537
gi|257	23841	25094	R=513	-	24382	697	541
gi|231	38149	39402	R=513	-	38690	697	541
gi|25	6581	7834	R=513	+	7278	697	541
gi|864	30196	30684	R=514	-	30272	397	76
gi|857	524	1008	R=514	-	596	397	72
gi|669	25759	26230	R=514	+	26137	378	78
gi|650	4201	4690	R=514	-	4278	397	77
gi|288	18468	18954	R=514	+	18865	397	74
gi|210	9852	10337	R=514	+	10249	397	73
gi|713	12994	13194	R=515	-	13178	1	184
gi|699	28334	28559	R=515	-	28543	1	209
gi|699	28042	28269	R=515	+	28043	1	211
gi|521	4174	4400	R=515	-	4384	1	210
gi|521	3883	4109	R=515	+	3884	1	210
gi|465	6893	7118	R=515	+	6894	1	209
gi|903	15931	16211	R=516	-	16170	26	239
gi|807	33750	34374	R=516	+	33777	27	582
gi|789	7580	8204	R=516	+	7607	27	582
gi|732	5693	6317	R=516	+	5720	27	582
gi|645	26392	27011	R=516	-	26969	27	577
gi|610	7449	7797	R=516	-	7755	27	306
gi|926	31366	31468	R=517	+	31392	26	61
gi|887	14877	14980	R=517	+	14903	26	62
gi|475	24730	24833	R=517	-	24792	26	62
gi|475	12490	12593	R=517	-	12552	26	62
gi|239	13176	13279	R=517	+	13202	26	62
gi|17	36068	36891	R=518	+	36318	250	558
gi|17	32258	33122	R=518	+	32545	287	562
gi|17	25476	26337	R=518	+	25763	287	559
gi|17	16845	17172	R=518	-	17008	149	163
gi|17	13498	14358	R=518	+	13784	286	559
gi|17	9514	10377	R=518	+	9800	286	562
gi|917	2073	2386	R=519	+	2080	7	291
gi|652	10658	10972	R=519	+	10665	7	292
gi|424	22711	23025	R=519	-	23003	7	292
gi|11	4202	4516	R=519	+	4209	7	292
gi|669	30984	31114	R=520	+	31039	55	60
gi|570	12232	12664	R=520	+	12593	361	56
gi|376	36759	36889	R=520	+	36814	55	60
gi|376	29621	30054	R=520	+	29983	362	56
gi|376	16124	16254	R=520	-	16184	55	60
gi|210	6180	6612	R=520	+	6541	361	56
gi|207	15964	16396	R=520	+	16325	361	56
gi|195	13820	13950	R=520	+	13875	55	60
gi|195	6489	6823	R=520	+	6752	263	56
gi|38	2205	2335	R=520	+	2260	55	60
gi|706	28137	29065	R=521	-	28240	810	103
gi|664	37127	38055	R=521	+	37937	810	103
gi|478	27572	27675	R=521	+	27622	50	38
gi|461	4961	5588	R=521	-	5064	509	103
gi|140	10903	11831	R=521	+	11713	810	103
gi|120	7854	8772	R=521	-	7947	810	93
gi|1035	32639	32750	R=522	+	32675	36	60
gi|691	1752	1863	R=522	+	1788	36	60
gi|622	24979	25090	R=522	-	25039	36	60
gi|622	11627	11738	R=522	+	11663	36	60
gi|569	13057	13168	R=522	-	13117	36	60
gi|535	25488	25598	R=522	-	25548	35	60
gi|535	9437	9548	R=522	+	9473	36	60
gi|81	1437	1547	R=522	-	1497	35	60
gi|43	27027	27138	R=522	-	27087	36	60
gi|937	14414	14520	R=523	+	14470	56	35
gi|678	33485	33591	R=523	-	33520	56	35
gi|662	11436	11547	R=523	-	11471	61	35
gi|411	20036	20140	R=523	-	20064	61	28
gi|411	18348	18459	R=523	+	18409	61	35
gi|181	31198	31309	R=523	-	31233	61	35
gi|181	25986	26090	R=523	+	26047	61	28
gi|50	15283	15394	R=523	+	15344	61	35
gi|38	6254	6365	R=523	+	6315	61	35
gi|976	12534	12739	R=524	+	12600	66	124
gi|881	18386	18591	R=524	+	18452	66	124
gi|645	33550	33755	R=524	-	33674	66	124
gi|438	34754	34937	R=524	+	34820	66	102
gi|292	38600	38757	R=524	+	38618	18	124
gi|267	31802	32007	R=524	-	31926	66	124
gi|1013	5930	7555	R=525	+	7208	1278	332
gi|596	33853	35482	R=525	-	34185	1282	332
gi|555	16190	17819	R=525	+	17472	1282	332
gi|435	37826	39455	R=525	+	39108	1282	332
gi|991	21361	22166	R=526	-	21766	385	405
gi|494	8487	8841	R=526	+	8521	34	305
gi|437	779	1838	R=526	-	1433	390	654
gi|431	14787	15844	R=526	-	15440	389	653
gi|19	35002	36061	R=526	-	35660	386	658
gi|13	19121	20186	R=526	+	19512	391	659
gi|843	3507	4186	R=527	+	3962	455	209
gi|843	2748	3427	R=527	-	2957	455	209
gi|356	6928	7587	R=527	+	7362	434	210
gi|17	29086	29766	R=527	+	29541	455	210
gi|17	28326	29006	R=527	-	28536	455	210
gi|1029	5831	6531	R=528	+	6097	266	419
gi|956	39001	39701	R=528	+	39267	266	419
gi|667	20941	21638	R=528	-	21357	266	416
gi|592	20480	21177	R=528	+	20746	266	416
gi|235	9293	9991	R=528	+	9557	264	419
gi|923	27735	29294	R=529	+	28769	1034	510
gi|915	26452	26596	R=529	-	26571	10	119
gi|455	24529	26086	R=529	-	25038	1033	509
gi|261	11618	13171	R=529	-	12124	1032	506
gi|124	2072	2404	R=529	+	2270	198	119
gi|71	11646	13205	R=529	-	12155	1035	509
gi|839	26813	27094	R=530	-	27026	53	213
gi|490	30320	30601	R=530	-	30533	53	213
gi|490	18882	19163	R=530	-	19095	53	213
gi|224	30596	30877	R=530	-	30809	53	213
gi|224	24689	24970	R=530	-	24902	53	213
gi|189	5220	5501	R=530	-	5433	53	213
gi|176	25105	25386	R=530	+	25158	53	213
gi|176	18664	18945	R=530	+	18717	53	213
gi|918	41896	43647	R=531	-	42185	1447	289
gi|867	2874	4607	R=531	-	3145	1447	271
gi|792	18052	19812	R=531	+	19508	1456	289
gi|409	24669	26427	R=531	+	26124	1455	288
gi|36	17010	18770	R=531	+	18466	1456	289
