S1	E1	S2	E2	Reference	Contig	IDY	Ambiguous	Best_group
80617	429574	349005	1	NC_057375.1	utg0	99.93		True
translocation
65186	67081	351210	349316	NC_057384.1	utg0	95.2		True
translocation
2235121	2238627	355327	351821	NC_057372.1	utg0	95.53		True
translocation
68928	78999	365457	355376	NC_057375.1	utg0	97.92		True
local misassembly
66223	68503	368187	365896	NC_057375.1	utg0	96.85		True
local misassembly
23173	66070	411241	368188	NC_057375.1	utg0	99.28		True
local misassembly
15016	22996	419213	411242	NC_057375.1	utg0	98.91		True
translocation
70371	76390	425629	419610	NC_057377.1	utg0	97.91		True
local misassembly
68255	70368	428543	426430	NC_057377.1	utg0	97.87		True
translocation
408951	410473	430069	428544	NC_057370.1	utg0	95.87		True
translocation
66213	68259	432116	430070	NC_057377.1	utg0	98.29		True
translocation
13209	13498	441430	441141	NC_057385.1	utg0	95.86		True
indel: indel (<= 5bp)
12813	13207	441825	441431	NC_057385.1	utg0	97.72		True
translocation
1573716	1574082	445381	445747	NC_057380.1	utg0	97.55		True
indel: indel (<= 5bp)
1574084	1574368	445748	446032	NC_057380.1	utg0	95.44		True
translocation
10478	11783	447590	448898	NC_057384.1	utg0	97.63		True
relocation, inconsistency = 1473780
1492290	1493815	457150	455625	NC_057384.1	utg0	98.56		True
translocation
3683934	3684465	458731	458200	NC_057373.1	utg0	96.46		True
translocation
5644	13312	467184	459503	NC_057375.1	utg0	98.44		True
translocation
160804	161434	473487	472856	NC_057381.1	utg0	98.89		True
relocation, inconsistency = -6476
154987	160810	485780	479957	NC_057381.1	utg0	99.33		True
translocation
1127266	1127889	486216	486832	NC_057380.1	utg0	95.23		True
translocation
21964	24320	486833	489190	NC_057372.1	utg0	97.37		True
translocation
2858841	2859152	501336	501647	NC_057371.1	utg0	96.15		True
translocation
2063047	2063806	501915	502674	NC_057383.1	utg0	99.47		True
translocation
74793	76801	504782	502778	NC_057377.1	utg0	96.47		True
local misassembly
72272	74620	508157	505806	NC_057377.1	utg0	97.41		True
local misassembly
70387	71676	509447	508158	NC_057377.1	utg0	97.68		True
local misassembly
70081	70368	510031	509744	NC_057377.1	utg0	97.22		True
translocation
216781	217451	510836	510166	NC_057385.1	utg0	99.4		True
translocation
129149	129855	511592	510886	NC_057378.1	utg0	96.18		True
local misassembly
128139	128978	512602	511763	NC_057378.1	utg0	99.05		True
local misassembly
125272	127096	515587	513763	NC_057378.1	utg0	98.58		True
indel: indel (<= 5bp)
122634	125271	518226	515589	NC_057378.1	utg0	98.82		True
CONTIG	utg0	518367	misassembled
2340172	2353683	13569	19	NC_057375.1	utg2	95.79		True
local misassembly
2340021	2340176	14302	14147	NC_057375.1	utg2	99.36		True
local misassembly
2337709	2340025	17078	14762	NC_057375.1	utg2	99.7		True
relocation, inconsistency = 8207
2327179	2329501	19401	17079	NC_057375.1	utg2	99.31		True
translocation
392916	393229	19751	19437	NC_057379.1	utg2	95.24		True
translocation
1400022	1404119	22163	26261	NC_057381.1	utg2	97.27		True
translocation
922408	925625	29015	32232	NC_057375.1	utg2	95.4		True
indel: indel (<= 5bp)
925626	925965	32234	32573	NC_057375.1	utg2	96.76		True
translocation
151703	152009	32937	32631	NC_057385.1	utg2	96.42		True
translocation
2325814	2327183	34308	32938	NC_057375.1	utg2	99.42		True
translocation
408445	408870	34740	34309	NC_057382.1	utg2	95.14		True
translocation
1874781	1876301	35127	36647	NC_057378.1	utg2	98.1		True
translocation
2317149	2325444	44950	36648	NC_057375.1	utg2	99.01		True
relocation, inconsistency = 37774
2191014	2279252	133518	45073	NC_057375.1	utg2	99.51		True
relocation, inconsistency = 1439
2143749	2189574	179345	133519	NC_057375.1	utg2	99.93		True
relocation, inconsistency = 1109
2112053	2142416	209939	179569	NC_057375.1	utg2	99.23		True
local misassembly
2050528	2110682	271657	211392	NC_057375.1	utg2	98.97		True
relocation, inconsistency = 6573
1997956	2043954	317716	271658	NC_057375.1	utg2	99.52		True
translocation
1000436	1007085	317717	324366	NC_057373.1	utg2	100.0		True
translocation
1877343	1997926	457380	336726	NC_057375.1	utg2	99.75		True
local misassembly
1874147	1877203	460452	457381	NC_057375.1	utg2	99.32		True
local misassembly
1866272	1874142	469114	461214	NC_057375.1	utg2	99.1		True
local misassembly
1860788	1864159	474652	471275	NC_057375.1	utg2	99.67		True
local misassembly
1860024	1860264	474893	474653	NC_057375.1	utg2	96.96		True
local misassembly
1724396	1859855	610526	474894	NC_057375.1	utg2	99.69		True
local misassembly
1718971	1719128	615763	615606	NC_057375.1	utg2	96.2		True
indel: indel (<= 5bp)
1718800	1718901	615938	615837	NC_057375.1	utg2	98.04		True
local misassembly
1718599	1718687	616142	616054	NC_057375.1	utg2	98.88		True
indel: indel (<= 5bp)
1718531	1718598	616212	616145	NC_057375.1	utg2	100.0		True
local misassembly
1718324	1718419	616421	616326	NC_057375.1	utg2	100.0		True
indel: indel (<= 5bp)
1718213	1718323	616533	616423	NC_057375.1	utg2	95.5		True
local misassembly
1717939	1718023	616815	616731	NC_057375.1	utg2	95.29		True
local misassembly
1717666	1717734	617096	617028	NC_057375.1	utg2	100.0		True
local misassembly
1717461	1717596	617361	617226	NC_057375.1	utg2	99.26		True
indel: indel (<= 5bp)
1717279	1717460	617544	617363	NC_057375.1	utg2	100.0		True
indel: indel (<= 5bp)
1717045	1717278	617779	617546	NC_057375.1	utg2	100.0		True
local misassembly
1712925	1716816	621701	617780	NC_057375.1	utg2	98.98		True
local misassembly
1692775	1712924	642059	621883	NC_057375.1	utg2	98.23		True
local misassembly
1688590	1692776	646461	642288	NC_057375.1	utg2	97.15		True
local misassembly
1546761	1688436	788216	646463	NC_057375.1	utg2	99.84		True
local misassembly
1545688	1546760	789700	788621	NC_057375.1	utg2	99.31		True
local misassembly
1539845	1545471	795338	789701	NC_057375.1	utg2	99.65		True
local misassembly
1533035	1539845	802457	795636	NC_057375.1	utg2	99.37		True
local misassembly
1506133	1532721	829065	802458	NC_057375.1	utg2	98.8		True
relocation, inconsistency = 1860
1480253	1503558	853120	829780	NC_057375.1	utg2	99.13		True
translocation
127952	128615	856333	856996	NC_057384.1	utg2	95.18		True
translocation
1749599	1750165	857568	857001	NC_057374.1	utg2	95.95		True
translocation
128611	128985	857569	857943	NC_057384.1	utg2	96.29		True
translocation
1360295	1363378	857955	861039	NC_057379.1	utg2	96.76		True
local misassembly
1365255	1369192	862916	866853	NC_057379.1	utg2	95.73		True
translocation
129561	132600	866860	869911	NC_057384.1	utg2	95.4		True
translocation
1440932	1480255	909356	869916	NC_057375.1	utg2	99.53		True
local misassembly
1414534	1439914	935761	910318	NC_057375.1	utg2	99.66		True
local misassembly
1333592	1413273	1016759	936969	NC_057375.1	utg2	98.74		True
translocation
1607494	1608384	1016760	1017650	NC_057378.1	utg2	96.52		True
translocation
1325998	1333606	1025265	1017656	NC_057375.1	utg2	99.19		True
relocation, inconsistency = -627125
1946561	1953122	1031827	1025266	NC_057375.1	utg2	96.43		True
relocation, inconsistency = 620558
1321959	1326002	1035873	1031828	NC_057375.1	utg2	99.31		True
local misassembly
1318624	1321508	1038896	1036009	NC_057375.1	utg2	99.51		True
local misassembly
1313999	1318437	1043442	1038897	NC_057375.1	utg2	97.28		True
local misassembly
1243153	1313999	1114624	1043617	NC_057375.1	utg2	99.5		True
local misassembly
1202595	1242929	1155095	1114625	NC_057375.1	utg2	99.26		True
local misassembly
1191942	1201532	1165766	1156088	NC_057375.1	utg2	98.41		True
local misassembly
1173787	1191937	1184324	1166078	NC_057375.1	utg2	98.28		True
local misassembly
1158704	1173786	1199597	1184418	NC_057375.1	utg2	96.23		True
local misassembly
1154199	1158538	1203970	1199598	NC_057375.1	utg2	98.44		True
local misassembly
1144201	1154194	1214112	1204153	NC_057375.1	utg2	97.47		True
relocation, inconsistency = 7308
1079472	1136892	1271516	1214113	NC_057375.1	utg2	99.64		True
local misassembly
1075010	1079042	1275590	1271517	NC_057375.1	utg2	98.23		True
local misassembly
1003857	1074768	1346670	1275717	NC_057375.1	utg2	99.68		True
local misassembly
761173	1003648	1589525	1346671	NC_057375.1	utg2	99.38		True
relocation, inconsistency = 8831
746452	747809	1595415	1594058	NC_057375.1	utg2	97.57		True
translocation
3426687	3428044	1597037	1598394	NC_057372.1	utg2	99.19		True
translocation
730857	742040	1612484	1601273	NC_057375.1	utg2	98.05		True
local misassembly
730376	730516	1612625	1612485	NC_057375.1	utg2	98.59		True
translocation
41506	42297	1612626	1613418	NC_057374.1	utg2	99.37		True
translocation
729982	730371	1613815	1613424	NC_057375.1	utg2	98.74		True
local misassembly
728371	729805	1615251	1613816	NC_057375.1	utg2	98.26		True
relocation, inconsistency = -12949
718326	728372	1638239	1628199	NC_057375.1	utg2	98.67		True
translocation
1000434	1007083	1644889	1638240	NC_057373.1	utg2	100.0		True
translocation
710771	718334	1652634	1645064	NC_057375.1	utg2	99.58		True
relocation, inconsistency = 8908
618055	701862	1736506	1652635	NC_057375.1	utg2	99.73		True
CONTIG	utg2	1736513	misassembled
682004	706990	82	25074	NC_057373.1	utg3	95.9		True
translocation
383466	384048	25658	25075	NC_057384.1	utg3	97.45		True
relocation, inconsistency = 373138
9708	10204	26278	25782	NC_057384.1	utg3	97.18		True
translocation
2877784	2878178	26279	26673	NC_057371.1	utg3	97.0		True
relocation, inconsistency = 2532872
338860	340341	32725	31244	NC_057371.1	utg3	96.9		True
translocation
1834607	1835132	32894	33419	NC_057379.1	utg3	95.45		True
translocation
2878174	2878746	33540	34112	NC_057371.1	utg3	96.7		True
translocation
706987	713167	34113	40293	NC_057373.1	utg3	96.04		True
relocation, inconsistency = 10144
723490	729526	40472	46504	NC_057373.1	utg3	97.93		True
relocation, inconsistency = 2906
732433	736915	46505	50986	NC_057373.1	utg3	96.23		True
relocation, inconsistency = 5507
742423	755433	50987	63999	NC_057373.1	utg3	99.04		True
local misassembly
755577	877237	64000	186032	NC_057373.1	utg3	99.23		True
local misassembly
878062	882463	186048	190520	NC_057373.1	utg3	98.26		True
local misassembly
882499	888524	191259	197333	NC_057373.1	utg3	97.4		True
local misassembly
889332	2198864	197334	1508418	NC_057373.1	utg3	99.74		True
translocation
1417488	1418694	1508419	1509625	NC_057370.1	utg3	99.92		True
translocation
2198862	2201677	1509626	1512435	NC_057373.1	utg3	97.27		True
translocation
1943075	1947369	1512443	1516737	NC_057377.1	utg3	99.7		True
translocation
1958600	1964997	1516738	1523136	NC_057378.1	utg3	98.31		True
translocation
1651482	1654446	1523137	1526100	NC_057381.1	utg3	99.87		True
translocation
2201704	2495162	1526121	1819638	NC_057373.1	utg3	99.75		True
relocation, inconsistency = 2906
2498069	2579548	1819639	1901144	NC_057373.1	utg3	99.88		True
local misassembly
2580386	2657046	1901161	1977823	NC_057373.1	utg3	99.74		True
translocation
793855	795861	1977826	1979833	NC_057382.1	utg3	96.72		True
translocation
609651	609973	1979838	1980160	NC_057384.1	utg3	97.21		True
local misassembly
611737	615329	1981922	1985514	NC_057384.1	utg3	97.72		True
indel: indel (<= 5bp)
615330	615646	1985516	1985832	NC_057384.1	utg3	98.11		True
translocation
171173	172524	1987439	1986088	NC_057385.1	utg3	98.45		True
translocation
2657046	2758392	1987441	2088759	NC_057373.1	utg3	99.75		True
local misassembly
2759179	2776536	2088760	2106129	NC_057373.1	utg3	99.59		True
translocation
65039	66397	2106143	2107501	NC_057383.1	utg3	99.93		True
translocation
2776533	2782475	2107502	2113412	NC_057373.1	utg3	96.32		True
local misassembly
2782784	3002298	2113501	2332977	NC_057373.1	utg3	99.76		True
local misassembly
3002583	3242703	2332978	2573064	NC_057373.1	utg3	99.63		True
local misassembly
3242699	3244645	2573625	2575571	NC_057373.1	utg3	99.44		True
local misassembly
3244640	3245563	2576164	2577087	NC_057373.1	utg3	99.13		True
translocation
896986	900509	2580862	2577337	NC_057381.1	utg3	98.44		True
local misassembly
894506	894817	2583350	2583039	NC_057381.1	utg3	98.4		True
translocation
547913	548794	2584440	2583559	NC_057384.1	utg3	98.87		True
translocation
372936	373362	2585017	2585444	NC_057383.1	utg3	97.2		True
translocation
1256046	1256392	2585678	2586024	NC_057384.1	utg3	95.68		True
local misassembly
1260380	1261173	2589976	2590769	NC_057384.1	utg3	96.22		True
local misassembly
1261175	1262252	2591212	2592290	NC_057384.1	utg3	96.01		True
translocation
3245991	3247294	2592518	2593821	NC_057373.1	utg3	99.62		True
translocation
185203	185438	2594046	2594281	NC_057374.1	utg3	95.76		True
indel: indel (<= 5bp)
185440	189650	2594282	2598492	NC_057374.1	utg3	95.32		True
local misassembly
191055	191290	2599899	2600134	NC_057374.1	utg3	95.76		True
indel: indel (<= 5bp)
191292	191400	2600135	2600243	NC_057374.1	utg3	96.33		True
translocation
3247288	3249483	2600246	2602442	NC_057373.1	utg3	98.5		True
relocation, inconsistency = 6414
3255898	3256287	2602443	2602832	NC_057373.1	utg3	99.24		True
translocation
1429623	1430856	2604065	2602833	NC_057384.1	utg3	99.51		True
translocation
3256283	3345999	2604066	2693633	NC_057373.1	utg3	99.73		True
CONTIG	utg3	2693633	misassembled
771406	771555	4486	4635	NC_057379.1	utg4	96.0		True
indel: indel (<= 5bp)
771563	771653	4640	4730	NC_057379.1	utg4	98.9		True
local misassembly
771956	772041	5029	5114	NC_057379.1	utg4	98.84		True
local misassembly
772178	772242	5247	5311	NC_057379.1	utg4	100.0		True
local misassembly
772427	772496	5497	5566	NC_057379.1	utg4	100.0		True
indel: indel (<= 5bp)
772497	772562	5568	5633	NC_057379.1	utg4	98.48		True
indel: indel (<= 5bp)
772564	772752	5634	5822	NC_057379.1	utg4	99.47		True
indel: indel (<= 5bp)
772830	773310	5901	6381	NC_057379.1	utg4	99.58		True
indel: indel (<= 5bp)
773311	773431	6383	6503	NC_057379.1	utg4	99.17		True
indel: indel (<= 5bp)
773433	775460	6504	8531	NC_057379.1	utg4	99.7		True
indel: indel (<= 5bp)
775461	776208	8533	9280	NC_057379.1	utg4	99.6		True
local misassembly
776206	787575	9501	20901	NC_057379.1	utg4	98.21		True
local misassembly
787575	789912	21055	23376	NC_057379.1	utg4	95.34		True
relocation, inconsistency = 11639
802141	802406	23966	24231	NC_057379.1	utg4	98.12		True
relocation, inconsistency = 7679
810168	826928	24314	41047	NC_057379.1	utg4	96.83		True
translocation
1145519	1151951	47487	41055	NC_057381.1	utg4	100.0		True
translocation
826914	830292	47488	50862	NC_057379.1	utg4	96.98		True
translocation
1020047	1027200	58024	50863	NC_057378.1	utg4	98.02		True
translocation
830289	865416	58025	93168	NC_057379.1	utg4	99.22		True
local misassembly
865415	883074	93462	111138	NC_057379.1	utg4	97.85		True
local misassembly
883713	909379	111718	137508	NC_057379.1	utg4	98.69		True
relocation, inconsistency = 1403
913165	973005	139891	199761	NC_057379.1	utg4	99.33		True
local misassembly
973137	1008793	199762	235434	NC_057379.1	utg4	99.9		True
local misassembly
1008792	1038890	235659	265836	NC_057379.1	utg4	98.68		True
local misassembly
1039812	1065468	266786	292492	NC_057379.1	utg4	99.55		True
local misassembly
1065678	1066892	292493	293707	NC_057379.1	utg4	99.67		True
translocation
1978944	1979478	293710	294237	NC_057376.1	utg4	95.15		True
translocation
1066887	1071365	294238	298770	NC_057379.1	utg4	98.51		True
local misassembly
1071786	1130196	298771	357258	NC_057379.1	utg4	99.72		True
CONTIG	utg4	357268	misassembled
897	146336	139	145571	NC_057384.1	utg5	99.77		True
CONTIG	utg5	147366	correct
516524	532848	16309	13	NC_057370.1	utg7	98.36		True
relocation, inconsistency = 7078
508338	509445	17417	16310	NC_057370.1	utg7	98.93		True
relocation, inconsistency = 6274
499690	502063	19822	17418	NC_057370.1	utg7	97.17		True
local misassembly
496756	499353	22438	19823	NC_057370.1	utg7	99.12		True
local misassembly
138336	496756	381539	22568	NC_057370.1	utg7	99.75		True
relocation, inconsistency = 37170
95983	97290	386722	385415	NC_057370.1	utg7	98.32		True
translocation
428370	428909	390963	391502	NC_057372.1	utg7	97.22		True
relocation, inconsistency = 397018
29191	30415	393663	392439	NC_057372.1	utg7	96.24		True
translocation
56772	58079	396142	397451	NC_057376.1	utg7	97.25		True
translocation
1239969	1240266	398428	398129	NC_057378.1	utg7	95.02		True
translocation
275514	275759	399198	399443	NC_057381.1	utg7	95.93		True
indel: indel (<= 5bp)
275761	275847	399444	399530	NC_057381.1	utg7	95.4		True
translocation
197198	197422	401924	401700	NC_057374.1	utg7	96.0		True
local misassembly
194668	196226	404452	402894	NC_057374.1	utg7	96.28		True
relocation, inconsistency = -6422
192097	194672	413445	410870	NC_057374.1	utg7	96.82		True
translocation
359143	359698	413695	414249	NC_057372.1	utg7	95.68		True
translocation
2102591	2103053	429010	428551	NC_057378.1	utg7	98.27		True
translocation
397958	398074	430728	430612	NC_057370.1	utg7	99.15		True
indel: indel (<= 5bp)
397760	397957	430927	430730	NC_057370.1	utg7	95.96		True
translocation
254894	256822	434253	432326	NC_057372.1	utg7	95.18		True
translocation
1046178	1046303	444643	444518	NC_057379.1	utg7	96.83		True
local misassembly
1045043	1045210	445780	445613	NC_057379.1	utg7	97.62		True
CONTIG	utg7	462975	misassembled
2638329	2670982	32675	3	NC_057371.1	utg8	95.5		True
relocation, inconsistency = 18687
2611063	2619641	41254	32676	NC_057371.1	utg8	97.37		True
relocation, inconsistency = 13956
2590542	2593845	47819	44516	NC_057371.1	utg8	96.04		True
relocation, inconsistency = -7431
2591036	2596962	54733	48830	NC_057371.1	utg8	97.22		True
relocation, inconsistency = -3956
2579774	2591044	69945	58681	NC_057371.1	utg8	96.48		True
relocation, inconsistency = 31682
2545925	2546570	72113	71467	NC_057371.1	utg8	96.14		True
translocation
2051713	2054621	72114	75022	NC_057378.1	utg8	97.39		True
relocation, inconsistency = -6407
2054616	2057213	81424	84026	NC_057378.1	utg8	96.66		True
translocation
2542163	2545923	87807	84031	NC_057371.1	utg8	97.83		True
relocation, inconsistency = 6657
2534990	2535504	88323	87809	NC_057371.1	utg8	95.92		True
local misassembly
2455949	2534171	167956	89702	NC_057371.1	utg8	99.46		True
CONTIG	utg8	167966	misassembled
879032	1045104	166143	5	NC_057383.1	utg10	99.88		True
local misassembly
809832	878439	235532	166747	NC_057383.1	utg10	98.71		True
relocation, inconsistency = 5976
801419	803855	237971	235533	NC_057383.1	utg10	96.6		True
local misassembly
663836	797379	376321	242716	NC_057383.1	utg10	99.63		True
relocation, inconsistency = -69482
734549	734636	382973	383060	NC_057383.1	utg10	96.59		True
indel: stretch of mismatches
734640	734923	383064	383347	NC_057383.1	utg10	96.48		True
relocation, inconsistency = 68323
664238	664642	385426	385022	NC_057383.1	utg10	96.05		True
indel: stretch of mismatches
662525	664230	387139	385434	NC_057383.1	utg10	99.59		True
translocation
107945	108117	391278	391106	NC_057384.1	utg10	96.53		True
indel: indel (<= 5bp)
107177	107914	392049	391312	NC_057384.1	utg10	96.21		True
indel: indel (<= 5bp)
106743	107157	392482	392068	NC_057384.1	utg10	99.28		True
translocation
155569	156004	392498	392932	NC_057380.1	utg10	95.89		True
translocation
801484	807983	394925	401424	NC_057384.1	utg10	99.11		True
translocation
1886891	1888412	411508	413028	NC_057378.1	utg10	99.21		True
relocation, inconsistency = 123944
2014487	2014679	415159	415351	NC_057378.1	utg10	95.85		True
indel: indel (<= 5bp)
2014683	2014767	415352	415436	NC_057378.1	utg10	97.65		True
translocation
521055	627944	522986	415941	NC_057383.1	utg10	99.65		True
local misassembly
520615	521056	523925	523479	NC_057383.1	utg10	98.88		True
local misassembly
517133	520618	527685	524138	NC_057383.1	utg10	96.66		True
local misassembly
515867	515934	528178	528111	NC_057383.1	utg10	95.59		True
CONTIG	utg10	528588	misassembled
1859824	1860610	10242	11028	NC_057377.1	utg16	100.0		True
unknown
2065400	2065680	29810	29530	NC_057382.1	utg16	95.37		True
unknown
46746	48012	31244	32511	NC_057378.1	utg16	98.66		True
unknown
3348638	3350161	50392	48873	NC_057370.1	utg16	96.33		True
unknown
162778	163201	52356	51931	NC_057381.1	utg16	96.49		True
unknown
874242	874701	52818	52357	NC_057382.1	utg16	96.97		True
unknown
632951	634523	54470	52900	NC_057374.1	utg16	97.33		True
unknown
197519	197984	58236	58701	NC_057374.1	utg16	95.92		True
unknown
197986	198195	58702	58911	NC_057374.1	utg16	98.1		True
unknown
2597807	2599041	66686	67918	NC_057371.1	utg16	97.65		True
unknown
382686	384206	68896	70419	NC_057379.1	utg16	96.01		True
unknown
91140	91511	73362	72991	NC_057370.1	utg16	95.43		True
unknown
2047189	2047593	84236	84640	NC_057379.1	utg16	96.31		True
unknown
1452014	1453291	88314	87036	NC_057378.1	utg16	95.31		True
unknown
252493	252619	89092	89218	NC_057381.1	utg16	96.06		True
unknown
252631	252921	89232	89522	NC_057381.1	utg16	95.88		True
unknown
252922	253347	89524	89949	NC_057381.1	utg16	96.95		True
unknown
546611	546754	91021	90878	NC_057383.1	utg16	95.14		True
unknown
546347	546445	91286	91188	NC_057383.1	utg16	95.96		True
unknown
546218	546328	91416	91306	NC_057383.1	utg16	96.4		True
unknown
713810	714271	92878	92417	NC_057370.1	utg16	95.67		True
unknown
1304775	1304891	92989	93105	NC_057380.1	utg16	95.73		True
unknown
1305273	1305354	93489	93570	NC_057380.1	utg16	96.34		True
unknown
1305543	1305635	93762	93854	NC_057380.1	utg16	98.92		True
unknown
1305678	1305907	93899	94128	NC_057380.1	utg16	96.52		True
unknown
1306233	1306453	94462	94682	NC_057380.1	utg16	96.38		True
unknown
1306508	1306596	94736	94824	NC_057380.1	utg16	95.51		True
unknown
1307020	1307221	95255	95456	NC_057380.1	utg16	96.53		True
unknown
1307222	1307420	95458	95656	NC_057380.1	utg16	95.98		True
unknown
1307422	1307533	95660	95771	NC_057380.1	utg16	96.43		True
unknown
1307615	1307727	95855	95967	NC_057380.1	utg16	97.35		True
unknown
1307795	1307861	96038	96104	NC_057380.1	utg16	97.01		True
unknown
1308674	1309220	96924	97470	NC_057380.1	utg16	95.61		True
unknown
3549378	3550118	101614	100874	NC_057385.1	utg16	95.01		True
unknown
3548421	3549377	102574	101618	NC_057385.1	utg16	96.66		True
unknown
3548243	3548420	102760	102583	NC_057385.1	utg16	95.51		True
unknown
3547863	3548173	103071	102761	NC_057385.1	utg16	97.75		True
unknown
91379	91997	103069	103687	NC_057377.1	utg16	97.9		True
unknown
1966013	1966397	109206	109590	NC_057379.1	utg16	97.14		True
unknown
3752552	3753043	109831	110322	NC_057373.1	utg16	96.34		True
unknown
1706	2344	110931	110291	NC_057381.1	utg16	96.57		True
unknown
25618	27179	113571	112008	NC_057385.1	utg16	99.23		True
unknown
13043	19376	119905	113573	NC_057385.1	utg16	99.34		True
unknown
3698024	3710021	119912	131965	NC_057373.1	utg16	97.45		True
unknown
11593	13047	133401	131966	NC_057385.1	utg16	97.87		True
unknown
5325	11319	139393	133397	NC_057385.1	utg16	99.63		True
unknown
129570	132600	143659	146701	NC_057384.1	utg16	95.45		True
unknown
2037	5327	149996	146706	NC_057385.1	utg16	99.88		True
unknown
CONTIG	utg16	152593	mis_unaligned
3498682	3508715	11254	1106	NC_057385.1	utg17	96.93		True
relocation, inconsistency = 11864
3485086	3486538	12988	11534	NC_057385.1	utg17	99.66		True
relocation, inconsistency = 6254
3472002	3478831	19827	12989	NC_057385.1	utg17	99.61		True
translocation
1441448	1442970	21350	19828	NC_057384.1	utg17	98.75		True
translocation
2880109	3464824	607471	21351	NC_057385.1	utg17	99.57		True
local misassembly
2280349	2879924	1207840	607478	NC_057385.1	utg17	99.6		True
relocation, inconsistency = -5970
1813377	2280349	1681225	1213810	NC_057385.1	utg17	99.79		True
local misassembly
1471629	1812364	2023480	1682237	NC_057385.1	utg17	99.7		True
relocation, inconsistency = 6436
1320877	1465192	2167925	2023481	NC_057385.1	utg17	99.71		True
translocation
894117	902362	2167926	2176171	NC_057377.1	utg17	97.98		True
relocation, inconsistency = 1106
903469	906495	2176172	2179202	NC_057377.1	utg17	97.17		True
translocation
1277650	1320879	2222484	2179203	NC_057385.1	utg17	99.56		True
CONTIG	utg17	2222486	misassembled
1516999	1669777	4	152889	NC_057376.1	utg20	99.74		True
local misassembly
1670757	1670946	153501	153690	NC_057376.1	utg20	97.37		True
indel: indel (> 5bp)
1671008	1671083	153765	153840	NC_057376.1	utg20	100.0		True
indel: indel (<= 5bp)
1671084	1671269	153842	154027	NC_057376.1	utg20	95.7		True
indel: indel (<= 5bp)
1671270	1671433	154029	154192	NC_057376.1	utg20	98.78		True
indel: indel (<= 5bp)
1671434	1671638	154194	154398	NC_057376.1	utg20	96.1		True
indel: indel (<= 5bp)
1671640	1671784	154399	154543	NC_057376.1	utg20	98.62		True
indel: indel (<= 5bp)
1671785	1671923	154546	154684	NC_057376.1	utg20	97.12		True
indel: indel (> 5bp)
1671990	1672121	154759	154890	NC_057376.1	utg20	95.45		True
indel: indel (<= 5bp)
1672123	1672189	154891	154957	NC_057376.1	utg20	98.51		True
indel: indel (<= 5bp)
1672263	1672578	155034	155349	NC_057376.1	utg20	98.73		True
indel: indel (<= 5bp)
1672580	1672739	155350	155509	NC_057376.1	utg20	97.5		True
local misassembly
1673030	1673171	155800	155941	NC_057376.1	utg20	98.59		True
indel: indel (<= 5bp)
1673231	1673320	156002	156091	NC_057376.1	utg20	95.56		True
indel: indel (<= 5bp)
1673341	1673409	156115	156183	NC_057376.1	utg20	95.65		True
indel: indel (<= 5bp)
1673410	1673516	156185	156291	NC_057376.1	utg20	95.33		True
local misassembly
1673516	1679726	156655	162869	NC_057376.1	utg20	98.88		True
local misassembly
1680092	1683295	162870	166094	NC_057376.1	utg20	99.03		True
local misassembly
1683301	1831744	166446	315158	NC_057376.1	utg20	99.56		True
relocation, inconsistency = 63632
1895960	1907602	315742	327398	NC_057376.1	utg20	98.18		True
local misassembly
1907602	1912889	327557	332905	NC_057376.1	utg20	98.46		True
local misassembly
1913051	1941121	332906	361181	NC_057376.1	utg20	98.26		True
local misassembly
1941122	1972643	361396	393073	NC_057376.1	utg20	99.12		True
relocation, inconsistency = 6841
1979485	1979964	393074	393553	NC_057376.1	utg20	100.0		True
translocation
501790	503370	395139	393558	NC_057382.1	utg20	95.14		True
translocation
386115	391079	401637	396677	NC_057372.1	utg20	96.36		True
translocation
3443554	3444370	408000	407184	NC_057373.1	utg20	96.94		True
translocation
2127872	2128407	414540	414004	NC_057371.1	utg20	95.9		True
translocation
115948	116437	415348	414859	NC_057379.1	utg20	95.71		True
indel: indel (<= 5bp)
115574	115922	415721	415373	NC_057379.1	utg20	98.28		True
local misassembly
115160	115367	416130	415923	NC_057379.1	utg20	96.15		True
translocation
1606807	1608032	416136	417361	NC_057372.1	utg20	95.68		True
translocation
1973240	1973537	418668	418371	NC_057376.1	utg20	95.64		True
relocation, inconsistency = 5828
1979960	1983995	419263	423297	NC_057376.1	utg20	99.88		True
translocation
2216161	2223406	423298	430520	NC_057378.1	utg20	99.03		True
translocation
1983993	1999103	430521	445632	NC_057376.1	utg20	99.85		True
local misassembly
1999104	2000709	445976	447594	NC_057376.1	utg20	97.59		True
local misassembly
2000883	2006415	447595	453204	NC_057376.1	utg20	98.38		True
relocation, inconsistency = 1211
2008029	2008372	453607	453950	NC_057376.1	utg20	95.35		True
indel: indel (<= 5bp)
2008438	2008562	454018	454142	NC_057376.1	utg20	100.0		True
local misassembly
2008561	2011108	454350	456906	NC_057376.1	utg20	97.56		True
local misassembly
2011482	2028173	456907	473671	NC_057376.1	utg20	99.15		True
translocation
1953761	1955869	473672	475782	NC_057378.1	utg20	99.01		True
translocation
1051634	1065270	475783	489422	NC_057382.1	utg20	97.95		True
translocation
1957404	1958595	489423	490614	NC_057378.1	utg20	98.42		True
relocation, inconsistency = 6402
1964998	1967430	490615	493047	NC_057378.1	utg20	99.42		True
translocation
2028171	2092257	493048	557148	NC_057376.1	utg20	99.22		True
local misassembly
2092253	2094111	557720	559580	NC_057376.1	utg20	99.41		True
relocation, inconsistency = 5046
2099158	2106198	559581	566619	NC_057376.1	utg20	99.64		True
translocation
324925	325706	567399	566620	NC_057375.1	utg20	96.17		True
translocation
1560580	1562103	567726	569256	NC_057376.1	utg20	98.17		True
translocation
938618	939848	570487	569257	NC_057384.1	utg20	95.45		True
translocation
1042796	1044643	573588	571740	NC_057370.1	utg20	96.92		True
translocation
2106193	2111303	574881	579991	NC_057376.1	utg20	99.94		True
relocation, inconsistency = 1618
2112922	2126838	579992	593924	NC_057376.1	utg20	99.38		True
CONTIG	utg20	593944	misassembled
682060	2132952	1450905	1	NC_057377.1	utg24	99.99		True
translocation
1200149	1238537	1489322	1450906	NC_057383.1	utg24	99.41		True
relocation, inconsistency = 12822
1029926	1186261	1647047	1490388	NC_057383.1	utg24	99.33		True
translocation
356553	363023	1653523	1647048	NC_057373.1	utg24	99.83		True
translocation
1714433	1720883	1659990	1653550	NC_057379.1	utg24	96.27		True
translocation
1012546	1029939	1677352	1659997	NC_057383.1	utg24	98.46		True
translocation
521520	521791	1678213	1677943	NC_057373.1	utg24	97.79		True
relocation, inconsistency = 3154893
3678082	3681235	1679611	1682767	NC_057373.1	utg24	95.19		True
translocation
998534	999095	1682768	1683329	NC_057372.1	utg24	95.37		True
translocation
1649780	1650092	1684426	1684736	NC_057378.1	utg24	96.49		True
translocation
2291665	2294125	1690758	1688284	NC_057375.1	utg24	95.84		True
translocation
508719	509152	1691287	1691720	NC_057382.1	utg24	99.31		True
translocation
448955	450022	1703176	1704243	NC_057379.1	utg24	99.72		True
translocation
766259	766401	1705134	1704992	NC_057383.1	utg24	95.1		True
local misassembly
765158	765387	1706237	1706008	NC_057383.1	utg24	96.96		True
indel: indel (<= 5bp)
764772	765157	1706624	1706239	NC_057383.1	utg24	95.85		True
relocation, inconsistency = -164140
921595	925812	1713947	1709724	NC_057383.1	utg24	99.81		True
local misassembly
900246	921597	1735543	1714168	NC_057383.1	utg24	96.55		True
CONTIG	utg24	1735543	misassembled
1407759	1668438	260801	53	NC_057384.1	utg25	99.84		True
CONTIG	utg25	260810	correct
2272189	2334711	63388	760	NC_057371.1	utg29	98.44		True
local misassembly
1982283	2272008	353363	63389	NC_057371.1	utg29	99.75		True
local misassembly
1680792	1981366	655241	354358	NC_057371.1	utg29	99.74		True
local misassembly
1676943	1679561	659153	656513	NC_057371.1	utg29	97.54		True
local misassembly
1347904	1676683	989014	659673	NC_057371.1	utg29	99.52		True
local misassembly
1339279	1346260	997711	990702	NC_057371.1	utg29	98.61		True
local misassembly
1218266	1338657	1118312	997712	NC_057371.1	utg29	99.53		True
relocation, inconsistency = -979282
2197279	2197523	1118581	1118337	NC_057371.1	utg29	100.0		True
indel: indel (> 5bp)
2196991	2197255	1118846	1118582	NC_057371.1	utg29	100.0		True
indel: indel (> 5bp)
2196876	2196977	1118948	1118847	NC_057371.1	utg29	100.0		True
relocation, inconsistency = 978607
1174051	1218268	1163184	1118949	NC_057371.1	utg29	99.67		True
translocation
436471	436607	1163188	1163324	NC_057372.1	utg29	97.08		True
indel: indel (<= 5bp)
436608	436769	1163326	1163487	NC_057372.1	utg29	97.53		True
translocation
2237482	2237727	1163549	1163794	NC_057376.1	utg29	95.93		True
local misassembly
2242448	2242656	1168511	1168719	NC_057376.1	utg29	96.17		True
translocation
1877917	1878920	1170491	1169490	NC_057380.1	utg29	96.73		True
relocation, inconsistency = 6413
1870240	1871503	1171758	1170492	NC_057380.1	utg29	96.29		True
relocation, inconsistency = 11371
1857529	1858866	1173098	1171761	NC_057380.1	utg29	96.94		True
translocation
372768	372920	1173108	1173260	NC_057379.1	utg29	96.73		True
indel: indel (<= 5bp)
372922	373062	1173261	1173401	NC_057379.1	utg29	97.16		True
translocation
1750533	1751825	1175277	1176569	NC_057381.1	utg29	96.6		True
indel: indel (<= 5bp)
1751826	1754868	1176571	1179613	NC_057381.1	utg29	95.47		True
local misassembly
1755040	1755391	1179806	1180157	NC_057381.1	utg29	96.02		True
translocation
1857271	1857535	1180422	1180158	NC_057380.1	utg29	95.13		True
translocation
1171906	1174008	1182525	1180423	NC_057371.1	utg29	99.95		True
relocation, inconsistency = 1019077
2196872	2197106	1186312	1186546	NC_057371.1	utg29	98.3		True
local misassembly
2197245	2197604	1186548	1186907	NC_057371.1	utg29	95.83		True
translocation
526716	527145	1191034	1190605	NC_057382.1	utg29	95.12		True
indel: indel (<= 5bp)
526615	526714	1191134	1191035	NC_057382.1	utg29	96.0		True
translocation
2005734	2007933	1191604	1193828	NC_057378.1	utg29	95.84		True
translocation
573395	579650	1193829	1200086	NC_057383.1	utg29	98.32		True
translocation
2007949	2008047	1200117	1200215	NC_057378.1	utg29	98.99		True
indel: indel (<= 5bp)
2008048	2008158	1200217	1200327	NC_057378.1	utg29	96.4		True
indel: indel (<= 5bp)
2008159	2008260	1200329	1200430	NC_057378.1	utg29	99.02		True
local misassembly
2010289	2010406	1202472	1202589	NC_057378.1	utg29	99.15		True
local misassembly
2010444	2010588	1202680	1202824	NC_057378.1	utg29	98.62		True
local misassembly
2010874	2010940	1203120	1203186	NC_057378.1	utg29	95.52		True
indel: indel (<= 5bp)
2010941	2011067	1203189	1203315	NC_057378.1	utg29	97.64		True
translocation
526650	527169	1209324	1208805	NC_057382.1	utg29	95.01		True
translocation
1056527	1171908	1326862	1211339	NC_057371.1	utg29	99.65		True
local misassembly
1015565	1056381	1367807	1326890	NC_057371.1	utg29	99.64		True
translocation
3308390	3309236	1367808	1368661	NC_057370.1	utg29	95.33		True
translocation
1014555	1015123	1369240	1368662	NC_057371.1	utg29	97.25		True
translocation
1815255	1815468	1371682	1371895	NC_057379.1	utg29	95.33		True
local misassembly
1817397	1818215	1373827	1374645	NC_057379.1	utg29	95.3		True
translocation
926893	1015564	1463618	1374646	NC_057371.1	utg29	99.53		True
CONTIG	utg29	1463629	misassembled
103994	104061	3044	2977	NC_057373.1	utg30	100.0		True
indel: indel (> 5bp)
103848	103913	3184	3119	NC_057373.1	utg30	95.45		True
indel: indel (<= 5bp)
103759	103839	3271	3191	NC_057373.1	utg30	100.0		True
local misassembly
103197	103277	3833	3753	NC_057373.1	utg30	100.0		True
local misassembly
102890	103049	4136	3977	NC_057373.1	utg30	100.0		True
local misassembly
102667	102732	4356	4291	NC_057373.1	utg30	100.0		True
indel: indel (> 5bp)
102544	102618	4473	4399	NC_057373.1	utg30	98.67		True
indel: stretch of mismatches
102453	102524	4564	4493	NC_057373.1	utg30	100.0		True
local misassembly
102141	102222	4872	4791	NC_057373.1	utg30	100.0		True
local misassembly
101825	101929	5189	5085	NC_057373.1	utg30	100.0		True
local misassembly
101491	101636	5523	5378	NC_057373.1	utg30	100.0		True
local misassembly
101059	101187	5950	5822	NC_057373.1	utg30	100.0		True
indel: indel (<= 5bp)
100872	100975	6133	6030	NC_057373.1	utg30	99.04		True
indel: indel (<= 5bp)
100708	100870	6296	6134	NC_057373.1	utg30	99.39		True
local misassembly
100269	100338	6730	6661	NC_057373.1	utg30	98.57		True
local misassembly
100025	100140	6972	6857	NC_057373.1	utg30	99.14		True
indel: indel (<= 5bp)
99859	99943	7133	7049	NC_057373.1	utg30	96.47		True
indel: indel (<= 5bp)
99770	99858	7223	7135	NC_057373.1	utg30	97.75		True
local misassembly
99508	99611	7479	7376	NC_057373.1	utg30	98.08		True
local misassembly
99207	99278	7775	7704	NC_057373.1	utg30	100.0		True
local misassembly
98826	98944	8152	8034	NC_057373.1	utg30	100.0		True
local misassembly
98492	98606	8481	8367	NC_057373.1	utg30	97.39		True
indel: indel (<= 5bp)
98396	98491	8578	8483	NC_057373.1	utg30	100.0		True
indel: stretch of mismatches
98224	98333	8750	8641	NC_057373.1	utg30	98.18		True
indel: indel (<= 5bp)
98112	98223	8863	8752	NC_057373.1	utg30	99.11		True
indel: indel (> 5bp)
97975	98065	9008	8918	NC_057373.1	utg30	98.9		True
indel: indel (<= 5bp)
97775	97967	9206	9014	NC_057373.1	utg30	97.93		True
indel: stretch of mismatches
97555	97693	9426	9288	NC_057373.1	utg30	97.84		True
indel: indel (<= 5bp)
97161	97494	9821	9488	NC_057373.1	utg30	99.1		True
indel: stretch of mismatches
96973	97151	10009	9831	NC_057373.1	utg30	97.21		True
local misassembly
96789	96871	10196	10114	NC_057373.1	utg30	97.59		True
indel: stretch of mismatches
96686	96766	10299	10219	NC_057373.1	utg30	100.0		True
indel: indel (<= 5bp)
96560	96684	10424	10300	NC_057373.1	utg30	97.6		True
indel: stretch of mismatches
96172	96534	10812	10450	NC_057373.1	utg30	97.52		True
indel: indel (<= 5bp)
95959	96161	11022	10820	NC_057373.1	utg30	98.52		True
indel: stretch of mismatches
95798	95920	11183	11061	NC_057373.1	utg30	100.0		True
translocation
367561	368118	11742	11184	NC_057381.1	utg30	96.25		True
translocation
87495	95802	20057	11747	NC_057373.1	utg30	98.98		True
translocation
2027028	2027333	21235	21540	NC_057383.1	utg30	96.42		True
translocation
1030429	1031917	27038	25550	NC_057372.1	utg30	95.1		True
indel: indel (> 5bp)
1029839	1030415	27615	27039	NC_057372.1	utg30	95.15		True
relocation, inconsistency = 613394
412889	413332	30728	31171	NC_057372.1	utg30	95.5		True
translocation
408951	410474	36994	35459	NC_057370.1	utg30	96.36		True
translocation
106679	107913	39410	38176	NC_057384.1	utg30	99.51		True
translocation
436471	439559	49173	46083	NC_057372.1	utg30	95.21		True
translocation
525565	526236	49177	49848	NC_057373.1	utg30	95.68		True
indel: indel (<= 5bp)
526237	527255	49850	50868	NC_057373.1	utg30	95.29		True
relocation, inconsistency = 429129
87107	88019	60869	59957	NC_057373.1	utg30	96.56		True
relocation, inconsistency = 6584
79274	80522	62120	60870	NC_057373.1	utg30	98.17		True
local misassembly
77072	78821	63870	62121	NC_057373.1	utg30	98.17		True
relocation, inconsistency = 6817
66452	69813	67740	64312	NC_057373.1	utg30	96.41		True
translocation
1242995	1243406	73775	74186	NC_057381.1	utg30	96.84		True
translocation
106172	106855	74737	75420	NC_057377.1	utg30	96.79		True
translocation
62414	66610	79872	75566	NC_057373.1	utg30	96.43		True
local misassembly
54673	62411	88029	80293	NC_057373.1	utg30	97.33		True
local misassembly
19669	54267	122640	88030	NC_057373.1	utg30	98.98		True
local misassembly
17925	19227	123943	122641	NC_057373.1	utg30	98.24		True
local misassembly
12798	15945	129118	125970	NC_057373.1	utg30	96.25		True
translocation
49778	51200	130541	129119	NC_057377.1	utg30	99.09		True
translocation
12728	12800	130614	130542	NC_057373.1	utg30	98.67		True
local misassembly
9799	9875	133527	133451	NC_057373.1	utg30	100.0		True
local misassembly
2993	9804	140615	133806	NC_057373.1	utg30	98.36		True
translocation
2505553	2506025	142297	142769	NC_057370.1	utg30	96.43		True
translocation
32342	33474	143902	142770	NC_057372.1	utg30	96.12		True
relocation, inconsistency = -189662
217477	218877	148436	147029	NC_057372.1	utg30	95.1		True
relocation, inconsistency = 17543
196380	198856	151999	149514	NC_057372.1	utg30	95.18		True
relocation, inconsistency = 29134
167064	167245	152181	152000	NC_057372.1	utg30	98.43		True
local misassembly
166594	166829	152568	152333	NC_057372.1	utg30	99.15		True
relocation, inconsistency = 88030
77621	78552	153511	152580	NC_057372.1	utg30	99.04		True
inversion
75429	77971	154141	156682	NC_057372.1	utg30	98.9		True
relocation, inconsistency = 3332007
3414727	3415101	161808	161431	NC_057372.1	utg30	95.5		True
translocation
241888	242461	162559	161987	NC_057373.1	utg30	98.61		True
translocation
3336662	3337146	163922	164406	NC_057370.1	utg30	95.67		True
indel: indel (> 5bp)
3337278	3338235	164470	165427	NC_057370.1	utg30	97.6		True
translocation
3486537	3489586	165428	168492	NC_057385.1	utg30	96.93		True
local misassembly
3489581	3490553	168665	169638	NC_057385.1	utg30	97.74		True
translocation
24416	24869	170155	170608	NC_057384.1	utg30	98.02		True
translocation
2180827	2181924	170761	171858	NC_057376.1	utg30	98.45		True
translocation
1442425	1443977	177972	179524	NC_057379.1	utg30	96.59		True
translocation
2181920	2182755	185310	186145	NC_057376.1	utg30	98.68		True
translocation
3336662	3337178	186166	186682	NC_057370.1	utg30	96.91		True
indel: indel (> 5bp)
3337278	3338239	186714	187675	NC_057370.1	utg30	96.88		True
translocation
3255619	3255758	188818	188679	NC_057373.1	utg30	97.14		True
local misassembly
3249784	3249923	194661	194522	NC_057373.1	utg30	96.43		True
indel: indel (<= 5bp)
3249716	3249783	194730	194663	NC_057373.1	utg30	95.59		True
translocation
3417206	3418729	198215	196692	NC_057372.1	utg30	97.77		True
translocation
597666	600651	204747	201792	NC_057385.1	utg30	97.29		True
relocation, inconsistency = 7195
589532	590468	205684	204750	NC_057385.1	utg30	98.29		True
translocation
824079	825311	205685	206919	NC_057384.1	utg30	99.03		True
translocation
588999	589536	207457	206920	NC_057385.1	utg30	99.26		True
local misassembly
588642	589004	207992	207630	NC_057385.1	utg30	99.73		True
relocation, inconsistency = 27085
560521	561556	209030	207993	NC_057385.1	utg30	99.04		True
local misassembly
559795	559915	209151	209031	NC_057385.1	utg30	100.0		True
local misassembly
558675	559616	210094	209152	NC_057385.1	utg30	99.47		True
translocation
808895	809134	210594	210355	NC_057379.1	utg30	97.5		True
local misassembly
808312	808420	211179	211071	NC_057379.1	utg30	97.25		True
translocation
1562105	1566010	212971	216877	NC_057376.1	utg30	97.34		True
translocation
557363	557843	217563	217082	NC_057385.1	utg30	99.79		True
translocation
1730068	1730137	217845	217914	NC_057379.1	utg30	95.71		True
indel: indel (<= 5bp)
1730139	1730761	217915	218537	NC_057379.1	utg30	95.99		True
indel: indel (<= 5bp)
1730762	1731972	218539	219749	NC_057379.1	utg30	97.77		True
translocation
554892	555251	224768	224409	NC_057385.1	utg30	98.34		True
relocation, inconsistency = 1237
549874	553472	228538	224951	NC_057385.1	utg30	97.37		True
translocation
1806331	1808674	232426	230074	NC_057378.1	utg30	97.62		True
relocation, inconsistency = 13150
1790838	1793180	234769	232427	NC_057378.1	utg30	96.85		True
local misassembly
1790120	1790851	235842	235111	NC_057378.1	utg30	96.99		True
translocation
1592497	1596435	236085	240023	NC_057375.1	utg30	97.36		True
local misassembly
1598254	1598515	241860	242121	NC_057375.1	utg30	99.24		True
translocation
1787168	1790125	245052	242122	NC_057378.1	utg30	95.13		True
translocation
1127457	1127712	249537	249794	NC_057380.1	utg30	98.06		True
CONTIG	utg30	249865	misassembled
130726	146394	902	16570	NC_057384.1	utg31	99.13		True
relocation, inconsistency = 1617
148012	168859	16571	37441	NC_057384.1	utg31	98.95		True
translocation
1419098	1419532	37876	37442	NC_057378.1	utg31	97.24		True
translocation
176890	178772	39129	41011	NC_057384.1	utg31	97.72		True
translocation
2857064	2858588	52532	54057	NC_057372.1	utg31	97.77		True
local misassembly
2860596	2862116	56044	57564	NC_057372.1	utg31	98.36		True
translocation
179013	183857	57565	62409	NC_057384.1	utg31	98.93		True
local misassembly
183853	187364	62971	66482	NC_057384.1	utg31	98.32		True
local misassembly
187903	189289	66483	67868	NC_057384.1	utg31	98.2		True
translocation
1867885	1868893	68877	67869	NC_057376.1	utg31	99.6		True
translocation
151413	152935	69652	71174	NC_057377.1	utg31	99.02		True
translocation
1870154	1871821	72842	71175	NC_057376.1	utg31	95.32		True
translocation
189285	192511	77117	80344	NC_057384.1	utg31	98.67		True
local misassembly
193102	303600	80345	191012	NC_057384.1	utg31	99.52		True
translocation
317318	325010	198705	191013	NC_057379.1	utg31	99.94		True
translocation
303598	330438	198706	225515	NC_057384.1	utg31	99.3		True
local misassembly
330663	335594	225516	230516	NC_057384.1	utg31	98.34		True
local misassembly
335594	340900	230662	235971	NC_057384.1	utg31	98.91		True
local misassembly
340999	379720	235972	274840	NC_057384.1	utg31	99.04		True
local misassembly
379876	439890	274841	335101	NC_057384.1	utg31	99.17		True
local misassembly
440053	456674	335102	351856	NC_057384.1	utg31	97.42		True
local misassembly
456675	463545	352076	359056	NC_057384.1	utg31	98.21		True
local misassembly
463826	474842	359057	370126	NC_057384.1	utg31	99.44		True
local misassembly
475038	687256	370356	582755	NC_057384.1	utg31	99.79		True
local misassembly
688776	961895	584350	857610	NC_057384.1	utg31	99.93		True
local misassembly
961901	972591	857842	868613	NC_057384.1	utg31	98.67		True
local misassembly
972818	982713	868614	878388	NC_057384.1	utg31	96.11		True
CONTIG	utg31	878438	misassembled
1588944	1594693	6304	502	NC_057376.1	utg32	97.18		True
local misassembly
1585999	1588377	8682	6305	NC_057376.1	utg32	99.71		True
local misassembly
1582521	1585558	11742	8683	NC_057376.1	utg32	99.02		True
relocation, inconsistency = 6576
1573085	1575944	14604	11743	NC_057376.1	utg32	99.76		True
local misassembly
1566219	1573090	22041	15165	NC_057376.1	utg32	99.71		True
relocation, inconsistency = 8256
1555835	1557962	24184	22042	NC_057376.1	utg32	98.88		True
translocation
541248	541866	24803	24185	NC_057372.1	utg32	98.55		True
translocation
1817586	1818020	25238	24804	NC_057383.1	utg32	100.0		True
translocation
161304	167416	25239	31355	NC_057371.1	utg32	97.04		True
translocation
1555355	1555839	31840	31356	NC_057376.1	utg32	99.18		True
local misassembly
1550340	1555359	37293	32277	NC_057376.1	utg32	99.56		True
local misassembly
1549401	1549750	37643	37294	NC_057376.1	utg32	99.72		True
relocation, inconsistency = 15866
1165077	1533534	406517	37644	NC_057376.1	utg32	99.71		True
relocation, inconsistency = 2691
1147752	1161253	421142	407650	NC_057376.1	utg32	99.16		True
local misassembly
1147290	1147757	422181	421714	NC_057376.1	utg32	98.93		True
relocation, inconsistency = 725755
1873765	1874441	422434	423110	NC_057376.1	utg32	96.31		True
translocation
575618	576362	424550	425294	NC_057384.1	utg32	96.91		True
translocation
1949097	1949279	425747	425565	NC_057371.1	utg32	97.27		True
indel: indel (<= 5bp)
1948974	1949096	425871	425749	NC_057371.1	utg32	96.75		True
indel: indel (<= 5bp)
1945245	1948972	429599	425872	NC_057371.1	utg32	95.41		True
local misassembly
1943270	1943584	431561	431247	NC_057371.1	utg32	97.46		True
translocation
576364	578722	431564	433923	NC_057384.1	utg32	97.25		True
translocation
213002	216500	437696	434190	NC_057372.1	utg32	95.35		True
local misassembly
210528	210832	440178	439873	NC_057372.1	utg32	96.74		True
translocation
451241	451666	441043	441466	NC_057370.1	utg32	96.01		True
translocation
1146260	1147231	442457	441484	NC_057376.1	utg32	98.97		True
translocation
1209990	1210321	442458	442789	NC_057378.1	utg32	96.4		True
translocation
16165	19731	446563	442997	NC_057383.1	utg32	95.71		True
local misassembly
14401	14610	448321	448112	NC_057383.1	utg32	97.62		True
local misassembly
13935	14036	448788	448687	NC_057383.1	utg32	95.1		True
translocation
1100905	1146265	494663	449272	NC_057376.1	utg32	99.87		True
translocation
1360297	1365298	494664	499666	NC_057379.1	utg32	95.47		True
local misassembly
1367219	1369192	501572	503545	NC_057379.1	utg32	98.28		True
translocation
1048039	1100910	556475	503549	NC_057376.1	utg32	99.53		True
local misassembly
768571	1047888	836414	556645	NC_057376.1	utg32	99.7		True
local misassembly
664351	768417	940668	836415	NC_057376.1	utg32	99.79		True
relocation, inconsistency = -12952
663147	664352	954825	953619	NC_057376.1	utg32	99.25		True
translocation
2011404	2011498	955024	954930	NC_057378.1	utg32	98.95		True
local misassembly
2005734	2008459	960825	958070	NC_057378.1	utg32	95.44		True
translocation
461426	663151	1163057	961074	NC_057376.1	utg32	99.69		True
local misassembly
397789	457310	1226145	1166601	NC_057376.1	utg32	99.01		True
translocation
5060	5439	1233527	1233906	NC_057381.1	utg32	98.68		True
translocation
392391	397790	1239307	1233907	NC_057376.1	utg32	99.81		True
local misassembly
346597	392399	1285284	1239395	NC_057376.1	utg32	99.33		True
local misassembly
342198	346597	1290056	1285622	NC_057376.1	utg32	98.33		True
local misassembly
203608	341909	1428882	1290057	NC_057376.1	utg32	99.28		True
translocation
229053	229683	1428883	1429514	NC_057373.1	utg32	98.74		True
translocation
1702271	1703796	1429516	1431041	NC_057378.1	utg32	98.69		True
translocation
136386	137370	1432029	1431042	NC_057376.1	utg32	98.08		True
inversion
137250	137550	1432498	1432798	NC_057376.1	utg32	96.35		True
translocation
235118	235475	1433945	1433586	NC_057370.1	utg32	95.0		True
translocation
135768	136613	1434781	1433946	NC_057376.1	utg32	95.99		True
local misassembly
135349	135775	1435768	1435342	NC_057376.1	utg32	100.0		True
relocation, inconsistency = 2093
39230	133255	1529861	1435769	NC_057376.1	utg32	99.84		True
CONTIG	utg32	1529863	misassembled
1989587	1989652	1186	1121	NC_057379.1	utg36	96.97		True
local misassembly
1988240	1988307	2501	2434	NC_057379.1	utg36	98.53		True
indel: indel (<= 5bp)
1988149	1988238	2591	2502	NC_057379.1	utg36	97.78		True
indel: indel (<= 5bp)
1988006	1988147	2733	2592	NC_057379.1	utg36	99.3		True
local misassembly
1987815	1987879	2918	2854	NC_057379.1	utg36	96.92		True
local misassembly
1987421	1987485	3311	3247	NC_057379.1	utg36	96.92		True
local misassembly
1987190	1987274	3538	3454	NC_057379.1	utg36	98.82		True
local misassembly
1986177	1986303	4555	4429	NC_057379.1	utg36	100.0		True
indel: indel (<= 5bp)
1985979	1986135	4751	4595	NC_057379.1	utg36	98.73		True
translocation
119329	129864	4753	15097	NC_057378.1	utg36	97.24		True
translocation
1975194	1975904	15887	15177	NC_057379.1	utg36	98.73		True
translocation
2269526	2270316	17098	16308	NC_057382.1	utg36	98.1		True
local misassembly
2269148	2269467	17564	17245	NC_057382.1	utg36	98.75		True
translocation
56659	179849	17568	140786	NC_057379.1	utg36	99.81		True
translocation
2551556	2557039	146274	140787	NC_057371.1	utg36	98.2		True
translocation
179844	191599	146275	158037	NC_057379.1	utg36	97.13		True
translocation
54134	54790	158038	158694	NC_057381.1	utg36	96.99		True
relocation, inconsistency = 6674
61465	64550	158695	161782	NC_057381.1	utg36	96.92		True
translocation
191597	262980	161783	233174	NC_057379.1	utg36	99.42		True
local misassembly
265265	286725	235678	257217	NC_057379.1	utg36	98.05		True
relocation, inconsistency = 4975
294429	294570	259946	260087	NC_057379.1	utg36	97.89		True
indel: indel (<= 5bp)
294620	294838	260141	260359	NC_057379.1	utg36	98.17		True
indel: indel (<= 5bp)
294839	294907	260363	260431	NC_057379.1	utg36	100.0		True
indel: indel (<= 5bp)
294908	295010	260433	260535	NC_057379.1	utg36	100.0		True
relocation, inconsistency = -49785
245530	248323	260840	263633	NC_057379.1	utg36	96.03		True
local misassembly
250399	251067	265721	266389	NC_057379.1	utg36	95.25		True
relocation, inconsistency = 41016
292084	317316	266390	291667	NC_057379.1	utg36	99.21		True
relocation, inconsistency = 7696
325013	337661	291668	304338	NC_057379.1	utg36	99.49		True
local misassembly
337662	417722	304525	384623	NC_057379.1	utg36	99.86		True
relocation, inconsistency = 2119
419842	448954	384624	413668	NC_057379.1	utg36	98.89		True
relocation, inconsistency = 1076
450031	451705	413669	415339	NC_057379.1	utg36	97.98		True
local misassembly
451843	516002	415340	479591	NC_057379.1	utg36	99.63		True
local misassembly
516156	545808	479592	509249	NC_057379.1	utg36	99.27		True
local misassembly
545910	551815	509250	515241	NC_057379.1	utg36	98.56		True
local misassembly
551855	787575	515709	751700	NC_057379.1	utg36	99.34		True
local misassembly
787575	795647	751854	760056	NC_057379.1	utg36	98.16		True
local misassembly
795806	862654	760057	827181	NC_057379.1	utg36	98.98		True
CONTIG	utg36	827183	misassembled
884189	884457	19114	19382	NC_057384.1	utg37	96.65		True
relocation, inconsistency = 30851
852441	852981	20279	19739	NC_057384.1	utg37	95.59		True
translocation
1949777	1949931	22227	22381	NC_057371.1	utg37	95.48		True
local misassembly
1955761	1955952	28245	28436	NC_057371.1	utg37	95.83		True
translocation
884187	884591	28843	28437	NC_057384.1	utg37	95.58		True
translocation
2318510	2319031	33681	33160	NC_057373.1	utg37	96.74		True
translocation
226392	226499	34086	34193	NC_057377.1	utg37	96.3		True
indel: indel (<= 5bp)
226502	226692	34194	34384	NC_057377.1	utg37	96.34		True
translocation
3732123	3733209	35895	34810	NC_057373.1	utg37	97.79		True
translocation
1419098	1419532	36054	36493	NC_057378.1	utg37	96.59		True
translocation
3437731	3438167	38863	38430	NC_057373.1	utg37	97.25		True
translocation
541038	541420	39982	40364	NC_057374.1	utg37	96.08		True
translocation
2975435	2975995	40368	40927	NC_057372.1	utg37	96.43		True
translocation
237083	237657	42808	43383	NC_057375.1	utg37	95.66		True
translocation
2749550	2750615	50780	51843	NC_057372.1	utg37	95.87		True
translocation
70638	74713	72902	68825	NC_057376.1	utg37	95.88		True
translocation
23915	24077	72906	73068	NC_057384.1	utg37	97.55		True
indel: indel (> 5bp)
24091	24243	73094	73246	NC_057384.1	utg37	96.73		True
translocation
522359	535987	74188	87824	NC_057374.1	utg37	98.2		True
translocation
365121	370019	92772	87873	NC_057372.1	utg37	95.76		True
translocation
1484248	1484748	95160	95660	NC_057384.1	utg37	95.61		True
translocation
3681556	3681834	97198	96920	NC_057373.1	utg37	95.02		True
translocation
511002	517717	97199	103919	NC_057385.1	utg37	98.24		True
translocation
175289	176656	105287	103920	NC_057377.1	utg37	95.34		True
local misassembly
172625	172735	107873	107763	NC_057377.1	utg37	99.1		True
translocation
42431	43658	111770	110535	NC_057380.1	utg37	95.41		True
translocation
3708932	3710021	115004	116102	NC_057373.1	utg37	98.0		True
translocation
362017	368416	116197	122594	NC_057383.1	utg37	97.49		True
translocation
54133	54796	123315	122652	NC_057381.1	utg37	95.93		True
translocation
2975431	2975994	130325	129765	NC_057372.1	utg37	95.39		True
translocation
1232876	1233127	130864	130613	NC_057379.1	utg37	96.83		True
indel: indel (<= 5bp)
1232558	1232875	131183	130866	NC_057379.1	utg37	97.17		True
indel: indel (> 5bp)
1232467	1232549	131266	131184	NC_057379.1	utg37	96.39		True
relocation, inconsistency = 696193
1956171	1956531	158695	159055	NC_057379.1	utg37	97.78		True
translocation
871189	872078	159420	160308	NC_057382.1	utg37	95.73		True
relocation, inconsistency = -23042
891596	933945	202868	245389	NC_057382.1	utg37	99.24		True
relocation, inconsistency = 6217
940163	942647	245390	247878	NC_057382.1	utg37	99.72		True
relocation, inconsistency = 1311
943959	970027	247879	273845	NC_057382.1	utg37	98.19		True
local misassembly
974656	975221	277873	278437	NC_057382.1	utg37	95.05		True
relocation, inconsistency = -9406
965961	966318	278583	278940	NC_057382.1	utg37	95.25		True
relocation, inconsistency = -1354
972712	1004414	286688	318433	NC_057382.1	utg37	98.16		True
local misassembly
1004993	1027082	319056	341211	NC_057382.1	utg37	96.39		True
local misassembly
1027082	1147001	341395	461390	NC_057382.1	utg37	99.26		True
local misassembly
1147577	1179697	461401	493511	NC_057382.1	utg37	99.09		True
local misassembly
1179695	1204976	493696	519134	NC_057382.1	utg37	98.83		True
relocation, inconsistency = -2740
1206022	1226624	522920	543659	NC_057382.1	utg37	99.1		True
relocation, inconsistency = -1388
1226623	1227314	545046	545737	NC_057382.1	utg37	99.13		True
local misassembly
1227329	1236669	545844	555218	NC_057382.1	utg37	97.55		True
local misassembly
1237039	1240613	555528	559126	NC_057382.1	utg37	96.25		True
local misassembly
1241821	1261914	560223	580442	NC_057382.1	utg37	97.3		True
local misassembly
1261914	1265595	580607	584328	NC_057382.1	utg37	98.23		True
local misassembly
1265723	1271594	584329	590203	NC_057382.1	utg37	98.48		True
local misassembly
1272371	1281919	590204	599808	NC_057382.1	utg37	97.46		True
local misassembly
1281922	1290217	600590	608928	NC_057382.1	utg37	98.32		True
local misassembly
1292219	1307950	610884	626670	NC_057382.1	utg37	99.16		True
local misassembly
1308540	1317277	626671	635386	NC_057382.1	utg37	95.11		True
translocation
1573420	1574010	636193	635602	NC_057378.1	utg37	97.97		True
translocation
528675	531486	644054	641237	NC_057373.1	utg37	98.83		True
translocation
371182	371349	644222	644055	NC_057372.1	utg37	95.91		True
indel: indel (<= 5bp)
371007	371181	644398	644224	NC_057372.1	utg37	97.14		True
translocation
79810	81040	650988	649757	NC_057378.1	utg37	97.81		True
local misassembly
78813	79072	651973	651712	NC_057378.1	utg37	97.33		True
translocation
1418245	1418687	653576	653134	NC_057370.1	utg37	95.26		True
local misassembly
1417622	1418045	654408	653985	NC_057370.1	utg37	95.28		True
indel: indel (<= 5bp)
1417488	1417620	654541	654409	NC_057370.1	utg37	97.04		True
translocation
1318616	1325661	654542	661588	NC_057382.1	utg37	98.79		True
local misassembly
1325665	1385294	661784	721503	NC_057382.1	utg37	98.79		True
local misassembly
1385521	1385984	721504	721968	NC_057382.1	utg37	98.25		True
local misassembly
1385984	1502332	722064	838624	NC_057382.1	utg37	99.63		True
local misassembly
1502497	1506085	838625	842220	NC_057382.1	utg37	99.71		True
local misassembly
1506082	1509570	842416	845911	NC_057382.1	utg37	99.54		True
local misassembly
1509716	1514878	846109	851298	NC_057382.1	utg37	98.59		True
local misassembly
1514976	1591015	851299	927637	NC_057382.1	utg37	99.12		True
local misassembly
1591015	1592442	927890	929319	NC_057382.1	utg37	99.37		True
relocation, inconsistency = 2877
1595320	1601584	929320	935647	NC_057382.1	utg37	98.53		True
local misassembly
1601851	1637748	935648	971565	NC_057382.1	utg37	99.89		True
local misassembly
1637999	1643799	971566	977378	NC_057382.1	utg37	99.13		True
local misassembly
1643807	1657148	977494	990842	NC_057382.1	utg37	98.5		True
local misassembly
1657341	1707170	991119	1041077	NC_057382.1	utg37	99.63		True
local misassembly
1707169	1809576	1041338	1143846	NC_057382.1	utg37	99.68		True
local misassembly
1809576	1812030	1144074	1146538	NC_057382.1	utg37	98.77		True
local misassembly
1812176	1838397	1146539	1172799	NC_057382.1	utg37	99.35		True
relocation, inconsistency = 1438
1839836	1941409	1172800	1274450	NC_057382.1	utg37	99.32		True
local misassembly
1942745	2015408	1275591	1348463	NC_057382.1	utg37	99.58		True
local misassembly
2015561	2068300	1348464	1401355	NC_057382.1	utg37	99.33		True
local misassembly
2068298	2073351	1401814	1406897	NC_057382.1	utg37	98.46		True
local misassembly
2073819	2087859	1406898	1421011	NC_057382.1	utg37	97.13		True
local misassembly
2087860	2136274	1421175	1469666	NC_057382.1	utg37	99.25		True
relocation, inconsistency = 1197
2137472	2142041	1469667	1474275	NC_057382.1	utg37	98.13		True
relocation, inconsistency = -1135
2142039	2142349	1475408	1475721	NC_057382.1	utg37	99.04		True
local misassembly
2142349	2186990	1475820	1520551	NC_057382.1	utg37	99.47		True
relocation, inconsistency = -6481
2186977	2192001	1527019	1532045	NC_057382.1	utg37	99.7		True
translocation
1856866	1857268	1532645	1532241	NC_057380.1	utg37	97.53		True
relocation, inconsistency = -4257
1851931	1852305	1541463	1541837	NC_057380.1	utg37	95.2		True
indel: indel (<= 5bp)
1852306	1852408	1541839	1541941	NC_057380.1	utg37	95.15		True
local misassembly
1854844	1855259	1544387	1544802	NC_057380.1	utg37	95.19		True
translocation
284947	286156	1546586	1545385	NC_057374.1	utg37	96.7		True
translocation
205576	205935	1547346	1547705	NC_057377.1	utg37	95.28		True
translocation
1748546	1748976	1550309	1549879	NC_057381.1	utg37	96.75		True
local misassembly
1747057	1748000	1551798	1550855	NC_057381.1	utg37	96.4		True
translocation
1815254	1816580	1553310	1551984	NC_057379.1	utg37	95.63		True
translocation
151039	151335	1555466	1555762	NC_057380.1	utg37	95.96		True
translocation
633540	634109	1559983	1559409	NC_057377.1	utg37	96.17		True
translocation
323624	323689	1561086	1561151	NC_057378.1	utg37	96.97		True
local misassembly
324467	329255	1561929	1566717	NC_057378.1	utg37	95.18		True
translocation
1813037	1813365	1566951	1567278	NC_057379.1	utg37	96.66		True
translocation
2215808	2221540	1567869	1573646	NC_057382.1	utg37	98.56		True
local misassembly
2221822	2267337	1573647	1619154	NC_057382.1	utg37	98.67		True
translocation
2151571	2152019	1619883	1620331	NC_057376.1	utg37	98.66		True
translocation
3336639	3336899	1627496	1627757	NC_057370.1	utg37	97.71		True
translocation
185298	192753	1635215	1627759	NC_057385.1	utg37	99.07		True
relocation, inconsistency = 12513
171300	172784	1636701	1635216	NC_057385.1	utg37	99.66		True
translocation
1791019	1791575	1636706	1637262	NC_057377.1	utg37	95.87		True
translocation
170824	171304	1637743	1637263	NC_057385.1	utg37	99.59		True
relocation, inconsistency = 19826
148958	150997	1639786	1637744	NC_057385.1	utg37	99.41		True
relocation, inconsistency = 1521
142954	147436	1644267	1639787	NC_057385.1	utg37	98.91		True
translocation
1433893	1434248	1644300	1644655	NC_057378.1	utg37	97.19		True
local misassembly
1434597	1434795	1645061	1645259	NC_057378.1	utg37	96.98		True
local misassembly
1439714	1440069	1650180	1650535	NC_057378.1	utg37	95.22		True
indel: indel (<= 5bp)
1440071	1440206	1650536	1650671	NC_057378.1	utg37	96.32		True
indel: indel (<= 5bp)
1440207	1440272	1650673	1650738	NC_057378.1	utg37	95.52		True
translocation
142672	142959	1651026	1650739	NC_057385.1	utg37	99.15		True
local misassembly
116830	142151	1676453	1651027	NC_057385.1	utg37	99.12		True
relocation, inconsistency = 1545
114230	115284	1677507	1676454	NC_057385.1	utg37	99.53		True
translocation
50268	51574	1683741	1682435	NC_057382.1	utg37	98.78		True
translocation
427435	427728	1688065	1687772	NC_057372.1	utg37	95.24		True
translocation
267221	267488	1711254	1711521	NC_057374.1	utg37	97.76		True
translocation
3426690	3427311	1712038	1712659	NC_057372.1	utg37	96.62		True
translocation
898666	898774	1712660	1712768	NC_057380.1	utg37	98.17		True
indel: stretch of mismatches
898784	898880	1712778	1712874	NC_057380.1	utg37	100.0		True
local misassembly
900069	900181	1714059	1714171	NC_057380.1	utg37	97.35		True
indel: indel (<= 5bp)
900182	900742	1714173	1714733	NC_057380.1	utg37	95.54		True
indel: indel (> 5bp)
900743	901339	1714740	1715336	NC_057380.1	utg37	96.98		True
indel: indel (<= 5bp)
901340	901492	1715338	1715490	NC_057380.1	utg37	96.73		True
indel: indel (<= 5bp)
901493	901738	1715492	1715737	NC_057380.1	utg37	97.97		True
indel: indel (<= 5bp)
901739	904341	1715739	1718341	NC_057380.1	utg37	97.16		True
indel: indel (<= 5bp)
904342	904465	1718343	1718466	NC_057380.1	utg37	98.39		True
indel: indel (> 5bp)
904466	904553	1718480	1718567	NC_057380.1	utg37	100.0		True
translocation
3427307	3428041	1718914	1719648	NC_057372.1	utg37	96.87		True
translocation
131351	132406	1720475	1721530	NC_057377.1	utg37	98.86		True
translocation
3322720	3323103	1721531	1721913	NC_057370.1	utg37	96.4		True
local misassembly
3324833	3324981	1723755	1723903	NC_057370.1	utg37	96.64		True
relocation, inconsistency = 1510
3327851	3328565	1725263	1725976	NC_057370.1	utg37	96.37		True
translocation
517643	517714	1726158	1726087	NC_057385.1	utg37	98.61		True
local misassembly
517307	517509	1726493	1726291	NC_057385.1	utg37	98.52		True
indel: indel (<= 5bp)
516799	517306	1727002	1726495	NC_057385.1	utg37	97.05		True
indel: indel (<= 5bp)
516074	516764	1727731	1727041	NC_057385.1	utg37	96.38		True
local misassembly
511461	511689	1732347	1732119	NC_057385.1	utg37	96.51		True
indel: indel (<= 5bp)
511377	511460	1732432	1732349	NC_057385.1	utg37	98.81		True
local misassembly
511041	511243	1732767	1732565	NC_057385.1	utg37	98.03		True
translocation
983652	984763	1734707	1735815	NC_057378.1	utg37	97.12		True
translocation
934333	934668	1736150	1735816	NC_057384.1	utg37	97.02		True
translocation
983649	983996	1736635	1736289	NC_057378.1	utg37	95.11		True
translocation
172515	174990	1736732	1739213	NC_057372.1	utg37	97.51		True
translocation
2244663	2249415	1744184	1739418	NC_057371.1	utg37	95.32		True
translocation
3310433	3314338	1745951	1749854	NC_057370.1	utg37	98.28		True
translocation
1965311	1966431	1749857	1750981	NC_057375.1	utg37	95.83		True
relocation, inconsistency = 444522
2412973	2413178	1753001	1753206	NC_057375.1	utg37	97.57		True
local misassembly
2413929	2414076	1753716	1753863	NC_057375.1	utg37	99.32		True
translocation
2101075	2101145	1756635	1756705	NC_057377.1	utg37	95.77		True
indel: indel (> 5bp)
2101229	2102242	1756706	1757719	NC_057377.1	utg37	97.34		True
indel: indel (<= 5bp)
2102243	2103992	1757721	1759470	NC_057377.1	utg37	98.63		True
indel: indel (<= 5bp)
2103993	2104259	1759472	1759738	NC_057377.1	utg37	100.0		True
local misassembly
2104255	2108555	1760179	1764479	NC_057377.1	utg37	97.79		True
translocation
68923	71877	1767432	1764480	NC_057371.1	utg37	98.65		True
translocation
1975216	1990891	1767469	1783181	NC_057379.1	utg37	98.96		True
CONTIG	utg37	1783245	misassembled
40795	699888	102	659225	NC_057377.1	utg38	99.91		True
translocation
1256932	1285450	659226	687831	NC_057383.1	utg38	99.59		True
translocation
3426689	3428040	689183	687832	NC_057372.1	utg38	99.56		True
translocation
1285467	1297739	701515	689202	NC_057383.1	utg38	98.63		True
inversion
1297740	1302044	701516	705820	NC_057383.1	utg38	99.23		True
relocation, inconsistency = 20931
1322990	1337130	705835	719976	NC_057383.1	utg38	98.88		True
translocation
1668754	1669323	719977	720547	NC_057384.1	utg38	99.13		True
translocation
23592	25573	728258	726279	NC_057385.1	utg38	95.87		True
local misassembly
19584	19688	732289	732185	NC_057385.1	utg38	97.14		True
indel: indel (<= 5bp)
19469	19582	732403	732290	NC_057385.1	utg38	98.25		True
translocation
1337128	1367798	735946	766628	NC_057383.1	utg38	99.64		True
relocation, inconsistency = -1907
1369648	1380603	770385	781341	NC_057383.1	utg38	98.39		True
local misassembly
1381203	1407387	781342	807659	NC_057383.1	utg38	98.43		True
local misassembly
1407561	1419877	807660	820114	NC_057383.1	utg38	98.73		True
local misassembly
1420896	1463271	821210	863640	NC_057383.1	utg38	99.59		True
local misassembly
1469544	1476461	870786	877659	NC_057383.1	utg38	95.97		True
local misassembly
1476690	1476864	877660	877836	NC_057383.1	utg38	98.29		True
local misassembly
1476863	1479059	878041	880252	NC_057383.1	utg38	97.97		True
local misassembly
1479283	1519561	880253	920583	NC_057383.1	utg38	99.0		True
local misassembly
1519562	1598907	920748	1000316	NC_057383.1	utg38	99.27		True
local misassembly
1599098	1623210	1000874	1025047	NC_057383.1	utg38	97.46		True
local misassembly
1623420	1631040	1025048	1032700	NC_057383.1	utg38	99.19		True
local misassembly
1631040	1637781	1032941	1039710	NC_057383.1	utg38	99.37		True
local misassembly
1638027	1638928	1039711	1040616	NC_057383.1	utg38	99.57		True
local misassembly
1638928	1641901	1040763	1043745	NC_057383.1	utg38	99.66		True
local misassembly
1642005	1642307	1043746	1044048	NC_057383.1	utg38	99.02		True
local misassembly
1644123	1676634	1045910	1078450	NC_057383.1	utg38	99.29		True
relocation, inconsistency = 12177
1688812	1880731	1078451	1270544	NC_057383.1	utg38	99.74		True
relocation, inconsistency = -1720
1889044	1890352	1280577	1281885	NC_057383.1	utg38	95.42		True
local misassembly
1890346	1902478	1282038	1294165	NC_057383.1	utg38	96.39		True
relocation, inconsistency = -11540
1891983	1898470	1301702	1295210	NC_057383.1	utg38	97.35		True
relocation, inconsistency = 51677
1950354	1958972	1301909	1310558	NC_057383.1	utg38	97.24		True
relocation, inconsistency = -233633
1725683	1728203	1310902	1313424	NC_057383.1	utg38	97.62		True
translocation
307297	307614	1313425	1313742	NC_057375.1	utg38	96.56		True
translocation
1562104	1566218	1318131	1314054	NC_057376.1	utg38	97.55		True
relocation, inconsistency = 1529
1557968	1560574	1320702	1318132	NC_057376.1	utg38	96.14		True
relocation, inconsistency = 1357548
199419	200416	1320706	1321703	NC_057376.1	utg38	96.49		True
local misassembly
200412	202374	1322274	1324207	NC_057376.1	utg38	95.21		True
translocation
1964762	1965316	1324209	1324763	NC_057383.1	utg38	97.13		True
translocation
2862380	2863997	1324764	1326382	NC_057372.1	utg38	96.79		True
translocation
1965318	2012079	1326383	1373142	NC_057383.1	utg38	98.7		True
local misassembly
2012943	2026851	1373144	1387107	NC_057383.1	utg38	98.41		True
translocation
1245930	1249563	1390883	1387250	NC_057384.1	utg38	97.11		True
local misassembly
1243447	1243762	1393363	1393048	NC_057384.1	utg38	97.78		True
translocation
2015	2993	1395271	1394292	NC_057381.1	utg38	95.61		True
translocation
3505194	3505561	1395422	1395789	NC_057372.1	utg38	96.74		True
translocation
105583	106004	1403657	1403236	NC_057381.1	utg38	95.97		True
translocation
2863829	2881074	1403842	1421132	NC_057371.1	utg38	98.81		True
CONTIG	utg38	1421132	misassembled
1267318	1296904	29667	9	NC_057378.1	utg40	98.44		True
relocation, inconsistency = 82452
1153336	1184128	61202	30405	NC_057378.1	utg40	98.83		True
local misassembly
1139021	1153244	75442	61203	NC_057378.1	utg40	97.02		True
translocation
258053	261078	75449	78472	NC_057384.1	utg40	98.48		True
relocation, inconsistency = 6963
268042	269562	78473	79995	NC_057384.1	utg40	97.78		True
translocation
1046841	1046952	79996	80107	NC_057382.1	utg40	95.54		True
local misassembly
1047260	1048322	80415	81477	NC_057382.1	utg40	96.24		True
translocation
1049220	1051103	81779	83662	NC_057384.1	utg40	97.56		True
translocation
96813	101073	92183	87918	NC_057379.1	utg40	95.36		True
translocation
269557	270872	92546	93861	NC_057384.1	utg40	97.95		True
translocation
1138322	1139018	94794	94098	NC_057378.1	utg40	97.72		True
translocation
431971	433584	94795	96408	NC_057381.1	utg40	98.2		True
translocation
1133619	1138307	101112	96418	NC_057378.1	utg40	97.62		True
relocation, inconsistency = -2417
1123970	1131851	113181	105297	NC_057378.1	utg40	97.91		True
relocation, inconsistency = 1640
1078932	1122316	156714	113195	NC_057378.1	utg40	98.91		True
local misassembly
1078196	1078931	157595	156851	NC_057378.1	utg40	98.79		True
local misassembly
1035732	1077462	200254	158327	NC_057378.1	utg40	99.25		True
local misassembly
998205	1033341	237898	202713	NC_057378.1	utg40	99.15		True
local misassembly
997717	998033	238215	237899	NC_057378.1	utg40	99.14		True
inversion
986308	995123	238216	247034	NC_057378.1	utg40	99.27		True
relocation, inconsistency = -2593
946107	988900	289957	247035	NC_057378.1	utg40	99.18		True
local misassembly
825240	945314	410218	289959	NC_057378.1	utg40	99.09		True
local misassembly
818424	825240	417383	410519	NC_057378.1	utg40	99.01		True
local misassembly
815529	818100	419973	417384	NC_057378.1	utg40	98.97		True
local misassembly
810261	815529	426042	420737	NC_057378.1	utg40	98.93		True
local misassembly
808914	809631	426767	426046	NC_057378.1	utg40	99.15		True
local misassembly
796932	808744	438679	426768	NC_057378.1	utg40	98.49		True
local misassembly
791569	796931	444186	438834	NC_057378.1	utg40	99.26		True
local misassembly
721466	791419	514239	444187	NC_057378.1	utg40	99.72		True
relocation, inconsistency = -67953
723467	724337	514240	515110	NC_057378.1	utg40	97.63		True
relocation, inconsistency = 1996
716291	721470	520336	515111	NC_057378.1	utg40	98.99		True
local misassembly
690461	715538	545575	520337	NC_057378.1	utg40	99.35		True
local misassembly
609989	690263	626034	545576	NC_057378.1	utg40	99.51		True
local misassembly
463108	609761	772857	626043	NC_057378.1	utg40	99.46		True
local misassembly
455001	462815	780723	772862	NC_057378.1	utg40	99.06		True
local misassembly
448947	454748	786542	780724	NC_057378.1	utg40	99.62		True
local misassembly
419506	448946	816087	786633	NC_057378.1	utg40	97.51		True
local misassembly
405337	419507	830447	816251	NC_057378.1	utg40	98.5		True
local misassembly
388470	405336	847553	830689	NC_057378.1	utg40	99.71		True
local misassembly
377383	388258	858446	847562	NC_057378.1	utg40	98.59		True
relocation, inconsistency = 6255
369987	371127	859587	858447	NC_057378.1	utg40	99.04		True
translocation
1743529	1744058	859588	860117	NC_057381.1	utg40	99.44		True
translocation
1199842	1200359	860635	860118	NC_057378.1	utg40	97.5		True
relocation, inconsistency = 837229
361241	362612	862026	860636	NC_057378.1	utg40	97.35		True
relocation, inconsistency = 1739981
2102594	2108414	862027	867847	NC_057378.1	utg40	97.96		True
translocation
562182	562513	868472	868803	NC_057385.1	utg40	96.69		True
translocation
484177	484531	870299	870653	NC_057382.1	utg40	95.25		True
local misassembly
486287	487120	872410	873243	NC_057382.1	utg40	96.24		True
translocation
882445	885542	876327	873244	NC_057375.1	utg40	95.0		True
translocation
2111188	2111530	879780	880121	NC_057374.1	utg40	97.38		True
translocation
2301052	2302827	882863	881090	NC_057373.1	utg40	98.2		True
translocation
360147	360794	883515	882864	NC_057378.1	utg40	96.86		True
local misassembly
359782	360146	884452	884081	NC_057378.1	utg40	96.24		True
local misassembly
359250	359604	884807	884453	NC_057378.1	utg40	98.61		True
translocation
254894	255278	884808	885192	NC_057372.1	utg40	97.4		True
translocation
251888	252426	887201	887739	NC_057370.1	utg40	98.52		True
translocation
259481	259801	889488	889808	NC_057372.1	utg40	98.13		True
translocation
896626	897186	890000	890560	NC_057375.1	utg40	96.61		True
translocation
643738	644146	891208	890795	NC_057377.1	utg40	95.17		True
translocation
4252	5560	891209	892517	NC_057372.1	utg40	99.08		True
translocation
494565	500967	894549	900954	NC_057382.1	utg40	96.51		True
translocation
1718519	1719828	902712	901404	NC_057374.1	utg40	98.71		True
relocation, inconsistency = 1301
1710955	1717217	909004	902713	NC_057374.1	utg40	97.89		True
translocation
30592	30878	909291	909005	NC_057384.1	utg40	96.52		True
translocation
144016	145897	914905	913024	NC_057380.1	utg40	95.22		True
translocation
1706352	1710959	920036	915431	NC_057374.1	utg40	98.2		True
translocation
355881	356530	920686	920037	NC_057378.1	utg40	98.47		True
translocation
646780	649851	920687	923772	NC_057373.1	utg40	98.83		True
translocation
354175	355885	925486	923773	NC_057378.1	utg40	98.02		True
local misassembly
351564	353603	927527	925487	NC_057378.1	utg40	98.63		True
local misassembly
350590	350997	927935	927528	NC_057378.1	utg40	99.76		True
relocation, inconsistency = -13420
346944	350594	945000	941351	NC_057378.1	utg40	98.08		True
relocation, inconsistency = 24301
322228	322642	945415	945001	NC_057378.1	utg40	97.72		True
local misassembly
319778	321787	947425	945416	NC_057378.1	utg40	99.45		True
translocation
48624	50142	947426	948948	NC_057383.1	utg40	98.29		True
translocation
298172	319782	970570	948949	NC_057378.1	utg40	97.31		True
relocation, inconsistency = -1667
288447	293982	981961	976427	NC_057378.1	utg40	97.89		True
translocation
140492	149425	990914	981962	NC_057371.1	utg40	99.49		True
translocation
234725	288448	1044782	990915	NC_057378.1	utg40	98.74		True
relocation, inconsistency = -1610
222572	234719	1058538	1046398	NC_057378.1	utg40	98.23		True
translocation
154569	157580	1058539	1061551	NC_057373.1	utg40	99.2		True
translocation
30228	30333	1061910	1061805	NC_057382.1	utg40	95.28		True
local misassembly
29652	30060	1062484	1062076	NC_057382.1	utg40	96.33		True
local misassembly
24533	24638	1067593	1067488	NC_057382.1	utg40	97.17		True
translocation
157576	162507	1067796	1072723	NC_057373.1	utg40	98.76		True
translocation
213786	222575	1081516	1072724	NC_057378.1	utg40	98.91		True
translocation
1572987	1574509	1081517	1083036	NC_057380.1	utg40	98.49		True
relocation, inconsistency = 1186498
386188	386477	1083337	1083048	NC_057380.1	utg40	97.59		True
translocation
205417	206459	1084844	1083802	NC_057378.1	utg40	99.52		True
relocation, inconsistency = 31493
128876	173923	1129857	1084845	NC_057378.1	utg40	99.49		True
relocation, inconsistency = 1573
105420	127302	1151700	1129858	NC_057378.1	utg40	99.21		True
local misassembly
94558	105195	1162374	1151728	NC_057378.1	utg40	99.18		True
CONTIG	utg40	1162377	misassembled
1662569	1756935	94722	124	NC_057379.1	utg42	99.55		True
local misassembly
1654375	1662407	102799	94723	NC_057379.1	utg42	99.28		True
local misassembly
1594267	1654377	163312	103099	NC_057379.1	utg42	99.78		True
local misassembly
1593967	1594102	163487	163352	NC_057379.1	utg42	98.53		True
indel: indel (<= 5bp)
1593729	1593966	163726	163489	NC_057379.1	utg42	97.06		True
local misassembly
1592705	1592822	164742	164625	NC_057379.1	utg42	97.46		True
indel: indel (<= 5bp)
1592607	1592675	164842	164774	NC_057379.1	utg42	98.55		True
local misassembly
1592274	1592454	165180	165000	NC_057379.1	utg42	98.34		True
indel: indel (<= 5bp)
1592198	1592273	165257	165182	NC_057379.1	utg42	98.68		True
indel: indel (<= 5bp)
1592127	1592197	165329	165259	NC_057379.1	utg42	97.18		True
indel: indel (<= 5bp)
1591982	1592126	165476	165332	NC_057379.1	utg42	95.86		True
local misassembly
1591544	1591660	165915	165799	NC_057379.1	utg42	95.73		True
indel: indel (<= 5bp)
1591459	1591543	166001	165917	NC_057379.1	utg42	100.0		True
local misassembly
1588793	1591242	168486	166002	NC_057379.1	utg42	95.96		True
local misassembly
1496861	1588792	260709	168750	NC_057379.1	utg42	99.88		True
CONTIG	utg42	260712	correct
3447799	3565393	117845	4	NC_057385.1	utg44	99.34		True
CONTIG	utg44	117853	correct
718126	728032	24	9953	NC_057384.1	utg45	97.05		True
local misassembly
728057	728383	10356	10682	NC_057384.1	utg45	95.41		True
local misassembly
728833	728948	11152	11267	NC_057384.1	utg45	97.41		True
local misassembly
730160	740813	12711	23311	NC_057384.1	utg45	97.34		True
translocation
2702337	2702772	36733	36295	NC_057372.1	utg45	97.72		True
translocation
8033	9539	43598	42092	NC_057375.1	utg45	97.01		True
translocation
1956790	1957331	46043	45499	NC_057371.1	utg45	95.8		True
translocation
3250369	3253345	47898	50874	NC_057373.1	utg45	95.57		True
translocation
1585558	1585993	60826	61262	NC_057376.1	utg45	99.08		True
translocation
2857064	2858587	62854	61336	NC_057372.1	utg45	95.61		True
translocation
129021	129593	66572	67144	NC_057377.1	utg45	95.29		True
translocation
3516269	3518340	67370	69444	NC_057385.1	utg45	95.86		True
translocation
1541526	1541599	69760	69833	NC_057378.1	utg45	97.3		True
indel: stretch of mismatches
1541617	1541771	69851	70005	NC_057378.1	utg45	96.13		True
indel: indel (<= 5bp)
1541774	1543120	70006	71352	NC_057378.1	utg45	95.69		True
translocation
496460	496579	71809	71928	NC_057382.1	utg45	95.83		True
indel: indel (<= 5bp)
496580	500001	71930	75351	NC_057382.1	utg45	95.18		True
indel: indel (<= 5bp)
500028	500528	75380	75880	NC_057382.1	utg45	95.61		True
local misassembly
500667	500797	76019	76149	NC_057382.1	utg45	97.71		True
translocation
1567480	1570605	79454	76330	NC_057372.1	utg45	96.51		True
translocation
1311009	1311103	79585	79491	NC_057380.1	utg45	98.95		True
local misassembly
1310661	1310758	79937	79840	NC_057380.1	utg45	96.94		True
indel: indel (<= 5bp)
1310436	1310660	80164	79940	NC_057380.1	utg45	96.44		True
indel: indel (> 5bp)
1310300	1310381	80306	80225	NC_057380.1	utg45	98.78		True
indel: indel (<= 5bp)
1310100	1310299	80508	80309	NC_057380.1	utg45	96.5		True
indel: indel (<= 5bp)
1310000	1310099	80609	80510	NC_057380.1	utg45	99.0		True
local misassembly
1309670	1309752	80942	80860	NC_057380.1	utg45	96.39		True
indel: indel (<= 5bp)
1309427	1309669	81186	80944	NC_057380.1	utg45	96.3		True
local misassembly
1308674	1309327	81941	81288	NC_057380.1	utg45	96.64		True
indel: indel (<= 5bp)
1308478	1308656	82139	81961	NC_057380.1	utg45	97.24		True
translocation
779674	786130	82140	88598	NC_057382.1	utg45	96.46		True
translocation
2245904	2246290	88611	88997	NC_057376.1	utg45	98.21		True
translocation
172515	178875	88998	95392	NC_057372.1	utg45	97.36		True
translocation
1586587	1587709	95395	96518	NC_057376.1	utg45	95.73		True
translocation
408951	410474	101111	102634	NC_057370.1	utg45	96.78		True
translocation
1445395	1446628	114329	113099	NC_057384.1	utg45	97.98		True
translocation
1702273	1703795	127721	126198	NC_057378.1	utg45	96.78		True
translocation
523744	523829	129850	129935	NC_057373.1	utg45	97.67		True
indel: indel (<= 5bp)
523832	524055	129936	130159	NC_057373.1	utg45	97.49		True
translocation
793772	795861	130160	132246	NC_057382.1	utg45	96.42		True
translocation
171173	172525	133597	132247	NC_057385.1	utg45	98.21		True
translocation
1325944	1326330	133983	133598	NC_057378.1	utg45	96.41		True
translocation
548059	548569	136216	136725	NC_057384.1	utg45	97.26		True
relocation, inconsistency = 410742
961069	961895	138483	139323	NC_057384.1	utg45	97.39		True
local misassembly
961901	972591	139555	150327	NC_057384.1	utg45	99.04		True
local misassembly
972818	1048948	150328	226487	NC_057384.1	utg45	99.82		True
translocation
109440	109573	227113	226980	NC_057379.1	utg45	96.27		True
indel: indel (<= 5bp)
109172	109439	227382	227115	NC_057379.1	utg45	95.15		True
local misassembly
104190	104343	232373	232220	NC_057379.1	utg45	96.1		True
translocation
1055285	1071022	232810	248595	NC_057384.1	utg45	99.15		True
local misassembly
1071338	1084333	248596	261617	NC_057384.1	utg45	99.53		True
local misassembly
1084558	1186616	261620	363764	NC_057384.1	utg45	99.58		True
relocation, inconsistency = 2209
1188836	1195970	363775	370903	NC_057384.1	utg45	97.62		True
relocation, inconsistency = -1104
1195969	1196102	372006	372139	NC_057384.1	utg45	96.27		True
local misassembly
1196099	1197488	372345	373734	NC_057384.1	utg45	98.63		True
indel: indel (<= 5bp)
1197489	1197813	373738	374062	NC_057384.1	utg45	98.77		True
indel: indel (> 5bp)
1197823	1198109	374063	374349	NC_057384.1	utg45	97.21		True
local misassembly
1199833	1200105	376065	376337	NC_057384.1	utg45	95.24		True
relocation, inconsistency = -6946
1202022	1203509	385200	386687	NC_057384.1	utg45	95.43		True
local misassembly
1203504	1203569	386977	387042	NC_057384.1	utg45	95.45		True
indel: indel (<= 5bp)
1203571	1203992	387043	387464	NC_057384.1	utg45	96.68		True
translocation
41506	42297	388365	387574	NC_057374.1	utg45	96.85		True
translocation
1204099	1216336	388368	400679	NC_057384.1	utg45	97.23		True
local misassembly
1216903	1288257	401256	472688	NC_057384.1	utg45	98.94		True
translocation
2094213	2099158	483541	488486	NC_057376.1	utg45	97.27		True
translocation
1459182	1459502	502892	503212	NC_057384.1	utg45	97.51		True
local misassembly
1460090	1464869	503784	508563	NC_057384.1	utg45	95.98		True
indel: indel (<= 5bp)
1464918	1465185	508614	508881	NC_057384.1	utg45	98.13		True
translocation
13042	13638	511633	511037	NC_057385.1	utg45	97.15		True
translocation
69061	69990	513175	514104	NC_057370.1	utg45	96.67		True
translocation
163529	165049	517380	515860	NC_057377.1	utg45	98.95		True
translocation
1680670	1685491	524646	519775	NC_057378.1	utg45	95.55		True
translocation
2967315	2969347	536236	538268	NC_057372.1	utg45	95.18		True
translocation
3342239	3342519	548344	548064	NC_057385.1	utg45	99.29		True
translocation
1705019	1705311	557980	557688	NC_057380.1	utg45	96.62		True
local misassembly
1702322	1704477	560138	557981	NC_057380.1	utg45	96.99		True
relocation, inconsistency = 6231
1690659	1696089	565571	560140	NC_057380.1	utg45	95.8		True
translocation
114036	115068	565572	566604	NC_057384.1	utg45	95.16		True
translocation
1999071	2001343	566916	569192	NC_057378.1	utg45	96.0		True
translocation
1864879	1865473	570502	571095	NC_057376.1	utg45	95.63		True
translocation
1318672	1318747	571237	571162	NC_057381.1	utg45	97.37		True
indel: indel (<= 5bp)
1318555	1318670	571353	571238	NC_057381.1	utg45	98.28		True
indel: indel (<= 5bp)
1318227	1318554	571682	571355	NC_057381.1	utg45	95.43		True
local misassembly
1317574	1317774	572337	572137	NC_057381.1	utg45	97.01		True
indel: indel (> 5bp)
1317460	1317557	572439	572342	NC_057381.1	utg45	98.98		True
translocation
129857	130661	575639	576443	NC_057384.1	utg45	95.03		True
indel: indel (> 5bp)
130708	131320	576526	577138	NC_057384.1	utg45	96.08		True
relocation, inconsistency = -38940
114022	115860	598780	600618	NC_057384.1	utg45	96.14		True
relocation, inconsistency = 9710
125572	125690	600620	600738	NC_057384.1	utg45	97.48		True
local misassembly
126257	126365	600739	600847	NC_057384.1	utg45	98.32		True
local misassembly
126808	127594	600848	601634	NC_057384.1	utg45	95.04		True
translocation
1249650	1249852	602001	602203	NC_057381.1	utg45	96.55		True
indel: indel (<= 5bp)
1249854	1253476	602204	605826	NC_057381.1	utg45	96.08		True
translocation
1014881	1016017	605838	606974	NC_057372.1	utg45	95.07		True
translocation
1255146	1255332	607491	607677	NC_057381.1	utg45	97.86		True
indel: indel (<= 5bp)
1255333	1255532	607679	607878	NC_057381.1	utg45	96.5		True
translocation
127596	128982	607881	609267	NC_057384.1	utg45	96.84		True
local misassembly
129548	132600	609268	612334	NC_057384.1	utg45	96.74		True
relocation, inconsistency = 1149065
1284211	1309502	614880	640162	NC_057384.1	utg45	96.04		True
relocation, inconsistency = 1454
1310957	1311216	640163	640422	NC_057384.1	utg45	99.0		True
local misassembly
1311434	1312327	640423	641321	NC_057384.1	utg45	98.78		True
local misassembly
1314105	1318902	643111	647953	NC_057384.1	utg45	98.91		True
local misassembly
1320152	1418643	649130	747649	NC_057384.1	utg45	99.69		True
CONTIG	utg45	747649	misassembled
719027	739675	1283	21918	NC_057382.1	utg47	98.56		True
unknown
633954	634525	24022	23451	NC_057374.1	utg47	99.65		True
unknown
356798	357215	29804	29387	NC_057383.1	utg47	96.65		True
unknown
632951	633959	31360	30352	NC_057374.1	utg47	99.7		True
unknown
73907	73971	32736	32800	NC_057372.1	utg47	95.38		True
unknown
74022	74604	32853	33435	NC_057372.1	utg47	95.71		True
unknown
2756640	2757105	38642	39108	NC_057372.1	utg47	97.86		True
unknown
1565657	1571972	47076	40754	NC_057372.1	utg47	95.59		True
unknown
248578	249013	51764	52199	NC_057370.1	utg47	100.0		True
unknown
934257	934331	69295	69369	NC_057384.1	utg47	98.67		True
unknown
938618	940479	73689	75550	NC_057384.1	utg47	95.33		True
unknown
940480	940574	75553	75647	NC_057384.1	utg47	97.89		True
unknown
420034	420326	83741	84033	NC_057370.1	utg47	96.59		True
unknown
1714847	1715935	86948	85859	NC_057378.1	utg47	97.61		True
unknown
1218251	1218788	86948	87484	NC_057378.1	utg47	98.14		True
unknown
1713328	1714854	89007	87482	NC_057378.1	utg47	96.01		True
unknown
799908	799988	97245	97325	NC_057382.1	utg47	97.53		True
unknown
799989	800333	97327	97671	NC_057382.1	utg47	95.36		True
unknown
1310000	1310099	97940	97841	NC_057380.1	utg47	97.0		True
unknown
1309900	1309999	98042	97943	NC_057380.1	utg47	97.0		True
unknown
1308409	1308656	99539	99292	NC_057380.1	utg47	95.56		True
unknown
1308062	1308156	99874	99780	NC_057380.1	utg47	96.84		True
unknown
683113	683177	100156	100220	NC_057370.1	utg47	95.38		True
unknown
683210	683452	100256	100498	NC_057370.1	utg47	96.3		True
unknown
385077	385155	114843	114921	NC_057380.1	utg47	97.47		True
unknown
385156	385424	114923	115191	NC_057380.1	utg47	95.17		True
unknown
385780	386356	115523	116099	NC_057380.1	utg47	96.71		True
unknown
386413	386477	116158	116222	NC_057380.1	utg47	96.92		True
unknown
1568570	1569885	132974	131659	NC_057372.1	utg47	95.36		True
unknown
137407	138712	135998	134693	NC_057381.1	utg47	96.25		True
unknown
33939	34267	137566	137238	NC_057375.1	utg47	95.44		True
unknown
1190116	1199192	169478	160353	NC_057380.1	utg47	96.43		True
unknown
1187838	1189419	171056	169475	NC_057380.1	utg47	99.43		True
unknown
1186899	1187837	171996	171058	NC_057380.1	utg47	99.57		True
unknown
1186619	1186898	172277	171998	NC_057380.1	utg47	100.0		True
unknown
1186374	1186617	172521	172278	NC_057380.1	utg47	100.0		True
unknown
1186198	1186356	172694	172536	NC_057380.1	utg47	99.37		True
unknown
1186044	1186179	172848	172713	NC_057380.1	utg47	99.26		True
unknown
1185830	1185944	173063	172949	NC_057380.1	utg47	100.0		True
unknown
1185732	1185829	173162	173065	NC_057380.1	utg47	100.0		True
unknown
1185647	1185730	173246	173163	NC_057380.1	utg47	100.0		True
unknown
1185360	1185463	173535	173432	NC_057380.1	utg47	99.04		True
unknown
1185103	1185195	173793	173701	NC_057380.1	utg47	97.85		True
unknown
1184670	1184745	174227	174152	NC_057380.1	utg47	97.37		True
unknown
1184475	1184564	174429	174340	NC_057380.1	utg47	96.67		True
unknown
1184287	1184352	174619	174554	NC_057380.1	utg47	98.48		True
unknown
CONTIG	utg47	176769	mis_unaligned
82830	139818	81	57213	NC_057385.1	utg50	99.27		True
local misassembly
142152	242983	59632	160439	NC_057385.1	utg50	99.88		True
translocation
216923	217587	161104	160440	NC_057374.1	utg50	96.1		True
translocation
242982	244215	162631	163864	NC_057385.1	utg50	95.87		True
relocation, inconsistency = 1333
245556	245794	163872	164110	NC_057385.1	utg50	96.65		True
indel: indel (> 5bp)
245807	245991	164111	164295	NC_057385.1	utg50	96.76		True
indel: indel (> 5bp)
246000	246178	164296	164474	NC_057385.1	utg50	95.53		True
indel: indel (<= 5bp)
246179	246295	164477	164593	NC_057385.1	utg50	96.58		True
local misassembly
246294	246702	164801	165209	NC_057385.1	utg50	95.35		True
indel: indel (> 5bp)
246703	247114	165222	165633	NC_057385.1	utg50	95.87		True
local misassembly
247421	247502	165943	166024	NC_057385.1	utg50	96.34		True
translocation
2010843	2017570	169203	175932	NC_057374.1	utg50	97.82		True
translocation
2264676	2264790	179021	179135	NC_057378.1	utg50	95.65		True
indel: indel (<= 5bp)
2264793	2265564	179136	179907	NC_057378.1	utg50	95.08		True
translocation
250922	251954	179915	180952	NC_057385.1	utg50	96.44		True
local misassembly
251953	255878	181055	185003	NC_057385.1	utg50	98.06		True
local misassembly
256046	473673	185004	402856	NC_057385.1	utg50	99.67		True
local misassembly
474403	480531	402857	408997	NC_057385.1	utg50	98.88		True
translocation
892697	894505	408998	410806	NC_057381.1	utg50	99.61		True
relocation, inconsistency = 6257
900763	901782	410807	411826	NC_057381.1	utg50	99.51		True
relocation, inconsistency = 6264
908047	908612	411827	412392	NC_057381.1	utg50	99.47		True
translocation
205131	205647	412393	412908	NC_057382.1	utg50	95.75		True
translocation
480524	488873	413201	421549	NC_057385.1	utg50	99.43		True
translocation
368778	370773	425416	427411	NC_057372.1	utg50	96.29		True
translocation
495479	502435	428148	435110	NC_057385.1	utg50	99.22		True
translocation
229987	231498	435111	436622	NC_057370.1	utg50	95.42		True
relocation, inconsistency = 89370
321094	321530	436848	437283	NC_057370.1	utg50	95.22		True
translocation
184141	184911	440091	439333	NC_057385.1	utg50	95.79		True
translocation
638501	644146	440092	445741	NC_057377.1	utg50	95.35		True
translocation
1009150	1010418	447017	445748	NC_057372.1	utg50	95.83		True
translocation
501876	503019	447102	448245	NC_057385.1	utg50	99.13		True
relocation, inconsistency = 19222
522242	524982	448246	450987	NC_057385.1	utg50	99.53		True
translocation
1339659	1345928	450988	457255	NC_057381.1	utg50	99.01		True
translocation
524978	525394	457256	457672	NC_057385.1	utg50	99.52		True
translocation
2632003	2637203	462873	457673	NC_057371.1	utg50	98.16		True
translocation
1755394	1755493	463482	463383	NC_057374.1	utg50	97.0		True
indel: indel (<= 5bp)
1755031	1755392	463844	463483	NC_057374.1	utg50	97.24		True
indel: indel (<= 5bp)
1750932	1755029	467942	463845	NC_057374.1	utg50	95.27		True
translocation
58246	59444	470488	469290	NC_057384.1	utg50	99.17		True
translocation
525390	530678	470489	475781	NC_057385.1	utg50	99.43		True
translocation
1601644	1605821	479956	475782	NC_057378.1	utg50	97.25		True
relocation, inconsistency = 1389799
211284	211767	480034	480517	NC_057378.1	utg50	96.9		True
translocation
54797	54891	480518	480612	NC_057381.1	utg50	97.89		True
local misassembly
55033	55209	480758	480934	NC_057381.1	utg50	96.61		True
local misassembly
55593	56007	481321	481735	NC_057381.1	utg50	96.39		True
indel: indel (<= 5bp)
56008	56172	481737	481901	NC_057381.1	utg50	95.76		True
translocation
2245494	2246835	484652	483311	NC_057371.1	utg50	95.23		True
translocation
59442	59613	485212	485383	NC_057381.1	utg50	98.26		True
indel: indel (<= 5bp)
59679	59771	485448	485540	NC_057381.1	utg50	97.85		True
indel: indel (<= 5bp)
59772	59984	485542	485754	NC_057381.1	utg50	95.31		True
local misassembly
61004	61112	486785	486893	NC_057381.1	utg50	96.33		True
indel: indel (<= 5bp)
61162	61466	486945	487249	NC_057381.1	utg50	96.72		True
translocation
2241860	2242429	487250	487819	NC_057376.1	utg50	97.02		True
indel: indel (<= 5bp)
2242430	2242823	487821	488214	NC_057376.1	utg50	96.45		True
local misassembly
2243155	2243372	488547	488764	NC_057376.1	utg50	96.36		True
translocation
530673	632825	488765	591044	NC_057385.1	utg50	99.76		True
relocation, inconsistency = -2409
632824	636243	593452	596871	NC_057385.1	utg50	97.66		True
translocation
127075	127547	600950	600478	NC_057370.1	utg50	97.46		True
translocation
1632212	1633612	614498	613099	NC_057372.1	utg50	97.36		True
relocation, inconsistency = 1348832
283033	283376	614845	614502	NC_057372.1	utg50	95.93		True
local misassembly
278024	278309	619838	619553	NC_057372.1	utg50	97.2		True
indel: indel (<= 5bp)
277162	278023	620701	619840	NC_057372.1	utg50	96.06		True
translocation
648537	648845	620947	621255	NC_057385.1	utg50	97.42		True
translocation
41506	42296	621256	622048	NC_057374.1	utg50	98.11		True
translocation
648844	1001369	622049	975023	NC_057385.1	utg50	99.65		True
local misassembly
1001593	1012476	975024	985917	NC_057385.1	utg50	99.21		True
local misassembly
1012476	1024457	986158	998224	NC_057385.1	utg50	98.24		True
local misassembly
1024458	1291123	998490	1265553	NC_057385.1	utg50	99.73		True
relocation, inconsistency = 6475
1297599	1341710	1265554	1309644	NC_057385.1	utg50	99.59		True
CONTIG	utg50	1309644	misassembled
3439383	3480942	41833	218	NC_057372.1	utg51	99.56		True
local misassembly
3429486	3439194	51530	41834	NC_057372.1	utg51	96.75		True
relocation, inconsistency = 2953
3422045	3422892	56018	55171	NC_057372.1	utg51	95.52		True
relocation, inconsistency = 6963
3405766	3413517	65335	57583	NC_057372.1	utg51	97.46		True
relocation, inconsistency = 7302
3381406	3396284	82396	67515	NC_057372.1	utg51	97.21		True
relocation, inconsistency = -6448
3380580	3381404	89670	88846	NC_057372.1	utg51	96.48		True
relocation, inconsistency = 25530
3285215	3355044	159569	89676	NC_057372.1	utg51	99.12		True
relocation, inconsistency = 6251
3271670	3278963	166864	159570	NC_057372.1	utg51	99.1		True
translocation
1643763	1644326	166865	167428	NC_057378.1	utg51	96.45		True
translocation
116119	117995	172745	170869	NC_057370.1	utg51	95.79		True
translocation
1643960	1644326	172746	173112	NC_057378.1	utg51	96.81		True
translocation
3270898	3271674	173889	173113	NC_057372.1	utg51	96.82		True
relocation, inconsistency = 1603
3266772	3269294	176417	173890	NC_057372.1	utg51	97.98		True
translocation
3434733	3435062	176749	176420	NC_057373.1	utg51	96.36		True
local misassembly
3429046	3432589	182443	178900	NC_057373.1	utg51	95.29		True
translocation
3255656	3261746	188798	182678	NC_057372.1	utg51	98.64		True
relocation, inconsistency = 12324
3241620	3242543	190510	189587	NC_057372.1	utg51	99.68		True
translocation
56773	58077	190511	191817	NC_057376.1	utg51	98.32		True
translocation
3240624	3241624	192818	191818	NC_057372.1	utg51	98.31		True
translocation
1706352	1717200	192819	203667	NC_057374.1	utg51	98.65		True
relocation, inconsistency = 1301
1718513	1719828	203679	204994	NC_057374.1	utg51	99.16		True
translocation
3237460	3240628	208170	204995	NC_057372.1	utg51	99.09		True
relocation, inconsistency = 7045
3223101	3230414	215474	208171	NC_057372.1	utg51	98.69		True
local misassembly
3222685	3222936	215726	215475	NC_057372.1	utg51	99.76		True
relocation, inconsistency = 6409
3211737	3216275	220265	215727	NC_057372.1	utg51	99.89		True
relocation, inconsistency = 6332
3185587	3205404	240045	220266	NC_057372.1	utg51	99.06		True
local misassembly
3182845	3185124	242327	240046	NC_057372.1	utg51	97.03		True
relocation, inconsistency = 1571
3173542	3181273	250059	242328	NC_057372.1	utg51	98.89		True
relocation, inconsistency = 2901621
271383	271920	250060	250599	NC_057372.1	utg51	97.23		True
translocation
146394	148013	250798	252417	NC_057384.1	utg51	96.36		True
translocation
3166079	3173341	259685	252419	NC_057372.1	utg51	99.13		True
local misassembly
3163034	3165829	262481	259686	NC_057372.1	utg51	99.36		True
relocation, inconsistency = 3482
3075058	3159551	346972	262482	NC_057372.1	utg51	98.93		True
relocation, inconsistency = -3900
3056389	3077799	369512	348131	NC_057372.1	utg51	97.26		True
local misassembly
3040006	3056106	385592	369513	NC_057372.1	utg51	99.75		True
relocation, inconsistency = 2191
2943060	3037814	480459	385593	NC_057372.1	utg51	99.42		True
relocation, inconsistency = 1409678
1530174	1533381	480460	483668	NC_057372.1	utg51	99.47		True
relocation, inconsistency = 1406480
2939862	2943068	486875	483669	NC_057372.1	utg51	98.25		True
translocation
410298	410467	492252	492083	NC_057382.1	utg51	95.29		True
local misassembly
408747	408870	493778	493655	NC_057382.1	utg51	96.77		True
translocation
1307681	1308129	495446	494998	NC_057378.1	utg51	96.0		True
translocation
384944	386477	497147	498677	NC_057380.1	utg51	96.69		True
translocation
369480	370239	501749	502508	NC_057378.1	utg51	98.29		True
indel: indel (> 5bp)
370279	370493	502509	502723	NC_057378.1	utg51	99.54		True
translocation
663926	664199	502997	502724	NC_057377.1	utg51	97.08		True
translocation
2758832	2759178	503003	503349	NC_057372.1	utg51	97.69		True
translocation
488677	488982	503584	503889	NC_057381.1	utg51	96.08		True
translocation
2748793	2750321	504556	506084	NC_057372.1	utg51	95.16		True
translocation
1968245	1969772	520611	519082	NC_057375.1	utg51	98.1		True
translocation
2213258	2213596	522317	521979	NC_057382.1	utg51	96.17		True
translocation
371092	371181	531836	531747	NC_057372.1	utg51	95.56		True
local misassembly
370358	370712	532570	532216	NC_057372.1	utg51	96.06		True
translocation
338143	344200	544073	538015	NC_057371.1	utg51	97.17		True
translocation
2923740	2943507	572461	552633	NC_057372.1	utg51	96.86		True
CONTIG	utg51	573189	misassembled
1664159	1675250	5783	16902	NC_057374.1	utg52	98.3		True
local misassembly
1675761	1776075	17415	117733	NC_057374.1	utg52	99.88		True
local misassembly
1776076	1974623	117925	316469	NC_057374.1	utg52	99.47		True
relocation, inconsistency = 7243
1981871	2002274	316474	336964	NC_057374.1	utg52	98.71		True
relocation, inconsistency = 37771
2040582	2045861	337501	342782	NC_057374.1	utg52	96.95		True
translocation
235522	242246	349504	342783	NC_057370.1	utg52	97.28		True
translocation
1397630	1404326	357103	350408	NC_057381.1	utg52	97.59		True
translocation
1128484	1129361	358098	357221	NC_057377.1	utg52	97.04		True
translocation
1339659	1345928	358903	365168	NC_057381.1	utg52	98.84		True
translocation
193152	194297	365236	366381	NC_057373.1	utg52	96.42		True
translocation
1872945	1873315	367803	367433	NC_057380.1	utg52	95.42		True
relocation, inconsistency = 1721810
149919	151096	367842	369019	NC_057380.1	utg52	97.62		True
translocation
127504	127632	369774	369646	NC_057370.1	utg52	97.67		True
indel: indel (> 5bp)
127311	127490	369954	369775	NC_057370.1	utg52	97.22		True
local misassembly
121630	125515	375624	371751	NC_057370.1	utg52	97.2		True
translocation
95683	97004	375879	377200	NC_057382.1	utg52	95.46		True
indel: indel (> 5bp)
97106	98240	377272	378406	NC_057382.1	utg52	95.51		True
translocation
510743	511181	378856	378418	NC_057370.1	utg52	99.54		True
translocation
116393	117330	378858	379796	NC_057377.1	utg52	95.85		True
translocation
271383	271919	380334	379797	NC_057372.1	utg52	98.14		True
translocation
3511879	3513015	382638	381499	NC_057385.1	utg52	95.35		True
local misassembly
3509976	3510938	384662	383697	NC_057385.1	utg52	96.59		True
translocation
2046212	2047686	384700	386173	NC_057374.1	utg52	97.56		True
local misassembly
2047813	2057612	386174	395972	NC_057374.1	utg52	98.31		True
local misassembly
2057784	2065228	395973	403416	NC_057374.1	utg52	99.0		True
local misassembly
2066155	2163075	403417	500374	NC_057374.1	utg52	99.92		True
CONTIG	utg52	500448	misassembled
1479043	1485634	13	6584	NC_057384.1	utg54	96.09		True
translocation
299148	300130	8225	9186	NC_057383.1	utg54	95.56		True
relocation, inconsistency = 7403
307534	313441	9187	15108	NC_057383.1	utg54	98.48		True
relocation, inconsistency = 2677
316119	328719	15109	27677	NC_057383.1	utg54	96.94		True
translocation
792917	794295	27995	29375	NC_057380.1	utg54	97.47		True
translocation
300918	301260	30473	30131	NC_057381.1	utg54	96.5		True
translocation
43191	43660	36762	36294	NC_057380.1	utg54	98.51		True
translocation
808895	809134	55357	55118	NC_057379.1	utg54	98.75		True
local misassembly
802615	802781	61639	61473	NC_057379.1	utg54	98.2		True
translocation
2241634	2241983	62955	62606	NC_057371.1	utg54	95.43		True
translocation
173924	178457	66179	70718	NC_057378.1	utg54	95.4		True
translocation
2741005	2743938	77174	80107	NC_057372.1	utg54	96.56		True
local misassembly
2746018	2746176	82180	82338	NC_057372.1	utg54	96.23		True
translocation
2256241	2257336	87485	88580	NC_057376.1	utg54	98.54		True
translocation
137945	144526	88581	95162	NC_057372.1	utg54	99.83		True
translocation
523453	535987	95163	107706	NC_057374.1	utg54	97.74		True
translocation
510746	511181	109509	109943	NC_057370.1	utg54	98.62		True
translocation
331958	332293	113915	113580	NC_057371.1	utg54	95.24		True
translocation
696573	697170	117331	116734	NC_057380.1	utg54	95.33		True
translocation
2165563	2166465	117332	118234	NC_057382.1	utg54	98.34		True
translocation
408405	416928	119791	128355	NC_057383.1	utg54	96.08		True
translocation
354882	361077	128356	134552	NC_057370.1	utg54	97.45		True
translocation
416924	478977	134553	196641	NC_057383.1	utg54	98.88		True
translocation
1335453	1337400	198604	196642	NC_057379.1	utg54	96.9		True
translocation
478975	521056	198605	240841	NC_057383.1	utg54	99.33		True
local misassembly
521055	540420	241334	260783	NC_057383.1	utg54	97.94		True
relocation, inconsistency = 54399
597738	687618	263702	353638	NC_057383.1	utg54	99.63		True
local misassembly
688187	688513	353639	353965	NC_057383.1	utg54	99.11		True
relocation, inconsistency = 6437
694951	696691	353966	355704	NC_057383.1	utg54	98.91		True
local misassembly
697648	705348	355705	363415	NC_057383.1	utg54	97.78		True
relocation, inconsistency = 4205
710395	727783	364257	381646	NC_057383.1	utg54	98.44		True
CONTIG	utg54	381670	misassembled
1708966	1929554	221617	165	NC_057370.1	utg55	99.18		True
local misassembly
1703803	1708757	226634	221618	NC_057370.1	utg55	96.59		True
local misassembly
1688827	1702922	240668	226635	NC_057370.1	utg55	98.36		True
translocation
1199390	1205874	240669	247156	NC_057380.1	utg55	99.75		True
translocation
1568911	1688840	367175	247161	NC_057370.1	utg55	99.79		True
local misassembly
1563236	1568215	372160	367176	NC_057370.1	utg55	99.77		True
local misassembly
1556878	1563236	379374	372888	NC_057370.1	utg55	97.86		True
local misassembly
1534376	1556099	401459	379375	NC_057370.1	utg55	98.21		True
local misassembly
1451307	1534193	484415	401460	NC_057370.1	utg55	99.63		True
local misassembly
1444688	1451099	490878	484416	NC_057370.1	utg55	97.36		True
local misassembly
1418566	1444688	517263	491085	NC_057370.1	utg55	99.39		True
local misassembly
1277072	1418169	658508	517442	NC_057370.1	utg55	99.56		True
local misassembly
1254399	1277058	681400	658729	NC_057370.1	utg55	99.78		True
local misassembly
1233338	1254175	702253	681401	NC_057370.1	utg55	99.04		True
local misassembly
1203750	1232920	731859	702621	NC_057370.1	utg55	99.61		True
local misassembly
1124074	1203749	811909	732113	NC_057370.1	utg55	99.72		True
local misassembly
1042796	1124072	893494	812075	NC_057370.1	utg55	99.69		True
local misassembly
951808	1041496	984579	894791	NC_057370.1	utg55	99.73		True
relocation, inconsistency = 1177
930387	950630	1004822	984580	NC_057370.1	utg55	97.48		True
local misassembly
913977	929214	1020381	1005195	NC_057370.1	utg55	99.07		True
local misassembly
911838	913873	1022341	1020384	NC_057370.1	utg55	96.17		True
local misassembly
803913	911740	1130352	1022346	NC_057370.1	utg55	99.34		True
translocation
145133	147111	1130517	1132482	NC_057375.1	utg55	96.06		True
translocation
803766	803913	1132630	1132483	NC_057370.1	utg55	97.32		True
local misassembly
803417	803641	1132973	1132749	NC_057370.1	utg55	97.78		True
indel: indel (<= 5bp)
803326	803415	1133063	1132974	NC_057370.1	utg55	97.78		True
relocation, inconsistency = -2992
800344	803327	1139043	1136054	NC_057370.1	utg55	97.03		True
local misassembly
778686	800059	1161461	1139966	NC_057370.1	utg55	97.88		True
local misassembly
736536	778687	1203999	1161650	NC_057370.1	utg55	99.11		True
local misassembly
735345	736495	1205606	1204449	NC_057370.1	utg55	97.84		True
relocation, inconsistency = 6959
727652	728021	1206340	1205971	NC_057370.1	utg55	99.73		True
translocation
1858833	1859589	1206341	1207097	NC_057376.1	utg55	95.64		True
translocation
467631	468340	1207742	1208451	NC_057373.1	utg55	97.61		True
translocation
2750841	2757099	1209202	1215476	NC_057372.1	utg55	96.29		True
translocation
727187	727768	1215513	1216093	NC_057370.1	utg55	96.22		True
inversion
726843	727184	1216630	1216288	NC_057370.1	utg55	97.96		True
relocation, inconsistency = -1571
718533	726844	1226522	1218200	NC_057370.1	utg55	99.11		True
relocation, inconsistency = 1406
712243	717124	1231377	1226525	NC_057370.1	utg55	97.56		True
relocation, inconsistency = -6753
710222	712247	1240151	1238126	NC_057370.1	utg55	97.73		True
translocation
1051633	1053155	1240154	1241676	NC_057382.1	utg55	97.57		True
translocation
706372	710223	1245538	1241677	NC_057370.1	utg55	97.23		True
inversion
704976	706386	1245539	1246949	NC_057370.1	utg55	97.3		True
inversion
700460	704393	1250903	1246950	NC_057370.1	utg55	97.93		True
local misassembly
695345	700032	1255581	1250904	NC_057370.1	utg55	95.65		True
translocation
494565	500966	1261964	1255582	NC_057382.1	utg55	96.51		True
translocation
691503	695349	1265815	1261965	NC_057370.1	utg55	98.7		True
relocation, inconsistency = 1528
688174	689974	1267617	1265816	NC_057370.1	utg55	98.89		True
translocation
779675	786719	1274670	1267618	NC_057382.1	utg55	98.21		True
translocation
686984	688178	1275863	1274671	NC_057370.1	utg55	98.83		True
relocation, inconsistency = -2140
683514	685291	1281479	1279696	NC_057370.1	utg55	97.43		True
local misassembly
679557	683054	1284977	1281480	NC_057370.1	utg55	97.52		True
local misassembly
674999	679562	1289992	1285431	NC_057370.1	utg55	95.4		True
relocation, inconsistency = 11427
661433	663571	1289993	1292131	NC_057370.1	utg55	97.76		True
translocation
3471985	3472077	1293219	1293311	NC_057385.1	utg55	96.77		True
local misassembly
3473075	3473440	1294341	1294706	NC_057385.1	utg55	95.9		True
translocation
658343	660026	1296429	1294744	NC_057370.1	utg55	98.87		True
local misassembly
654853	656333	1299870	1298391	NC_057370.1	utg55	98.86		True
local misassembly
652056	654311	1302127	1299871	NC_057370.1	utg55	98.72		True
local misassembly
648196	652060	1306166	1302301	NC_057370.1	utg55	96.46		True
local misassembly
644071	647627	1309752	1306167	NC_057370.1	utg55	96.94		True
relocation, inconsistency = 10402
633368	633465	1310053	1309956	NC_057370.1	utg55	97.96		True
indel: indel (<= 5bp)
633224	633361	1310200	1310063	NC_057370.1	utg55	96.38		True
indel: indel (<= 5bp)
632890	633204	1310537	1310223	NC_057370.1	utg55	98.41		True
indel: indel (<= 5bp)
632700	632889	1310729	1310540	NC_057370.1	utg55	98.42		True
indel: indel (<= 5bp)
632362	632699	1311068	1310731	NC_057370.1	utg55	96.75		True
indel: indel (<= 5bp)
632196	632359	1311237	1311074	NC_057370.1	utg55	98.17		True
indel: indel (<= 5bp)
631818	632193	1311617	1311242	NC_057370.1	utg55	97.61		True
indel: indel (<= 5bp)
631406	631817	1312030	1311619	NC_057370.1	utg55	97.57		True
local misassembly
629380	630114	1313975	1313231	NC_057370.1	utg55	95.72		True
local misassembly
625410	628377	1317984	1314977	NC_057370.1	utg55	96.0		True
translocation
1314720	1314819	1323401	1323302	NC_057378.1	utg55	95.0		True
local misassembly
1312961	1313356	1325141	1324746	NC_057378.1	utg55	95.45		True
local misassembly
1312391	1312664	1325692	1325419	NC_057378.1	utg55	95.99		True
translocation
280137	280503	1325765	1326131	NC_057383.1	utg55	95.91		True
translocation
1950811	1952416	1329881	1331486	NC_057375.1	utg55	95.49		True
translocation
621479	625409	1335370	1331487	NC_057370.1	utg55	97.62		True
local misassembly
608399	621479	1348654	1335508	NC_057370.1	utg55	96.01		True
CONTIG	utg55	1348661	misassembled
1037325	1050352	13	13105	NC_057381.1	utg60	95.61		True
local misassembly
1050353	1051457	13267	14345	NC_057381.1	utg60	96.26		True
translocation
716680	722250	19916	14346	NC_057373.1	utg60	97.87		True
translocation
1051467	1073319	19917	41845	NC_057381.1	utg60	99.31		True
relocation, inconsistency = 2906
1076226	1078401	41846	44021	NC_057381.1	utg60	99.82		True
local misassembly
1079328	1113781	44022	78499	NC_057381.1	utg60	99.51		True
translocation
523146	523606	78500	78960	NC_057377.1	utg60	98.06		True
translocation
1206898	1207418	79521	79001	NC_057378.1	utg60	96.93		True
translocation
160896	162019	79902	81026	NC_057371.1	utg60	98.22		True
translocation
141286	145576	87720	83426	NC_057376.1	utg60	95.68		True
translocation
162014	165033	87758	90779	NC_057371.1	utg60	96.26		True
translocation
926804	927379	92956	92381	NC_057383.1	utg60	97.74		True
translocation
2283477	2284312	94724	93890	NC_057375.1	utg60	97.02		True
translocation
1113780	1186354	94725	167343	NC_057381.1	utg60	99.56		True
local misassembly
1186542	1283407	167344	264380	NC_057381.1	utg60	99.72		True
translocation
540937	541200	264644	264381	NC_057383.1	utg60	96.64		True
relocation, inconsistency = -1341
540616	540934	266306	265988	NC_057383.1	utg60	96.27		True
translocation
1283403	1319736	266307	302677	NC_057381.1	utg60	99.7		True
relocation, inconsistency = -6473
1319761	1321735	309175	311159	NC_057381.1	utg60	96.35		True
relocation, inconsistency = 12863
1334599	1339657	311160	316219	NC_057381.1	utg60	98.87		True
relocation, inconsistency = 6274
1345939	1353487	316227	323778	NC_057381.1	utg60	99.21		True
translocation
1793781	1796854	323779	326851	NC_057379.1	utg60	98.38		True
translocation
2095133	2095268	332551	332416	NC_057380.1	utg60	96.32		True
local misassembly
2094368	2094652	333333	333049	NC_057380.1	utg60	95.09		True
translocation
586902	587856	335267	336221	NC_057385.1	utg60	95.08		True
translocation
1384234	1384631	337401	337004	NC_057381.1	utg60	97.49		True
local misassembly
1379848	1384238	342229	337840	NC_057381.1	utg60	98.43		True
translocation
3687461	3690564	342230	345327	NC_057373.1	utg60	97.49		True
translocation
564093	564160	345511	345444	NC_057385.1	utg60	95.59		True
local misassembly
561901	562511	347689	347079	NC_057385.1	utg60	95.09		True
translocation
1405540	1426597	348427	369494	NC_057381.1	utg60	99.53		True
CONTIG	utg60	369495	misassembled
2031300	2040874	9666	92	NC_057383.1	utg61	99.58		True
local misassembly
2030219	2030499	9947	9667	NC_057383.1	utg61	97.16		True
translocation
78624	87365	9948	18693	NC_057385.1	utg61	97.92		True
local misassembly
87423	87725	18895	19197	NC_057385.1	utg61	96.04		True
translocation
93989	94352	23916	23553	NC_057370.1	utg61	95.05		True
local misassembly
91805	92425	26926	26306	NC_057370.1	utg61	95.12		True
translocation
2411224	2412971	28674	26927	NC_057375.1	utg61	99.49		True
translocation
1932428	1950477	46731	28686	NC_057381.1	utg61	98.85		True
local misassembly
1931503	1932432	47865	46930	NC_057381.1	utg61	95.53		True
local misassembly
1925869	1930545	52537	47866	NC_057381.1	utg61	97.33		True
local misassembly
1925050	1925869	53742	52924	NC_057381.1	utg61	97.21		True
local misassembly
1921918	1924560	56383	53743	NC_057381.1	utg61	95.88		True
local misassembly
1920889	1921826	57321	56385	NC_057381.1	utg61	95.85		True
relocation, inconsistency = -14921
1920533	1920636	72598	72495	NC_057381.1	utg61	95.19		True
local misassembly
1899551	1914418	93642	78760	NC_057381.1	utg61	99.01		True
local misassembly
1898709	1899080	94014	93643	NC_057381.1	utg61	98.93		True
translocation
1603921	1605401	94250	95734	NC_057372.1	utg61	96.23		True
relocation, inconsistency = 1528491
73910	75429	97254	95735	NC_057372.1	utg61	98.16		True
relocation, inconsistency = 1529964
1605394	1607862	97255	99723	NC_057372.1	utg61	96.44		True
local misassembly
1609613	1609938	101456	101781	NC_057372.1	utg61	96.64		True
translocation
1888208	1898713	112293	101782	NC_057381.1	utg61	99.38		True
local misassembly
1876863	1888212	123817	112467	NC_057381.1	utg61	99.26		True
local misassembly
1864053	1876488	136269	123838	NC_057381.1	utg61	99.74		True
local misassembly
1861351	1863022	137952	136315	NC_057381.1	utg61	97.79		True
relocation, inconsistency = 1809
1847683	1859541	149901	137953	NC_057381.1	utg61	98.53		True
translocation
681401	682689	149904	151194	NC_057384.1	utg61	98.22		True
translocation
1360295	1369192	151195	160093	NC_057379.1	utg61	96.97		True
translocation
3319355	3321322	162061	160103	NC_057370.1	utg61	96.65		True
translocation
71668	72944	169460	170736	NC_057372.1	utg61	96.63		True
translocation
108145	109248	171985	170882	NC_057384.1	utg61	99.55		True
translocation
3316461	3316907	172434	171986	NC_057370.1	utg61	95.33		True
local misassembly
3315514	3316447	173560	172627	NC_057370.1	utg61	97.68		True
translocation
1821176	1847428	199890	173561	NC_057381.1	utg61	98.96		True
translocation
49779	50610	199891	200722	NC_057377.1	utg61	96.77		True
translocation
11851	12161	200723	201033	NC_057384.1	utg61	95.25		True
indel: indel (> 5bp)
12194	12401	201060	201267	NC_057384.1	utg61	97.12		True
relocation, inconsistency = 355158
383463	384050	217171	217759	NC_057384.1	utg61	96.1		True
translocation
2495971	2496622	217958	218609	NC_057370.1	utg61	96.32		True
translocation
1235940	1237035	218610	219705	NC_057378.1	utg61	95.8		True
translocation
41503	42103	220311	219711	NC_057374.1	utg61	99.33		True
translocation
1802673	1821173	238810	220313	NC_057381.1	utg61	98.52		True
local misassembly
1801185	1801346	239629	239468	NC_057381.1	utg61	95.06		True
local misassembly
1546510	1798037	494475	242602	NC_057381.1	utg61	99.67		True
local misassembly
1500158	1546135	540561	494524	NC_057381.1	utg61	99.76		True
local misassembly
1455031	1499358	584948	540562	NC_057381.1	utg61	99.67		True
translocation
2877461	2878327	584949	585816	NC_057385.1	utg61	99.89		True
translocation
1453444	1455034	587460	585817	NC_057381.1	utg61	95.32		True
translocation
3207613	3211530	588235	592152	NC_057372.1	utg61	95.2		True
translocation
1319737	1453444	726101	592225	NC_057381.1	utg61	99.76		True
local misassembly
1301628	1319440	744364	726454	NC_057381.1	utg61	97.27		True
CONTIG	utg61	744419	misassembled
959985	1097736	7	137901	NC_057372.1	utg64	99.75		True
local misassembly
1098508	1133161	138661	173431	NC_057372.1	utg64	99.24		True
inversion
1133165	1134236	174513	173442	NC_057372.1	utg64	98.7		True
inversion
1134264	1554406	174531	595119	NC_057372.1	utg64	99.77		True
local misassembly
1555374	1602063	595120	641793	NC_057372.1	utg64	99.77		True
CONTIG	utg64	641907	misassembled
1378955	1379034	2526	2605	NC_057378.1	utg65	96.25		True
local misassembly
1380630	1402816	4673	26835	NC_057378.1	utg65	97.92		True
local misassembly
1402814	1431022	27059	55289	NC_057378.1	utg65	99.81		True
local misassembly
1431023	1433664	55454	58129	NC_057378.1	utg65	98.67		True
local misassembly
1433838	1598225	58130	222643	NC_057378.1	utg65	99.77		True
local misassembly
1598478	1599421	222645	223588	NC_057378.1	utg65	98.62		True
relocation, inconsistency = 6478
1605900	1606326	223589	224015	NC_057378.1	utg65	96.63		True
relocation, inconsistency = 2057
1608384	1609628	224016	225262	NC_057378.1	utg65	98.08		True
translocation
119745	120815	226333	225263	NC_057384.1	utg65	98.33		True
translocation
2243117	2243595	226543	227021	NC_057371.1	utg65	97.49		True
translocation
237823	239157	230763	229429	NC_057370.1	utg65	95.36		True
translocation
2248108	2248374	231554	231820	NC_057371.1	utg65	97.38		True
local misassembly
2249380	2249619	232832	233071	NC_057371.1	utg65	99.17		True
translocation
1609625	1680129	233278	303843	NC_057378.1	utg65	99.56		True
CONTIG	utg65	303855	misassembled
2053105	2290618	237866	64	NC_057372.1	utg66	99.54		True
local misassembly
2048731	2053066	242505	238150	NC_057372.1	utg66	98.52		True
local misassembly
1591059	2048437	700371	242506	NC_057372.1	utg66	99.76		True
CONTIG	utg66	700434	correct
1273020	1291250	5	18240	NC_057378.1	utg67	98.28		True
local misassembly
1291251	1297506	18604	24855	NC_057378.1	utg67	98.2		True
local misassembly
1297876	1380817	24856	107940	NC_057378.1	utg67	98.99		True
local misassembly
1380433	1417342	108060	145092	NC_057378.1	utg67	97.51		True
translocation
186290	187622	146424	145095	NC_057385.1	utg67	97.15		True
translocation
1127456	1127889	146953	146518	NC_057380.1	utg67	97.48		True
translocation
198039	198191	147345	147192	NC_057377.1	utg67	96.1		True
local misassembly
197738	198034	147866	147570	NC_057377.1	utg67	95.96		True
indel: indel (<= 5bp)
197051	197736	148552	147867	NC_057377.1	utg67	96.65		True
translocation
892697	893183	148832	149318	NC_057381.1	utg67	97.74		True
translocation
95303	102058	156552	149792	NC_057382.1	utg67	99.39		True
translocation
119535	120819	164628	165912	NC_057384.1	utg67	96.5		True
translocation
3348639	3350161	168230	166697	NC_057370.1	utg67	96.48		True
translocation
97527	100428	175821	178724	NC_057371.1	utg67	96.9		True
translocation
90314	90825	179235	178725	NC_057376.1	utg67	95.19		True
translocation
3489418	3491503	179259	181348	NC_057385.1	utg67	97.75		True
translocation
324618	325924	185492	186797	NC_057371.1	utg67	97.78		True
translocation
3491498	3496322	189392	194228	NC_057385.1	utg67	97.91		True
translocation
1565764	1566053	194683	194394	NC_057376.1	utg67	96.21		True
indel: indel (<= 5bp)
1565537	1565763	194911	194685	NC_057376.1	utg67	98.68		True
local misassembly
1562409	1565541	198615	195483	NC_057376.1	utg67	98.5		True
translocation
99533	99976	198616	199062	NC_057384.1	utg67	95.32		True
relocation, inconsistency = 1322636
1422670	1423735	200185	199120	NC_057384.1	utg67	95.87		True
translocation
1805640	1806023	201297	201680	NC_057378.1	utg67	96.09		True
indel: stretch of mismatches
1806089	1806329	201746	201986	NC_057378.1	utg67	96.28		True
translocation
1471997	1475823	205812	201987	NC_057384.1	utg67	95.56		True
translocation
3442995	3443341	208746	209092	NC_057373.1	utg67	97.12		True
local misassembly
3448363	3449192	214109	214938	NC_057373.1	utg67	96.63		True
translocation
1397079	1397618	223958	223419	NC_057381.1	utg67	96.13		True
translocation
33439	34267	235463	236291	NC_057375.1	utg67	96.26		True
translocation
1333540	1334358	241731	240918	NC_057378.1	utg67	97.08		True
translocation
420653	420769	245659	245543	NC_057370.1	utg67	98.29		True
indel: indel (<= 5bp)
419976	420652	246337	245661	NC_057370.1	utg67	97.49		True
translocation
574626	574986	288229	288589	NC_057375.1	utg67	95.29		True
translocation
1348784	1349098	292635	292949	NC_057380.1	utg67	95.24		True
translocation
1586619	1587041	319672	319250	NC_057376.1	utg67	97.64		True
translocation
2065034	2065353	320170	319851	NC_057379.1	utg67	96.25		True
indel: indel (> 5bp)
2064921	2064988	320295	320228	NC_057379.1	utg67	97.06		True
translocation
713914	714331	321294	321712	NC_057370.1	utg67	95.23		True
translocation
779674	786720	323967	331017	NC_057382.1	utg67	97.41		True
translocation
1956791	1957329	341784	342326	NC_057371.1	utg67	97.06		True
translocation
1724897	1725333	346612	347051	NC_057381.1	utg67	95.45		True
translocation
193439	194671	350022	348793	NC_057385.1	utg67	97.57		True
translocation
866842	868365	352624	354148	NC_057375.1	utg67	96.85		True
translocation
749823	751129	362448	361144	NC_057382.1	utg67	95.94		True
translocation
911019	911558	364418	363879	NC_057380.1	utg67	96.86		True
translocation
117030	118152	364776	365899	NC_057372.1	utg67	98.22		True
translocation
865303	865569	366012	366278	NC_057375.1	utg67	98.88		True
indel: indel (> 5bp)
865570	865811	366320	366561	NC_057375.1	utg67	99.59		True
translocation
825002	826514	368626	370137	NC_057377.1	utg67	96.37		True
translocation
56772	58077	378900	380206	NC_057376.1	utg67	98.01		True
translocation
42453	43635	380777	381967	NC_057380.1	utg67	96.15		True
translocation
1556629	1580334	386133	409977	NC_057378.1	utg67	98.03		True
CONTIG	utg67	410103	misassembled
2438588	2449912	11319	1	NC_057371.1	utg69	98.94		True
local misassembly
2434561	2438594	15513	11479	NC_057371.1	utg69	99.95		True
relocation, inconsistency = -7328
2433524	2434563	23878	22839	NC_057371.1	utg69	97.03		True
translocation
2111306	2112924	25496	23879	NC_057376.1	utg69	97.47		True
translocation
2422501	2433522	36538	25497	NC_057371.1	utg69	96.98		True
translocation
1003939	1006653	41732	39018	NC_057372.1	utg69	95.06		True
translocation
1533552	1533878	45191	44865	NC_057376.1	utg69	96.64		True
translocation
2395848	2420701	70278	45418	NC_057371.1	utg69	95.58		True
translocation
1029949	1030418	76949	77418	NC_057372.1	utg69	95.11		True
translocation
1874782	1888413	93354	79785	NC_057378.1	utg69	96.85		True
translocation
1468642	1469035	97388	97781	NC_057384.1	utg69	95.18		True
translocation
31366	32016	98994	98337	NC_057377.1	utg69	95.0		True
translocation
1320685	1320965	99159	99439	NC_057380.1	utg69	96.44		True
translocation
2337790	2338664	103278	102404	NC_057371.1	utg69	95.31		True
local misassembly
2324862	2325040	116219	116041	NC_057371.1	utg69	95.53		True
indel: indel (<= 5bp)
2324722	2324861	116360	116221	NC_057371.1	utg69	97.14		True
indel: indel (<= 5bp)
2324411	2324721	116672	116362	NC_057371.1	utg69	97.75		True
indel: indel (<= 5bp)
2323997	2324377	117085	116705	NC_057371.1	utg69	96.85		True
relocation, inconsistency = -22618
2345241	2346406	118459	117294	NC_057371.1	utg69	95.03		True
relocation, inconsistency = -35667
2376641	2377088	122726	122279	NC_057371.1	utg69	95.31		True
relocation, inconsistency = -10211
2377482	2378935	132096	130643	NC_057371.1	utg69	96.29		True
local misassembly
2366625	2367089	143220	142756	NC_057371.1	utg69	95.05		True
relocation, inconsistency = 36718
2324723	2324862	148404	148265	NC_057371.1	utg69	95.71		True
indel: indel (<= 5bp)
2324411	2324722	148717	148406	NC_057371.1	utg69	96.15		True
indel: indel (<= 5bp)
2323824	2324410	149305	148719	NC_057371.1	utg69	96.08		True
indel: indel (<= 5bp)
2323260	2323823	149870	149307	NC_057371.1	utg69	98.58		True
local misassembly
2322676	2322761	150470	150385	NC_057371.1	utg69	97.67		True
local misassembly
2320011	2322472	153137	150676	NC_057371.1	utg69	99.23		True
indel: indel (<= 5bp)
2318362	2320010	154787	153139	NC_057371.1	utg69	99.03		True
indel: indel (<= 5bp)
2318286	2318360	154862	154788	NC_057371.1	utg69	97.33		True
CONTIG	utg69	155222	misassembled
671617	758748	87135	1	NC_057373.1	utg73	99.42		True
local misassembly
663681	671293	95084	87451	NC_057373.1	utg73	96.36		True
relocation, inconsistency = 21888
449139	641792	287930	95085	NC_057373.1	utg73	99.83		True
local misassembly
447965	448873	289132	288220	NC_057373.1	utg73	98.8		True
local misassembly
433935	447966	303376	289340	NC_057373.1	utg73	99.39		True
local misassembly
391792	433675	345398	303486	NC_057373.1	utg73	99.78		True
relocation, inconsistency = -1427
324999	389803	413661	348814	NC_057373.1	utg73	99.41		True
translocation
191300	197768	413662	420130	NC_057380.1	utg73	99.98		True
translocation
320027	325013	425104	420133	NC_057373.1	utg73	97.92		True
local misassembly
300956	319706	443955	425106	NC_057373.1	utg73	99.29		True
local misassembly
269415	300645	475320	443956	NC_057373.1	utg73	99.46		True
relocation, inconsistency = 3538
262038	265875	479159	475322	NC_057373.1	utg73	99.48		True
translocation
295688	299542	479381	483237	NC_057381.1	utg73	95.36		True
translocation
184548	184916	485230	485598	NC_057385.1	utg73	95.12		True
translocation
246931	262042	500711	485599	NC_057373.1	utg73	99.75		True
local misassembly
246143	246821	501390	500712	NC_057373.1	utg73	99.85		True
translocation
2075581	2076041	501391	501862	NC_057378.1	utg73	95.36		True
translocation
1967241	1967411	502033	501863	NC_057375.1	utg73	99.42		True
local misassembly
1964911	1966431	504285	502762	NC_057375.1	utg73	97.84		True
translocation
2076036	2078524	504404	506891	NC_057378.1	utg73	96.3		True
translocation
1484110	1485631	506892	508413	NC_057384.1	utg73	98.88		True
translocation
2078519	2081085	508414	510981	NC_057378.1	utg73	95.87		True
translocation
245861	246148	511269	510982	NC_057373.1	utg73	95.83		True
indel: indel (> 5bp)
242463	245783	514590	511270	NC_057373.1	utg73	96.54		True
local misassembly
241595	241882	514878	514591	NC_057373.1	utg73	96.25		True
translocation
1363821	1365129	516449	515141	NC_057381.1	utg73	99.39		True
translocation
1302866	1303101	518924	518689	NC_057379.1	utg73	95.76		True
local misassembly
1299270	1301399	522520	520391	NC_057379.1	utg73	95.4		True
translocation
234093	235241	525793	524645	NC_057373.1	utg73	97.74		True
relocation, inconsistency = -5265
230146	233041	535011	532110	NC_057373.1	utg73	97.86		True
local misassembly
65317	230141	700567	535469	NC_057373.1	utg73	99.75		True
local misassembly
62414	64788	702964	700568	NC_057373.1	utg73	98.26		True
local misassembly
45961	62411	719885	703385	NC_057373.1	utg73	99.47		True
CONTIG	utg73	719900	misassembled
2978606	2995695	17104	1	NC_057372.1	utg74	98.26		True
relocation, inconsistency = 8379
2967497	2969346	19834	17985	NC_057372.1	utg74	97.08		True
translocation
108146	109242	22137	23234	NC_057384.1	utg74	99.27		True
translocation
648537	649038	23845	23345	NC_057383.1	utg74	96.61		True
local misassembly
642794	647788	29769	24776	NC_057383.1	utg74	96.86		True
translocation
2683418	2966676	313224	29774	NC_057372.1	utg74	99.82		True
local misassembly
2673716	2683326	322835	313225	NC_057372.1	utg74	99.9		True
relocation, inconsistency = 1618
2653395	2672097	341580	322836	NC_057372.1	utg74	99.69		True
local misassembly
2533259	2651019	461698	343972	NC_057372.1	utg74	99.81		True
local misassembly
2379720	2533043	615207	461699	NC_057372.1	utg74	99.72		True
translocation
1919742	1919999	615208	615465	NC_057381.1	utg74	99.61		True
indel: indel (> 5bp)
1920025	1920330	615466	615771	NC_057381.1	utg74	98.69		True
indel: indel (<= 5bp)
1920342	1920516	615784	615958	NC_057381.1	utg74	95.43		True
translocation
2350798	2379722	644941	615971	NC_057372.1	utg74	99.67		True
local misassembly
2344400	2350541	651134	644942	NC_057372.1	utg74	98.43		True
local misassembly
2340937	2344402	654793	651330	NC_057372.1	utg74	98.39		True
local misassembly
2275015	2340727	720561	654794	NC_057372.1	utg74	99.65		True
translocation
1498641	1499633	720564	721555	NC_057379.1	utg74	95.59		True
translocation
2267982	2275011	728587	721556	NC_057372.1	utg74	98.98		True
translocation
2051713	2053399	728588	730274	NC_057378.1	utg74	97.98		True
translocation
421247	426003	730476	735235	NC_057372.1	utg74	95.25		True
translocation
60063	60199	735583	735719	NC_057381.1	utg74	97.08		True
indel: indel (<= 5bp)
60200	60336	735721	735857	NC_057381.1	utg74	95.62		True
local misassembly
60683	61093	736210	736620	NC_057381.1	utg74	97.81		True
local misassembly
61226	61465	736750	736989	NC_057381.1	utg74	95.42		True
translocation
2077263	2077464	736990	737191	NC_057378.1	utg74	99.01		True
local misassembly
2077460	2078902	737754	739196	NC_057378.1	utg74	95.98		True
local misassembly
2078898	2081085	739632	741818	NC_057378.1	utg74	96.48		True
translocation
2259814	2267986	749991	741819	NC_057372.1	utg74	99.61		True
relocation, inconsistency = 47891
2207813	2211922	754101	749992	NC_057372.1	utg74	98.61		True
translocation
1573422	1574006	754102	754687	NC_057378.1	utg74	98.99		True
translocation
2199615	2207816	762889	754688	NC_057372.1	utg74	99.61		True
CONTIG	utg74	766326	misassembled
470588	480199	330	9981	NC_057382.1	utg75	95.34		True
local misassembly
479930	484176	9982	14230	NC_057382.1	utg75	98.76		True
translocation
213166	213274	14463	14355	NC_057378.1	utg75	95.41		True
indel: indel (<= 5bp)
213082	213164	14546	14464	NC_057378.1	utg75	95.18		True
local misassembly
212488	212782	15140	14846	NC_057378.1	utg75	95.93		True
translocation
2053135	2055385	19111	16861	NC_057383.1	utg75	96.58		True
translocation
121379	121684	20607	20302	NC_057370.1	utg75	97.06		True
translocation
1582417	1586877	25264	20804	NC_057380.1	utg75	97.31		True
relocation, inconsistency = 6888
1574699	1575402	26093	25391	NC_057380.1	utg75	97.16		True
translocation
1930088	1930172	26178	26094	NC_057383.1	utg75	98.84		True
indel: indel (<= 5bp)
1929889	1930087	26378	26180	NC_057383.1	utg75	95.48		True
translocation
1261897	1262149	26674	26422	NC_057384.1	utg75	96.44		True
indel: indel (<= 5bp)
1260380	1261896	28192	26676	NC_057384.1	utg75	95.45		True
translocation
324162	324568	31946	31540	NC_057370.1	utg75	97.05		True
translocation
518115	520229	32691	34807	NC_057382.1	utg75	99.01		True
relocation, inconsistency = 7791
528021	546058	34808	52862	NC_057382.1	utg75	99.73		True
inversion
546059	546986	53790	52863	NC_057382.1	utg75	99.68		True
inversion
546987	601180	53791	108032	NC_057382.1	utg75	99.77		True
local misassembly
602078	602144	108064	108130	NC_057382.1	utg75	100.0		True
local misassembly
602290	891596	108155	397710	NC_057382.1	utg75	99.82		True
translocation
1189934	1199391	407147	397711	NC_057380.1	utg75	99.63		True
local misassembly
1037956	1189350	558830	407210	NC_057380.1	utg75	99.66		True
translocation
2117806	2118169	558831	559194	NC_057376.1	utg75	98.91		True
indel: indel (> 5bp)
2118225	2118321	559204	559300	NC_057376.1	utg75	97.94		True
indel: indel (> 5bp)
2118347	2118417	559301	559371	NC_057376.1	utg75	98.59		True
translocation
1032295	1037946	565027	559374	NC_057380.1	utg75	97.56		True
local misassembly
1019707	1032174	577904	565388	NC_057380.1	utg75	97.29		True
local misassembly
781289	1017997	817022	579799	NC_057380.1	utg75	99.44		True
translocation
2051713	2057211	822526	817023	NC_057378.1	utg75	98.55		True
translocation
697636	781293	906365	822527	NC_057380.1	utg75	99.71		True
relocation, inconsistency = 1312
695599	695763	907090	906926	NC_057380.1	utg75	96.97		True
indel: indel (<= 5bp)
695497	695590	907188	907095	NC_057380.1	utg75	98.94		True
indel: indel (<= 5bp)
695362	695495	907322	907189	NC_057380.1	utg75	98.51		True
indel: indel (<= 5bp)
695221	695316	907467	907372	NC_057380.1	utg75	96.88		True
local misassembly
683493	694989	919034	907477	NC_057380.1	utg75	97.17		True
relocation, inconsistency = 3737
668253	678334	930547	920456	NC_057380.1	utg75	99.18		True
relocation, inconsistency = 11931
641136	656321	945783	930548	NC_057380.1	utg75	98.41		True
CONTIG	utg75	945794	misassembled
3490741	3492425	1943	257	NC_057372.1	utg77	95.91		True
unknown
1345285	1345386	7904	7803	NC_057374.1	utg77	98.04		True
unknown
1343470	1345284	9720	7906	NC_057374.1	utg77	95.81		True
unknown
75762	76355	11748	12341	NC_057375.1	utg77	95.62		True
unknown
1668156	1669380	18609	19832	NC_057372.1	utg77	98.29		True
unknown
79110	79411	20133	19832	NC_057375.1	utg77	96.36		True
unknown
550075	550387	25553	25240	NC_057374.1	utg77	95.22		True
unknown
36817	37348	25673	26204	NC_057380.1	utg77	95.3		True
unknown
37927	38506	26206	26786	NC_057380.1	utg77	95.18		True
unknown
1304775	1304891	28576	28692	NC_057380.1	utg77	95.73		True
unknown
1305273	1305356	29076	29159	NC_057380.1	utg77	96.43		True
unknown
1305543	1305635	29349	29441	NC_057380.1	utg77	98.92		True
unknown
1307020	1307220	30839	31039	NC_057380.1	utg77	97.01		True
unknown
1307241	1307421	31062	31242	NC_057380.1	utg77	95.58		True
unknown
1307422	1307534	31245	31357	NC_057380.1	utg77	95.58		True
unknown
1307615	1307727	31437	31549	NC_057380.1	utg77	95.58		True
unknown
1309428	1309669	33261	33502	NC_057380.1	utg77	95.87		True
unknown
1309670	1309880	33504	33714	NC_057380.1	utg77	95.26		True
unknown
1310000	1310098	33836	33934	NC_057380.1	utg77	95.96		True
unknown
1310099	1310299	33936	34136	NC_057380.1	utg77	97.01		True
unknown
1310562	1310660	34404	34502	NC_057380.1	utg77	97.98		True
unknown
1311008	1311095	34854	34941	NC_057380.1	utg77	97.73		True
unknown
1585888	1586007	36642	36523	NC_057372.1	utg77	96.67		True
unknown
1584608	1584850	37977	37735	NC_057372.1	utg77	95.06		True
unknown
420653	420769	42215	42099	NC_057370.1	utg77	97.44		True
unknown
420498	420652	42371	42217	NC_057370.1	utg77	96.77		True
unknown
420345	420493	42520	42372	NC_057370.1	utg77	96.64		True
unknown
432242	432386	47746	47602	NC_057372.1	utg77	96.55		True
unknown
432105	432241	47906	47770	NC_057372.1	utg77	97.08		True
unknown
431869	431976	48144	48037	NC_057372.1	utg77	96.3		True
unknown
1180747	1182202	49083	50539	NC_057379.1	utg77	96.71		True
unknown
521884	522318	52278	52712	NC_057372.1	utg77	99.54		True
unknown
39095	39573	53829	53354	NC_057385.1	utg77	95.62		True
unknown
3594738	3594985	54651	54404	NC_057373.1	utg77	99.6		True
unknown
3594364	3594699	54987	54652	NC_057373.1	utg77	96.43		True
unknown
311375	312046	72640	73311	NC_057370.1	utg77	98.66		True
unknown
777156	777558	74852	75256	NC_057384.1	utg77	97.04		True
unknown
1065274	1066726	76709	75257	NC_057382.1	utg77	96.9		True
unknown
1050755	1051632	77588	76711	NC_057382.1	utg77	97.84		True
unknown
1675862	1677166	81664	82968	NC_057372.1	utg77	97.47		True
unknown
113193	113654	90670	91133	NC_057372.1	utg77	95.27		True
unknown
1773129	1781389	104401	112663	NC_057379.1	utg77	98.03		True
unknown
2065400	2065680	116807	117087	NC_057382.1	utg77	95.37		True
unknown
201834	201933	184322	184223	NC_057371.1	utg77	96.0		True
unknown
201711	201832	184444	184323	NC_057371.1	utg77	95.08		True
unknown
201265	201715	185669	185223	NC_057371.1	utg77	95.57		True
unknown
322096	322394	186673	186375	NC_057370.1	utg77	97.0		True
unknown
1294983	1295140	187008	187165	NC_057379.1	utg77	95.57		True
unknown
1295142	1295277	187166	187301	NC_057379.1	utg77	96.32		True
unknown
2259154	2259497	195078	194735	NC_057372.1	utg77	97.97		True
unknown
2254523	2255165	199695	199053	NC_057372.1	utg77	97.82		True
unknown
2253385	2254521	200832	199696	NC_057372.1	utg77	97.63		True
unknown
2253294	2253384	200924	200834	NC_057372.1	utg77	95.6		True
unknown
661127	662150	205961	204938	NC_057380.1	utg77	95.7		True
unknown
912374	913012	206512	207150	NC_057375.1	utg77	97.03		True
unknown
913021	913170	207158	207307	NC_057375.1	utg77	95.33		True
unknown
2700345	2701579	219564	220798	NC_057372.1	utg77	99.68		True
unknown
257388	257457	222709	222778	NC_057370.1	utg77	97.14		True
unknown
257515	257592	222835	222912	NC_057370.1	utg77	96.15		True
unknown
257594	257901	222913	223220	NC_057370.1	utg77	96.1		True
unknown
1876068	1876304	225484	225248	NC_057378.1	utg77	97.89		True
unknown
1875051	1876066	226500	225485	NC_057378.1	utg77	95.96		True
unknown
395238	395701	228525	228062	NC_057370.1	utg77	96.55		True
unknown
395153	395236	228609	228526	NC_057370.1	utg77	95.24		True
unknown
2301051	2301511	231448	231906	NC_057373.1	utg77	96.53		True
unknown
866841	868365	241567	240045	NC_057375.1	utg77	97.51		True
unknown
2597807	2598100	253526	253234	NC_057371.1	utg77	96.6		True
unknown
609651	609973	254791	254469	NC_057384.1	utg77	97.52		True
unknown
CONTIG	utg77	277260	mis_unaligned
3277670	3306985	3	29393	NC_057385.1	utg81	99.19		True
translocation
404003	404215	33434	33646	NC_057377.1	utg81	98.12		True
indel: indel (> 5bp)
404216	404369	33731	33884	NC_057377.1	utg81	96.75		True
translocation
407253	407791	34263	34800	NC_057382.1	utg81	97.41		True
translocation
1471998	1485632	35934	49568	NC_057384.1	utg81	98.12		True
relocation, inconsistency = 32928
1432261	1438643	56373	49995	NC_057384.1	utg81	97.12		True
translocation
902361	903267	57456	56549	NC_057377.1	utg81	97.8		True
relocation, inconsistency = 496989
404944	405371	57457	57884	NC_057377.1	utg81	97.66		True
translocation
2631112	2631344	58117	57885	NC_057371.1	utg81	95.73		True
indel: stretch of mismatches
2631013	2631104	58216	58125	NC_057371.1	utg81	95.65		True
indel: indel (<= 5bp)
2630835	2630938	58393	58290	NC_057371.1	utg81	98.08		True
translocation
3316714	3342240	70650	96252	NC_057385.1	utg81	98.17		True
relocation, inconsistency = 5055
3347296	3364354	96253	113347	NC_057385.1	utg81	99.18		True
local misassembly
3364519	3364809	113769	114059	NC_057385.1	utg81	97.94		True
indel: indel (<= 5bp)
3364890	3364954	114139	114203	NC_057385.1	utg81	100.0		True
indel: indel (<= 5bp)
3365006	3365080	114252	114326	NC_057385.1	utg81	100.0		True
local misassembly
3365177	3365281	114422	114526	NC_057385.1	utg81	100.0		True
indel: stretch of mismatches
3365303	3365371	114548	114616	NC_057385.1	utg81	100.0		True
local misassembly
3365501	3365623	114754	114876	NC_057385.1	utg81	100.0		True
CONTIG	utg81	116392	misassembled
540336	658214	117963	62	NC_057374.1	utg85	99.92		True
CONTIG	utg85	118393	correct
1903009	1928355	27838	2517	NC_057370.1	utg91	99.15		True
relocation, inconsistency = -25337
1903019	1956653	27839	81552	NC_057370.1	utg91	98.84		True
local misassembly
1956837	1961064	81553	85788	NC_057370.1	utg91	99.64		True
local misassembly
1961109	2140554	86060	265856	NC_057370.1	utg91	99.54		True
local misassembly
2140708	2220207	266003	345677	NC_057370.1	utg91	99.47		True
local misassembly
2220431	2266742	345678	391936	NC_057370.1	utg91	99.76		True
local misassembly
2266757	2305665	392073	431037	NC_057370.1	utg91	99.74		True
local misassembly
2305670	2309639	431232	435223	NC_057370.1	utg91	99.27		True
local misassembly
2309850	2310272	435224	435648	NC_057370.1	utg91	99.06		True
local misassembly
2310276	2356900	435751	482446	NC_057370.1	utg91	99.67		True
local misassembly
2357091	2401257	482447	526657	NC_057370.1	utg91	99.8		True
relocation, inconsistency = -653386
1747872	1750289	526658	529075	NC_057370.1	utg91	99.26		True
translocation
2230829	2231026	529076	529273	NC_057376.1	utg91	96.97		True
indel: indel (<= 5bp)
2231027	2231209	529275	529457	NC_057376.1	utg91	96.72		True
indel: indel (<= 5bp)
2231210	2231404	529459	529653	NC_057376.1	utg91	95.9		True
translocation
214449	215735	532443	531157	NC_057382.1	utg91	96.35		True
translocation
2054462	2055107	532713	533358	NC_057379.1	utg91	97.52		True
translocation
955742	956410	534705	534037	NC_057384.1	utg91	97.91		True
translocation
121624	125498	539364	535489	NC_057370.1	utg91	97.52		True
translocation
2236050	2237085	539614	540652	NC_057376.1	utg91	97.4		True
translocation
1750285	1750608	540657	540980	NC_057370.1	utg91	98.15		True
translocation
1730410	1730764	541602	541956	NC_057379.1	utg91	98.31		True
indel: indel (<= 5bp)
1730765	1731972	541958	543165	NC_057379.1	utg91	97.43		True
indel: indel (<= 5bp)
1731973	1732262	543167	543456	NC_057379.1	utg91	96.55		True
translocation
1750604	1751413	547423	548232	NC_057370.1	utg91	98.27		True
relocation, inconsistency = 649835
2401249	2407760	548233	554760	NC_057370.1	utg91	99.3		True
local misassembly
2407761	2494947	554929	642188	NC_057370.1	utg91	99.81		True
local misassembly
2495147	2633493	642189	780636	NC_057370.1	utg91	99.85		True
local misassembly
2633499	2692728	780846	840122	NC_057370.1	utg91	99.75		True
local misassembly
2694216	2762784	841611	910415	NC_057370.1	utg91	99.5		True
local misassembly
2762955	2808579	910416	956273	NC_057370.1	utg91	99.24		True
local misassembly
2810152	2859034	957894	1006938	NC_057370.1	utg91	99.05		True
translocation
390599	391079	1008973	1008493	NC_057372.1	utg91	95.85		True
translocation
3249671	3249768	1009207	1009304	NC_057373.1	utg91	95.92		True
local misassembly
3254933	3255377	1014479	1014923	NC_057373.1	utg91	96.4		True
local misassembly
3255506	3255603	1015050	1015147	NC_057373.1	utg91	95.92		True
translocation
2246997	2247068	1019304	1019233	NC_057372.1	utg91	98.61		True
indel: indel (<= 5bp)
2246717	2246951	1019586	1019352	NC_057372.1	utg91	97.45		True
indel: indel (<= 5bp)
2246635	2246716	1019669	1019588	NC_057372.1	utg91	95.12		True
indel: indel (<= 5bp)
2246567	2246634	1019738	1019671	NC_057372.1	utg91	98.53		True
indel: indel (<= 5bp)
2245750	2246566	1020556	1019740	NC_057372.1	utg91	97.92		True
indel: indel (<= 5bp)
2244880	2245749	1021427	1020558	NC_057372.1	utg91	98.39		True
translocation
596018	600839	1026537	1021638	NC_057371.1	utg91	95.27		True
translocation
2859031	2946487	1026538	1114079	NC_057370.1	utg91	99.81		True
local misassembly
2946491	2949737	1114262	1117572	NC_057370.1	utg91	97.4		True
local misassembly
2949953	2968230	1117573	1136078	NC_057370.1	utg91	98.18		True
indel: stretch of mismatches
2968231	2972738	1136079	1140520	NC_057370.1	utg91	97.08		True
local misassembly
2974276	2989659	1142091	1157477	NC_057370.1	utg91	98.66		True
local misassembly
2989660	3084210	1157665	1252382	NC_057370.1	utg91	99.63		True
local misassembly
3084363	3105593	1252383	1273658	NC_057370.1	utg91	99.3		True
local misassembly
3106292	3111915	1273664	1279323	NC_057370.1	utg91	98.06		True
local misassembly
3111914	3117164	1279858	1285141	NC_057370.1	utg91	99.36		True
local misassembly
3117699	3117800	1285150	1285251	NC_057370.1	utg91	100.0		True
local misassembly
3117893	3121569	1285594	1289312	NC_057370.1	utg91	98.54		True
local misassembly
3121692	3129985	1289313	1297590	NC_057370.1	utg91	98.08		True
local misassembly
3130190	3143404	1297591	1310938	NC_057370.1	utg91	98.12		True
local misassembly
3143663	3152464	1310939	1319752	NC_057370.1	utg91	99.55		True
relocation, inconsistency = 3184
3155649	3175203	1319753	1339480	NC_057370.1	utg91	98.78		True
local misassembly
3175350	3180570	1339481	1344707	NC_057370.1	utg91	99.85		True
local misassembly
3180790	3181008	1344708	1344926	NC_057370.1	utg91	95.06		True
local misassembly
3181749	3192594	1345585	1356431	NC_057370.1	utg91	97.85		True
local misassembly
3193539	3195045	1357378	1358882	NC_057370.1	utg91	95.31		True
local misassembly
3195978	3211479	1359001	1374496	NC_057370.1	utg91	98.73		True
relocation, inconsistency = -1035
3211477	3269609	1375529	1433713	NC_057370.1	utg91	99.46		True
relocation, inconsistency = 3713
3273323	3279040	1433714	1439431	NC_057370.1	utg91	99.86		True
translocation
402084	404004	1441424	1439504	NC_057377.1	utg91	97.76		True
translocation
3279038	3306542	1441425	1468932	NC_057370.1	utg91	99.36		True
translocation
2749	3265	1470491	1469975	NC_057376.1	utg91	97.87		True
translocation
2098735	2115236	1470959	1487318	NC_057377.1	utg91	95.28		True
CONTIG	utg91	1487717	misassembled
36077	160935	124884	9	NC_057372.1	utg93	99.82		True
CONTIG	utg93	124989	correct
365473	399227	33862	35	NC_057378.1	utg98	99.32		True
local misassembly
258526	365315	140792	33863	NC_057378.1	utg98	99.61		True
CONTIG	utg98	140880	correct
1326816	1326917	613	512	NC_057379.1	utg100	99.02		True
indel: indel (<= 5bp)
1326716	1326782	709	643	NC_057379.1	utg100	98.55		True
local misassembly
1313262	1326048	13488	710	NC_057379.1	utg100	99.37		True
relocation, inconsistency = -22815
1304066	1313269	45500	36296	NC_057379.1	utg100	99.83		True
local misassembly
1303803	1303887	45585	45501	NC_057379.1	utg100	98.89		True
translocation
532328	532777	46106	46555	NC_057372.1	utg100	96.0		True
indel: indel (<= 5bp)
532778	533199	46557	46978	NC_057372.1	utg100	95.73		True
indel: indel (<= 5bp)
533200	534001	46980	47781	NC_057372.1	utg100	95.89		True
translocation
1258472	1262490	48028	52046	NC_057384.1	utg100	95.85		True
translocation
1303459	1303808	52396	52047	NC_057379.1	utg100	98.6		True
relocation, inconsistency = 6258
1295616	1297200	53981	52397	NC_057379.1	utg100	99.37		True
local misassembly
1292757	1295571	57398	54586	NC_057379.1	utg100	98.97		True
translocation
312121	321079	66359	57399	NC_057385.1	utg100	97.94		True
translocation
1291573	1292761	67557	66369	NC_057379.1	utg100	99.24		True
relocation, inconsistency = 5702
1284560	1285452	68868	67976	NC_057379.1	utg100	99.22		True
local misassembly
1245632	1284564	108400	69441	NC_057379.1	utg100	99.74		True
local misassembly
1237964	1244705	115142	108401	NC_057379.1	utg100	99.57		True
translocation
56775	58077	116447	115143	NC_057376.1	utg100	98.78		True
translocation
1234152	1237970	120266	116448	NC_057379.1	utg100	99.71		True
relocation, inconsistency = -6468
1233269	1234157	127617	126729	NC_057379.1	utg100	98.32		True
relocation, inconsistency = 3361
1226698	1229907	130827	127618	NC_057379.1	utg100	99.41		True
relocation, inconsistency = -6451
1204976	1226708	159017	137268	NC_057379.1	utg100	98.1		True
local misassembly
1193768	1204974	170763	159552	NC_057379.1	utg100	98.08		True
local misassembly
1189780	1191827	174728	172681	NC_057379.1	utg100	99.46		True
translocation
1301550	1302091	175289	174739	NC_057378.1	utg100	95.83		True
translocation
1186847	1189784	178227	175290	NC_057379.1	utg100	99.25		True
relocation, inconsistency = -5698
1176664	1187420	194105	183352	NC_057379.1	utg100	97.95		True
relocation, inconsistency = 5694
1130441	1170969	234655	194106	NC_057379.1	utg100	99.65		True
relocation, inconsistency = 1618
1109660	1128822	253827	234656	NC_057379.1	utg100	99.55		True
translocation
1606343	1608383	255868	253828	NC_057378.1	utg100	97.6		True
translocation
746936	748343	260132	261539	NC_057384.1	utg100	99.86		True
translocation
2862693	2864000	263703	262395	NC_057372.1	utg100	97.1		True
translocation
1445395	1447278	263704	265588	NC_057384.1	utg100	99.26		True
relocation, inconsistency = -4188
1447347	1449386	269845	271884	NC_057384.1	utg100	98.58		True
relocation, inconsistency = 6022
1455409	1457839	271885	274316	NC_057384.1	utg100	99.43		True
translocation
2673399	2673716	274317	274634	NC_057372.1	utg100	99.06		True
translocation
1100184	1109675	287649	278157	NC_057379.1	utg100	99.87		True
relocation, inconsistency = 1464
1078892	1098719	307487	287650	NC_057379.1	utg100	99.74		True
CONTIG	utg100	307505	misassembled
78293	86826	9491	18027	NC_057379.1	utg101	98.91		True
local misassembly
87262	96057	18028	26823	NC_057379.1	utg101	99.45		True
translocation
2861948	2862288	27308	27648	NC_057371.1	utg101	95.01		True
translocation
54815	55093	28387	28109	NC_057372.1	utg101	96.42		True
translocation
2291416	2291743	29959	30286	NC_057376.1	utg101	96.04		True
local misassembly
2293038	2293352	31499	31813	NC_057376.1	utg101	95.56		True
indel: indel (<= 5bp)
2293353	2293513	31816	31976	NC_057376.1	utg101	96.89		True
translocation
37447	37643	32467	32271	NC_057371.1	utg101	95.94		True
indel: indel (> 5bp)
37293	37446	32628	32475	NC_057371.1	utg101	96.18		True
translocation
215969	217526	32629	34186	NC_057374.1	utg101	96.15		True
translocation
367647	367917	34279	34549	NC_057381.1	utg101	95.2		True
translocation
214834	218519	36232	39918	NC_057370.1	utg101	96.69		True
translocation
2295598	2296670	40512	41581	NC_057376.1	utg101	96.27		True
translocation
1054968	1055284	47535	47851	NC_057384.1	utg101	99.37		True
translocation
2879595	2882507	47852	50764	NC_057371.1	utg101	98.18		True
translocation
1527727	1528163	50765	51204	NC_057378.1	utg101	98.19		True
translocation
4390	5071	51205	51886	NC_057383.1	utg101	96.48		True
translocation
2883426	2885534	52725	54833	NC_057371.1	utg101	97.63		True
translocation
1836903	1843091	54834	61026	NC_057375.1	utg101	99.03		True
translocation
2885530	2886523	61027	62020	NC_057371.1	utg101	96.78		True
translocation
155952	156184	62226	62458	NC_057376.1	utg101	97.85		True
local misassembly
158442	159961	64686	66218	NC_057376.1	utg101	97.46		True
translocation
193585	194068	71830	71351	NC_057385.1	utg101	96.49		True
translocation
908045	908515	72622	72152	NC_057381.1	utg101	98.09		True
relocation, inconsistency = 6264
900761	901769	73646	72634	NC_057381.1	utg101	97.24		True
relocation, inconsistency = 6257
893524	894502	74626	73648	NC_057381.1	utg101	95.3		True
translocation
1292191	1292534	74627	74970	NC_057377.1	utg101	96.59		True
translocation
394720	394848	76211	76083	NC_057382.1	utg101	97.67		True
indel: indel (> 5bp)
394643	394719	76301	76225	NC_057382.1	utg101	100.0		True
local misassembly
389053	393455	81900	77498	NC_057382.1	utg101	95.09		True
indel: indel (> 5bp)
388967	389052	81999	81914	NC_057382.1	utg101	100.0		True
indel: indel (<= 5bp)
388880	388966	82087	82001	NC_057382.1	utg101	95.4		True
translocation
886456	887405	83974	83033	NC_057375.1	utg101	97.05		True
relocation, inconsistency = 744279
141227	141600	84551	84924	NC_057375.1	utg101	97.33		True
relocation, inconsistency = 1859
143655	147110	85120	88583	NC_057375.1	utg101	95.12		True
translocation
157098	157744	93067	93713	NC_057379.1	utg101	95.52		True
local misassembly
158646	158959	94846	95159	NC_057379.1	utg101	95.54		True
local misassembly
158958	218865	95380	155290	NC_057379.1	utg101	99.2		True
translocation
2705271	2705388	156228	156111	NC_057372.1	utg101	99.15		True
local misassembly
2704958	2705180	156541	156319	NC_057372.1	utg101	99.1		True
translocation
2006633	2007670	158238	157200	NC_057374.1	utg101	99.23		True
translocation
878426	880351	158779	160692	NC_057382.1	utg101	95.43		True
translocation
233697	234666	164865	165834	NC_057379.1	utg101	99.07		True
local misassembly
234662	234941	166270	166549	NC_057379.1	utg101	100.0		True
relocation, inconsistency = 6824
241766	242624	166550	167408	NC_057379.1	utg101	99.3		True
translocation
2074269	2075311	168698	167657	NC_057380.1	utg101	97.03		True
translocation
892154	892588	168699	169133	NC_057375.1	utg101	99.54		True
translocation
25617	26840	169134	170357	NC_057382.1	utg101	95.75		True
local misassembly
30265	30585	173782	174102	NC_057382.1	utg101	97.2		True
translocation
242619	243721	174103	175205	NC_057379.1	utg101	99.73		True
relocation, inconsistency = 1618
245340	262960	175206	192867	NC_057379.1	utg101	97.88		True
CONTIG	utg101	197334	misassembled
1263709	1326048	20	62403	NC_057379.1	utg105	99.75		True
local misassembly
1326716	1330906	62404	66594	NC_057379.1	utg105	99.45		True
local misassembly
1331069	1331674	66595	67201	NC_057379.1	utg105	99.35		True
local misassembly
1332613	1335448	67202	70037	NC_057379.1	utg105	99.82		True
relocation, inconsistency = 1951
1337400	1344324	70038	76962	NC_057379.1	utg105	99.0		True
local misassembly
1344319	1345545	77135	78363	NC_057379.1	utg105	98.54		True
local misassembly
1347267	1409208	80160	142264	NC_057379.1	utg105	99.67		True
local misassembly
1409380	1493369	142265	226383	NC_057379.1	utg105	99.61		True
local misassembly
1493548	1493876	226384	226712	NC_057379.1	utg105	98.87		True
indel: indel (> 5bp)
1493910	1494163	226762	227015	NC_057379.1	utg105	99.21		True
indel: indel (> 5bp)
1494189	1494926	227016	227753	NC_057379.1	utg105	99.32		True
indel: indel (<= 5bp)
1494927	1495692	227755	228520	NC_057379.1	utg105	97.91		True
local misassembly
1496037	1496654	228895	229512	NC_057379.1	utg105	95.15		True
local misassembly
1497024	1497106	229670	229752	NC_057379.1	utg105	96.39		True
local misassembly
1498523	1498608	231150	231235	NC_057379.1	utg105	95.35		True
local misassembly
1499634	1521257	231269	252895	NC_057379.1	utg105	97.53		True
relocation, inconsistency = -5260
1521189	1523039	258087	259937	NC_057379.1	utg105	98.16		True
relocation, inconsistency = 30274
1553453	1553891	260077	260515	NC_057379.1	utg105	98.63		True
translocation
1949033	1949547	261039	260524	NC_057371.1	utg105	95.54		True
translocation
1553887	1555632	261088	262833	NC_057379.1	utg105	97.37		True
local misassembly
1555797	1561382	262834	268421	NC_057379.1	utg105	98.82		True
local misassembly
1561367	1562106	268622	269361	NC_057379.1	utg105	98.65		True
local misassembly
1565890	1568115	273150	275375	NC_057379.1	utg105	97.21		True
relocation, inconsistency = -6174
1561942	1576723	275376	290148	NC_057379.1	utg105	95.85		True
translocation
49962	56676	290149	296863	NC_057384.1	utg105	98.65		True
translocation
1820851	1821636	297834	297047	NC_057377.1	utg105	96.07		True
translocation
1576900	1580011	297835	300946	NC_057379.1	utg105	98.62		True
local misassembly
1580019	1588792	301177	309934	NC_057379.1	utg105	97.09		True
local misassembly
1588793	1589025	310198	310430	NC_057379.1	utg105	100.0		True
local misassembly
1589168	1589351	310577	310760	NC_057379.1	utg105	97.28		True
local misassembly
1589492	1589865	310905	311278	NC_057379.1	utg105	96.26		True
local misassembly
1590399	1590501	311817	311919	NC_057379.1	utg105	99.03		True
indel: indel (<= 5bp)
1590578	1590796	311999	312217	NC_057379.1	utg105	97.26		True
indel: indel (> 5bp)
1590848	1590926	312280	312358	NC_057379.1	utg105	96.2		True
local misassembly
1591241	1591402	312467	312628	NC_057379.1	utg105	98.15		True
indel: indel (<= 5bp)
1591403	1591543	312630	312770	NC_057379.1	utg105	100.0		True
local misassembly
1591982	1592123	313211	313352	NC_057379.1	utg105	95.07		True
indel: indel (<= 5bp)
1592198	1592273	313429	313504	NC_057379.1	utg105	98.68		True
indel: indel (<= 5bp)
1592274	1592454	313506	313686	NC_057379.1	utg105	98.34		True
local misassembly
1592607	1592675	313841	313909	NC_057379.1	utg105	98.55		True
indel: indel (<= 5bp)
1592676	1592796	313911	314031	NC_057379.1	utg105	96.69		True
local misassembly
1593355	1593442	314582	314669	NC_057379.1	utg105	96.59		True
local misassembly
1594010	1594102	315238	315330	NC_057379.1	utg105	97.85		True
local misassembly
1594267	1612604	315370	333798	NC_057379.1	utg105	97.42		True
translocation
1499359	1500159	333802	334603	NC_057381.1	utg105	99.13		True
translocation
163852	164590	334604	335345	NC_057374.1	utg105	95.43		True
translocation
201483	204227	339278	336535	NC_057378.1	utg105	96.72		True
translocation
646780	649851	342355	339279	NC_057373.1	utg105	98.99		True
translocation
198751	201487	345092	342356	NC_057378.1	utg105	97.08		True
translocation
1298877	1299176	345309	345608	NC_057377.1	utg105	96.0		True
translocation
417659	418621	354603	355565	NC_057370.1	utg105	97.23		True
translocation
1619897	1624861	355566	360531	NC_057379.1	utg105	99.52		True
translocation
3353742	3354282	360532	361073	NC_057370.1	utg105	97.79		True
translocation
28428	29635	363315	362108	NC_057382.1	utg105	96.36		True
translocation
1646845	1647144	367104	367404	NC_057378.1	utg105	96.68		True
translocation
1627068	1636675	375098	384705	NC_057379.1	utg105	99.72		True
relocation, inconsistency = 5478
1642154	1654377	384706	396945	NC_057379.1	utg105	99.67		True
local misassembly
1654375	1661851	397245	404752	NC_057379.1	utg105	95.96		True
CONTIG	utg105	404825	misassembled
736536	754583	18119	6	NC_057370.1	utg108	97.06		True
local misassembly
638221	736495	117065	18569	NC_057370.1	utg108	99.77		True
local misassembly
633683	637912	121309	117066	NC_057370.1	utg108	99.65		True
local misassembly
625410	633683	129839	121581	NC_057370.1	utg108	97.55		True
local misassembly
621479	624715	133724	130534	NC_057370.1	utg108	97.14		True
local misassembly
605713	621479	149739	133862	NC_057370.1	utg108	98.13		True
local misassembly
602493	605497	152780	149740	NC_057370.1	utg108	98.37		True
local misassembly
496756	602492	258746	152875	NC_057370.1	utg108	99.57		True
local misassembly
478157	496756	277522	258876	NC_057370.1	utg108	99.35		True
translocation
355080	361727	277523	284171	NC_057371.1	utg108	99.98		True
translocation
476527	478165	285810	284172	NC_057370.1	utg108	99.94		True
local misassembly
457369	475798	304450	285811	NC_057370.1	utg108	98.3		True
translocation
99532	99603	304451	304522	NC_057384.1	utg108	98.61		True
local misassembly
99737	103655	304656	308574	NC_057384.1	utg108	97.27		True
translocation
511213	513594	310956	308575	NC_057385.1	utg108	97.59		True
translocation
452755	457374	315894	311165	NC_057370.1	utg108	97.17		True
local misassembly
451684	452761	317408	316330	NC_057370.1	utg108	98.98		True
relocation, inconsistency = 6282
444261	444779	318549	318031	NC_057370.1	utg108	99.42		True
relocation, inconsistency = -6258
438881	444267	330191	324801	NC_057370.1	utg108	99.22		True
local misassembly
425774	438885	343895	330784	NC_057370.1	utg108	99.86		True
translocation
119542	120818	343897	345173	NC_057384.1	utg108	98.75		True
translocation
423238	425770	347707	345175	NC_057370.1	utg108	97.28		True
translocation
334625	335000	348082	347708	NC_057372.1	utg108	95.1		True
translocation
1702272	1703796	351713	353238	NC_057378.1	utg108	98.82		True
translocation
411098	423828	367228	354495	NC_057370.1	utg108	99.43		True
local misassembly
408568	410531	369193	367229	NC_057370.1	utg108	97.67		True
translocation
898667	898774	369194	369301	NC_057380.1	utg108	98.2		True
indel: stretch of mismatches
898784	898995	369311	369522	NC_057380.1	utg108	96.23		True
local misassembly
899389	899597	369903	370111	NC_057380.1	utg108	96.17		True
local misassembly
901340	901492	371863	372015	NC_057380.1	utg108	96.73		True
indel: indel (<= 5bp)
901493	901738	372017	372262	NC_057380.1	utg108	98.37		True
indel: indel (<= 5bp)
901739	901959	372264	372484	NC_057380.1	utg108	95.48		True
translocation
191197	191734	372485	373024	NC_057376.1	utg108	95.95		True
translocation
901957	904684	373025	375768	NC_057380.1	utg108	96.36		True
translocation
406763	408573	377790	375978	NC_057370.1	utg108	98.13		True
relocation, inconsistency = 6251
396526	400511	381776	377791	NC_057370.1	utg108	98.42		True
relocation, inconsistency = 1529
394465	394996	382308	381777	NC_057370.1	utg108	99.45		True
relocation, inconsistency = 6721
361078	387743	408981	382309	NC_057370.1	utg108	99.83		True
relocation, inconsistency = 6201
330460	354876	433407	408982	NC_057370.1	utg108	96.46		True
relocation, inconsistency = -328890
654310	654836	438448	437921	NC_057370.1	utg108	98.86		True
translocation
918365	918489	441678	441802	NC_057384.1	utg108	96.8		True
indel: indel (<= 5bp)
918490	918637	441806	441953	NC_057384.1	utg108	96.62		True
relocation, inconsistency = -98024
822807	822981	444147	444320	NC_057384.1	utg108	95.43		True
local misassembly
824079	824218	445434	445572	NC_057384.1	utg108	97.86		True
translocation
3228820	3229282	446639	446173	NC_057372.1	utg108	96.57		True
translocation
3594320	3594865	447750	447205	NC_057373.1	utg108	95.61		True
translocation
1325341	1325638	451447	451744	NC_057381.1	utg108	97.65		True
translocation
1489865	1491970	456261	454156	NC_057384.1	utg108	95.92		True
local misassembly
1488868	1489216	457261	456913	NC_057384.1	utg108	95.7		True
translocation
162773	163201	460259	459829	NC_057381.1	utg108	95.6		True
translocation
1005256	1005794	460260	460797	NC_057383.1	utg108	96.3		True
translocation
2102593	2110191	474014	466423	NC_057378.1	utg108	99.28		True
translocation
248896	249576	474019	474700	NC_057372.1	utg108	97.37		True
translocation
921405	922108	476432	475728	NC_057384.1	utg108	95.36		True
translocation
1559709	1559867	476845	477003	NC_057372.1	utg108	98.11		True
indel: indel (> 5bp)
1559965	1560078	477082	477195	NC_057372.1	utg108	95.61		True
translocation
1968249	1969770	479402	480925	NC_057375.1	utg108	97.97		True
translocation
1885953	1886391	482876	483311	NC_057374.1	utg108	98.41		True
translocation
177349	177611	484249	483987	NC_057376.1	utg108	96.2		True
translocation
1956790	1957329	486536	487075	NC_057371.1	utg108	97.41		True
translocation
1294713	1296246	491259	489754	NC_057379.1	utg108	95.7		True
local misassembly
1293915	1294022	492123	492016	NC_057379.1	utg108	97.22		True
translocation
274249	274325	495644	495568	NC_057370.1	utg108	96.1		True
local misassembly
261230	273496	508638	496392	NC_057370.1	utg108	95.94		True
local misassembly
260416	261228	510018	509206	NC_057370.1	utg108	99.02		True
local misassembly
257362	260420	513668	510611	NC_057370.1	utg108	98.2		True
translocation
2102674	2104759	514142	516227	NC_057378.1	utg108	96.07		True
translocation
300918	301371	521669	522122	NC_057381.1	utg108	95.37		True
translocation
288891	291581	525322	522633	NC_057375.1	utg108	97.06		True
local misassembly
287939	288896	526837	525881	NC_057375.1	utg108	98.02		True
translocation
431873	432169	526838	527134	NC_057372.1	utg108	96.7		True
translocation
1397080	1397617	527170	527709	NC_057381.1	utg108	96.87		True
translocation
256140	257572	529141	527710	NC_057370.1	utg108	97.56		True
local misassembly
255166	255841	529817	529142	NC_057370.1	utg108	95.89		True
translocation
560226	560537	536880	536569	NC_057383.1	utg108	97.44		True
indel: indel (<= 5bp)
559840	560224	537265	536881	NC_057383.1	utg108	97.4		True
indel: indel (<= 5bp)
559613	559831	537491	537273	NC_057383.1	utg108	98.17		True
translocation
207692	207938	538587	538341	NC_057370.1	utg108	99.6		True
local misassembly
206368	207115	539335	538588	NC_057370.1	utg108	97.99		True
translocation
519993	520329	539693	539355	NC_057378.1	utg108	95.28		True
translocation
3252578	3252962	539901	540285	NC_057372.1	utg108	96.62		True
translocation
277843	283500	540286	545942	NC_057377.1	utg108	95.32		True
translocation
146395	148011	545988	547604	NC_057384.1	utg108	96.11		True
translocation
192679	206326	561258	547605	NC_057370.1	utg108	98.49		True
CONTIG	utg108	561419	misassembled
164830	468921	250	304686	NC_057372.1	utg109	99.82		True
translocation
1337270	1345493	304687	312925	NC_057374.1	utg109	97.63		True
translocation
468936	488237	313906	333304	NC_057372.1	utg109	98.79		True
CONTIG	utg109	333484	misassembled
1474	8265	106	6901	NC_057371.1	utg110	96.96		True
translocation
90798	100034	6902	16137	NC_057378.1	utg110	99.38		True
translocation
2099234	2121345	38313	16138	NC_057377.1	utg110	95.64		True
indel: indel (> 5bp)
2098691	2099316	38939	38314	NC_057377.1	utg110	95.56		True
translocation
373203	375156	38995	40948	NC_057378.1	utg110	97.39		True
local misassembly
376763	377029	42555	42821	NC_057378.1	utg110	95.51		True
indel: stretch of mismatches
377072	377149	42864	42941	NC_057378.1	utg110	98.72		True
translocation
196837	198045	44385	43175	NC_057376.1	utg110	95.71		True
translocation
1926663	1955993	73722	44386	NC_057379.1	utg110	99.88		True
relocation, inconsistency = 1601652
317316	325010	81417	73723	NC_057379.1	utg110	99.94		True
relocation, inconsistency = -1609348
1921653	1926663	86430	81418	NC_057379.1	utg110	99.1		True
translocation
2338247	2339285	86431	87469	NC_057373.1	utg110	98.28		True
translocation
139029	139402	99593	99220	NC_057380.1	utg110	95.72		True
translocation
1920506	1921656	101550	100400	NC_057379.1	utg110	98.09		True
relocation, inconsistency = 6019
1745357	1914431	270773	101606	NC_057379.1	utg110	99.48		True
CONTIG	utg110	270848	misassembled
1047942	1065067	18248	961	NC_057372.1	utg111	96.17		True
relocation, inconsistency = 70294
544524	977647	451865	18249	NC_057372.1	utg111	99.65		True
local misassembly
541873	544529	455095	452439	NC_057372.1	utg111	99.32		True
relocation, inconsistency = 13754
522146	528118	461069	455096	NC_057372.1	utg111	98.64		True
local misassembly
521319	521883	461634	461070	NC_057372.1	utg111	98.64		True
translocation
1488868	1489216	462256	462604	NC_057384.1	utg111	95.99		True
local misassembly
1489865	1492078	463256	465469	NC_057384.1	utg111	95.71		True
translocation
516423	521323	473541	468636	NC_057372.1	utg111	98.74		True
translocation
368473	369085	473546	474157	NC_057382.1	utg111	96.9		True
local misassembly
369993	374914	475060	479979	NC_057382.1	utg111	97.03		True
translocation
1455415	1457839	483116	480692	NC_057384.1	utg111	99.55		True
relocation, inconsistency = 6022
1445395	1449392	487123	483117	NC_057384.1	utg111	99.15		True
relocation, inconsistency = -11212
1455415	1456606	488315	487124	NC_057384.1	utg111	99.55		True
relocation, inconsistency = 6022
1445395	1449392	492322	488316	NC_057384.1	utg111	99.15		True
relocation, inconsistency = -11212
1455415	1456606	493514	492323	NC_057384.1	utg111	99.55		True
relocation, inconsistency = 6022
1445395	1449392	497521	493515	NC_057384.1	utg111	99.15		True
translocation
468936	515154	543862	497522	NC_057372.1	utg111	99.36		True
local misassembly
461835	468244	551296	544836	NC_057372.1	utg111	98.87		True
local misassembly
449018	461552	563834	551297	NC_057372.1	utg111	99.7		True
relocation, inconsistency = 12556
434253	436461	566054	563835	NC_057372.1	utg111	99.33		True
local misassembly
428883	434257	571867	566490	NC_057372.1	utg111	99.46		True
local misassembly
427771	428599	572696	571868	NC_057372.1	utg111	99.64		True
relocation, inconsistency = 6730
420575	421040	573162	572697	NC_057372.1	utg111	99.79		True
translocation
902360	903427	573163	574231	NC_057377.1	utg111	98.41		True
translocation
1874782	1880221	574996	580437	NC_057378.1	utg111	98.68		True
translocation
463385	464157	584417	583645	NC_057380.1	utg111	96.25		True
translocation
3321851	3322289	584856	584418	NC_057370.1	utg111	99.09		True
translocation
1737129	1737980	585762	584911	NC_057381.1	utg111	95.19		True
indel: indel (<= 5bp)
1736217	1737128	586677	585766	NC_057381.1	utg111	96.05		True
translocation
102964	111165	587312	595514	NC_057371.1	utg111	98.38		True
translocation
1793781	1796855	597464	600543	NC_057379.1	utg111	98.9		True
translocation
753750	755348	602408	600810	NC_057375.1	utg111	95.75		True
translocation
413447	420579	611260	604128	NC_057372.1	utg111	99.66		True
local misassembly
411815	412879	612328	611261	NC_057372.1	utg111	99.35		True
relocation, inconsistency = 134307
277161	277490	612675	612346	NC_057372.1	utg111	95.76		True
translocation
145699	148260	614536	617097	NC_057380.1	utg111	96.1		True
local misassembly
149617	149686	618459	618528	NC_057380.1	utg111	95.71		True
translocation
391080	411820	639513	618771	NC_057372.1	utg111	99.94		True
relocation, inconsistency = 6737
375708	384342	648146	639514	NC_057372.1	utg111	99.25		True
relocation, inconsistency = 1321
371356	374386	651176	648147	NC_057372.1	utg111	99.52		True
relocation, inconsistency = 6464
360958	364891	655110	651177	NC_057372.1	utg111	99.57		True
relocation, inconsistency = 1263
357945	359694	656860	655111	NC_057372.1	utg111	99.72		True
local misassembly
341659	357367	672575	656861	NC_057372.1	utg111	99.42		True
translocation
219228	221458	674807	672576	NC_057370.1	utg111	98.28		True
relocation, inconsistency = 6262
208776	211580	678997	676193	NC_057370.1	utg111	97.57		True
translocation
331732	342106	689372	678998	NC_057372.1	utg111	99.57		True
relocation, inconsistency = 6411
313297	325320	701422	689373	NC_057372.1	utg111	99.39		True
CONTIG	utg111	701515	misassembled
2166620	2238396	71802	1	NC_057382.1	utg112	99.8		True
CONTIG	utg112	71808	correct
2124192	2133954	9753	1	NC_057372.1	utg116	98.04		True
unknown
2120619	2123956	13091	9766	NC_057372.1	utg116	97.48		True
unknown
2113612	2120603	20317	13331	NC_057372.1	utg116	98.57		True
unknown
2113434	2113611	20710	20533	NC_057372.1	utg116	97.75		True
unknown
2113152	2113432	20991	20711	NC_057372.1	utg116	99.64		True
unknown
2112426	2112516	21701	21611	NC_057372.1	utg116	95.6		True
unknown
874235	874702	22458	22925	NC_057382.1	utg116	98.09		True
unknown
697450	698701	22923	24174	NC_057370.1	utg116	98.48		True
unknown
3317184	3317757	30911	30338	NC_057370.1	utg116	100.0		True
unknown
544361	544797	35814	36246	NC_057374.1	utg116	95.9		True
unknown
2329280	2329412	38009	38141	NC_057375.1	utg116	99.25		True
unknown
2329671	2329818	38401	38548	NC_057375.1	utg116	97.3		True
unknown
2010843	2011079	39923	40159	NC_057374.1	utg116	98.31		True
unknown
2011081	2011155	40160	40234	NC_057374.1	utg116	97.33		True
unknown
2011156	2011301	40236	40381	NC_057374.1	utg116	97.95		True
unknown
1793779	1796854	48639	51719	NC_057379.1	utg116	97.96		True
unknown
399764	400074	53727	54037	NC_057379.1	utg116	95.5		True
unknown
163529	165051	62564	64087	NC_057377.1	utg116	99.02		True
unknown
284147	284581	69923	70359	NC_057381.1	utg116	96.57		True
unknown
2109732	2110192	77491	77952	NC_057378.1	utg116	98.7		True
unknown
50268	51574	79514	78211	NC_057382.1	utg116	96.71		True
unknown
1438546	1438610	81840	81776	NC_057384.1	utg116	96.92		True
unknown
1438355	1438478	82033	81910	NC_057384.1	utg116	98.39		True
unknown
1438114	1438354	82275	82035	NC_057384.1	utg116	96.68		True
unknown
1566148	1566218	83108	83038	NC_057376.1	utg116	97.18		True
unknown
1565771	1566010	83482	83243	NC_057376.1	utg116	97.5		True
unknown
544361	544797	93213	93652	NC_057374.1	utg116	96.59		True
unknown
2362285	2362724	94772	94333	NC_057371.1	utg116	95.23		True
unknown
866843	868365	98208	99714	NC_057375.1	utg116	96.33		True
unknown
1122321	1123965	103082	104726	NC_057378.1	utg116	97.51		True
unknown
1922472	1922842	108949	109319	NC_057371.1	utg116	95.96		True
unknown
2103010	2115201	127922	115620	NC_057372.1	utg116	96.63		True
unknown
2090468	2103223	140472	127706	NC_057372.1	utg116	99.12		True
unknown
CONTIG	utg116	140475	mis_unaligned
2161014	2303118	247	142371	NC_057376.1	utg118	99.9		True
CONTIG	utg118	142381	correct
437477	456042	24	18536	NC_057380.1	utg122	98.05		True
relocation, inconsistency = -6268
456038	458589	24800	27359	NC_057380.1	utg122	98.4		True
relocation, inconsistency = 1564
460186	460923	27392	28130	NC_057380.1	utg122	97.58		True
relocation, inconsistency = 6439
467363	468934	28131	29702	NC_057380.1	utg122	97.52		True
translocation
1303100	1306139	32754	29715	NC_057377.1	utg122	97.04		True
translocation
1625250	1625827	33331	32755	NC_057379.1	utg122	95.68		True
translocation
1301233	1303107	35207	33333	NC_057377.1	utg122	96.59		True
local misassembly
1299841	1301237	36777	35381	NC_057377.1	utg122	96.85		True
translocation
2860596	2862118	38491	36969	NC_057372.1	utg122	98.43		True
translocation
469107	522350	38492	91875	NC_057380.1	utg122	99.15		True
relocation, inconsistency = 1734
526694	634325	94485	202376	NC_057380.1	utg122	99.42		True
local misassembly
634855	636034	202377	203557	NC_057380.1	utg122	97.25		True
local misassembly
636293	706374	203655	273881	NC_057380.1	utg122	99.59		True
CONTIG	utg122	273881	misassembled
289206	310500	11	21360	NC_057371.1	utg134	98.72		True
relocation, inconsistency = 41049
353687	354168	23498	23979	NC_057371.1	utg134	98.96		True
local misassembly
354354	354848	24200	24694	NC_057371.1	utg134	98.79		True
relocation, inconsistency = 6621
361736	378669	41866	24952	NC_057371.1	utg134	98.91		True
relocation, inconsistency = 6653
385323	417273	41867	73913	NC_057371.1	utg134	98.82		True
translocation
1729953	1730135	75215	75397	NC_057374.1	utg134	96.17		True
local misassembly
1734973	1735376	80245	80648	NC_057374.1	utg134	95.3		True
local misassembly
1735797	1735939	81061	81203	NC_057374.1	utg134	95.8		True
translocation
394364	395859	92252	90758	NC_057379.1	utg134	96.46		True
translocation
1706352	1717217	95718	106519	NC_057374.1	utg134	97.86		True
relocation, inconsistency = -5148
1718550	1719828	113000	114277	NC_057374.1	utg134	99.14		True
translocation
1127457	1127891	114596	115034	NC_057380.1	utg134	97.27		True
translocation
3248934	3249313	117344	117723	NC_057373.1	utg134	95.79		True
translocation
874235	874702	117883	118351	NC_057382.1	utg134	98.51		True
translocation
595556	595868	119465	119153	NC_057385.1	utg134	98.08		True
translocation
416560	424853	124755	133036	NC_057371.1	utg134	97.32		True
local misassembly
425069	462351	133037	170378	NC_057371.1	utg134	99.49		True
local misassembly
462558	465517	170379	173384	NC_057371.1	utg134	97.41		True
local misassembly
465522	481370	173574	189423	NC_057371.1	utg134	98.29		True
local misassembly
481591	486231	189424	194098	NC_057371.1	utg134	98.98		True
local misassembly
486236	489565	194371	197710	NC_057371.1	utg134	96.11		True
local misassembly
490323	494351	197931	201966	NC_057371.1	utg134	96.78		True
local misassembly
494479	499064	202741	207383	NC_057371.1	utg134	98.0		True
translocation
3038772	3039992	207389	208609	NC_057372.1	utg134	99.59		True
translocation
355079	361727	208639	215287	NC_057371.1	utg134	100.0		True
relocation, inconsistency = 137345
499073	514547	215288	230840	NC_057371.1	utg134	99.0		True
translocation
1095276	1097016	230841	232583	NC_057380.1	utg134	97.07		True
translocation
808895	809134	232823	232584	NC_057379.1	utg134	97.5		True
local misassembly
802615	802782	239102	238935	NC_057379.1	utg134	98.21		True
translocation
259671	263001	242638	239308	NC_057383.1	utg134	96.34		True
translocation
1735994	1737128	248647	247513	NC_057381.1	utg134	96.12		True
translocation
1106747	1109934	249046	252243	NC_057380.1	utg134	95.65		True
translocation
514543	620643	252244	358433	NC_057371.1	utg134	99.52		True
relocation, inconsistency = -2064
620779	648324	360633	388176	NC_057371.1	utg134	99.51		True
local misassembly
648514	668026	388177	407764	NC_057371.1	utg134	99.47		True
local misassembly
668214	837175	407765	576985	NC_057371.1	utg134	99.54		True
relocation, inconsistency = 1478
838654	942295	576986	680706	NC_057371.1	utg134	99.81		True
relocation, inconsistency = 6976
949275	952032	680710	683488	NC_057371.1	utg134	97.99		True
relocation, inconsistency = -5667
951452	952470	688575	689605	NC_057371.1	utg134	97.28		True
translocation
1253029	1253566	690143	689606	NC_057378.1	utg134	95.19		True
translocation
958377	960021	690374	692022	NC_057371.1	utg134	97.82		True
relocation, inconsistency = 3684
963916	969131	692233	697465	NC_057371.1	utg134	99.18		True
relocation, inconsistency = 3884
973016	974949	697466	699454	NC_057371.1	utg134	96.43		True
translocation
1307615	1307727	701437	701325	NC_057380.1	utg134	95.58		True
indel: indel (<= 5bp)
1307536	1307614	701517	701439	NC_057380.1	utg134	100.0		True
indel: indel (<= 5bp)
1307422	1307533	701632	701521	NC_057380.1	utg134	98.21		True
indel: indel (<= 5bp)
1307222	1307421	701834	701635	NC_057380.1	utg134	98.5		True
indel: indel (<= 5bp)
1307020	1307221	702037	701836	NC_057380.1	utg134	95.54		True
indel: indel (<= 5bp)
1306900	1306986	702160	702074	NC_057380.1	utg134	95.4		True
local misassembly
1305543	1305635	703532	703440	NC_057380.1	utg134	96.77		True
local misassembly
1305273	1305354	703805	703724	NC_057380.1	utg134	96.34		True
local misassembly
1304775	1304891	704305	704189	NC_057380.1	utg134	95.73		True
translocation
271114	271642	719354	718826	NC_057381.1	utg134	98.3		True
translocation
988019	1014548	720274	747109	NC_057371.1	utg134	96.15		True
local misassembly
1015565	1015768	747968	748171	NC_057371.1	utg134	99.51		True
indel: indel (<= 5bp)
1015818	1015901	748218	748301	NC_057371.1	utg134	100.0		True
indel: indel (<= 5bp)
1015972	1016040	748376	748444	NC_057371.1	utg134	100.0		True
local misassembly
1016290	1016377	748697	748784	NC_057371.1	utg134	100.0		True
local misassembly
1016841	1016905	749246	749310	NC_057371.1	utg134	100.0		True
local misassembly
1017537	1017607	749952	750022	NC_057371.1	utg134	100.0		True
local misassembly
1020109	1020180	752654	752725	NC_057371.1	utg134	100.0		True
local misassembly
1020297	1020394	752843	752940	NC_057371.1	utg134	97.96		True
indel: indel (<= 5bp)
1020421	1020490	752970	753039	NC_057371.1	utg134	100.0		True
local misassembly
1021183	1021259	753749	753825	NC_057371.1	utg134	98.7		True
local misassembly
1021870	1021968	754453	754551	NC_057371.1	utg134	100.0		True
local misassembly
1024934	1024998	757525	757589	NC_057371.1	utg134	96.92		True
CONTIG	utg134	761856	misassembled
1050353	1075261	25127	240	NC_057381.1	utg136	98.8		True
local misassembly
1028656	1050352	47043	25289	NC_057381.1	utg136	99.66		True
local misassembly
981256	1028636	94665	47225	NC_057381.1	utg136	99.51		True
local misassembly
964446	981095	111603	94938	NC_057381.1	utg136	98.93		True
local misassembly
951059	960026	125154	116181	NC_057381.1	utg136	97.75		True
relocation, inconsistency = -11104
959590	960056	127727	127261	NC_057381.1	utg136	97.86		True
relocation, inconsistency = 8584
838425	942330	240447	136403	NC_057381.1	utg136	99.55		True
local misassembly
719656	838426	359564	240617	NC_057381.1	utg136	99.71		True
local misassembly
718523	719484	360884	359921	NC_057381.1	utg136	97.93		True
relocation, inconsistency = 440204
277870	278190	361013	361333	NC_057381.1	utg136	97.2		True
translocation
1918821	1922171	370644	367296	NC_057374.1	utg136	95.47		True
local misassembly
1915947	1916266	373524	373205	NC_057374.1	utg136	96.58		True
translocation
716509	717863	374884	373525	NC_057381.1	utg136	97.66		True
translocation
119344	119450	374991	374885	NC_057377.1	utg136	96.02		True
local misassembly
119101	119350	375677	375428	NC_057377.1	utg136	97.2		True
local misassembly
117289	118619	377041	375708	NC_057377.1	utg136	95.43		True
translocation
700160	715811	392870	377060	NC_057381.1	utg136	98.29		True
local misassembly
691353	699138	401739	393910	NC_057381.1	utg136	97.0		True
local misassembly
647100	691202	446048	401740	NC_057381.1	utg136	99.29		True
local misassembly
642844	646943	450166	446049	NC_057381.1	utg136	99.04		True
local misassembly
629799	642837	463533	450331	NC_057381.1	utg136	96.97		True
local misassembly
610288	628028	483232	465346	NC_057381.1	utg136	98.04		True
local misassembly
608716	609047	484803	484472	NC_057381.1	utg136	100.0		True
indel: indel (<= 5bp)
608545	608675	484976	484846	NC_057381.1	utg136	100.0		True
indel: indel (> 5bp)
608329	608488	485198	485039	NC_057381.1	utg136	100.0		True
indel: indel (<= 5bp)
608181	608287	485349	485243	NC_057381.1	utg136	100.0		True
indel: indel (<= 5bp)
608038	608180	485493	485351	NC_057381.1	utg136	100.0		True
indel: indel (<= 5bp)
607900	608018	485633	485515	NC_057381.1	utg136	100.0		True
indel: indel (<= 5bp)
607717	607899	485817	485635	NC_057381.1	utg136	99.45		True
indel: indel (<= 5bp)
607612	607716	485923	485819	NC_057381.1	utg136	100.0		True
indel: indel (<= 5bp)
607503	607611	486033	485925	NC_057381.1	utg136	99.08		True
indel: indel (<= 5bp)
606395	607501	487140	486034	NC_057381.1	utg136	99.91		True
local misassembly
606234	606336	487356	487254	NC_057381.1	utg136	100.0		True
indel: indel (> 5bp)
606081	606189	487465	487357	NC_057381.1	utg136	100.0		True
indel: indel (<= 5bp)
605965	606080	487582	487467	NC_057381.1	utg136	99.14		True
indel: indel (<= 5bp)
605875	605964	487674	487585	NC_057381.1	utg136	96.67		True
indel: indel (> 5bp)
605742	605874	487830	487698	NC_057381.1	utg136	98.5		True
indel: indel (<= 5bp)
605372	605741	488201	487832	NC_057381.1	utg136	99.73		True
indel: indel (> 5bp)
605099	605333	488497	488263	NC_057381.1	utg136	98.72		True
indel: indel (<= 5bp)
604808	605018	488793	488583	NC_057381.1	utg136	96.21		True
local misassembly
604042	604133	489565	489474	NC_057381.1	utg136	100.0		True
local misassembly
603835	603977	489796	489654	NC_057381.1	utg136	100.0		True
translocation
2051713	2057211	489797	495297	NC_057378.1	utg136	98.36		True
translocation
599537	603839	499608	495298	NC_057381.1	utg136	97.2		True
local misassembly
596194	596483	503376	503087	NC_057381.1	utg136	95.17		True
local misassembly
594557	595832	505301	504026	NC_057381.1	utg136	97.96		True
local misassembly
593769	593862	506055	505962	NC_057381.1	utg136	96.81		True
local misassembly
593340	593428	506483	506395	NC_057381.1	utg136	97.75		True
indel: indel (<= 5bp)
593098	593339	506726	506485	NC_057381.1	utg136	98.76		True
indel: indel (<= 5bp)
592549	593097	507276	506728	NC_057381.1	utg136	100.0		True
indel: indel (<= 5bp)
592423	592548	507403	507278	NC_057381.1	utg136	100.0		True
indel: indel (<= 5bp)
592338	592422	507489	507405	NC_057381.1	utg136	98.82		True
indel: indel (<= 5bp)
592188	592337	507640	507491	NC_057381.1	utg136	99.33		True
indel: indel (<= 5bp)
591991	592187	507840	507644	NC_057381.1	utg136	97.97		True
indel: indel (<= 5bp)
591809	591972	508024	507861	NC_057381.1	utg136	99.39		True
indel: indel (<= 5bp)
591514	591770	508321	508065	NC_057381.1	utg136	98.44		True
indel: indel (<= 5bp)
591047	591513	508789	508323	NC_057381.1	utg136	98.93		True
indel: indel (<= 5bp)
590597	591046	509240	508791	NC_057381.1	utg136	100.0		True
local misassembly
590405	590496	509477	509386	NC_057381.1	utg136	98.91		True
indel: indel (<= 5bp)
590292	590404	509592	509480	NC_057381.1	utg136	96.46		True
local misassembly
589907	590152	509984	509739	NC_057381.1	utg136	96.34		True
indel: indel (<= 5bp)
589783	589871	510112	510024	NC_057381.1	utg136	97.75		True
local misassembly
589421	589498	510489	510412	NC_057381.1	utg136	97.44		True
indel: indel (<= 5bp)
589229	589419	510680	510490	NC_057381.1	utg136	97.91		True
local misassembly
588943	589011	510972	510904	NC_057381.1	utg136	97.1		True
indel: indel (<= 5bp)
588727	588942	511193	510978	NC_057381.1	utg136	95.83		True
indel: indel (<= 5bp)
588600	588726	511322	511196	NC_057381.1	utg136	96.85		True
local misassembly
588256	588452	511669	511473	NC_057381.1	utg136	99.64		True
local misassembly
577554	588088	522328	511670	NC_057381.1	utg136	98.03		True
local misassembly
577438	577553	522627	522512	NC_057381.1	utg136	100.0		True
indel: indel (<= 5bp)
577284	577437	522783	522630	NC_057381.1	utg136	98.7		True
local misassembly
576739	577132	523339	522946	NC_057381.1	utg136	100.0		True
indel: indel (<= 5bp)
576673	576738	523406	523341	NC_057381.1	utg136	100.0		True
indel: indel (<= 5bp)
576461	576631	523620	523450	NC_057381.1	utg136	100.0		True
indel: indel (<= 5bp)
575972	576460	524112	523624	NC_057381.1	utg136	99.18		True
indel: indel (<= 5bp)
575565	575971	524521	524115	NC_057381.1	utg136	100.0		True
indel: indel (> 5bp)
575251	575522	524815	524544	NC_057381.1	utg136	100.0		True
indel: indel (<= 5bp)
574917	575250	525150	524817	NC_057381.1	utg136	100.0		True
local misassembly
574538	574778	525534	525294	NC_057381.1	utg136	100.0		True
indel: indel (<= 5bp)
573753	574535	526317	525535	NC_057381.1	utg136	99.87		True
indel: indel (<= 5bp)
572669	573736	527403	526336	NC_057381.1	utg136	99.63		True
indel: indel (<= 5bp)
572442	572668	527631	527405	NC_057381.1	utg136	99.56		True
local misassembly
571884	572175	527923	527632	NC_057381.1	utg136	100.0		True
indel: indel (<= 5bp)
571758	571883	528050	527925	NC_057381.1	utg136	98.41		True
local misassembly
571556	571727	528406	528235	NC_057381.1	utg136	100.0		True
indel: indel (<= 5bp)
571131	571525	528834	528440	NC_057381.1	utg136	100.0		True
indel: indel (<= 5bp)
570765	571130	529201	528836	NC_057381.1	utg136	99.45		True
indel: indel (> 5bp)
570622	570745	529325	529202	NC_057381.1	utg136	100.0		True
indel: indel (<= 5bp)
570423	570621	529525	529327	NC_057381.1	utg136	100.0		True
indel: indel (<= 5bp)
569924	570422	530025	529527	NC_057381.1	utg136	99.6		True
indel: indel (<= 5bp)
569444	569923	530507	530028	NC_057381.1	utg136	99.79		True
indel: indel (<= 5bp)
569261	569443	530691	530509	NC_057381.1	utg136	100.0		True
indel: indel (<= 5bp)
568973	569260	530980	530693	NC_057381.1	utg136	99.65		True
indel: indel (<= 5bp)
568147	568972	531807	530982	NC_057381.1	utg136	99.52		True
indel: indel (<= 5bp)
567999	568104	531959	531854	NC_057381.1	utg136	100.0		True
indel: indel (<= 5bp)
567272	567998	532687	531961	NC_057381.1	utg136	99.59		True
local misassembly
536636	567271	563531	532855	NC_057381.1	utg136	99.1		True
translocation
1773131	1781389	571792	563532	NC_057379.1	utg136	96.62		True
translocation
496419	536642	612012	571793	NC_057381.1	utg136	99.43		True
translocation
1661887	1663642	612043	613800	NC_057384.1	utg136	98.81		True
translocation
2246836	2247372	617156	616620	NC_057371.1	utg136	97.21		True
indel: indel (<= 5bp)
2245494	2246835	618499	617158	NC_057371.1	utg136	95.98		True
translocation
1877568	1877741	621272	621099	NC_057380.1	utg136	95.98		True
local misassembly
1871736	1874777	627101	624055	NC_057380.1	utg136	96.91		True
translocation
115159	115371	627980	628192	NC_057379.1	utg136	98.59		True
indel: indel (<= 5bp)
115373	115572	628193	628392	NC_057379.1	utg136	95.0		True
indel: indel (<= 5bp)
115574	115922	628393	628741	NC_057379.1	utg136	98.57		True
translocation
386811	391062	630441	634691	NC_057372.1	utg136	96.92		True
translocation
2230829	2231185	637019	637375	NC_057376.1	utg136	96.92		True
local misassembly
2234527	2236518	640719	642710	NC_057376.1	utg136	95.18		True
indel: indel (<= 5bp)
2236519	2236890	642712	643083	NC_057376.1	utg136	95.43		True
relocation, inconsistency = -363019
1875591	1877824	644803	647036	NC_057376.1	utg136	95.48		True
translocation
1921890	1921988	648664	648762	NC_057374.1	utg136	96.97		True
indel: indel (<= 5bp)
1922023	1922193	648795	648965	NC_057374.1	utg136	95.91		True
translocation
485301	485925	656698	656071	NC_057381.1	utg136	98.09		True
translocation
259481	259801	657019	656699	NC_057372.1	utg136	96.9		True
local misassembly
254894	255217	661626	661303	NC_057372.1	utg136	95.99		True
translocation
433734	485305	712902	661627	NC_057381.1	utg136	97.91		True
local misassembly
433587	433736	713272	713123	NC_057381.1	utg136	99.35		True
relocation, inconsistency = 1609
407415	431977	737839	713273	NC_057381.1	utg136	99.74		True
relocation, inconsistency = 6449
400211	400965	738594	737840	NC_057381.1	utg136	99.08		True
local misassembly
390505	400215	748855	739155	NC_057381.1	utg136	98.65		True
relocation, inconsistency = 12768
373821	377148	752771	749444	NC_057381.1	utg136	97.75		True
relocation, inconsistency = 6264
360111	367556	760224	752772	NC_057381.1	utg136	97.95		True
relocation, inconsistency = 6605
346546	353505	767184	760225	NC_057381.1	utg136	98.51		True
relocation, inconsistency = 1033181
1391243	1397591	771741	778116	NC_057381.1	utg136	96.58		True
translocation
1324828	1325065	781836	782073	NC_057378.1	utg136	97.9		True
indel: indel (<= 5bp)
1325066	1325130	782075	782139	NC_057378.1	utg136	95.38		True
translocation
174595	346545	958829	786740	NC_057381.1	utg136	99.74		True
local misassembly
63184	174441	1070394	958830	NC_057381.1	utg136	99.66		True
CONTIG	utg136	1070396	misassembled
1366651	1366718	1087	1154	NC_057384.1	utg137	95.59		True
local misassembly
1366908	1366980	1356	1428	NC_057384.1	utg137	95.89		True
local misassembly
1367484	1367597	1977	2090	NC_057384.1	utg137	95.61		True
local misassembly
1367672	1367797	2243	2368	NC_057384.1	utg137	100.0		True
local misassembly
1368130	1368247	2702	2819	NC_057384.1	utg137	98.31		True
local misassembly
1368899	1368973	3387	3461	NC_057384.1	utg137	100.0		True
indel: indel (<= 5bp)
1368992	1369068	3484	3560	NC_057384.1	utg137	97.4		True
indel: indel (<= 5bp)
1369069	1369154	3562	3647	NC_057384.1	utg137	100.0		True
local misassembly
1369343	1369443	3846	3946	NC_057384.1	utg137	97.03		True
local misassembly
1369564	1369647	4071	4154	NC_057384.1	utg137	97.62		True
indel: indel (<= 5bp)
1369721	1369788	4231	4298	NC_057384.1	utg137	98.53		True
local misassembly
1369949	1370149	4459	4659	NC_057384.1	utg137	98.01		True
indel: indel (<= 5bp)
1370150	1370628	4661	5139	NC_057384.1	utg137	98.75		True
indel: indel (<= 5bp)
1370630	1370843	5140	5353	NC_057384.1	utg137	99.53		True
indel: indel (<= 5bp)
1370844	1371732	5355	6243	NC_057384.1	utg137	99.1		True
local misassembly
1371926	1375017	6276	9376	NC_057384.1	utg137	98.9		True
translocation
106738	110728	9396	13392	NC_057374.1	utg137	97.67		True
translocation
96965	97430	14168	14633	NC_057379.1	utg137	95.92		True
indel: indel (<= 5bp)
97431	100210	14635	17414	NC_057379.1	utg137	95.58		True
translocation
1921637	1921931	19913	19619	NC_057374.1	utg137	97.29		True
relocation, inconsistency = 1808194
110730	113243	20113	22623	NC_057374.1	utg137	97.69		True
translocation
1375006	1377083	22626	24703	NC_057384.1	utg137	99.66		True
local misassembly
1377078	1380580	24983	28481	NC_057384.1	utg137	97.43		True
local misassembly
1380796	1386678	28482	34362	NC_057384.1	utg137	99.0		True
local misassembly
1387427	1387684	34895	35152	NC_057384.1	utg137	95.35		True
local misassembly
1389238	1390438	36705	37905	NC_057384.1	utg137	95.92		True
indel: indel (<= 5bp)
1390440	1390915	37906	38381	NC_057384.1	utg137	96.85		True
relocation, inconsistency = 127204
1522255	1522679	42517	42941	NC_057384.1	utg137	96.47		True
relocation, inconsistency = -3857
1522007	1527901	46126	52028	NC_057384.1	utg137	98.75		True
local misassembly
1527899	1535929	52241	60268	NC_057384.1	utg137	99.22		True
relocation, inconsistency = 6500
1542430	1547735	60269	65549	NC_057384.1	utg137	98.69		True
translocation
1953761	1958599	65550	70390	NC_057378.1	utg137	98.82		True
relocation, inconsistency = 6402
1965002	1967431	70391	72820	NC_057378.1	utg137	99.63		True
translocation
1547734	1551294	72821	76376	NC_057384.1	utg137	99.27		True
translocation
140492	149424	76377	85344	NC_057371.1	utg137	99.24		True
translocation
1551292	1567618	85345	101668	NC_057384.1	utg137	99.03		True
relocation, inconsistency = 24440
1594303	1606694	103913	116264	NC_057384.1	utg137	98.63		True
local misassembly
1606690	1610514	116542	120365	NC_057384.1	utg137	98.98		True
relocation, inconsistency = 13595
1624303	1635917	120559	132173	NC_057384.1	utg137	99.41		True
local misassembly
1636060	1642967	132174	139082	NC_057384.1	utg137	99.51		True
translocation
1127902	1129537	140719	139083	NC_057380.1	utg137	97.74		True
relocation, inconsistency = 3086
1123716	1124808	141819	140727	NC_057380.1	utg137	98.54		True
local misassembly
1122124	1122789	142489	141820	NC_057380.1	utg137	98.66		True
translocation
1642960	1659910	142490	159442	NC_057384.1	utg137	99.76		True
local misassembly
1660048	1661874	159443	161269	NC_057384.1	utg137	99.84		True
relocation, inconsistency = 1768
1663643	1668753	161270	166380	NC_057384.1	utg137	99.78		True
translocation
1004357	1004423	166900	166834	NC_057383.1	utg137	98.51		True
local misassembly
1004080	1004148	167175	167107	NC_057383.1	utg137	98.55		True
local misassembly
1002820	1003697	168436	167559	NC_057383.1	utg137	95.33		True
translocation
2844959	2845123	168573	168737	NC_057371.1	utg137	95.76		True
indel: indel (<= 5bp)
2845124	2845815	168739	169430	NC_057371.1	utg137	95.52		True
translocation
196235	197189	170481	169527	NC_057385.1	utg137	99.38		True
relocation, inconsistency = 169053
24149	27181	173514	170482	NC_057385.1	utg137	99.64		True
translocation
2630806	2637202	173515	179912	NC_057371.1	utg137	97.86		True
translocation
13847	24154	190215	179913	NC_057385.1	utg137	99.1		True
CONTIG	utg137	192762	misassembled
3269	4067	250	1048	NC_057376.1	utg138	96.16		True
translocation
3505560	3505871	1367	1058	NC_057372.1	utg138	98.72		True
translocation
2004350	2004499	8837	8986	NC_057379.1	utg138	98.67		True
indel: indel (<= 5bp)
2004502	2004635	8987	9120	NC_057379.1	utg138	96.27		True
relocation, inconsistency = -34111
1970890	1971821	9486	10423	NC_057379.1	utg138	96.06		True
translocation
37464	37896	10896	10469	NC_057371.1	utg138	96.77		True
local misassembly
34486	35645	13814	12651	NC_057371.1	utg138	95.2		True
translocation
1570	12335	13815	24560	NC_057383.1	utg138	99.15		True
relocation, inconsistency = 13002
25338	25876	24561	25099	NC_057383.1	utg138	99.63		True
indel: indel (<= 5bp)
25877	26095	25102	25320	NC_057383.1	utg138	99.54		True
local misassembly
26158	26936	25448	26226	NC_057383.1	utg138	99.49		True
local misassembly
27115	35092	26227	34204	NC_057383.1	utg138	98.83		True
relocation, inconsistency = 1474
36567	48615	34205	46256	NC_057383.1	utg138	98.93		True
relocation, inconsistency = 1524
50140	66291	46257	62416	NC_057383.1	utg138	99.85		True
local misassembly
66542	130456	62435	126356	NC_057383.1	utg138	99.89		True
relocation, inconsistency = 410156
540615	541201	126943	126357	NC_057383.1	utg138	98.65		True
relocation, inconsistency = 400608
130454	140006	126944	136523	NC_057383.1	utg138	98.35		True
local misassembly
140007	143636	136636	140301	NC_057383.1	utg138	98.72		True
local misassembly
144085	146901	140773	143589	NC_057383.1	utg138	98.73		True
local misassembly
148778	153691	145481	150429	NC_057383.1	utg138	97.64		True
local misassembly
153886	216354	150430	213051	NC_057383.1	utg138	99.42		True
local misassembly
217095	446600	213799	443368	NC_057383.1	utg138	99.65		True
CONTIG	utg138	443368	misassembled
1051634	1053122	1610	122	NC_057382.1	utg139	99.53		True
translocation
114992	125538	1611	12158	NC_057371.1	utg139	99.88		True
translocation
452503	454219	13875	12159	NC_057377.1	utg139	99.59		True
translocation
125534	138693	13876	27040	NC_057371.1	utg139	98.98		True
local misassembly
138917	140488	27041	28612	NC_057371.1	utg139	99.3		True
relocation, inconsistency = 8936
149425	160684	28613	39871	NC_057371.1	utg139	99.84		True
relocation, inconsistency = 6732
167417	183215	39872	55675	NC_057371.1	utg139	99.86		True
translocation
1607439	1609167	55676	57406	NC_057375.1	utg139	97.17		True
relocation, inconsistency = 4354
1613526	1614263	58150	57411	NC_057375.1	utg139	97.3		True
local misassembly
1607439	1612946	63662	58152	NC_057375.1	utg139	97.37		True
relocation, inconsistency = -5724
1607439	1612950	63875	69387	NC_057375.1	utg139	97.26		True
local misassembly
1613529	1614267	69388	70127	NC_057375.1	utg139	96.92		True
translocation
183211	189530	70128	76460	NC_057371.1	utg139	99.49		True
translocation
3308093	3314341	82709	76461	NC_057370.1	utg139	99.75		True
translocation
202303	225687	82710	106144	NC_057371.1	utg139	99.63		True
local misassembly
227875	254997	108335	135632	NC_057371.1	utg139	98.46		True
local misassembly
255736	267732	135633	147590	NC_057371.1	utg139	95.6		True
translocation
258053	261078	147593	150618	NC_057384.1	utg139	98.65		True
relocation, inconsistency = 6963
268042	270572	150619	153150	NC_057384.1	utg139	97.91		True
translocation
1663840	1664151	153669	153358	NC_057372.1	utg139	95.51		True
local misassembly
1664062	1664150	153975	153887	NC_057372.1	utg139	97.75		True
local misassembly
1657912	1658305	160633	160239	NC_057372.1	utg139	95.2		True
translocation
268438	271014	160711	163288	NC_057371.1	utg139	98.99		True
local misassembly
271230	300655	163289	192714	NC_057371.1	utg139	99.0		True
local misassembly
300879	400657	192715	292708	NC_057371.1	utg139	99.36		True
CONTIG	utg139	292744	misassembled
9	106738	1	106763	NC_057374.1	utg140	99.74		True
relocation, inconsistency = 6523
113262	116840	106764	110263	NC_057374.1	utg140	97.99		True
inversion
119552	126423	117138	110264	NC_057374.1	utg140	99.04		True
relocation, inconsistency = -2711
123713	140471	117139	133883	NC_057374.1	utg140	98.91		True
relocation, inconsistency = -4449
139326	139509	137187	137370	NC_057374.1	utg140	96.74		True
local misassembly
140001	140106	137371	137476	NC_057374.1	utg140	99.07		True
local misassembly
140397	140729	137739	138071	NC_057374.1	utg140	95.8		True
indel: indel (<= 5bp)
140731	140938	138072	138279	NC_057374.1	utg140	98.56		True
indel: indel (<= 5bp)
140939	141300	138282	138643	NC_057374.1	utg140	97.79		True
indel: indel (<= 5bp)
141302	141617	138644	138959	NC_057374.1	utg140	98.1		True
relocation, inconsistency = 2619
144279	145430	139002	140151	NC_057374.1	utg140	97.92		True
local misassembly
145429	150409	140340	145321	NC_057374.1	utg140	98.25		True
local misassembly
150633	177742	145322	172432	NC_057374.1	utg140	97.65		True
relocation, inconsistency = 23230
201007	203360	172467	174820	NC_057374.1	utg140	96.69		True
local misassembly
203658	204973	174843	176158	NC_057374.1	utg140	95.21		True
relocation, inconsistency = 14914
223076	235993	179347	192265	NC_057374.1	utg140	96.75		True
local misassembly
235995	240450	192483	196875	NC_057374.1	utg140	95.61		True
local misassembly
240644	259535	196876	215781	NC_057374.1	utg140	99.27		True
relocation, inconsistency = 2664
262217	267212	215799	220796	NC_057374.1	utg140	99.12		True
local misassembly
267524	376687	220830	330125	NC_057374.1	utg140	99.78		True
local misassembly
377414	377538	330350	330474	NC_057374.1	utg140	97.6		True
local misassembly
377847	385438	330476	338048	NC_057374.1	utg140	96.5		True
local misassembly
385438	395317	338180	348051	NC_057374.1	utg140	98.47		True
translocation
2094119	2099158	353014	348052	NC_057376.1	utg140	95.72		True
translocation
395312	422927	353015	380662	NC_057374.1	utg140	99.49		True
local misassembly
422928	423575	380860	381512	NC_057374.1	utg140	99.23		True
local misassembly
423593	462482	381637	420582	NC_057374.1	utg140	99.71		True
local misassembly
462785	468685	420643	426557	NC_057374.1	utg140	99.76		True
local misassembly
468685	511662	426861	469894	NC_057374.1	utg140	99.47		True
translocation
717121	718530	473068	471659	NC_057370.1	utg140	99.72		True
translocation
1867659	1868893	481323	482556	NC_057376.1	utg140	99.6		True
translocation
776022	777449	489199	487778	NC_057382.1	utg140	96.15		True
translocation
134080	134240	491922	492082	NC_057376.1	utg140	96.27		True
local misassembly
134806	135203	492659	493056	NC_057376.1	utg140	95.23		True
translocation
1958600	1964997	498394	504793	NC_057378.1	utg140	98.34		True
translocation
3674775	3675034	517800	517541	NC_057373.1	utg140	96.54		True
translocation
1310100	1310287	522623	522436	NC_057380.1	utg140	95.74		True
local misassembly
1309428	1309669	523300	523059	NC_057380.1	utg140	95.45		True
local misassembly
1307422	1307533	525322	525211	NC_057380.1	utg140	97.32		True
indel: indel (<= 5bp)
1307222	1307421	525524	525325	NC_057380.1	utg140	98.0		True
indel: indel (<= 5bp)
1307020	1307221	525727	525526	NC_057380.1	utg140	98.02		True
indel: indel (<= 5bp)
1306900	1306988	525850	525762	NC_057380.1	utg140	97.75		True
indel: indel (<= 5bp)
1306599	1306865	526150	525884	NC_057380.1	utg140	95.51		True
indel: indel (<= 5bp)
1306508	1306598	526242	526152	NC_057380.1	utg140	95.6		True
local misassembly
1305678	1305914	527070	526834	NC_057380.1	utg140	95.78		True
translocation
717123	718532	528491	527082	NC_057370.1	utg140	99.72		True
translocation
1565657	1571074	531537	536968	NC_057372.1	utg140	95.92		True
relocation, inconsistency = 1844681
3417206	3418728	538419	539951	NC_057372.1	utg140	96.93		True
translocation
286398	287974	544867	543291	NC_057381.1	utg140	97.97		True
translocation
3241403	3241832	545299	544868	NC_057372.1	utg140	96.56		True
translocation
1803960	1804246	550625	550339	NC_057379.1	utg140	96.52		True
translocation
440502	441925	555407	553984	NC_057372.1	utg140	95.01		True
indel: indel (<= 5bp)
440176	440501	555734	555409	NC_057372.1	utg140	95.09		True
translocation
640636	656697	562340	578392	NC_057374.1	utg140	99.43		True
local misassembly
656862	671099	578396	592657	NC_057374.1	utg140	99.08		True
local misassembly
672020	729963	593706	651715	NC_057374.1	utg140	99.72		True
translocation
903469	906495	654746	651716	NC_057377.1	utg140	96.91		True
relocation, inconsistency = 1106
894117	902362	662992	654747	NC_057377.1	utg140	97.99		True
translocation
729962	755729	662993	688744	NC_057374.1	utg140	99.12		True
relocation, inconsistency = 7256
762986	801089	688745	726900	NC_057374.1	utg140	99.07		True
translocation
2220783	2223408	735111	732474	NC_057378.1	utg140	98.67		True
translocation
392710	393264	735116	735673	NC_057379.1	utg140	98.03		True
relocation, inconsistency = -5686
392706	393264	740801	741362	NC_057379.1	utg140	98.04		True
translocation
1977243	1981870	741363	745989	NC_057374.1	utg140	97.99		True
relocation, inconsistency = -1178997
802943	803905	746059	747021	NC_057374.1	utg140	96.05		True
local misassembly
804376	861618	747489	804714	NC_057374.1	utg140	98.75		True
relocation, inconsistency = 3187
865147	948236	805056	888329	NC_057374.1	utg140	99.34		True
local misassembly
948465	981855	888330	921757	NC_057374.1	utg140	99.56		True
local misassembly
981977	982274	921758	922056	NC_057374.1	utg140	97.88		True
local misassembly
983637	1028495	923428	968381	NC_057374.1	utg140	99.53		True
relocation, inconsistency = 2905
1031401	1336590	968382	1273906	NC_057374.1	utg140	99.72		True
relocation, inconsistency = 8908
1345499	1445635	1273907	1374187	NC_057374.1	utg140	99.36		True
relocation, inconsistency = -4308
1451436	1490132	1384296	1423064	NC_057374.1	utg140	99.3		True
local misassembly
1495661	1648847	1428008	1581569	NC_057374.1	utg140	99.13		True
local misassembly
1649951	1676450	1583644	1610239	NC_057374.1	utg140	98.42		True
relocation, inconsistency = 87470
1763921	1774269	1610240	1620601	NC_057374.1	utg140	97.91		True
translocation
92845	93296	1620602	1621053	NC_057372.1	utg140	96.24		True
indel: indel (<= 5bp)
93298	93370	1621054	1621126	NC_057372.1	utg140	98.63		True
indel: indel (<= 5bp)
93424	93734	1621178	1621488	NC_057372.1	utg140	96.78		True
indel: indel (> 5bp)
93747	93827	1621489	1621569	NC_057372.1	utg140	95.06		True
indel: indel (> 5bp)
93840	94148	1621570	1621878	NC_057372.1	utg140	96.12		True
indel: indel (<= 5bp)
94150	94369	1621879	1622098	NC_057372.1	utg140	96.4		True
translocation
1774267	1776071	1622099	1623910	NC_057374.1	utg140	97.0		True
local misassembly
1776717	1776884	1624766	1624933	NC_057374.1	utg140	98.21		True
local misassembly
1776987	1777101	1625042	1625156	NC_057374.1	utg140	97.39		True
translocation
49808	49891	1625216	1625299	NC_057377.1	utg140	96.43		True
local misassembly
49988	50062	1625399	1625473	NC_057377.1	utg140	98.67		True
local misassembly
50324	50451	1625762	1625889	NC_057377.1	utg140	97.66		True
CONTIG	utg140	1631147	misassembled
155881	183264	1	27393	NC_057378.1	utg143	99.63		True
local misassembly
183264	187693	27492	31972	NC_057378.1	utg143	98.69		True
local misassembly
187853	248082	31973	92392	NC_057378.1	utg143	99.45		True
CONTIG	utg143	92943	correct
203661	232291	28654	75	NC_057380.1	utg160	95.6		True
translocation
2075580	2081085	34156	28655	NC_057378.1	utg160	96.66		True
translocation
203218	203665	34604	34157	NC_057380.1	utg160	96.88		True
translocation
696686	697647	34606	35567	NC_057383.1	utg160	96.26		True
translocation
200975	203210	37803	35568	NC_057380.1	utg160	95.13		True
local misassembly
200704	200953	38287	38038	NC_057380.1	utg160	95.2		True
translocation
312472	313069	38376	38973	NC_057370.1	utg160	95.65		True
translocation
1217279	1218251	41017	40048	NC_057378.1	utg160	95.58		True
relocation, inconsistency = -487460
1702272	1703795	43484	41961	NC_057378.1	utg160	98.88		True
relocation, inconsistency = 491596
1207820	1209988	46328	44172	NC_057378.1	utg160	95.44		True
local misassembly
1205716	1206292	48349	47773	NC_057378.1	utg160	95.32		True
translocation
2195512	2196021	48859	48350	NC_057382.1	utg160	95.88		True
indel: indel (> 5bp)
2192431	2195475	51904	48860	NC_057382.1	utg160	95.37		True
translocation
197810	200709	55028	52130	NC_057380.1	utg160	98.48		True
translocation
643600	644065	55494	55029	NC_057370.1	utg160	97.42		True
relocation, inconsistency = 2877
640262	640722	55955	55495	NC_057370.1	utg160	100.0		True
translocation
189020	191307	58280	55992	NC_057380.1	utg160	99.13		True
local misassembly
184740	189024	62832	58560	NC_057380.1	utg160	96.97		True
local misassembly
182806	184744	65066	63125	NC_057380.1	utg160	97.94		True
translocation
104075	108811	65329	70065	NC_057379.1	utg160	96.22		True
translocation
946108	946376	70967	71235	NC_057383.1	utg160	95.91		True
indel: indel (<= 5bp)
946378	946468	71236	71326	NC_057383.1	utg160	97.8		True
translocation
181316	182797	72808	71327	NC_057380.1	utg160	96.29		True
local misassembly
181118	181320	73571	73369	NC_057380.1	utg160	95.57		True
translocation
877237	878033	73910	74707	NC_057373.1	utg160	97.25		True
translocation
168161	180779	87331	74708	NC_057380.1	utg160	97.91		True
local misassembly
167483	167740	87669	87412	NC_057380.1	utg160	96.51		True
local misassembly
166867	167035	88324	88156	NC_057380.1	utg160	95.27		True
relocation, inconsistency = 40902
119812	125445	88844	94453	NC_057380.1	utg160	96.1		True
translocation
1417857	1417927	94973	95043	NC_057384.1	utg160	97.18		True
indel: indel (<= 5bp)
1417928	1417995	95045	95112	NC_057384.1	utg160	95.59		True
indel: indel (<= 5bp)
1418013	1418154	95133	95274	NC_057384.1	utg160	95.77		True
local misassembly
1418346	1418446	95472	95572	NC_057384.1	utg160	96.04		True
local misassembly
1418702	1419365	95833	96496	NC_057384.1	utg160	95.93		True
translocation
926967	927379	98382	98794	NC_057383.1	utg160	96.85		True
indel: indel (<= 5bp)
927380	928603	98796	100019	NC_057383.1	utg160	96.16		True
translocation
1928156	1929220	101709	102773	NC_057371.1	utg160	95.12		True
translocation
56173	56764	103365	102774	NC_057381.1	utg160	95.83		True
indel: indel (<= 5bp)
56008	56172	103533	103369	NC_057381.1	utg160	96.36		True
translocation
1930279	1930957	103833	104511	NC_057371.1	utg160	96.17		True
indel: indel (<= 5bp)
1930959	1931195	104512	104748	NC_057371.1	utg160	96.62		True
translocation
1632091	1633612	113104	111581	NC_057372.1	utg160	96.19		True
translocation
160667	166300	113624	119233	NC_057380.1	utg160	96.1		True
relocation, inconsistency = 40890
119097	119629	119913	119381	NC_057380.1	utg160	95.12		True
translocation
1625246	1625589	122945	122602	NC_057379.1	utg160	96.8		True
translocation
1835380	1836613	126516	125283	NC_057375.1	utg160	99.59		True
translocation
115678	119080	132617	129176	NC_057380.1	utg160	96.89		True
relocation, inconsistency = 831046
950127	955374	132618	137860	NC_057380.1	utg160	96.13		True
translocation
295348	295479	137992	137861	NC_057381.1	utg160	96.97		True
indel: indel (> 5bp)
295152	295334	138175	137993	NC_057381.1	utg160	98.36		True
translocation
871	115681	253467	138661	NC_057380.1	utg160	99.88		True
CONTIG	utg160	253467	misassembled
345497	369956	24777	61	NC_057380.1	utg161	96.16		True
translocation
758018	758171	25084	24931	NC_057375.1	utg161	97.4		True
local misassembly
752323	757584	30771	25516	NC_057375.1	utg161	95.12		True
translocation
1854844	1855276	36446	36878	NC_057380.1	utg161	96.3		True
relocation, inconsistency = 1508796
344071	345501	38857	37425	NC_057380.1	utg161	99.09		True
relocation, inconsistency = 6255
337169	337815	39504	38858	NC_057380.1	utg161	99.7		True
relocation, inconsistency = 13432
321186	323736	42061	39505	NC_057380.1	utg161	99.41		True
relocation, inconsistency = -4124
318012	321196	49360	46175	NC_057380.1	utg161	99.84		True
local misassembly
291624	318015	76032	49572	NC_057380.1	utg161	98.42		True
local misassembly
88662	290773	278494	76300	NC_057380.1	utg161	99.83		True
relocation, inconsistency = 12466
65567	76195	289120	278495	NC_057380.1	utg161	98.89		True
local misassembly
54835	56270	299498	298063	NC_057380.1	utg161	95.75		True
local misassembly
54453	54609	299877	299721	NC_057380.1	utg161	96.18		True
translocation
2716652	2716846	302060	301866	NC_057372.1	utg161	100.0		True
indel: indel (> 5bp)
2715322	2716584	303323	302061	NC_057372.1	utg161	98.1		True
relocation, inconsistency = 696983
3414689	3414791	304445	304547	NC_057372.1	utg161	95.15		True
local misassembly
3414926	3415100	304684	304858	NC_057372.1	utg161	98.29		True
local misassembly
3417205	3418729	306932	308455	NC_057372.1	utg161	96.26		True
translocation
37952	38112	308819	308659	NC_057380.1	utg161	97.52		True
local misassembly
36826	37353	309368	308841	NC_057380.1	utg161	95.34		True
local misassembly
34161	36237	311412	309369	NC_057380.1	utg161	95.34		True
relocation, inconsistency = 1740
14226	32420	329725	311413	NC_057380.1	utg161	95.21		True
local misassembly
5353	9239	338009	334111	NC_057380.1	utg161	97.59		True
translocation
1679204	1679807	338012	338617	NC_057374.1	utg161	98.51		True
translocation
118304	118606	338936	338640	NC_057381.1	utg161	95.72		True
CONTIG	utg161	341990	misassembled
116102	223449	1	107371	NC_057376.1	utg176	99.87		True
CONTIG	utg176	109761	correct
CONTIG	utg182	52844	unaligned
496527	556305	59861	22	NC_057372.1	utg183	99.75		True
CONTIG	utg183	59866	correct
284591	299124	14828	259	NC_057372.1	utg186	98.83		True
local misassembly
283381	284410	15858	14829	NC_057372.1	utg186	99.32		True
relocation, inconsistency = 6461
276283	276919	16495	15859	NC_057372.1	utg186	99.53		True
translocation
1581266	1587343	25113	19036	NC_057384.1	utg186	96.47		True
translocation
286396	287973	27504	25927	NC_057381.1	utg186	98.54		True
translocation
621874	622202	28154	28482	NC_057374.1	utg186	95.44		True
translocation
1470516	1471823	30801	29493	NC_057378.1	utg186	96.87		True
translocation
582277	583550	31897	33170	NC_057384.1	utg186	95.29		True
translocation
424080	427770	43981	40292	NC_057372.1	utg186	95.26		True
translocation
1297201	1297760	43985	44544	NC_057379.1	utg186	98.57		True
translocation
421046	424078	47582	44548	NC_057372.1	utg186	98.32		True
relocation, inconsistency = 218876
192761	194354	55398	56987	NC_057372.1	utg186	98.93		True
translocation
262397	262694	58584	58287	NC_057375.1	utg186	95.64		True
translocation
4250	5558	59898	58589	NC_057372.1	utg186	98.4		True
relocation, inconsistency = -367980
363886	364194	68242	67934	NC_057372.1	utg186	96.12		True
relocation, inconsistency = 165623
194412	196375	70130	72099	NC_057372.1	utg186	97.82		True
local misassembly
196395	198610	72888	75110	NC_057372.1	utg186	97.89		True
translocation
1793781	1795818	75113	77138	NC_057379.1	utg186	97.94		True
local misassembly
1796036	1796854	77139	77957	NC_057379.1	utg186	98.03		True
translocation
198608	199110	77958	78459	NC_057372.1	utg186	98.82		True
local misassembly
199672	201385	78460	80176	NC_057372.1	utg186	97.9		True
relocation, inconsistency = 2660150
2861654	2862119	80760	80295	NC_057372.1	utg186	98.93		True
translocation
1859156	1859810	82062	81409	NC_057376.1	utg186	97.45		True
translocation
1573385	1577732	82063	86410	NC_057372.1	utg186	97.06		True
relocation, inconsistency = -1573481
4252	5558	86411	87717	NC_057372.1	utg186	98.62		True
relocation, inconsistency = 1572169
1577728	1578703	87718	88693	NC_057372.1	utg186	99.08		True
translocation
926970	927379	89065	89474	NC_057383.1	utg186	96.59		True
translocation
55001	58793	95219	91397	NC_057381.1	utg186	95.66		True
translocation
1578699	1580045	95422	96768	NC_057372.1	utg186	98.89		True
translocation
922170	925625	98857	102312	NC_057375.1	utg186	95.02		True
indel: indel (<= 5bp)
925626	926080	102314	102768	NC_057375.1	utg186	96.26		True
translocation
159959	162816	105886	103017	NC_057385.1	utg186	98.54		True
translocation
163530	165051	105887	107408	NC_057377.1	utg186	98.95		True
translocation
511003	511460	107549	108006	NC_057385.1	utg186	98.25		True
translocation
2243372	2243704	108013	108345	NC_057371.1	utg186	95.2		True
indel: indel (<= 5bp)
2243705	2246835	108347	111477	NC_057371.1	utg186	95.46		True
indel: indel (<= 5bp)
2246836	2247437	111479	112080	NC_057371.1	utg186	97.01		True
translocation
202210	202598	114267	114655	NC_057372.1	utg186	98.71		True
translocation
503691	504258	114656	115223	NC_057382.1	utg186	97.36		True
translocation
866845	868367	116925	115419	NC_057375.1	utg186	96.92		True
translocation
179780	182129	119282	116926	NC_057372.1	utg186	98.52		True
translocation
169147	169679	119822	119283	NC_057384.1	utg186	96.87		True
translocation
179434	179784	120173	119823	NC_057372.1	utg186	99.15		True
local misassembly
173870	179439	126321	120736	NC_057372.1	utg186	98.96		True
local misassembly
173510	173874	126861	126495	NC_057372.1	utg186	98.09		True
local misassembly
171417	173514	129417	127310	NC_057372.1	utg186	98.86		True
relocation, inconsistency = -2531574
2700345	2701579	132060	130829	NC_057372.1	utg186	98.79		True
relocation, inconsistency = 2529815
170334	170418	132256	132172	NC_057372.1	utg186	98.82		True
local misassembly
160825	170192	141634	132304	NC_057372.1	utg186	95.32		True
CONTIG	utg186	141759	misassembled
2016264	2050144	41993	8013	NC_057378.1	utg187	97.15		True
local misassembly
2013012	2016011	45016	41994	NC_057378.1	utg187	98.78		True
local misassembly
2012808	2012933	45414	45289	NC_057378.1	utg187	100.0		True
local misassembly
1992905	2012583	65433	45561	NC_057378.1	utg187	98.93		True
local misassembly
1967434	1992443	90916	65904	NC_057378.1	utg187	98.63		True
relocation, inconsistency = 13673
1940013	1953759	104686	90918	NC_057378.1	utg187	99.07		True
translocation
863788	864222	104784	105218	NC_057384.1	utg187	100.0		True
translocation
1771736	1938302	271796	105219	NC_057378.1	utg187	99.93		True
CONTIG	utg187	271796	misassembled
1161406	1236422	1	75145	NC_057383.1	utg195	98.77		True
local misassembly
1237406	1238534	76399	77527	NC_057383.1	utg195	96.11		True
relocation, inconsistency = 18397
1256932	1322991	77528	143478	NC_057383.1	utg195	99.04		True
translocation
73091	73904	143479	144293	NC_057384.1	utg195	95.97		True
translocation
92556	92703	144296	144443	NC_057371.1	utg195	100.0		True
indel: indel (<= 5bp)
92705	94696	144444	146435	NC_057371.1	utg195	96.08		True
indel: indel (> 5bp)
94751	95619	146436	147304	NC_057371.1	utg195	95.97		True
indel: indel (<= 5bp)
95620	96053	147307	147740	NC_057371.1	utg195	95.62		True
local misassembly
96244	96791	147862	148409	NC_057371.1	utg195	95.99		True
translocation
89565	90827	148413	149675	NC_057376.1	utg195	97.39		True
translocation
222343	251954	149676	179319	NC_057385.1	utg195	99.81		True
local misassembly
251953	255878	179422	183370	NC_057385.1	utg195	99.3		True
local misassembly
256046	282259	183371	209584	NC_057385.1	utg195	99.14		True
CONTIG	utg195	209584	misassembled
3655238	3756861	101636	6	NC_057373.1	utg198	99.95		True
local misassembly
3650979	3655244	106026	101808	NC_057373.1	utg198	97.66		True
translocation
757997	758221	106341	106117	NC_057375.1	utg198	95.11		True
local misassembly
752566	755857	111773	108482	NC_057375.1	utg198	95.78		True
indel: indel (<= 5bp)
752313	752537	112024	111800	NC_057375.1	utg198	95.11		True
translocation
1578301	1585607	120459	113153	NC_057372.1	utg198	98.5		True
translocation
484177	484433	120460	120716	NC_057382.1	utg198	96.11		True
local misassembly
486215	488841	122497	125123	NC_057382.1	utg198	95.32		True
translocation
145573	146995	127396	128818	NC_057379.1	utg198	95.43		True
translocation
882807	883387	132570	131990	NC_057375.1	utg198	96.04		True
indel: indel (<= 5bp)
882675	882805	132701	132571	NC_057375.1	utg198	96.95		True
translocation
1571974	1578305	139453	133122	NC_057372.1	utg198	97.87		True
translocation
3635115	3650107	154447	139454	NC_057373.1	utg198	99.87		True
local misassembly
3607262	3634899	182115	154448	NC_057373.1	utg198	99.31		True
local misassembly
3604077	3607260	185778	182595	NC_057373.1	utg198	99.34		True
translocation
140981	142472	187268	185779	NC_057378.1	utg198	98.2		True
translocation
3599748	3604083	191605	187269	NC_057373.1	utg198	99.7		True
local misassembly
3598902	3599181	191886	191607	NC_057373.1	utg198	99.65		True
local misassembly
3592258	3598723	198331	191887	NC_057373.1	utg198	98.52		True
translocation
117030	118150	199452	198332	NC_057372.1	utg198	98.75		True
translocation
3586536	3592262	205179	199453	NC_057373.1	utg198	99.55		True
local misassembly
3586462	3586538	205474	205398	NC_057373.1	utg198	98.7		True
translocation
1778453	1781389	208411	205475	NC_057379.1	utg198	95.49		True
translocation
657201	662524	208412	213735	NC_057383.1	utg198	95.91		True
translocation
3573987	3586466	226221	213736	NC_057373.1	utg198	99.45		True
local misassembly
3461331	3573678	338658	226222	NC_057373.1	utg198	99.73		True
translocation
1186210	1186472	339469	339731	NC_057379.1	utg198	96.2		True
translocation
367726	368046	344182	343862	NC_057383.1	utg198	95.33		True
translocation
896882	897186	345247	344943	NC_057375.1	utg198	96.72		True
translocation
519638	520302	346155	345491	NC_057377.1	utg198	95.49		True
relocation, inconsistency = 341304
176160	177781	348329	346708	NC_057377.1	utg198	95.19		True
translocation
174428	174857	351382	350953	NC_057378.1	utg198	95.35		True
translocation
2350964	2357190	351564	357810	NC_057371.1	utg198	96.99		True
translocation
38347	38924	358578	359155	NC_057385.1	utg198	95.16		True
translocation
190844	191308	360808	360341	NC_057384.1	utg198	97.02		True
translocation
43009	43658	360809	361458	NC_057380.1	utg198	98.77		True
translocation
972812	972903	363237	363328	NC_057371.1	utg198	96.74		True
indel: indel (> 5bp)
972945	973176	363381	363612	NC_057371.1	utg198	97.84		True
translocation
3408861	3410023	366357	365195	NC_057373.1	utg198	96.05		True
local misassembly
3392999	3408645	381964	366358	NC_057373.1	utg198	98.37		True
translocation
198349	202374	385991	381966	NC_057376.1	utg198	96.45		True
translocation
898665	898774	386099	386208	NC_057380.1	utg198	98.18		True
indel: stretch of mismatches
898784	898986	386218	386420	NC_057380.1	utg198	96.55		True
translocation
1725684	1727191	388646	387137	NC_057383.1	utg198	99.21		True
translocation
3377376	3393004	404286	388647	NC_057373.1	utg198	98.81		True
CONTIG	utg198	404320	misassembled
CONTIG	utg208	226339	unaligned
456302	468433	81	12244	NC_057375.1	utg217	97.7		True
translocation
1498644	1499632	13232	12245	NC_057379.1	utg217	97.19		True
translocation
468431	473130	13233	17998	NC_057375.1	utg217	96.62		True
relocation, inconsistency = 1056
475717	544843	19529	88753	NC_057375.1	utg217	99.55		True
local misassembly
545072	574627	88754	118364	NC_057375.1	utg217	99.41		True
local misassembly
575355	578811	118402	121858	NC_057375.1	utg217	99.86		True
translocation
277490	278877	121859	123247	NC_057377.1	utg217	95.54		True
local misassembly
278873	280751	123686	125563	NC_057377.1	utg217	95.74		True
translocation
467075	467630	125570	126126	NC_057373.1	utg217	95.69		True
translocation
77501	78954	127580	126127	NC_057380.1	utg217	96.91		True
translocation
349240	349675	128536	128101	NC_057371.1	utg217	95.18		True
translocation
463293	467120	129926	133753	NC_057380.1	utg217	95.46		True
relocation, inconsistency = 385553
76205	77507	135290	133986	NC_057380.1	utg217	98.17		True
translocation
578804	583528	135291	140014	NC_057375.1	utg217	99.49		True
local misassembly
583775	589207	140038	145449	NC_057375.1	utg217	96.6		True
translocation
18099	19650	146998	145450	NC_057376.1	utg217	95.62		True
translocation
590133	638606	149756	198251	NC_057375.1	utg217	98.38		True
local misassembly
638607	641529	198708	201632	NC_057375.1	utg217	98.32		True
translocation
1804114	1804259	207484	207629	NC_057383.1	utg217	96.58		True
indel: indel (<= 5bp)
1804260	1804489	207631	207860	NC_057383.1	utg217	97.39		True
translocation
677495	773302	208185	304042	NC_057375.1	utg217	99.81		True
CONTIG	utg217	304062	misassembled
2855074	2855184	1065	1175	NC_057371.1	utg220	97.3		True
unknown
2855230	2855313	1221	1304	NC_057371.1	utg220	100.0		True
unknown
2855560	2855660	1553	1653	NC_057371.1	utg220	96.04		True
unknown
2855794	2855933	1780	1919	NC_057371.1	utg220	99.29		True
unknown
2856067	2856147	2051	2131	NC_057371.1	utg220	96.3		True
unknown
2856347	2856418	2327	2398	NC_057371.1	utg220	97.22		True
unknown
2856475	2856585	2459	2569	NC_057371.1	utg220	99.1		True
unknown
2856587	2856651	2570	2634	NC_057371.1	utg220	98.46		True
unknown
2856783	2856904	2760	2881	NC_057371.1	utg220	97.54		True
unknown
2857100	2857245	3077	3222	NC_057371.1	utg220	98.63		True
unknown
2857247	2857313	3223	3289	NC_057371.1	utg220	97.01		True
unknown
2857842	2858833	3966	4952	NC_057371.1	utg220	95.48		True
unknown
1392807	1393149	34871	34529	NC_057384.1	utg220	99.13		True
unknown
402084	404004	40787	38867	NC_057377.1	utg220	98.54		True
unknown
1244705	1245635	98495	97565	NC_057379.1	utg220	99.57		True
unknown
843644	844061	127225	127642	NC_057377.1	utg220	95.93		True
unknown
845362	847632	128941	131211	NC_057377.1	utg220	97.36		True
unknown
1045043	1045210	185786	185953	NC_057379.1	utg220	98.21		True
unknown
1046178	1046303	186912	187037	NC_057379.1	utg220	98.41		True
unknown
2079699	2081086	191866	190479	NC_057378.1	utg220	95.68		True
unknown
1617649	1617950	192730	192429	NC_057379.1	utg220	96.69		True
unknown
261048	263129	192731	194812	NC_057373.1	utg220	96.88		True
unknown
38346	39573	194813	196044	NC_057385.1	utg220	98.21		True
unknown
263125	264896	196045	197847	NC_057373.1	utg220	96.23		True
unknown
1342008	1343329	200294	198973	NC_057379.1	utg220	96.9		True
unknown
290394	290781	200872	201261	NC_057370.1	utg220	96.15		True
unknown
66946	68468	201337	202858	NC_057382.1	utg220	97.44		True
unknown
69341	69473	203767	203899	NC_057382.1	utg220	96.24		True
unknown
90786	93061	213365	211074	NC_057370.1	utg220	96.82		True
unknown
75962	76555	214491	213898	NC_057373.1	utg220	95.29		True
unknown
74663	75961	215791	214493	NC_057373.1	utg220	96.3		True
unknown
1842355	1843092	217141	216399	NC_057375.1	utg220	95.83		True
unknown
2753136	2755595	217137	219541	NC_057372.1	utg220	95.53		True
unknown
926594	926834	219542	219782	NC_057383.1	utg220	95.44		True
unknown
926967	927057	219911	220001	NC_057383.1	utg220	95.6		True
unknown
1765788	1766749	221966	222928	NC_057379.1	utg220	96.68		True
unknown
1400986	1404328	229177	232521	NC_057381.1	utg220	97.94		True
unknown
3603898	3605406	234018	232516	NC_057385.1	utg220	95.6		True
unknown
1259066	1262408	234025	237368	NC_057384.1	utg220	95.25		True
unknown
1063747	1065268	238229	239750	NC_057382.1	utg220	99.15		True
unknown
82140	84417	240463	242741	NC_057376.1	utg220	95.96		True
unknown
90827	92412	242745	244330	NC_057376.1	utg220	96.28		True
unknown
1867661	1868893	244335	245567	NC_057376.1	utg220	99.51		True
unknown
646886	648488	245568	247171	NC_057383.1	utg220	96.76		True
unknown
3725473	3729026	251285	247734	NC_057373.1	utg220	96.93		True
unknown
1336585	1345499	251327	260242	NC_057374.1	utg220	98.19		True
unknown
115681	116026	260241	260586	NC_057381.1	utg220	96.24		True
unknown
1441447	1442972	260838	262362	NC_057384.1	utg220	98.95		True
unknown
1254416	1255941	264549	263024	NC_057384.1	utg220	99.02		True
unknown
38187	40041	273633	275507	NC_057370.1	utg220	96.48		True
unknown
41551	157503	277020	392979	NC_057370.1	utg220	99.46		True
unknown
CONTIG	utg220	392989	mis_unaligned
1685655	1703838	56	18263	NC_057379.1	utg236	98.5		True
translocation
557224	558030	22267	21461	NC_057373.1	utg236	96.53		True
translocation
1703862	1714428	24793	35358	NC_057379.1	utg236	99.23		True
relocation, inconsistency = 6468
1720897	1723589	35359	38063	NC_057379.1	utg236	97.83		True
local misassembly
1724699	1724785	39504	39590	NC_057379.1	utg236	96.55		True
indel: indel (<= 5bp)
1724786	1725287	39592	40093	NC_057379.1	utg236	96.41		True
local misassembly
1725283	1726562	40531	41813	NC_057379.1	utg236	96.18		True
translocation
150907	151022	41831	41946	NC_057377.1	utg236	95.69		True
local misassembly
151259	151334	42188	42263	NC_057377.1	utg236	96.05		True
local misassembly
151414	152111	42407	43104	NC_057377.1	utg236	98.28		True
indel: indel (<= 5bp)
152120	152936	43112	43928	NC_057377.1	utg236	96.94		True
translocation
1726718	1728172	44696	46150	NC_057379.1	utg236	95.54		True
translocation
514894	516287	48367	46975	NC_057370.1	utg236	96.41		True
translocation
134450	139270	48541	53355	NC_057375.1	utg236	96.0		True
translocation
1728785	1729787	53372	54374	NC_057379.1	utg236	96.01		True
local misassembly
1736568	1736746	61741	61919	NC_057379.1	utg236	96.65		True
local misassembly
1737765	1754686	62379	79356	NC_057379.1	utg236	97.73		True
CONTIG	utg236	81743	misassembled
589962	590054	4199	4107	NC_057373.1	utg269	97.85		True
local misassembly
589345	589414	4846	4777	NC_057373.1	utg269	95.71		True
local misassembly
589169	589247	5023	4945	NC_057373.1	utg269	97.47		True
local misassembly
588945	589048	5258	5155	NC_057373.1	utg269	99.04		True
indel: indel (<= 5bp)
588721	588944	5483	5260	NC_057373.1	utg269	100.0		True
indel: indel (<= 5bp)
588607	588720	5598	5485	NC_057373.1	utg269	100.0		True
indel: indel (<= 5bp)
586998	588605	7206	5599	NC_057373.1	utg269	99.94		True
indel: indel (<= 5bp)
586332	586997	7873	7208	NC_057373.1	utg269	99.85		True
indel: indel (<= 5bp)
581737	586331	12471	7877	NC_057373.1	utg269	99.76		True
local misassembly
574395	581628	19814	12580	NC_057373.1	utg269	99.75		True
translocation
441941	445727	23806	20018	NC_057372.1	utg269	95.83		True
translocation
643082	644661	25646	24066	NC_057385.1	utg269	95.51		True
translocation
934824	936139	31432	30117	NC_057382.1	utg269	95.06		True
indel: indel (<= 5bp)
934458	934823	31799	31434	NC_057382.1	utg269	96.17		True
translocation
573341	574399	33384	32326	NC_057373.1	utg269	99.24		True
local misassembly
572026	573346	34877	33557	NC_057373.1	utg269	98.64		True
translocation
1589221	1589425	35086	34882	NC_057375.1	utg269	96.59		True
indel: indel (<= 5bp)
1589118	1589219	35188	35087	NC_057375.1	utg269	97.06		True
translocation
119225	119295	38184	38114	NC_057378.1	utg269	98.59		True
local misassembly
116941	119042	40467	38366	NC_057378.1	utg269	96.86		True
local misassembly
112949	113019	44463	44393	NC_057378.1	utg269	98.59		True
translocation
2242430	2242823	46916	47309	NC_057376.1	utg269	96.95		True
translocation
3161193	3161498	47860	47554	NC_057372.1	utg269	97.39		True
translocation
571172	572030	48719	47861	NC_057373.1	utg269	98.25		True
translocation
1856866	1857261	48757	49154	NC_057380.1	utg269	95.23		True
translocation
934333	935114	55878	55098	NC_057384.1	utg269	97.44		True
translocation
570596	571176	56566	55986	NC_057373.1	utg269	97.93		True
translocation
1762124	1762320	56784	56588	NC_057377.1	utg269	95.94		True
local misassembly
1759768	1760088	59148	58828	NC_057377.1	utg269	95.64		True
translocation
2213873	2214043	59464	59294	NC_057382.1	utg269	95.32		True
local misassembly
2208186	2208349	65143	64980	NC_057382.1	utg269	95.12		True
translocation
436611	439671	68906	65858	NC_057372.1	utg269	95.4		True
translocation
566322	570600	73329	69051	NC_057373.1	utg269	98.72		True
translocation
1455415	1457839	75754	73330	NC_057384.1	utg269	99.55		True
relocation, inconsistency = 6022
1445395	1449392	79762	75755	NC_057384.1	utg269	99.33		True
translocation
535396	566326	110706	79763	NC_057373.1	utg269	99.45		True
local misassembly
534145	534396	110958	110707	NC_057373.1	utg269	95.28		True
relocation, inconsistency = 11414
522083	522480	111608	111209	NC_057373.1	utg269	95.5		True
local misassembly
491331	521517	141798	111610	NC_057373.1	utg269	98.31		True
local misassembly
490471	491331	142792	141932	NC_057373.1	utg269	98.14		True
local misassembly
489556	490473	143921	143004	NC_057373.1	utg269	96.0		True
relocation, inconsistency = 5572
468341	483983	159567	143922	NC_057373.1	utg269	99.66		True
translocation
1143884	1143994	160475	160365	NC_057375.1	utg269	96.4		True
indel: indel (<= 5bp)
1143784	1143883	160576	160477	NC_057375.1	utg269	99.0		True
local misassembly
1140846	1141778	163515	162583	NC_057375.1	utg269	95.07		True
translocation
1221166	1221472	166943	167249	NC_057378.1	utg269	97.39		True
translocation
1793781	1796855	170648	167569	NC_057379.1	utg269	98.77		True
translocation
1702273	1703798	173611	172086	NC_057378.1	utg269	98.75		True
translocation
463964	465902	175551	173612	NC_057373.1	utg269	99.48		True
translocation
1339659	1345928	181729	175552	NC_057381.1	utg269	97.61		True
translocation
462533	463968	183165	181730	NC_057373.1	utg269	99.44		True
translocation
196837	201715	183166	188043	NC_057376.1	utg269	96.66		True
translocation
1730559	1731217	188621	189279	NC_057383.1	utg269	97.13		True
translocation
459930	462539	191889	189280	NC_057373.1	utg269	99.08		True
translocation
163529	165052	194653	193130	NC_057377.1	utg269	98.82		True
translocation
452365	452651	194940	194654	NC_057373.1	utg269	98.95		True
translocation
1599862	1600157	203910	204205	NC_057378.1	utg269	95.27		True
local misassembly
1605551	1605818	209599	209866	NC_057378.1	utg269	95.9		True
translocation
2216591	2219187	209899	212494	NC_057371.1	utg269	95.69		True
local misassembly
2222279	2222584	215586	215891	NC_057371.1	utg269	96.75		True
translocation
2102706	2110191	215892	223378	NC_057378.1	utg269	99.44		True
translocation
449139	450710	224963	223379	NC_057373.1	utg269	98.11		True
translocation
106950	107915	226222	225257	NC_057384.1	utg269	99.52		True
translocation
434384	449135	240972	226223	NC_057373.1	utg269	98.82		True
CONTIG	utg269	240982	misassembled
3291767	3311668	191	20083	NC_057373.1	utg274	97.27		True
local misassembly
3312117	3312289	20523	20695	NC_057373.1	utg274	97.11		True
relocation, inconsistency = -5042
3311958	3326031	25406	39493	NC_057373.1	utg274	99.11		True
translocation
540937	541201	39758	39494	NC_057383.1	utg274	97.03		True
translocation
1471998	1481306	40084	49392	NC_057384.1	utg274	98.39		True
translocation
900746	904644	53716	49801	NC_057380.1	utg274	95.17		True
local misassembly
898784	898977	55681	55488	NC_057380.1	utg274	95.88		True
indel: stretch of mismatches
898666	898774	55799	55691	NC_057380.1	utg274	97.25		True
translocation
2838889	2840140	56199	57450	NC_057371.1	utg274	96.73		True
translocation
1749824	1755454	57688	63316	NC_057374.1	utg274	95.35		True
translocation
2115164	2115803	63877	64516	NC_057378.1	utg274	95.4		True
relocation, inconsistency = -1921084
194720	198743	64517	68540	NC_057378.1	utg274	96.05		True
translocation
1060950	1065268	68541	72860	NC_057382.1	utg274	98.59		True
translocation
1573422	1573740	74203	73885	NC_057378.1	utg274	97.52		True
translocation
3326029	3331779	74204	79954	NC_057373.1	utg274	99.84		True
relocation, inconsistency = 2432
3334684	3481203	80427	226974	NC_057373.1	utg274	99.74		True
CONTIG	utg274	227028	misassembled
90	54725	295	54940	NC_057372.1	utg275	99.92		True
relocation, inconsistency = -3415
52938	53030	56660	56568	NC_057372.1	utg275	98.92		True
local misassembly
51348	51466	58221	58103	NC_057372.1	utg275	99.16		True
indel: indel (<= 5bp)
51250	51346	58318	58222	NC_057372.1	utg275	100.0		True
local misassembly
50835	50946	58738	58627	NC_057372.1	utg275	100.0		True
local misassembly
50561	50637	59024	58948	NC_057372.1	utg275	100.0		True
local misassembly
50364	50451	59224	59137	NC_057372.1	utg275	98.86		True
local misassembly
50128	50223	59460	59365	NC_057372.1	utg275	100.0		True
local misassembly
49887	49992	59703	59598	NC_057372.1	utg275	99.06		True
indel: stretch of mismatches
49785	49869	59805	59721	NC_057372.1	utg275	100.0		True
local misassembly
49536	49605	60056	59987	NC_057372.1	utg275	100.0		True
indel: indel (<= 5bp)
49408	49511	60182	60079	NC_057372.1	utg275	100.0		True
local misassembly
49157	49237	60435	60355	NC_057372.1	utg275	98.77		True
local misassembly
48878	48979	60715	60614	NC_057372.1	utg275	100.0		True
indel: indel (<= 5bp)
48799	48876	60793	60716	NC_057372.1	utg275	100.0		True
indel: indel (<= 5bp)
48690	48798	60903	60795	NC_057372.1	utg275	100.0		True
indel: indel (<= 5bp)
48603	48675	60987	60915	NC_057372.1	utg275	100.0		True
local misassembly
48187	48261	61432	61358	NC_057372.1	utg275	100.0		True
indel: indel (<= 5bp)
48044	48129	61572	61487	NC_057372.1	utg275	98.84		True
indel: stretch of mismatches
47919	48035	61697	61581	NC_057372.1	utg275	100.0		True
local misassembly
47730	47801	61896	61825	NC_057372.1	utg275	100.0		True
local misassembly
47145	47262	62481	62364	NC_057372.1	utg275	100.0		True
local misassembly
46869	46939	62757	62687	NC_057372.1	utg275	98.59		True
local misassembly
46493	46570	63142	63065	NC_057372.1	utg275	98.72		True
local misassembly
46274	46370	63356	63260	NC_057372.1	utg275	97.94		True
local misassembly
45776	45998	63859	63637	NC_057372.1	utg275	98.21		True
indel: indel (<= 5bp)
45657	45763	63982	63876	NC_057372.1	utg275	100.0		True
local misassembly
45349	45414	64290	64225	NC_057372.1	utg275	98.48		True
indel: indel (<= 5bp)
45225	45348	64415	64292	NC_057372.1	utg275	100.0		True
indel: indel (<= 5bp)
45143	45224	64499	64418	NC_057372.1	utg275	100.0		True
indel: indel (> 5bp)
45008	45079	64641	64570	NC_057372.1	utg275	98.61		True
local misassembly
44512	44584	65184	65112	NC_057372.1	utg275	100.0		True
indel: stretch of mismatches
44414	44487	65282	65209	NC_057372.1	utg275	95.95		True
local misassembly
43909	43977	65795	65727	NC_057372.1	utg275	100.0		True
local misassembly
42787	42865	66937	66859	NC_057372.1	utg275	100.0		True
local misassembly
42602	42666	67122	67058	NC_057372.1	utg275	100.0		True
local misassembly
42092	42172	67639	67559	NC_057372.1	utg275	96.3		True
indel: indel (<= 5bp)
41935	42005	67793	67723	NC_057372.1	utg275	97.18		True
indel: indel (<= 5bp)
41810	41933	67917	67794	NC_057372.1	utg275	99.19		True
indel: stretch of mismatches
41731	41796	67996	67931	NC_057372.1	utg275	100.0		True
local misassembly
41552	41628	68180	68104	NC_057372.1	utg275	100.0		True
local misassembly
41030	41098	68725	68657	NC_057372.1	utg275	100.0		True
CONTIG	utg275	70067	misassembled
16487	19696	85	3294	NC_057378.1	utg280	99.22		True
translocation
1245941	1249502	7062	3499	NC_057384.1	utg280	96.24		True
translocation
1258310	1259379	8975	7906	NC_057378.1	utg280	97.29		True
relocation, inconsistency = 1235834
19692	21898	9553	11758	NC_057378.1	utg280	98.01		True
translocation
2065071	2065612	12780	12239	NC_057383.1	utg280	98.01		True
translocation
2847774	2861582	26600	12781	NC_057371.1	utg280	99.03		True
translocation
185340	191733	33000	26601	NC_057376.1	utg280	97.33		True
translocation
2846044	2847779	34736	33001	NC_057371.1	utg280	99.88		True
translocation
283637	283756	35222	35103	NC_057381.1	utg280	95.83		True
indel: stretch of mismatches
282333	283587	36526	35272	NC_057381.1	utg280	96.1		True
translocation
1429067	1430516	38784	37324	NC_057378.1	utg280	95.96		True
relocation, inconsistency = 1216579
211284	212333	38939	39988	NC_057378.1	utg280	96.29		True
indel: indel (<= 5bp)
212334	212728	39990	40384	NC_057378.1	utg280	97.72		True
translocation
2844795	2846048	42189	40936	NC_057371.1	utg280	98.18		True
relocation, inconsistency = 6430
2762943	2838364	117626	42190	NC_057371.1	utg280	99.67		True
translocation
2075584	2077799	117627	119842	NC_057378.1	utg280	96.8		True
local misassembly
2077795	2078655	120404	121264	NC_057378.1	utg280	95.7		True
translocation
71008	71114	121597	121703	NC_057373.1	utg280	95.33		True
local misassembly
71644	71712	122243	122311	NC_057373.1	utg280	98.55		True
local misassembly
72283	72414	122892	123023	NC_057373.1	utg280	96.97		True
indel: indel (<= 5bp)
72479	72560	123091	123172	NC_057373.1	utg280	97.56		True
local misassembly
72817	73110	123432	123725	NC_057373.1	utg280	96.94		True
local misassembly
73266	73410	123883	124027	NC_057373.1	utg280	95.86		True
translocation
348834	349575	126308	127049	NC_057371.1	utg280	95.82		True
translocation
2078651	2081085	127673	130107	NC_057378.1	utg280	95.2		True
translocation
2755883	2762951	137172	130108	NC_057371.1	utg280	99.08		True
translocation
2020736	2022843	137173	139280	NC_057374.1	utg280	98.24		True
translocation
3359686	3360856	141331	140161	NC_057372.1	utg280	95.9		True
translocation
521185	521468	145298	145015	NC_057382.1	utg280	95.42		True
translocation
2022839	2023774	145531	146466	NC_057374.1	utg280	98.93		True
translocation
1883668	1884126	147407	146949	NC_057376.1	utg280	95.86		True
local misassembly
1880939	1882224	150131	148846	NC_057376.1	utg280	96.5		True
translocation
2023769	2025750	152743	154724	NC_057374.1	utg280	98.19		True
relocation, inconsistency = 11974
2037725	2040576	154725	157576	NC_057374.1	utg280	99.44		True
translocation
2691497	2755885	221979	157577	NC_057371.1	utg280	98.37		True
relocation, inconsistency = 22425
2650947	2668727	240160	222324	NC_057371.1	utg280	96.33		True
CONTIG	utg280	240756	misassembled
3245718	3358403	4	112696	NC_057370.1	utg297	99.94		True
CONTIG	utg297	112712	correct
426201	447166	21001	8	NC_057380.1	utg300	99.46		True
translocation
137945	144526	27583	21002	NC_057372.1	utg300	99.79		True
translocation
425200	426205	28589	27584	NC_057380.1	utg300	99.7		True
relocation, inconsistency = 20254
404329	404513	29206	29022	NC_057380.1	utg300	97.3		True
indel: indel (> 5bp)
403077	404315	30445	29207	NC_057380.1	utg300	95.24		True
local misassembly
397365	398339	35997	35021	NC_057380.1	utg300	99.08		True
translocation
235724	239157	36206	39639	NC_057370.1	utg300	98.11		True
translocation
2243369	2243595	42265	42039	NC_057371.1	utg300	96.04		True
indel: indel (<= 5bp)
2242909	2243368	42726	42267	NC_057371.1	utg300	98.7		True
translocation
391284	397369	48812	42727	NC_057380.1	utg300	99.26		True
translocation
1557968	1560250	48813	51095	NC_057376.1	utg300	97.07		True
relocation, inconsistency = 1531
1565764	1566115	55078	55429	NC_057376.1	utg300	95.45		True
translocation
886171	887404	56713	55481	NC_057375.1	utg300	99.84		True
translocation
388647	391289	59415	56769	NC_057380.1	utg300	99.24		True
local misassembly
303962	388651	144823	59977	NC_057380.1	utg300	99.71		True
CONTIG	utg300	144823	misassembled
1538224	1781829	394	244290	NC_057380.1	utg306	99.65		True
translocation
156914	308980	396582	244291	NC_057382.1	utg306	99.44		True
relocation, inconsistency = 1623
154438	155257	397435	396616	NC_057382.1	utg306	96.71		True
indel: indel (> 5bp)
153803	154437	398112	397478	NC_057382.1	utg306	95.12		True
indel: indel (<= 5bp)
153564	153802	398352	398114	NC_057382.1	utg306	95.82		True
indel: indel (<= 5bp)
153217	153546	398694	398365	NC_057382.1	utg306	96.36		True
local misassembly
152076	153057	399841	398860	NC_057382.1	utg306	95.32		True
indel: indel (<= 5bp)
151536	152075	400382	399843	NC_057382.1	utg306	96.67		True
indel: indel (<= 5bp)
151338	151535	400581	400384	NC_057382.1	utg306	96.97		True
indel: indel (<= 5bp)
151255	151336	400663	400582	NC_057382.1	utg306	98.78		True
indel: indel (<= 5bp)
151021	151249	400892	400664	NC_057382.1	utg306	99.13		True
indel: indel (<= 5bp)
150904	151019	401008	400893	NC_057382.1	utg306	99.14		True
indel: indel (<= 5bp)
150786	150903	401127	401010	NC_057382.1	utg306	95.76		True
local misassembly
1	150540	551694	401130	NC_057382.1	utg306	99.96		True
CONTIG	utg306	551742	misassembled
2471004	2485329	14295	50	NC_057371.1	utg309	96.5		True
translocation
1835379	1836612	25064	23831	NC_057375.1	utg309	99.43		True
translocation
46290	46447	28131	28288	NC_057372.1	utg309	97.47		True
indel: indel (<= 5bp)
46448	46540	28290	28382	NC_057372.1	utg309	98.92		True
indel: indel (<= 5bp)
46541	46698	28384	28541	NC_057372.1	utg309	95.57		True
translocation
2031498	2032130	30885	31518	NC_057380.1	utg309	97.95		True
translocation
131801	131883	31963	32045	NC_057381.1	utg309	98.8		True
indel: indel (> 5bp)
131884	132053	32062	32231	NC_057381.1	utg309	96.47		True
indel: indel (> 5bp)
132071	132178	32232	32339	NC_057381.1	utg309	96.3		True
translocation
198799	198923	32929	33053	NC_057378.1	utg309	95.2		True
local misassembly
199223	199911	33344	34032	NC_057378.1	utg309	96.81		True
translocation
278313	278707	46609	47002	NC_057375.1	utg309	96.2		True
translocation
974950	976246	49293	47988	NC_057371.1	utg309	96.86		True
translocation
219198	222812	53734	57350	NC_057379.1	utg309	97.43		True
translocation
2025859	2025944	57640	57725	NC_057371.1	utg309	95.35		True
indel: indel (<= 5bp)
2025947	2027334	57726	59113	NC_057371.1	utg309	95.46		True
translocation
2102594	2110192	62483	70006	NC_057378.1	utg309	98.21		True
translocation
2208186	2209054	70882	70014	NC_057382.1	utg309	95.74		True
translocation
222808	225588	71130	73920	NC_057379.1	utg309	95.96		True
translocation
1103796	1104138	75518	75176	NC_057380.1	utg309	95.92		True
translocation
1380609	1381202	83293	82695	NC_057383.1	utg309	96.16		True
translocation
2319002	2470428	239150	87650	NC_057371.1	utg309	99.55		True
CONTIG	utg309	239157	misassembled
37398	105959	68642	1	NC_057378.1	utg310	99.7		True
local misassembly
29592	37400	76753	68985	NC_057378.1	utg310	97.63		True
CONTIG	utg310	76800	correct
1683629	1702274	429	19070	NC_057378.1	utg323	98.96		True
translocation
2002510	2003335	19572	20408	NC_057374.1	utg323	97.5		True
local misassembly
2003535	2004021	20409	20895	NC_057374.1	utg323	98.17		True
indel: indel (<= 5bp)
2004022	2004109	20897	20984	NC_057374.1	utg323	97.73		True
indel: indel (> 5bp)
2004110	2004304	21034	21228	NC_057374.1	utg323	98.46		True
indel: indel (<= 5bp)
2004316	2004543	21242	21469	NC_057374.1	utg323	96.49		True
relocation, inconsistency = 4894
2009458	2010842	21490	22875	NC_057374.1	utg323	97.33		True
relocation, inconsistency = 6733
2017576	2018746	22876	24046	NC_057374.1	utg323	97.36		True
translocation
1247843	1249461	25921	24303	NC_057384.1	utg323	95.8		True
translocation
2018742	2020136	26238	27632	NC_057374.1	utg323	96.06		True
relocation, inconsistency = -6278
2020134	2020669	33908	34444	NC_057374.1	utg323	96.46		True
translocation
1344538	1344880	40395	40737	NC_057378.1	utg323	96.21		True
translocation
1632090	1633612	42707	44225	NC_057372.1	utg323	97.18		True
translocation
297289	297730	45727	46169	NC_057370.1	utg323	95.72		True
translocation
1658192	1658278	47098	47184	NC_057372.1	utg323	100.0		True
indel: indel (<= 5bp)
1658280	1658895	47185	47800	NC_057372.1	utg323	96.43		True
local misassembly
1660121	1664151	49028	53058	NC_057372.1	utg323	95.16		True
translocation
1704785	1704973	56003	56191	NC_057378.1	utg323	95.77		True
local misassembly
1705426	1705600	56192	56365	NC_057378.1	utg323	95.03		True
local misassembly
1706175	1706334	56366	56525	NC_057378.1	utg323	95.81		True
relocation, inconsistency = 15790
1722156	1725059	56557	59460	NC_057378.1	utg323	99.24		True
local misassembly
1725219	1726745	59461	60983	NC_057378.1	utg323	99.28		True
local misassembly
1727016	1736740	60984	70710	NC_057378.1	utg323	98.71		True
local misassembly
1737334	1737419	70799	70884	NC_057378.1	utg323	100.0		True
local misassembly
1737855	1743687	70999	76858	NC_057378.1	utg323	97.29		True
local misassembly
1743682	1750366	77308	83985	NC_057378.1	utg323	98.39		True
local misassembly
1750604	1782831	84008	115845	NC_057378.1	utg323	96.55		True
relocation, inconsistency = 144496
1928374	1932106	116892	120624	NC_057378.1	utg323	95.93		True
indel: indel (<= 5bp)
1932109	1934224	120625	122740	NC_057378.1	utg323	99.01		True
indel: indel (<= 5bp)
1934247	1934737	122758	123248	NC_057378.1	utg323	97.76		True
indel: indel (<= 5bp)
1934738	1934895	123250	123407	NC_057378.1	utg323	96.2		True
indel: indel (<= 5bp)
1934897	1936110	123408	124621	NC_057378.1	utg323	95.47		True
indel: indel (<= 5bp)
1936111	1936304	124623	124816	NC_057378.1	utg323	96.39		True
CONTIG	utg323	127399	misassembled
302739	331691	28919	2	NC_057381.1	utg331	99.33		True
translocation
632951	634523	30732	29160	NC_057374.1	utg331	99.62		True
translocation
287971	288702	31920	31190	NC_057381.1	utg331	98.91		True
relocation, inconsistency = 1572
286003	286398	32317	31921	NC_057381.1	utg331	98.02		True
local misassembly
284584	285436	33170	32318	NC_057381.1	utg331	97.42		True
relocation, inconsistency = 6640
277529	277820	33585	33294	NC_057381.1	utg331	98.29		True
relocation, inconsistency = -1137
276946	277533	35305	34718	NC_057381.1	utg331	98.47		True
local misassembly
275968	276493	35831	35306	NC_057381.1	utg331	97.74		True
relocation, inconsistency = 1031
274540	274874	36228	35894	NC_057381.1	utg331	99.1		True
translocation
83265	84572	36229	37533	NC_057370.1	utg331	95.57		True
translocation
3228218	3228859	39444	40085	NC_057372.1	utg331	95.48		True
translocation
269976	270657	43236	42554	NC_057381.1	utg331	97.95		True
local misassembly
268866	269648	45222	44441	NC_057381.1	utg331	95.91		True
local misassembly
252739	268870	61708	45538	NC_057381.1	utg331	98.84		True
translocation
205586	205924	62336	62674	NC_057377.1	utg331	95.28		True
translocation
251702	252744	69179	68137	NC_057381.1	utg331	96.93		True
translocation
629554	629991	70135	70570	NC_057374.1	utg331	95.9		True
translocation
425235	427562	80827	78500	NC_057372.1	utg331	97.55		True
local misassembly
421046	421281	85020	84785	NC_057372.1	utg331	96.61		True
translocation
250841	251329	86580	86092	NC_057381.1	utg331	98.16		True
translocation
1836910	1837243	86917	86581	NC_057375.1	utg331	96.31		True
translocation
229051	232055	89434	92439	NC_057373.1	utg331	95.91		True
translocation
31411	32985	92443	94017	NC_057381.1	utg331	98.16		True
translocation
241593	241887	94128	94422	NC_057373.1	utg331	95.25		True
local misassembly
242468	242711	94423	94666	NC_057373.1	utg331	95.98		True
translocation
1189192	1191944	97380	94667	NC_057378.1	utg331	97.06		True
local misassembly
1188792	1189196	98356	97952	NC_057378.1	utg331	98.77		True
translocation
200569	202051	100012	98530	NC_057381.1	utg331	98.25		True
indel: indel (> 5bp)
200098	200491	100406	100013	NC_057381.1	utg331	96.45		True
local misassembly
198815	200185	102030	100659	NC_057381.1	utg331	97.81		True
translocation
780865	782048	103339	102156	NC_057382.1	utg331	95.35		True
indel: stretch of mismatches
780559	780840	103645	103364	NC_057382.1	utg331	95.39		True
translocation
713877	714331	104532	104078	NC_057370.1	utg331	95.16		True
translocation
125156	130059	109434	104533	NC_057372.1	utg331	95.33		True
translocation
2117806	2118501	109435	110130	NC_057376.1	utg331	98.57		True
translocation
310480	310598	113140	113258	NC_057370.1	utg331	95.8		True
local misassembly
311222	312046	113867	114691	NC_057370.1	utg331	95.76		True
translocation
3185129	3185579	117340	117789	NC_057372.1	utg331	97.34		True
translocation
83828	84201	125054	124681	NC_057370.1	utg331	96.52		True
translocation
11783	12069	126691	126977	NC_057384.1	utg331	95.47		True
indel: indel (> 5bp)
12070	12155	126984	127069	NC_057384.1	utg331	96.51		True
indel: indel (> 5bp)
12212	12401	127108	127297	NC_057384.1	utg331	95.79		True
translocation
100412	100655	129373	129130	NC_057385.1	utg331	97.54		True
indel: indel (<= 5bp)
100131	100411	129655	129375	NC_057385.1	utg331	96.09		True
local misassembly
99343	100080	130579	129842	NC_057385.1	utg331	96.21		True
local misassembly
99131	99257	130792	130666	NC_057385.1	utg331	98.51		True
translocation
80963	81817	131648	130793	NC_057378.1	utg331	98.02		True
translocation
3314553	3317054	131649	134154	NC_057370.1	utg331	95.61		True
translocation
67949	72944	139107	134155	NC_057372.1	utg331	95.24		True
translocation
2264408	2264490	139899	139817	NC_057378.1	utg331	95.18		True
local misassembly
2262907	2264193	141438	140152	NC_057378.1	utg331	95.34		True
relocation, inconsistency = 803624
1452711	1453291	147430	148010	NC_057378.1	utg331	95.35		True
translocation
1445395	1446605	149661	148458	NC_057384.1	utg331	96.54		True
translocation
274152	274780	151437	152058	NC_057372.1	utg331	96.98		True
translocation
1442605	1442968	152421	152059	NC_057384.1	utg331	95.9		True
translocation
1397080	1397619	153568	154106	NC_057381.1	utg331	96.3		True
translocation
408951	410474	164873	166397	NC_057370.1	utg331	97.7		True
translocation
574328	575442	166405	167518	NC_057373.1	utg331	97.76		True
translocation
160688	167416	174249	167519	NC_057371.1	utg331	97.85		True
translocation
575440	575728	174250	174537	NC_057373.1	utg331	97.65		True
translocation
65645	66208	175101	174538	NC_057377.1	utg331	95.74		True
indel: indel (> 5bp)
65118	65561	175545	175102	NC_057377.1	utg331	95.05		True
translocation
2146894	2148080	175546	176737	NC_057375.1	utg331	95.97		True
translocation
48037	48411	177112	176738	NC_057378.1	utg331	96.8		True
translocation
1432261	1438644	177113	183495	NC_057384.1	utg331	95.66		True
translocation
3564685	3567190	183496	186003	NC_057385.1	utg331	98.17		True
translocation
52628	54149	186004	187524	NC_057377.1	utg331	96.07		True
translocation
7675	8028	188734	188381	NC_057375.1	utg331	98.31		True
translocation
3730082	3730447	188852	189217	NC_057373.1	utg331	95.08		True
translocation
191640	192753	190339	189226	NC_057385.1	utg331	98.2		True
relocation, inconsistency = 18283
172974	173351	190721	190345	NC_057385.1	utg331	96.95		True
relocation, inconsistency = -5695
172794	178668	196596	190722	NC_057385.1	utg331	97.79		True
relocation, inconsistency = -18850
191209	191632	197031	196608	NC_057385.1	utg331	97.17		True
local misassembly
190845	191205	197645	197285	NC_057385.1	utg331	97.52		True
translocation
1307949	1308537	197646	198234	NC_057382.1	utg331	97.47		True
translocation
186913	190104	201427	198235	NC_057385.1	utg331	98.21		True
translocation
163526	165051	207113	208639	NC_057377.1	utg331	98.1		True
translocation
794555	795361	209206	210011	NC_057382.1	utg331	96.53		True
translocation
3310545	3314338	213806	210014	NC_057370.1	utg331	99.0		True
CONTIG	utg331	213897	misassembled
2136393	2157463	1	21041	NC_057376.1	utg337	99.15		True
translocation
3334863	3335660	21042	21839	NC_057370.1	utg337	96.96		True
translocation
2160412	2179401	22697	41705	NC_057376.1	utg337	98.96		True
translocation
2858841	2858918	41708	41785	NC_057371.1	utg337	96.15		True
indel: indel (<= 5bp)
2858919	2859254	41787	42122	NC_057371.1	utg337	97.62		True
local misassembly
2859255	2860454	42366	43565	NC_057371.1	utg337	98.5		True
translocation
90928	94294	48741	45379	NC_057385.1	utg337	95.59		True
local misassembly
87226	91119	52795	48868	NC_057385.1	utg337	95.66		True
local misassembly
72056	87365	68111	52796	NC_057385.1	utg337	97.31		True
CONTIG	utg337	68192	misassembled
129548	146342	16958	142	NC_057384.1	utg349	99.44		True
local misassembly
126808	128982	19133	16959	NC_057384.1	utg349	99.08		True
local misassembly
126257	126365	19242	19134	NC_057384.1	utg349	100.0		True
local misassembly
123883	125690	21050	19243	NC_057384.1	utg349	98.23		True
local misassembly
120816	123887	24558	21486	NC_057384.1	utg349	98.31		True
relocation, inconsistency = 1276
117194	119539	26921	24559	NC_057384.1	utg349	97.28		True
translocation
3653943	3660447	33428	26922	NC_057373.1	utg349	98.19		True
translocation
109242	116538	33624	40914	NC_057384.1	utg349	98.1		True
translocation
173847	174384	40915	41452	NC_057377.1	utg349	98.88		True
translocation
3652933	3660445	41664	49175	NC_057373.1	utg349	98.02		True
translocation
1964459	1964997	50577	50039	NC_057378.1	utg349	96.32		True
translocation
2700345	2701578	52957	51724	NC_057372.1	utg349	99.43		True
translocation
1339658	1345928	55452	61718	NC_057381.1	utg349	98.37		True
translocation
106397	106679	62336	62054	NC_057384.1	utg349	98.94		True
relocation, inconsistency = -502069
607905	608385	62897	62417	NC_057384.1	utg349	95.24		True
relocation, inconsistency = 508235
91602	99531	70965	63036	NC_057384.1	utg349	99.16		True
translocation
3500007	3500542	70966	71501	NC_057372.1	utg349	99.07		True
relocation, inconsistency = 3466427
25569	33474	79554	71607	NC_057372.1	utg349	98.65		True
relocation, inconsistency = -13959
28909	29540	88948	89579	NC_057372.1	utg349	97.31		True
relocation, inconsistency = 3473205
3502915	3503560	90394	89749	NC_057372.1	utg349	96.28		True
translocation
2411230	2412971	94607	96348	NC_057375.1	utg349	99.48		True
relocation, inconsistency = 2392513
13510	14324	101555	100741	NC_057375.1	utg349	98.77		True
local misassembly
13155	13509	102574	102220	NC_057375.1	utg349	96.34		True
indel: indel (> 5bp)
12895	13154	102917	102658	NC_057375.1	utg349	100.0		True
indel: indel (<= 5bp)
12752	12894	103061	102919	NC_057375.1	utg349	100.0		True
indel: indel (> 5bp)
10858	12745	104949	103062	NC_057375.1	utg349	99.89		True
indel: indel (<= 5bp)
10594	10857	105214	104951	NC_057375.1	utg349	100.0		True
indel: indel (<= 5bp)
8512	10593	107297	105216	NC_057375.1	utg349	99.9		True
indel: indel (<= 5bp)
6902	8511	108908	107299	NC_057375.1	utg349	99.38		True
indel: indel (<= 5bp)
6734	6901	109077	108910	NC_057375.1	utg349	100.0		True
translocation
21656	39084	126638	109198	NC_057378.1	utg349	99.83		True
translocation
1	97515	224012	126639	NC_057385.1	utg349	99.32		True
CONTIG	utg349	224065	misassembled
55666	55886	6435	6215	NC_057374.1	utg353	99.55		True
indel: stretch of mismatches
55590	55658	6511	6443	NC_057374.1	utg353	100.0		True
indel: indel (<= 5bp)
55510	55588	6590	6512	NC_057374.1	utg353	100.0		True
indel: indel (<= 5bp)
55362	55509	6740	6593	NC_057374.1	utg353	97.97		True
indel: indel (<= 5bp)
53310	55361	8795	6744	NC_057374.1	utg353	99.32		True
indel: indel (<= 5bp)
50636	53240	11474	8870	NC_057374.1	utg353	99.08		True
indel: indel (<= 5bp)
50480	50635	11631	11476	NC_057374.1	utg353	98.72		True
indel: indel (<= 5bp)
44145	50478	17965	11632	NC_057374.1	utg353	98.72		True
translocation
665744	667001	17966	19223	NC_057377.1	utg353	98.74		True
translocation
42300	44149	21073	19224	NC_057374.1	utg353	98.11		True
relocation, inconsistency = 1961596
2006437	2007670	21765	22999	NC_057374.1	utg353	99.43		True
translocation
467643	468147	27777	28280	NC_057373.1	utg353	96.06		True
translocation
42431	43659	29508	28281	NC_057380.1	utg353	97.97		True
translocation
81905	84421	30878	33395	NC_057376.1	utg353	96.71		True
relocation, inconsistency = 6406
90828	94556	33396	37123	NC_057376.1	utg353	96.41		True
translocation
866843	868367	48383	46858	NC_057375.1	utg353	97.58		True
translocation
1537106	1537553	50598	51045	NC_057372.1	utg353	95.54		True
translocation
1325577	1325899	54979	54657	NC_057381.1	utg353	96.9		True
relocation, inconsistency = -5680
1325507	1328739	60735	57497	NC_057381.1	utg353	96.58		True
translocation
699880	700197	61656	61339	NC_057370.1	utg353	95.91		True
relocation, inconsistency = 3108
696508	696771	61920	61657	NC_057370.1	utg353	95.91		True
translocation
1621718	1623885	67933	65765	NC_057384.1	utg353	98.57		True
translocation
319709	320022	69841	69528	NC_057373.1	utg353	98.09		True
translocation
26505	37069	81025	70464	NC_057374.1	utg353	98.85		True
relocation, inconsistency = -2018
12955	26507	96594	83041	NC_057374.1	utg353	99.56		True
translocation
863915	864257	98200	97858	NC_057375.1	utg353	97.08		True
translocation
947014	947735	99326	98599	NC_057383.1	utg353	95.6		True
translocation
58346	59188	100221	99379	NC_057377.1	utg353	97.39		True
local misassembly
42901	58101	115920	100715	NC_057377.1	utg353	99.44		True
CONTIG	utg353	115927	misassembled
2006520	2081837	75355	14	NC_057383.1	utg359	99.78		True
CONTIG	utg359	75419	correct
162828	240246	1	77440	NC_057374.1	utg377	99.92		True
CONTIG	utg377	77637	correct
2648673	2712633	64413	16	NC_057371.1	utg386	97.51		True
CONTIG	utg386	64599	correct
52245	56908	62	4725	NC_057378.1	utg408	98.93		True
translocation
1956787	1959089	7004	4726	NC_057379.1	utg408	96.44		True
translocation
47973	49581	7005	8610	NC_057384.1	utg408	96.57		True
translocation
41849	42194	8611	8956	NC_057382.1	utg408	95.11		True
indel: indel (<= 5bp)
42195	42418	8958	9181	NC_057382.1	utg408	96.88		True
local misassembly
43164	44685	9872	11390	NC_057382.1	utg408	95.64		True
translocation
1874781	1876302	13247	14769	NC_057378.1	utg408	97.05		True
translocation
3223	4762	15086	16625	NC_057375.1	utg408	99.55		True
indel: indel (> 5bp)
4763	5069	16666	16972	NC_057375.1	utg408	99.35		True
indel: indel (<= 5bp)
5070	5285	16974	17189	NC_057375.1	utg408	98.61		True
indel: indel (<= 5bp)
5286	6901	17191	18806	NC_057375.1	utg408	99.5		True
indel: indel (<= 5bp)
6902	9858	18808	21764	NC_057375.1	utg408	99.66		True
indel: indel (<= 5bp)
9859	10593	21766	22500	NC_057375.1	utg408	99.86		True
indel: indel (<= 5bp)
10594	10857	22502	22765	NC_057375.1	utg408	100.0		True
indel: indel (<= 5bp)
10858	12894	22767	24803	NC_057375.1	utg408	99.95		True
indel: indel (<= 5bp)
12895	13314	24805	25224	NC_057375.1	utg408	100.0		True
local misassembly
13375	13586	25617	25828	NC_057375.1	utg408	98.11		True
indel: indel (> 5bp)
13587	13762	25912	26087	NC_057375.1	utg408	99.43		True
local misassembly
13763	14324	26254	26815	NC_057375.1	utg408	99.47		True
translocation
3505984	3509415	30364	26931	NC_057372.1	utg408	98.37		True
local misassembly
3505563	3505823	30625	30365	NC_057372.1	utg408	96.52		True
translocation
1974629	1978845	34818	30626	NC_057374.1	utg408	98.2		True
translocation
171161	172246	39706	40789	NC_057385.1	utg408	95.77		True
translocation
1571973	1585607	54447	40790	NC_057372.1	utg408	97.8		True
translocation
2158751	2159872	59440	60561	NC_057376.1	utg408	95.9		True
translocation
572093	572562	61190	60720	NC_057374.1	utg408	95.56		True
translocation
1565656	1571495	64531	70370	NC_057372.1	utg408	95.16		True
translocation
3710022	3724200	84551	70371	NC_057373.1	utg408	98.4		True
relocation, inconsistency = 12009
3696514	3698012	86050	84552	NC_057373.1	utg408	99.03		True
relocation, inconsistency = 9397
3684023	3687116	89144	86051	NC_057373.1	utg408	98.97		True
relocation, inconsistency = 5674
3631076	3678175	136417	89318	NC_057373.1	utg408	99.66		True
CONTIG	utg408	136427	misassembled
1979875	1993108	13402	106	NC_057379.1	utg412	98.08		True
translocation
2877966	2878728	13403	14166	NC_057371.1	utg412	97.85		True
translocation
1966332	1971910	19762	14183	NC_057379.1	utg412	98.01		True
translocation
2876450	2876515	19828	19763	NC_057371.1	utg412	95.27		True
local misassembly
2874031	2874471	22246	21806	NC_057371.1	utg412	97.73		True
translocation
5400	23082	22351	40107	NC_057377.1	utg412	99.06		True
local misassembly
23252	54111	40108	71177	NC_057377.1	utg412	98.05		True
CONTIG	utg412	71184	misassembled
2054670	2167543	682	113671	NC_057378.1	utg425	99.49		True
local misassembly
2167542	2262903	113821	209224	NC_057378.1	utg425	99.86		True
translocation
131181	132702	211077	209549	NC_057381.1	utg425	95.05		True
local misassembly
126405	129630	215855	212628	NC_057381.1	utg425	96.16		True
translocation
88126	88683	217142	216585	NC_057371.1	utg425	96.95		True
translocation
1867659	1868448	219500	220288	NC_057376.1	utg425	99.24		True
translocation
521192	521691	221339	220840	NC_057385.1	utg425	96.6		True
translocation
13877	14005	226352	226224	NC_057383.1	utg425	96.12		True
indel: indel (<= 5bp)
13684	13875	226544	226353	NC_057383.1	utg425	95.31		True
translocation
1560607	1562104	227782	229279	NC_057376.1	utg425	97.73		True
translocation
431234	431678	233462	233015	NC_057372.1	utg425	96.22		True
translocation
73653	74754	233463	234565	NC_057376.1	utg425	97.73		True
translocation
1842626	1843091	238277	238742	NC_057375.1	utg425	99.14		True
translocation
299723	299857	239648	239514	NC_057370.1	utg425	98.52		True
indel: indel (> 5bp)
299109	299639	240179	239649	NC_057370.1	utg425	97.55		True
local misassembly
298628	298697	240643	240574	NC_057370.1	utg425	95.71		True
CONTIG	utg425	240758	misassembled
324709	429051	104439	1	NC_057381.1	utg436	99.5		True
CONTIG	utg436	104529	correct
1388604	1407387	1	18923	NC_057383.1	utg464	97.52		True
local misassembly
1407561	1408496	18924	19875	NC_057383.1	utg464	96.72		True
relocation, inconsistency = -24217
1408489	1409200	44085	44800	NC_057383.1	utg464	98.04		True
local misassembly
1409351	1419874	44964	55612	NC_057383.1	utg464	96.61		True
translocation
96325	102058	62439	56715	NC_057382.1	utg464	99.23		True
translocation
1419877	1439198	62440	81798	NC_057383.1	utg464	98.75		True
CONTIG	utg464	81957	misassembled
2515345	2658272	7	142999	NC_057371.1	utg492	99.72		True
CONTIG	utg492	143026	correct
316134	321670	5651	130	NC_057383.1	utg495	96.92		True
relocation, inconsistency = 2677
307534	313456	11589	5652	NC_057383.1	utg495	98.5		True
relocation, inconsistency = 7403
299148	300130	12551	11590	NC_057383.1	utg495	95.75		True
translocation
1575339	1585607	24465	14197	NC_057372.1	utg495	98.58		True
translocation
1836903	1843091	30656	24466	NC_057375.1	utg495	99.02		True
translocation
1571972	1575343	34036	30657	NC_057372.1	utg495	97.46		True
translocation
227913	228229	34463	34147	NC_057383.1	utg495	96.53		True
indel: indel (<= 5bp)
227792	227874	34586	34504	NC_057383.1	utg495	96.39		True
local misassembly
227603	227694	34798	34707	NC_057383.1	utg495	98.91		True
local misassembly
227419	227483	35001	34937	NC_057383.1	utg495	98.46		True
translocation
1346688	1347262	35041	35615	NC_057379.1	utg495	99.65		True
translocation
217095	227391	46054	35616	NC_057383.1	utg495	98.27		True
local misassembly
216163	216238	46995	46920	NC_057383.1	utg495	100.0		True
indel: indel (<= 5bp)
215821	216161	47336	46996	NC_057383.1	utg495	100.0		True
indel: indel (<= 5bp)
215692	215820	47466	47338	NC_057383.1	utg495	100.0		True
indel: indel (<= 5bp)
215620	215690	47537	47467	NC_057383.1	utg495	100.0		True
indel: indel (<= 5bp)
215475	215619	47683	47539	NC_057383.1	utg495	100.0		True
indel: indel (<= 5bp)
215342	215410	47819	47751	NC_057383.1	utg495	100.0		True
indel: indel (<= 5bp)
215065	215341	48097	47821	NC_057383.1	utg495	100.0		True
indel: indel (<= 5bp)
214982	215064	48181	48099	NC_057383.1	utg495	100.0		True
indel: indel (<= 5bp)
214742	214981	48422	48183	NC_057383.1	utg495	100.0		True
indel: indel (<= 5bp)
214661	214726	48506	48441	NC_057383.1	utg495	100.0		True
indel: indel (<= 5bp)
214489	214660	48679	48508	NC_057383.1	utg495	98.84		True
indel: stretch of mismatches
214187	214429	48981	48739	NC_057383.1	utg495	100.0		True
indel: indel (<= 5bp)
213992	214116	49179	49055	NC_057383.1	utg495	100.0		True
CONTIG	utg495	52876	misassembled
26676	220926	194349	17	NC_057371.1	utg497	99.91		True
CONTIG	utg497	194422	correct
3389429	3405793	16433	4	NC_057385.1	utg502	97.01		True
relocation, inconsistency = 1483783
1904732	1905645	16434	17348	NC_057385.1	utg502	95.86		True
translocation
745262	746462	19106	20306	NC_057382.1	utg502	95.93		True
translocation
1784535	1785769	21865	23098	NC_057377.1	utg502	99.27		True
translocation
333423	335958	25640	23105	NC_057378.1	utg502	96.37		True
local misassembly
331857	333427	27679	26108	NC_057378.1	utg502	96.76		True
local misassembly
329822	331863	30257	28217	NC_057378.1	utg502	95.54		True
translocation
746826	747752	30351	31277	NC_057382.1	utg502	96.44		True
translocation
3390691	3392324	33302	31669	NC_057385.1	utg502	98.41		True
relocation, inconsistency = 1280
3366747	3384111	56010	38602	NC_057385.1	utg502	99.09		True
CONTIG	utg502	56041	misassembled
2117663	2166182	48720	169	NC_057379.1	utg543	99.67		True
relocation, inconsistency = 2058706
48696	58956	48721	59001	NC_057379.1	utg543	99.02		True
CONTIG	utg543	59001	misassembled
2704958	2705389	2480	2049	NC_057372.1	utg553	99.31		True
relocation, inconsistency = 2648762
54692	55896	2780	3983	NC_057372.1	utg553	97.76		True
translocation
4353	21068	4079	20803	NC_057376.1	utg553	99.7		True
local misassembly
21643	22721	20804	21884	NC_057376.1	utg553	99.54		True
translocation
681401	687256	21885	27765	NC_057384.1	utg553	97.89		True
translocation
3314553	3315753	31291	30090	NC_057370.1	utg553	98.17		True
translocation
22719	56519	31292	65110	NC_057376.1	utg553	99.06		True
local misassembly
56514	56708	65283	65477	NC_057376.1	utg553	100.0		True
translocation
2017464	2017764	67609	67307	NC_057378.1	utg553	98.02		True
translocation
1502018	1502495	68064	68534	NC_057384.1	utg553	97.07		True
local misassembly
1502488	1502899	69114	69525	NC_057384.1	utg553	97.09		True
translocation
186711	187241	70424	69891	NC_057372.1	utg553	95.51		True
translocation
1419098	1419532	71546	71112	NC_057378.1	utg553	98.62		True
translocation
58273	58626	72103	72456	NC_057376.1	utg553	98.02		True
local misassembly
58622	59104	73043	73525	NC_057376.1	utg553	98.96		True
local misassembly
59100	61647	73699	76248	NC_057376.1	utg553	98.94		True
relocation, inconsistency = 17771
80224	81086	77054	77918	NC_057376.1	utg553	98.97		True
relocation, inconsistency = 14186
95273	108938	77919	91584	NC_057376.1	utg553	99.42		True
relocation, inconsistency = 1198
110137	113434	91585	94880	NC_057376.1	utg553	95.47		True
local misassembly
117312	126967	98725	108352	NC_057376.1	utg553	97.55		True
CONTIG	utg553	108353	misassembled
159157	159300	4166	4309	NC_057372.1	utg600	95.14		True
unknown
163690	163963	8333	8606	NC_057372.1	utg600	96.35		True
unknown
164316	164511	8965	9160	NC_057372.1	utg600	95.92		True
unknown
159157	159300	17012	17155	NC_057372.1	utg600	95.14		True
unknown
163690	163963	21179	21452	NC_057372.1	utg600	96.35		True
unknown
164316	164511	21811	22006	NC_057372.1	utg600	95.92		True
unknown
CONTIG	utg600	25439	mis_unaligned
1033218	1041746	282	8802	NC_057371.1	utg636	97.74		True
translocation
1058240	1062461	8806	13025	NC_057370.1	utg636	96.47		True
local misassembly
1064131	1064485	14687	15041	NC_057370.1	utg636	97.47		True
translocation
1041741	1043086	15042	16391	NC_057371.1	utg636	98.44		True
translocation
1538521	1544766	25864	19625	NC_057372.1	utg636	97.9		True
translocation
1042760	1043079	28158	28478	NC_057371.1	utg636	95.43		True
relocation, inconsistency = 1527
1044607	1045602	28479	29475	NC_057371.1	utg636	99.4		True
relocation, inconsistency = -6999
1045598	1056380	36470	47254	NC_057371.1	utg636	99.87		True
local misassembly
1056541	1063242	47255	53980	NC_057371.1	utg636	97.52		True
CONTIG	utg636	53986	misassembled
3138433	3308565	119	170355	NC_057372.1	utg640	99.79		True
CONTIG	utg640	170371	correct
1864221	1943138	1020	79935	NC_057383.1	utg743	99.81		True
local misassembly
1943306	1948606	79936	85261	NC_057383.1	utg743	99.09		True
local misassembly
1948607	1980980	85482	117892	NC_057383.1	utg743	99.77		True
CONTIG	utg743	117913	correct
372030	443893	1	72008	NC_057380.1	utg777	99.22		True
CONTIG	utg777	72008	correct
78	71658	295	72015	NC_057381.1	utg784	99.47		True
CONTIG	utg784	72018	correct
CONTIG	utg791	32921	unaligned
1816261	1831076	1	14867	NC_057376.1	utg833	98.78		True
local misassembly
1831742	1907602	15558	91444	NC_057376.1	utg833	99.96		True
local misassembly
1907655	1907720	91655	91720	NC_057376.1	utg833	100.0		True
indel: indel (<= 5bp)
1907769	1907904	91772	91907	NC_057376.1	utg833	100.0		True
indel: indel (<= 5bp)
1907905	1908076	91909	92080	NC_057376.1	utg833	100.0		True
indel: indel (<= 5bp)
1908109	1908173	92116	92180	NC_057376.1	utg833	100.0		True
indel: indel (<= 5bp)
1908174	1908258	92183	92267	NC_057376.1	utg833	100.0		True
indel: indel (<= 5bp)
1908267	1908353	92279	92365	NC_057376.1	utg833	98.85		True
local misassembly
1908441	1908610	92459	92628	NC_057376.1	utg833	99.41		True
indel: indel (<= 5bp)
1908611	1908731	92630	92750	NC_057376.1	utg833	99.17		True
indel: indel (<= 5bp)
1908732	1908920	92753	92941	NC_057376.1	utg833	99.47		True
indel: indel (<= 5bp)
1908922	1909128	92942	93148	NC_057376.1	utg833	98.55		True
indel: indel (<= 5bp)
1909181	1909245	93203	93267	NC_057376.1	utg833	98.46		True
indel: stretch of mismatches
1909254	1909319	93276	93341	NC_057376.1	utg833	98.48		True
local misassembly
1909418	1909485	93436	93503	NC_057376.1	utg833	97.06		True
indel: indel (<= 5bp)
1909486	1909551	93505	93570	NC_057376.1	utg833	100.0		True
CONTIG	utg833	97363	correct
411480	427886	16429	8	NC_057375.1	utg839	97.52		True
relocation, inconsistency = -1199
411164	411479	17944	17629	NC_057375.1	utg839	99.38		True
relocation, inconsistency = 16678
381656	394485	30772	17945	NC_057375.1	utg839	98.37		True
local misassembly
378742	381663	33961	31040	NC_057375.1	utg839	99.01		True
translocation
762891	766053	37156	33992	NC_057382.1	utg839	95.92		True
translocation
604808	606872	46159	48223	NC_057377.1	utg839	96.51		True
translocation
368888	371948	60287	57227	NC_057375.1	utg839	95.43		True
local misassembly
367384	367502	61791	61673	NC_057375.1	utg839	96.64		True
relocation, inconsistency = -6987
368809	371948	67353	64214	NC_057375.1	utg839	95.45		True
translocation
2076796	2081085	73729	69440	NC_057378.1	utg839	95.01		True
translocation
3417206	3417834	73730	74358	NC_057372.1	utg839	98.26		True
relocation, inconsistency = 3299054
117029	118151	75481	74359	NC_057372.1	utg839	99.2		True
translocation
1064373	1065268	75482	76377	NC_057382.1	utg839	97.89		True
translocation
206666	207063	77890	78287	NC_057378.1	utg839	95.48		True
translocation
131386	132355	86518	85549	NC_057384.1	utg839	95.26		True
indel: indel (> 5bp)
130827	131384	87083	86526	NC_057384.1	utg839	96.77		True
indel: indel (<= 5bp)
130663	130825	87246	87084	NC_057384.1	utg839	96.32		True
indel: indel (> 5bp)
129938	130662	87989	87265	NC_057384.1	utg839	95.17		True
local misassembly
129561	129934	88814	88440	NC_057384.1	utg839	96.0		True
local misassembly
127952	128985	89858	88825	NC_057384.1	utg839	95.36		True
translocation
368690	371736	97409	94363	NC_057375.1	utg839	95.44		True
local misassembly
367302	367503	98797	98596	NC_057375.1	utg839	95.54		True
relocation, inconsistency = -1612151
1969505	1969770	108745	108480	NC_057375.1	utg839	96.99		True
translocation
3708932	3710021	109845	108746	NC_057373.1	utg839	98.27		True
translocation
2850700	2851174	110473	109999	NC_057371.1	utg839	96.63		True
local misassembly
2850055	2850373	111100	110782	NC_057371.1	utg839	95.61		True
translocation
507411	507840	113556	113127	NC_057370.1	utg839	96.74		True
translocation
90290	90829	116013	115474	NC_057376.1	utg839	99.44		True
translocation
717123	718531	119105	120513	NC_057370.1	utg839	99.72		True
translocation
498507	498901	121377	120983	NC_057375.1	utg839	95.19		True
translocation
3708932	3710021	124992	123893	NC_057373.1	utg839	98.09		True
translocation
571078	577270	131927	125740	NC_057385.1	utg839	96.03		True
translocation
1808082	1808404	162880	163202	NC_057378.1	utg839	98.14		True
indel: indel (> 5bp)
1808423	1808674	163203	163454	NC_057378.1	utg839	97.62		True
translocation
348131	371931	187468	163647	NC_057375.1	utg839	96.88		True
relocation, inconsistency = 10303
331779	337827	193519	187469	NC_057375.1	utg839	97.54		True
relocation, inconsistency = 25916
300440	305862	198949	193520	NC_057375.1	utg839	97.31		True
relocation, inconsistency = 67077
212541	232500	219917	199812	NC_057375.1	utg839	95.56		True
CONTIG	utg839	220034	misassembled
2092983	2104423	1	11471	NC_057374.1	utg890	98.0		True
local misassembly
2105177	2106252	11472	12548	NC_057374.1	utg890	99.54		True
local misassembly
2107209	2110954	12549	16294	NC_057374.1	utg890	99.87		True
translocation
1397697	1399228	17802	16295	NC_057370.1	utg890	96.57		True
translocation
1790220	1790372	18199	18047	NC_057379.1	utg890	97.39		True
local misassembly
1784182	1784516	24247	23914	NC_057379.1	utg890	96.42		True
translocation
2118865	2121520	24251	26891	NC_057374.1	utg890	98.8		True
local misassembly
2121511	2123722	27325	29536	NC_057374.1	utg890	99.14		True
translocation
453293	453386	29786	29879	NC_057373.1	utg890	97.87		True
indel: indel (<= 5bp)
453403	454029	29898	30524	NC_057373.1	utg890	97.13		True
local misassembly
454239	454693	30737	31191	NC_057373.1	utg890	96.48		True
indel: indel (<= 5bp)
454694	454878	31193	31377	NC_057373.1	utg890	97.84		True
indel: indel (<= 5bp)
454879	455133	31379	31633	NC_057373.1	utg890	96.08		True
indel: indel (<= 5bp)
455135	455619	31637	32121	NC_057373.1	utg890	97.11		True
indel: indel (<= 5bp)
455703	456011	32207	32515	NC_057373.1	utg890	95.79		True
indel: indel (<= 5bp)
456012	456097	32517	32602	NC_057373.1	utg890	95.35		True
translocation
2236471	2238262	34395	32604	NC_057372.1	utg890	96.76		True
translocation
489531	489725	34396	34590	NC_057381.1	utg890	96.43		True
indel: indel (<= 5bp)
489727	489827	34591	34691	NC_057381.1	utg890	95.05		True
local misassembly
489945	490166	34810	35031	NC_057381.1	utg890	95.95		True
local misassembly
495582	495682	40447	40547	NC_057381.1	utg890	96.04		True
translocation
2230505	2231357	40834	41686	NC_057371.1	utg890	96.6		True
local misassembly
2231712	2231854	42041	42183	NC_057371.1	utg890	96.5		True
translocation
2123718	2126004	42238	44524	NC_057374.1	utg890	97.77		True
relocation, inconsistency = 6430
2132435	2136035	44525	48125	NC_057374.1	utg890	98.42		True
translocation
133061	133411	48350	48700	NC_057375.1	utg890	96.01		True
indel: indel (<= 5bp)
133412	133644	48702	48934	NC_057375.1	utg890	98.28		True
indel: stretch of mismatches
133656	136311	48946	51601	NC_057375.1	utg890	95.71		True
translocation
37217	51784	68723	54208	NC_057370.1	utg890	98.84		True
translocation
537567	538126	69456	70015	NC_057374.1	utg890	96.25		True
indel: indel (<= 5bp)
538134	538233	70024	70123	NC_057374.1	utg890	98.0		True
local misassembly
540806	540906	72694	72794	NC_057374.1	utg890	95.05		True
local misassembly
541200	541427	73088	73315	NC_057374.1	utg890	98.25		True
local misassembly
541650	541753	73539	73642	NC_057374.1	utg890	97.12		True
indel: indel (<= 5bp)
541755	542069	73643	73957	NC_057374.1	utg890	96.51		True
indel: indel (<= 5bp)
542070	542165	73959	74054	NC_057374.1	utg890	97.92		True
indel: indel (<= 5bp)
542185	542262	74072	74149	NC_057374.1	utg890	96.15		True
local misassembly
542450	542518	74343	74411	NC_057374.1	utg890	97.1		True
local misassembly
542682	542782	74574	74674	NC_057374.1	utg890	96.04		True
CONTIG	utg890	76327	misassembled
2260685	2367261	1	106667	NC_057375.1	utg923	99.84		True
local misassembly
2367454	2432047	106668	171282	NC_057375.1	utg923	99.76		True
translocation
2168368	2175428	171283	178344	NC_057376.1	utg923	98.4		True
local misassembly
2175855	2175919	178790	178854	NC_057376.1	utg923	100.0		True
local misassembly
2176262	2176354	179197	179289	NC_057376.1	utg923	100.0		True
local misassembly
2176568	2176676	179497	179605	NC_057376.1	utg923	100.0		True
indel: indel (<= 5bp)
2176723	2176807	179654	179738	NC_057376.1	utg923	98.82		True
local misassembly
2176920	2176988	179851	179919	NC_057376.1	utg923	100.0		True
local misassembly
2177325	2177400	180263	180338	NC_057376.1	utg923	98.68		True
local misassembly
2177547	2177619	180493	180565	NC_057376.1	utg923	97.26		True
indel: indel (<= 5bp)
2177677	2177742	180620	180685	NC_057376.1	utg923	100.0		True
local misassembly
2177862	2177932	180802	180872	NC_057376.1	utg923	98.59		True
local misassembly
2178225	2178295	181172	181242	NC_057376.1	utg923	100.0		True
local misassembly
2178435	2178505	181381	181451	NC_057376.1	utg923	98.59		True
local misassembly
2179313	2179379	182256	182322	NC_057376.1	utg923	98.51		True
local misassembly
2182641	2182723	185535	185617	NC_057376.1	utg923	95.18		True
CONTIG	utg923	187134	misassembled
3339524	3439196	3023	102726	NC_057372.1	utg929	99.77		True
local misassembly
3439386	3445098	102727	108425	NC_057372.1	utg929	99.41		True
local misassembly
3445277	3451980	108426	115131	NC_057372.1	utg929	99.4		True
local misassembly
3455969	3459721	120108	123859	NC_057372.1	utg929	98.72		True
relocation, inconsistency = -2077
3459722	3532019	125937	198191	NC_057372.1	utg929	99.56		True
CONTIG	utg929	198191	misassembled
2881983	2884432	2662	210	NC_057371.1	utg930	98.35		True
translocation
1966293	1975138	11675	2663	NC_057379.1	utg930	96.86		True
local misassembly
1965958	1966787	12838	12010	NC_057379.1	utg930	97.12		True
translocation
2863544	2869845	19148	12839	NC_057371.1	utg930	98.78		True
translocation
2120249	2121562	20462	19149	NC_057377.1	utg930	95.14		True
translocation
18368	22244	20714	24590	NC_057371.1	utg930	96.88		True
translocation
2173215	2173950	25348	24613	NC_057376.1	utg930	95.11		True
indel: indel (> 5bp)
2172298	2173172	26223	25349	NC_057376.1	utg930	98.17		True
indel: indel (<= 5bp)
2170589	2172296	27931	26224	NC_057376.1	utg930	99.0		True
indel: indel (<= 5bp)
2170453	2170585	28064	27932	NC_057376.1	utg930	97.74		True
translocation
1706352	1717217	28065	38880	NC_057374.1	utg930	98.2		True
relocation, inconsistency = 1301
1718519	1719828	38881	40190	NC_057374.1	utg930	99.32		True
translocation
2877168	2888365	51385	40191	NC_057371.1	utg930	98.62		True
translocation
793855	795861	51388	53395	NC_057382.1	utg930	97.02		True
translocation
171173	172525	54762	53396	NC_057385.1	utg930	98.22		True
translocation
2875937	2877166	55992	54763	NC_057371.1	utg930	97.81		True
relocation, inconsistency = 1565
2874031	2874371	56333	55993	NC_057371.1	utg930	100.0		True
translocation
1979269	1981579	58702	56392	NC_057379.1	utg930	98.87		True
indel: indel (<= 5bp)
1978126	1979268	59846	58704	NC_057379.1	utg930	98.08		True
relocation, inconsistency = 1925566
52351	52557	59849	60055	NC_057379.1	utg930	96.62		True
local misassembly
53314	53508	60321	60515	NC_057379.1	utg930	98.97		True
indel: indel (> 5bp)
53509	53832	60534	60857	NC_057379.1	utg930	98.46		True
relocation, inconsistency = 1921648
1975542	1976234	61611	60919	NC_057379.1	utg930	95.53		True
indel: indel (> 5bp)
1975216	1975541	61955	61630	NC_057379.1	utg930	98.77		True
translocation
3744638	3751356	68923	62224	NC_057373.1	utg930	98.26		True
translocation
1956787	1959089	71202	68924	NC_057379.1	utg930	96.44		True
translocation
47973	49581	71203	72809	NC_057384.1	utg930	96.41		True
translocation
41849	42194	72810	73155	NC_057382.1	utg930	95.4		True
indel: indel (<= 5bp)
42195	42418	73157	73380	NC_057382.1	utg930	96.88		True
local misassembly
43164	44685	74071	75577	NC_057382.1	utg930	96.72		True
translocation
3500751	3501828	79219	78142	NC_057372.1	utg930	95.64		True
translocation
71347	87365	79246	95279	NC_057385.1	utg930	97.84		True
local misassembly
87423	87891	95479	95947	NC_057385.1	utg930	95.1		True
CONTIG	utg930	96271	misassembled
35961	59215	6	23261	NC_057377.1	utg1003	99.63		True
translocation
2411228	2411929	24047	23347	NC_057375.1	utg1003	97.01		True
translocation
61052	62727	26453	28121	NC_057371.1	utg1003	97.56		True
translocation
56682	56991	28431	28122	NC_057384.1	utg1003	96.24		True
relocation, inconsistency = 6720
47745	49961	30647	28432	NC_057384.1	utg1003	96.89		True
translocation
1957015	1957869	30648	31502	NC_057379.1	utg1003	97.14		True
translocation
2573858	2574415	31508	32066	NC_057371.1	utg1003	96.42		True
translocation
1957874	1959089	32075	33272	NC_057379.1	utg1003	95.73		True
translocation
62726	64636	33273	35181	NC_057371.1	utg1003	98.01		True
local misassembly
64662	65076	35425	35839	NC_057371.1	utg1003	98.31		True
translocation
2074669	2151071	112235	35848	NC_057376.1	utg1003	99.43		True
CONTIG	utg1003	112236	misassembled
1267187	1287850	20749	1	NC_057378.1	utg1022	99.14		True
local misassembly
1150154	1267188	138097	21008	NC_057378.1	utg1022	99.82		True
CONTIG	utg1022	138141	correct
1742330	1762467	4	20181	NC_057379.1	utg1063	97.72		True
translocation
1363822	1365127	21487	20182	NC_057381.1	utg1063	99.69		True
translocation
1762462	1762799	21488	21825	NC_057379.1	utg1063	100.0		True
relocation, inconsistency = 7844
1770742	1773061	21924	24244	NC_057379.1	utg1063	99.18		True
translocation
4252	5559	26085	24778	NC_057372.1	utg1063	98.78		True
translocation
1804612	1807194	27170	29754	NC_057379.1	utg1063	99.03		True
translocation
163529	165051	31277	29755	NC_057377.1	utg1063	98.56		True
translocation
137943	144528	35423	42008	NC_057372.1	utg1063	99.73		True
translocation
1831445	1832442	42522	43519	NC_057379.1	utg1063	99.1		True
relocation, inconsistency = 7518
1840872	1842428	44431	45987	NC_057379.1	utg1063	99.68		True
translocation
1968250	1969284	45988	47024	NC_057375.1	utg1063	98.46		True
translocation
94782	95272	47597	48086	NC_057376.1	utg1063	97.96		True
translocation
83264	84572	49521	48213	NC_057370.1	utg1063	99.47		True
translocation
1842546	1843383	49522	50359	NC_057379.1	utg1063	96.42		True
translocation
569126	570961	52195	50360	NC_057373.1	utg1063	95.64		True
translocation
1922018	1922194	55208	55032	NC_057374.1	utg1063	96.05		True
indel: stretch of mismatches
1921890	1922007	55336	55219	NC_057374.1	utg1063	95.76		True
translocation
11476	13080	57850	59454	NC_057381.1	utg1063	99.31		True
translocation
1843381	1856676	59455	72744	NC_057379.1	utg1063	95.87		True
relocation, inconsistency = 6776
1865616	1866448	74908	75740	NC_057379.1	utg1063	96.4		True
local misassembly
1871352	1871886	80640	81174	NC_057379.1	utg1063	95.7		True
local misassembly
1872932	1873089	82225	82382	NC_057379.1	utg1063	96.2		True
indel: indel (<= 5bp)
1873090	1873422	82385	82717	NC_057379.1	utg1063	95.2		True
local misassembly
1875062	1878632	84351	87921	NC_057379.1	utg1063	97.9		True
local misassembly
1881204	1882997	90581	92374	NC_057379.1	utg1063	95.88		True
translocation
1701410	1701857	95897	96342	NC_057374.1	utg1063	95.57		True
translocation
207863	209685	98259	100080	NC_057373.1	utg1063	95.07		True
translocation
1883588	1886608	100084	103106	NC_057379.1	utg1063	97.12		True
local misassembly
1887192	1944174	104121	161062	NC_057379.1	utg1063	98.91		True
CONTIG	utg1063	161072	misassembled
1277414	1297876	4	20465	NC_057378.1	utg1147	95.35		True
relocation, inconsistency = 52159
1350070	1350619	20500	21049	NC_057378.1	utg1147	95.64		True
relocation, inconsistency = -52804
1297876	1298734	21110	21971	NC_057378.1	utg1147	95.31		True
translocation
2709442	2710103	22400	23060	NC_057372.1	utg1147	97.58		True
relocation, inconsistency = 1121
2711225	2711508	23061	23344	NC_057372.1	utg1147	97.26		True
local misassembly
2711504	2711913	23906	24315	NC_057372.1	utg1147	97.56		True
translocation
2279517	2279954	34610	34173	NC_057376.1	utg1147	99.32		True
local misassembly
2277032	2277280	37041	36793	NC_057376.1	utg1147	96.79		True
translocation
1707170	1707273	37132	37235	NC_057378.1	utg1147	96.15		True
local misassembly
1707464	1707664	37425	37625	NC_057378.1	utg1147	96.02		True
indel: indel (<= 5bp)
1707665	1709137	37627	39099	NC_057378.1	utg1147	97.56		True
local misassembly
1712858	1712961	42824	42927	NC_057378.1	utg1147	98.08		True
local misassembly
1713152	1713324	43117	43289	NC_057378.1	utg1147	97.69		True
translocation
171173	172789	43449	45066	NC_057385.1	utg1147	99.07		True
translocation
2560573	2560930	48910	48553	NC_057371.1	utg1147	95.81		True
translocation
1744061	1747113	57301	54249	NC_057381.1	utg1147	96.1		True
translocation
1258319	1258722	59030	58627	NC_057378.1	utg1147	95.54		True
translocation
1575956	1576389	68784	68351	NC_057380.1	utg1147	97.0		True
translocation
793772	795467	71044	69345	NC_057382.1	utg1147	96.77		True
translocation
79399	80220	71868	71045	NC_057376.1	utg1147	96.03		True
translocation
1349399	1350527	72427	73555	NC_057378.1	utg1147	96.55		True
local misassembly
1351714	1363836	73842	85938	NC_057378.1	utg1147	98.31		True
CONTIG	utg1147	85938	misassembled
23	42985	1	43011	NC_057383.1	utg1277	99.67		True
CONTIG	utg1277	43568	correct
1514033	1530174	83	16256	NC_057372.1	utg1310	99.25		True
relocation, inconsistency = 3217
1533392	1538520	16257	21387	NC_057372.1	utg1310	98.99		True
relocation, inconsistency = 6250
1544771	1546495	21388	23112	NC_057372.1	utg1310	99.31		True
translocation
3348639	3350161	24635	23113	NC_057370.1	utg1310	98.88		True
translocation
1546491	1554406	24636	32554	NC_057372.1	utg1310	98.99		True
local misassembly
1555374	1556266	32555	33448	NC_057372.1	utg1310	99.19		True
local misassembly
1556260	1559561	34031	37333	NC_057372.1	utg1310	98.91		True
local misassembly
1560106	1571967	37334	49198	NC_057372.1	utg1310	99.08		True
relocation, inconsistency = 13640
1585608	1603684	49199	67234	NC_057372.1	utg1310	98.66		True
relocation, inconsistency = 6259
1609944	1622403	67235	79692	NC_057372.1	utg1310	98.32		True
relocation, inconsistency = 23322
1645726	1648010	81962	79693	NC_057372.1	utg1310	98.46		True
relocation, inconsistency = 13640
1629925	1632085	84123	81963	NC_057372.1	utg1310	99.49		True
local misassembly
1624503	1629931	89722	84295	NC_057372.1	utg1310	99.32		True
relocation, inconsistency = 38224
1668156	1681913	89723	103549	NC_057372.1	utg1310	98.45		True
translocation
101172	101641	105078	104609	NC_057379.1	utg1310	95.32		True
translocation
343580	344156	105588	106164	NC_057371.1	utg1310	95.5		True
translocation
1681908	1684370	106413	108898	NC_057372.1	utg1310	96.61		True
CONTIG	utg1310	109255	misassembled
2048479	2048544	1770	1835	NC_057378.1	utg1399	95.45		True
local misassembly
2048962	2049049	2268	2355	NC_057378.1	utg1399	100.0		True
indel: indel (<= 5bp)
2049051	2049154	2356	2459	NC_057378.1	utg1399	100.0		True
indel: indel (<= 5bp)
2049190	2049292	2497	2599	NC_057378.1	utg1399	100.0		True
indel: indel (<= 5bp)
2049325	2049560	2635	2870	NC_057378.1	utg1399	100.0		True
indel: indel (<= 5bp)
2049562	2050712	2871	4021	NC_057378.1	utg1399	97.22		True
local misassembly
2058598	2059045	11020	11467	NC_057378.1	utg1399	97.99		True
indel: indel (<= 5bp)
2059046	2060340	11469	12763	NC_057378.1	utg1399	95.68		True
local misassembly
2061339	2070712	13874	23204	NC_057378.1	utg1399	95.21		True
relocation, inconsistency = -2941
2071120	2075474	26553	30926	NC_057378.1	utg1399	95.14		True
translocation
1662281	1663083	31763	30961	NC_057384.1	utg1399	98.13		True
translocation
1554441	1554818	33879	33502	NC_057372.1	utg1399	95.24		True
translocation
1793781	1796855	37880	34814	NC_057379.1	utg1399	97.79		True
translocation
285599	285689	38424	38334	NC_057372.1	utg1399	95.6		True
local misassembly
285221	285423	38802	38600	NC_057372.1	utg1399	96.57		True
translocation
1661891	1662290	39202	38803	NC_057384.1	utg1399	96.0		True
translocation
86848	87268	39641	39221	NC_057379.1	utg1399	97.86		True
translocation
2081103	2088253	41232	48365	NC_057378.1	utg1399	96.4		True
local misassembly
2089523	2090399	49669	50545	NC_057378.1	utg1399	96.24		True
local misassembly
2090398	2090984	51083	51669	NC_057378.1	utg1399	98.13		True
local misassembly
2090979	2091888	52241	53148	NC_057378.1	utg1399	97.91		True
translocation
1098718	1100183	53190	54655	NC_057379.1	utg1399	98.98		True
translocation
2095535	2096430	54656	55551	NC_057378.1	utg1399	98.22		True
translocation
346546	347777	55552	56780	NC_057381.1	utg1399	98.3		True
translocation
2096426	2098016	56781	58373	NC_057378.1	utg1399	97.49		True
relocation, inconsistency = 2104
2100121	2100743	58374	58996	NC_057378.1	utg1399	97.29		True
translocation
1738776	1739086	60294	60604	NC_057374.1	utg1399	96.46		True
translocation
590995	599663	66093	74749	NC_057377.1	utg1399	95.86		True
translocation
2100739	2102593	75315	77169	NC_057378.1	utg1399	98.22		True
relocation, inconsistency = 7603
2110197	2110664	77170	77637	NC_057378.1	utg1399	96.41		True
local misassembly
2111517	2112420	78479	79379	NC_057378.1	utg1399	95.02		True
relocation, inconsistency = 71060
2183598	2186356	82238	79497	NC_057378.1	utg1399	97.1		True
translocation
2111135	2111240	82418	82523	NC_057374.1	utg1399	95.28		True
local misassembly
2111379	2111572	82661	82854	NC_057374.1	utg1399	96.39		True
translocation
2179287	2183457	93537	89364	NC_057378.1	utg1399	98.56		True
local misassembly
2175915	2178692	96941	94164	NC_057378.1	utg1399	98.49		True
translocation
1762799	1763039	99267	99507	NC_057379.1	utg1399	98.34		True
local misassembly
1763176	1763560	99641	100025	NC_057379.1	utg1399	96.1		True
indel: indel (<= 5bp)
1763561	1763727	100027	100193	NC_057379.1	utg1399	97.6		True
translocation
974950	976885	100194	102129	NC_057371.1	utg1399	95.97		True
indel: indel (> 5bp)
976937	978245	102130	103438	NC_057371.1	utg1399	96.72		True
local misassembly
985328	986573	110500	111745	NC_057371.1	utg1399	97.67		True
translocation
1765518	1769887	112978	117352	NC_057379.1	utg1399	95.66		True
translocation
2165724	2166620	122999	122095	NC_057378.1	utg1399	95.25		True
relocation, inconsistency = 6356
2157191	2157991	125176	124376	NC_057378.1	utg1399	97.25		True
translocation
1581985	1582522	125432	125967	NC_057376.1	utg1399	97.41		True
translocation
2153615	2155412	127774	125968	NC_057378.1	utg1399	97.57		True
relocation, inconsistency = 6757
2145979	2146306	128653	128326	NC_057378.1	utg1399	97.56		True
local misassembly
2139764	2145986	135445	129213	NC_057378.1	utg1399	97.11		True
translocation
1009704	1010764	136506	135446	NC_057373.1	utg1399	99.72		True
translocation
2130895	2139771	145398	136514	NC_057378.1	utg1399	98.02		True
CONTIG	utg1399	145413	misassembled
2003340	2061341	58089	10	NC_057374.1	utg1431	99.81		True
local misassembly
1957970	2002273	103717	59205	NC_057374.1	utg1431	98.76		True
CONTIG	utg1431	103762	correct
CONTIG	utg1542	33962	unaligned
CONTIG	utg1793	46836	unaligned
956147	973030	17964	1042	NC_057380.1	utg1856	99.04		True
relocation, inconsistency = 6409
949371	949737	18331	17965	NC_057380.1	utg1856	99.73		True
translocation
448958	450022	19396	18332	NC_057379.1	utg1856	98.13		True
translocation
938138	949381	30658	19397	NC_057380.1	utg1856	96.82		True
local misassembly
930865	937715	37507	30687	NC_057380.1	utg1856	96.05		True
local misassembly
913433	930076	54203	37508	NC_057380.1	utg1856	98.82		True
local misassembly
913215	913444	54676	54445	NC_057380.1	utg1856	97.84		True
local misassembly
912906	913219	55551	55238	NC_057380.1	utg1856	99.36		True
translocation
892153	892587	55696	56130	NC_057375.1	utg1856	99.77		True
local misassembly
892619	892818	56240	56439	NC_057375.1	utg1856	95.0		True
translocation
912646	912910	56817	56553	NC_057380.1	utg1856	98.89		True
local misassembly
911682	912209	57346	56818	NC_057380.1	utg1856	98.87		True
local misassembly
911557	911686	58025	57896	NC_057380.1	utg1856	100.0		True
relocation, inconsistency = 12644
893352	898665	63589	58273	NC_057380.1	utg1856	98.91		True
relocation, inconsistency = 11987
880940	881364	64014	63590	NC_057380.1	utg1856	99.77		True
translocation
41615	42299	64701	64015	NC_057374.1	utg1856	99.27		True
translocation
871001	880873	74632	64702	NC_057380.1	utg1856	98.63		True
relocation, inconsistency = 1421
865364	869575	78900	74637	NC_057380.1	utg1856	95.71		True
relocation, inconsistency = -11559
864911	865318	90912	90505	NC_057380.1	utg1856	97.3		True
local misassembly
864454	864747	91384	91091	NC_057380.1	utg1856	95.92		True
indel: indel (<= 5bp)
864169	864411	91666	91424	NC_057380.1	utg1856	95.06		True
relocation, inconsistency = 17838
843300	843410	94697	94587	NC_057380.1	utg1856	95.5		True
local misassembly
835260	843305	103022	94935	NC_057380.1	utg1856	97.76		True
translocation
562103	562513	103581	103991	NC_057385.1	utg1856	96.59		True
translocation
1718818	1719367	109551	109002	NC_057378.1	utg1856	96.55		True
relocation, inconsistency = 189582
1912347	1912782	112949	113384	NC_057378.1	utg1856	99.77		True
translocation
1833778	1834119	122315	122656	NC_057374.1	utg1856	97.95		True
translocation
19232	19671	127367	127806	NC_057373.1	utg1856	97.27		True
translocation
1702479	1703795	130066	131382	NC_057378.1	utg1856	96.44		True
translocation
120579	121369	134079	133289	NC_057372.1	utg1856	95.46		True
translocation
407871	408092	134493	134714	NC_057382.1	utg1856	100.0		True
indel: indel (> 5bp)
408134	408445	134715	135026	NC_057382.1	utg1856	99.04		True
translocation
215970	217589	136797	135178	NC_057374.1	utg1856	95.06		True
translocation
839586	840147	140129	139568	NC_057380.1	utg1856	95.2		True
indel: indel (> 5bp)
838968	839560	140722	140130	NC_057380.1	utg1856	95.95		True
indel: indel (> 5bp)
838668	838967	141031	140732	NC_057380.1	utg1856	95.67		True
local misassembly
834172	835531	145439	144078	NC_057380.1	utg1856	97.07		True
translocation
1613827	1618055	145440	149669	NC_057379.1	utg1856	96.17		True
translocation
818619	834176	167108	151515	NC_057380.1	utg1856	98.68		True
CONTIG	utg1856	167120	misassembled
109041	110874	85	1918	NC_057381.1	utg1869	99.46		True
translocation
1098	8516	9322	1922	NC_057384.1	utg1869	98.15		True
translocation
8411	10494	9323	11409	NC_057385.1	utg1869	98.64		True
translocation
574176	575777	13010	11410	NC_057373.1	utg1869	97.94		True
translocation
1470515	1471823	14431	13123	NC_057378.1	utg1869	96.18		True
translocation
3336639	3337878	16353	15112	NC_057370.1	utg1869	96.54		True
translocation
146036	146755	19552	20271	NC_057376.1	utg1869	96.94		True
translocation
287	683	23260	23656	NC_057373.1	utg1869	96.22		True
translocation
2411971	2412971	24888	23888	NC_057375.1	utg1869	99.5		True
local misassembly
2411229	2411959	25874	25144	NC_057375.1	utg1869	98.77		True
translocation
39690	49778	25875	35956	NC_057377.1	utg1869	99.2		True
translocation
6611	8278	35957	37664	NC_057375.1	utg1869	97.85		True
CONTIG	utg1869	38067	misassembled
1831373	1916646	187	85605	NC_057380.1	utg1919	99.47		True
CONTIG	utg1919	85605	correct
2757302	2773746	16493	6	NC_057372.1	utg2114	99.28		True
local misassembly
2755271	2755402	18351	18220	NC_057372.1	utg2114	100.0		True
translocation
103300	103586	18352	18638	NC_057385.1	utg2114	97.21		True
local misassembly
105417	109305	20454	24346	NC_057385.1	utg2114	96.61		True
translocation
2748690	2755275	31173	24589	NC_057372.1	utg2114	99.56		True
translocation
1339659	1345928	31174	37442	NC_057381.1	utg2114	99.27		True
translocation
2746810	2748694	39327	37443	NC_057372.1	utg2114	99.68		True
relocation, inconsistency = 6462
2737077	2740347	42598	39328	NC_057372.1	utg2114	99.79		True
translocation
1492292	1493814	42599	44121	NC_057384.1	utg2114	98.29		True
translocation
2720762	2737081	60436	44122	NC_057372.1	utg2114	99.9		True
translocation
1755032	1755455	61418	60995	NC_057374.1	utg2114	95.75		True
indel: indel (<= 5bp)
1753551	1755030	62898	61419	NC_057374.1	utg2114	95.61		True
translocation
2716844	2720766	70786	66863	NC_057372.1	utg2114	99.69		True
translocation
290297	291891	70787	72381	NC_057375.1	utg2114	99.38		True
translocation
212719	213273	72942	72388	NC_057378.1	utg2114	95.89		True
translocation
2712299	2713726	74414	72943	NC_057372.1	utg2114	96.26		True
relocation, inconsistency = -6997
2705394	2712305	88319	81405	NC_057372.1	utg2114	99.16		True
relocation, inconsistency = 3062
2701896	2702331	88755	88320	NC_057372.1	utg2114	99.32		True
local misassembly
2699734	2701901	91095	88928	NC_057372.1	utg2114	99.22		True
translocation
257138	257527	91281	91670	NC_057375.1	utg2114	96.41		True
indel: indel (<= 5bp)
257528	260510	91672	94654	NC_057375.1	utg2114	96.75		True
local misassembly
262801	263220	96953	97373	NC_057375.1	utg2114	96.22		True
translocation
2683866	2699738	113253	97374	NC_057372.1	utg2114	99.6		True
CONTIG	utg2114	113253	misassembled
2890848	2895774	5262	470	NC_057371.1	utg2156	95.41		True
indel: stretch of mismatches
2887976	2890847	8135	5263	NC_057371.1	utg2156	98.75		True
relocation, inconsistency = 2861757
26074	26154	8280	8200	NC_057371.1	utg2156	97.53		True
indel: indel (<= 5bp)
25971	26072	8382	8281	NC_057371.1	utg2156	99.02		True
indel: indel (<= 5bp)
25770	25970	8584	8384	NC_057371.1	utg2156	96.52		True
indel: indel (<= 5bp)
25662	25768	8691	8585	NC_057371.1	utg2156	97.2		True
indel: indel (> 5bp)
25545	25661	8814	8698	NC_057371.1	utg2156	100.0		True
indel: indel (<= 5bp)
25359	25471	8999	8887	NC_057371.1	utg2156	98.23		True
indel: indel (> 5bp)
25231	25296	9121	9056	NC_057371.1	utg2156	98.48		True
indel: stretch of mismatches
24910	25204	9442	9148	NC_057371.1	utg2156	97.29		True
indel: indel (<= 5bp)
24671	24835	9680	9516	NC_057371.1	utg2156	96.36		True
local misassembly
24410	24494	9934	9850	NC_057371.1	utg2156	96.47		True
local misassembly
23710	23796	10594	10508	NC_057371.1	utg2156	96.55		True
local misassembly
23413	23499	10888	10802	NC_057371.1	utg2156	95.4		True
indel: indel (<= 5bp)
23318	23411	10982	10889	NC_057371.1	utg2156	98.94		True
indel: stretch of mismatches
23168	23242	11132	11058	NC_057371.1	utg2156	97.33		True
local misassembly
22377	22721	11758	11414	NC_057371.1	utg2156	95.65		True
indel: indel (<= 5bp)
22304	22376	11832	11760	NC_057371.1	utg2156	95.89		True
indel: indel (<= 5bp)
20957	22258	13177	11876	NC_057371.1	utg2156	95.93		True
indel: indel (> 5bp)
20763	20956	13438	13245	NC_057371.1	utg2156	95.88		True
indel: indel (<= 5bp)
20273	20761	13927	13439	NC_057371.1	utg2156	95.85		True
translocation
2175509	2180505	13928	18924	NC_057376.1	utg2156	98.46		True
translocation
65836	66158	19276	18954	NC_057377.1	utg2156	97.21		True
local misassembly
64950	65415	19995	19530	NC_057377.1	utg2156	96.14		True
local misassembly
64132	64617	20481	19996	NC_057377.1	utg2156	98.56		True
indel: indel (> 5bp)
60504	64125	24103	20482	NC_057377.1	utg2156	99.56		True
indel: indel (<= 5bp)
60067	60503	24541	24105	NC_057377.1	utg2156	99.54		True
indel: indel (> 5bp)
59214	60055	25383	24542	NC_057377.1	utg2156	97.62		True
translocation
1916579	1917067	25872	25384	NC_057371.1	utg2156	95.87		True
translocation
8204	8391	26060	25873	NC_057375.1	utg2156	99.47		True
indel: indel (<= 5bp)
8114	8202	26149	26061	NC_057375.1	utg2156	100.0		True
local misassembly
7910	8005	26358	26263	NC_057375.1	utg2156	100.0		True
indel: indel (<= 5bp)
7784	7908	26483	26359	NC_057375.1	utg2156	100.0		True
local misassembly
7472	7567	26816	26721	NC_057375.1	utg2156	96.88		True
local misassembly
6573	6645	27734	27662	NC_057375.1	utg2156	100.0		True
CONTIG	utg2156	28193	misassembled
CONTIG	utg2384	54537	unaligned
3529318	3541061	2046	13816	NC_057385.1	utg2494	99.34		True
relocation, inconsistency = 6554
3547616	3551675	13817	17877	NC_057385.1	utg2494	99.88		True
local misassembly
3551862	3556415	17878	22448	NC_057385.1	utg2494	99.1		True
local misassembly
3556268	3563366	22750	29792	NC_057385.1	utg2494	98.51		True
translocation
106711	107634	30719	29796	NC_057381.1	utg2494	96.86		True
indel: indel (> 5bp)
106399	106710	31112	30801	NC_057381.1	utg2494	99.36		True
translocation
2412072	2412971	31287	32186	NC_057375.1	utg2494	99.44		True
translocation
287	683	32814	32418	NC_057373.1	utg2494	97.23		True
translocation
93989	94352	35197	35560	NC_057370.1	utg2494	95.05		True
translocation
11687	12197	40261	39751	NC_057378.1	utg2494	95.3		True
local misassembly
2634	11386	49166	40420	NC_057378.1	utg2494	98.0		True
translocation
2030219	2030499	49167	49447	NC_057383.1	utg2494	97.16		True
local misassembly
2031300	2040874	49448	59026	NC_057383.1	utg2494	99.53		True
CONTIG	utg2494	59101	misassembled
3560570	3605667	6	45177	NC_057385.1	utg2958	99.71		True
CONTIG	utg2958	45209	correct
411546	475716	128	64479	NC_057375.1	utg3652	99.4		True
translocation
824144	825311	64480	65645	NC_057384.1	utg3652	99.51		True
translocation
1240524	1243369	65675	68523	NC_057378.1	utg3652	96.25		True
translocation
115292	116165	68524	69397	NC_057385.1	utg3652	98.4		True
indel: indel (> 5bp)
116200	116319	69398	69517	NC_057385.1	utg3652	95.83		True
translocation
3732122	3733227	79136	80237	NC_057373.1	utg3652	97.29		True
translocation
505263	505699	81163	81599	NC_057375.1	utg3652	96.61		True
local misassembly
506274	507483	81600	82809	NC_057375.1	utg3652	96.7		True
local misassembly
507824	519059	82810	94042	NC_057375.1	utg3652	95.49		True
CONTIG	utg3652	96095	misassembled
96266	100766	1	4502	NC_057381.1	utg3721	97.58		True
CONTIG	utg3721	14062	correct_unaligned
80283	90093	2	9824	NC_057385.1	utg4806	95.14		True
indel: indel (> 5bp)
90086	90152	9868	9934	NC_057385.1	utg4806	95.52		True
translocation
91805	92425	15240	14620	NC_057370.1	utg4806	95.12		True
translocation
2411228	2412971	16984	15241	NC_057375.1	utg4806	99.2		True
translocation
106541	106710	16985	17154	NC_057381.1	utg4806	99.42		True
indel: indel (> 5bp)
106711	107634	17236	18159	NC_057381.1	utg4806	97.19		True
translocation
3322716	3323103	18841	18455	NC_057370.1	utg4806	96.39		True
translocation
111869	115712	18926	22769	NC_057381.1	utg4806	98.15		True
local misassembly
115710	118335	23337	25966	NC_057381.1	utg4806	95.7		True
translocation
1874782	1877960	29516	26344	NC_057378.1	utg4806	96.8		True
translocation
3500731	3502245	31264	29747	NC_057372.1	utg4806	95.34		True
translocation
8403	23272	31265	46225	NC_057385.1	utg4806	97.94		True
CONTIG	utg4806	47067	misassembled
CONTIG	utg5062	18546	unaligned
1125113	1154187	29092	14	NC_057375.1	utg6376	99.89		True
CONTIG	utg6376	29093	correct
CONTIG	utg11877	41632	unaligned
