Aligning contigs to reference...
	Aligning contigs to the reference
Filtering alignments...
Parsing coords...
Loading reference...
	Loaded [NC_057370.1]
	Loaded [NC_057371.1]
	Loaded [NC_057372.1]
	Loaded [NC_057373.1]
	Loaded [NC_057374.1]
	Loaded [NC_057375.1]
	Loaded [NC_057376.1]
	Loaded [NC_057377.1]
	Loaded [NC_057378.1]
	Loaded [NC_057379.1]
	Loaded [NC_057380.1]
	Loaded [NC_057381.1]
	Loaded [NC_057382.1]
	Loaded [NC_057383.1]
	Loaded [NC_057384.1]
	Loaded [NC_057385.1]
	Total Regions: 16
	Total Region Length: 40703773
Analyzing contigs...
CONTIG: utg0 (62758bp)
		This contig is unaligned. (62758 bp)
		Unaligned bases: 62758 (number of Ns: 0)

CONTIG: utg1 (133443bp)
		This contig is unaligned. (133443 bp)
		Unaligned bases: 133443 (number of Ns: 0)

CONTIG: utg2 (35702bp)
		This contig is unaligned. (35702 bp)
		Unaligned bases: 35702 (number of Ns: 0)

CONTIG: utg4 (922461bp)
Best alignment score: 1545.1 (LEN: 1622, IDY: 95.26), Total number of alignments: 38
			Looking for the best set of alignments (out of 38 total alignments)
			Skipping redundant alignments after choosing the best set of alignments
		Skipping redundant alignment 1227141 1227261 | 29341 29461 | 121 121 | 95.04 | NC_057380.1 utg4
		Skipping redundant alignment 1227308 1227455 | 29514 29661 | 148 148 | 95.27 | NC_057380.1 utg4
		Skipping redundant alignment 1227458 1227832 | 29667 30041 | 375 375 | 97.33 | NC_057380.1 utg4
		Skipping redundant alignment 1228095 1228320 | 30309 30534 | 226 226 | 96.9 | NC_057380.1 utg4
		Skipping redundant alignment 95953 97352 | 29341 30740 | 1400 1400 | 95.07 | NC_057377.1 utg4
		Skipping redundant alignment 969298 969390 | 225308 225216 | 93 93 | 96.77 | NC_057379.1 utg4
		Skipping redundant alignment 968545 968645 | 226039 225939 | 101 101 | 96.04 | NC_057379.1 utg4
		Skipping redundant alignment 902998 903097 | 292691 292592 | 100 100 | 96.0 | NC_057379.1 utg4
		Skipping redundant alignment 788470 788554 | 401056 400972 | 85 85 | 95.29 | NC_057379.1 utg4
		Skipping redundant alignment 707187 707251 | 469558 469494 | 65 65 | 96.92 | NC_057379.1 utg4
		Skipping redundant alignment 691941 692029 | 485539 485451 | 89 89 | 96.63 | NC_057379.1 utg4
		Skipping redundant alignment 619356 619456 | 558263 558163 | 101 101 | 95.1 | NC_057379.1 utg4
		Skipping redundant alignment 2785560 2785624 | 629485 629549 | 65 65 | 100.0 | NC_057371.1 utg4
		Skipping redundant alignment 1331754 1331819 | 629485 629550 | 66 66 | 100.0 | NC_057382.1 utg4
		Skipping redundant alignment 2785558 2785624 | 629485 629551 | 67 67 | 100.0 | NC_057371.1 utg4
		Skipping redundant alignment 2785556 2785624 | 629485 629553 | 69 69 | 100.0 | NC_057371.1 utg4
		Skipping redundant alignment 2785554 2785624 | 629485 629555 | 71 71 | 100.0 | NC_057371.1 utg4
		Skipping redundant alignment 2785534 2785605 | 629485 629556 | 72 72 | 100.0 | NC_057371.1 utg4
		Skipping redundant alignment 2785546 2785617 | 629485 629556 | 72 72 | 100.0 | NC_057371.1 utg4
		Skipping redundant alignment 2785544 2785615 | 629485 629556 | 72 72 | 100.0 | NC_057371.1 utg4
		Skipping redundant alignment 2785542 2785613 | 629485 629556 | 72 72 | 100.0 | NC_057371.1 utg4
		Skipping redundant alignment 2785538 2785609 | 629485 629556 | 72 72 | 100.0 | NC_057371.1 utg4
		Skipping redundant alignment 2785530 2785601 | 629485 629556 | 72 72 | 100.0 | NC_057371.1 utg4
		Skipping redundant alignment 2785548 2785619 | 629485 629556 | 72 72 | 100.0 | NC_057371.1 utg4
		Skipping redundant alignment 2785552 2785623 | 629485 629556 | 72 72 | 100.0 | NC_057371.1 utg4
		Skipping redundant alignment 2785540 2785611 | 629485 629556 | 72 72 | 100.0 | NC_057371.1 utg4
		Skipping redundant alignment 2785536 2785607 | 629485 629556 | 72 72 | 100.0 | NC_057371.1 utg4
		Skipping redundant alignment 2785550 2785621 | 629485 629556 | 72 72 | 100.0 | NC_057371.1 utg4
		Skipping redundant alignment 2785532 2785603 | 629485 629556 | 72 72 | 100.0 | NC_057371.1 utg4
		Skipping redundant alignment 1331752 1331820 | 629489 629557 | 69 69 | 100.0 | NC_057382.1 utg4
		Skipping redundant alignment 1404194 1404275 | 834564 834483 | 82 82 | 100.0 | NC_057380.1 utg4
		Skipping redundant alignment 686448 686529 | 834483 834564 | 82 82 | 100.0 | NC_057382.1 utg4
		Skipping redundant alignment 1477429 1477512 | 834564 834481 | 84 84 | 100.0 | NC_057374.1 utg4
		Skipping redundant alignment 184080 184164 | 834480 834564 | 85 85 | 100.0 | NC_057379.1 utg4
		Skipping redundant alignment 331143 331233 | 834567 834477 | 91 91 | 100.0 | NC_057379.1 utg4
		Skipping redundant alignment 268901 268993 | 912247 912155 | 93 93 | 98.92 | NC_057379.1 utg4
		Skipping redundant alignment 1477425 1477512 | 912249 912162 | 88 88 | 98.86 | NC_057374.1 utg4
			The best set is below. Score: 1545.1, number of alignments: 1, unaligned bases: 920839
		This contig is partially unaligned. (Aligned 1622 out of 922461 non-N bases (0.18%))
		Alignment: 862411 864031 | 30740 29119 | 1621 1622 | 95.26 | NC_057382.1 utg4
		Unaligned bases: 1 to 29118 (29118)
		Unaligned bases: 30741 to 922461 (891721)

CONTIG: utg5 (2726930bp)
Best alignment score: 6399.1 (LEN: 6636, IDY: 96.43), Total number of alignments: 161
			Too much alignments (161), will use speed up heuristics
			Found 0 solid alignments:
			Skipping alignments located inside solid regions since they are redundant:
		Nothing was skipped
			Looking for the best set of alignments (out of 161 total alignments)
		Ambiguity for this contig is not checked for speed up (too much alignments and --ambiguity-usage is "one")
			Skipping redundant alignments after choosing the best set of alignments
		Skipping redundant alignment 158928 158996 | 4525 4593 | 69 69 | 100.0 | NC_057372.1 utg5
		Skipping redundant alignment 159094 159178 | 4691 4775 | 85 85 | 98.82 | NC_057372.1 utg5
		Skipping redundant alignment 159774 159845 | 5368 5439 | 72 72 | 100.0 | NC_057372.1 utg5
		Skipping redundant alignment 159848 160242 | 5440 5834 | 395 395 | 99.75 | NC_057372.1 utg5
		Skipping redundant alignment 160243 160422 | 5836 6015 | 180 180 | 100.0 | NC_057372.1 utg5
		Skipping redundant alignment 160633 160759 | 6204 6330 | 127 127 | 95.28 | NC_057372.1 utg5
		Skipping redundant alignment 160761 160882 | 6331 6452 | 122 122 | 96.72 | NC_057372.1 utg5
		Skipping redundant alignment 160913 161008 | 6478 6573 | 96 96 | 98.96 | NC_057372.1 utg5
		Skipping redundant alignment 161083 161165 | 6642 6724 | 83 83 | 100.0 | NC_057372.1 utg5
		Skipping redundant alignment 161223 161302 | 6782 6861 | 80 80 | 95.0 | NC_057372.1 utg5
		Skipping redundant alignment 161365 161453 | 6922 7010 | 89 89 | 100.0 | NC_057372.1 utg5
		Skipping redundant alignment 161455 162008 | 7011 7564 | 554 554 | 98.74 | NC_057372.1 utg5
		Skipping redundant alignment 162030 162244 | 7581 7795 | 215 215 | 96.74 | NC_057372.1 utg5
		Skipping redundant alignment 162309 162376 | 7858 7925 | 68 68 | 95.59 | NC_057372.1 utg5
		Skipping redundant alignment 162429 162639 | 7975 8185 | 211 211 | 97.16 | NC_057372.1 utg5
		Skipping redundant alignment 162640 162736 | 8188 8284 | 97 97 | 100.0 | NC_057372.1 utg5
		Skipping redundant alignment 162738 162835 | 8285 8382 | 98 98 | 100.0 | NC_057372.1 utg5
		Skipping redundant alignment 162836 163014 | 8384 8562 | 179 179 | 99.44 | NC_057372.1 utg5
		Skipping redundant alignment 163015 163101 | 8564 8650 | 87 87 | 97.7 | NC_057372.1 utg5
		Skipping redundant alignment 163102 163429 | 8652 8979 | 328 328 | 98.78 | NC_057372.1 utg5
		Skipping redundant alignment 163431 164022 | 8980 9571 | 592 592 | 98.31 | NC_057372.1 utg5
		Skipping redundant alignment 164316 164832 | 9859 10375 | 517 517 | 99.42 | NC_057372.1 utg5
		Skipping redundant alignment 164838 164926 | 10376 10464 | 89 89 | 98.88 | NC_057372.1 utg5
		Skipping redundant alignment 145403 145521 | 10826 10708 | 119 119 | 100.0 | NC_057372.1 utg5
		Skipping redundant alignment 158224 164926 | 13131 19766 | 6703 6636 | 96.17 | NC_057372.1 utg5
		Skipping redundant alignment 165353 165471 | 20131 20013 | 119 119 | 100.0 | NC_057372.1 utg5
		Skipping redundant alignment 148421 152127 | 22436 26097 | 3707 3662 | 95.28 | NC_057372.1 utg5
		Skipping redundant alignment 164186 164926 | 36939 37681 | 741 743 | 95.42 | NC_057372.1 utg5
		Skipping redundant alignment 165353 165471 | 38039 37921 | 119 119 | 100.0 | NC_057372.1 utg5
		Skipping redundant alignment 579773 579858 | 220212 220297 | 86 86 | 98.84 | NC_057372.1 utg5
		Skipping redundant alignment 630417 630522 | 272079 272184 | 106 106 | 98.11 | NC_057372.1 utg5
		Skipping redundant alignment 2321500 2321594 | 354635 354541 | 95 95 | 96.84 | NC_057385.1 utg5
		Skipping redundant alignment 717249 717355 | 365086 365192 | 107 107 | 95.33 | NC_057372.1 utg5
		Skipping redundant alignment 1387109 1387210 | 964542 964643 | 102 102 | 95.1 | NC_057372.1 utg5
		Skipping redundant alignment 1419999 1420072 | 998893 998966 | 74 74 | 95.95 | NC_057372.1 utg5
		Skipping redundant alignment 1425961 1426036 | 1004737 1004812 | 76 76 | 97.37 | NC_057372.1 utg5
		Skipping redundant alignment 1437136 1437216 | 1015816 1015896 | 81 81 | 96.3 | NC_057372.1 utg5
		Skipping redundant alignment 1493803 1493904 | 1069138 1069239 | 102 102 | 95.1 | NC_057372.1 utg5
		Skipping redundant alignment 1228095 1228320 | 1112782 1112557 | 226 226 | 97.35 | NC_057380.1 utg5
		Skipping redundant alignment 1227887 1228094 | 1112991 1112784 | 208 208 | 96.63 | NC_057380.1 utg5
		Skipping redundant alignment 1227458 1227832 | 1113424 1113050 | 375 375 | 96.0 | NC_057380.1 utg5
		Skipping redundant alignment 1227194 1227261 | 1113697 1113630 | 68 68 | 97.06 | NC_057380.1 utg5
		Skipping redundant alignment 1227194 1227261 | 1133161 1133228 | 68 68 | 97.06 | NC_057380.1 utg5
		Skipping redundant alignment 3536548 3536673 | 1133296 1133171 | 126 126 | 95.24 | NC_057385.1 utg5
		Skipping redundant alignment 863616 863755 | 1133300 1133161 | 140 140 | 97.86 | NC_057382.1 utg5
		Skipping redundant alignment 1466447 1466562 | 1133302 1133187 | 116 116 | 95.69 | NC_057378.1 utg5
		Skipping redundant alignment 1227458 1227832 | 1133433 1133807 | 375 375 | 96.53 | NC_057380.1 utg5
		Skipping redundant alignment 3535821 3536546 | 1134022 1133297 | 726 726 | 96.42 | NC_057385.1 utg5
		Skipping redundant alignment 1227887 1228094 | 1133866 1134073 | 208 208 | 95.67 | NC_057380.1 utg5
		Skipping redundant alignment 862841 863614 | 1134074 1133301 | 774 774 | 95.87 | NC_057382.1 utg5
		Skipping redundant alignment 1228095 1228320 | 1134075 1134300 | 226 226 | 97.35 | NC_057380.1 utg5
		Skipping redundant alignment 862613 862840 | 1134303 1134076 | 228 228 | 97.37 | NC_057382.1 utg5
		Skipping redundant alignment 75076 76158 | 1133424 1134506 | 1083 1083 | 96.4 | NC_057381.1 utg5
		Skipping redundant alignment 862613 862840 | 1173303 1173530 | 228 228 | 97.81 | NC_057382.1 utg5
		Skipping redundant alignment 1228095 1228320 | 1173531 1173306 | 226 226 | 97.79 | NC_057380.1 utg5
		Skipping redundant alignment 1227887 1228094 | 1173740 1173533 | 208 208 | 96.63 | NC_057380.1 utg5
		Skipping redundant alignment 862841 863323 | 1173532 1174014 | 483 483 | 95.65 | NC_057382.1 utg5
		Skipping redundant alignment 1465241 1466156 | 1173099 1174014 | 916 916 | 95.63 | NC_057378.1 utg5
		Skipping redundant alignment 1466447 1466562 | 1174303 1174418 | 116 116 | 95.69 | NC_057378.1 utg5
		Skipping redundant alignment 1227194 1227261 | 1174444 1174377 | 68 68 | 97.06 | NC_057380.1 utg5
		Skipping redundant alignment 863616 863755 | 1174305 1174444 | 140 140 | 97.14 | NC_057382.1 utg5
		Skipping redundant alignment 1771951 1772024 | 1273384 1273311 | 74 74 | 98.65 | NC_057372.1 utg5
		Skipping redundant alignment 1792870 1792999 | 1300347 1300476 | 130 130 | 95.38 | NC_057372.1 utg5
		Skipping redundant alignment 1809072 1809177 | 1316218 1316323 | 106 106 | 95.28 | NC_057372.1 utg5
		Skipping redundant alignment 1924846 1925028 | 1453181 1453363 | 183 183 | 97.27 | NC_057372.1 utg5
		Skipping redundant alignment 1944495 1944592 | 1474349 1474446 | 98 98 | 95.92 | NC_057372.1 utg5
		Skipping redundant alignment 1995755 1995858 | 1527648 1527751 | 104 104 | 95.19 | NC_057372.1 utg5
		Skipping redundant alignment 1448114 1448204 | 1604849 1604759 | 91 91 | 95.6 | NC_057380.1 utg5
		Skipping redundant alignment 2093359 2093449 | 1610397 1610487 | 91 91 | 95.6 | NC_057372.1 utg5
		Skipping redundant alignment 2093632 2093714 | 1610665 1610747 | 83 83 | 96.39 | NC_057372.1 utg5
		Skipping redundant alignment 2138877 2138948 | 1655973 1656044 | 72 72 | 98.61 | NC_057372.1 utg5
		Skipping redundant alignment 2455674 2455740 | 1933459 1933525 | 67 67 | 95.52 | NC_057372.1 utg5
		Skipping redundant alignment 2587857 2588010 | 2053546 2053699 | 154 154 | 96.1 | NC_057372.1 utg5
		Skipping redundant alignment 2093992 2094200 | 2114053 2113845 | 209 209 | 96.65 | NC_057371.1 utg5
		Skipping redundant alignment 2687965 2688166 | 2114054 2113853 | 202 202 | 96.04 | NC_057372.1 utg5
		Skipping redundant alignment 2662490 2662692 | 2139560 2139358 | 203 203 | 96.55 | NC_057372.1 utg5
		Skipping redundant alignment 2093995 2094197 | 2139358 2139560 | 203 203 | 96.55 | NC_057371.1 utg5
		Skipping redundant alignment 2779765 2779843 | 2166951 2167029 | 79 79 | 96.2 | NC_057372.1 utg5
		Skipping redundant alignment 2854278 2854348 | 2243176 2243106 | 71 71 | 97.18 | NC_057372.1 utg5
		Skipping redundant alignment 894021 894208 | 2533036 2533223 | 188 188 | 95.21 | NC_057384.1 utg5
		Skipping redundant alignment 95953 96141 | 2533036 2533224 | 189 189 | 95.24 | NC_057377.1 utg5
		Skipping redundant alignment 1227324 1227455 | 2533224 2533355 | 132 132 | 96.21 | NC_057380.1 utg5
		Skipping redundant alignment 894210 894652 | 2533224 2533666 | 443 443 | 97.29 | NC_057384.1 utg5
		Skipping redundant alignment 796206 796645 | 2533669 2533230 | 440 440 | 97.27 | NC_057384.1 utg5
		Skipping redundant alignment 1227458 1227832 | 2533361 2533735 | 375 375 | 96.27 | NC_057380.1 utg5
		Skipping redundant alignment 894697 894786 | 2533711 2533800 | 90 90 | 95.56 | NC_057384.1 utg5
		Skipping redundant alignment 796075 796164 | 2533800 2533711 | 90 90 | 95.56 | NC_057384.1 utg5
		Skipping redundant alignment 3535821 3536546 | 2533950 2533225 | 726 726 | 95.87 | NC_057385.1 utg5
		Skipping redundant alignment 1227887 1228094 | 2533794 2534001 | 208 208 | 97.12 | NC_057380.1 utg5
		Skipping redundant alignment 1228095 1228320 | 2534003 2534228 | 226 226 | 97.35 | NC_057380.1 utg5
		Skipping redundant alignment 894859 895431 | 2533861 2534433 | 573 573 | 95.29 | NC_057384.1 utg5
		Skipping redundant alignment 1465242 1466856 | 2534434 2532821 | 1615 1614 | 95.11 | NC_057378.1 utg5
		Skipping redundant alignment 3535336 3535820 | 2534436 2533952 | 485 485 | 96.08 | NC_057385.1 utg5
		Skipping redundant alignment 96143 97354 | 2533225 2534436 | 1212 1212 | 95.54 | NC_057377.1 utg5
		Skipping redundant alignment 823857 824078 | 2592117 2592338 | 222 222 | 95.5 | NC_057384.1 utg5
		Skipping redundant alignment 96975 97352 | 2592495 2592118 | 378 378 | 95.77 | NC_057377.1 utg5
		Skipping redundant alignment 1037716 1038094 | 2592118 2592496 | 379 379 | 97.36 | NC_057371.1 utg5
		Skipping redundant alignment 75780 76158 | 2592496 2592118 | 379 379 | 96.31 | NC_057381.1 utg5
		Skipping redundant alignment 3535338 3535716 | 2592118 2592496 | 379 379 | 96.04 | NC_057385.1 utg5
		Skipping redundant alignment 1465242 1465620 | 2592118 2592496 | 379 379 | 95.78 | NC_057378.1 utg5
		Skipping redundant alignment 1228148 1228525 | 2592496 2592118 | 378 379 | 95.51 | NC_057380.1 utg5
		Skipping redundant alignment 825533 825669 | 2592890 2593026 | 137 137 | 97.81 | NC_057384.1 utg5
		Skipping redundant alignment 1227887 1228086 | 2593093 2592894 | 200 200 | 98.0 | NC_057380.1 utg5
		Skipping redundant alignment 825742 825831 | 2593087 2593176 | 90 90 | 96.67 | NC_057384.1 utg5
		Skipping redundant alignment 1227308 1227455 | 2593679 2593532 | 148 148 | 95.27 | NC_057380.1 utg5
		Skipping redundant alignment 1465679 1466562 | 2592890 2593773 | 884 884 | 95.14 | NC_057378.1 utg5
		Skipping redundant alignment 1466563 1466635 | 2593775 2593847 | 73 73 | 97.26 | NC_057378.1 utg5
		Skipping redundant alignment 825873 826502 | 2593218 2593847 | 630 630 | 96.35 | NC_057384.1 utg5
		Skipping redundant alignment 1227141 1227261 | 2593852 2593732 | 121 121 | 96.69 | NC_057380.1 utg5
		Skipping redundant alignment 95953 96912 | 2593852 2592893 | 960 960 | 95.52 | NC_057377.1 utg5
		Skipping redundant alignment 1227141 1227261 | 2672583 2672703 | 121 121 | 96.69 | NC_057380.1 utg5
		Skipping redundant alignment 1227308 1227455 | 2672756 2672903 | 148 148 | 95.95 | NC_057380.1 utg5
		Skipping redundant alignment 894021 894652 | 2672583 2673214 | 632 632 | 96.52 | NC_057384.1 utg5
		Skipping redundant alignment 1227458 1227832 | 2672909 2673283 | 375 375 | 95.73 | NC_057380.1 utg5
		Skipping redundant alignment 1227887 1228094 | 2673342 2673549 | 208 208 | 97.6 | NC_057380.1 utg5
		Skipping redundant alignment 1228095 1228320 | 2673551 2673776 | 226 226 | 96.02 | NC_057380.1 utg5
			The best set is below. Score: 21816.1, number of alignments: 45, unaligned bases: 2700808
		This contig is misassembled.
		This contig is partially unaligned. (Aligned 26122 out of 2726930 non-N bases (0.96%))
			Warning! This contig is more unaligned than misassembled. Contig length is 2726930 (number of Ns: 0) and total length of all aligns is 26122
		Alignment: 149124 149192 | 4525 4593 | 69 69 | 100.0 | NC_057372.1 utg5
		Alignment: 149290 149374 | 4691 4775 | 85 85 | 98.82 | NC_057372.1 utg5
		Alignment: 149970 150041 | 5368 5439 | 72 72 | 100.0 | NC_057372.1 utg5
		Alignment: 150044 150438 | 5440 5834 | 395 395 | 99.75 | NC_057372.1 utg5
		Alignment: 150439 150618 | 5836 6015 | 180 180 | 100.0 | NC_057372.1 utg5
		Alignment: 150829 150955 | 6204 6330 | 127 127 | 95.28 | NC_057372.1 utg5
		Alignment: 150957 151078 | 6331 6452 | 122 122 | 96.72 | NC_057372.1 utg5
		Alignment: 151109 151204 | 6478 6573 | 96 96 | 98.96 | NC_057372.1 utg5
		Alignment: 151279 151361 | 6642 6724 | 83 83 | 100.0 | NC_057372.1 utg5
		Alignment: 151419 151498 | 6782 6861 | 80 80 | 95.0 | NC_057372.1 utg5
		Alignment: 151561 151649 | 6922 7010 | 89 89 | 100.0 | NC_057372.1 utg5
		Alignment: 151651 152204 | 7011 7564 | 554 554 | 98.74 | NC_057372.1 utg5
		Alignment: 152226 152440 | 7581 7795 | 215 215 | 96.74 | NC_057372.1 utg5
		Alignment: 152505 152616 | 7858 7969 | 112 112 | 95.54 | NC_057372.1 utg5
		Alignment: 152623 152833 | 7975 8185 | 211 211 | 97.16 | NC_057372.1 utg5
		Alignment: 152834 152930 | 8188 8284 | 97 97 | 100.0 | NC_057372.1 utg5
		Alignment: 152932 153626 | 8285 8979 | 695 695 | 98.99 | NC_057372.1 utg5
		Alignment: 153628 154219 | 8980 9571 | 592 592 | 98.31 | NC_057372.1 utg5
		Alignment: 154259 154413 | 9609 9763 | 155 155 | 100.0 | NC_057372.1 utg5
		Alignment: 154415 155026 | 9764 10375 | 612 612 | 99.51 | NC_057372.1 utg5
		Alignment: 155032 155120 | 10376 10464 | 89 89 | 98.88 | NC_057372.1 utg5
		Alignment: 148421 155120 | 13131 19766 | 6700 6636 | 96.43 | NC_057372.1 utg5
		Alignment: 158224 161931 | 22436 26097 | 3708 3662 | 95.28 | NC_057372.1 utg5
		Alignment: 154378 155120 | 36939 37681 | 743 743 | 95.69 | NC_057372.1 utg5
		Alignment: 1107655 1107778 | 678146 678269 | 124 124 | 98.39 | NC_057372.1 utg5
		Alignment: 1200457 1200521 | 771597 771661 | 65 65 | 98.46 | NC_057372.1 utg5
		Alignment: 1255138 1255290 | 826044 826196 | 153 153 | 96.73 | NC_057372.1 utg5
		Alignment: 862613 862840 | 1112554 1112781 | 228 228 | 97.37 | NC_057382.1 utg5
		Alignment: 862841 863755 | 1112783 1113697 | 915 915 | 96.17 | NC_057382.1 utg5
		Alignment: 96006 96141 | 1133161 1133296 | 136 136 | 95.59 | NC_057377.1 utg5
		Alignment: 96143 97352 | 1133297 1134506 | 1210 1210 | 95.29 | NC_057377.1 utg5
		Alignment: 3535338 3535820 | 1173100 1173582 | 483 483 | 95.65 | NC_057385.1 utg5
		Alignment: 3535821 3536251 | 1173584 1174014 | 431 431 | 95.36 | NC_057385.1 utg5
		Alignment: 3536253 3536546 | 1174015 1174308 | 294 294 | 95.24 | NC_057385.1 utg5
		Alignment: 3536548 3536673 | 1174309 1174434 | 126 126 | 95.24 | NC_057385.1 utg5
		Alignment: 2662489 2662696 | 2113847 2114054 | 208 208 | 96.63 | NC_057372.1 utg5
		Alignment: 2687969 2688166 | 2139358 2139555 | 198 198 | 95.96 | NC_057372.1 utg5
		Alignment: 1956171 1956531 | 2226292 2226652 | 361 361 | 96.12 | NC_057379.1 utg5
		Alignment: 1219157 1219257 | 2227638 2227538 | 101 101 | 96.04 | NC_057380.1 utg5
		Alignment: 1218946 1219137 | 2227849 2227658 | 192 192 | 95.31 | NC_057380.1 utg5
		Alignment: 2906377 2906692 | 2270690 2271005 | 316 316 | 95.25 | NC_057372.1 utg5
		Alignment: 862409 864034 | 2534436 2532811 | 1626 1626 | 95.64 | NC_057382.1 utg5
		Alignment: 862411 862788 | 2592118 2592496 | 378 379 | 95.51 | NC_057382.1 utg5
		Alignment: 862850 864031 | 2592894 2594074 | 1182 1181 | 95.43 | NC_057382.1 utg5
		Alignment: 862409 864031 | 2673984 2672361 | 1623 1624 | 95.38 | NC_057382.1 utg5
		Unaligned bases: 2700808

CONTIG: utg6 (112181bp)
		This contig is unaligned. (112181 bp)
		Unaligned bases: 112181 (number of Ns: 0)

CONTIG: utg7 (2108200bp)
Best alignment score: 1552.1 (LEN: 1624, IDY: 95.57), Total number of alignments: 41
			Looking for the best set of alignments (out of 41 total alignments)
			Skipping redundant alignments after choosing the best set of alignments
		Skipping redundant alignment 871321 871473 | 144053 143901 | 153 153 | 96.08 | NC_057382.1 utg7
		Skipping redundant alignment 1059375 1059447 | 353152 353080 | 73 73 | 100.0 | NC_057378.1 utg7
		Skipping redundant alignment 1093386 1093460 | 353155 353081 | 75 75 | 100.0 | NC_057378.1 utg7
		Skipping redundant alignment 952127 952201 | 353155 353081 | 75 75 | 100.0 | NC_057378.1 utg7
		Skipping redundant alignment 1073049 1073124 | 353155 353080 | 76 76 | 100.0 | NC_057378.1 utg7
		Skipping redundant alignment 926406 926482 | 353156 353080 | 77 77 | 100.0 | NC_057378.1 utg7
		Skipping redundant alignment 606413 606486 | 438120 438193 | 74 74 | 97.3 | NC_057375.1 utg7
		Skipping redundant alignment 871321 871557 | 528604 528840 | 237 237 | 95.78 | NC_057382.1 utg7
		Skipping redundant alignment 1473146 1473326 | 592256 592436 | 181 181 | 95.03 | NC_057378.1 utg7
		Skipping redundant alignment 969608 969692 | 659097 659181 | 85 85 | 98.82 | NC_057375.1 utg7
		Skipping redundant alignment 1015535 1015600 | 705173 705238 | 66 66 | 95.45 | NC_057375.1 utg7
		Skipping redundant alignment 871320 871556 | 741576 741812 | 237 237 | 95.36 | NC_057382.1 utg7
		Skipping redundant alignment 871940 872081 | 847877 848018 | 142 142 | 95.07 | NC_057382.1 utg7
		Skipping redundant alignment 1250490 1250554 | 952568 952632 | 65 65 | 95.38 | NC_057375.1 utg7
		Skipping redundant alignment 1265445 1265521 | 967689 967765 | 77 77 | 96.1 | NC_057375.1 utg7
		Skipping redundant alignment 1323367 1323444 | 1017672 1017749 | 78 78 | 96.15 | NC_057375.1 utg7
		Skipping redundant alignment 1228095 1228320 | 1382224 1381999 | 226 226 | 97.79 | NC_057380.1 utg7
		Skipping redundant alignment 3535337 3535820 | 1381792 1382275 | 484 484 | 96.49 | NC_057385.1 utg7
		Skipping redundant alignment 1227885 1228094 | 1382435 1382226 | 210 210 | 95.71 | NC_057380.1 utg7
		Skipping redundant alignment 1227547 1227832 | 1382777 1382492 | 286 286 | 96.85 | NC_057380.1 utg7
		Skipping redundant alignment 1227458 1227538 | 1382866 1382786 | 81 81 | 97.53 | NC_057380.1 utg7
		Skipping redundant alignment 1227308 1227455 | 1383019 1382872 | 148 148 | 96.62 | NC_057380.1 utg7
		Skipping redundant alignment 1227141 1227261 | 1383192 1383072 | 121 121 | 95.04 | NC_057380.1 utg7
		Skipping redundant alignment 95953 97353 | 1383192 1381792 | 1401 1401 | 95.15 | NC_057377.1 utg7
		Skipping redundant alignment 1983477 1983568 | 1720580 1720672 | 92 93 | 98.92 | NC_057375.1 utg7
		Skipping redundant alignment 2025132 2025207 | 1766062 1766137 | 76 76 | 97.37 | NC_057375.1 utg7
		Skipping redundant alignment 2064822 2064886 | 1811634 1811698 | 65 65 | 95.38 | NC_057375.1 utg7
		This contig has several significant sets of alignments. [An ambiguously mapped contig]
		Using only the very best set (option --ambiguity-usage is set to "one").
			The best set is below. Score: 2564.7, number of alignments: 14, unaligned bases: 2103437
		This contig is misassembled.
		This contig is partially unaligned. (Aligned 4763 out of 2108200 non-N bases (0.23%))
			Warning! This contig is more unaligned than misassembled. Contig length is 2108200 (number of Ns: 0) and total length of all aligns is 4763
		Alignment: 1218946 1219137 | 143356 143547 | 192 192 | 95.83 | NC_057380.1 utg7
		Alignment: 1219138 1219257 | 143549 143668 | 120 120 | 95.0 | NC_057380.1 utg7
		Alignment: 1219504 1219642 | 143913 144051 | 139 139 | 95.68 | NC_057380.1 utg7
		Alignment: 1956171 1956531 | 144908 144548 | 361 361 | 96.4 | NC_057379.1 utg7
		Alignment: 1956170 1956531 | 527749 528110 | 362 362 | 95.58 | NC_057379.1 utg7
		Alignment: 1219504 1219642 | 528744 528606 | 139 139 | 96.4 | NC_057380.1 utg7
		Alignment: 1218946 1219137 | 529307 529116 | 192 192 | 96.35 | NC_057380.1 utg7
		Alignment: 1474151 1474217 | 588132 588198 | 67 67 | 97.01 | NC_057378.1 utg7
		Alignment: 1474337 1474423 | 588288 588374 | 87 87 | 98.85 | NC_057378.1 utg7
		Alignment: 1474640 1475035 | 588539 588934 | 396 396 | 96.97 | NC_057378.1 utg7
		Alignment: 1956171 1956531 | 740723 741083 | 361 361 | 95.84 | NC_057379.1 utg7
		Alignment: 862410 864032 | 1381792 1383415 | 1623 1624 | 95.57 | NC_057382.1 utg7
		Alignment: 1956171 1956531 | 1682324 1682684 | 361 361 | 95.84 | NC_057379.1 utg7
		Alignment: 1956170 1956531 | 1902335 1901974 | 362 362 | 96.13 | NC_057379.1 utg7
		Unaligned bases: 2103437

CONTIG: utg8 (101429bp)
		This contig is unaligned. (101429 bp)
		Unaligned bases: 101429 (number of Ns: 0)

CONTIG: utg11 (140141bp)
		This contig is unaligned. (140141 bp)
		Unaligned bases: 140141 (number of Ns: 0)

CONTIG: utg13 (685561bp)
Best alignment score: 91.0 (LEN: 92, IDY: 98.91), Total number of alignments: 3
			Looking for the best set of alignments (out of 3 total alignments)
			Skipping redundant alignments after choosing the best set of alignments
		Skipping redundant alignment 1860790 1860872 | 415195 415276 | 83 82 | 97.59 | NC_057382.1 utg13
			The best set is below. Score: 159.0, number of alignments: 2, unaligned bases: 685398
		This contig is misassembled.
		This contig is partially unaligned. (Aligned 163 out of 685561 non-N bases (0.02%))
			Warning! This contig is more unaligned than misassembled. Contig length is 685561 (number of Ns: 0) and total length of all aligns is 163
		Alignment: 1884271 1884341 | 510035 509965 | 71 71 | 95.77 | NC_057379.1 utg13
		Alignment: 1883870 1883961 | 510433 510342 | 92 92 | 98.91 | NC_057379.1 utg13
		Unaligned bases: 685398

CONTIG: utg16 (43647bp)
		This contig is unaligned. (43647 bp)
		Unaligned bases: 43647 (number of Ns: 0)

CONTIG: utg17 (1701422bp)
Best alignment score: 1554.1 (LEN: 1629, IDY: 95.40), Total number of alignments: 43
			Looking for the best set of alignments (out of 43 total alignments)
			Skipping redundant alignments after choosing the best set of alignments
		Skipping redundant alignment 3535338 3535435 | 54591 54688 | 98 98 | 96.94 | NC_057385.1 utg17
		Skipping redundant alignment 1228095 1228320 | 55023 54798 | 226 226 | 97.79 | NC_057380.1 utg17
		Skipping redundant alignment 3535436 3535820 | 54690 55074 | 385 385 | 95.06 | NC_057385.1 utg17
		Skipping redundant alignment 1227887 1228094 | 55232 55025 | 208 208 | 97.12 | NC_057380.1 utg17
		Skipping redundant alignment 1227571 1227832 | 55552 55291 | 262 262 | 97.71 | NC_057380.1 utg17
		Skipping redundant alignment 3535821 3536297 | 55076 55552 | 477 477 | 96.44 | NC_057385.1 utg17
		Skipping redundant alignment 96392 97247 | 55552 54697 | 856 856 | 96.03 | NC_057377.1 utg17
		Skipping redundant alignment 1227504 1227570 | 55622 55556 | 67 67 | 95.52 | NC_057380.1 utg17
		Skipping redundant alignment 96163 96324 | 55785 55624 | 162 162 | 96.91 | NC_057377.1 utg17
		Skipping redundant alignment 3536365 3536526 | 55624 55785 | 162 162 | 96.91 | NC_057385.1 utg17
		Skipping redundant alignment 3536528 3536762 | 55786 56020 | 235 235 | 95.32 | NC_057385.1 utg17
		Skipping redundant alignment 95925 96161 | 56022 55786 | 237 237 | 95.78 | NC_057377.1 utg17
		Skipping redundant alignment 1227077 1227261 | 56058 55874 | 185 185 | 95.14 | NC_057380.1 utg17
		Skipping redundant alignment 1956340 1956531 | 73054 73245 | 192 192 | 95.31 | NC_057379.1 utg17
		Skipping redundant alignment 871320 871557 | 73717 73954 | 238 238 | 95.38 | NC_057382.1 utg17
		Skipping redundant alignment 1227054 1227261 | 592604 592811 | 208 208 | 95.67 | NC_057380.1 utg17
		Skipping redundant alignment 3536548 3536762 | 592879 592665 | 215 215 | 96.28 | NC_057385.1 utg17
		Skipping redundant alignment 95925 96141 | 592663 592879 | 217 217 | 96.31 | NC_057377.1 utg17
		Skipping redundant alignment 1227458 1227832 | 593016 593390 | 375 375 | 96.0 | NC_057380.1 utg17
		Skipping redundant alignment 1227887 1228040 | 593449 593602 | 154 154 | 97.4 | NC_057380.1 utg17
		Skipping redundant alignment 96143 96865 | 592880 593602 | 723 723 | 95.02 | NC_057377.1 utg17
		Skipping redundant alignment 1228095 1228320 | 593657 593882 | 226 226 | 96.46 | NC_057380.1 utg17
		Skipping redundant alignment 96867 97353 | 593603 594089 | 487 487 | 95.28 | NC_057377.1 utg17
		Skipping redundant alignment 3535337 3536546 | 594089 592880 | 1210 1210 | 95.37 | NC_057385.1 utg17
		Skipping redundant alignment 1406077 1406206 | 778776 778905 | 130 130 | 97.69 | NC_057382.1 utg17
		Skipping redundant alignment 1407679 1407760 | 780386 780467 | 82 82 | 95.12 | NC_057382.1 utg17
		Skipping redundant alignment 1417451 1417537 | 796546 796632 | 87 87 | 97.7 | NC_057382.1 utg17
		Skipping redundant alignment 1502822 1502904 | 893146 893229 | 83 84 | 98.81 | NC_057382.1 utg17
		Skipping redundant alignment 1506609 1506690 | 897169 897250 | 82 82 | 96.34 | NC_057382.1 utg17
		Skipping redundant alignment 1776831 1776935 | 1181561 1181665 | 105 105 | 95.24 | NC_057382.1 utg17
		Skipping redundant alignment 1776937 1777005 | 1181666 1181734 | 69 69 | 95.65 | NC_057382.1 utg17
		Skipping redundant alignment 1817119 1817235 | 1224668 1224782 | 117 115 | 96.58 | NC_057382.1 utg17
		Skipping redundant alignment 1827587 1827711 | 1235026 1235149 | 125 124 | 96.0 | NC_057382.1 utg17
		Skipping redundant alignment 1861868 1861950 | 1256220 1256138 | 83 83 | 95.18 | NC_057382.1 utg17
		Skipping redundant alignment 1860788 1860879 | 1257486 1257395 | 92 92 | 95.65 | NC_057382.1 utg17
		Skipping redundant alignment 1873700 1873784 | 1258712 1258797 | 85 86 | 96.51 | NC_057382.1 utg17
		Skipping redundant alignment 1837996 1838086 | 1275109 1275199 | 91 91 | 97.8 | NC_057382.1 utg17
		Skipping redundant alignment 1842830 1842912 | 1278579 1278661 | 83 83 | 96.39 | NC_057382.1 utg17
		Skipping redundant alignment 1872880 1872963 | 1278579 1278662 | 84 84 | 97.62 | NC_057382.1 utg17
		Skipping redundant alignment 2010048 2010136 | 1355106 1355018 | 89 89 | 95.51 | NC_057382.1 utg17
		Skipping redundant alignment 952127 952208 | 1539583 1539664 | 82 82 | 97.56 | NC_057378.1 utg17
		This contig has several significant sets of alignments. [An ambiguously mapped contig]
		Using only the very best set (option --ambiguity-usage is set to "one").
			The best set is below. Score: 2845.1, number of alignments: 2, unaligned bases: 1698171
		This contig is misassembled.
		This contig is partially unaligned. (Aligned 3251 out of 1701422 non-N bases (0.19%))
			Warning! This contig is more unaligned than misassembled. Contig length is 1701422 (number of Ns: 0) and total length of all aligns is 3251
		Alignment: 862411 864031 | 54591 56219 | 1621 1629 | 95.4 | NC_057382.1 utg17
		Alignment: 862410 864031 | 594089 592468 | 1622 1622 | 95.02 | NC_057382.1 utg17
		Unaligned bases: 1698171

CONTIG: utg18 (40302bp)
		This contig is unaligned. (40302 bp)
		Unaligned bases: 40302 (number of Ns: 0)

CONTIG: utg20 (32834bp)
		This contig is unaligned. (32834 bp)
		Unaligned bases: 32834 (number of Ns: 0)

CONTIG: utg22 (2489550bp)
Best alignment score: 773.0 (LEN: 810, IDY: 95.43), Total number of alignments: 37
			Looking for the best set of alignments (out of 37 total alignments)
			Skipping redundant alignments after choosing the best set of alignments
		Skipping redundant alignment 386412 386503 | 228896 228805 | 92 92 | 96.74 | NC_057371.1 utg22
		Skipping redundant alignment 454921 455003 | 300251 300333 | 83 83 | 96.39 | NC_057371.1 utg22
		Skipping redundant alignment 507491 507584 | 350135 350228 | 94 94 | 96.81 | NC_057371.1 utg22
		Skipping redundant alignment 509332 509475 | 352006 352149 | 144 144 | 97.22 | NC_057371.1 utg22
		Skipping redundant alignment 1083222 1083295 | 761826 761753 | 74 74 | 100.0 | NC_057378.1 utg22
		Skipping redundant alignment 1089195 1089268 | 761826 761753 | 74 74 | 100.0 | NC_057378.1 utg22
		Skipping redundant alignment 921139 921212 | 761826 761753 | 74 74 | 100.0 | NC_057378.1 utg22
		Skipping redundant alignment 1228094 1228320 | 885415 885189 | 227 227 | 96.92 | NC_057380.1 utg22
		Skipping redundant alignment 1227887 1228093 | 885623 885417 | 207 207 | 95.17 | NC_057380.1 utg22
		Skipping redundant alignment 1227458 1227832 | 886056 885682 | 375 375 | 95.73 | NC_057380.1 utg22
		Skipping redundant alignment 1293850 1293923 | 1193475 1193548 | 74 74 | 95.95 | NC_057371.1 utg22
		Skipping redundant alignment 1478574 1478733 | 1395596 1395755 | 160 160 | 95.0 | NC_057371.1 utg22
		Skipping redundant alignment 1523777 1523888 | 1442338 1442449 | 112 112 | 96.43 | NC_057371.1 utg22
		Skipping redundant alignment 1651980 1652044 | 1574283 1574347 | 65 65 | 96.92 | NC_057371.1 utg22
		Skipping redundant alignment 1219504 1219636 | 1584901 1584769 | 133 133 | 96.99 | NC_057380.1 utg22
		Skipping redundant alignment 871329 871480 | 1584769 1584920 | 152 152 | 96.05 | NC_057382.1 utg22
		Skipping redundant alignment 871945 872012 | 1585306 1585373 | 68 68 | 95.59 | NC_057382.1 utg22
		Skipping redundant alignment 1218959 1219026 | 1585373 1585306 | 68 68 | 95.59 | NC_057380.1 utg22
		Skipping redundant alignment 1713908 1714011 | 1635981 1636084 | 104 104 | 95.19 | NC_057371.1 utg22
		Skipping redundant alignment 2045424 2045508 | 1905390 1905474 | 85 85 | 96.47 | NC_057371.1 utg22
		Skipping redundant alignment 2687966 2688159 | 1955035 1955228 | 194 194 | 95.88 | NC_057372.1 utg22
		Skipping redundant alignment 2662502 2662695 | 1955228 1955035 | 194 194 | 95.36 | NC_057372.1 utg22
		Skipping redundant alignment 2093984 2094185 | 1955027 1955228 | 202 202 | 96.53 | NC_057371.1 utg22
		Skipping redundant alignment 2164818 2164889 | 2014293 2014364 | 72 72 | 97.22 | NC_057371.1 utg22
		Skipping redundant alignment 2180787 2180861 | 2030239 2030313 | 75 75 | 96.0 | NC_057371.1 utg22
		Skipping redundant alignment 2431714 2431876 | 2151379 2151541 | 163 163 | 95.71 | NC_057371.1 utg22
		Skipping redundant alignment 2589939 2590091 | 2292441 2292593 | 153 153 | 95.42 | NC_057371.1 utg22
		This contig has several significant sets of alignments. [An ambiguously mapped contig]
		Using only the very best set (option --ambiguity-usage is set to "one").
			The best set is below. Score: 1280.1, number of alignments: 10, unaligned bases: 2487632
		This contig is misassembled.
		This contig is partially unaligned. (Aligned 1918 out of 2489550 non-N bases (0.08%))
			Warning! This contig is more unaligned than misassembled. Contig length is 2489550 (number of Ns: 0) and total length of all aligns is 1918
		Alignment: 862613 862840 | 885186 885413 | 228 228 | 97.37 | NC_057382.1 utg22
		Alignment: 862841 863650 | 885415 886224 | 810 810 | 95.43 | NC_057382.1 utg22
		Alignment: 863652 863799 | 886225 886372 | 148 148 | 95.95 | NC_057382.1 utg22
		Alignment: 1111205 1111307 | 999882 999984 | 103 103 | 99.03 | NC_057371.1 utg22
		Alignment: 1114335 1114420 | 1002968 1003053 | 86 86 | 98.84 | NC_057371.1 utg22
		Alignment: 1146463 1146565 | 1035247 1035349 | 103 103 | 96.12 | NC_057371.1 utg22
		Alignment: 1567019 1567119 | 1486889 1486987 | 101 99 | 96.04 | NC_057371.1 utg22
		Alignment: 1770316 1770515 | 1689930 1690129 | 200 200 | 98.0 | NC_057371.1 utg22
		Alignment: 1775295 1775366 | 1694888 1694959 | 72 72 | 100.0 | NC_057371.1 utg22
		Alignment: 1782816 1782884 | 1701999 1702067 | 69 69 | 97.1 | NC_057371.1 utg22
		Unaligned bases: 2487632

CONTIG: utg23 (62454bp)
		This contig is unaligned. (62454 bp)
		Unaligned bases: 62454 (number of Ns: 0)

CONTIG: utg24 (65152bp)
		This contig is unaligned. (65152 bp)
		Unaligned bases: 65152 (number of Ns: 0)

CONTIG: utg25 (153302bp)
		This contig is unaligned. (153302 bp)
		Unaligned bases: 153302 (number of Ns: 0)

CONTIG: utg26 (1132728bp)
Best alignment score: 1544.1 (LEN: 1623, IDY: 95.14), Total number of alignments: 48
			Looking for the best set of alignments (out of 48 total alignments)
			Skipping redundant alignments after choosing the best set of alignments
		Skipping redundant alignment 1075142 1075227 | 135021 135106 | 86 86 | 98.84 | NC_057376.1 utg26
		Skipping redundant alignment 1075143 1075227 | 147443 147359 | 85 85 | 98.82 | NC_057376.1 utg26
		Skipping redundant alignment 1227141 1227261 | 222789 222909 | 121 121 | 95.04 | NC_057380.1 utg26
		Skipping redundant alignment 1227308 1227455 | 222962 223109 | 148 148 | 95.27 | NC_057380.1 utg26
		Skipping redundant alignment 1227458 1227832 | 223115 223489 | 375 375 | 96.27 | NC_057380.1 utg26
		Skipping redundant alignment 95953 96677 | 222789 223513 | 725 725 | 95.72 | NC_057377.1 utg26
		Skipping redundant alignment 3536010 3536731 | 223515 222794 | 722 722 | 95.84 | NC_057385.1 utg26
		Skipping redundant alignment 1227887 1227951 | 223547 223611 | 65 65 | 98.46 | NC_057380.1 utg26
		Skipping redundant alignment 96679 96776 | 223514 223611 | 98 98 | 97.96 | NC_057377.1 utg26
		Skipping redundant alignment 3535910 3536008 | 223614 223516 | 99 99 | 97.98 | NC_057385.1 utg26
		Skipping redundant alignment 1227953 1228094 | 223612 223753 | 142 142 | 95.77 | NC_057380.1 utg26
		Skipping redundant alignment 3535695 3535820 | 223829 223704 | 126 126 | 95.24 | NC_057385.1 utg26
		Skipping redundant alignment 1228169 1228320 | 223828 223979 | 152 152 | 98.03 | NC_057380.1 utg26
		Skipping redundant alignment 3535336 3535693 | 224187 223830 | 358 358 | 95.53 | NC_057385.1 utg26
		Skipping redundant alignment 96995 97354 | 223828 224187 | 360 360 | 95.28 | NC_057377.1 utg26
		Skipping redundant alignment 659562 659644 | 442979 443061 | 83 83 | 95.18 | NC_057384.1 utg26
		Skipping redundant alignment 3536697 3536763 | 537738 537672 | 67 67 | 97.01 | NC_057385.1 utg26
		Skipping redundant alignment 1227194 1227261 | 537729 537796 | 68 68 | 97.06 | NC_057380.1 utg26
		Skipping redundant alignment 1227308 1227455 | 537849 537996 | 148 148 | 95.95 | NC_057380.1 utg26
		Skipping redundant alignment 796206 796777 | 538310 537739 | 572 572 | 95.63 | NC_057384.1 utg26
		Skipping redundant alignment 1227458 1227832 | 538002 538376 | 375 375 | 95.73 | NC_057380.1 utg26
		Skipping redundant alignment 3535821 3536673 | 538591 537739 | 853 853 | 95.43 | NC_057385.1 utg26
		Skipping redundant alignment 1227887 1228094 | 538435 538642 | 208 208 | 96.15 | NC_057380.1 utg26
		Skipping redundant alignment 795818 796002 | 538686 538502 | 185 185 | 96.22 | NC_057384.1 utg26
		Skipping redundant alignment 1228136 1228320 | 538684 538868 | 185 185 | 98.38 | NC_057380.1 utg26
		Skipping redundant alignment 1228095 1228320 | 564745 564970 | 226 226 | 97.79 | NC_057380.1 utg26
		Skipping redundant alignment 862613 862840 | 564973 564746 | 228 228 | 97.81 | NC_057382.1 utg26
		Skipping redundant alignment 75580 76158 | 992390 991811 | 579 580 | 96.38 | NC_057381.1 utg26
		Skipping redundant alignment 1227949 1228525 | 992390 991811 | 577 580 | 95.34 | NC_057380.1 utg26
		Skipping redundant alignment 862411 862987 | 991811 992390 | 577 580 | 95.34 | NC_057382.1 utg26
		Skipping redundant alignment 1465241 1465820 | 991810 992390 | 580 581 | 95.87 | NC_057378.1 utg26
		Skipping redundant alignment 825742 825831 | 994255 994344 | 90 90 | 96.67 | NC_057384.1 utg26
		Skipping redundant alignment 862986 863170 | 994198 994382 | 185 185 | 96.76 | NC_057382.1 utg26
		Skipping redundant alignment 825878 826006 | 994384 994512 | 129 129 | 95.35 | NC_057384.1 utg26
		Skipping redundant alignment 826237 826502 | 994703 994968 | 266 266 | 96.99 | NC_057384.1 utg26
		Skipping redundant alignment 863538 863803 | 994703 994968 | 266 266 | 95.49 | NC_057382.1 utg26
		Skipping redundant alignment 1227141 1227261 | 994973 994853 | 121 121 | 96.69 | NC_057380.1 utg26
		This contig has several significant sets of alignments. [An ambiguously mapped contig]
		Using only the very best set (option --ambiguity-usage is set to "one").
			The best set is below. Score: 3186.1, number of alignments: 11, unaligned bases: 1128109
		This contig is misassembled.
		This contig is partially unaligned. (Aligned 4619 out of 1132728 non-N bases (0.41%))
			Warning! This contig is more unaligned than misassembled. Contig length is 1132728 (number of Ns: 0) and total length of all aligns is 4619
		Alignment: 862409 864033 | 224187 222565 | 1625 1623 | 95.14 | NC_057382.1 utg26
		Alignment: 520548 520624 | 396240 396316 | 77 77 | 97.4 | NC_057384.1 utg26
		Alignment: 522342 522514 | 398069 398241 | 173 173 | 95.95 | NC_057384.1 utg26
		Alignment: 523037 523117 | 398788 398868 | 81 81 | 95.06 | NC_057384.1 utg26
		Alignment: 862841 863755 | 538643 537729 | 915 915 | 96.28 | NC_057382.1 utg26
		Alignment: 862613 862797 | 538871 538687 | 185 185 | 98.38 | NC_057382.1 utg26
		Alignment: 1956169 1956531 | 874833 875195 | 363 363 | 96.42 | NC_057379.1 utg26
		Alignment: 1037716 1038294 | 991811 992390 | 579 580 | 97.41 | NC_057371.1 utg26
		Alignment: 1038393 1038521 | 994384 994512 | 129 129 | 96.12 | NC_057371.1 utg26
		Alignment: 1038752 1039017 | 994703 994968 | 266 266 | 96.62 | NC_057371.1 utg26
		Alignment: 1039019 1039245 | 994969 995195 | 227 227 | 96.48 | NC_057371.1 utg26
		Unaligned bases: 1128109

CONTIG: utg28 (2130737bp)
Best alignment score: 1537.3 (LEN: 1618, IDY: 95.01), Total number of alignments: 58
			Looking for the best set of alignments (out of 58 total alignments)
			Skipping redundant alignments after choosing the best set of alignments
		Skipping redundant alignment 1694306 1694398 | 72121 72029 | 93 93 | 95.7 | NC_057385.1 utg28
		Skipping redundant alignment 1666141 1666216 | 100081 100006 | 76 76 | 96.05 | NC_057385.1 utg28
		Skipping redundant alignment 1636113 1636188 | 130064 129989 | 76 76 | 96.05 | NC_057385.1 utg28
		Skipping redundant alignment 1534783 1534863 | 229710 229630 | 81 81 | 98.77 | NC_057385.1 utg28
		Skipping redundant alignment 1390284 1390414 | 364847 364717 | 131 131 | 96.18 | NC_057385.1 utg28
		Skipping redundant alignment 1209098 1209163 | 540291 540226 | 66 66 | 96.97 | NC_057385.1 utg28
		Skipping redundant alignment 1201827 1202042 | 547426 547211 | 216 216 | 96.3 | NC_057385.1 utg28
		Skipping redundant alignment 2168222 2168302 | 714058 714138 | 81 81 | 96.3 | NC_057385.1 utg28
		Skipping redundant alignment 2184604 2184732 | 730447 730573 | 129 127 | 95.35 | NC_057385.1 utg28
		Skipping redundant alignment 2437018 2437164 | 989693 989838 | 147 146 | 97.96 | NC_057385.1 utg28
		Skipping redundant alignment 2694345 2694410 | 1258420 1258355 | 66 66 | 95.45 | NC_057385.1 utg28
		Skipping redundant alignment 2759354 2759444 | 1290330 1290420 | 91 91 | 95.6 | NC_057385.1 utg28
		Skipping redundant alignment 2736346 2736430 | 1312781 1312865 | 85 85 | 100.0 | NC_057385.1 utg28
		Skipping redundant alignment 2736342 2736428 | 1314124 1314210 | 87 87 | 100.0 | NC_057385.1 utg28
		Skipping redundant alignment 2760802 2760886 | 1392139 1392223 | 85 85 | 100.0 | NC_057385.1 utg28
		Skipping redundant alignment 2736340 2736429 | 1392136 1392225 | 90 90 | 98.89 | NC_057385.1 utg28
		Skipping redundant alignment 2759355 2759443 | 1392455 1392543 | 89 89 | 96.63 | NC_057385.1 utg28
		Skipping redundant alignment 2928822 2928890 | 1478657 1478725 | 69 69 | 95.65 | NC_057385.1 utg28
		Skipping redundant alignment 3054142 3054230 | 1608873 1608961 | 89 89 | 95.51 | NC_057385.1 utg28
		Skipping redundant alignment 3165650 3165753 | 1715383 1715486 | 104 104 | 98.08 | NC_057385.1 utg28
		Skipping redundant alignment 1380727 1380799 | 1829982 1830053 | 73 72 | 98.63 | NC_057383.1 utg28
		Skipping redundant alignment 3277752 3277853 | 1849993 1850094 | 102 102 | 98.04 | NC_057385.1 utg28
		Skipping redundant alignment 3304287 3304420 | 1870956 1870823 | 134 134 | 95.52 | NC_057385.1 utg28
		Skipping redundant alignment 3257742 3257848 | 1990112 1990218 | 107 107 | 95.33 | NC_057385.1 utg28
		Skipping redundant alignment 894021 894101 | 2054323 2054403 | 81 81 | 95.06 | NC_057384.1 utg28
		Skipping redundant alignment 826403 826502 | 2054427 2054328 | 100 100 | 96.0 | NC_057384.1 utg28
		Skipping redundant alignment 1227324 1227455 | 2054994 2055125 | 132 132 | 96.21 | NC_057380.1 utg28
		Skipping redundant alignment 796206 796645 | 2055439 2055000 | 440 440 | 96.82 | NC_057384.1 utg28
		Skipping redundant alignment 1227458 1227832 | 2055131 2055505 | 375 375 | 96.27 | NC_057380.1 utg28
		Skipping redundant alignment 796075 796164 | 2055570 2055481 | 90 90 | 95.56 | NC_057384.1 utg28
		Skipping redundant alignment 795907 796002 | 2055726 2055631 | 96 96 | 97.92 | NC_057384.1 utg28
		Skipping redundant alignment 1228095 1228320 | 2055773 2055998 | 226 226 | 97.35 | NC_057380.1 utg28
		Skipping redundant alignment 75076 76158 | 2055122 2056204 | 1083 1083 | 96.31 | NC_057381.1 utg28
		Skipping redundant alignment 3535338 3536637 | 2056204 2054905 | 1300 1300 | 95.31 | NC_057385.1 utg28
		Skipping redundant alignment 96052 97352 | 2054905 2056204 | 1301 1300 | 95.0 | NC_057377.1 utg28
		Skipping redundant alignment 1228095 1228320 | 2090002 2089777 | 226 226 | 97.35 | NC_057380.1 utg28
		Skipping redundant alignment 1227887 1228094 | 2090211 2090004 | 208 208 | 96.63 | NC_057380.1 utg28
		Skipping redundant alignment 1227612 1227832 | 2090490 2090270 | 221 221 | 95.48 | NC_057380.1 utg28
		Skipping redundant alignment 1227458 1227610 | 2090643 2090491 | 153 153 | 97.39 | NC_057380.1 utg28
		Skipping redundant alignment 1227308 1227455 | 2090796 2090649 | 148 148 | 95.95 | NC_057380.1 utg28
		This contig has several significant sets of alignments. [An ambiguously mapped contig]
		Using only the very best set (option --ambiguity-usage is set to "one").
			The best set is below. Score: 3378.2, number of alignments: 18, unaligned bases: 2125993
		This contig is misassembled.
		This contig is partially unaligned. (Aligned 4744 out of 2130737 non-N bases (0.22%))
			Warning! This contig is more unaligned than misassembled. Contig length is 2130737 (number of Ns: 0) and total length of all aligns is 4744
		Alignment: 1166482 1166576 | 584526 584432 | 95 95 | 97.89 | NC_057385.1 utg28
		Alignment: 1165522 1165666 | 585514 585370 | 145 145 | 95.86 | NC_057385.1 utg28
		Alignment: 1165304 1165393 | 585720 585631 | 90 90 | 95.56 | NC_057385.1 utg28
		Alignment: 2311954 2312025 | 862061 862132 | 72 72 | 97.22 | NC_057385.1 utg28
		Alignment: 2321497 2321593 | 871572 871668 | 97 97 | 95.88 | NC_057385.1 utg28
		Alignment: 2337518 2337664 | 887480 887626 | 147 147 | 98.64 | NC_057385.1 utg28
		Alignment: 2382082 2382191 | 932145 932254 | 110 110 | 95.5 | NC_057385.1 utg28
		Alignment: 2736342 2736431 | 1290332 1290421 | 90 90 | 100.0 | NC_057385.1 utg28
		Alignment: 2769603 2769735 | 1323330 1323461 | 133 132 | 96.24 | NC_057385.1 utg28
		Alignment: 2785921 2786144 | 1339528 1339751 | 224 224 | 96.88 | NC_057385.1 utg28
		Alignment: 2786277 2786413 | 1339893 1340029 | 137 137 | 96.35 | NC_057385.1 utg28
		Alignment: 2789642 2789736 | 1343233 1343327 | 95 95 | 96.84 | NC_057385.1 utg28
		Alignment: 3106987 3107108 | 1660842 1660965 | 122 124 | 95.97 | NC_057385.1 utg28
		Alignment: 3114733 3114805 | 1668646 1668718 | 73 73 | 97.26 | NC_057385.1 utg28
		Alignment: 3246608 3246696 | 1801190 1801278 | 89 89 | 95.51 | NC_057385.1 utg28
		Alignment: 3257743 3257849 | 1812991 1813096 | 107 106 | 96.26 | NC_057385.1 utg28
		Alignment: 862411 863709 | 2056204 2054905 | 1299 1300 | 95.7 | NC_057382.1 utg28
		Alignment: 862411 864031 | 2089571 2091188 | 1621 1618 | 95.01 | NC_057382.1 utg28
		Unaligned bases: 2125993

CONTIG: utg30 (207153bp)
Best alignment score: 99.0 (LEN: 99, IDY: 100.00), Total number of alignments: 26
			Looking for the best set of alignments (out of 26 total alignments)
			Skipping redundant alignments after choosing the best set of alignments
		Skipping redundant alignment 1331755 1331819 | 124014 124078 | 65 65 | 100.0 | NC_057382.1 utg30
		Skipping redundant alignment 2785559 2785624 | 124014 124079 | 66 66 | 100.0 | NC_057371.1 utg30
		Skipping redundant alignment 1331753 1331819 | 124014 124080 | 67 67 | 100.0 | NC_057382.1 utg30
		Skipping redundant alignment 2785557 2785624 | 124014 124081 | 68 68 | 100.0 | NC_057371.1 utg30
		Skipping redundant alignment 2785555 2785624 | 124014 124083 | 70 70 | 100.0 | NC_057371.1 utg30
		Skipping redundant alignment 2785553 2785624 | 124014 124085 | 72 72 | 100.0 | NC_057371.1 utg30
		Skipping redundant alignment 2785551 2785624 | 124014 124087 | 74 74 | 100.0 | NC_057371.1 utg30
		Skipping redundant alignment 1331752 1331819 | 124021 124088 | 68 68 | 100.0 | NC_057382.1 utg30
		Skipping redundant alignment 2785549 2785624 | 124014 124089 | 76 76 | 100.0 | NC_057371.1 utg30
		Skipping redundant alignment 2785547 2785624 | 124014 124091 | 78 78 | 100.0 | NC_057371.1 utg30
		Skipping redundant alignment 2785545 2785624 | 124014 124093 | 80 80 | 100.0 | NC_057371.1 utg30
		Skipping redundant alignment 2785543 2785624 | 124014 124095 | 82 82 | 100.0 | NC_057371.1 utg30
		Skipping redundant alignment 2785541 2785624 | 124014 124097 | 84 84 | 100.0 | NC_057371.1 utg30
		Skipping redundant alignment 2785539 2785624 | 124014 124099 | 86 86 | 100.0 | NC_057371.1 utg30
		Skipping redundant alignment 2785537 2785624 | 124014 124101 | 88 88 | 100.0 | NC_057371.1 utg30
		Skipping redundant alignment 2785535 2785624 | 124014 124103 | 90 90 | 100.0 | NC_057371.1 utg30
		Skipping redundant alignment 2785533 2785624 | 124014 124105 | 92 92 | 100.0 | NC_057371.1 utg30
		Skipping redundant alignment 2785531 2785624 | 124014 124107 | 94 94 | 100.0 | NC_057371.1 utg30
		Skipping redundant alignment 1331752 1331819 | 124047 124114 | 68 68 | 100.0 | NC_057382.1 utg30
		Skipping redundant alignment 1331752 1331819 | 124053 124120 | 68 68 | 100.0 | NC_057382.1 utg30
		Skipping redundant alignment 2785529 2785594 | 124058 124123 | 66 66 | 100.0 | NC_057371.1 utg30
		Skipping redundant alignment 1331752 1331818 | 124057 124123 | 67 67 | 100.0 | NC_057382.1 utg30
		Skipping redundant alignment 2785529 2785598 | 124054 124123 | 70 70 | 100.0 | NC_057371.1 utg30
		Skipping redundant alignment 2785529 2785600 | 124052 124123 | 72 72 | 100.0 | NC_057371.1 utg30
		Skipping redundant alignment 2785529 2785606 | 124046 124123 | 78 78 | 100.0 | NC_057371.1 utg30
			The best set is below. Score: 99.0, number of alignments: 1, unaligned bases: 207054
		This contig is partially unaligned. (Aligned 99 out of 207153 non-N bases (0.05%))
		Alignment: 2785529 2785627 | 124028 124126 | 99 99 | 100.0 | NC_057371.1 utg30
		Unaligned bases: 1 to 124027 (124027)
		Unaligned bases: 124127 to 207153 (83027)

CONTIG: utg32 (28664bp)
		This contig is unaligned. (28664 bp)
		Unaligned bases: 28664 (number of Ns: 0)

CONTIG: utg33 (1440867bp)
Best alignment score: 814.0 (LEN: 844, IDY: 96.45), Total number of alignments: 51
			Looking for the best set of alignments (out of 51 total alignments)
			Skipping redundant alignments after choosing the best set of alignments
		Skipping redundant alignment 1767159 1767259 | 208819 208720 | 101 100 | 95.05 | NC_057381.1 utg33
		Skipping redundant alignment 75380 75497 | 296858 296741 | 118 118 | 99.15 | NC_057381.1 utg33
		Skipping redundant alignment 863062 863191 | 296733 296862 | 130 130 | 98.46 | NC_057382.1 utg33
		Skipping redundant alignment 1657614 1657749 | 296727 296862 | 136 136 | 99.26 | NC_057372.1 utg33
		Skipping redundant alignment 1227458 1227753 | 302154 301859 | 296 296 | 95.95 | NC_057380.1 utg33
		Skipping redundant alignment 1227308 1227455 | 302307 302160 | 148 148 | 96.62 | NC_057380.1 utg33
		Skipping redundant alignment 1227141 1227261 | 302480 302360 | 121 121 | 96.69 | NC_057380.1 utg33
		Skipping redundant alignment 893802 894640 | 302698 301861 | 839 838 | 96.54 | NC_057384.1 utg33
		Skipping redundant alignment 825888 826728 | 301861 302700 | 841 840 | 96.08 | NC_057384.1 utg33
		Skipping redundant alignment 796221 797063 | 301861 302702 | 843 842 | 96.09 | NC_057384.1 utg33
		Skipping redundant alignment 863187 864031 | 301859 302702 | 845 844 | 95.74 | NC_057382.1 utg33
		Skipping redundant alignment 1508377 1508467 | 430138 430048 | 91 91 | 97.8 | NC_057381.1 utg33
		Skipping redundant alignment 2760802 2760886 | 499700 499784 | 85 85 | 100.0 | NC_057385.1 utg33
		Skipping redundant alignment 2836402 2836489 | 499700 499787 | 88 88 | 96.63 | NC_057385.1 utg33
		Skipping redundant alignment 2736342 2736430 | 499699 499787 | 89 89 | 98.88 | NC_057385.1 utg33
		Skipping redundant alignment 2759356 2759445 | 499699 499788 | 90 90 | 95.56 | NC_057385.1 utg33
		Skipping redundant alignment 1225193 1225297 | 583368 583264 | 105 105 | 95.24 | NC_057381.1 utg33
		Skipping redundant alignment 1207381 1207485 | 600565 600461 | 105 105 | 96.19 | NC_057381.1 utg33
		Skipping redundant alignment 1165485 1165572 | 653446 653359 | 88 88 | 97.73 | NC_057381.1 utg33
		Skipping redundant alignment 1163547 1163615 | 655028 654960 | 69 69 | 95.65 | NC_057381.1 utg33
		Skipping redundant alignment 1158408 1158487 | 659451 659372 | 80 80 | 96.25 | NC_057381.1 utg33
		Skipping redundant alignment 2687969 2688164 | 756874 757069 | 196 196 | 97.45 | NC_057372.1 utg33
		Skipping redundant alignment 1046648 1046843 | 757069 756874 | 196 196 | 95.92 | NC_057381.1 utg33
		Skipping redundant alignment 2093995 2094198 | 756874 757077 | 204 204 | 97.55 | NC_057371.1 utg33
		Skipping redundant alignment 2662487 2662692 | 757079 756874 | 206 206 | 96.6 | NC_057372.1 utg33
		Skipping redundant alignment 795575 795695 | 919850 919970 | 121 121 | 100.0 | NC_057385.1 utg33
		Skipping redundant alignment 859700 859820 | 919970 919850 | 121 121 | 99.17 | NC_057381.1 utg33
		Skipping redundant alignment 1107657 1107778 | 919971 919850 | 122 122 | 100.0 | NC_057372.1 utg33
		Skipping redundant alignment 1388598 1388719 | 919850 919971 | 122 122 | 100.0 | NC_057376.1 utg33
		Skipping redundant alignment 1001618 1001739 | 919971 919850 | 122 122 | 100.0 | NC_057377.1 utg33
		Skipping redundant alignment 1172078 1172199 | 919971 919850 | 122 122 | 100.0 | NC_057374.1 utg33
		Skipping redundant alignment 1378676 1378797 | 919850 919971 | 122 122 | 99.18 | NC_057371.1 utg33
		Skipping redundant alignment 779566 779689 | 919849 919972 | 124 124 | 100.0 | NC_057385.1 utg33
		Skipping redundant alignment 1845163 1845286 | 919973 919850 | 124 124 | 100.0 | NC_057385.1 utg33
		Skipping redundant alignment 805497 805586 | 994945 994856 | 90 90 | 95.56 | NC_057381.1 utg33
		Skipping redundant alignment 732288 732358 | 1067971 1067901 | 71 71 | 97.18 | NC_057381.1 utg33
		Skipping redundant alignment 732088 732173 | 1068177 1068092 | 86 86 | 95.35 | NC_057381.1 utg33
		Skipping redundant alignment 521995 522084 | 1281075 1280986 | 90 90 | 95.56 | NC_057381.1 utg33
		Skipping redundant alignment 263534 263661 | 1427490 1427365 | 128 126 | 95.31 | NC_057381.1 utg33
		Skipping redundant alignment 3535338 3535624 | 1434873 1435159 | 287 287 | 96.17 | NC_057385.1 utg33
		Skipping redundant alignment 1228237 1228320 | 1435162 1435079 | 84 84 | 97.62 | NC_057380.1 utg33
		Skipping redundant alignment 97060 97352 | 1435165 1434873 | 293 293 | 95.22 | NC_057377.1 utg33
		Skipping redundant alignment 1228095 1228235 | 1435303 1435163 | 141 141 | 96.45 | NC_057380.1 utg33
		Skipping redundant alignment 3535626 3535820 | 1435160 1435354 | 195 195 | 95.38 | NC_057385.1 utg33
		Skipping redundant alignment 1227887 1228094 | 1435512 1435305 | 208 208 | 96.63 | NC_057380.1 utg33
		Skipping redundant alignment 1465533 1466157 | 1435163 1435787 | 625 625 | 95.84 | NC_057378.1 utg33
		Skipping redundant alignment 1227194 1227261 | 1436217 1436150 | 68 68 | 97.06 | NC_057380.1 utg33
		This contig has several significant sets of alignments. [An ambiguously mapped contig]
		Using only the very best set (option --ambiguity-usage is set to "one").
			The best set is below. Score: 1246.0, number of alignments: 4, unaligned bases: 1439312
		This contig is misassembled.
		This contig is partially unaligned. (Aligned 1555 out of 1440867 non-N bases (0.11%))
			Warning! This contig is more unaligned than misassembled. Contig length is 1440867 (number of Ns: 0) and total length of all aligns is 1555
		Alignment: 1038401 1039245 | 301859 302702 | 845 844 | 96.45 | NC_057371.1 utg33
		Alignment: 862613 862699 | 1435076 1435162 | 87 87 | 97.7 | NC_057382.1 utg33
		Alignment: 862701 862840 | 1435163 1435302 | 140 140 | 96.43 | NC_057382.1 utg33
		Alignment: 862841 863324 | 1435304 1435787 | 484 484 | 95.66 | NC_057382.1 utg33
		Unaligned bases: 1439312

CONTIG: utg34 (302457bp)
		This contig is unaligned. (302457 bp)
		Unaligned bases: 302457 (number of Ns: 0)

CONTIG: utg35 (1590788bp)
Best alignment score: 1540.3 (LEN: 1618, IDY: 95.20), Total number of alignments: 34
			Looking for the best set of alignments (out of 34 total alignments)
			Skipping redundant alignments after choosing the best set of alignments
		Skipping redundant alignment 1558658 1558752 | 406534 406440 | 95 95 | 95.79 | NC_057383.1 utg35
		Skipping redundant alignment 1956171 1956268 | 612806 612903 | 98 98 | 97.96 | NC_057379.1 utg35
		Skipping redundant alignment 871884 871965 | 612990 612909 | 82 82 | 97.56 | NC_057382.1 utg35
		Skipping redundant alignment 95953 96037 | 679767 679851 | 85 85 | 96.47 | NC_057377.1 utg35
		Skipping redundant alignment 3536548 3536648 | 679954 679854 | 101 101 | 96.04 | NC_057385.1 utg35
		Skipping redundant alignment 96039 96141 | 679852 679954 | 103 103 | 96.12 | NC_057377.1 utg35
		Skipping redundant alignment 1227458 1227565 | 680090 680197 | 108 108 | 95.37 | NC_057380.1 utg35
		Skipping redundant alignment 3536303 3536526 | 680197 679974 | 224 224 | 95.54 | NC_057385.1 utg35
		Skipping redundant alignment 96163 96386 | 679974 680197 | 224 224 | 95.54 | NC_057377.1 utg35
		Skipping redundant alignment 1227571 1227832 | 680201 680462 | 262 262 | 96.56 | NC_057380.1 utg35
		Skipping redundant alignment 3535821 3536297 | 680677 680201 | 477 477 | 96.65 | NC_057385.1 utg35
		Skipping redundant alignment 96392 96894 | 680201 680703 | 503 503 | 96.22 | NC_057377.1 utg35
		Skipping redundant alignment 1227887 1228071 | 680521 680705 | 185 185 | 98.38 | NC_057380.1 utg35
		Skipping redundant alignment 1228095 1228320 | 680729 680954 | 226 226 | 97.79 | NC_057380.1 utg35
		Skipping redundant alignment 3535335 3535791 | 681163 680707 | 457 457 | 95.62 | NC_057385.1 utg35
		Skipping redundant alignment 96896 97355 | 680704 681163 | 460 460 | 95.22 | NC_057377.1 utg35
		Skipping redundant alignment 871885 871980 | 1094906 1094811 | 96 96 | 96.88 | NC_057382.1 utg35
		Skipping redundant alignment 531019 531122 | 1196152 1196254 | 104 103 | 98.08 | NC_057370.1 utg35
		Skipping redundant alignment 157477 157581 | 1401978 1402081 | 105 104 | 96.19 | NC_057383.1 utg35
		Skipping redundant alignment 157477 157585 | 1404774 1404667 | 109 108 | 97.25 | NC_057383.1 utg35
		Skipping redundant alignment 157482 157585 | 1446224 1446122 | 104 103 | 96.15 | NC_057383.1 utg35
		Skipping redundant alignment 1228133 1228320 | 1577606 1577419 | 188 188 | 96.28 | NC_057380.1 utg35
		Skipping redundant alignment 862613 862803 | 1577416 1577606 | 191 191 | 96.34 | NC_057382.1 utg35
		Skipping redundant alignment 75765 76158 | 1577606 1577213 | 394 394 | 95.69 | NC_057381.1 utg35
		Skipping redundant alignment 3535338 3535731 | 1577213 1577606 | 394 394 | 95.43 | NC_057385.1 utg35
		Skipping redundant alignment 1465240 1465635 | 1577211 1577606 | 396 396 | 95.2 | NC_057378.1 utg35
		This contig has several significant sets of alignments. [An ambiguously mapped contig]
		Using only the very best set (option --ambiguity-usage is set to "one").
			The best set is below. Score: 1908.3, number of alignments: 8, unaligned bases: 1587713
		This contig is misassembled.
		This contig is partially unaligned. (Aligned 3075 out of 1590788 non-N bases (0.19%))
			Warning! This contig is more unaligned than misassembled. Contig length is 1590788 (number of Ns: 0) and total length of all aligns is 3075
		Alignment: 1956171 1956531 | 543990 544350 | 361 361 | 95.01 | NC_057379.1 utg35
		Alignment: 862409 864031 | 681162 679545 | 1623 1618 | 95.2 | NC_057382.1 utg35
		Alignment: 776563 776699 | 1066673 1066537 | 137 137 | 95.62 | NC_057383.1 utg35
		Alignment: 750814 750883 | 1092293 1092224 | 70 70 | 95.71 | NC_057383.1 utg35
		Alignment: 749980 750044 | 1093090 1093026 | 65 65 | 95.38 | NC_057383.1 utg35
		Alignment: 749387 749455 | 1093665 1093597 | 69 69 | 97.1 | NC_057383.1 utg35
		Alignment: 1956171 1956531 | 1169748 1169388 | 361 361 | 95.84 | NC_057379.1 utg35
		Alignment: 1037716 1038109 | 1577213 1577606 | 394 394 | 96.45 | NC_057371.1 utg35
		Unaligned bases: 1587713

CONTIG: utg36 (106164bp)
		This contig is unaligned. (106164 bp)
		Unaligned bases: 106164 (number of Ns: 0)

CONTIG: utg37 (137997bp)
		This contig is unaligned. (137997 bp)
		Unaligned bases: 137997 (number of Ns: 0)

CONTIG: utg38 (48851bp)
		This contig is unaligned. (48851 bp)
		Unaligned bases: 48851 (number of Ns: 0)

CONTIG: utg39 (1890453bp)
Best alignment score: 1541.2 (LEN: 1615, IDY: 95.43), Total number of alignments: 65
			Looking for the best set of alignments (out of 65 total alignments)
			Skipping redundant alignments after choosing the best set of alignments
		Skipping redundant alignment 1219504 1219637 | 46814 46947 | 134 134 | 96.27 | NC_057380.1 utg39
		Skipping redundant alignment 871325 871515 | 46950 46760 | 191 191 | 95.81 | NC_057382.1 utg39
		Skipping redundant alignment 1798594 1798681 | 287381 287294 | 88 88 | 96.59 | NC_057374.1 utg39
		Skipping redundant alignment 331146 331227 | 512162 512243 | 82 82 | 100.0 | NC_057379.1 utg39
		Skipping redundant alignment 686448 686530 | 512243 512161 | 83 83 | 100.0 | NC_057382.1 utg39
		Skipping redundant alignment 1404193 1404275 | 512161 512243 | 83 83 | 100.0 | NC_057380.1 utg39
		Skipping redundant alignment 184083 184166 | 512243 512160 | 84 84 | 100.0 | NC_057379.1 utg39
		Skipping redundant alignment 1477425 1477510 | 512158 512243 | 86 86 | 100.0 | NC_057374.1 utg39
		Skipping redundant alignment 1241975 1242148 | 737901 737728 | 174 174 | 97.7 | NC_057374.1 utg39
		Skipping redundant alignment 1200558 1200630 | 781049 780977 | 73 73 | 95.89 | NC_057374.1 utg39
		Skipping redundant alignment 795575 795695 | 812449 812569 | 121 121 | 100.0 | NC_057385.1 utg39
		Skipping redundant alignment 859700 859825 | 812569 812444 | 126 126 | 99.21 | NC_057381.1 utg39
		Skipping redundant alignment 1378676 1378797 | 812449 812570 | 122 122 | 99.18 | NC_057371.1 utg39
		Skipping redundant alignment 1388597 1388719 | 812448 812570 | 123 123 | 100.0 | NC_057376.1 utg39
		Skipping redundant alignment 1107657 1107779 | 812570 812448 | 123 123 | 100.0 | NC_057372.1 utg39
		Skipping redundant alignment 1001618 1001740 | 812570 812448 | 123 123 | 100.0 | NC_057377.1 utg39
		Skipping redundant alignment 1845164 1845289 | 812571 812446 | 126 126 | 100.0 | NC_057385.1 utg39
		Skipping redundant alignment 779567 779690 | 812449 812572 | 124 124 | 100.0 | NC_057385.1 utg39
		Skipping redundant alignment 982152 982251 | 1004200 1004296 | 100 97 | 95.0 | NC_057374.1 utg39
		Skipping redundant alignment 937075 937164 | 1004640 1004727 | 90 88 | 96.67 | NC_057374.1 utg39
		Skipping redundant alignment 982151 982235 | 1046531 1046614 | 85 84 | 98.82 | NC_057374.1 utg39
		Skipping redundant alignment 982815 982902 | 1046615 1046528 | 88 88 | 98.86 | NC_057374.1 utg39
		Skipping redundant alignment 982815 982899 | 1076411 1076495 | 85 85 | 96.47 | NC_057374.1 utg39
		Skipping redundant alignment 982149 982235 | 1076497 1076412 | 87 86 | 96.55 | NC_057374.1 utg39
		Skipping redundant alignment 858153 858238 | 1137620 1137534 | 86 87 | 97.7 | NC_057374.1 utg39
		Skipping redundant alignment 2321507 2321591 | 1156221 1156305 | 85 85 | 97.65 | NC_057385.1 utg39
		Skipping redundant alignment 685734 685824 | 1192281 1192191 | 91 91 | 95.6 | NC_057374.1 utg39
		Skipping redundant alignment 797596 797685 | 1195095 1195006 | 90 90 | 95.56 | NC_057374.1 utg39
		Skipping redundant alignment 1228095 1228320 | 1220363 1220138 | 226 226 | 96.9 | NC_057380.1 utg39
		Skipping redundant alignment 3535340 3535820 | 1219934 1220414 | 481 481 | 95.63 | NC_057385.1 utg39
		Skipping redundant alignment 1227887 1228094 | 1220572 1220365 | 208 208 | 97.6 | NC_057380.1 utg39
		Skipping redundant alignment 3535821 3536252 | 1220416 1220847 | 432 432 | 96.06 | NC_057385.1 utg39
		Skipping redundant alignment 1227612 1227832 | 1220851 1220631 | 221 221 | 97.29 | NC_057380.1 utg39
		Skipping redundant alignment 96433 97350 | 1220851 1219934 | 918 918 | 95.75 | NC_057377.1 utg39
		Skipping redundant alignment 75090 76156 | 1220999 1219934 | 1067 1066 | 97.28 | NC_057381.1 utg39
		Skipping redundant alignment 1227345 1227455 | 1221120 1221010 | 111 111 | 96.4 | NC_057380.1 utg39
		Skipping redundant alignment 1227141 1227261 | 1221328 1221208 | 121 121 | 95.04 | NC_057380.1 utg39
		Skipping redundant alignment 2321507 2321593 | 1306422 1306336 | 87 87 | 97.7 | NC_057385.1 utg39
		Skipping redundant alignment 800566 800653 | 1306422 1306335 | 88 88 | 96.59 | NC_057374.1 utg39
		Skipping redundant alignment 685741 685832 | 1306422 1306331 | 92 92 | 96.74 | NC_057374.1 utg39
		Skipping redundant alignment 1466447 1466562 | 1357202 1357087 | 116 116 | 96.55 | NC_057378.1 utg39
		Skipping redundant alignment 1227324 1227455 | 1357196 1357327 | 132 132 | 95.45 | NC_057380.1 utg39
		Skipping redundant alignment 1227458 1227596 | 1357333 1357471 | 139 139 | 97.12 | NC_057380.1 utg39
		Skipping redundant alignment 96143 96418 | 1357197 1357472 | 276 276 | 95.29 | NC_057377.1 utg39
		Skipping redundant alignment 3536268 3536546 | 1357475 1357197 | 279 279 | 95.34 | NC_057385.1 utg39
		Skipping redundant alignment 1227598 1227832 | 1357472 1357706 | 235 235 | 96.6 | NC_057380.1 utg39
		Skipping redundant alignment 3535821 3536266 | 1357921 1357476 | 446 446 | 96.64 | NC_057385.1 utg39
		Skipping redundant alignment 1227887 1228094 | 1357765 1357972 | 208 208 | 97.12 | NC_057380.1 utg39
		Skipping redundant alignment 1228095 1228320 | 1357974 1358199 | 226 226 | 97.35 | NC_057380.1 utg39
		Skipping redundant alignment 3535343 3535820 | 1358400 1357923 | 478 478 | 95.19 | NC_057385.1 utg39
		Skipping redundant alignment 1465247 1466171 | 1358400 1357476 | 925 925 | 95.46 | NC_057378.1 utg39
		Skipping redundant alignment 96420 97347 | 1357473 1358400 | 928 928 | 95.37 | NC_057377.1 utg39
		Skipping redundant alignment 246024 246125 | 1684066 1683965 | 102 102 | 97.06 | NC_057374.1 utg39
		Skipping redundant alignment 245853 245950 | 1684217 1684120 | 98 98 | 96.94 | NC_057374.1 utg39
			The best set is below. Score: 3219.5, number of alignments: 11, unaligned bases: 1885728
		This contig is misassembled.
		This contig is partially unaligned. (Aligned 4725 out of 1890453 non-N bases (0.25%))
			Warning! This contig is more unaligned than misassembled. Contig length is 1890453 (number of Ns: 0) and total length of all aligns is 4725
		Alignment: 1956171 1956531 | 47799 47439 | 361 361 | 95.84 | NC_057379.1 utg39
		Alignment: 1172078 1172199 | 812570 812449 | 122 122 | 100.0 | NC_057374.1 utg39
		Alignment: 1023236 1023331 | 960825 960730 | 96 96 | 95.88 | NC_057374.1 utg39
		Alignment: 1018315 1018382 | 965685 965618 | 68 68 | 97.06 | NC_057374.1 utg39
		Alignment: 1016225 1016308 | 967744 967661 | 84 84 | 95.24 | NC_057374.1 utg39
		Alignment: 937076 937166 | 1046619 1046530 | 91 90 | 97.8 | NC_057374.1 utg39
		Alignment: 862413 864030 | 1219934 1221549 | 1618 1616 | 95.31 | NC_057382.1 utg39
		Alignment: 862416 864031 | 1358400 1356786 | 1616 1615 | 95.43 | NC_057382.1 utg39
		Alignment: 871758 871899 | 1472879 1472738 | 142 142 | 96.48 | NC_057382.1 utg39
		Alignment: 871342 871514 | 1473252 1473080 | 173 173 | 96.53 | NC_057382.1 utg39
		Alignment: 1956171 1956531 | 1474092 1473735 | 361 358 | 95.29 | NC_057379.1 utg39
		Unaligned bases: 1885728

CONTIG: utg40 (1277800bp)
Best alignment score: 1549.2 (LEN: 1623, IDY: 95.45), Total number of alignments: 42
			Looking for the best set of alignments (out of 42 total alignments)
			Skipping redundant alignments after choosing the best set of alignments
		Skipping redundant alignment 1059375 1059446 | 227838 227767 | 72 72 | 100.0 | NC_057378.1 utg40
		Skipping redundant alignment 1073050 1073123 | 227840 227767 | 74 74 | 100.0 | NC_057378.1 utg40
		Skipping redundant alignment 952128 952209 | 227840 227759 | 82 82 | 100.0 | NC_057378.1 utg40
		Skipping redundant alignment 926408 926489 | 227840 227759 | 82 82 | 98.78 | NC_057378.1 utg40
		Skipping redundant alignment 921130 921212 | 232611 232530 | 83 82 | 98.8 | NC_057378.1 utg40
		Skipping redundant alignment 1083213 1083295 | 232611 232530 | 83 82 | 98.8 | NC_057378.1 utg40
		Skipping redundant alignment 1089185 1089268 | 232612 232530 | 84 83 | 98.81 | NC_057378.1 utg40
		Skipping redundant alignment 1059375 1059446 | 247684 247613 | 72 72 | 100.0 | NC_057378.1 utg40
		Skipping redundant alignment 926407 926481 | 247687 247613 | 75 75 | 100.0 | NC_057378.1 utg40
		Skipping redundant alignment 1093385 1093461 | 247688 247612 | 77 77 | 100.0 | NC_057378.1 utg40
		Skipping redundant alignment 952124 952210 | 247690 247603 | 87 88 | 98.86 | NC_057378.1 utg40
		Skipping redundant alignment 1059375 1059446 | 262747 262676 | 72 72 | 100.0 | NC_057378.1 utg40
		Skipping redundant alignment 1059375 1059446 | 368675 368604 | 72 72 | 100.0 | NC_057378.1 utg40
		Skipping redundant alignment 926407 926490 | 368678 368595 | 84 84 | 98.81 | NC_057378.1 utg40
		Skipping redundant alignment 1073048 1073123 | 368679 368604 | 76 76 | 100.0 | NC_057378.1 utg40
		Skipping redundant alignment 1093385 1093468 | 368679 368596 | 84 84 | 100.0 | NC_057378.1 utg40
		Skipping redundant alignment 1059375 1059447 | 393672 393600 | 73 73 | 100.0 | NC_057378.1 utg40
		Skipping redundant alignment 952126 952201 | 393676 393601 | 76 76 | 100.0 | NC_057378.1 utg40
		Skipping redundant alignment 1093385 1093460 | 393676 393601 | 76 76 | 100.0 | NC_057378.1 utg40
		Skipping redundant alignment 1073048 1073124 | 393676 393600 | 77 77 | 100.0 | NC_057378.1 utg40
		Skipping redundant alignment 871404 871514 | 477440 477550 | 111 111 | 96.4 | NC_057382.1 utg40
		Skipping redundant alignment 1228095 1228320 | 574175 573950 | 226 226 | 97.79 | NC_057380.1 utg40
		Skipping redundant alignment 3535337 3535820 | 573743 574226 | 484 484 | 96.07 | NC_057385.1 utg40
		Skipping redundant alignment 1227887 1228094 | 574384 574177 | 208 208 | 96.63 | NC_057380.1 utg40
		Skipping redundant alignment 1227650 1227832 | 574625 574443 | 183 183 | 97.81 | NC_057380.1 utg40
		Skipping redundant alignment 96471 97353 | 574625 573743 | 883 883 | 95.58 | NC_057377.1 utg40
		Skipping redundant alignment 1227458 1227643 | 574817 574632 | 186 186 | 95.16 | NC_057380.1 utg40
		Skipping redundant alignment 1227308 1227455 | 574970 574823 | 148 148 | 95.27 | NC_057380.1 utg40
		Skipping redundant alignment 3535821 3536731 | 574228 575138 | 911 911 | 95.39 | NC_057385.1 utg40
		Skipping redundant alignment 1227141 1227261 | 575143 575023 | 121 121 | 95.87 | NC_057380.1 utg40
		Skipping redundant alignment 95953 96464 | 575143 574632 | 512 512 | 95.7 | NC_057377.1 utg40
		Skipping redundant alignment 728323 728388 | 648709 648644 | 66 66 | 98.48 | NC_057378.1 utg40
		Skipping redundant alignment 670567 670643 | 681358 681434 | 77 77 | 97.4 | NC_057378.1 utg40
		Skipping redundant alignment 686448 686512 | 698162 698226 | 65 65 | 95.38 | NC_057378.1 utg40
		Skipping redundant alignment 646259 646385 | 738399 738273 | 127 127 | 96.06 | NC_057378.1 utg40
		Skipping redundant alignment 618286 618371 | 772201 772116 | 86 86 | 95.35 | NC_057378.1 utg40
		Skipping redundant alignment 1474803 1474938 | 849227 849362 | 136 136 | 95.59 | NC_057378.1 utg40
			The best set is below. Score: 1579.2, number of alignments: 5, unaligned bases: 1275847
		This contig is misassembled.
		This contig is partially unaligned. (Aligned 1953 out of 1277800 non-N bases (0.15%))
			Warning! This contig is more unaligned than misassembled. Contig length is 1277800 (number of Ns: 0) and total length of all aligns is 1953
		Alignment: 1093387 1093471 | 227840 227756 | 85 85 | 100.0 | NC_057378.1 utg40
		Alignment: 1073048 1073123 | 247688 247613 | 76 76 | 100.0 | NC_057378.1 utg40
		Alignment: 952126 952211 | 368679 368594 | 86 86 | 100.0 | NC_057378.1 utg40
		Alignment: 926407 926489 | 393675 393593 | 83 83 | 98.8 | NC_057378.1 utg40
		Alignment: 862410 864031 | 573743 575365 | 1622 1623 | 95.45 | NC_057382.1 utg40
		Unaligned bases: 1275847

CONTIG: utg41 (2974126bp)
Best alignment score: 1545.1 (LEN: 1623, IDY: 95.20), Total number of alignments: 79
			Looking for the best set of alignments (out of 79 total alignments)
			Skipping redundant alignments after choosing the best set of alignments
		Skipping redundant alignment 3227907 3227986 | 138090 138011 | 80 80 | 95.0 | NC_057370.1 utg41
		Skipping redundant alignment 1770316 1770503 | 262857 263044 | 188 188 | 98.94 | NC_057371.1 utg41
		Skipping redundant alignment 2477135 2477322 | 262857 263044 | 188 188 | 98.4 | NC_057370.1 utg41
		Skipping redundant alignment 3034215 3034281 | 364216 364150 | 67 67 | 97.01 | NC_057370.1 utg41
		Skipping redundant alignment 2983673 2983764 | 414164 414073 | 92 92 | 96.74 | NC_057370.1 utg41
		Skipping redundant alignment 2977498 2977586 | 420343 420255 | 89 89 | 97.75 | NC_057370.1 utg41
		Skipping redundant alignment 2899839 2899923 | 496764 496680 | 85 85 | 95.29 | NC_057370.1 utg41
		Skipping redundant alignment 2769186 2769255 | 632293 632224 | 70 70 | 95.71 | NC_057370.1 utg41
		Skipping redundant alignment 1770318 1770503 | 698864 699049 | 186 186 | 97.85 | NC_057371.1 utg41
		Skipping redundant alignment 2644511 2644593 | 757222 757140 | 83 83 | 96.39 | NC_057370.1 utg41
		Skipping redundant alignment 2477137 2477336 | 917426 917227 | 200 200 | 97.5 | NC_057370.1 utg41
		Skipping redundant alignment 2421312 2421388 | 976281 976205 | 77 77 | 97.4 | NC_057370.1 utg41
		Skipping redundant alignment 2120782 2120907 | 1328499 1328624 | 126 126 | 96.83 | NC_057370.1 utg41
		Skipping redundant alignment 2029707 2029826 | 1373944 1373825 | 120 120 | 96.67 | NC_057370.1 utg41
		Skipping redundant alignment 1856287 1856404 | 1549882 1549766 | 118 117 | 95.8 | NC_057370.1 utg41
		Skipping redundant alignment 1806716 1806792 | 1602826 1602750 | 77 77 | 98.7 | NC_057370.1 utg41
		Skipping redundant alignment 1764349 1764428 | 1645088 1645009 | 80 80 | 95.0 | NC_057370.1 utg41
		Skipping redundant alignment 1611830 1611906 | 1787117 1787041 | 77 77 | 97.4 | NC_057370.1 utg41
		Skipping redundant alignment 1481007 1481139 | 1914316 1914184 | 133 133 | 96.24 | NC_057370.1 utg41
		Skipping redundant alignment 1455074 1455148 | 1941126 1941052 | 75 75 | 96.0 | NC_057370.1 utg41
		Skipping redundant alignment 1440616 1440735 | 1955276 1955160 | 120 117 | 96.67 | NC_057370.1 utg41
		Skipping redundant alignment 1379799 1379958 | 2004857 2004698 | 160 160 | 96.25 | NC_057370.1 utg41
		Skipping redundant alignment 1298216 1298338 | 2091532 2091410 | 123 123 | 96.75 | NC_057370.1 utg41
		Skipping redundant alignment 865659 865725 | 2477218 2477152 | 67 67 | 97.01 | NC_057370.1 utg41
		Skipping redundant alignment 765618 765684 | 2573310 2573244 | 67 67 | 95.52 | NC_057370.1 utg41
		Skipping redundant alignment 1227141 1227261 | 2619706 2619826 | 121 121 | 95.04 | NC_057380.1 utg41
		Skipping redundant alignment 1227308 1227455 | 2619879 2620026 | 148 148 | 95.95 | NC_057380.1 utg41
		Skipping redundant alignment 796206 796835 | 2620340 2619711 | 630 630 | 95.24 | NC_057384.1 utg41
		Skipping redundant alignment 1227458 1227832 | 2620032 2620406 | 375 375 | 96.27 | NC_057380.1 utg41
		Skipping redundant alignment 95953 96668 | 2619706 2620421 | 716 716 | 95.25 | NC_057377.1 utg41
		Skipping redundant alignment 3536020 3536731 | 2620422 2619711 | 712 712 | 95.08 | NC_057385.1 utg41
		Skipping redundant alignment 3535821 3536019 | 2620622 2620424 | 199 199 | 95.48 | NC_057385.1 utg41
		Skipping redundant alignment 1227887 1228094 | 2620466 2620673 | 208 208 | 95.67 | NC_057380.1 utg41
		Skipping redundant alignment 1228095 1228320 | 2620675 2620900 | 226 226 | 97.79 | NC_057380.1 utg41
		Skipping redundant alignment 1465242 1465924 | 2621106 2620424 | 683 683 | 95.17 | NC_057378.1 utg41
		Skipping redundant alignment 862613 862840 | 2651492 2651265 | 228 228 | 98.25 | NC_057382.1 utg41
		Skipping redundant alignment 1228096 1228320 | 2659156 2658932 | 225 225 | 98.22 | NC_057380.1 utg41
		Skipping redundant alignment 862613 862840 | 2658929 2659156 | 228 228 | 98.25 | NC_057382.1 utg41
		Skipping redundant alignment 1227308 1227455 | 2659952 2659805 | 148 148 | 95.27 | NC_057380.1 utg41
		Skipping redundant alignment 1227194 1227260 | 2660072 2660006 | 67 67 | 97.01 | NC_057380.1 utg41
		Skipping redundant alignment 620726 620790 | 2673304 2673240 | 65 65 | 96.92 | NC_057370.1 utg41
		Skipping redundant alignment 1474877 1475030 | 2694900 2694747 | 154 154 | 96.1 | NC_057378.1 utg41
		Skipping redundant alignment 1474775 1474876 | 2695003 2694902 | 102 102 | 97.06 | NC_057378.1 utg41
		Skipping redundant alignment 527299 527411 | 2855412 2855303 | 113 110 | 95.58 | NC_057370.1 utg41
		Skipping redundant alignment 1218946 1219137 | 2871666 2871857 | 192 192 | 95.31 | NC_057380.1 utg41
		Skipping redundant alignment 1228095 1228320 | 2903581 2903356 | 226 226 | 96.9 | NC_057380.1 utg41
		Skipping redundant alignment 3535338 3535820 | 2903150 2903632 | 483 483 | 95.65 | NC_057385.1 utg41
		Skipping redundant alignment 1227887 1228094 | 2903790 2903583 | 208 208 | 96.63 | NC_057380.1 utg41
		Skipping redundant alignment 894697 894786 | 2903873 2903784 | 90 90 | 95.56 | NC_057384.1 utg41
		Skipping redundant alignment 796075 796164 | 2903784 2903873 | 90 90 | 95.56 | NC_057384.1 utg41
		Skipping redundant alignment 1227458 1227832 | 2904223 2903849 | 375 375 | 95.2 | NC_057380.1 utg41
		Skipping redundant alignment 75076 76159 | 2904232 2903149 | 1084 1084 | 96.59 | NC_057381.1 utg41
		Skipping redundant alignment 1465242 1466445 | 2903150 2904353 | 1204 1204 | 95.02 | NC_057378.1 utg41
		Skipping redundant alignment 796203 796645 | 2903912 2904354 | 443 443 | 95.71 | NC_057384.1 utg41
		Skipping redundant alignment 3535821 3536546 | 2903634 2904359 | 726 726 | 95.32 | NC_057385.1 utg41
		Skipping redundant alignment 96143 97352 | 2904359 2903150 | 1210 1210 | 95.04 | NC_057377.1 utg41
		Skipping redundant alignment 1227324 1227455 | 2904360 2904229 | 132 132 | 95.45 | NC_057380.1 utg41
		Skipping redundant alignment 894210 894652 | 2904360 2903918 | 443 443 | 95.94 | NC_057384.1 utg41
		Skipping redundant alignment 1191120 1192523 | 2903148 2904551 | 1404 1404 | 95.09 | NC_057379.1 utg41
		Skipping redundant alignment 3536548 3536762 | 2904360 2904574 | 215 215 | 95.35 | NC_057385.1 utg41
		Skipping redundant alignment 95925 96141 | 2904576 2904360 | 217 217 | 95.85 | NC_057377.1 utg41
		Skipping redundant alignment 893802 894208 | 2904767 2904361 | 407 407 | 95.82 | NC_057384.1 utg41
		Skipping redundant alignment 1380727 1380799 | 2959214 2959143 | 73 72 | 98.63 | NC_057383.1 utg41
		This contig has several significant sets of alignments. [An ambiguously mapped contig]
		Using only the very best set (option --ambiguity-usage is set to "one").
			The best set is below. Score: 4327.1, number of alignments: 16, unaligned bases: 2968138
		This contig is misassembled.
		This contig is partially unaligned. (Aligned 5988 out of 2974126 non-N bases (0.20%))
			Warning! This contig is more unaligned than misassembled. Contig length is 2974126 (number of Ns: 0) and total length of all aligns is 5988
		Alignment: 2827422 2827515 | 572325 572232 | 94 94 | 100.0 | NC_057370.1 utg41
		Alignment: 2398867 2398937 | 1000833 1000763 | 71 71 | 95.77 | NC_057370.1 utg41
		Alignment: 2395881 2395973 | 1003798 1003706 | 93 93 | 95.7 | NC_057370.1 utg41
		Alignment: 2338067 2338162 | 1060881 1060786 | 96 96 | 100.0 | NC_057370.1 utg41
		Alignment: 2298433 2298518 | 1100601 1100516 | 86 86 | 95.35 | NC_057370.1 utg41
		Alignment: 2235495 2235609 | 1163444 1163330 | 115 115 | 97.39 | NC_057370.1 utg41
		Alignment: 2198286 2198376 | 1199769 1199679 | 91 91 | 96.7 | NC_057370.1 utg41
		Alignment: 1547382 1547449 | 1850044 1849977 | 68 68 | 97.06 | NC_057370.1 utg41
		Alignment: 1428180 1428322 | 1968934 1968792 | 143 143 | 96.5 | NC_057370.1 utg41
		Alignment: 862411 864031 | 2621106 2619484 | 1621 1623 | 95.2 | NC_057382.1 utg41
		Alignment: 1227194 1227260 | 2650349 2650415 | 67 67 | 97.01 | NC_057380.1 utg41
		Alignment: 1227308 1227455 | 2650469 2650616 | 148 148 | 95.27 | NC_057380.1 utg41
		Alignment: 1228096 1228320 | 2651265 2651489 | 225 225 | 98.22 | NC_057380.1 utg41
		Alignment: 75076 76159 | 2659808 2658725 | 1084 1084 | 95.39 | NC_057381.1 utg41
		Alignment: 1956171 1956531 | 2873224 2872864 | 361 361 | 95.57 | NC_057379.1 utg41
		Alignment: 862411 864032 | 2903150 2904772 | 1622 1623 | 95.01 | NC_057382.1 utg41
		Unaligned bases: 2968138

CONTIG: utg42 (1801221bp)
Best alignment score: 1555.1 (LEN: 1626, IDY: 95.64), Total number of alignments: 34
			Looking for the best set of alignments (out of 34 total alignments)
			Skipping redundant alignments after choosing the best set of alignments
		Skipping redundant alignment 167538 167629 | 127656 127748 | 92 93 | 95.7 | NC_057382.1 utg42
		Skipping redundant alignment 340648 340737 | 301967 301878 | 90 90 | 95.56 | NC_057382.1 utg42
		Skipping redundant alignment 439345 439420 | 349770 349695 | 76 76 | 98.68 | NC_057382.1 utg42
		Skipping redundant alignment 459957 460053 | 369510 369606 | 97 97 | 98.97 | NC_057382.1 utg42
		Skipping redundant alignment 1630981 1631080 | 369609 369510 | 100 100 | 99.0 | NC_057380.1 utg42
		Skipping redundant alignment 460054 460192 | 369609 369747 | 139 139 | 95.68 | NC_057382.1 utg42
		Skipping redundant alignment 1630835 1630980 | 369757 369612 | 146 146 | 95.89 | NC_057380.1 utg42
		Skipping redundant alignment 583641 583740 | 477912 478011 | 100 100 | 95.0 | NC_057382.1 utg42
		Skipping redundant alignment 653604 653692 | 559495 559583 | 89 89 | 97.78 | NC_057382.1 utg42
		Skipping redundant alignment 1437044 1437131 | 559583 559495 | 88 89 | 96.67 | NC_057380.1 utg42
		Skipping redundant alignment 655419 655504 | 561308 561393 | 86 86 | 95.35 | NC_057382.1 utg42
		Skipping redundant alignment 1391939 1392037 | 631179 631277 | 99 99 | 98.99 | NC_057380.1 utg42
		Skipping redundant alignment 1227458 1227832 | 679362 679736 | 375 375 | 96.0 | NC_057380.1 utg42
		Skipping redundant alignment 1227887 1228028 | 679795 679936 | 142 142 | 97.18 | NC_057380.1 utg42
		Skipping redundant alignment 1228095 1228320 | 680003 680228 | 226 226 | 96.9 | NC_057380.1 utg42
		Skipping redundant alignment 1069149 1069221 | 870870 870798 | 73 73 | 95.89 | NC_057380.1 utg42
		Skipping redundant alignment 871320 871557 | 1028232 1027995 | 238 238 | 95.8 | NC_057382.1 utg42
		Skipping redundant alignment 871325 871557 | 1121675 1121443 | 233 233 | 96.14 | NC_057382.1 utg42
		Skipping redundant alignment 372698 372790 | 1521822 1521914 | 93 93 | 95.7 | NC_057372.1 utg42
		Skipping redundant alignment 1227141 1227261 | 1530354 1530474 | 121 121 | 96.69 | NC_057380.1 utg42
		Skipping redundant alignment 1227458 1227832 | 1530680 1531054 | 375 375 | 95.73 | NC_057380.1 utg42
		Skipping redundant alignment 1227887 1228094 | 1531113 1531320 | 208 208 | 97.12 | NC_057380.1 utg42
		Skipping redundant alignment 1228095 1228320 | 1531322 1531547 | 226 226 | 97.79 | NC_057380.1 utg42
		Skipping redundant alignment 1191128 1192520 | 1531747 1530354 | 1393 1394 | 95.55 | NC_057379.1 utg42
		Skipping redundant alignment 1465242 1466858 | 1531753 1530137 | 1617 1617 | 95.18 | NC_057378.1 utg42
		Skipping redundant alignment 95953 97354 | 1530354 1531755 | 1402 1402 | 95.79 | NC_057377.1 utg42
		Skipping redundant alignment 3535336 3536957 | 1531755 1530132 | 1622 1624 | 95.14 | NC_057385.1 utg42
		Skipping redundant alignment 3312943 3313033 | 1665890 1665980 | 91 91 | 96.7 | NC_057385.1 utg42
		This contig has several significant sets of alignments. [An ambiguously mapped contig]
		Using only the very best set (option --ambiguity-usage is set to "one").
			The best set is below. Score: 2668.9, number of alignments: 6, unaligned bases: 1797386
		This contig is misassembled.
		This contig is partially unaligned. (Aligned 3835 out of 1801221 non-N bases (0.21%))
			Warning! This contig is more unaligned than misassembled. Contig length is 1801221 (number of Ns: 0) and total length of all aligns is 3835
		Alignment: 862907 863803 | 679937 679041 | 897 897 | 95.65 | NC_057382.1 utg42
		Alignment: 862613 862840 | 680231 680004 | 228 228 | 96.93 | NC_057382.1 utg42
		Alignment: 1956171 1956531 | 1029087 1028727 | 361 361 | 95.29 | NC_057379.1 utg42
		Alignment: 1956171 1956531 | 1122535 1122175 | 361 361 | 95.29 | NC_057379.1 utg42
		Alignment: 1956170 1956531 | 1461990 1461629 | 362 362 | 96.41 | NC_057379.1 utg42
		Alignment: 862409 864033 | 1531755 1530130 | 1625 1626 | 95.64 | NC_057382.1 utg42
		Unaligned bases: 1797386

CONTIG: utg43 (794686bp)
Best alignment score: 1545.1 (LEN: 1623, IDY: 95.20), Total number of alignments: 32
			Looking for the best set of alignments (out of 32 total alignments)
			Skipping redundant alignments after choosing the best set of alignments
		Skipping redundant alignment 1227141 1227261 | 175476 175596 | 121 121 | 96.69 | NC_057380.1 utg43
		Skipping redundant alignment 95953 96140 | 175476 175663 | 188 188 | 95.74 | NC_057377.1 utg43
		Skipping redundant alignment 3536548 3536731 | 175664 175481 | 184 184 | 95.11 | NC_057385.1 utg43
		Skipping redundant alignment 1227458 1227832 | 175800 176174 | 375 375 | 96.0 | NC_057380.1 utg43
		Skipping redundant alignment 3535821 3536545 | 176389 175665 | 725 725 | 96.0 | NC_057385.1 utg43
		Skipping redundant alignment 1227887 1228094 | 176233 176440 | 208 208 | 97.6 | NC_057380.1 utg43
		Skipping redundant alignment 1228095 1228320 | 176442 176667 | 226 226 | 95.58 | NC_057380.1 utg43
		Skipping redundant alignment 3535338 3535820 | 176873 176391 | 483 483 | 95.24 | NC_057385.1 utg43
		Skipping redundant alignment 96143 97352 | 175664 176873 | 1210 1210 | 95.29 | NC_057377.1 utg43
		Skipping redundant alignment 1228321 1228410 | 415321 415232 | 90 90 | 95.56 | NC_057380.1 utg43
		Skipping redundant alignment 1228095 1228320 | 415548 415323 | 226 226 | 95.58 | NC_057380.1 utg43
		Skipping redundant alignment 1227887 1228094 | 415757 415550 | 208 208 | 97.12 | NC_057380.1 utg43
		Skipping redundant alignment 1227458 1227832 | 416190 415816 | 375 375 | 95.73 | NC_057380.1 utg43
		Skipping redundant alignment 1227308 1227455 | 416343 416196 | 148 148 | 96.62 | NC_057380.1 utg43
		Skipping redundant alignment 1037716 1037933 | 469020 468803 | 218 218 | 96.33 | NC_057371.1 utg43
		Skipping redundant alignment 1228095 1228320 | 667236 667011 | 226 226 | 97.35 | NC_057380.1 utg43
		Skipping redundant alignment 3535346 3535820 | 666813 667287 | 475 475 | 95.79 | NC_057385.1 utg43
		Skipping redundant alignment 1227887 1228094 | 667445 667238 | 208 208 | 96.15 | NC_057380.1 utg43
		Skipping redundant alignment 1227458 1227832 | 667878 667504 | 375 375 | 96.53 | NC_057380.1 utg43
		Skipping redundant alignment 3535821 3536762 | 667289 668230 | 942 942 | 95.12 | NC_057385.1 utg43
		Skipping redundant alignment 95925 97344 | 668232 666813 | 1420 1420 | 95.35 | NC_057377.1 utg43
		Skipping redundant alignment 75610 76158 | 769608 770156 | 549 549 | 97.09 | NC_057381.1 utg43
		Skipping redundant alignment 1465242 1465790 | 770156 769608 | 549 549 | 96.72 | NC_057378.1 utg43
		Skipping redundant alignment 3535336 3535885 | 770158 769608 | 550 551 | 96.55 | NC_057385.1 utg43
		Skipping redundant alignment 96804 97354 | 769608 770158 | 551 551 | 96.37 | NC_057377.1 utg43
		Skipping redundant alignment 862409 862957 | 770158 769608 | 549 551 | 96.01 | NC_057382.1 utg43
		Skipping redundant alignment 1227979 1228527 | 769608 770158 | 549 551 | 96.01 | NC_057380.1 utg43
		This contig has several significant sets of alignments. [An ambiguously mapped contig]
		Using only the very best set (option --ambiguity-usage is set to "one").
			The best set is below. Score: 5192.2, number of alignments: 5, unaligned bases: 788207
		This contig is misassembled.
		This contig is partially unaligned. (Aligned 6479 out of 794686 non-N bases (0.82%))
			Warning! This contig is more unaligned than misassembled. Contig length is 794686 (number of Ns: 0) and total length of all aligns is 6479
		Alignment: 862411 864031 | 176873 175254 | 1621 1620 | 95.01 | NC_057382.1 utg43
		Alignment: 75090 76159 | 356701 355632 | 1070 1070 | 96.36 | NC_057381.1 utg43
		Alignment: 862411 864032 | 415118 416740 | 1622 1623 | 95.2 | NC_057382.1 utg43
		Alignment: 862419 864031 | 666813 668427 | 1613 1615 | 95.29 | NC_057382.1 utg43
		Alignment: 1037714 1038264 | 770158 769608 | 551 551 | 98.19 | NC_057371.1 utg43
		Unaligned bases: 788207

CONTIG: utg44 (38882bp)
		This contig is unaligned. (38882 bp)
		Unaligned bases: 38882 (number of Ns: 0)

CONTIG: utg45 (54326bp)
		This contig is unaligned. (54326 bp)
		Unaligned bases: 54326 (number of Ns: 0)

CONTIG: utg46 (56775bp)
		This contig is unaligned. (56775 bp)
		Unaligned bases: 56775 (number of Ns: 0)

CONTIG: utg47 (56921bp)
		This contig is unaligned. (56921 bp)
		Unaligned bases: 56921 (number of Ns: 0)

CONTIG: utg48 (247932bp)
		This contig is unaligned. (247932 bp)
		Unaligned bases: 247932 (number of Ns: 0)

CONTIG: utg50 (80506bp)
		This contig is unaligned. (80506 bp)
		Unaligned bases: 80506 (number of Ns: 0)

CONTIG: utg52 (1951041bp)
Best alignment score: 1547.1 (LEN: 1620, IDY: 95.50), Total number of alignments: 48
			Looking for the best set of alignments (out of 48 total alignments)
			Skipping redundant alignments after choosing the best set of alignments
		Skipping redundant alignment 3535338 3535559 | 202390 202169 | 222 222 | 95.96 | NC_057385.1 utg52
		Skipping redundant alignment 75937 76158 | 202169 202390 | 222 222 | 95.95 | NC_057381.1 utg52
		Skipping redundant alignment 1037716 1037937 | 202390 202169 | 222 222 | 95.95 | NC_057371.1 utg52
		Skipping redundant alignment 97131 97352 | 202169 202390 | 222 222 | 95.52 | NC_057377.1 utg52
		Skipping redundant alignment 1465242 1465327 | 216765 216850 | 86 86 | 95.35 | NC_057378.1 utg52
		Skipping redundant alignment 3535337 3535423 | 216764 216850 | 87 87 | 96.55 | NC_057385.1 utg52
		Skipping redundant alignment 97264 97353 | 216853 216764 | 90 90 | 96.67 | NC_057377.1 utg52
		Skipping redundant alignment 1228096 1228320 | 217196 216972 | 225 225 | 98.22 | NC_057380.1 utg52
		Skipping redundant alignment 3535424 3535820 | 216852 217248 | 397 397 | 95.21 | NC_057385.1 utg52
		Skipping redundant alignment 1227887 1228095 | 217406 217198 | 209 209 | 96.65 | NC_057380.1 utg52
		Skipping redundant alignment 1466447 1466560 | 217970 218083 | 114 114 | 95.61 | NC_057378.1 utg52
		Skipping redundant alignment 95925 96141 | 218192 217976 | 217 217 | 95.39 | NC_057377.1 utg52
		Skipping redundant alignment 505616 505789 | 576319 576492 | 174 174 | 96.55 | NC_057377.1 utg52
		Skipping redundant alignment 733282 733366 | 666363 666447 | 85 85 | 100.0 | NC_057377.1 utg52
		Skipping redundant alignment 1227141 1227261 | 754294 754414 | 121 121 | 95.04 | NC_057380.1 utg52
		Skipping redundant alignment 3536548 3536731 | 754482 754299 | 184 184 | 95.11 | NC_057385.1 utg52
		Skipping redundant alignment 95953 96141 | 754294 754482 | 189 189 | 95.77 | NC_057377.1 utg52
		Skipping redundant alignment 1227324 1227455 | 754482 754613 | 132 132 | 96.21 | NC_057380.1 utg52
		Skipping redundant alignment 1227458 1227832 | 754619 754993 | 375 375 | 95.73 | NC_057380.1 utg52
		Skipping redundant alignment 3535821 3536546 | 755208 754483 | 726 726 | 95.73 | NC_057385.1 utg52
		Skipping redundant alignment 96143 96894 | 754483 755234 | 752 752 | 95.48 | NC_057377.1 utg52
		Skipping redundant alignment 1227887 1228071 | 755052 755236 | 185 185 | 97.84 | NC_057380.1 utg52
		Skipping redundant alignment 1228095 1228320 | 755260 755485 | 226 226 | 96.9 | NC_057380.1 utg52
		Skipping redundant alignment 3535338 3535791 | 755691 755238 | 454 454 | 95.81 | NC_057385.1 utg52
		Skipping redundant alignment 96896 97352 | 755235 755691 | 457 457 | 95.4 | NC_057377.1 utg52
		Skipping redundant alignment 75076 76158 | 754610 755691 | 1083 1082 | 97.14 | NC_057381.1 utg52
		Skipping redundant alignment 916298 916373 | 875377 875452 | 76 76 | 97.37 | NC_057377.1 utg52
		Skipping redundant alignment 1001620 1001740 | 959318 959438 | 121 121 | 100.0 | NC_057377.1 utg52
		Skipping redundant alignment 1061993 1062105 | 1026154 1026266 | 113 113 | 96.46 | NC_057377.1 utg52
		Skipping redundant alignment 1453069 1453188 | 1037984 1038103 | 120 120 | 99.17 | NC_057376.1 utg52
		Skipping redundant alignment 1182729 1182889 | 1139949 1140109 | 161 161 | 95.65 | NC_057377.1 utg52
		Skipping redundant alignment 1546726 1546835 | 1480467 1480357 | 110 111 | 96.4 | NC_057377.1 utg52
		Skipping redundant alignment 1228095 1228320 | 1654476 1654251 | 226 226 | 96.9 | NC_057380.1 utg52
		Skipping redundant alignment 1227887 1228094 | 1654685 1654478 | 208 208 | 97.6 | NC_057380.1 utg52
		Skipping redundant alignment 796075 796164 | 1654679 1654768 | 90 90 | 95.56 | NC_057384.1 utg52
		Skipping redundant alignment 96595 97352 | 1654802 1654045 | 758 758 | 95.78 | NC_057377.1 utg52
		Skipping redundant alignment 796206 796368 | 1654809 1654971 | 163 163 | 96.93 | NC_057384.1 utg52
		Skipping redundant alignment 96419 96593 | 1654977 1654803 | 175 175 | 96.0 | NC_057377.1 utg52
		Skipping redundant alignment 1227596 1227772 | 1654979 1654803 | 177 177 | 95.48 | NC_057380.1 utg52
		Skipping redundant alignment 796369 796645 | 1654973 1655249 | 277 277 | 95.31 | NC_057384.1 utg52
		Skipping redundant alignment 1227324 1227455 | 1655255 1655124 | 132 132 | 96.21 | NC_057380.1 utg52
		Skipping redundant alignment 95925 96141 | 1655471 1655255 | 217 217 | 96.31 | NC_057377.1 utg52
		Skipping redundant alignment 1956422 1956531 | 1857511 1857620 | 110 110 | 97.27 | NC_057379.1 utg52
		This contig has several significant sets of alignments. [An ambiguously mapped contig]
		Using only the very best set (option --ambiguity-usage is set to "one").
			The best set is below. Score: 4230.5, number of alignments: 5, unaligned bases: 1945551
		This contig is misassembled.
		This contig is partially unaligned. (Aligned 5490 out of 1951041 non-N bases (0.28%))
			Warning! This contig is more unaligned than misassembled. Contig length is 1951041 (number of Ns: 0) and total length of all aligns is 5490
		Alignment: 862410 864031 | 216764 218387 | 1622 1624 | 95.08 | NC_057382.1 utg52
		Alignment: 862411 864031 | 755691 754072 | 1621 1620 | 95.5 | NC_057382.1 utg52
		Alignment: 862411 864031 | 1654045 1655666 | 1621 1622 | 95.38 | NC_057382.1 utg52
		Alignment: 871810 872080 | 1863826 1863556 | 271 271 | 95.2 | NC_057382.1 utg52
		Alignment: 1956179 1956531 | 1865158 1864806 | 353 353 | 95.18 | NC_057379.1 utg52
		Unaligned bases: 1945551

CONTIG: utg53 (33603bp)
		This contig is unaligned. (33603 bp)
		Unaligned bases: 33603 (number of Ns: 0)

CONTIG: utg55 (3385294bp)
Best alignment score: 1551.0 (LEN: 1627, IDY: 95.33), Total number of alignments: 71
			Looking for the best set of alignments (out of 71 total alignments)
			Skipping redundant alignments after choosing the best set of alignments
		Skipping redundant alignment 1228095 1228320 | 51430 51205 | 226 226 | 96.9 | NC_057380.1 utg55
		Skipping redundant alignment 795884 796002 | 51453 51571 | 119 119 | 95.8 | NC_057384.1 utg55
		Skipping redundant alignment 1227887 1228071 | 51638 51454 | 185 185 | 96.76 | NC_057380.1 utg55
		Skipping redundant alignment 796075 796164 | 51632 51721 | 90 90 | 95.56 | NC_057384.1 utg55
		Skipping redundant alignment 1227458 1227832 | 52071 51697 | 375 375 | 96.0 | NC_057380.1 utg55
		Skipping redundant alignment 796206 796835 | 51763 52392 | 630 630 | 95.08 | NC_057384.1 utg55
		Skipping redundant alignment 3535821 3536731 | 51482 52392 | 911 911 | 95.5 | NC_057385.1 utg55
		Skipping redundant alignment 1227141 1227261 | 52397 52277 | 121 121 | 95.04 | NC_057380.1 utg55
		Skipping redundant alignment 95953 96894 | 52397 51456 | 942 942 | 95.22 | NC_057377.1 utg55
		Skipping redundant alignment 1228096 1228320 | 70018 69794 | 225 225 | 96.44 | NC_057380.1 utg55
		Skipping redundant alignment 1227887 1228095 | 70228 70020 | 209 209 | 95.69 | NC_057380.1 utg55
		Skipping redundant alignment 796075 796164 | 70222 70311 | 90 90 | 95.56 | NC_057384.1 utg55
		Skipping redundant alignment 1227458 1227832 | 70661 70287 | 375 375 | 96.8 | NC_057380.1 utg55
		Skipping redundant alignment 3580048 3580113 | 146569 146634 | 66 66 | 96.97 | NC_057373.1 utg55
		Skipping redundant alignment 3184381 3184448 | 434712 434645 | 68 68 | 95.59 | NC_057373.1 utg55
		Skipping redundant alignment 3184081 3184151 | 435003 434933 | 71 71 | 95.77 | NC_057373.1 utg55
		Skipping redundant alignment 3159939 3160033 | 459133 459039 | 95 95 | 96.84 | NC_057373.1 utg55
		Skipping redundant alignment 3094907 3094972 | 506157 506222 | 66 66 | 100.0 | NC_057373.1 utg55
		Skipping redundant alignment 2961417 2961498 | 652638 652557 | 82 82 | 95.12 | NC_057373.1 utg55
		Skipping redundant alignment 2935081 2935183 | 678684 678582 | 103 103 | 97.09 | NC_057373.1 utg55
		Skipping redundant alignment 2914907 2914983 | 699223 699147 | 77 77 | 96.1 | NC_057373.1 utg55
		Skipping redundant alignment 1218946 1219137 | 850076 849885 | 192 192 | 96.35 | NC_057380.1 utg55
		Skipping redundant alignment 2700154 2700234 | 933150 933070 | 81 81 | 95.06 | NC_057373.1 utg55
		Skipping redundant alignment 2560211 2560323 | 1070451 1070339 | 113 113 | 96.46 | NC_057373.1 utg55
		Skipping redundant alignment 2558081 2558169 | 1072532 1072444 | 89 89 | 95.51 | NC_057373.1 utg55
		Skipping redundant alignment 2474729 2474828 | 1152005 1151906 | 100 100 | 96.0 | NC_057373.1 utg55
		Skipping redundant alignment 2437018 2437141 | 1400225 1400347 | 124 123 | 95.97 | NC_057385.1 utg55
		Skipping redundant alignment 372698 372763 | 1512854 1512919 | 66 66 | 95.45 | NC_057372.1 utg55
		Skipping redundant alignment 1829638 1829715 | 1616441 1616518 | 78 78 | 96.15 | NC_057373.1 utg55
		Skipping redundant alignment 1833767 1833863 | 1620594 1620690 | 97 97 | 95.88 | NC_057373.1 utg55
		Skipping redundant alignment 2192644 2192821 | 1975463 1975640 | 178 178 | 95.51 | NC_057373.1 utg55
		Skipping redundant alignment 2369469 2369651 | 2103124 2103306 | 183 183 | 99.45 | NC_057373.1 utg55
		Skipping redundant alignment 2387752 2387822 | 2121153 2121223 | 71 71 | 95.77 | NC_057373.1 utg55
		Skipping redundant alignment 1376577 1376644 | 2203738 2203805 | 68 68 | 95.59 | NC_057373.1 utg55
		Skipping redundant alignment 1056471 1056562 | 2513407 2513316 | 92 92 | 97.83 | NC_057373.1 utg55
		Skipping redundant alignment 1054910 1055009 | 2515035 2514936 | 100 100 | 96.0 | NC_057373.1 utg55
		Skipping redundant alignment 951139 951226 | 2610481 2610394 | 88 88 | 95.45 | NC_057373.1 utg55
		Skipping redundant alignment 611834 611909 | 2914188 2914113 | 76 76 | 97.37 | NC_057373.1 utg55
		Skipping redundant alignment 427099 427195 | 3090538 3090634 | 97 97 | 96.91 | NC_057373.1 utg55
		Skipping redundant alignment 299651 299730 | 3175873 3175794 | 80 80 | 97.5 | NC_057373.1 utg55
		This contig has several significant sets of alignments. [An ambiguously mapped contig]
		Using only the very best set (option --ambiguity-usage is set to "one").
			The best set is below. Score: 4207.8, number of alignments: 31, unaligned bases: 3379098
		This contig is misassembled.
		This contig is partially unaligned. (Aligned 6196 out of 3385294 non-N bases (0.18%))
			Warning! This contig is more unaligned than misassembled. Contig length is 3385294 (number of Ns: 0) and total length of all aligns is 6196
		Alignment: 862405 864031 | 50993 52619 | 1627 1627 | 95.33 | NC_057382.1 utg55
		Alignment: 862613 862840 | 69791 70018 | 228 228 | 96.49 | NC_057382.1 utg55
		Alignment: 862841 863803 | 70020 70982 | 963 963 | 95.02 | NC_057382.1 utg55
		Alignment: 3028655 3028728 | 583963 583890 | 74 74 | 95.95 | NC_057373.1 utg55
		Alignment: 3019689 3019819 | 592720 592590 | 131 131 | 96.95 | NC_057373.1 utg55
		Alignment: 3019612 3019685 | 592794 592721 | 74 74 | 98.65 | NC_057373.1 utg55
		Alignment: 3019522 3019608 | 592881 592795 | 87 87 | 95.4 | NC_057373.1 utg55
		Alignment: 1471604 1471785 | 1258410 1258591 | 182 182 | 95.05 | NC_057373.1 utg55
		Alignment: 1531172 1531296 | 1318604 1318728 | 125 125 | 96.0 | NC_057373.1 utg55
		Alignment: 1604291 1604538 | 1391222 1391469 | 248 248 | 95.97 | NC_057373.1 utg55
		Alignment: 1605067 1605148 | 1392000 1392081 | 82 82 | 95.12 | NC_057373.1 utg55
		Alignment: 1613269 1613390 | 1400227 1400347 | 122 121 | 96.72 | NC_057373.1 utg55
		Alignment: 1736411 1736491 | 1522025 1522105 | 81 81 | 95.06 | NC_057373.1 utg55
		Alignment: 1782780 1782916 | 1568148 1568282 | 137 135 | 95.62 | NC_057373.1 utg55
		Alignment: 1936126 1936303 | 1720524 1720701 | 178 178 | 96.07 | NC_057373.1 utg55
		Alignment: 1937107 1937214 | 1721505 1721612 | 108 108 | 97.22 | NC_057373.1 utg55
		Alignment: 1942449 1942562 | 1726966 1727079 | 114 114 | 97.37 | NC_057373.1 utg55
		Alignment: 1945949 1946039 | 1730420 1730510 | 91 91 | 96.7 | NC_057373.1 utg55
		Alignment: 1975992 1976122 | 1760060 1760190 | 131 131 | 95.42 | NC_057373.1 utg55
		Alignment: 2158737 2158827 | 1942798 1942888 | 91 91 | 100.0 | NC_057373.1 utg55
		Alignment: 1268485 1268577 | 2302611 2302519 | 93 93 | 97.85 | NC_057373.1 utg55
		Alignment: 1264577 1264692 | 2306549 2306434 | 116 116 | 99.14 | NC_057373.1 utg55
		Alignment: 1186974 1187090 | 2384066 2383950 | 117 117 | 98.29 | NC_057373.1 utg55
		Alignment: 1186899 1186972 | 2384140 2384067 | 74 74 | 98.65 | NC_057373.1 utg55
		Alignment: 1147243 1147312 | 2423900 2423831 | 70 70 | 97.14 | NC_057373.1 utg55
		Alignment: 1147163 1147241 | 2423979 2423901 | 79 79 | 96.2 | NC_057373.1 utg55
		Alignment: 1147076 1147154 | 2424060 2423982 | 79 79 | 97.47 | NC_057373.1 utg55
		Alignment: 1131795 1131917 | 2439640 2439518 | 123 123 | 96.75 | NC_057373.1 utg55
		Alignment: 1473996 1474116 | 3335068 3335188 | 121 121 | 95.87 | NC_057378.1 utg55
		Alignment: 1474577 1474773 | 3335631 3335827 | 197 197 | 96.95 | NC_057378.1 utg55
		Alignment: 1474775 1475030 | 3335828 3336083 | 256 256 | 96.09 | NC_057378.1 utg55
		Unaligned bases: 3379098

CONTIG: utg59 (199242bp)
		This contig is unaligned. (199242 bp)
		Unaligned bases: 199242 (number of Ns: 0)

CONTIG: utg60 (282887bp)
Best alignment score: 346.0 (LEN: 361, IDY: 95.84), Total number of alignments: 1
			Looking for the best set of alignments (out of 1 total alignments)
			The best set is below. Score: 346.0, number of alignments: 1, unaligned bases: 282526
		This contig is partially unaligned. (Aligned 361 out of 282887 non-N bases (0.13%))
		Alignment: 1956171 1956531 | 269361 269001 | 361 361 | 95.84 | NC_057379.1 utg60
		Unaligned bases: 1 to 269000 (269000)
		Unaligned bases: 269362 to 282887 (13526)

CONTIG: utg61 (138464bp)
		This contig is unaligned. (138464 bp)
		Unaligned bases: 138464 (number of Ns: 0)

CONTIG: utg65 (47370bp)
		This contig is unaligned. (47370 bp)
		Unaligned bases: 47370 (number of Ns: 0)

CONTIG: utg67 (67756bp)
		This contig is unaligned. (67756 bp)
		Unaligned bases: 67756 (number of Ns: 0)

CONTIG: utg70 (70987bp)
		This contig is unaligned. (70987 bp)
		Unaligned bases: 70987 (number of Ns: 0)

CONTIG: utg71 (45099bp)
		This contig is unaligned. (45099 bp)
		Unaligned bases: 45099 (number of Ns: 0)

CONTIG: utg73 (105102bp)
		This contig is unaligned. (105102 bp)
		Unaligned bases: 105102 (number of Ns: 0)

CONTIG: utg74 (233202bp)
		This contig is unaligned. (233202 bp)
		Unaligned bases: 233202 (number of Ns: 0)

CONTIG: utg75 (131243bp)
		This contig is unaligned. (131243 bp)
		Unaligned bases: 131243 (number of Ns: 0)

CONTIG: utg77 (53734bp)
		This contig is unaligned. (53734 bp)
		Unaligned bases: 53734 (number of Ns: 0)

CONTIG: utg79 (64740bp)
		This contig is unaligned. (64740 bp)
		Unaligned bases: 64740 (number of Ns: 0)

CONTIG: utg80 (79031bp)
		This contig is unaligned. (79031 bp)
		Unaligned bases: 79031 (number of Ns: 0)

CONTIG: utg83 (69636bp)
		This contig is unaligned. (69636 bp)
		Unaligned bases: 69636 (number of Ns: 0)

CONTIG: utg84 (51359bp)
		This contig is unaligned. (51359 bp)
		Unaligned bases: 51359 (number of Ns: 0)

CONTIG: utg85 (63478bp)
		This contig is unaligned. (63478 bp)
		Unaligned bases: 63478 (number of Ns: 0)

CONTIG: utg88 (128719bp)
		This contig is unaligned. (128719 bp)
		Unaligned bases: 128719 (number of Ns: 0)

CONTIG: utg93 (92459bp)
		This contig is unaligned. (92459 bp)
		Unaligned bases: 92459 (number of Ns: 0)

CONTIG: utg94 (56210bp)
		This contig is unaligned. (56210 bp)
		Unaligned bases: 56210 (number of Ns: 0)

CONTIG: utg95 (121761bp)
		This contig is unaligned. (121761 bp)
		Unaligned bases: 121761 (number of Ns: 0)

CONTIG: utg98 (82878bp)
		This contig is unaligned. (82878 bp)
		Unaligned bases: 82878 (number of Ns: 0)

CONTIG: utg100 (110836bp)
		This contig is unaligned. (110836 bp)
		Unaligned bases: 110836 (number of Ns: 0)

CONTIG: utg101 (148240bp)
		This contig is unaligned. (148240 bp)
		Unaligned bases: 148240 (number of Ns: 0)

CONTIG: utg102 (83723bp)
		This contig is unaligned. (83723 bp)
		Unaligned bases: 83723 (number of Ns: 0)

CONTIG: utg104 (21341bp)
		This contig is unaligned. (21341 bp)
		Unaligned bases: 21341 (number of Ns: 0)

CONTIG: utg105 (116360bp)
		This contig is unaligned. (116360 bp)
		Unaligned bases: 116360 (number of Ns: 0)

CONTIG: utg109 (45978bp)
		This contig is unaligned. (45978 bp)
		Unaligned bases: 45978 (number of Ns: 0)

CONTIG: utg110 (134824bp)
		This contig is unaligned. (134824 bp)
		Unaligned bases: 134824 (number of Ns: 0)

CONTIG: utg111 (22149bp)
		This contig is unaligned. (22149 bp)
		Unaligned bases: 22149 (number of Ns: 0)

CONTIG: utg112 (26645bp)
		This contig is unaligned. (26645 bp)
		Unaligned bases: 26645 (number of Ns: 0)

CONTIG: utg113 (35460bp)
		This contig is unaligned. (35460 bp)
		Unaligned bases: 35460 (number of Ns: 0)

CONTIG: utg115 (106185bp)
		This contig is unaligned. (106185 bp)
		Unaligned bases: 106185 (number of Ns: 0)

CONTIG: utg116 (46142bp)
		This contig is unaligned. (46142 bp)
		Unaligned bases: 46142 (number of Ns: 0)

CONTIG: utg117 (54044bp)
		This contig is unaligned. (54044 bp)
		Unaligned bases: 54044 (number of Ns: 0)

CONTIG: utg122 (109671bp)
		This contig is unaligned. (109671 bp)
		Unaligned bases: 109671 (number of Ns: 0)

CONTIG: utg125 (109601bp)
		This contig is unaligned. (109601 bp)
		Unaligned bases: 109601 (number of Ns: 0)

CONTIG: utg126 (2047973bp)
Best alignment score: 1544.1 (LEN: 1622, IDY: 95.20), Total number of alignments: 44
			Looking for the best set of alignments (out of 44 total alignments)
			Skipping redundant alignments after choosing the best set of alignments
		Skipping redundant alignment 1227308 1227455 | 85873 86020 | 148 148 | 96.62 | NC_057380.1 utg126
		Skipping redundant alignment 796269 796447 | 86271 86093 | 179 179 | 97.77 | NC_057384.1 utg126
		Skipping redundant alignment 1227703 1227832 | 86270 86399 | 130 130 | 97.69 | NC_057380.1 utg126
		Skipping redundant alignment 1227887 1228095 | 86458 86666 | 209 209 | 97.13 | NC_057380.1 utg126
		Skipping redundant alignment 1228096 1228320 | 86668 86892 | 225 225 | 96.89 | NC_057380.1 utg126
		Skipping redundant alignment 1465241 1466066 | 87099 86274 | 826 826 | 95.64 | NC_057378.1 utg126
		Skipping redundant alignment 1227141 1227261 | 97083 97203 | 121 121 | 95.04 | NC_057380.1 utg126
		Skipping redundant alignment 3536548 3536731 | 97271 97088 | 184 184 | 95.11 | NC_057385.1 utg126
		Skipping redundant alignment 95953 96141 | 97083 97271 | 189 189 | 95.77 | NC_057377.1 utg126
		Skipping redundant alignment 1466447 1466562 | 97277 97162 | 116 116 | 96.55 | NC_057378.1 utg126
		Skipping redundant alignment 1227324 1227455 | 97271 97402 | 132 132 | 95.45 | NC_057380.1 utg126
		Skipping redundant alignment 1227458 1227701 | 97408 97651 | 244 244 | 95.08 | NC_057380.1 utg126
		Skipping redundant alignment 96143 96523 | 97272 97652 | 381 381 | 95.01 | NC_057377.1 utg126
		Skipping redundant alignment 3536165 3536546 | 97653 97272 | 382 382 | 96.07 | NC_057385.1 utg126
		Skipping redundant alignment 1227703 1227832 | 97652 97781 | 130 130 | 98.46 | NC_057380.1 utg126
		Skipping redundant alignment 3535821 3536163 | 97996 97654 | 343 343 | 95.34 | NC_057385.1 utg126
		Skipping redundant alignment 1227887 1228094 | 97840 98047 | 208 208 | 96.63 | NC_057380.1 utg126
		Skipping redundant alignment 1228095 1228320 | 98049 98274 | 226 226 | 97.35 | NC_057380.1 utg126
		Skipping redundant alignment 1465242 1466066 | 98480 97656 | 825 825 | 95.15 | NC_057378.1 utg126
		Skipping redundant alignment 871816 871966 | 298513 298363 | 151 151 | 95.36 | NC_057382.1 utg126
		Skipping redundant alignment 1815982 1816120 | 343058 342920 | 139 139 | 95.68 | NC_057376.1 utg126
		Skipping redundant alignment 1946968 1947040 | 438094 438165 | 73 72 | 98.63 | NC_057375.1 utg126
		Skipping redundant alignment 1952932 1953004 | 438094 438165 | 73 72 | 98.63 | NC_057375.1 utg126
		Skipping redundant alignment 119409 119481 | 438165 438094 | 73 72 | 98.63 | NC_057371.1 utg126
		Skipping redundant alignment 1380727 1380799 | 438165 438094 | 73 72 | 98.63 | NC_057383.1 utg126
		Skipping redundant alignment 1518199 1518270 | 591619 591548 | 72 72 | 98.61 | NC_057376.1 utg126
		Skipping redundant alignment 1453062 1453191 | 654713 654584 | 130 130 | 97.69 | NC_057376.1 utg126
		Skipping redundant alignment 1388598 1388721 | 718460 718337 | 124 124 | 99.19 | NC_057376.1 utg126
		Skipping redundant alignment 1215003 1215120 | 897354 897237 | 118 118 | 96.61 | NC_057376.1 utg126
		Skipping redundant alignment 1192544 1192629 | 922551 922466 | 86 86 | 95.35 | NC_057376.1 utg126
		Skipping redundant alignment 625284 625362 | 1485477 1485399 | 79 79 | 96.2 | NC_057376.1 utg126
		Skipping redundant alignment 540609 540675 | 1571697 1571763 | 67 67 | 98.51 | NC_057376.1 utg126
		Skipping redundant alignment 421084 421183 | 1697371 1697272 | 100 100 | 96.0 | NC_057376.1 utg126
		This contig has several significant sets of alignments. [An ambiguously mapped contig]
		Using only the very best set (option --ambiguity-usage is set to "one").
			The best set is below. Score: 3301.3, number of alignments: 11, unaligned bases: 2043388
		This contig is misassembled.
		This contig is partially unaligned. (Aligned 4585 out of 2047973 non-N bases (0.22%))
			Warning! This contig is more unaligned than misassembled. Contig length is 2047973 (number of Ns: 0) and total length of all aligns is 4585
		Alignment: 862411 864032 | 87098 85477 | 1622 1622 | 95.2 | NC_057382.1 utg126
		Alignment: 862408 864031 | 98483 96861 | 1624 1623 | 95.08 | NC_057382.1 utg126
		Alignment: 1956171 1956531 | 299813 299453 | 361 361 | 95.84 | NC_057379.1 utg126
		Alignment: 1036079 1036300 | 1087118 1086897 | 222 222 | 95.5 | NC_057376.1 utg126
		Alignment: 937111 937183 | 1186164 1186092 | 73 73 | 95.89 | NC_057376.1 utg126
		Alignment: 930801 930913 | 1192356 1192244 | 113 113 | 96.46 | NC_057376.1 utg126
		Alignment: 930230 930329 | 1192900 1192801 | 100 100 | 96.0 | NC_057376.1 utg126
		Alignment: 868931 869049 | 1253278 1253160 | 119 119 | 96.64 | NC_057376.1 utg126
		Alignment: 859826 859946 | 1266088 1265968 | 121 121 | 95.04 | NC_057376.1 utg126
		Alignment: 790534 790643 | 1335284 1335175 | 110 110 | 96.36 | NC_057376.1 utg126
		Alignment: 783153 783273 | 1342619 1342499 | 121 121 | 98.36 | NC_057376.1 utg126
		Unaligned bases: 2043388

CONTIG: utg127 (67695bp)
		This contig is unaligned. (67695 bp)
		Unaligned bases: 67695 (number of Ns: 0)

CONTIG: utg129 (1158933bp)
Best alignment score: 1551.1 (LEN: 1623, IDY: 95.57), Total number of alignments: 34
			Looking for the best set of alignments (out of 34 total alignments)
			Skipping redundant alignments after choosing the best set of alignments
		Skipping redundant alignment 1987430 1987499 | 253257 253326 | 70 70 | 97.14 | NC_057385.1 utg129
		Skipping redundant alignment 1994524 1994603 | 260319 260398 | 80 80 | 97.5 | NC_057385.1 utg129
		Skipping redundant alignment 815295 815368 | 662286 662213 | 74 74 | 95.95 | NC_057385.1 utg129
		Skipping redundant alignment 779568 779687 | 682418 682299 | 120 120 | 100.0 | NC_057385.1 utg129
		Skipping redundant alignment 1107658 1107777 | 682299 682418 | 120 120 | 100.0 | NC_057372.1 utg129
		Skipping redundant alignment 1845166 1845285 | 682299 682418 | 120 120 | 100.0 | NC_057385.1 utg129
		Skipping redundant alignment 795576 795695 | 682418 682299 | 120 120 | 100.0 | NC_057385.1 utg129
		Skipping redundant alignment 1001619 1001738 | 682299 682418 | 120 120 | 100.0 | NC_057377.1 utg129
		Skipping redundant alignment 1172079 1172198 | 682299 682418 | 120 120 | 100.0 | NC_057374.1 utg129
		Skipping redundant alignment 1388599 1388718 | 682418 682299 | 120 120 | 100.0 | NC_057376.1 utg129
		Skipping redundant alignment 859700 859819 | 682299 682418 | 120 120 | 99.17 | NC_057381.1 utg129
		Skipping redundant alignment 1378677 1378796 | 682418 682299 | 120 120 | 99.17 | NC_057371.1 utg129
		Skipping redundant alignment 779572 779687 | 688569 688684 | 116 116 | 99.14 | NC_057385.1 utg129
		Skipping redundant alignment 1001619 1001734 | 688684 688569 | 116 116 | 99.14 | NC_057377.1 utg129
		Skipping redundant alignment 1845166 1845281 | 688684 688569 | 116 116 | 99.14 | NC_057385.1 utg129
		Skipping redundant alignment 1172079 1172194 | 688684 688569 | 116 116 | 99.14 | NC_057374.1 utg129
		Skipping redundant alignment 1107658 1107773 | 688684 688569 | 116 116 | 99.14 | NC_057372.1 utg129
		Skipping redundant alignment 1388603 1388718 | 688569 688684 | 116 116 | 99.14 | NC_057376.1 utg129
		Skipping redundant alignment 1378681 1378796 | 688569 688684 | 116 116 | 98.28 | NC_057371.1 utg129
		Skipping redundant alignment 795580 795696 | 688569 688685 | 117 117 | 99.15 | NC_057385.1 utg129
		Skipping redundant alignment 859699 859815 | 688685 688569 | 117 117 | 98.29 | NC_057381.1 utg129
		Skipping redundant alignment 779567 779687 | 696312 696192 | 121 121 | 100.0 | NC_057385.1 utg129
		Skipping redundant alignment 95925 96141 | 911266 911482 | 217 217 | 96.31 | NC_057377.1 utg129
		Skipping redundant alignment 96143 96232 | 911483 911572 | 90 90 | 97.78 | NC_057377.1 utg129
		Skipping redundant alignment 1227458 1227832 | 911618 911992 | 375 375 | 96.0 | NC_057380.1 utg129
		Skipping redundant alignment 1227887 1228094 | 912051 912258 | 208 208 | 97.6 | NC_057380.1 utg129
		Skipping redundant alignment 1228095 1228320 | 912260 912485 | 226 226 | 97.79 | NC_057380.1 utg129
		Skipping redundant alignment 96234 97354 | 911573 912693 | 1121 1121 | 95.45 | NC_057377.1 utg129
		Skipping redundant alignment 466290 466408 | 994191 994309 | 119 119 | 96.64 | NC_057385.1 utg129
		Skipping redundant alignment 349870 349991 | 1035241 1035120 | 122 122 | 95.08 | NC_057385.1 utg129
			The best set is below. Score: 1576.1, number of alignments: 4, unaligned bases: 1157005
		This contig is misassembled.
		This contig is partially unaligned. (Aligned 1928 out of 1158933 non-N bases (0.17%))
			Warning! This contig is more unaligned than misassembled. Contig length is 1158933 (number of Ns: 0) and total length of all aligns is 1928
		Alignment: 1811687 1811770 | 81891 81974 | 84 84 | 100.0 | NC_057385.1 utg129
		Alignment: 1845166 1845286 | 115449 115569 | 121 121 | 100.0 | NC_057385.1 utg129
		Alignment: 1871466 1871565 | 141339 141438 | 100 100 | 95.0 | NC_057385.1 utg129
		Alignment: 862409 864031 | 912693 911071 | 1623 1623 | 95.57 | NC_057382.1 utg129
		Unaligned bases: 1157005

CONTIG: utg136 (70734bp)
		This contig is unaligned. (70734 bp)
		Unaligned bases: 70734 (number of Ns: 0)

CONTIG: utg138 (59643bp)
		This contig is unaligned. (59643 bp)
		Unaligned bases: 59643 (number of Ns: 0)

CONTIG: utg139 (36489bp)
		This contig is unaligned. (36489 bp)
		Unaligned bases: 36489 (number of Ns: 0)

CONTIG: utg141 (115849bp)
		This contig is unaligned. (115849 bp)
		Unaligned bases: 115849 (number of Ns: 0)

CONTIG: utg142 (23576bp)
		This contig is unaligned. (23576 bp)
		Unaligned bases: 23576 (number of Ns: 0)

CONTIG: utg143 (47883bp)
		This contig is unaligned. (47883 bp)
		Unaligned bases: 47883 (number of Ns: 0)

CONTIG: utg145 (56449bp)
		This contig is unaligned. (56449 bp)
		Unaligned bases: 56449 (number of Ns: 0)

CONTIG: utg153 (201612bp)
Best alignment score: 1545.1 (LEN: 1623, IDY: 95.20), Total number of alignments: 12
			Looking for the best set of alignments (out of 12 total alignments)
			Skipping redundant alignments after choosing the best set of alignments
		Skipping redundant alignment 1228095 1228320 | 141279 141054 | 226 226 | 97.35 | NC_057380.1 utg153
		Skipping redundant alignment 1465242 1465695 | 140848 141301 | 454 454 | 96.48 | NC_057378.1 utg153
		Skipping redundant alignment 3535336 3535791 | 140846 141301 | 456 456 | 96.27 | NC_057385.1 utg153
		Skipping redundant alignment 96896 97354 | 141304 140846 | 459 459 | 95.86 | NC_057377.1 utg153
		Skipping redundant alignment 795884 796002 | 141302 141420 | 119 119 | 95.8 | NC_057384.1 utg153
		Skipping redundant alignment 1227887 1228071 | 141487 141303 | 185 185 | 97.3 | NC_057380.1 utg153
		Skipping redundant alignment 796075 796164 | 141481 141570 | 90 90 | 95.56 | NC_057384.1 utg153
		Skipping redundant alignment 1227458 1227832 | 141920 141546 | 375 375 | 95.73 | NC_057380.1 utg153
		Skipping redundant alignment 75076 76158 | 141929 140848 | 1083 1082 | 97.05 | NC_057381.1 utg153
		Skipping redundant alignment 1466563 1466635 | 142169 142241 | 73 73 | 97.26 | NC_057378.1 utg153
		Skipping redundant alignment 3535821 3536731 | 141331 142241 | 911 911 | 95.06 | NC_057385.1 utg153
			The best set is below. Score: 1545.1, number of alignments: 1, unaligned bases: 199989
		This contig is partially unaligned. (Aligned 1623 out of 201612 non-N bases (0.81%))
		Alignment: 862409 864031 | 140846 142468 | 1623 1623 | 95.2 | NC_057382.1 utg153
		Unaligned bases: 1 to 140845 (140845)
		Unaligned bases: 142469 to 201612 (59144)

CONTIG: utg156 (91748bp)
		This contig is unaligned. (91748 bp)
		Unaligned bases: 91748 (number of Ns: 0)

CONTIG: utg157 (80854bp)
		This contig is unaligned. (80854 bp)
		Unaligned bases: 80854 (number of Ns: 0)

CONTIG: utg159 (44231bp)
		This contig is unaligned. (44231 bp)
		Unaligned bases: 44231 (number of Ns: 0)

CONTIG: utg162 (99720bp)
		This contig is unaligned. (99720 bp)
		Unaligned bases: 99720 (number of Ns: 0)

CONTIG: utg164 (79998bp)
		This contig is unaligned. (79998 bp)
		Unaligned bases: 79998 (number of Ns: 0)

CONTIG: utg167 (74260bp)
		This contig is unaligned. (74260 bp)
		Unaligned bases: 74260 (number of Ns: 0)

CONTIG: utg168 (63087bp)
		This contig is unaligned. (63087 bp)
		Unaligned bases: 63087 (number of Ns: 0)

CONTIG: utg173 (170906bp)
		This contig is unaligned. (170906 bp)
		Unaligned bases: 170906 (number of Ns: 0)

CONTIG: utg174 (42033bp)
		This contig is unaligned. (42033 bp)
		Unaligned bases: 42033 (number of Ns: 0)

CONTIG: utg175 (137189bp)
		This contig is unaligned. (137189 bp)
		Unaligned bases: 137189 (number of Ns: 0)

CONTIG: utg176 (19316bp)
		This contig is unaligned. (19316 bp)
		Unaligned bases: 19316 (number of Ns: 0)

CONTIG: utg177 (86718bp)
		This contig is unaligned. (86718 bp)
		Unaligned bases: 86718 (number of Ns: 0)

CONTIG: utg179 (45803bp)
		This contig is unaligned. (45803 bp)
		Unaligned bases: 45803 (number of Ns: 0)

CONTIG: utg182 (131778bp)
		This contig is unaligned. (131778 bp)
		Unaligned bases: 131778 (number of Ns: 0)

CONTIG: utg183 (44102bp)
		This contig is unaligned. (44102 bp)
		Unaligned bases: 44102 (number of Ns: 0)

CONTIG: utg186 (307616bp)
Best alignment score: 236.0 (LEN: 246, IDY: 95.93), Total number of alignments: 1
			Looking for the best set of alignments (out of 1 total alignments)
			The best set is below. Score: 236.0, number of alignments: 1, unaligned bases: 307370
		This contig is partially unaligned. (Aligned 246 out of 307616 non-N bases (0.08%))
		Alignment: 112520 112765 | 241450 241695 | 246 246 | 95.93 | NC_057381.1 utg186
		Unaligned bases: 1 to 241449 (241449)
		Unaligned bases: 241696 to 307616 (65921)

CONTIG: utg187 (74017bp)
		This contig is unaligned. (74017 bp)
		Unaligned bases: 74017 (number of Ns: 0)

CONTIG: utg189 (60946bp)
		This contig is unaligned. (60946 bp)
		Unaligned bases: 60946 (number of Ns: 0)

CONTIG: utg192 (20703bp)
		This contig is unaligned. (20703 bp)
		Unaligned bases: 20703 (number of Ns: 0)

CONTIG: utg196 (70664bp)
		This contig is unaligned. (70664 bp)
		Unaligned bases: 70664 (number of Ns: 0)

CONTIG: utg199 (177993bp)
		This contig is unaligned. (177993 bp)
		Unaligned bases: 177993 (number of Ns: 0)

CONTIG: utg202 (124918bp)
		This contig is unaligned. (124918 bp)
		Unaligned bases: 124918 (number of Ns: 0)

CONTIG: utg203 (66144bp)
		This contig is unaligned. (66144 bp)
		Unaligned bases: 66144 (number of Ns: 0)

CONTIG: utg204 (169340bp)
		This contig is unaligned. (169340 bp)
		Unaligned bases: 169340 (number of Ns: 0)

CONTIG: utg205 (109815bp)
		This contig is unaligned. (109815 bp)
		Unaligned bases: 109815 (number of Ns: 0)

CONTIG: utg206 (58633bp)
		This contig is unaligned. (58633 bp)
		Unaligned bases: 58633 (number of Ns: 0)

CONTIG: utg207 (133118bp)
		This contig is unaligned. (133118 bp)
		Unaligned bases: 133118 (number of Ns: 0)

CONTIG: utg209 (61065bp)
		This contig is unaligned. (61065 bp)
		Unaligned bases: 61065 (number of Ns: 0)

CONTIG: utg210 (149304bp)
		This contig is unaligned. (149304 bp)
		Unaligned bases: 149304 (number of Ns: 0)

CONTIG: utg211 (504750bp)
Best alignment score: 747.0 (LEN: 778, IDY: 96.02), Total number of alignments: 19
			Looking for the best set of alignments (out of 19 total alignments)
			Skipping redundant alignments after choosing the best set of alignments
		Skipping redundant alignment 1227308 1227455 | 129607 129754 | 148 148 | 95.27 | NC_057380.1 utg211
		Skipping redundant alignment 1192192 1192462 | 129762 129492 | 271 271 | 95.57 | NC_057379.1 utg211
		Skipping redundant alignment 96011 96283 | 129492 129764 | 273 273 | 96.34 | NC_057377.1 utg211
		Skipping redundant alignment 3536405 3536678 | 129765 129492 | 274 274 | 96.35 | NC_057385.1 utg211
		Skipping redundant alignment 863477 863750 | 129765 129492 | 274 274 | 96.35 | NC_057382.1 utg211
		Skipping redundant alignment 1227755 1227832 | 130036 130113 | 78 78 | 96.15 | NC_057380.1 utg211
		Skipping redundant alignment 3535821 3536110 | 130328 130039 | 290 290 | 95.52 | NC_057385.1 utg211
		Skipping redundant alignment 1227887 1228094 | 130172 130379 | 208 208 | 95.67 | NC_057380.1 utg211
		Skipping redundant alignment 862841 863182 | 130380 130039 | 342 342 | 95.61 | NC_057382.1 utg211
		Skipping redundant alignment 1228095 1228320 | 130381 130606 | 226 226 | 97.79 | NC_057380.1 utg211
		Skipping redundant alignment 862613 862840 | 130609 130382 | 228 228 | 97.81 | NC_057382.1 utg211
		Skipping redundant alignment 3535338 3535820 | 130812 130330 | 483 483 | 95.03 | NC_057385.1 utg211
		Skipping redundant alignment 1037716 1038377 | 130812 130151 | 662 662 | 96.68 | NC_057371.1 utg211
		Skipping redundant alignment 1465242 1466017 | 130812 130037 | 776 776 | 95.75 | NC_057378.1 utg211
		Skipping redundant alignment 1191121 1191813 | 130813 130121 | 693 693 | 95.09 | NC_057379.1 utg211
		Skipping redundant alignment 1689376 1689445 | 330781 330850 | 70 70 | 95.71 | NC_057378.1 utg211
		This contig has several significant sets of alignments. [An ambiguously mapped contig]
		Using only the very best set (option --ambiguity-usage is set to "one").
			The best set is below. Score: 1012.1, number of alignments: 3, unaligned bases: 503438
		This contig is misassembled.
		This contig is partially unaligned. (Aligned 1312 out of 504750 non-N bases (0.26%))
			Warning! This contig is more unaligned than misassembled. Contig length is 504750 (number of Ns: 0) and total length of all aligns is 1312
		Alignment: 1038691 1038964 | 129765 129492 | 274 274 | 96.72 | NC_057371.1 utg211
		Alignment: 75090 75349 | 129767 130026 | 260 260 | 96.54 | NC_057381.1 utg211
		Alignment: 75382 76159 | 130036 130813 | 778 778 | 96.02 | NC_057381.1 utg211
		Unaligned bases: 503438

CONTIG: utg212 (26602bp)
		This contig is unaligned. (26602 bp)
		Unaligned bases: 26602 (number of Ns: 0)

CONTIG: utg213 (43351bp)
		This contig is unaligned. (43351 bp)
		Unaligned bases: 43351 (number of Ns: 0)

CONTIG: utg216 (104130bp)
		This contig is unaligned. (104130 bp)
		Unaligned bases: 104130 (number of Ns: 0)

CONTIG: utg217 (42905bp)
		This contig is unaligned. (42905 bp)
		Unaligned bases: 42905 (number of Ns: 0)

CONTIG: utg219 (171591bp)
		This contig is unaligned. (171591 bp)
		Unaligned bases: 171591 (number of Ns: 0)

CONTIG: utg221 (131965bp)
		This contig is unaligned. (131965 bp)
		Unaligned bases: 131965 (number of Ns: 0)

CONTIG: utg223 (35961bp)
		This contig is unaligned. (35961 bp)
		Unaligned bases: 35961 (number of Ns: 0)

CONTIG: utg224 (91068bp)
		This contig is unaligned. (91068 bp)
		Unaligned bases: 91068 (number of Ns: 0)

CONTIG: utg229 (177709bp)
		This contig is unaligned. (177709 bp)
		Unaligned bases: 177709 (number of Ns: 0)

CONTIG: utg236 (199569bp)
		This contig is unaligned. (199569 bp)
		Unaligned bases: 199569 (number of Ns: 0)

CONTIG: utg237 (110263bp)
		This contig is unaligned. (110263 bp)
		Unaligned bases: 110263 (number of Ns: 0)

CONTIG: utg238 (91587bp)
		This contig is unaligned. (91587 bp)
		Unaligned bases: 91587 (number of Ns: 0)

CONTIG: utg240 (93735bp)
		This contig is unaligned. (93735 bp)
		Unaligned bases: 93735 (number of Ns: 0)

CONTIG: utg245 (102871bp)
		This contig is unaligned. (102871 bp)
		Unaligned bases: 102871 (number of Ns: 0)

CONTIG: utg246 (39252bp)
		This contig is unaligned. (39252 bp)
		Unaligned bases: 39252 (number of Ns: 0)

CONTIG: utg248 (17642bp)
		This contig is unaligned. (17642 bp)
		Unaligned bases: 17642 (number of Ns: 0)

CONTIG: utg253 (80109bp)
		This contig is unaligned. (80109 bp)
		Unaligned bases: 80109 (number of Ns: 0)

CONTIG: utg258 (56478bp)
		This contig is unaligned. (56478 bp)
		Unaligned bases: 56478 (number of Ns: 0)

CONTIG: utg259 (91331bp)
		This contig is unaligned. (91331 bp)
		Unaligned bases: 91331 (number of Ns: 0)

CONTIG: utg260 (23897bp)
		This contig is unaligned. (23897 bp)
		Unaligned bases: 23897 (number of Ns: 0)

CONTIG: utg265 (102740bp)
		This contig is unaligned. (102740 bp)
		Unaligned bases: 102740 (number of Ns: 0)

CONTIG: utg267 (167170bp)
		This contig is unaligned. (167170 bp)
		Unaligned bases: 167170 (number of Ns: 0)

CONTIG: utg268 (135221bp)
		This contig is unaligned. (135221 bp)
		Unaligned bases: 135221 (number of Ns: 0)

CONTIG: utg269 (46849bp)
		This contig is unaligned. (46849 bp)
		Unaligned bases: 46849 (number of Ns: 0)

CONTIG: utg270 (90353bp)
		This contig is unaligned. (90353 bp)
		Unaligned bases: 90353 (number of Ns: 0)

CONTIG: utg271 (45039bp)
		This contig is unaligned. (45039 bp)
		Unaligned bases: 45039 (number of Ns: 0)

CONTIG: utg273 (143561bp)
		This contig is unaligned. (143561 bp)
		Unaligned bases: 143561 (number of Ns: 0)

CONTIG: utg276 (36352bp)
		This contig is unaligned. (36352 bp)
		Unaligned bases: 36352 (number of Ns: 0)

CONTIG: utg283 (108759bp)
Best alignment score: 86.0 (LEN: 87, IDY: 98.85), Total number of alignments: 18
			Looking for the best set of alignments (out of 18 total alignments)
			Skipping redundant alignments after choosing the best set of alignments
		Skipping redundant alignment 2785560 2785624 | 87894 87958 | 65 65 | 100.0 | NC_057371.1 utg283
		Skipping redundant alignment 1331754 1331819 | 87894 87959 | 66 66 | 100.0 | NC_057382.1 utg283
		Skipping redundant alignment 2785558 2785624 | 87894 87960 | 67 67 | 100.0 | NC_057371.1 utg283
		Skipping redundant alignment 2785556 2785624 | 87894 87962 | 69 69 | 100.0 | NC_057371.1 utg283
		Skipping redundant alignment 1331752 1331819 | 87896 87963 | 68 68 | 100.0 | NC_057382.1 utg283
		Skipping redundant alignment 2785554 2785624 | 87894 87964 | 71 71 | 100.0 | NC_057371.1 utg283
		Skipping redundant alignment 2785552 2785624 | 87894 87966 | 73 73 | 100.0 | NC_057371.1 utg283
		Skipping redundant alignment 2785550 2785624 | 87894 87968 | 75 75 | 100.0 | NC_057371.1 utg283
		Skipping redundant alignment 2785548 2785624 | 87894 87970 | 77 77 | 100.0 | NC_057371.1 utg283
		Skipping redundant alignment 2785544 2785622 | 87894 87972 | 79 79 | 100.0 | NC_057371.1 utg283
		Skipping redundant alignment 2785542 2785620 | 87894 87972 | 79 79 | 100.0 | NC_057371.1 utg283
		Skipping redundant alignment 2785540 2785618 | 87894 87972 | 79 79 | 100.0 | NC_057371.1 utg283
		Skipping redundant alignment 2785538 2785616 | 87894 87972 | 79 79 | 100.0 | NC_057371.1 utg283
		Skipping redundant alignment 2785530 2785608 | 87894 87972 | 79 79 | 100.0 | NC_057371.1 utg283
		Skipping redundant alignment 2785536 2785614 | 87894 87972 | 79 79 | 100.0 | NC_057371.1 utg283
		Skipping redundant alignment 2785532 2785610 | 87894 87972 | 79 79 | 100.0 | NC_057371.1 utg283
		Skipping redundant alignment 2785546 2785627 | 87894 87975 | 82 82 | 100.0 | NC_057371.1 utg283
			The best set is below. Score: 86.0, number of alignments: 1, unaligned bases: 108672
		This contig is partially unaligned. (Aligned 87 out of 108759 non-N bases (0.08%))
		Alignment: 2785526 2785612 | 87886 87972 | 87 87 | 98.85 | NC_057371.1 utg283
		Unaligned bases: 1 to 87885 (87885)
		Unaligned bases: 87973 to 108759 (20787)

CONTIG: utg284 (50567bp)
Best alignment score: 97.0 (LEN: 98, IDY: 98.98), Total number of alignments: 34
			Looking for the best set of alignments (out of 34 total alignments)
			Skipping redundant alignments after choosing the best set of alignments
		Skipping redundant alignment 2785553 2785624 | 5555 5626 | 72 72 | 98.61 | NC_057371.1 utg284
		Skipping redundant alignment 2785551 2785624 | 5555 5628 | 74 74 | 98.65 | NC_057371.1 utg284
		Skipping redundant alignment 2785549 2785624 | 5555 5630 | 76 76 | 98.68 | NC_057371.1 utg284
		Skipping redundant alignment 2785545 2785624 | 5555 5634 | 80 80 | 98.75 | NC_057371.1 utg284
		Skipping redundant alignment 2785543 2785624 | 5555 5636 | 82 82 | 98.78 | NC_057371.1 utg284
		Skipping redundant alignment 1331752 1331819 | 5570 5637 | 68 68 | 100.0 | NC_057382.1 utg284
		Skipping redundant alignment 2785541 2785624 | 5555 5638 | 84 84 | 98.81 | NC_057371.1 utg284
		Skipping redundant alignment 2785539 2785624 | 5555 5640 | 86 86 | 98.84 | NC_057371.1 utg284
		Skipping redundant alignment 2785537 2785624 | 5555 5642 | 88 88 | 98.86 | NC_057371.1 utg284
		Skipping redundant alignment 2785535 2785624 | 5555 5644 | 90 90 | 98.89 | NC_057371.1 utg284
		Skipping redundant alignment 2785533 2785624 | 5555 5646 | 92 92 | 98.91 | NC_057371.1 utg284
		Skipping redundant alignment 2785531 2785624 | 5555 5648 | 94 94 | 98.94 | NC_057371.1 utg284
		Skipping redundant alignment 2785527 2785624 | 5553 5650 | 98 98 | 98.98 | NC_057371.1 utg284
		Skipping redundant alignment 2785529 2785624 | 5557 5652 | 96 96 | 98.96 | NC_057371.1 utg284
		Skipping redundant alignment 2785529 2785624 | 5559 5654 | 96 96 | 98.96 | NC_057371.1 utg284
		Skipping redundant alignment 2785534 2785624 | 5566 5656 | 91 91 | 100.0 | NC_057371.1 utg284
		Skipping redundant alignment 2785532 2785624 | 5566 5658 | 93 93 | 100.0 | NC_057371.1 utg284
		Skipping redundant alignment 1331752 1331819 | 5620 5687 | 68 68 | 100.0 | NC_057382.1 utg284
		Skipping redundant alignment 1331752 1331819 | 5622 5689 | 68 68 | 100.0 | NC_057382.1 utg284
		Skipping redundant alignment 2785529 2785608 | 5611 5690 | 80 80 | 100.0 | NC_057371.1 utg284
		Skipping redundant alignment 2785530 2785624 | 5596 5690 | 95 95 | 100.0 | NC_057371.1 utg284
		Skipping redundant alignment 1331752 1331819 | 5624 5691 | 68 68 | 100.0 | NC_057382.1 utg284
		Skipping redundant alignment 2785532 2785624 | 5604 5696 | 93 93 | 100.0 | NC_057371.1 utg284
		Skipping redundant alignment 1331752 1331819 | 5630 5697 | 68 68 | 100.0 | NC_057382.1 utg284
		Skipping redundant alignment 1331752 1331818 | 5632 5698 | 67 67 | 100.0 | NC_057382.1 utg284
		Skipping redundant alignment 2785529 2785598 | 5629 5698 | 70 70 | 100.0 | NC_057371.1 utg284
		Skipping redundant alignment 2785529 2785600 | 5627 5698 | 72 72 | 100.0 | NC_057371.1 utg284
		Skipping redundant alignment 2785529 2785604 | 5623 5698 | 76 76 | 100.0 | NC_057371.1 utg284
		Skipping redundant alignment 2785529 2785610 | 5617 5698 | 82 82 | 100.0 | NC_057371.1 utg284
		Skipping redundant alignment 2785529 2785612 | 5615 5698 | 84 84 | 100.0 | NC_057371.1 utg284
		Skipping redundant alignment 2785530 2785616 | 5612 5698 | 87 87 | 100.0 | NC_057371.1 utg284
		Skipping redundant alignment 2785532 2785618 | 5612 5698 | 87 87 | 100.0 | NC_057371.1 utg284
			The best set is below. Score: 143.0, number of alignments: 2, unaligned bases: 50423
		This contig is misassembled.
		This contig is partially unaligned. (Aligned 144 out of 50567 non-N bases (0.28%))
			Warning! This contig is more unaligned than misassembled. Contig length is 50567 (number of Ns: 0) and total length of all aligns is 144
		Alignment: 2785547 2785624 | 5555 5632 | 78 78 | 98.72 | NC_057371.1 utg284
		Alignment: 2785529 2785606 | 5621 5698 | 78 78 | 100.0 | NC_057371.1 utg284
		Unaligned bases: 50423

CONTIG: utg286 (60983bp)
		This contig is unaligned. (60983 bp)
		Unaligned bases: 60983 (number of Ns: 0)

CONTIG: utg289 (77174bp)
		This contig is unaligned. (77174 bp)
		Unaligned bases: 77174 (number of Ns: 0)

CONTIG: utg295 (67978bp)
		This contig is unaligned. (67978 bp)
		Unaligned bases: 67978 (number of Ns: 0)

CONTIG: utg296 (44650bp)
		This contig is unaligned. (44650 bp)
		Unaligned bases: 44650 (number of Ns: 0)

CONTIG: utg298 (152578bp)
		This contig is unaligned. (152578 bp)
		Unaligned bases: 152578 (number of Ns: 0)

CONTIG: utg301 (34426bp)
		This contig is unaligned. (34426 bp)
		Unaligned bases: 34426 (number of Ns: 0)

CONTIG: utg304 (54961bp)
		This contig is unaligned. (54961 bp)
		Unaligned bases: 54961 (number of Ns: 0)

CONTIG: utg306 (136308bp)
Best alignment score: 96.0 (LEN: 96, IDY: 100.00), Total number of alignments: 27
			Looking for the best set of alignments (out of 27 total alignments)
			Skipping redundant alignments after choosing the best set of alignments
		Skipping redundant alignment 2785529 2785594 | 42363 42298 | 66 66 | 100.0 | NC_057371.1 utg306
		Skipping redundant alignment 2785529 2785598 | 42367 42298 | 70 70 | 100.0 | NC_057371.1 utg306
		Skipping redundant alignment 1331752 1331819 | 42370 42303 | 68 68 | 100.0 | NC_057382.1 utg306
		Skipping redundant alignment 1331752 1331819 | 42374 42307 | 68 68 | 100.0 | NC_057382.1 utg306
		Skipping redundant alignment 2785529 2785606 | 42375 42298 | 78 78 | 100.0 | NC_057371.1 utg306
		Skipping redundant alignment 2785529 2785604 | 42377 42302 | 76 76 | 100.0 | NC_057371.1 utg306
		Skipping redundant alignment 2785529 2785608 | 42377 42298 | 80 80 | 100.0 | NC_057371.1 utg306
		Skipping redundant alignment 1331752 1331819 | 42384 42317 | 68 68 | 100.0 | NC_057382.1 utg306
		Skipping redundant alignment 1331752 1331819 | 42402 42335 | 68 68 | 100.0 | NC_057382.1 utg306
		Skipping redundant alignment 1331755 1331819 | 42405 42341 | 65 65 | 100.0 | NC_057382.1 utg306
		Skipping redundant alignment 2785559 2785624 | 42405 42340 | 66 66 | 100.0 | NC_057371.1 utg306
		Skipping redundant alignment 1331753 1331819 | 42405 42339 | 67 67 | 100.0 | NC_057382.1 utg306
		Skipping redundant alignment 2785557 2785624 | 42405 42338 | 68 68 | 100.0 | NC_057371.1 utg306
		Skipping redundant alignment 2785555 2785624 | 42405 42336 | 70 70 | 100.0 | NC_057371.1 utg306
		Skipping redundant alignment 2785553 2785624 | 42405 42334 | 72 72 | 100.0 | NC_057371.1 utg306
		Skipping redundant alignment 2785551 2785624 | 42405 42332 | 74 74 | 100.0 | NC_057371.1 utg306
		Skipping redundant alignment 2785549 2785624 | 42405 42330 | 76 76 | 100.0 | NC_057371.1 utg306
		Skipping redundant alignment 2785547 2785624 | 42405 42328 | 78 78 | 100.0 | NC_057371.1 utg306
		Skipping redundant alignment 2785545 2785624 | 42405 42326 | 80 80 | 100.0 | NC_057371.1 utg306
		Skipping redundant alignment 2785543 2785624 | 42405 42324 | 82 82 | 100.0 | NC_057371.1 utg306
		Skipping redundant alignment 2785541 2785624 | 42405 42322 | 84 84 | 100.0 | NC_057371.1 utg306
		Skipping redundant alignment 2785539 2785624 | 42405 42320 | 86 86 | 100.0 | NC_057371.1 utg306
		Skipping redundant alignment 2785537 2785624 | 42405 42318 | 88 88 | 100.0 | NC_057371.1 utg306
		Skipping redundant alignment 2785535 2785624 | 42405 42316 | 90 90 | 100.0 | NC_057371.1 utg306
		Skipping redundant alignment 2785533 2785624 | 42405 42314 | 92 92 | 100.0 | NC_057371.1 utg306
		Skipping redundant alignment 2785531 2785624 | 42405 42312 | 94 94 | 100.0 | NC_057371.1 utg306
			The best set is below. Score: 96.0, number of alignments: 1, unaligned bases: 136212
		This contig is partially unaligned. (Aligned 96 out of 136308 non-N bases (0.07%))
		Alignment: 2785529 2785624 | 42399 42304 | 96 96 | 100.0 | NC_057371.1 utg306
		Unaligned bases: 1 to 42303 (42303)
		Unaligned bases: 42400 to 136308 (93909)

CONTIG: utg309 (23565bp)
		This contig is unaligned. (23565 bp)
		Unaligned bases: 23565 (number of Ns: 0)

CONTIG: utg310 (38105bp)
		This contig is unaligned. (38105 bp)
		Unaligned bases: 38105 (number of Ns: 0)

CONTIG: utg311 (55681bp)
		This contig is unaligned. (55681 bp)
		Unaligned bases: 55681 (number of Ns: 0)

CONTIG: utg314 (62355bp)
		This contig is unaligned. (62355 bp)
		Unaligned bases: 62355 (number of Ns: 0)

CONTIG: utg316 (43230bp)
		This contig is unaligned. (43230 bp)
		Unaligned bases: 43230 (number of Ns: 0)

CONTIG: utg318 (75859bp)
		This contig is unaligned. (75859 bp)
		Unaligned bases: 75859 (number of Ns: 0)

CONTIG: utg320 (108760bp)
		This contig is unaligned. (108760 bp)
		Unaligned bases: 108760 (number of Ns: 0)

CONTIG: utg322 (171005bp)
Best alignment score: 71.0 (LEN: 72, IDY: 98.63), Total number of alignments: 4
			Looking for the best set of alignments (out of 4 total alignments)
			Skipping redundant alignments after choosing the best set of alignments
		Skipping redundant alignment 1946968 1947040 | 14763 14834 | 73 72 | 98.63 | NC_057375.1 utg322
		Skipping redundant alignment 119409 119481 | 14834 14763 | 73 72 | 98.63 | NC_057371.1 utg322
		Skipping redundant alignment 1380727 1380799 | 14834 14763 | 73 72 | 98.63 | NC_057383.1 utg322
		This contig has several significant sets of alignments. [An ambiguously mapped contig]
		Using only the very best set (option --ambiguity-usage is set to "one").
			The best set is below. Score: 71.0, number of alignments: 1, unaligned bases: 170933
		This contig is partially unaligned. (Aligned 72 out of 171005 non-N bases (0.04%))
		Alignment: 1952932 1953004 | 14763 14834 | 73 72 | 98.63 | NC_057375.1 utg322
		Unaligned bases: 1 to 14762 (14762)
		Unaligned bases: 14835 to 171005 (156171)

CONTIG: utg325 (105387bp)
		This contig is unaligned. (105387 bp)
		Unaligned bases: 105387 (number of Ns: 0)

CONTIG: utg328 (59254bp)
		This contig is unaligned. (59254 bp)
		Unaligned bases: 59254 (number of Ns: 0)

CONTIG: utg329 (18782bp)
		This contig is unaligned. (18782 bp)
		Unaligned bases: 18782 (number of Ns: 0)

CONTIG: utg331 (46461bp)
		This contig is unaligned. (46461 bp)
		Unaligned bases: 46461 (number of Ns: 0)

CONTIG: utg334 (21053bp)
		This contig is unaligned. (21053 bp)
		Unaligned bases: 21053 (number of Ns: 0)

CONTIG: utg335 (100726bp)
		This contig is unaligned. (100726 bp)
		Unaligned bases: 100726 (number of Ns: 0)

CONTIG: utg337 (89593bp)
		This contig is unaligned. (89593 bp)
		Unaligned bases: 89593 (number of Ns: 0)

CONTIG: utg339 (22586bp)
		This contig is unaligned. (22586 bp)
		Unaligned bases: 22586 (number of Ns: 0)

CONTIG: utg340 (193364bp)
Best alignment score: 108.0 (LEN: 111, IDY: 97.30), Total number of alignments: 10
			Looking for the best set of alignments (out of 10 total alignments)
			Skipping redundant alignments after choosing the best set of alignments
		Skipping redundant alignment 331146 331227 | 101087 101006 | 82 82 | 100.0 | NC_057379.1 utg340
		Skipping redundant alignment 1404193 1404275 | 101088 101006 | 83 83 | 100.0 | NC_057380.1 utg340
		Skipping redundant alignment 686448 686530 | 101006 101088 | 83 83 | 100.0 | NC_057382.1 utg340
		Skipping redundant alignment 184083 184166 | 101006 101089 | 84 84 | 100.0 | NC_057379.1 utg340
		Skipping redundant alignment 268901 268984 | 101089 101006 | 84 84 | 98.81 | NC_057379.1 utg340
		Skipping redundant alignment 1477426 1477510 | 101090 101006 | 85 85 | 100.0 | NC_057374.1 utg340
		Skipping redundant alignment 1477425 1477512 | 166835 166922 | 88 88 | 98.86 | NC_057374.1 utg340
		Skipping redundant alignment 1339084 1339157 | 170338 170266 | 74 73 | 98.65 | NC_057371.1 utg340
			The best set is below. Score: 176.0, number of alignments: 2, unaligned bases: 193160
		This contig is misassembled.
		This contig is partially unaligned. (Aligned 204 out of 193364 non-N bases (0.11%))
			Warning! This contig is more unaligned than misassembled. Contig length is 193364 (number of Ns: 0) and total length of all aligns is 204
		Alignment: 255357 255467 | 153413 153523 | 111 111 | 97.3 | NC_057379.1 utg340
		Alignment: 268901 268993 | 166837 166929 | 93 93 | 98.92 | NC_057379.1 utg340
		Unaligned bases: 193160

CONTIG: utg341 (40804bp)
		This contig is unaligned. (40804 bp)
		Unaligned bases: 40804 (number of Ns: 0)

CONTIG: utg345 (53297bp)
		This contig is unaligned. (53297 bp)
		Unaligned bases: 53297 (number of Ns: 0)

CONTIG: utg348 (54677bp)
		This contig is unaligned. (54677 bp)
		Unaligned bases: 54677 (number of Ns: 0)

CONTIG: utg349 (67596bp)
		This contig is unaligned. (67596 bp)
		Unaligned bases: 67596 (number of Ns: 0)

CONTIG: utg351 (18062bp)
		This contig is unaligned. (18062 bp)
		Unaligned bases: 18062 (number of Ns: 0)

CONTIG: utg352 (89310bp)
		This contig is unaligned. (89310 bp)
		Unaligned bases: 89310 (number of Ns: 0)

CONTIG: utg353 (20936bp)
		This contig is unaligned. (20936 bp)
		Unaligned bases: 20936 (number of Ns: 0)

CONTIG: utg355 (121623bp)
		This contig is unaligned. (121623 bp)
		Unaligned bases: 121623 (number of Ns: 0)

CONTIG: utg356 (48568bp)
		This contig is unaligned. (48568 bp)
		Unaligned bases: 48568 (number of Ns: 0)

CONTIG: utg359 (44537bp)
		This contig is unaligned. (44537 bp)
		Unaligned bases: 44537 (number of Ns: 0)

CONTIG: utg361 (41072bp)
		This contig is unaligned. (41072 bp)
		Unaligned bases: 41072 (number of Ns: 0)

CONTIG: utg362 (38769bp)
		This contig is unaligned. (38769 bp)
		Unaligned bases: 38769 (number of Ns: 0)

CONTIG: utg363 (51781bp)
		This contig is unaligned. (51781 bp)
		Unaligned bases: 51781 (number of Ns: 0)

CONTIG: utg366 (102079bp)
		This contig is unaligned. (102079 bp)
		Unaligned bases: 102079 (number of Ns: 0)

CONTIG: utg367 (41120bp)
		This contig is unaligned. (41120 bp)
		Unaligned bases: 41120 (number of Ns: 0)

CONTIG: utg368 (94692bp)
		This contig is unaligned. (94692 bp)
		Unaligned bases: 94692 (number of Ns: 0)

CONTIG: utg373 (91494bp)
		This contig is unaligned. (91494 bp)
		Unaligned bases: 91494 (number of Ns: 0)

CONTIG: utg375 (111594bp)
		This contig is unaligned. (111594 bp)
		Unaligned bases: 111594 (number of Ns: 0)

CONTIG: utg378 (21630bp)
		This contig is unaligned. (21630 bp)
		Unaligned bases: 21630 (number of Ns: 0)

CONTIG: utg388 (41349bp)
		This contig is unaligned. (41349 bp)
		Unaligned bases: 41349 (number of Ns: 0)

CONTIG: utg389 (97538bp)
		This contig is unaligned. (97538 bp)
		Unaligned bases: 97538 (number of Ns: 0)

CONTIG: utg390 (60678bp)
		This contig is unaligned. (60678 bp)
		Unaligned bases: 60678 (number of Ns: 0)

CONTIG: utg394 (60310bp)
		This contig is unaligned. (60310 bp)
		Unaligned bases: 60310 (number of Ns: 0)

CONTIG: utg395 (116490bp)
		This contig is unaligned. (116490 bp)
		Unaligned bases: 116490 (number of Ns: 0)

CONTIG: utg397 (21638bp)
		This contig is unaligned. (21638 bp)
		Unaligned bases: 21638 (number of Ns: 0)

CONTIG: utg400 (68481bp)
		This contig is unaligned. (68481 bp)
		Unaligned bases: 68481 (number of Ns: 0)

CONTIG: utg404 (45768bp)
		This contig is unaligned. (45768 bp)
		Unaligned bases: 45768 (number of Ns: 0)

CONTIG: utg408 (78448bp)
		This contig is unaligned. (78448 bp)
		Unaligned bases: 78448 (number of Ns: 0)

CONTIG: utg410 (99886bp)
		This contig is unaligned. (99886 bp)
		Unaligned bases: 99886 (number of Ns: 0)

CONTIG: utg418 (32503bp)
		This contig is unaligned. (32503 bp)
		Unaligned bases: 32503 (number of Ns: 0)

CONTIG: utg421 (34554bp)
		This contig is unaligned. (34554 bp)
		Unaligned bases: 34554 (number of Ns: 0)

CONTIG: utg424 (32737bp)
		This contig is unaligned. (32737 bp)
		Unaligned bases: 32737 (number of Ns: 0)

CONTIG: utg425 (80214bp)
		This contig is unaligned. (80214 bp)
		Unaligned bases: 80214 (number of Ns: 0)

CONTIG: utg427 (26251bp)
		This contig is unaligned. (26251 bp)
		Unaligned bases: 26251 (number of Ns: 0)

CONTIG: utg428 (67597bp)
		This contig is unaligned. (67597 bp)
		Unaligned bases: 67597 (number of Ns: 0)

CONTIG: utg429 (41575bp)
		This contig is unaligned. (41575 bp)
		Unaligned bases: 41575 (number of Ns: 0)

CONTIG: utg431 (58930bp)
		This contig is unaligned. (58930 bp)
		Unaligned bases: 58930 (number of Ns: 0)

CONTIG: utg432 (51637bp)
		This contig is unaligned. (51637 bp)
		Unaligned bases: 51637 (number of Ns: 0)

CONTIG: utg433 (69778bp)
		This contig is unaligned. (69778 bp)
		Unaligned bases: 69778 (number of Ns: 0)

CONTIG: utg439 (110625bp)
		This contig is unaligned. (110625 bp)
		Unaligned bases: 110625 (number of Ns: 0)

CONTIG: utg440 (35194bp)
		This contig is unaligned. (35194 bp)
		Unaligned bases: 35194 (number of Ns: 0)

CONTIG: utg441 (35539bp)
		This contig is unaligned. (35539 bp)
		Unaligned bases: 35539 (number of Ns: 0)

CONTIG: utg443 (74062bp)
		This contig is unaligned. (74062 bp)
		Unaligned bases: 74062 (number of Ns: 0)

CONTIG: utg448 (50156bp)
		This contig is unaligned. (50156 bp)
		Unaligned bases: 50156 (number of Ns: 0)

CONTIG: utg452 (37588bp)
		This contig is unaligned. (37588 bp)
		Unaligned bases: 37588 (number of Ns: 0)

CONTIG: utg456 (38253bp)
		This contig is unaligned. (38253 bp)
		Unaligned bases: 38253 (number of Ns: 0)

CONTIG: utg458 (96472bp)
		This contig is unaligned. (96472 bp)
		Unaligned bases: 96472 (number of Ns: 0)

CONTIG: utg462 (40785bp)
		This contig is unaligned. (40785 bp)
		Unaligned bases: 40785 (number of Ns: 0)

CONTIG: utg467 (22492bp)
		This contig is unaligned. (22492 bp)
		Unaligned bases: 22492 (number of Ns: 0)

CONTIG: utg469 (19821bp)
		This contig is unaligned. (19821 bp)
		Unaligned bases: 19821 (number of Ns: 0)

CONTIG: utg471 (121233bp)
		This contig is unaligned. (121233 bp)
		Unaligned bases: 121233 (number of Ns: 0)

CONTIG: utg474 (70616bp)
		This contig is unaligned. (70616 bp)
		Unaligned bases: 70616 (number of Ns: 0)

CONTIG: utg476 (219185bp)
		This contig is unaligned. (219185 bp)
		Unaligned bases: 219185 (number of Ns: 0)

CONTIG: utg479 (55539bp)
		This contig is unaligned. (55539 bp)
		Unaligned bases: 55539 (number of Ns: 0)

CONTIG: utg481 (61739bp)
		This contig is unaligned. (61739 bp)
		Unaligned bases: 61739 (number of Ns: 0)

CONTIG: utg483 (22668bp)
		This contig is unaligned. (22668 bp)
		Unaligned bases: 22668 (number of Ns: 0)

CONTIG: utg484 (110633bp)
Best alignment score: 73.0 (LEN: 73, IDY: 100.00), Total number of alignments: 19
			Looking for the best set of alignments (out of 19 total alignments)
			Skipping redundant alignments after choosing the best set of alignments
		Skipping redundant alignment 1331755 1331819 | 21330 21394 | 65 65 | 100.0 | NC_057382.1 utg484
		Skipping redundant alignment 2785559 2785624 | 21330 21395 | 66 66 | 100.0 | NC_057371.1 utg484
		Skipping redundant alignment 1331753 1331819 | 21330 21396 | 67 67 | 100.0 | NC_057382.1 utg484
		Skipping redundant alignment 2785557 2785624 | 21330 21397 | 68 68 | 100.0 | NC_057371.1 utg484
		Skipping redundant alignment 2785555 2785624 | 21330 21399 | 70 70 | 100.0 | NC_057371.1 utg484
		Skipping redundant alignment 1331752 1331818 | 21335 21401 | 67 67 | 100.0 | NC_057382.1 utg484
		Skipping redundant alignment 2785545 2785616 | 21330 21401 | 72 72 | 100.0 | NC_057371.1 utg484
		Skipping redundant alignment 2785537 2785608 | 21330 21401 | 72 72 | 100.0 | NC_057371.1 utg484
		Skipping redundant alignment 2785533 2785604 | 21330 21401 | 72 72 | 100.0 | NC_057371.1 utg484
		Skipping redundant alignment 2785539 2785610 | 21330 21401 | 72 72 | 100.0 | NC_057371.1 utg484
		Skipping redundant alignment 2785529 2785600 | 21330 21401 | 72 72 | 100.0 | NC_057371.1 utg484
		Skipping redundant alignment 2785549 2785620 | 21330 21401 | 72 72 | 100.0 | NC_057371.1 utg484
		Skipping redundant alignment 2785531 2785602 | 21330 21401 | 72 72 | 100.0 | NC_057371.1 utg484
		Skipping redundant alignment 2785541 2785612 | 21330 21401 | 72 72 | 100.0 | NC_057371.1 utg484
		Skipping redundant alignment 2785535 2785606 | 21330 21401 | 72 72 | 100.0 | NC_057371.1 utg484
		Skipping redundant alignment 2785551 2785622 | 21330 21401 | 72 72 | 100.0 | NC_057371.1 utg484
		Skipping redundant alignment 2785547 2785618 | 21330 21401 | 72 72 | 100.0 | NC_057371.1 utg484
		Skipping redundant alignment 2785543 2785614 | 21330 21401 | 72 72 | 100.0 | NC_057371.1 utg484
			The best set is below. Score: 73.0, number of alignments: 1, unaligned bases: 110560
		This contig is partially unaligned. (Aligned 73 out of 110633 non-N bases (0.07%))
		Alignment: 2785553 2785625 | 21330 21402 | 73 73 | 100.0 | NC_057371.1 utg484
		Unaligned bases: 1 to 21329 (21329)
		Unaligned bases: 21403 to 110633 (89231)

CONTIG: utg485 (125390bp)
		This contig is unaligned. (125390 bp)
		Unaligned bases: 125390 (number of Ns: 0)

CONTIG: utg489 (108202bp)
		This contig is unaligned. (108202 bp)
		Unaligned bases: 108202 (number of Ns: 0)

CONTIG: utg492 (68734bp)
		This contig is unaligned. (68734 bp)
		Unaligned bases: 68734 (number of Ns: 0)

CONTIG: utg497 (49245bp)
		This contig is unaligned. (49245 bp)
		Unaligned bases: 49245 (number of Ns: 0)

CONTIG: utg500 (54412bp)
		This contig is unaligned. (54412 bp)
		Unaligned bases: 54412 (number of Ns: 0)

CONTIG: utg504 (97304bp)
		This contig is unaligned. (97304 bp)
		Unaligned bases: 97304 (number of Ns: 0)

CONTIG: utg506 (48675bp)
		This contig is unaligned. (48675 bp)
		Unaligned bases: 48675 (number of Ns: 0)

CONTIG: utg508 (29690bp)
		This contig is unaligned. (29690 bp)
		Unaligned bases: 29690 (number of Ns: 0)

CONTIG: utg510 (60296bp)
		This contig is unaligned. (60296 bp)
		Unaligned bases: 60296 (number of Ns: 0)

CONTIG: utg520 (40830bp)
		This contig is unaligned. (40830 bp)
		Unaligned bases: 40830 (number of Ns: 0)

CONTIG: utg524 (117808bp)
		This contig is unaligned. (117808 bp)
		Unaligned bases: 117808 (number of Ns: 0)

CONTIG: utg528 (48563bp)
		This contig is unaligned. (48563 bp)
		Unaligned bases: 48563 (number of Ns: 0)

CONTIG: utg530 (18583bp)
		This contig is unaligned. (18583 bp)
		Unaligned bases: 18583 (number of Ns: 0)

CONTIG: utg531 (77221bp)
		This contig is unaligned. (77221 bp)
		Unaligned bases: 77221 (number of Ns: 0)

CONTIG: utg536 (45168bp)
		This contig is unaligned. (45168 bp)
		Unaligned bases: 45168 (number of Ns: 0)

CONTIG: utg539 (39849bp)
		This contig is unaligned. (39849 bp)
		Unaligned bases: 39849 (number of Ns: 0)

CONTIG: utg542 (116755bp)
		This contig is unaligned. (116755 bp)
		Unaligned bases: 116755 (number of Ns: 0)

CONTIG: utg544 (84708bp)
		This contig is unaligned. (84708 bp)
		Unaligned bases: 84708 (number of Ns: 0)

CONTIG: utg546 (22814bp)
		This contig is unaligned. (22814 bp)
		Unaligned bases: 22814 (number of Ns: 0)

CONTIG: utg548 (201555bp)
		This contig is unaligned. (201555 bp)
		Unaligned bases: 201555 (number of Ns: 0)

CONTIG: utg554 (72570bp)
		This contig is unaligned. (72570 bp)
		Unaligned bases: 72570 (number of Ns: 0)

CONTIG: utg557 (75170bp)
		This contig is unaligned. (75170 bp)
		Unaligned bases: 75170 (number of Ns: 0)

CONTIG: utg562 (89448bp)
		This contig is unaligned. (89448 bp)
		Unaligned bases: 89448 (number of Ns: 0)

CONTIG: utg563 (62937bp)
		This contig is unaligned. (62937 bp)
		Unaligned bases: 62937 (number of Ns: 0)

CONTIG: utg566 (113627bp)
		This contig is unaligned. (113627 bp)
		Unaligned bases: 113627 (number of Ns: 0)

CONTIG: utg567 (20890bp)
		This contig is unaligned. (20890 bp)
		Unaligned bases: 20890 (number of Ns: 0)

CONTIG: utg568 (111710bp)
		This contig is unaligned. (111710 bp)
		Unaligned bases: 111710 (number of Ns: 0)

CONTIG: utg572 (32936bp)
		This contig is unaligned. (32936 bp)
		Unaligned bases: 32936 (number of Ns: 0)

CONTIG: utg574 (15407bp)
		This contig is unaligned. (15407 bp)
		Unaligned bases: 15407 (number of Ns: 0)

CONTIG: utg579 (36730bp)
		This contig is unaligned. (36730 bp)
		Unaligned bases: 36730 (number of Ns: 0)

CONTIG: utg586 (78333bp)
Best alignment score: 67.0 (LEN: 70, IDY: 95.71), Total number of alignments: 1
			Looking for the best set of alignments (out of 1 total alignments)
			The best set is below. Score: 67.0, number of alignments: 1, unaligned bases: 78263
		This contig is partially unaligned. (Aligned 70 out of 78333 non-N bases (0.09%))
		Alignment: 1689306 1689375 | 65035 65104 | 70 70 | 95.71 | NC_057378.1 utg586
		Unaligned bases: 1 to 65034 (65034)
		Unaligned bases: 65105 to 78333 (13229)

CONTIG: utg591 (37879bp)
		This contig is unaligned. (37879 bp)
		Unaligned bases: 37879 (number of Ns: 0)

CONTIG: utg592 (42919bp)
		This contig is unaligned. (42919 bp)
		Unaligned bases: 42919 (number of Ns: 0)

CONTIG: utg594 (84199bp)
		This contig is unaligned. (84199 bp)
		Unaligned bases: 84199 (number of Ns: 0)

CONTIG: utg601 (32864bp)
		This contig is unaligned. (32864 bp)
		Unaligned bases: 32864 (number of Ns: 0)

CONTIG: utg604 (24097bp)
		This contig is unaligned. (24097 bp)
		Unaligned bases: 24097 (number of Ns: 0)

CONTIG: utg607 (119872bp)
		This contig is unaligned. (119872 bp)
		Unaligned bases: 119872 (number of Ns: 0)

CONTIG: utg608 (103277bp)
		This contig is unaligned. (103277 bp)
		Unaligned bases: 103277 (number of Ns: 0)

CONTIG: utg611 (89653bp)
		This contig is unaligned. (89653 bp)
		Unaligned bases: 89653 (number of Ns: 0)

CONTIG: utg612 (48046bp)
		This contig is unaligned. (48046 bp)
		Unaligned bases: 48046 (number of Ns: 0)

CONTIG: utg617 (32694bp)
		This contig is unaligned. (32694 bp)
		Unaligned bases: 32694 (number of Ns: 0)

CONTIG: utg619 (40298bp)
		This contig is unaligned. (40298 bp)
		Unaligned bases: 40298 (number of Ns: 0)

CONTIG: utg624 (18232bp)
		This contig is unaligned. (18232 bp)
		Unaligned bases: 18232 (number of Ns: 0)

CONTIG: utg630 (35255bp)
		This contig is unaligned. (35255 bp)
		Unaligned bases: 35255 (number of Ns: 0)

CONTIG: utg638 (63598bp)
		This contig is unaligned. (63598 bp)
		Unaligned bases: 63598 (number of Ns: 0)

CONTIG: utg643 (62965bp)
		This contig is unaligned. (62965 bp)
		Unaligned bases: 62965 (number of Ns: 0)

CONTIG: utg645 (61854bp)
		This contig is unaligned. (61854 bp)
		Unaligned bases: 61854 (number of Ns: 0)

CONTIG: utg646 (47691bp)
		This contig is unaligned. (47691 bp)
		Unaligned bases: 47691 (number of Ns: 0)

CONTIG: utg653 (34867bp)
		This contig is unaligned. (34867 bp)
		Unaligned bases: 34867 (number of Ns: 0)

CONTIG: utg655 (103036bp)
		This contig is unaligned. (103036 bp)
		Unaligned bases: 103036 (number of Ns: 0)

CONTIG: utg657 (111284bp)
		This contig is unaligned. (111284 bp)
		Unaligned bases: 111284 (number of Ns: 0)

CONTIG: utg658 (26918bp)
		This contig is unaligned. (26918 bp)
		Unaligned bases: 26918 (number of Ns: 0)

CONTIG: utg660 (76611bp)
		This contig is unaligned. (76611 bp)
		Unaligned bases: 76611 (number of Ns: 0)

CONTIG: utg664 (26500bp)
		This contig is unaligned. (26500 bp)
		Unaligned bases: 26500 (number of Ns: 0)

CONTIG: utg666 (43125bp)
		This contig is unaligned. (43125 bp)
		Unaligned bases: 43125 (number of Ns: 0)

CONTIG: utg667 (57874bp)
		This contig is unaligned. (57874 bp)
		Unaligned bases: 57874 (number of Ns: 0)

CONTIG: utg668 (44270bp)
		This contig is unaligned. (44270 bp)
		Unaligned bases: 44270 (number of Ns: 0)

CONTIG: utg676 (48061bp)
		This contig is unaligned. (48061 bp)
		Unaligned bases: 48061 (number of Ns: 0)

CONTIG: utg677 (50244bp)
		This contig is unaligned. (50244 bp)
		Unaligned bases: 50244 (number of Ns: 0)

CONTIG: utg678 (54793bp)
		This contig is unaligned. (54793 bp)
		Unaligned bases: 54793 (number of Ns: 0)

CONTIG: utg683 (21195bp)
		This contig is unaligned. (21195 bp)
		Unaligned bases: 21195 (number of Ns: 0)

CONTIG: utg686 (58976bp)
		This contig is unaligned. (58976 bp)
		Unaligned bases: 58976 (number of Ns: 0)

CONTIG: utg687 (16764bp)
		This contig is unaligned. (16764 bp)
		Unaligned bases: 16764 (number of Ns: 0)

CONTIG: utg689 (115046bp)
		This contig is unaligned. (115046 bp)
		Unaligned bases: 115046 (number of Ns: 0)

CONTIG: utg691 (91524bp)
		This contig is unaligned. (91524 bp)
		Unaligned bases: 91524 (number of Ns: 0)

CONTIG: utg693 (44660bp)
		This contig is unaligned. (44660 bp)
		Unaligned bases: 44660 (number of Ns: 0)

CONTIG: utg698 (37132bp)
		This contig is unaligned. (37132 bp)
		Unaligned bases: 37132 (number of Ns: 0)

CONTIG: utg699 (111133bp)
		This contig is unaligned. (111133 bp)
		Unaligned bases: 111133 (number of Ns: 0)

CONTIG: utg701 (46875bp)
		This contig is unaligned. (46875 bp)
		Unaligned bases: 46875 (number of Ns: 0)

CONTIG: utg702 (71971bp)
Best alignment score: 605.0 (LEN: 632, IDY: 95.73), Total number of alignments: 11
			Looking for the best set of alignments (out of 11 total alignments)
			Skipping redundant alignments after choosing the best set of alignments
		Skipping redundant alignment 862613 862840 | 10128 10355 | 228 228 | 96.49 | NC_057382.1 utg702
		Skipping redundant alignment 1466433 1466562 | 11115 11244 | 130 130 | 96.92 | NC_057378.1 utg702
		Skipping redundant alignment 1227887 1228094 | 27361 27154 | 208 208 | 96.15 | NC_057380.1 utg702
		Skipping redundant alignment 825873 826502 | 27486 28115 | 630 630 | 95.87 | NC_057384.1 utg702
		Skipping redundant alignment 796206 796835 | 27486 28115 | 630 630 | 95.08 | NC_057384.1 utg702
		Skipping redundant alignment 1227053 1227139 | 28207 28121 | 87 87 | 97.7 | NC_057380.1 utg702
		Skipping redundant alignment 863805 863896 | 28116 28207 | 92 92 | 97.83 | NC_057382.1 utg702
		Skipping redundant alignment 1466637 1466734 | 28116 28213 | 98 98 | 96.94 | NC_057378.1 utg702
		This contig has several significant sets of alignments. [An ambiguously mapped contig]
		Using only the very best set (option --ambiguity-usage is set to "one").
			The best set is below. Score: 771.0, number of alignments: 3, unaligned bases: 70905
		This contig is misassembled.
		This contig is partially unaligned. (Aligned 1066 out of 71971 non-N bases (1.48%))
			Warning! This contig is more unaligned than misassembled. Contig length is 71971 (number of Ns: 0) and total length of all aligns is 1066
		Alignment: 1228096 1228320 | 10355 10131 | 225 225 | 96.44 | NC_057380.1 utg702
		Alignment: 1227887 1228095 | 10565 10357 | 209 209 | 95.69 | NC_057380.1 utg702
		Alignment: 894021 894652 | 28120 27489 | 632 632 | 95.73 | NC_057384.1 utg702
		Unaligned bases: 70905

CONTIG: utg705 (101400bp)
		This contig is unaligned. (101400 bp)
		Unaligned bases: 101400 (number of Ns: 0)

CONTIG: utg709 (75140bp)
Best alignment score: 65.0 (LEN: 65, IDY: 100.00), Total number of alignments: 1
			Looking for the best set of alignments (out of 1 total alignments)
			The best set is below. Score: 65.0, number of alignments: 1, unaligned bases: 75075
		This contig is partially unaligned. (Aligned 65 out of 75140 non-N bases (0.09%))
		Alignment: 1594781 1594845 | 29324 29388 | 65 65 | 100.0 | NC_057384.1 utg709
		Unaligned bases: 1 to 29323 (29323)
		Unaligned bases: 29389 to 75140 (45752)

CONTIG: utg714 (131030bp)
		This contig is unaligned. (131030 bp)
		Unaligned bases: 131030 (number of Ns: 0)

CONTIG: utg717 (30628bp)
		This contig is unaligned. (30628 bp)
		Unaligned bases: 30628 (number of Ns: 0)

CONTIG: utg719 (51642bp)
		This contig is unaligned. (51642 bp)
		Unaligned bases: 51642 (number of Ns: 0)

CONTIG: utg723 (91491bp)
		This contig is unaligned. (91491 bp)
		Unaligned bases: 91491 (number of Ns: 0)

CONTIG: utg729 (50547bp)
		This contig is unaligned. (50547 bp)
		Unaligned bases: 50547 (number of Ns: 0)

CONTIG: utg734 (29922bp)
		This contig is unaligned. (29922 bp)
		Unaligned bases: 29922 (number of Ns: 0)

CONTIG: utg737 (29612bp)
		This contig is unaligned. (29612 bp)
		Unaligned bases: 29612 (number of Ns: 0)

CONTIG: utg739 (96653bp)
		This contig is unaligned. (96653 bp)
		Unaligned bases: 96653 (number of Ns: 0)

CONTIG: utg740 (39846bp)
		This contig is unaligned. (39846 bp)
		Unaligned bases: 39846 (number of Ns: 0)

CONTIG: utg742 (132439bp)
		This contig is unaligned. (132439 bp)
		Unaligned bases: 132439 (number of Ns: 0)

CONTIG: utg745 (66334bp)
		This contig is unaligned. (66334 bp)
		Unaligned bases: 66334 (number of Ns: 0)

CONTIG: utg753 (14742bp)
		This contig is unaligned. (14742 bp)
		Unaligned bases: 14742 (number of Ns: 0)

CONTIG: utg755 (24124bp)
		This contig is unaligned. (24124 bp)
		Unaligned bases: 24124 (number of Ns: 0)

CONTIG: utg763 (61662bp)
		This contig is unaligned. (61662 bp)
		Unaligned bases: 61662 (number of Ns: 0)

CONTIG: utg765 (66988bp)
		This contig is unaligned. (66988 bp)
		Unaligned bases: 66988 (number of Ns: 0)

CONTIG: utg767 (24724bp)
		This contig is unaligned. (24724 bp)
		Unaligned bases: 24724 (number of Ns: 0)

CONTIG: utg770 (51690bp)
		This contig is unaligned. (51690 bp)
		Unaligned bases: 51690 (number of Ns: 0)

CONTIG: utg771 (114743bp)
		This contig is unaligned. (114743 bp)
		Unaligned bases: 114743 (number of Ns: 0)

CONTIG: utg775 (67680bp)
Best alignment score: 1545.1 (LEN: 1624, IDY: 95.14), Total number of alignments: 5
			Looking for the best set of alignments (out of 5 total alignments)
			Skipping redundant alignments after choosing the best set of alignments
		Skipping redundant alignment 1228095 1228320 | 31285 31060 | 226 226 | 96.46 | NC_057380.1 utg775
		Skipping redundant alignment 1227887 1228094 | 31494 31287 | 208 208 | 97.12 | NC_057380.1 utg775
		Skipping redundant alignment 796206 796835 | 31619 32248 | 630 630 | 95.56 | NC_057384.1 utg775
		Skipping redundant alignment 1227141 1227261 | 32253 32133 | 121 121 | 95.87 | NC_057380.1 utg775
			The best set is below. Score: 1545.1, number of alignments: 1, unaligned bases: 66056
		This contig is partially unaligned. (Aligned 1624 out of 67680 non-N bases (2.40%))
		Alignment: 862409 864031 | 30852 32475 | 1623 1624 | 95.14 | NC_057382.1 utg775
		Unaligned bases: 1 to 30851 (30851)
		Unaligned bases: 32476 to 67680 (35205)

CONTIG: utg777 (34277bp)
Best alignment score: 80.0 (LEN: 81, IDY: 98.77), Total number of alignments: 10
			Looking for the best set of alignments (out of 10 total alignments)
			Skipping redundant alignments after choosing the best set of alignments
		Skipping redundant alignment 1331755 1331819 | 4386 4450 | 65 65 | 100.0 | NC_057382.1 utg777
		Skipping redundant alignment 1331753 1331819 | 4386 4452 | 67 67 | 100.0 | NC_057382.1 utg777
		Skipping redundant alignment 1331752 1331818 | 4387 4453 | 67 67 | 100.0 | NC_057382.1 utg777
		Skipping redundant alignment 2785557 2785624 | 4386 4453 | 68 68 | 100.0 | NC_057371.1 utg777
		Skipping redundant alignment 2785536 2785609 | 4389 4462 | 74 74 | 98.65 | NC_057371.1 utg777
		Skipping redundant alignment 2785542 2785615 | 4389 4462 | 74 74 | 98.65 | NC_057371.1 utg777
		Skipping redundant alignment 2785538 2785613 | 4387 4462 | 76 76 | 98.68 | NC_057371.1 utg777
		Skipping redundant alignment 2785535 2785611 | 4386 4462 | 77 77 | 98.7 | NC_057371.1 utg777
		Skipping redundant alignment 2785531 2785607 | 4386 4462 | 77 77 | 98.7 | NC_057371.1 utg777
			The best set is below. Score: 80.0, number of alignments: 1, unaligned bases: 34196
		This contig is partially unaligned. (Aligned 81 out of 34277 non-N bases (0.24%))
		Alignment: 2785525 2785605 | 4382 4462 | 81 81 | 98.77 | NC_057371.1 utg777
		Unaligned bases: 1 to 4381 (4381)
		Unaligned bases: 4463 to 34277 (29815)

CONTIG: utg786 (59467bp)
Best alignment score: 1544.1 (LEN: 1622, IDY: 95.20), Total number of alignments: 9
			Looking for the best set of alignments (out of 9 total alignments)
			Skipping redundant alignments after choosing the best set of alignments
		Skipping redundant alignment 1227141 1227261 | 51010 51130 | 121 121 | 95.87 | NC_057380.1 utg786
		Skipping redundant alignment 95953 96141 | 51010 51198 | 189 189 | 95.24 | NC_057377.1 utg786
		Skipping redundant alignment 1227458 1227610 | 51335 51487 | 153 153 | 96.08 | NC_057380.1 utg786
		Skipping redundant alignment 96143 96431 | 51199 51487 | 289 289 | 96.19 | NC_057377.1 utg786
		Skipping redundant alignment 1227612 1227832 | 51488 51708 | 221 221 | 96.38 | NC_057380.1 utg786
		Skipping redundant alignment 1227887 1228094 | 51767 51974 | 208 208 | 96.63 | NC_057380.1 utg786
		Skipping redundant alignment 1228095 1228317 | 51976 52198 | 223 223 | 97.31 | NC_057380.1 utg786
		Skipping redundant alignment 96433 97354 | 51488 52409 | 922 922 | 95.34 | NC_057377.1 utg786
			The best set is below. Score: 1544.1, number of alignments: 1, unaligned bases: 57845
		This contig is partially unaligned. (Aligned 1622 out of 59467 non-N bases (2.73%))
		Alignment: 862409 864031 | 52409 50788 | 1623 1622 | 95.2 | NC_057382.1 utg786
		Unaligned bases: 1 to 50787 (50787)
		Unaligned bases: 52410 to 59467 (7058)

CONTIG: utg791 (50190bp)
		This contig is unaligned. (50190 bp)
		Unaligned bases: 50190 (number of Ns: 0)

CONTIG: utg792 (21640bp)
		This contig is unaligned. (21640 bp)
		Unaligned bases: 21640 (number of Ns: 0)

CONTIG: utg796 (84233bp)
		This contig is unaligned. (84233 bp)
		Unaligned bases: 84233 (number of Ns: 0)

CONTIG: utg798 (42330bp)
		This contig is unaligned. (42330 bp)
		Unaligned bases: 42330 (number of Ns: 0)

CONTIG: utg804 (46874bp)
		This contig is unaligned. (46874 bp)
		Unaligned bases: 46874 (number of Ns: 0)

CONTIG: utg805 (18605bp)
		This contig is unaligned. (18605 bp)
		Unaligned bases: 18605 (number of Ns: 0)

CONTIG: utg808 (152467bp)
		This contig is unaligned. (152467 bp)
		Unaligned bases: 152467 (number of Ns: 0)

CONTIG: utg811 (43186bp)
		This contig is unaligned. (43186 bp)
		Unaligned bases: 43186 (number of Ns: 0)

CONTIG: utg813 (31421bp)
		This contig is unaligned. (31421 bp)
		Unaligned bases: 31421 (number of Ns: 0)

CONTIG: utg816 (27185bp)
		This contig is unaligned. (27185 bp)
		Unaligned bases: 27185 (number of Ns: 0)

CONTIG: utg819 (64953bp)
		This contig is unaligned. (64953 bp)
		Unaligned bases: 64953 (number of Ns: 0)

CONTIG: utg823 (32970bp)
		This contig is unaligned. (32970 bp)
		Unaligned bases: 32970 (number of Ns: 0)

CONTIG: utg831 (64027bp)
		This contig is unaligned. (64027 bp)
		Unaligned bases: 64027 (number of Ns: 0)

CONTIG: utg832 (56696bp)
		This contig is unaligned. (56696 bp)
		Unaligned bases: 56696 (number of Ns: 0)

CONTIG: utg833 (67687bp)
		This contig is unaligned. (67687 bp)
		Unaligned bases: 67687 (number of Ns: 0)

CONTIG: utg835 (21917bp)
		This contig is unaligned. (21917 bp)
		Unaligned bases: 21917 (number of Ns: 0)

CONTIG: utg840 (25536bp)
		This contig is unaligned. (25536 bp)
		Unaligned bases: 25536 (number of Ns: 0)

CONTIG: utg845 (51010bp)
		This contig is unaligned. (51010 bp)
		Unaligned bases: 51010 (number of Ns: 0)

CONTIG: utg848 (49321bp)
		This contig is unaligned. (49321 bp)
		Unaligned bases: 49321 (number of Ns: 0)

CONTIG: utg852 (45317bp)
		This contig is unaligned. (45317 bp)
		Unaligned bases: 45317 (number of Ns: 0)

CONTIG: utg862 (76473bp)
		This contig is unaligned. (76473 bp)
		Unaligned bases: 76473 (number of Ns: 0)

CONTIG: utg863 (107759bp)
		This contig is unaligned. (107759 bp)
		Unaligned bases: 107759 (number of Ns: 0)

CONTIG: utg867 (159102bp)
		This contig is unaligned. (159102 bp)
		Unaligned bases: 159102 (number of Ns: 0)

CONTIG: utg876 (29962bp)
		This contig is unaligned. (29962 bp)
		Unaligned bases: 29962 (number of Ns: 0)

CONTIG: utg881 (117154bp)
		This contig is unaligned. (117154 bp)
		Unaligned bases: 117154 (number of Ns: 0)

CONTIG: utg882 (21306bp)
		This contig is unaligned. (21306 bp)
		Unaligned bases: 21306 (number of Ns: 0)

CONTIG: utg883 (39217bp)
		This contig is unaligned. (39217 bp)
		Unaligned bases: 39217 (number of Ns: 0)

CONTIG: utg884 (60235bp)
		This contig is unaligned. (60235 bp)
		Unaligned bases: 60235 (number of Ns: 0)

CONTIG: utg886 (40128bp)
		This contig is unaligned. (40128 bp)
		Unaligned bases: 40128 (number of Ns: 0)

CONTIG: utg894 (146307bp)
		This contig is unaligned. (146307 bp)
		Unaligned bases: 146307 (number of Ns: 0)

CONTIG: utg903 (46416bp)
		This contig is unaligned. (46416 bp)
		Unaligned bases: 46416 (number of Ns: 0)

CONTIG: utg905 (72448bp)
		This contig is unaligned. (72448 bp)
		Unaligned bases: 72448 (number of Ns: 0)

CONTIG: utg912 (24710bp)
		This contig is unaligned. (24710 bp)
		Unaligned bases: 24710 (number of Ns: 0)

CONTIG: utg914 (26661bp)
		This contig is unaligned. (26661 bp)
		Unaligned bases: 26661 (number of Ns: 0)

CONTIG: utg919 (55363bp)
Best alignment score: 1541.1 (LEN: 1621, IDY: 95.07), Total number of alignments: 11
			Looking for the best set of alignments (out of 11 total alignments)
			Skipping redundant alignments after choosing the best set of alignments
		Skipping redundant alignment 263567 263646 | 5981 5902 | 80 80 | 98.75 | NC_057381.1 utg919
		Skipping redundant alignment 1227345 1227455 | 18460 18570 | 111 111 | 96.4 | NC_057380.1 utg919
		Skipping redundant alignment 1227458 1227832 | 18576 18950 | 375 375 | 96.0 | NC_057380.1 utg919
		Skipping redundant alignment 1227887 1228094 | 19009 19216 | 208 208 | 96.63 | NC_057380.1 utg919
		Skipping redundant alignment 1228095 1228320 | 19218 19443 | 226 226 | 97.79 | NC_057380.1 utg919
		Skipping redundant alignment 1228137 1228210 | 41681 41608 | 74 74 | 97.3 | NC_057380.1 utg919
		Skipping redundant alignment 1227918 1228033 | 41900 41785 | 116 116 | 99.14 | NC_057380.1 utg919
			The best set is below. Score: 1642.1, number of alignments: 4, unaligned bases: 53380
		This contig is misassembled.
		This contig is partially unaligned. (Aligned 1983 out of 55363 non-N bases (3.58%))
			Warning! This contig is more unaligned than misassembled. Contig length is 55363 (number of Ns: 0) and total length of all aligns is 1983
		Alignment: 862411 864031 | 19649 18029 | 1621 1621 | 95.07 | NC_057382.1 utg919
		Alignment: 862724 862799 | 41606 41681 | 76 76 | 97.37 | NC_057382.1 utg919
		Alignment: 862902 863018 | 41784 41900 | 117 117 | 99.15 | NC_057382.1 utg919
		Alignment: 863676 863844 | 42565 42733 | 169 169 | 95.27 | NC_057382.1 utg919
		Unaligned bases: 53380

CONTIG: utg929 (59998bp)
		This contig is unaligned. (59998 bp)
		Unaligned bases: 59998 (number of Ns: 0)

CONTIG: utg934 (89361bp)
		This contig is unaligned. (89361 bp)
		Unaligned bases: 89361 (number of Ns: 0)

CONTIG: utg936 (107959bp)
		This contig is unaligned. (107959 bp)
		Unaligned bases: 107959 (number of Ns: 0)

CONTIG: utg942 (34891bp)
		This contig is unaligned. (34891 bp)
		Unaligned bases: 34891 (number of Ns: 0)

CONTIG: utg945 (32207bp)
		This contig is unaligned. (32207 bp)
		Unaligned bases: 32207 (number of Ns: 0)

CONTIG: utg949 (168803bp)
		This contig is unaligned. (168803 bp)
		Unaligned bases: 168803 (number of Ns: 0)

CONTIG: utg951 (16372bp)
		This contig is unaligned. (16372 bp)
		Unaligned bases: 16372 (number of Ns: 0)

CONTIG: utg953 (28461bp)
		This contig is unaligned. (28461 bp)
		Unaligned bases: 28461 (number of Ns: 0)

CONTIG: utg956 (65899bp)
		This contig is unaligned. (65899 bp)
		Unaligned bases: 65899 (number of Ns: 0)

CONTIG: utg959 (58996bp)
		This contig is unaligned. (58996 bp)
		Unaligned bases: 58996 (number of Ns: 0)

CONTIG: utg960 (60832bp)
		This contig is unaligned. (60832 bp)
		Unaligned bases: 60832 (number of Ns: 0)

CONTIG: utg969 (100115bp)
		This contig is unaligned. (100115 bp)
		Unaligned bases: 100115 (number of Ns: 0)

CONTIG: utg970 (29878bp)
		This contig is unaligned. (29878 bp)
		Unaligned bases: 29878 (number of Ns: 0)

CONTIG: utg973 (48756bp)
		This contig is unaligned. (48756 bp)
		Unaligned bases: 48756 (number of Ns: 0)

CONTIG: utg977 (43707bp)
		This contig is unaligned. (43707 bp)
		Unaligned bases: 43707 (number of Ns: 0)

CONTIG: utg979 (20544bp)
		This contig is unaligned. (20544 bp)
		Unaligned bases: 20544 (number of Ns: 0)

CONTIG: utg981 (29633bp)
		This contig is unaligned. (29633 bp)
		Unaligned bases: 29633 (number of Ns: 0)

CONTIG: utg985 (82626bp)
		This contig is unaligned. (82626 bp)
		Unaligned bases: 82626 (number of Ns: 0)

CONTIG: utg993 (72970bp)
		This contig is unaligned. (72970 bp)
		Unaligned bases: 72970 (number of Ns: 0)

CONTIG: utg995 (34080bp)
		This contig is unaligned. (34080 bp)
		Unaligned bases: 34080 (number of Ns: 0)

CONTIG: utg997 (52967bp)
		This contig is unaligned. (52967 bp)
		Unaligned bases: 52967 (number of Ns: 0)

CONTIG: utg1000 (47800bp)
		This contig is unaligned. (47800 bp)
		Unaligned bases: 47800 (number of Ns: 0)

CONTIG: utg1003 (115033bp)
		This contig is unaligned. (115033 bp)
		Unaligned bases: 115033 (number of Ns: 0)

CONTIG: utg1008 (31973bp)
		This contig is unaligned. (31973 bp)
		Unaligned bases: 31973 (number of Ns: 0)

CONTIG: utg1009 (121358bp)
		This contig is unaligned. (121358 bp)
		Unaligned bases: 121358 (number of Ns: 0)

CONTIG: utg1025 (23947bp)
		This contig is unaligned. (23947 bp)
		Unaligned bases: 23947 (number of Ns: 0)

CONTIG: utg1027 (42844bp)
		This contig is unaligned. (42844 bp)
		Unaligned bases: 42844 (number of Ns: 0)

CONTIG: utg1028 (71814bp)
		This contig is unaligned. (71814 bp)
		Unaligned bases: 71814 (number of Ns: 0)

CONTIG: utg1031 (52893bp)
		This contig is unaligned. (52893 bp)
		Unaligned bases: 52893 (number of Ns: 0)

CONTIG: utg1032 (66025bp)
		This contig is unaligned. (66025 bp)
		Unaligned bases: 66025 (number of Ns: 0)

CONTIG: utg1036 (54434bp)
Best alignment score: 648.0 (LEN: 680, IDY: 95.29), Total number of alignments: 17
			Looking for the best set of alignments (out of 17 total alignments)
			Skipping redundant alignments after choosing the best set of alignments
		Skipping redundant alignment 1830634 1830719 | 7946 8031 | 86 86 | 96.51 | NC_057377.1 utg1036
		Skipping redundant alignment 1664393 1665026 | 18936 18304 | 634 633 | 95.74 | NC_057372.1 utg1036
		Skipping redundant alignment 863294 863755 | 19017 18556 | 462 462 | 96.75 | NC_057382.1 utg1036
		Skipping redundant alignment 825980 826444 | 19030 18566 | 465 465 | 96.56 | NC_057384.1 utg1036
		Skipping redundant alignment 796308 796777 | 19035 18566 | 470 470 | 95.74 | NC_057384.1 utg1036
		Skipping redundant alignment 894074 894553 | 18556 19035 | 480 480 | 96.67 | NC_057384.1 utg1036
		Skipping redundant alignment 1657497 1657646 | 19856 19707 | 150 150 | 96.0 | NC_057372.1 utg1036
		Skipping redundant alignment 3535821 3536010 | 19902 19713 | 190 190 | 96.84 | NC_057385.1 utg1036
		Skipping redundant alignment 1227887 1228094 | 19746 19953 | 208 208 | 97.12 | NC_057380.1 utg1036
		Skipping redundant alignment 862841 863088 | 19954 19707 | 248 248 | 96.77 | NC_057382.1 utg1036
		Skipping redundant alignment 1228095 1228320 | 19955 20180 | 226 226 | 95.58 | NC_057380.1 utg1036
		Skipping redundant alignment 862613 862840 | 20183 19956 | 228 228 | 95.61 | NC_057382.1 utg1036
		Skipping redundant alignment 1465242 1465909 | 20386 19719 | 668 668 | 95.36 | NC_057378.1 utg1036
		Skipping redundant alignment 75479 76158 | 19707 20386 | 680 680 | 95.29 | NC_057381.1 utg1036
			The best set is below. Score: 1290.0, number of alignments: 3, unaligned bases: 53067
		This contig is misassembled.
		This contig is partially unaligned. (Aligned 1367 out of 54434 non-N bases (2.51%))
			Warning! This contig is more unaligned than misassembled. Contig length is 54434 (number of Ns: 0) and total length of all aligns is 1367
		Alignment: 1039019 1039247 | 18530 18302 | 229 229 | 96.07 | NC_057371.1 utg1036
		Alignment: 1038490 1038965 | 19035 18560 | 476 476 | 96.01 | NC_057371.1 utg1036
		Alignment: 1037716 1038377 | 20386 19725 | 662 662 | 96.22 | NC_057371.1 utg1036
		Unaligned bases: 53067

CONTIG: utg1038 (100719bp)
		This contig is unaligned. (100719 bp)
		Unaligned bases: 100719 (number of Ns: 0)

CONTIG: utg1041 (47961bp)
		This contig is unaligned. (47961 bp)
		Unaligned bases: 47961 (number of Ns: 0)

CONTIG: utg1047 (30171bp)
		This contig is unaligned. (30171 bp)
		Unaligned bases: 30171 (number of Ns: 0)

CONTIG: utg1065 (37993bp)
		This contig is unaligned. (37993 bp)
		Unaligned bases: 37993 (number of Ns: 0)

CONTIG: utg1069 (20366bp)
		This contig is unaligned. (20366 bp)
		Unaligned bases: 20366 (number of Ns: 0)

CONTIG: utg1087 (55199bp)
		This contig is unaligned. (55199 bp)
		Unaligned bases: 55199 (number of Ns: 0)

CONTIG: utg1095 (37247bp)
		This contig is unaligned. (37247 bp)
		Unaligned bases: 37247 (number of Ns: 0)

CONTIG: utg1096 (48564bp)
		This contig is unaligned. (48564 bp)
		Unaligned bases: 48564 (number of Ns: 0)

CONTIG: utg1099 (48139bp)
		This contig is unaligned. (48139 bp)
		Unaligned bases: 48139 (number of Ns: 0)

CONTIG: utg1119 (55170bp)
		This contig is unaligned. (55170 bp)
		Unaligned bases: 55170 (number of Ns: 0)

CONTIG: utg1122 (28460bp)
		This contig is unaligned. (28460 bp)
		Unaligned bases: 28460 (number of Ns: 0)

CONTIG: utg1123 (66588bp)
		This contig is unaligned. (66588 bp)
		Unaligned bases: 66588 (number of Ns: 0)

CONTIG: utg1137 (44358bp)
		This contig is unaligned. (44358 bp)
		Unaligned bases: 44358 (number of Ns: 0)

CONTIG: utg1143 (33734bp)
		This contig is unaligned. (33734 bp)
		Unaligned bases: 33734 (number of Ns: 0)

CONTIG: utg1147 (37326bp)
		This contig is unaligned. (37326 bp)
		Unaligned bases: 37326 (number of Ns: 0)

CONTIG: utg1155 (29545bp)
		This contig is unaligned. (29545 bp)
		Unaligned bases: 29545 (number of Ns: 0)

CONTIG: utg1156 (121461bp)
		This contig is unaligned. (121461 bp)
		Unaligned bases: 121461 (number of Ns: 0)

CONTIG: utg1159 (39037bp)
		This contig is unaligned. (39037 bp)
		Unaligned bases: 39037 (number of Ns: 0)

CONTIG: utg1161 (44781bp)
		This contig is unaligned. (44781 bp)
		Unaligned bases: 44781 (number of Ns: 0)

CONTIG: utg1162 (30805bp)
		This contig is unaligned. (30805 bp)
		Unaligned bases: 30805 (number of Ns: 0)

CONTIG: utg1173 (169920bp)
		This contig is unaligned. (169920 bp)
		Unaligned bases: 169920 (number of Ns: 0)

CONTIG: utg1198 (53615bp)
		This contig is unaligned. (53615 bp)
		Unaligned bases: 53615 (number of Ns: 0)

CONTIG: utg1203 (30121bp)
		This contig is unaligned. (30121 bp)
		Unaligned bases: 30121 (number of Ns: 0)

CONTIG: utg1204 (58508bp)
		This contig is unaligned. (58508 bp)
		Unaligned bases: 58508 (number of Ns: 0)

CONTIG: utg1209 (27622bp)
		This contig is unaligned. (27622 bp)
		Unaligned bases: 27622 (number of Ns: 0)

CONTIG: utg1229 (60064bp)
		This contig is unaligned. (60064 bp)
		Unaligned bases: 60064 (number of Ns: 0)

CONTIG: utg1246 (68711bp)
		This contig is unaligned. (68711 bp)
		Unaligned bases: 68711 (number of Ns: 0)

CONTIG: utg1251 (34589bp)
		This contig is unaligned. (34589 bp)
		Unaligned bases: 34589 (number of Ns: 0)

CONTIG: utg1262 (61763bp)
		This contig is unaligned. (61763 bp)
		Unaligned bases: 61763 (number of Ns: 0)

CONTIG: utg1263 (63393bp)
		This contig is unaligned. (63393 bp)
		Unaligned bases: 63393 (number of Ns: 0)

CONTIG: utg1276 (24957bp)
		This contig is unaligned. (24957 bp)
		Unaligned bases: 24957 (number of Ns: 0)

CONTIG: utg1292 (67921bp)
Best alignment score: 227.0 (LEN: 238, IDY: 95.38), Total number of alignments: 1
			Looking for the best set of alignments (out of 1 total alignments)
			The best set is below. Score: 227.0, number of alignments: 1, unaligned bases: 67683
		This contig is partially unaligned. (Aligned 238 out of 67921 non-N bases (0.35%))
		Alignment: 871320 871557 | 20950 21187 | 238 238 | 95.38 | NC_057382.1 utg1292
		Unaligned bases: 1 to 20949 (20949)
		Unaligned bases: 21188 to 67921 (46734)

CONTIG: utg1297 (27092bp)
		This contig is unaligned. (27092 bp)
		Unaligned bases: 27092 (number of Ns: 0)

CONTIG: utg1306 (49354bp)
		This contig is unaligned. (49354 bp)
		Unaligned bases: 49354 (number of Ns: 0)

CONTIG: utg1324 (39616bp)
		This contig is unaligned. (39616 bp)
		Unaligned bases: 39616 (number of Ns: 0)

CONTIG: utg1326 (16979bp)
		This contig is unaligned. (16979 bp)
		Unaligned bases: 16979 (number of Ns: 0)

CONTIG: utg1330 (29765bp)
		This contig is unaligned. (29765 bp)
		Unaligned bases: 29765 (number of Ns: 0)

CONTIG: utg1345 (44714bp)
		This contig is unaligned. (44714 bp)
		Unaligned bases: 44714 (number of Ns: 0)

CONTIG: utg1346 (40267bp)
		This contig is unaligned. (40267 bp)
		Unaligned bases: 40267 (number of Ns: 0)

CONTIG: utg1348 (77384bp)
Best alignment score: 1152.1 (LEN: 1211, IDY: 95.14), Total number of alignments: 23
			Looking for the best set of alignments (out of 23 total alignments)
			Skipping redundant alignments after choosing the best set of alignments
		Skipping redundant alignment 1466563 1466635 | 29509 29437 | 73 73 | 97.26 | NC_057378.1 utg1348
		Skipping redundant alignment 1227141 1227261 | 29432 29552 | 121 121 | 96.69 | NC_057380.1 utg1348
		Skipping redundant alignment 1227308 1227455 | 29605 29752 | 148 148 | 95.27 | NC_057380.1 utg1348
		Skipping redundant alignment 1038540 1039017 | 29914 29437 | 478 478 | 96.23 | NC_057371.1 utg1348
		Skipping redundant alignment 826025 826502 | 29914 29437 | 478 478 | 96.03 | NC_057384.1 utg1348
		Skipping redundant alignment 825873 826023 | 30065 29915 | 151 151 | 96.03 | NC_057384.1 utg1348
		Skipping redundant alignment 1038378 1038538 | 30075 29915 | 161 161 | 95.65 | NC_057371.1 utg1348
		Skipping redundant alignment 1227612 1227832 | 29911 30131 | 221 221 | 96.38 | NC_057380.1 utg1348
		Skipping redundant alignment 825742 825831 | 30196 30107 | 90 90 | 95.56 | NC_057384.1 utg1348
		Skipping redundant alignment 3535821 3536252 | 30346 29915 | 432 432 | 96.06 | NC_057385.1 utg1348
		Skipping redundant alignment 96433 96894 | 29911 30372 | 462 462 | 95.67 | NC_057377.1 utg1348
		Skipping redundant alignment 1227887 1228071 | 30190 30374 | 185 185 | 97.84 | NC_057380.1 utg1348
		Skipping redundant alignment 825551 825669 | 30375 30257 | 119 119 | 96.64 | NC_057384.1 utg1348
		Skipping redundant alignment 1038171 1038377 | 30375 30169 | 207 207 | 98.07 | NC_057371.1 utg1348
		Skipping redundant alignment 1465697 1466157 | 30375 29915 | 461 461 | 95.66 | NC_057378.1 utg1348
		Skipping redundant alignment 862411 862812 | 37044 36642 | 402 403 | 95.29 | NC_057382.1 utg1348
		Skipping redundant alignment 1228124 1228525 | 36642 37044 | 402 403 | 95.29 | NC_057380.1 utg1348
		Skipping redundant alignment 3535338 3535745 | 37044 36637 | 408 408 | 95.83 | NC_057385.1 utg1348
		Skipping redundant alignment 75751 76158 | 36637 37044 | 408 408 | 95.83 | NC_057381.1 utg1348
		Skipping redundant alignment 96945 97352 | 36637 37044 | 408 408 | 95.34 | NC_057377.1 utg1348
		Skipping redundant alignment 1465242 1465649 | 37044 36637 | 408 408 | 95.34 | NC_057378.1 utg1348
		This contig has several significant sets of alignments. [An ambiguously mapped contig]
		Using only the very best set (option --ambiguity-usage is set to "one").
			The best set is below. Score: 1299.1, number of alignments: 2, unaligned bases: 75761
		This contig is misassembled.
		This contig is partially unaligned. (Aligned 1623 out of 77384 non-N bases (2.10%))
			Warning! This contig is more unaligned than misassembled. Contig length is 77384 (number of Ns: 0) and total length of all aligns is 1623
		Alignment: 862819 864031 | 30420 29210 | 1213 1211 | 95.14 | NC_057382.1 utg1348
		Alignment: 1037716 1038127 | 37044 36633 | 412 412 | 96.6 | NC_057371.1 utg1348
		Unaligned bases: 75761

CONTIG: utg1356 (124039bp)
		This contig is unaligned. (124039 bp)
		Unaligned bases: 124039 (number of Ns: 0)

CONTIG: utg1385 (27801bp)
		This contig is unaligned. (27801 bp)
		Unaligned bases: 27801 (number of Ns: 0)

CONTIG: utg1387 (53057bp)
		This contig is unaligned. (53057 bp)
		Unaligned bases: 53057 (number of Ns: 0)

CONTIG: utg1393 (27447bp)
		This contig is unaligned. (27447 bp)
		Unaligned bases: 27447 (number of Ns: 0)

CONTIG: utg1403 (44800bp)
		This contig is unaligned. (44800 bp)
		Unaligned bases: 44800 (number of Ns: 0)

CONTIG: utg1410 (75367bp)
Best alignment score: 999.0 (LEN: 1047, IDY: 95.42), Total number of alignments: 6
			Looking for the best set of alignments (out of 6 total alignments)
			Skipping redundant alignments after choosing the best set of alignments
		Skipping redundant alignment 1227887 1227952 | 51081 51016 | 66 66 | 98.48 | NC_057380.1 utg1410
		Skipping redundant alignment 1227458 1227832 | 51514 51140 | 375 375 | 96.8 | NC_057380.1 utg1410
		Skipping redundant alignment 1227141 1227261 | 51840 51720 | 121 121 | 95.87 | NC_057380.1 utg1410
		Skipping redundant alignment 825742 826728 | 51075 52060 | 987 986 | 95.14 | NC_057384.1 utg1410
		Skipping redundant alignment 1038380 1039247 | 51198 52064 | 868 867 | 96.31 | NC_057371.1 utg1410
			The best set is below. Score: 999.0, number of alignments: 1, unaligned bases: 74320
		This contig is partially unaligned. (Aligned 1047 out of 75367 non-N bases (1.39%))
		Alignment: 862984 864031 | 51016 52062 | 1048 1047 | 95.42 | NC_057382.1 utg1410
		Unaligned bases: 1 to 51015 (51015)
		Unaligned bases: 52063 to 75367 (23305)

CONTIG: utg1413 (51846bp)
		This contig is unaligned. (51846 bp)
		Unaligned bases: 51846 (number of Ns: 0)

CONTIG: utg1415 (18619bp)
		This contig is unaligned. (18619 bp)
		Unaligned bases: 18619 (number of Ns: 0)

CONTIG: utg1427 (18521bp)
		This contig is unaligned. (18521 bp)
		Unaligned bases: 18521 (number of Ns: 0)

CONTIG: utg1435 (21121bp)
		This contig is unaligned. (21121 bp)
		Unaligned bases: 21121 (number of Ns: 0)

CONTIG: utg1445 (16357bp)
		This contig is unaligned. (16357 bp)
		Unaligned bases: 16357 (number of Ns: 0)

CONTIG: utg1460 (48196bp)
		This contig is unaligned. (48196 bp)
		Unaligned bases: 48196 (number of Ns: 0)

CONTIG: utg1463 (28132bp)
		This contig is unaligned. (28132 bp)
		Unaligned bases: 28132 (number of Ns: 0)

CONTIG: utg1473 (137872bp)
		This contig is unaligned. (137872 bp)
		Unaligned bases: 137872 (number of Ns: 0)

CONTIG: utg1476 (40009bp)
		This contig is unaligned. (40009 bp)
		Unaligned bases: 40009 (number of Ns: 0)

CONTIG: utg1504 (18028bp)
		This contig is unaligned. (18028 bp)
		Unaligned bases: 18028 (number of Ns: 0)

CONTIG: utg1546 (85128bp)
		This contig is unaligned. (85128 bp)
		Unaligned bases: 85128 (number of Ns: 0)

CONTIG: utg1560 (18155bp)
		This contig is unaligned. (18155 bp)
		Unaligned bases: 18155 (number of Ns: 0)

CONTIG: utg1578 (44803bp)
		This contig is unaligned. (44803 bp)
		Unaligned bases: 44803 (number of Ns: 0)

CONTIG: utg1579 (24397bp)
		This contig is unaligned. (24397 bp)
		Unaligned bases: 24397 (number of Ns: 0)

CONTIG: utg1583 (27473bp)
		This contig is unaligned. (27473 bp)
		Unaligned bases: 27473 (number of Ns: 0)

CONTIG: utg1630 (18642bp)
		This contig is unaligned. (18642 bp)
		Unaligned bases: 18642 (number of Ns: 0)

CONTIG: utg1669 (57691bp)
		This contig is unaligned. (57691 bp)
		Unaligned bases: 57691 (number of Ns: 0)

CONTIG: utg1683 (37724bp)
		This contig is unaligned. (37724 bp)
		Unaligned bases: 37724 (number of Ns: 0)

CONTIG: utg1686 (19365bp)
		This contig is unaligned. (19365 bp)
		Unaligned bases: 19365 (number of Ns: 0)

CONTIG: utg1693 (26916bp)
		This contig is unaligned. (26916 bp)
		Unaligned bases: 26916 (number of Ns: 0)

CONTIG: utg1710 (30399bp)
		This contig is unaligned. (30399 bp)
		Unaligned bases: 30399 (number of Ns: 0)

CONTIG: utg1730 (36720bp)
		This contig is unaligned. (36720 bp)
		Unaligned bases: 36720 (number of Ns: 0)

CONTIG: utg1750 (41874bp)
		This contig is unaligned. (41874 bp)
		Unaligned bases: 41874 (number of Ns: 0)

CONTIG: utg1758 (55471bp)
Best alignment score: 76.0 (LEN: 76, IDY: 100.00), Total number of alignments: 19
			Looking for the best set of alignments (out of 19 total alignments)
			Skipping redundant alignments after choosing the best set of alignments
		Skipping redundant alignment 1331755 1331819 | 42921 42985 | 65 65 | 100.0 | NC_057382.1 utg1758
		Skipping redundant alignment 2785559 2785624 | 42921 42986 | 66 66 | 100.0 | NC_057371.1 utg1758
		Skipping redundant alignment 1331753 1331819 | 42921 42987 | 67 67 | 100.0 | NC_057382.1 utg1758
		Skipping redundant alignment 2785557 2785624 | 42921 42988 | 68 68 | 100.0 | NC_057371.1 utg1758
		Skipping redundant alignment 2785555 2785624 | 42921 42990 | 70 70 | 100.0 | NC_057371.1 utg1758
		Skipping redundant alignment 2785553 2785624 | 42921 42992 | 72 72 | 100.0 | NC_057371.1 utg1758
		Skipping redundant alignment 2785551 2785624 | 42921 42994 | 74 74 | 100.0 | NC_057371.1 utg1758
		Skipping redundant alignment 1331752 1331819 | 42928 42995 | 68 68 | 100.0 | NC_057382.1 utg1758
		Skipping redundant alignment 2785549 2785624 | 42921 42996 | 76 76 | 100.0 | NC_057371.1 utg1758
		Skipping redundant alignment 2785531 2785606 | 42921 42996 | 76 76 | 100.0 | NC_057371.1 utg1758
		Skipping redundant alignment 2785539 2785614 | 42921 42996 | 76 76 | 100.0 | NC_057371.1 utg1758
		Skipping redundant alignment 2785537 2785612 | 42921 42996 | 76 76 | 100.0 | NC_057371.1 utg1758
		Skipping redundant alignment 2785529 2785604 | 42921 42996 | 76 76 | 100.0 | NC_057371.1 utg1758
		Skipping redundant alignment 2785541 2785616 | 42921 42996 | 76 76 | 100.0 | NC_057371.1 utg1758
		Skipping redundant alignment 2785547 2785622 | 42921 42996 | 76 76 | 100.0 | NC_057371.1 utg1758
		Skipping redundant alignment 2785545 2785620 | 42921 42996 | 76 76 | 100.0 | NC_057371.1 utg1758
		Skipping redundant alignment 2785535 2785610 | 42921 42996 | 76 76 | 100.0 | NC_057371.1 utg1758
		Skipping redundant alignment 2785533 2785608 | 42921 42996 | 76 76 | 100.0 | NC_057371.1 utg1758
		This contig has several significant sets of alignments. [An ambiguously mapped contig]
		Using only the very best set (option --ambiguity-usage is set to "one").
			The best set is below. Score: 76.0, number of alignments: 1, unaligned bases: 55395
		This contig is partially unaligned. (Aligned 76 out of 55471 non-N bases (0.14%))
		Alignment: 2785543 2785618 | 42921 42996 | 76 76 | 100.0 | NC_057371.1 utg1758
		Unaligned bases: 1 to 42920 (42920)
		Unaligned bases: 42997 to 55471 (12475)

CONTIG: utg1812 (16147bp)
		This contig is unaligned. (16147 bp)
		Unaligned bases: 16147 (number of Ns: 0)

CONTIG: utg1815 (23055bp)
		This contig is unaligned. (23055 bp)
		Unaligned bases: 23055 (number of Ns: 0)

CONTIG: utg1844 (52662bp)
		This contig is unaligned. (52662 bp)
		Unaligned bases: 52662 (number of Ns: 0)

CONTIG: utg1884 (22298bp)
		This contig is unaligned. (22298 bp)
		Unaligned bases: 22298 (number of Ns: 0)

CONTIG: utg1890 (26098bp)
		This contig is unaligned. (26098 bp)
		Unaligned bases: 26098 (number of Ns: 0)

CONTIG: utg1892 (37178bp)
		This contig is unaligned. (37178 bp)
		Unaligned bases: 37178 (number of Ns: 0)

CONTIG: utg1923 (22280bp)
		This contig is unaligned. (22280 bp)
		Unaligned bases: 22280 (number of Ns: 0)

CONTIG: utg1928 (24963bp)
		This contig is unaligned. (24963 bp)
		Unaligned bases: 24963 (number of Ns: 0)

CONTIG: utg1943 (37269bp)
		This contig is unaligned. (37269 bp)
		Unaligned bases: 37269 (number of Ns: 0)

CONTIG: utg2001 (59229bp)
		This contig is unaligned. (59229 bp)
		Unaligned bases: 59229 (number of Ns: 0)

CONTIG: utg2017 (19069bp)
		This contig is unaligned. (19069 bp)
		Unaligned bases: 19069 (number of Ns: 0)

CONTIG: utg2031 (22834bp)
		This contig is unaligned. (22834 bp)
		Unaligned bases: 22834 (number of Ns: 0)

CONTIG: utg2046 (36636bp)
		This contig is unaligned. (36636 bp)
		Unaligned bases: 36636 (number of Ns: 0)

CONTIG: utg2151 (24209bp)
		This contig is unaligned. (24209 bp)
		Unaligned bases: 24209 (number of Ns: 0)

CONTIG: utg2248 (18402bp)
		This contig is unaligned. (18402 bp)
		Unaligned bases: 18402 (number of Ns: 0)

CONTIG: utg2272 (22487bp)
		This contig is unaligned. (22487 bp)
		Unaligned bases: 22487 (number of Ns: 0)

CONTIG: utg2293 (29649bp)
		This contig is unaligned. (29649 bp)
		Unaligned bases: 29649 (number of Ns: 0)

CONTIG: utg2404 (14123bp)
		This contig is unaligned. (14123 bp)
		Unaligned bases: 14123 (number of Ns: 0)

CONTIG: utg2453 (17374bp)
		This contig is unaligned. (17374 bp)
		Unaligned bases: 17374 (number of Ns: 0)

CONTIG: utg2566 (24749bp)
		This contig is unaligned. (24749 bp)
		Unaligned bases: 24749 (number of Ns: 0)

Analyzing coverage...
Writing SNPs into /home/genomika25/studenci/artale/Project_Genomics/data/quast_results/results_2025_11_18_17_11_48/contigs_reports/minimap_output/smart_nanopore.used_snps.gz

Analysis is finished!
Founded SNPs were written into /home/genomika25/studenci/artale/Project_Genomics/data/quast_results/results_2025_11_18_17_11_48/contigs_reports/minimap_output/smart_nanopore.used_snps.gz

Results:
	Local Misassemblies: 0
	Misassemblies: 0
		Relocations: 0
		Translocations: 0
		Inversions: 0
	Scaffold gap extensive misassemblies: 0
	Scaffold gap local misassemblies: 0
	Misassembled Contigs: 0
	Misassembled Contig Bases: 0
	Misassemblies Inter-Contig Overlap: 0
Unaligned Contigs: 438 + 42 part
Half Unaligned Contigs with Misassemblies: 25
Unaligned Contig Bases: 65478701

Ambiguously Mapped Contigs: 18
Total Bases in Ambiguously Mapped Contigs: 26429214
Extra Bases in Ambiguously Mapped Contigs: 0
Note that --allow-ambiguity option was set to "one" and only first alignment per each of these contigs was used.

	Covered Bases: 31670

	SNPs: 4072
	Insertions: 129
	Deletions: 245

