#  fam    ele   dir  sequence    start     end
     1      1  1       gi|1     1913     2477 
     1   1781 -1      gi|24    13812    14378 
     1   3228  1     gi|347    13520    14086 
     1   5268  1     gi|304    35092    35409 
     1   5269  1     gi|316     6303     6711 
     1   2299 -1      gi|28     8022     8159 
     1   2806 -1     gi|310     8204     8262 
     2      3  1       gi|1     6927     7058 
     2   1036 -1     gi|180    25701    25824 
     3      4  1       gi|1     7045     7207 
     3   5042  1      gi|77    30847    31009 
     4      5  1       gi|1    11283    11741 
     4     34  1     gi|103    24416    25323 
     4   5173 -1       gi|9    12866    13827 
     4     33  1     gi|103    22721    23656 
     4     36  1     gi|103    28145    28203 
     4     37  1     gi|103    28349    28440 
     5      6  1       gi|1    13070    13215 
     5   4541 -1     gi|454     8692     8837 
     6      7  1       gi|1    13374    13609 
     6   4540 -1     gi|454     8325     8539 
     7      8  1       gi|1    13664    13850 
     7   4539 -1     gi|454     7996     8179 
     8      9  1       gi|1    14500    14965 
     8   4538 -1     gi|454     6282     6871 
     8    370 -1     gi|125    39389    39560 
     8   2803  1     gi|310     5853     6064 
     9     10  1       gi|1    15181    15523 
     9   2766 -1     gi|309    10081    10455 
     9    242  1     gi|119    17183    17491 
     9   2937 -1     gi|319    32486    32808 
    10     11  1       gi|1    20085    20365 
    10    986  1     gi|176    20211    20474 
    10   2496 -1     gi|292    24046    24284 
    11     12  1       gi|1    22339    22445 
    11   1919  1     gi|250    17679    17787 
    12     13  1       gi|1    31428    31580 
    12    791  1      gi|16     7818     7961 
    13     14  1       gi|1    39517    39639 
    13   4984 -1      gi|70     8418     9963 
    13   3677  1     gi|388    15672    17396 
    13   4311  1     gi|432     8648    10376 
    13   4312  1     gi|432    12847    13013 
    14     15  1      gi|10     3125     3461 
    14   1330  1     gi|207    19491    19711 
    14   1331 -1     gi|207    21037    21360 
    14   4020 -1     gi|409    30792    31226 
    14   1332 -1     gi|207    22781    23203 
    14   1333 -1     gi|207    24263    24641 
    14   1329  1     gi|207    17873    18176 
    14   1336 -1     gi|207    34541    34770 
    14   1337 -1     gi|207    35357    35567 
    15     16  1      gi|10     4338     4775 
    15     46 -1     gi|105     2582     3021 
    15   2054  1     gi|261    22720    23159 
    15   4689 -1     gi|464    17125    17564 
    15   5272 -1     gi|237      902     1248 
    15   5276  1     gi|355     2291     2713 
    15   5277 -1      gi|43     8962     9385 
    15   3804 -1     gi|399    27702    28029 
    16     17  1      gi|10    26221    26289 
    16   2333  1     gi|281    31974    32041 
    16   2869  1     gi|314    28299    28349 
    17     18  1     gi|100    23752    23981 
    17   1029 -1     gi|179    31407    31637 
    18     19  1     gi|100    24901    25220 
    18    305  1     gi|123    11456    11774 
    19     20  1     gi|101    11120    11251 
    19    629 -1     gi|147    38968    39098 
    20     21  1     gi|101    11762    12074 
    20    628 -1     gi|147    38274    38598 
    21     22  1     gi|101    27071    27215 
    21   4655 -1     gi|462     8452     8855 
    21   2505 -1     gi|294    19280    20187 
    21     24  1     gi|101    27929    28761 
    21   4654 -1     gi|462     8105     8452 
    22     25  1     gi|101    29305    29644 
    22    750  1     gi|157     9199    10071 
    22   1084 -1     gi|188    24488    25373 
    22   1540  1     gi|223     9950    10439 
    22   4598  1     gi|457    31172    31477 
    23     26  1     gi|101    29653    33046 
    23   1465 -1     gi|219     9706     9952 
    23   1471 -1     gi|219    24957    27362 
    23   2073  1     gi|263     1257     4268 
    23   4297  1      gi|43    37790    37868 
    23   4298  1      gi|43    38991    40000 
    23    594  1     gi|143    27604    28267 
    23    596  1     gi|143    28868    29012 
    23    595  1     gi|143    28255    28300 
    23   5294  1     gi|168     5070     5766 
    23   5293  1     gi|168     4490     5069 
    23   5297 -1     gi|341    12864    13443 
    23   5296 -1     gi|341    12165    12863 
    23   2074  1     gi|263     4940     5173 
    23   2232  1     gi|275     5274     5452 
    23   5298 -1     gi|249    27313    27345 
    24     28  1     gi|102     4049     4185 
    24   2661  1     gi|303    37950    38078 
    25     29  1     gi|102     4664     4803 
    25    743 -1     gi|155    20042    20170 
    26     30  1     gi|102     5602     5915 
    26   2305  1      gi|28    16080    17625 
    26    731 -1     gi|154    22920    23333 
    26    733 -1     gi|154    24213    25695 
    27     31  1     gi|102     9967    10685 
    27   1199  1     gi|197    14803    14990 
    27   1200  1     gi|197    14981    15324 
    27   1201 -1     gi|197    24094    24774 
    28     32  1     gi|102    29105    29587 
    28   2515  1     gi|295     3764     4246 
    29     35  1     gi|103    26467    26540 
    29   3331  1     gi|356    26346    29012 
    29   2067 -1     gi|262    18839    21505 
    30     38  1     gi|104    14387    14468 
    30   3576  1      gi|38    22882    22963 
    31     39  1     gi|104    14717    14905 
    31   4219  1     gi|425    19892    20180 
    31   3577  1      gi|38    23130    23303 
    31   4396  1     gi|439    31004    31284 
    32     40  1     gi|104    28631    29990 
    32   5213 -1      gi|95    28615    29973 
    33     41  1     gi|104    30351    31294 
    33   5212 -1      gi|95    27736    28613 
    34     42  1     gi|104    31467    31663 
    34    833 -1     gi|164    16721    16889 
    34    845 -1     gi|164    38367    38552 
    35     43  1     gi|104    31781    31952 
    35    844 -1     gi|164    38208    38358 
    36     44  1     gi|104    33123    33498 
    36   2867 -1     gi|314     4821     5083 
    36   2901  1     gi|316    18280    18654 
    37     45  1     gi|105      921     1668 
    37   2153  1      gi|27    35866    36344 
    37   3172  1     gi|341    30470    31220 
    37   2190  1     gi|272    24194    24450 
    38     47  1     gi|105     5805     6265 
    38   1491 -1      gi|22    23763    24209 
    38   2144  1      gi|27     5135     5305 
    38   2571  1      gi|30     3157     3276 
    39     48  1     gi|105     6115     6675 
    39    906  1     gi|170    36552    36864 
    39   5316  1     gi|376     9785    10092 
    39   5319 -1     gi|438    28776    28917 
    39     74 -1     gi|106    15370    15489 
    40     49  1     gi|105     6715     6820 
    40   5329 -1     gi|249    24752    27283 
    40     56  1     gi|105    11274    11570 
    40    496 -1     gi|138       31      420 
    40    681 -1     gi|152    16360    18876 
    40   5331 -1     gi|122    26735    27810 
    40     55  1     gi|105    11173    11344 
    40   2499 -1     gi|292    36230    36823 
    41     50  1     gi|105     7088     7125 
    41    741  1     gi|155    11684    11721 
    41    742 -1     gi|155    13047    13084 
    41   3365  1      gi|36    36826    36863 
    41   3366 -1      gi|36    38155    38192 
    41     54 -1     gi|105    10805    10842 
    42     52  1     gi|105     8881     8948 
    42   5349  1     gi|439     7228     7519 
    42   5346 -1      gi|52     3941     5046 
    42   5344 -1     gi|310    27863    28968 
    42   2021  1     gi|258    36333    36674 
    43     53  1     gi|105     9429     9964 
    43   2818 -1     gi|310    22449    22629 
    43   4138  1     gi|419     5855     6015 
    43   5341 -1       gi|5    21866    22515 
    43   2814  1     gi|310    15739    15857 
    43   4388  1     gi|439     7518     7629 
    44     58  1     gi|105    17678    18379 
    44   2775  1     gi|309    19006    19701 
    45     59  1     gi|105    18375    18767 
    45   2776  1     gi|309    29540    29934 
    46     60  1     gi|105    18743    19247 
    46   2779  1     gi|309    31493    31995 
    46   2061  1     gi|262      238      953 
    46     61  1     gi|105    19118    19862 
    47     62  1     gi|105    19718    24018 
    47   2062  1     gi|262     1167     5040 
    47   2780  1     gi|309    31997    34064 
    47   2781  1     gi|309    34064    35120 
    47   1918 -1     gi|250    16889    17510 
    47   2782  1     gi|309    35100    35492 
    47   1917 -1     gi|250    15394    15899 
    48     63  1     gi|105    24998    25446 
    48   2783  1     gi|309    36442    37945 
    48     64  1     gi|105    25616    26104 
    48   2064  1     gi|262     6379     7946 
    49     65  1     gi|105    26118    27683 
    49   2065  1     gi|262     7604    10848 
    49   2785  1     gi|309    39592    40117 
    49   3333 -1     gi|356    36957    40117 
    49   6095  1     gi|309    39213    39577 
    49     67  1     gi|105    36068    37217 
    50     66  1     gi|105    34822    34862 
    50   3063  1     gi|333     1833     1906 
    50     80 -1     gi|107     6708     6776 
    51     68  1     gi|105    37391    37860 
    51   4291 -1      gi|43    29102    29576 
    52     69  1     gi|106      201     1291 
    52   2791  1      gi|31    17846    18978 
    52   2795 -1      gi|31    21957    23089 
    53     70  1     gi|106     1671     1866 
    53   2792  1      gi|31    19404    19610 
    53   2794 -1      gi|31    21325    21531 
    54     71  1     gi|106     4794     4877 
    54   4565  1     gi|455    29915    29992 
    55     72  1     gi|106    13146    13349 
    55   1873 -1     gi|246    24321    24525 
    56     73  1     gi|106    14290    14361 
    56   2470 -1     gi|291     6593     6661 
    57     75  1     gi|106    16127    16183 
    57   2472 -1     gi|291     8487     8540 
    58     76  1     gi|106    22394    22554 
    58    658  1      gi|15     6735     6898 
    59     77  1     gi|106    24816    24937 
    59   2796  1      gi|31    27343    27461 
    60     78  1     gi|106    27177    28160 
    60   4963  1      gi|69     1825     2793 
    61     79  1     gi|107     6227     6330 
    61    653  1     gi|149    29080    29425 
    61   3383 -1     gi|362    20047    20696 
    61    229 -1     gi|118    22679    23040 
    61   1307  1     gi|205    31778    32427 
    61    230 -1     gi|118    24878    25173 
    61   4626 -1      gi|46    29461    29904 
    61    654  1     gi|149    36635    36947 
    62     81  1     gi|107     6776     7592 
    62    469 -1     gi|133    11318    12122 
    63     83  1     gi|107     8180     8619 
    63    468 -1     gi|133    10892    11330 
    64     84  1     gi|107     8626     9260 
    64   5003  1      gi|73    22746    23371 
    65     85  1     gi|107     9375     9473 
    65   3061 -1     gi|333     1713     1800 
    66     86  1     gi|107    14937    15297 
    66   4332 -1     gi|434    33408    34097 
    66   1060  1     gi|184    39148    39492 
    66   5356 -1      gi|63    27193    27467 
    67     87  1     gi|107    16055    16144 
    67   3113  1     gi|338    10850    10933 
    68     88  1     gi|107    25118    25396 
    68    374  1     gi|126    37531    37828 
    69     89  1     gi|107    32308    32427 
    69   3666  1     gi|387    29608    29719 
    70     90  1     gi|107    36184    36645 
    70   4982 -1      gi|70     5237     5706 
    71     91  1     gi|107    37525    37626 
    71   1936  1     gi|252     2722     2822 
    71   3111  1     gi|338     7834     7959 
    72     92  1     gi|107    38081    38487 
    72    916 -1     gi|171    19113    19428 
    72   3266 -1     gi|349    28754    29159 
    73     93  1     gi|107    39300    39998 
    73   5359 -1     gi|171    16342    18211 
    73   4031  1      gi|41    21840    21996 
    74     95  1     gi|109     1404     2112 
    74   2755 -1     gi|308    21359    21839 
    74   3203  1     gi|344    31023    31283 
    74   5366 -1     gi|173    24058    24590 
    74   4125 -1     gi|417    38518    38800 
    74   5367  1     gi|235    32353    32629 
    74   5169  1      gi|89    29946    30105 
    75     96  1     gi|109     2391     2898 
    75   3403 -1     gi|364       64      576 
    76     98  1     gi|109     9155     9187 
    76   5379  1     gi|228    35046    35077 
    76   5381  1     gi|255    31868    31901 
    77    101  1     gi|109    28598    28804 
    77   3179  1     gi|343     3504     3592 
    77   4112 -1     gi|415    32757    32980 
    77   1697 -1     gi|231    16150    16385 
    78    102  1     gi|109    28774    31067 
    78    250 -1     gi|119    29216    29327 
    78   3180  1     gi|343     3590     5873 
    78   3185  1     gi|343    11209    12511 
    78   3186  1     gi|343    12515    12703 
    78    251 -1     gi|119    29787    30756 
    78    996 -1     gi|176    36453    36530 
    79    103  1     gi|109    33433    33574 
    79   5334  1     gi|105     8682     8815 
    79   5336 -1     gi|387    15559    15699 
    79   5339  1     gi|419     5639     5775 
    79   5342 -1       gi|5    22515    22647 
    79   5345 -1     gi|310    28968    29101 
    79   5343  1     gi|223    18134    18173 
    79   5347 -1      gi|52     5047     5205 
    79   5337 -1     gi|414    14814    14892 
    79   2813  1     gi|310    15525    15694 
    79   4386  1     gi|439     6875     6979 
    79   5348  1     gi|439     7176     7227 
    79   5338 -1     gi|414    14895    14934 
    80    104  1     gi|109    39753    39945 
    80   5387  1     gi|348    23610    23855 
    80   3490  1     gi|373    11473    11718 
    80   5389  1      gi|49    28230    28449 
    81    105  1      gi|11     1282     1851 
    81   1872  1     gi|246    10066    10607 
    81   2914  1     gi|317    28468    28636 
    81   1533 -1     gi|222    21950    22147 
    81   2916  1     gi|317    29840    29939 
    82    106  1      gi|11     5776     5842 
    82   1916 -1     gi|250     7862     7928 
    83    107  1      gi|11    10196    10391 
    83    306  1     gi|123    26178    26306 
    83   1532 -1     gi|221    32268    32447 
    83   1870  1     gi|245    35938    36136 
    83   2340  1     gi|282     3876     4076 
    83   2979 -1     gi|325     1033     1102 
    83   3010 -1     gi|327    13313    13512 
    83   3302 -1     gi|354    37184    37383 
    83   4169 -1      gi|42    19180    19377 
    84    108  1      gi|11    20010    20179 
    84   2201  1     gi|273    13467    13634 
    85    109  1      gi|11    20280    20326 
    85   2202  1     gi|273    13622    13670 
    86    110  1      gi|11    20322    20524 
    86   2203  1     gi|273    14210    14396 
    87    111  1      gi|11    22159    22269 
    87   2204  1     gi|273    14446    14556 
    88    112  1      gi|11    23551    24012 
    88   2205  1     gi|273    14552    15014 
    89    113  1      gi|11    24080    24230 
    89   2206  1     gi|273    15000    15151 
    90    114  1      gi|11    27890    27928 
    90    862 -1     gi|167    19195    19233 
    91    115  1      gi|11    29708    29776 
    91    861 -1     gi|167    17353    17421 
    92    116  1      gi|11    31908    31952 
    92    860 -1     gi|167    15153    15197 
    93    117  1      gi|11    32661    32761 
    93   2835 -1     gi|310    39614    39811 
    93   4710 -1      gi|47    32652    32849 
    94    118  1      gi|11    33170    33267 
    94    859 -1     gi|167    13838    13935 
    95    119  1      gi|11    33678    34510 
    95    858 -1     gi|167    12547    13379 
    95    814 -1     gi|161    20570    20917 
    96    120  1     gi|110      189     1137 
    96   1111  1      gi|19     9236    10184 
    97    121  1     gi|110     1122     1714 
    97    309 -1     gi|123    29969    30131 
    97   1107  1      gi|19     2695     3783 
    97    591 -1     gi|143    10794    11253 
    97   1187 -1     gi|196     8768     9850 
    97   1194 -1     gi|196    22081    22551 
    97   1313  1     gi|206    12174    12434 
    97   3084 -1     gi|335    13522    14575 
    98    123  1     gi|110    26236    26370 
    98   1400  1     gi|212    30605    30740 
    99    124  1     gi|110    29282    29824 
    99   2743 -1     gi|308    12216    12720 
   100    125  1     gi|110    29956    31336 
   100   2742 -1     gi|308    10880    12236 
   101    126  1     gi|110    31089    32031 
   101   2741 -1     gi|308    10112    11036 
   102    127  1     gi|110    32247    33259 
   102    334 -1     gi|125        1      972 
   102   1572  1     gi|225    14050    14680 
   103    128  1     gi|110    33457    34101 
   103   1564  1     gi|225     7330     7948 
   103   1573  1     gi|225    14805    15255 
   104    129  1     gi|110    34406    34488 
   104   2799  1     gi|310     2736     2809 
   105    130  1     gi|110    34551    34644 
   105   2800  1     gi|310     2777     2869 
   106    132  1     gi|110    37128    39199 
   106   1678 -1     gi|229    31701    33741 
   106   4356 -1     gi|437     3256     3425 
   106   4525  1     gi|452     9405     9491 
   107    133  1     gi|111        2       69 
   107    404  1     gi|129    34949    35011 
   107    984 -1     gi|176    19622    19683 
   108    134  1     gi|111     1267     3992 
   108    379 -1     gi|128    15695    18399 
   109    135  1     gi|111     6660     6832 
   109    504 -1     gi|138    33955    34232 
   109   1526 -1     gi|221    18357    18836 
   109   1830  1     gi|242     6679     7161 
   109   1837 -1     gi|242    29147    29393 
   109   2126  1     gi|267    31145    31435 
   109   2128  1     gi|267    36933    37096 
   109   3773  1     gi|397    16663    16895 
   109   4481 -1     gi|446      357      506 
   110    136  1     gi|111     7085     7453 
   110   3775  1     gi|397    17247    17485 
   111    137  1     gi|111    14017    14472 
   111    698 -1     gi|153     4976     5454 
   112    138  1     gi|111    22370    22481 
   112   1874  1     gi|246    24865    26149 
   112    608  1     gi|145    22882    23923 
   112   5401 -1     gi|304    36290    36398 
   113    139  1     gi|111    24230    24525 
   113    572 -1     gi|141    31857    32288 
   113    140  1     gi|111    24545    24982 
   114    142  1     gi|111    25691    25841 
   114   2879 -1     gi|315    24831    24959 
   114   2759  1     gi|308    28456    28546 
   115    143  1     gi|111    25895    26008 
   115    570 -1     gi|141    30799    30905 
   116    144  1     gi|111    29960    30368 
   116    431  1     gi|130    34654    35068 
   117    145  1     gi|111    31543    31812 
   117   1277 -1     gi|204    26545    26814 
   118    146  1     gi|111    31810    32754 
   118    432  1     gi|130    35064    35315 
   118   1276 -1     gi|204    23520    24466 
   119    147  1     gi|111    39783    40142 
   119   1149 -1     gi|192     2092     2791 
   119   1178  1     gi|195    31621    32223 
   120    148  1     gi|112      173      255 
   120   1487 -1      gi|22    22060    22150 
   121    149  1     gi|112     2531     2689 
   121    430  1     gi|130    31312    31464 
   122    150  1     gi|112    13129    13985 
   122   4744 -1      gi|52    33081    33973 
   123    151  1     gi|112    15771    15896 
   123   1537  1     gi|223     3155     3283 
   123    259 -1      gi|12    17528    17578 
   124    152  1     gi|112    15879    17368 
   124   2512  1     gi|294    34279    35769 
   125    153  1     gi|112    17895    18561 
   125   2513  1     gi|294    36291    38552 
   125   2311  1      gi|28    33548    35243 
   125    154  1     gi|112    19993    21587 
   125   2246 -1     gi|275    38133    38334 
   126    155  1     gi|112    22971    24436 
   126   2312  1      gi|28    36401    36489 
   126   2514  1     gi|294    38556    40021 
   126   2313  1      gi|28    36967    38394 
   126    156  1     gi|112    23976    24980 
   127    157  1     gi|112    25395    26945 
   127   2314  1      gi|28    38505    40000 
   127   3795 -1     gi|398    36678    37565 
   127   3796 -1     gi|398    39483    39706 
   128    158  1     gi|112    27116    27278 
   128   3794 -1     gi|398    36273    36407 
   129    159  1     gi|112    27345    27968 
   129   2315  1     gi|280        1      631 
   129   3793 -1     gi|398    35970    36271 
   130    160  1     gi|113       63      867 
   130   2285  1     gi|279    26311    27127 
   130   2287  1     gi|279    28836    29654 
   130   2291  1     gi|279    31121    31912 
   131    161  1     gi|113     4522     6475 
   131   2133 -1     gi|268    31225    33295 
   131    162  1     gi|113     8707    10779 
   132    163  1     gi|113    12779    13632 
   132   4011 -1     gi|408    16095    17346 
   132   5417  1     gi|113    16626    18513 
   132   4008 -1     gi|408     7930     8798 
   132   4508 -1     gi|448    25627    25750 
   132   5132  1      gi|86    32166    32745 
   132   5413 -1       gi|3    16483    17136 
   132   5414 -1       gi|3    17138    18060 
   133    164  1     gi|113    14439    15549 
   133   4007 -1     gi|408     7683     7759 
   134    166  1     gi|113    18206    19713 
   134   5133  1      gi|86    32580    34108 
   134   3391  1     gi|363    15971    16025 
   135    167  1     gi|113    26737    26989 
   135   4464 -1     gi|444    38825    39128 
   135   5141  1      gi|88    12063    12344 
   135    168  1     gi|113    27961    28224 
   135    461  1     gi|132    33593    33907 
   136    169  1     gi|113    33108    33677 
   136    646  1     gi|149    19468    21196 
   136    170  1     gi|113    34498    36283 
   136    171  1     gi|113    38211    40014 
   136    657  1      gi|15      562     1953 
   136   3713 -1      gi|39    35808    35942 
   136   1965  1     gi|253    10114    10433 
   136   4010 -1     gi|408    13370    14799 
   136   1785  1      gi|24    24944    26764 
   136   5419  1     gi|345     8032     8245 
   137    172  1     gi|114     3514     3647 
   137   5422  1      gi|70    21156    21390 
   137   3679  1     gi|388    20159    20288 
   137   4802  1      gi|57    18685    18915 
   137   5421 -1     gi|303     6631     6808 
   137   3925 -1     gi|403    39368    39582 
   137    439 -1     gi|132     7402     7538 
   138    173  1     gi|114     8371     8564 
   138   3958 -1     gi|405    35784    35984 
   139    174  1     gi|114     8565     9274 
   139   3957 -1     gi|405    34924    35716 
   140    175  1     gi|114     9274    10369 
   140   3956 -1     gi|405    33776    34861 
   141    176  1     gi|114    12727    12802 
   141   5424  1     gi|456    28566    28762 
   141   1000  1     gi|177     3688     3751 
   141   1073 -1     gi|187    15341    15541 
   141   2983 -1     gi|325    12955    13171 
   141   5423  1     gi|363    35853    36072 
   141   5426  1     gi|311    17621    17789 
   141   2605 -1     gi|301     7134     7212 
   141    354 -1     gi|125    22321    22416 
   141   2607 -1     gi|301     7304     7465 
   141   5425  1     gi|311    21184    21239 
   142    177  1     gi|114    12793    13014 
   142   1156  1     gi|193     8074     8290 
   142   4510  1     gi|448    29844    29952 
   143    178  1     gi|114    14111    14271 
   143   3780  1     gi|397    30188    30345 
   144    179  1     gi|114    14741    15010 
   144    446  1     gi|132    16434    17052 
   145    182  1     gi|114    17927    18224 
   145    303  1     gi|123      213     2803 
   145    187  1     gi|114    31372    32288 
   145   3129 -1     gi|339    12118    14989 
   145   5429  1     gi|114    16385    17956 
   145   5431  1     gi|280    28393    31530 
   145   5433 -1       gi|3    26279    26818 
   145   5435 -1      gi|64     4525     5060 
   145   5434 -1      gi|64     4006     4522 
   145   5438  1      gi|75    20102    20606 
   145    483  1     gi|135    37999    38538 
   145   5432 -1       gi|3    25763    26279 
   145   5437  1      gi|75    19593    20102 
   145   1987 -1     gi|255    25130    25359 
   145   3127 -1     gi|339    11313    11582 
   146    184  1     gi|114    23016    23360 
   146   3620 -1     gi|384    26637    26970 
   147    185  1     gi|114    30894    31056 
   147    697  1     gi|153     3324     3599 
   147    557  1     gi|141     1082     1318 
   147   5444 -1     gi|124    21065    21354 
   147   5446  1     gi|319    13749    14017 
   147   5448  1     gi|378    22316    22602 
   147   5447 -1     gi|340    35483    35684 
   147   2125 -1     gi|267    27080    27121 
   147   5443  1     gi|119    33673    33762 
   147   5445 -1     gi|267    26914    27087 
   148    186  1     gi|114    31215    31472 
   148   4758 -1      gi|54    11871    12128 
   149    188  1     gi|114    33177    33573 
   149   3534  1     gi|376     8069     9120 
   149    190  1     gi|114    35165    35458 
   149   1242 -1      gi|20    22476    22581 
   149   5166 -1      gi|89    26440    27540 
   150    191  1     gi|114    36379    37731 
   150    767 -1     gi|159     9407    11042 
   150   1023  1     gi|179        1      298 
   150    192  1     gi|114    38778    40046 
   150    411 -1      gi|13     4767     4874 
   151    193  1     gi|115    35883    40000 
   151    676  1     gi|151    11316    15433 
   152    194  1     gi|116     9570    10327 
   152    442 -1     gi|132    12287    13044 
   153    195  1     gi|116    19275    19362 
   153   5409 -1     gi|337    32754    34043 
   153    197  1     gi|116    21428    21518 
   153   4852 -1       gi|6    35857    37578 
   153   3099  1     gi|337    22728    23619 
   153   3103 -1     gi|337    30417    32099 
   153   3095  1     gi|337    18042    18453 
   153   3097  1     gi|337    21036    21762 
   153   3098  1     gi|337    22123    22541 
   153   3100  1     gi|337    23751    24477 
   153   3101  1     gi|337    25028    25121 
   153   3104 -1     gi|337    32481    32727 
   153   3106 -1     gi|337    34720    35158 
   153   5410 -1     gi|337    34044    34479 
   153   5411 -1     gi|279    30464    30543 
   154    196  1     gi|116    20197    20400 
   154   5412 -1     gi|279    30544    31041 
   154    198  1     gi|116    22044    22496 
   154   2286 -1     gi|279    28269    28719 
   155    201  1     gi|117     5892     8022 
   155    422 -1      gi|13    29428    31597 
   155   3546  1     gi|376    33786    34717 
   156    202  1     gi|117     8028     8216 
   156    341 -1     gi|125     9345     9461 
   156   3975 -1     gi|406    22610    22786 
   157    203  1     gi|117     8208     8860 
   157    991 -1     gi|176    29458    30070 
   157   3611  1     gi|384    14087    14212 
   158    204  1     gi|117     9654     9698 
   158    990 -1     gi|176    28488    28629 
   158   3612  1     gi|384    14997    15142 
   159    205  1     gi|117    10104    10243 
   159    340 -1     gi|125     9058     9198 
   160    206  1     gi|117    10916    11085 
   160   4043 -1     gi|410     3931     4102 
   161    207  1     gi|117    14491    15070 
   161   5052 -1      gi|78    26761    27342 
   161   4218 -1     gi|425    16467    16720 
   162    208  1     gi|117    19043    19343 
   162   3198 -1     gi|344    15651    18753 
   162    210  1     gi|117    20187    20420 
   162    211  1     gi|117    20637    20811 
   162   4693 -1     gi|464    18871    21960 
   162    209  1     gi|117    20059    20184 
   163    212  1     gi|117    21556    21622 
   163    847  1     gi|165     2808     3005 
   163    603 -1     gi|145     2920     3135 
   163    761 -1     gi|157    37020    37190 
   163   2616 -1     gi|301    20842    21066 
   163   2622 -1     gi|301    27337    27561 
   164    213  1     gi|117    30167    30308 
   164    788 -1     gi|159    34893    34944 
   164   2435  1     gi|289    12280    12612 
   164   4003  1     gi|408     1444     1517 
   164    841  1     gi|164    32538    32856 
   165    214  1     gi|117    30656    30830 
   165    413 -1      gi|13    14921    15331 
   166    215  1     gi|117    31672    31824 
   166   1631 -1     gi|228    19858    20010 
   166   1648  1     gi|228    26528    26679 
   166    218  1     gi|117    34915    35060 
   166    220  1     gi|117    38819    38968 
   167    216  1     gi|117    33425    33752 
   167    381  1     gi|129     2430     2910 
   167   5595 -1     gi|307     4641     5153 
   167   5594  1     gi|129     8152     8607 
   167    219  1     gi|117    37340    37689 
   167   5597  1     gi|405     6314     6762 
   167   2503 -1     gi|294     4706     5158 
   167   6079 -1     gi|294      267      717 
   168    217  1     gi|117    33664    33883 
   168   2437  1     gi|289    15388    15698 
   169    222  1     gi|118     9296    11324 
   169   4187 -1     gi|423    14190    16224 
   169    262 -1     gi|120    22900    23206 
   169    264 -1     gi|120    32139    33770 
   169    263 -1     gi|120    29820    30331 
   169   3512 -1     gi|374    27201    28177 
   169   5488 -1     gi|120     7264     7727 
   169   4188 -1     gi|423    17303    18207 
   169   4522  1     gi|450    38895    40000 
   169   5476  1     gi|118     8390    10035 
   169   5477 -1     gi|374    28097    29577 
   169   3511 -1     gi|374    25946    26041 
   170    224  1     gi|118    12345    12809 
   170   5486 -1     gi|120     6314     6778 
   170   5489 -1     gi|423    12708    13172 
   171    225  1     gi|118    15961    16561 
   171   5483 -1     gi|423     8632     9552 
   171   5480 -1     gi|120     3377     4297 
   171    226  1     gi|118    18896    19107 
   172    227  1     gi|118    19677    20019 
   172   5479 -1     gi|120     3035     3377 
   172   5482 -1     gi|423     8290     8632 
   173    231  1     gi|118    25750    26358 
   173   3510 -1     gi|374    25595    25947 
   173   5478 -1     gi|120     2427     3035 
   173   5481 -1     gi|423     7721     8290 
   173   5485 -1     gi|454    17208    17339 
   173   5484 -1     gi|454    17140    17205 
   174    233  1     gi|118    30983    31601 
   174   3726  1     gi|391    25132    26675 
   174    435  1     gi|131    30979    32441 
   174    234  1     gi|118    31825    31901 
   175    235  1     gi|119      673      864 
   175   3174 -1     gi|341    35545    35732 
   176    236  1     gi|119     2514     2754 
   176   3901  1     gi|402     5072     5303 
   177    237  1     gi|119    10991    11682 
   177   2770 -1     gi|309    13979    14662 
   178    238  1     gi|119    11964    13018 
   178   2769 -1     gi|309    12614    13671 
   178   1571 -1     gi|225    12272    12459 
   179    240  1     gi|119    14686    15864 
   179   3917  1     gi|403    29350    30527 
   179   5518  1     gi|428    16165    16360 
   180    241  1     gi|119    15865    16433 
   180   2768 -1     gi|309    12025    12615 
   181    243  1     gi|119    18557    18677 
   181   3181  1     gi|343     6084     6204 
   182    244  1     gi|119    19159    20833 
   182   3182  1     gi|343     6344     8104 
   182    245  1     gi|119    21298    22073 
   182    246  1     gi|119    22809    23037 
   182    247  1     gi|119    23471    24387 
   182    248  1     gi|119    24628    25238 
   182    249  1     gi|119    25556    25697 
   183    253  1     gi|119    36517    38329 
   183   2729 -1     gi|307    37908    39708 
   184    254  1     gi|119    38338    39386 
   184   2723 -1     gi|307    19189    19580 
   184   2727 -1     gi|307    33367    34241 
   185    255  1     gi|119    39233    39562 
   185   2725 -1     gi|307    24414    24748 
   186    256  1      gi|12     2142     2816 
   186   2915 -1     gi|317    29502    29566 
   186   3783  1     gi|398     3538     4087 
   186   3785  1     gi|398     7595     7983 
   186   3786  1     gi|398     8096     8316 
   187    257  1      gi|12     4690     4810 
   187   3784  1     gi|398     5434     5558 
   188    258  1      gi|12    17044    17196 
   188   4927  1      gi|65    13023    13175 
   189    265  1     gi|120    34453    34988 
   189   1411  1     gi|213    17775    18309 
   189   3457  1     gi|369     5170     5706 
   190    266  1     gi|120    36104    36326 
   190    779  1     gi|159    24025    24247 
   190   1412 -1     gi|213    20194    20413 
   191    267  1     gi|120    37799    37831 
   191   5110 -1      gi|84     9071     9139 
   191    793  1      gi|16    19769    19835 
   191    898 -1     gi|170    22146    22212 
   191   1939  1     gi|252     3359     3425 
   192    268  1     gi|121      797     1625 
   192    575 -1     gi|141    35065    35394 
   192   3166 -1     gi|341      151      698 
   192   3345 -1      gi|36        8      183 
   192   3349 -1      gi|36     2928     3744 
   192   3353 -1      gi|36     7881     8207 
   192   3585  1     gi|380    30455    30578 
   192   4048 -1     gi|410    32491    32655 
   192   5524 -1      gi|36     4365     4481 
   192   5523 -1      gi|36     4329     4365 
   193    269  1     gi|121     8409     8710 
   193    544  1     gi|140     1243     1554 
   193    273  1     gi|121    23236    23536 
   194    270  1     gi|121    12588    12916 
   194   4993  1      gi|71    15825    16148 
   195    271  1     gi|121    13052    13602 
   195   4994  1      gi|71    16188    16722 
   196    272  1     gi|121    22054    22233 
   196    543  1     gi|140      102      282 
   197    274  1     gi|121    23732    24000 
   197    545  1     gi|140     1758     2023 
   198    275  1     gi|121    29931    32175 
   198   2707 -1     gi|306     4843     5128 
   198   3654 -1     gi|387    10405    10539 
   198   4517  1     gi|449    37880    40130 
   198   5074  1      gi|80    25279    25683 
   198   3653 -1     gi|387     7589     7697 
   199    276  1     gi|121    34581    35032 
   199   3881 -1      gi|40    18392    18824 
   200    277  1     gi|121    36154    36728 
   200   3880 -1      gi|40    17808    18391 
   200   3650 -1     gi|387     6703     7222 
   200    278  1     gi|121    36518    37038 
   200   3879 -1      gi|40    17609    17759 
   200   2706 -1     gi|306     4742     4862 
   201    279  1     gi|121    37114    37980 
   201    668  1     gi|150    14919    15788 
   202    280  1     gi|121    39113    39802 
   202    669  1     gi|150    15785    16477 
   203    281  1     gi|121    39798    40255 
   203    670  1     gi|150    27489    27946 
   204    282  1     gi|122        4      853 
   204   1285 -1     gi|204    37796    38642 
   205    283  1     gi|122     3062     3702 
   205   1284 -1     gi|204    34932    35576 
   206    284  1     gi|122     4187     4296 
   206   1283 -1     gi|204    34338    34447 
   207    285  1     gi|122     6620     8899 
   207   3175 -1     gi|341    38092    38512 
   207   3304 -1     gi|354    37931    38201 
   207   5538 -1     gi|204    29762    32071 
   207   3190  1     gi|343    39574    39895 
   207   5540 -1     gi|283    16685    18190 
   208    286  1     gi|122     9447    10303 
   208   5537 -1     gi|204    27856    29760 
   208   5539 -1     gi|283    14779    16684 
   208    288  1     gi|122    11693    12069 
   209    287  1     gi|122    10747    10782 
   209   4341 -1     gi|435     9620     9655 
   210    289  1     gi|122    13635    13783 
   210   1278 -1     gi|204    26939    27087 
   211    290  1     gi|122    15007    15502 
   211   3497  1     gi|374     4762     5136 
   211   3507  1     gi|374    20483    20975 
   211    298  1     gi|122    34432    34805 
   211   4479 -1     gi|445    23221    23442 
   212    292  1     gi|122    20986    21709 
   212   2960  1     gi|324     1037     1756 
   212   3500  1     gi|374    10753    11309 
   212   3516  1     gi|374    33302    34019 
   213    293  1     gi|122    23547    26240 
   213    682 -1     gi|152    19321    21999 
   213   3517  1     gi|374    34467    37092 
   213   1904  1     gi|249    24095    24492 
   214    299  1     gi|122    36485    37933 
   214   2964  1     gi|324     8114     9136 
   214   3508  1     gi|374    22655    24083 
   214   4478 -1     gi|445    20535    21451 
   214   5542  1     gi|122    18325    19485 
   214   5541  1     gi|122    17183    18321 
   214   5546  1     gi|374     7959     9111 
   214   5545  1     gi|374     6816     7952 
   214   4808 -1      gi|57    39546    39692 
   214   2965  1     gi|324     9443    10530 
   214    300  1     gi|122    37804    38176 
   214   3509  1     gi|374    24084    24188 
   214   5543  1     gi|374     1016     1534 
   214   5549  1     gi|122    29452    29796 
   215    301  1     gi|122    38752    39271 
   215    801  1     gi|160    21387    21749 
   215   1698  1     gi|231    25714    26234 
   215   3274  1      gi|35     6458     6711 
   216    302  1     gi|122    39270    40173 
   216   1699  1     gi|231    27190    27395 
   216   1700  1     gi|231    28335    29034 
   216   5167 -1      gi|89    28369    28783 
   217    304  1     gi|123     4310     6302 
   217   2920 -1     gi|317    36527    37469 
   217   2921 -1     gi|317    38044    38123 
   217   2922 -1     gi|317    38535    39795 
   218    307  1     gi|123    26293    27490 
   218   2453  1      gi|29    11994    13400 
   218   2788 -1      gi|31     9019    10310 
   218   2955 -1     gi|322    29663    31053 
   218   1977  1     gi|255     6953     7188 
   218   5474 -1     gi|414    17680    17976 
   218   2339  1     gi|282     2536     3491 
   218   4263  1     gi|429    20733    21105 
   218   1978  1     gi|255     7168     7224 
   218   2079  1     gi|263    38133    38824 
   218   2338  1     gi|282     1508     1967 
   218   4262  1     gi|429     5734     6067 
   219    308  1     gi|123    28393    28752 
   219   1321 -1     gi|206    23510    23878 
   220    310  1     gi|123    33963    34183 
   220   2213  1     gi|273    21910    22412 
   220    312  1     gi|123    36714    37176 
   220   2344  1     gi|282    38906    39259 
   221    311  1     gi|123    35305    35602 
   221   2211 -1     gi|273    20088    20438 
   221   2212  1     gi|273    21240    21593 
   222    313  1     gi|123    38040    38149 
   222   1249  1      gi|20    39835    39940 
   222   2698 -1     gi|305    34124    34165 
   223    314  1     gi|123    39242    39592 
   223    528 -1      gi|14    10284    10625 
   224    315  1     gi|123    40102    40147 
   224    527 -1      gi|14    10243    10288 
   225    316  1     gi|124        1      204 
   225    671  1     gi|150    28531    28735 
   226    317  1     gi|124      450     1225 
   226    672  1     gi|150    29156    29950 
   227    318  1     gi|124     8641     8799 
   227   3521  1     gi|375    10568    10725 
   227   3522 -1     gi|375    12316    12419 
   228    319  1     gi|124     9075     9288 
   228   1614  1     gi|228     9256     9461 
   229    320  1     gi|124    10502    10594 
   229   5550 -1     gi|122    29796    29898 
   229   5544 -1     gi|374     1534     1638 
   229   5552 -1     gi|157    23493    23597 
   229   5554 -1     gi|241    36899    37001 
   230    321  1     gi|124    13714    14450 
   230    475 -1     gi|133    29564    31015 
   230    322  1     gi|124    14450    15626 
   230    562  1     gi|141    18872    19413 
   230   4246 -1     gi|428     8926     9840 
   230   4247 -1     gi|428    11592    12626 
   230   4249 -1     gi|428    15441    15751 
   230   4547 -1     gi|454    19933    21383 
   230    474 -1     gi|133    29368    29565 
   230   4546 -1     gi|454    19193    20289 
   230   5181 -1      gi|90    10422    11341 
   230    563  1     gi|141    19648    19909 
   230   4545 -1     gi|454    17952    18029 
   230    564  1     gi|141    19906    20107 
   231    323  1     gi|124    17030    17725 
   231   1961  1     gi|252    39329    39826 
   231   5281 -1     gi|101    27170    27930 
   231   5282 -1     gi|137    26492    27173 
   231   5283 -1     gi|197    12426    13121 
   231   5288  1      gi|54     3088     3793 
   231    947 -1     gi|173    21501    22172 
   231   1960 -1     gi|252    37595    37662 
   231   5286 -1     gi|260    22666    22877 
   231   5287 -1     gi|428     5016     5688 
   231   5284  1     gi|228    15168    15293 
   231   5285 -1     gi|228    31244    31370 
   231   5289  1     gi|260    22930    22972 
   232    326  1     gi|124    21547    21632 
   232   4746 -1      gi|53     8520     8910 
   232   3729 -1     gi|392    16222    16565 
   233    328  1     gi|124    25367    25746 
   233   5571  1     gi|206    25293    26233 
   233   5569  1     gi|124    22429    22958 
   234    330  1     gi|124    34055    34185 
   234   3242 -1     gi|348     4899     5026 
   234   1301  1     gi|205    29115    29187 
   235    332  1     gi|124    34986    35397 
   235   1370 -1     gi|210    31874    32360 
   235   3270 -1      gi|35     1610     2094 
   235   4327 -1     gi|434     9798    10284 
   235   3262  1     gi|349     5229     5715 
   236    333  1     gi|124    38073    38720 
   236   4115  1     gi|416    11222    11891 
   236   4340  1     gi|435     3067     3142 
   237    335  1     gi|125     1442     1530 
   237   2808  1     gi|310     8952     9036 
   237    360  1     gi|125    32548    32635 
   238    336  1     gi|125     2499     3555 
   238    838  1     gi|164    28859    29888 
   239    337  1     gi|125     4073     5402 
   239    836 -1     gi|164    19596    20950 
   239    837 -1     gi|164    21023    21234 
   239    839  1     gi|164    30369    31724 
   240    338  1     gi|125     8305     8546 
   240   5585 -1     gi|459     5524     5992 
   240   4142 -1     gi|419    11023    11361 
   240   5586  1     gi|312    27009    27348 
   240   5587  1      gi|24    39109    39434 
   241    339  1     gi|125     8541     8790 
   241   2861  1     gi|312    27509    28705 
   241   4141 -1     gi|419    10077    10962 
   241   5581 -1     gi|459     4350     5493 
   241    342  1     gi|125    10314    10363 
   241   4723 -1       gi|5    16449    16836 
   241   5584  1      gi|24    39462    40000 
   242    343  1     gi|125    11249    11472 
   242   3184  1     gi|343    10030    10975 
   242   3086 -1     gi|335    18468    19190 
   242   4636 -1     gi|461     4721     5029 
   242   4681  1     gi|464     3018     3682 
   242   1745  1     gi|235    13293    13727 
   242   1746  1     gi|235    14119    14210 
   242   4635 -1     gi|461     4162     4438 
   242   4712 -1      gi|48     9002     9430 
   243    344  1     gi|125    13221    13263 
   243   1234 -1     gi|199    23867    23908 
   243   5263  1      gi|98    29287    29328 
   243   5264 -1      gi|98    30452    30495 
   243    345 -1     gi|125    14310    14352 
   244    346  1     gi|125    14363    14899 
   244   4364 -1     gi|438     7594     8157 
   244   4782  1      gi|56    30595    31144 
   244   5589  1     gi|411    30307    30596 
   244   5588 -1     gi|234    31530    31862 
   244   1739 -1     gi|234    36023    36098 
   245    347  1     gi|125    16233    16299 
   245   4395  1     gi|439    27771    27837 
   246    348  1     gi|125    20134    20211 
   246   2180 -1     gi|272     3946     4022 
   247    349  1     gi|125    20530    20677 
   247   1981 -1     gi|255    13279    13415 
   247   2051  1     gi|261    18571    18625 
   248    350  1     gi|125    20703    20783 
   248   5046  1      gi|78     4049     4129 
   249    351  1     gi|125    21058    21225 
   249   4153  1     gi|419    32173    32337 
   250    352  1     gi|125    21238    21403 
   250   4154  1     gi|419    33778    33935 
   251    353  1     gi|125    21775    21899 
   251   4101 -1     gi|415     7648     7738 
   251   4157  1     gi|419    34260    34323 
   252    355  1     gi|125    22466    22603 
   252   1821 -1     gi|241    35084    35251 
   253    356  1     gi|125    23464    23616 
   253   1816  1     gi|241    22591    22736 
   254    357  1     gi|125    26687    26819 
   254   5122 -1      gi|86    17004    17136 
   255    358  1     gi|125    28045    28371 
   255   4664 -1     gi|462    27222    27544 
   255   5318  1      gi|39    14863    15127 
   255   5326  1      gi|38    10715    11049 
   255   4373  1     gi|438    29182    29304 
   256    359  1     gi|125    29913    30138 
   256   5463 -1     gi|114    34234    34839 
   256   5456 -1     gi|141    29758    30357 
   256   5458 -1     gi|190    29777    30289 
   256   2895  1     gi|316     5688     5810 
   256   5464  1     gi|279    32290    32413 
   256   5461  1     gi|308    23678    23979 
   257    361  1     gi|125    32871    33700 
   257   2809  1     gi|310     9633    10487 
   258    362  1     gi|125    34038    34071 
   258   2347  1     gi|283     9058     9237 
   258   3936 -1     gi|404    24785    24923 
   259    363  1     gi|125    34530    34907 
   259    535 -1      gi|14    26379    26714 
   259    721  1     gi|153    33399    33802 
   259    368 -1     gi|125    38011    38308 
   260    364  1     gi|125    35091    35372 
   260    531  1      gi|14    22358    23357 
   260    911 -1     gi|171     3327     4326 
   260   5591 -1     gi|139      548      819 
   260   5592 -1     gi|125    36643    36799 
   261    366  1     gi|125    37009    37193 
   261    532 -1      gi|14    23775    24508 
   261    909  1     gi|171     2200     2929 
   262    367  1     gi|125    37827    37982 
   262    508  1     gi|139      852     1011 
   262    509  1     gi|139     1108     1196 
   263    369  1     gi|125    38311    38708 
   263   1820  1     gi|241    34722    35110 
   264    371  1     gi|126    25197    26232 
   264   5051 -1      gi|78    10882    11940 
   264    372  1     gi|126    27364    28580 
   264    373  1     gi|126    29726    30813 
   265    375  1     gi|126    39088    39154 
   265    436  1     gi|131    37167    37232 
   266    376  1     gi|127    36201    36928 
   266   4966  1      gi|69    11637    12386 
   267    377  1     gi|127    37443    37709 
   267   4967  1      gi|69    12761    13008 
   268    378  1     gi|127    38860    39933 
   269    380  1     gi|129        2      930 
   269   2714 -1     gi|307     2863     4255 
   269   3945  1     gi|405     7329     7507 
   269    382  1     gi|129     3425     4750 
   269    384  1     gi|129     9092    10225 
   269   1203  1     gi|197    28875    29057 
   270    386  1     gi|129    13578    16469 
   270   1204  1     gi|197    30418    33264 
   271    387  1     gi|129    16851    16947 
   271   2086  1     gi|264    28337    28433 
   272    388  1     gi|129    19045    19447 
   272    490 -1     gi|136    14462    14914 
   272   5604  1      gi|37     4726     5103 
   272   5605 -1     gi|417    33639    34089 
   272   5602  1     gi|139    19650    19745 
   273    389  1     gi|129    22523    22637 
   273    488  1     gi|136     5176     5287 
   274    390  1     gi|129    23383    25139 
   274    489  1     gi|136     6186     8406 
   274   3269 -1     gi|349    38092    39992 
   275    391  1     gi|129    25980    26037 
   275   1064 -1     gi|186    12369    12823 
   275    399 -1     gi|129    32595    32651 
   275    619  1     gi|147    15847    16037 
   275   4059  1     gi|411    21215    21673 
   275   4612  1     gi|458    24300    24374 
   275   2630  1     gi|302     1762     1974 
   276    392  1     gi|129    26250    26503 
   276   5607  1     gi|302     1945     2244 
   276    398 -1     gi|129    32129    32382 
   276   1765 -1     gi|237    37362    37536 
   276   5610 -1     gi|186    12128    12382 
   276   4060  1     gi|411    21653    21796 
   277    393  1     gi|129    27614    27719 
   277    988  1     gi|176    21187    21287 
   278    394  1     gi|129    27842    27948 
   278   4244  1     gi|428     6031     7084 
   278   3977 -1     gi|406    25679    26732 
   278   2750 -1     gi|308    17596    17725 
   279    395  1     gi|129    28925    28996 
   279   2749 -1     gi|308    16876    16999 
   279    905 -1     gi|170    36108    36233 
   280    397  1     gi|129    30845    30924 
   280   1345  1     gi|208    39657    39737 
   281    400  1     gi|129    33655    33918 
   281    987 -1     gi|176    20978    21180 
   282    401  1     gi|129    34330    34575 
   282   3231  1     gi|347    17917    18154 
   282   5612  1      gi|30    23427    23633 
   282   5613 -1     gi|387     6467     6705 
   282   5614 -1     gi|390      549      758 
   282   2147  1      gi|27    16432    16600 
   282   5616 -1      gi|49    36101    36260 
   282   4462 -1     gi|444    31570    31625 
   283    402  1     gi|129    34598    34690 
   283    985 -1     gi|176    19680    19778 
   284    403  1     gi|129    34681    34949 
   284   5618 -1     gi|163     5327     5659 
   284   5621 -1     gi|444    26486    26839 
   284   2024 -1     gi|259     1022     1191 
   284   4939 -1      gi|66     4165     4364 
   285    406  1     gi|129    36996    37199 
   285   1561 -1     gi|225      746     1379 
   285    409  1     gi|129    39369    40000 
   286    407  1     gi|129    37157    38418 
   286   1568 -1     gi|225     8571    10096 
   286   1574 -1     gi|225    15635    16218 
   286   1575 -1     gi|225    17642    18479 
   287    410  1      gi|13       11      460 
   287    478 -1     gi|135     9253     9998 
   287   3312 -1     gi|355    11503    12221 
   288    412  1      gi|13     8795     9053 
   288   1504 -1     gi|220    21326    21614 
   289    414  1      gi|13    15972    16038 
   289   3426  1     gi|365    12372    12438 
   290    415  1      gi|13    20291    20370 
   290   1566  1     gi|225     8256     8377 
   290   4139  1     gi|419     8297     8415 
   291    416  1      gi|13    20481    20862 
   291    695 -1     gi|153      771     1166 
   292    417  1      gi|13    20860    20940 
   292    675 -1     gi|150    36504    36581 
   293    418  1      gi|13    21270    21463 
   293    694 -1     gi|153      174      367 
   294    419  1      gi|13    26815    26885 
   294   1102 -1     gi|189    13939    14007 
   295    420  1      gi|13    26868    27855 
   295   1101 -1     gi|189    12758    13906 
   296    421  1      gi|13    29310    29366 
   296   4447 -1     gi|442    12984    13063 
   297    423  1      gi|13    37289    37638 
   297   4537  1     gi|454     4666     4996 
   298    424  1     gi|130     4199     4298 
   298   1142  1     gi|191    21438    21624 
   298   3675 -1     gi|388    15403    15575 
   299    425  1     gi|130     9488     9599 
   299   4998 -1      gi|71    32657    32775 
   300    427  1     gi|130    15616    15897 
   300   4903 -1      gi|63    24629    24900 
   300    497 -1     gi|138     1212     1480 
   300   2166  1     gi|270    33394    33599 
   300   2864  1     gi|313    24818    25090 
   300   5635 -1     gi|455    17383    17667 
   300   1454 -1     gi|218    16025    16195 
   301    429  1     gi|130    20210    20293 
   301   1858  1     gi|244    36852    36931 
   302    433  1     gi|130    36598    36664 
   302   3133  1      gi|34    13765    14246 
   302   1888 -1     gi|248    17254    17760 
   303    434  1     gi|131    20497    20599 
   303   4644 -1     gi|461    11134    11236 
   304    437  1     gi|132      120      856 
   304    477 -1     gi|134    36093    38005 
   304   2018 -1     gi|258    32628    34530 
   305    438  1     gi|132     3733     4047 
   305   5291 -1     gi|188    24269    24663 
   305   3146 -1     gi|340    13318    13382 
   305   5292 -1     gi|286     3976     4043 
   306    440  1     gi|132     8885     9532 
   306   2520 -1     gi|295    19063    19725 
   306   2910  1     gi|317    13076    13738 
   306   5054  1      gi|78    30226    30888 
   306   5047  1      gi|78     4270     4422 
   306   1237 -1     gi|199    30087    30121 
   307    443  1     gi|132    13312    13350 
   307   4795  1      gi|57     4402     4462 
   307   5636  1     gi|309     2887     2946 
   307   5637  1     gi|310    34893    34951 
   307   5638 -1     gi|417    32277    32338 
   307   5639 -1     gi|132    11917    11976 
   307   5641 -1     gi|258    35621    35677 
   308    444  1     gi|132    13865    13926 
   308   2519 -1     gi|295    16869    16930 
   308   2911  1     gi|317    15622    15682 
   308   5055  1      gi|78    33014    33074 
   309    445  1     gi|132    15954    16133 
   309   1962  1     gi|253     5306     5669 
   309   1390  1     gi|212    14979    16843 
   309   1952 -1     gi|252    16209    18081 
   309   2149 -1      gi|27    31314    33127 
   309   5400 -1     gi|348    30717    31010 
   309   1394  1     gi|212    19968    20589 
   309   1832  1     gi|242     7534     7835 
   309   1963  1     gi|253     5914     6107 
   309   3222  1     gi|345    24317    24563 
   309   1396  1     gi|212    25220    25671 
   309   5399  1     gi|242     7450     7605 
   310    447  1     gi|132    17086    17142 
   310   1610  1     gi|228     2963     3019 
   311    448  1     gi|132    17438    17674 
   311   2656 -1     gi|303    29706    29903 
   311   1002  1     gi|177     4391     4607 
   311   3709  1      gi|39    31112    31326 
   311   4352 -1     gi|436    23577    23706 
   312    450  1     gi|132    19757    19817 
   312    652 -1     gi|149    28439    28498 
   312    455  1     gi|132    26484    26543 
   312    458  1     gi|132    30523    30578 
   313    451  1     gi|132    20741    20779 
   313   2767 -1     gi|309    10452    10487 
   313   4725  1       gi|5    17506    17544 
   314    453  1     gi|132    24090    24726 
   314    470 -1     gi|133    19733    20367 
   314   3043 -1     gi|328    33653    34132 
   314   4807  1      gi|57    38445    39080 
   314   2194 -1     gi|272    36893    37328 
   314   4516  1     gi|449    37785    37891 
   315    454  1     gi|132    25131    26470 
   315   5643 -1     gi|149    38311    39659 
   315    457  1     gi|132    29203    30512 
   315   5646  1     gi|132    18413    19743 
   316    456  1     gi|132    26688    26786 
   316   5651 -1     gi|416    13594    13710 
   316    805 -1     gi|160    29650    29724 
   316   3993 -1     gi|407    22568    22673 
   316   4781 -1      gi|56    29296    29392 
   316   5652 -1     gi|461    37627    37740 
   316   5653 -1     gi|205     1046     1161 
   316   5655 -1     gi|276        4      119 
   316   5657  1     gi|456    30633    30757 
   317    459  1     gi|132    31789    32003 
   317   3221  1     gi|345    23481    24030 
   317   4915 -1      gi|64    18603    19102 
   318    460  1     gi|132    32249    32877 
   319    462  1     gi|133     5569     5834 
   319   5471 -1     gi|116    29539    31746 
   319   2451  1      gi|29     7362     9196 
   320    463  1     gi|133     7120     7324 
   320   3069  1     gi|333    37304    37494 
   321    464  1     gi|133     7319     7893 
   321   3407  1     gi|364     2092     2666 
   322    465  1     gi|133     7891     8036 
   322   3248 -1     gi|348    12538    12684 
   323    466  1     gi|133     8342     9143 
   323   3247 -1     gi|348    11473    12252 
   323   1558 -1     gi|223    39381    39656 
   324    467  1     gi|133     9501    10731 
   324   3246 -1     gi|348     9930    11206 
   325    471  1     gi|133    20611    20729 
   325   3285  1     gi|353     2949     3012 
   326    472  1     gi|133    24227    24868 
   326   4513  1     gi|448    39236    39999 
   326   3392  1     gi|363    27070    27924 
   326   3397  1     gi|363    30946    31197 
   327    473  1     gi|133    24611    25392 
   327   3393  1     gi|363    27676    28509 
   327   3398  1     gi|363    31706    32139 
   328    476  1     gi|133    37555    37906 
   328   4389 -1     gi|439     8515     8855 
   328   4466 -1     gi|445     3060     3424 
   328   4645  1     gi|461    36039    36416 
   328   5661  1     gi|340    34866    35247 
   328   5662 -1      gi|54    14218    14596 
   328   2805 -1     gi|310     7980     8101 
   329    479  1     gi|135    25550    25669 
   329   4261  1     gi|428    37267    38939 
   329   4165 -1      gi|42    11014    12686 
   330    480  1     gi|135    35796    35889 
   330   2356  1     gi|283    27649    27741 
   331    481  1     gi|135    36995    37031 
   331   2954  1     gi|322    25066    25160 
   331   2198 -1     gi|273     9302     9336 
   331   3301 -1     gi|354    37147    37184 
   331   3303 -1     gi|354    37372    37448 
   331   5022  1      gi|75    22098    22192 
   332    482  1     gi|135    37450    37701 
   332   4772  1      gi|56     4138     4246 
   332   5234 -1      gi|97     9377     9622 
   332   4147 -1     gi|419    13225    13306 
   333    484  1     gi|136        1     1616 
   333   3959 -1     gi|405    37059    38664 
   334    485  1     gi|136     1773     2241 
   334   2633 -1     gi|302     3981     4472 
   335    486  1     gi|136     2593     3057 
   335   2632 -1     gi|302     3303     3755 
   336    487  1     gi|136     3424     4412 
   336   3933 -1     gi|404    19837    20790 
   336   4990  1      gi|70    38369    39360 
   336   1273  1     gi|204     3559     4213 
   336   1274  1     gi|204     4654     4806 
   337    491  1     gi|136    29167    29259 
   337   1790  1      gi|24    37426    37517 
   337   1397  1     gi|212    26674    26722 
   338    492  1     gi|136    39732    39827 
   338    547  1     gi|140    23164    23259 
   339    494  1     gi|137    32230    32340 
   339   5664 -1     gi|216     4504     4854 
   339   2046  1     gi|260    25960    26270 
   339   5665  1     gi|268    27220    27369 
   340    495  1     gi|137    33535    33613 
   340   5666  1     gi|268    27570    29665 
   340   5663 -1     gi|216     2195     4504 
   340   4622 -1     gi|459    33089    35408 
   341    498  1     gi|138     1732     1799 
   341   1324  1     gi|206    32789    32862 
   341   4564  1     gi|455    17901    17967 
   341   4905  1      gi|63    26336    26408 
   341   5633 -1     gi|130    15335    15395 
   341   5634 -1     gi|313    24505    24563 
   342    499  1     gi|138    19224    20014 
   342   3023  1     gi|328     2874     3680 
   342   3025  1     gi|328     6418     6833 
   343    500  1     gi|138    20202    20358 
   343   3024  1     gi|328     3735     3891 
   344    501  1     gi|138    21128    22237 
   344    686 -1     gi|152    27535    27977 
   344   5667  1     gi|258    13544    14651 
   344   5670 -1     gi|440    24527    25635 
   345    502  1     gi|138    30640    30715 
   346    503  1     gi|138    33249    33639 
   346   1835 -1     gi|242     9889    10079 
   346   3771  1     gi|397     7379     7617 
   347    505  1     gi|138    35339    35372 
   347   1209  1     gi|198     4736     4768 
   348    506  1     gi|139      154      189 
   348    910  1     gi|171     2927     2962 
   349    510  1     gi|139    10667    10827 
   349   4567  1     gi|455    37805    38678 
   349   4241 -1     gi|428     4035     4917 
   350    511  1     gi|139    19337    19408 
   350   2083  1     gi|264     6200     6801 
   350   1993 -1     gi|255    32820    33401 
   350   1591 -1     gi|227     7295     8070 
   350   1590 -1     gi|227     6465     6679 
   350   3011 -1     gi|327    17119    17178 
   350   3012  1     gi|327    17431    17475 
   350   1994 -1     gi|255    33203    33978 
   351    513  1     gi|139    19783    19893 
   351   3482  1     gi|371    26494    26654 
   351   1673 -1     gi|229     9764     9912 
   352    514  1     gi|139    27342    27985 
   352   5175 -1       gi|9    32964    33645 
   353    515  1     gi|139    28728    29863 
   353   3536 -1     gi|376    10809    14495 
   353   3638 -1     gi|385     8908    12593 
   353    882 -1     gi|169    36012    37301 
   353    516  1     gi|139    29981    32717 
   353    873 -1     gi|169    19048    20494 
   353   3315  1     gi|355    25246    25349 
   354    518  1     gi|139    33447    33723 
   354   4672  1     gi|463     7702     8261 
   354   3776 -1     gi|397    24714    25226 
   354   4410 -1      gi|44    15259    15724 
   354   4409 -1      gi|44    14999    15091 
   355    519  1     gi|139    34020    34309 
   355   5158 -1      gi|89    14772    15058 
   356    520  1     gi|139    34527    34637 
   356   1435 -1     gi|216    30531    30644 
   357    521  1     gi|139    36752    38686 
   357   5654  1     gi|205     1163     7408 
   357   1505  1     gi|220    28126    28270 
   357   5656  1     gi|276      120     6401 
   357   1045  1     gi|181    23283    23455 
   357   1862  1     gi|245    19862    20870 
   357   1302 -1     gi|205    29257    29638 
   358    522  1     gi|139    38925    38958 
   358   1286  1     gi|205        1       34 
   359    523  1     gi|139    39296    40000 
   359   1287  1     gi|205      371     1043 
   360    524  1      gi|14        1       83 
   360   4628 -1      gi|46    30832    31735 
   360   2352  1     gi|283    22845    23773 
   361    525  1      gi|14       61      611 
   361   2353  1     gi|283    23955    24505 
   362    526  1      gi|14     5148     5452 
   363    529  1      gi|14    11721    13587 
   363   4046  1     gi|410    26267    28133 
   363   4320  1     gi|432    34685    35624 
   363   4453 -1     gi|442    39684    40000 
   364    530  1      gi|14    14226    17439 
   364   4047  1     gi|410    28803    32026 
   364   4452 -1     gi|442    35790    39045 
   364    537  1      gi|14    29765    29815 
   365    533  1      gi|14    24506    24588 
   365    908 -1     gi|171     1534     1616 
   366    534  1      gi|14    25044    25800 
   366   2968 -1     gi|324    11926    12275 
   366    722 -1     gi|153    33807    34570 
   366   2969 -1     gi|324    12421    12818 
   366   3324  1     gi|356    11094    11259 
   366   3467 -1     gi|371     1893     2129 
   367    536  1      gi|14    27559    29353 
   367   4229 -1     gi|426    23248    25071 
   367   4492  1     gi|446    34233    34580 
   367   1813  1     gi|241    17171    17591 
   367   1114  1      gi|19    13704    14128 
   367   4886  1      gi|61    27484    28206 
   367   5004 -1      gi|73    25892    26300 
   367   5675 -1     gi|190    34241    34835 
   367   1122  1      gi|19    36091    36290 
   367   4885  1      gi|61    26064    26259 
   368    538  1      gi|14    30363    32162 
   368   3769  1     gi|397     3976     5794 
   368   2384  1     gi|285    26084    27790 
   369    539  1      gi|14    32498    32829 
   369   2385  1     gi|285    28030    28162 
   369   3770  1     gi|397     6057     6388 
   370    540  1      gi|14    33069    36510 
   370   1500  1     gi|220     8524    11041 
   370   1507  1     gi|220    35725    39162 
   370   3437 -1     gi|366    11042    14334 
   371    541  1      gi|14    38332    38631 
   371    555  1     gi|140    39003    39197 
   371   3436 -1     gi|366     8945     9211 
   372    542  1      gi|14    38818    38963 
   372   4674  1     gi|463    22086    22222 
   373    548  1     gi|140    24625    25555 
   373   2281 -1     gi|279    19818    19972 
   373   5109  1      gi|84     7532     8406 
   373   2278 -1     gi|279    15648    16528 
   373   5677 -1     gi|354     8116     9160 
   373    794 -1      gi|16    20334    21448 
   373    897  1     gi|170    20550    21663 
   373   3968 -1     gi|406    13191    13291 
   373   5676  1     gi|140     8518     8622 
   373   1940 -1     gi|252     3941     4004 
   373   1946 -1     gi|252     7956     8321 
   373   1949 -1     gi|252     9080     9249 
   373   1950 -1     gi|252     9887    10026 
   373   3969 -1     gi|406    13810    14410 
   374    549  1     gi|140    27483    28261 
   375    551  1     gi|140    34480    34659 
   375   5012  1      gi|74    34111    34290 
   376    552  1     gi|140    35175    36131 
   377    553  1     gi|140    36377    36949 
   377   5014  1      gi|74    36236    36620 
   378    554  1     gi|140    38174    38223 
   378   2984  1     gi|325    18543    18629 
   378   4197 -1     gi|424     5047     5136 
   378   4605 -1     gi|458    14635    14722 
   378   5682  1     gi|404    24720    24803 
   378   5683 -1     gi|424    17079    17166 
   378   4200 -1     gi|424    13939    14009 
   378   2615  1     gi|301    20759    20817 
   378   2621  1     gi|301    27254    27311 
   379    556  1     gi|141        4      508 
   379   5257  1      gi|98    14443    14560 
   379   5685  1     gi|219    32852    33357 
   379   5687  1     gi|319     2680     3186 
   379   5688 -1     gi|219    35034    35191 
   379   2762 -1     gi|308    37333    37420 
   380    558  1     gi|141     7897     8309 
   380   4465  1     gi|445      939     3059 
   380   1990 -1     gi|255    29920    31416 
   380   2842  1     gi|311    20967    21185 
   380   1589 -1     gi|227     1663     1799 
   380   1592 -1     gi|227    10055    10166 
   380   1991 -1     gi|255    31421    31690 
   380   5690  1     gi|439    39195    39389 
   380   5691  1     gi|311    20477    20709 
   380   5693  1     gi|439    38839    38911 
   381    560  1     gi|141    17479    17674 
   381   4431  1     gi|440    29275    29927 
   381   5531  1     gi|141    10697    11340 
   381   5534  1     gi|440     2689     3161 
   382    561  1     gi|141    17998    18125 
   382   5526  1     gi|440     3161     9156 
   382    574  1     gi|141    33111    34940 
   382    576  1     gi|141    35755    36017 
   382   5529  1     gi|141    15510    17477 
   382   5528  1     gi|141    10129    15510 
   382   5696  1     gi|141    27182    27639 
   382   4433  1     gi|440    31240    32505 
   382   4421  1     gi|440        1      457 
   382   4423  1     gi|440     9158    11313 
   382   4432  1     gi|440    29934    31298 
   382   5695  1     gi|440    33536    35612 
   382   5694  1     gi|440    32505    33536 
   382   4974  1       gi|7    21254    21378 
   382    565  1     gi|141    20286    21400 
   382   4864 -1      gi|60    31350    31422 
   383    566  1     gi|141    26988    27280 
   383   4427  1     gi|440    23600    23904 
   383   4435  1     gi|440    35870    36019 
   384    568  1     gi|141    28374    29141 
   384   5533  1     gi|440      398     2689 
   385    573  1     gi|141    32297    32405 
   385   2468 -1     gi|290    27842    27960 
   385   2606  1     gi|301     7187     7301 
   385   3692 -1     gi|388    38038    38166 
   385   4566 -1     gi|455    37559    37678 
   385   5698  1     gi|257     8467     8586 
   385   5699 -1     gi|383    18829    18941 
   385   5700 -1     gi|451     4522     4622 
   385   5702  1     gi|455     7801     7918 
   385   5703 -1     gi|462     2380     2498 
   385   1038  1     gi|180    34362    34415 
   386    577  1     gi|141    36084    36550 
   386   4429  1     gi|440    25852    26697 
   386   5697  1     gi|141    27639    28377 
   386   4436  1     gi|440    36385    36873 
   387    578  1     gi|141    36823    37023 
   387   4430  1     gi|440    26531    28901 
   387   5530  1     gi|141     8315    10692 
   388    579  1     gi|142    17541    17636 
   388   4228 -1     gi|426    20943    21042 
   389    580  1     gi|142    20728    20972 
   389   3630  1     gi|384    35360    35588 
   390    581  1     gi|142    23916    24072 
   390   3903 -1     gi|402    12456    12794 
   390   5146  1      gi|88    32240    32527 
   391    582  1     gi|142    24173    24243 
   391    848 -1     gi|165    38179    38249 
   392    583  1     gi|142    30880    30930 
   392   2372  1     gi|284    24969    25020 
   393    584  1     gi|143        9      287 
   393    710 -1     gi|153    18960    20522 
   393    917 -1     gi|171    19532    20635 
   393    921 -1     gi|171    24783    26438 
   393    930 -1     gi|171    32063    33657 
   393   2443  1     gi|289    33990    34404 
   393    586  1     gi|143     1590     1695 
   393   2442  1     gi|289    32863    34000 
   393    704 -1     gi|153    13658    14079 
   393    585  1     gi|143      512     1601 
   393    703 -1     gi|153    13553    13663 
   393    714 -1     gi|153    23629    24057 
   394    587  1     gi|143     1926     2150 
   394   2490 -1     gi|292     5140     5368 
   394   2826  1     gi|310    32036    32231 
   395    588  1     gi|143     3542     4192 
   395   2488 -1     gi|292     2840     3573 
   395   2828  1     gi|310    33793    34431 
   395   5043 -1      gi|77    31451    31552 
   395   5039 -1      gi|77    14662    14936 
   396    589  1     gi|143     4994     5386 
   396    901 -1     gi|170    23891    24276 
   396   4040  1      gi|41    34140    34308 
   397    592  1     gi|143    14027    14534 
   397   1106 -1      gi|19     1492     2249 
   398    597  1     gi|143    30983    34181 
   398   4174  1      gi|42    30081    33279 
   399    598  1     gi|143    35514    36359 
   399   4175  1      gi|42    34612    35457 
   400    599  1     gi|143    36883    37524 
   400   4176  1      gi|42    35981    36622 
   401    600  1     gi|143    38331    38613 
   401   2139 -1      gi|27     2351     2613 
   401   3156 -1     gi|340    31117    31404 
   401   5710 -1     gi|281    37860    38144 
   401   5711  1     gi|344    11808    12078 
   402    601  1     gi|143    38610    40000 
   402   3591  1     gi|381    10650    11529 
   402   4177  1      gi|42    36611    38434 
   402   4210  1     gi|424    19921    20196 
   402   4211  1     gi|424    20155    20490 
   403    604  1     gi|145     7536     7692 
   403   3736 -1     gi|394     6204     6321 
   404    605  1     gi|145    17332    17561 
   404   4310  1     gi|432     4433     4687 
   405    606  1     gi|145    18033    19339 
   405   1896  1     gi|249     1465     2980 
   405   4853  1       gi|6    38323    39898 
   405    607  1     gi|145    20150    20936 
   406    609  1     gi|145    30344    30521 
   406   5712 -1     gi|148    35289    37254 
   406   1010  1     gi|178     2391     3666 
   406   1011  1     gi|178     5179     5862 
   406   1167  1     gi|194    38416    38491 
   406   1169  1     gi|194    39949    40073 
   406   3908  1     gi|403        2      481 
   406   5715  1     gi|194    36478    38406 
   406    952  1     gi|173    32173    32511 
   406   1163  1     gi|194    35531    35720 
   406   1168  1     gi|194    39074    39300 
   406   2935 -1     gi|319    23257    23411 
   406   4025  1     gi|409    33363    33908 
   406   5716 -1     gi|255    34091    34420 
   406   2891  1     gi|316     3947     4109 
   407    611  1     gi|145    31726    32040 
   407    953  1     gi|173    32469    32793 
   407   5396  1     gi|110    35194    35328 
   408    612  1     gi|145    34202    34284 
   408   3161  1     gi|340    35690    35771 
   409    613  1     gi|145    34263    34398 
   409   3162 -1     gi|340    35768    35901 
   410    614  1     gi|145    37489    37664 
   410   2343  1     gi|282    35692    35880 
   411    615  1     gi|146    19502    19774 
   411   1921 -1     gi|250    23874    24149 
   412    616  1     gi|146    22558    22843 
   412   4382 -1     gi|438    38862    39180 
   413    617  1     gi|147    11362    11491 
   413   4074  1     gi|412    15099    15238 
   414    618  1     gi|147    13420    13483 
   414   1022 -1     gi|178    36659    36719 
   415    622  1     gi|147    18804    19234 
   415   3696 -1      gi|39     3109     3821 
   415   4548 -1     gi|454    21989    22287 
   415    624  1     gi|147    19439    19717 
   415   5035 -1      gi|77     1238     1939 
   415   3429 -1     gi|365    27374    27435 
   416    626  1     gi|147    27135    27221 
   416   1534  1     gi|222    28363    28449 
   416    627 -1     gi|147    29634    29720 
   417    630  1     gi|148    16664    18271 
   417   5007 -1      gi|74    15834    16594 
   417   5008 -1      gi|74    17607    19143 
   417   5009 -1      gi|74    19506    21072 
   417   5011  1      gi|74    31797    32403 
   418    631  1     gi|148    18919    20345 
   418   2609 -1     gi|301    15576    16559 
   418   2613 -1     gi|301    19112    19568 
   418   2614 -1     gi|301    19765    20098 
   418   2619 -1     gi|301    26435    26589 
   418   2624 -1     gi|301    29002    30103 
   418   4791  1      gi|57     1858     2467 
   418   2620 -1     gi|301    26873    27012 
   419    632  1     gi|148    20189    20538 
   419   4792  1      gi|57     2453     2803 
   420    633  1     gi|148    20538    20942 
   420   4793  1      gi|57     2984     3365 
   421    634  1     gi|148    20814    21082 
   421   4794 -1      gi|57     3365     3636 
   422    636  1     gi|148    27105    27165 
   422   2040 -1     gi|260      718      779 
   423    638  1     gi|148    37623    37678 
   423   1165 -1     gi|194    36058    36112 
   424    639  1     gi|148    37744    37804 
   424   1164 -1     gi|194    35997    36056 
   425    640  1     gi|148    38111    38368 
   425   1988  1     gi|255    25751    25964 
   426    641  1     gi|149     3335     4386 
   426   4009  1     gi|408     9209    10259 
   427    642  1     gi|149     9051     9466 
   427   4763 -1      gi|54    15580    15993 
   427   4488  1     gi|446    24355    24643 
   428    643  1     gi|149    13322    13481 
   428   5730  1     gi|189    35255    35412 
   428    645  1     gi|149    15528    15685 
   428   5732  1      gi|36    25363    25511 
   429    644  1     gi|149    13419    13637 
   429   5140  1      gi|88     6447     6674 
   430    647  1     gi|149    23830    23982 
   430   1915 -1      gi|25    34528    35721 
   430   4532 -1     gi|453    15815    16482 
   431    648  1     gi|149    23983    24131 
   431   2114  1     gi|267      924     2939 
   431   4533 -1     gi|453    16575    16760 
   431   5098  1      gi|82    19884    21938 
   432    649  1     gi|149    24191    24557 
   432   2878  1     gi|315    24154    24807 
   432   1128  1     gi|190    20941    21294 
   432   4768  1      gi|55    25643    26277 
   432   5734 -1     gi|157    36342    36704 
   432    784  1     gi|159    30841    31138 
   432    759 -1     gi|157    36140    36338 
   432    785  1     gi|159    31294    31420 
   432   2880 -1     gi|315    28371    28529 
   433    650  1     gi|149    25908    26270 
   433   2550  1       gi|3     5496     5676 
   433   5743  1       gi|3    12858    12896 
   434    651  1     gi|149    27945    28224 
   434   2857 -1     gi|312    22424    22703 
   434   4189 -1     gi|423    18660    18939 
   434   1980 -1     gi|255     9791     9929 
   435    655  1     gi|149    37671    37716 
   435   5493 -1     gi|118    20604    20649 
   435   5496 -1     gi|362    18440    18473 
   435   4809  1      gi|58     4157     4191 
   435   4820 -1      gi|58    22467    22501 
   436    659  1      gi|15    18419    19068 
   436   2687  1     gi|305    21148    21781 
   436   2694  1     gi|305    29108    29755 
   437    660  1      gi|15    20004    22310 
   437   1562 -1     gi|225     1310     1482 
   437   1728 -1     gi|234     1386     2006 
   437   1732 -1     gi|234     3733     4028 
   437   2691  1     gi|305    26783    26825 
   437   2697  1     gi|305    31718    33997 
   437   1271 -1     gi|203     1375     1435 
   437   1730 -1     gi|234     2732     3184 
   437   1569 -1     gi|225    10085    10255 
   437   1576 -1     gi|225    18534    18726 
   438    661  1      gi|15    23039    23885 
   438   2690 -1     gi|305    25118    26027 
   438   2693 -1     gi|305    27849    28569 
   438   2701 -1     gi|305    37180    38065 
   438   1930 -1     gi|251    18731    19282 
   439    663  1     gi|150     1054     2107 
   439   3722  1     gi|390    20911    21946 
   440    664  1     gi|150     3038     3650 
   440   3723  1     gi|390    22867    23476 
   441    665  1     gi|150     5670     6552 
   441   3719  1     gi|390     9807     9869 
   441   3720  1     gi|390     9943    10631 
   442    666  1     gi|150     6764     6859 
   442   1126  1     gi|190     2822     2919 
   443    667  1     gi|150     6855     7098 
   443   1127  1     gi|190     3230     3443 
   443   3478  1     gi|371    25688    25830 
   444    673  1     gi|150    31996    32134 
   444   4226  1     gi|426    16638    16829 
   445    677  1     gi|152    10895    11707 
   445   5751  1     gi|286    29257    29656 
   445   5750  1     gi|286    28869    29256 
   445   1767 -1     gi|238    18189    18374 
   446    678  1     gi|152    12972    14766 
   446   2269  1     gi|278    11356    13104 
   447    679  1     gi|152    15125    15395 
   447   5328  1     gi|249    24479    24752 
   447   5330  1     gi|122    26461    26735 
   447   5332 -1     gi|105    11570    11629 
   448    680  1     gi|152    15682    16061 
   448   1424 -1     gi|216     6025     6404 
   448   3658 -1     gi|387    16728    17107 
   449    683  1     gi|152    22331    22548 
   449   3022 -1     gi|328     1552     1741 
   450    684  1     gi|152    24572    24932 
   450   2549 -1       gi|3     2915     3468 
   450   4950  1      gi|66    35435    35995 
   450   4962 -1      gi|68    26617    27178 
   450   3428 -1     gi|365    26695    27258 
   451    685  1     gi|152    24964    25117 
   451   3451  1     gi|368    10134    10290 
   451   4951  1      gi|66    36405    36561 
   452    687  1     gi|152    31633    32302 
   453    688  1     gi|152    33692    34528 
   453   4384  1     gi|439     4140     4962 
   453   4402 -1     gi|439    35280    35854 
   454    689  1     gi|152    34938    35931 
   454   4385  1     gi|439     5307     6275 
   454   4401 -1     gi|439    33953    34932 
   455    690  1     gi|152    36685    36926 
   455   2625  1     gi|301    32323    32570 
   456    691  1     gi|152    37723    38431 
   456   2626  1     gi|301    33222    33933 
   457    692  1     gi|152    39467    39612 
   457   2627  1     gi|301    34973    35119 
   458    693  1     gi|152    40021    40117 
   458   5752  1      gi|28    21559    21660 
   458   5755 -1     gi|393    36285    36330 
   459    696  1     gi|153     2837     3005 
   459   1360 -1     gi|210    12131    12296 
   460    699  1     gi|153     6551     6879 
   460   1520  1     gi|221     6991     7136 
   460   2110  1     gi|266     9339     9638 
   460   1197 -1     gi|197    11501    11669 
   460   4620  1     gi|459    13693    13794 
   461    701  1     gi|153    11313    11660 
   461   2436 -1     gi|289    12799    13183 
   461    709  1     gi|153    17170    17465 
   461   1563 -1     gi|225     2612     2930 
   461   2628  1     gi|301    38749    38926 
   462    702  1     gi|153    11702    11742 
   462   1986  1     gi|255    23011    23079 
   462   3377  1     gi|362    12034    12102 
   463    705  1     gi|153    14068    14320 
   463   1048  1     gi|181    33668    33922 
   463   3296 -1     gi|354    26600    26805 
   463   5127 -1      gi|86    28512    28577 
   463   2509  1     gi|294    32583    32714 
   463   5130 -1      gi|86    30743    30912 
   464    706  1     gi|153    14303    14419 
   464   5371 -1     gi|241     3434     4025 
   464   3637  1     gi|385     7621     8200 
   464   4140 -1     gi|419     8969     9453 
   464   5374 -1     gi|333    36045    36100 
   464   5375 -1     gi|386    21232    21305 
   464   3037 -1     gi|328    29115    29452 
   464   5372 -1     gi|278     6743     7115 
   464   5373 -1     gi|333    35699    36042 
   464   3039 -1     gi|328    30427    30580 
   464   5369 -1     gi|109     6630     6881 
   464   5376  1     gi|109    14478    14727 
   465    707  1     gi|153    14460    14594 
   465   1551  1     gi|223    24375    24510 
   465   2075  1     gi|263     6236     6371 
   466    708  1     gi|153    14890    14947 
   466   1012  1     gi|178    15949    15996 
   466   1019  1     gi|178    27726    27786 
   466   5769 -1      gi|77      989     1052 
   466   5912 -1     gi|454    17087    17121 
   467    711  1     gi|153    20964    21374 
   467    925  1     gi|171    30094    30480 
   467    935  1     gi|171    36711    36819 
   468    713  1     gi|153    22800    23630 
   468    920  1     gi|171    23858    24774 
   468    929  1     gi|171    31252    32072 
   468   2444 -1     gi|289    34414    35475 
   469    715  1     gi|153    24171    25617 
   469   4033 -1      gi|41    23953    25052 
   469   3263  1     gi|349    23231    24689 
   470    716  1     gi|153    26298    26378 
   470   2948  1     gi|322     5863     5942 
   471    717  1     gi|153    27059    27846 
   471   5774  1     gi|349    24145    25521 
   471   4035 -1      gi|41    28151    30274 
   471   5364 -1      gi|41    23091    23746 
   471   5777  1     gi|349    26075    26229 
   471   5776  1     gi|349    25997    26075 
   471   5775  1     gi|349    25521    25997 
   472    718  1     gi|153    29963    30754 
   472   1925 -1     gi|250    34053    34843 
   473    719  1     gi|153    31846    32516 
   473   1924 -1     gi|250    30978    31671 
   474    720  1     gi|153    32596    33230 
   474   1975 -1     gi|255     5109     5748 
   475    723  1     gi|154      149      339 
   475   2463 -1      gi|29    35209    35418 
   476    724  1     gi|154     1167     1980 
   476   4418 -1      gi|44    36910    37746 
   476    738 -1     gi|154    38018    38872 
   477    725  1     gi|154     7398     7782 
   477   2485  1     gi|291    28577    30907 
   477   3547 -1     gi|376    36959    39241 
   477    726  1     gi|154     7899     8370 
   478    727  1     gi|154     9253     9311 
   478   1768  1     gi|238    19423    19486 
   479    728  1     gi|154    17559    17754 
   479   1608  1     gi|228     1823     2002 
   479   3618 -1     gi|384    23622    23808 
   480    729  1     gi|154    18254    18781 
   480   1683 -1      gi|23    26853    27406 
   480   3601 -1     gi|383    26664    27108 
   481    730  1     gi|154    20944    22396 
   482    732  1     gi|154    23578    23848 
   482   2304 -1      gi|28    15493    15836 
   482    734  1     gi|154    26026    26302 
   483    735  1     gi|154    26774    27684 
   483   1006  1     gi|177    25638    26918 
   483    736  1     gi|154    28727    29973 
   484    737  1     gi|154    30356    31148 
   484   2517 -1     gi|295     8191    10123 
   485    739  1     gi|154    39250    39540 
   485   3310 -1     gi|355     7870     9650 
   485   3754  1     gi|395    33253    35032 
   485   4411 -1      gi|44    16679    16796 
   486    740  1     gi|155     3856     3894 
   486   4851  1       gi|6    35692    35730 
   487    748  1     gi|157     5397     5491 
   487   3292 -1     gi|353    23902    23996 
   488    749  1     gi|157     6323     9191 
   488   1539  1     gi|223     6782     9653 
   488   5783 -1     gi|198     1972     3967 
   488   2528  1     gi|295    30204    32091 
   488   5782 -1     gi|174     9519     9874 
   488   4585 -1     gi|457        1     1355 
   488   5784  1     gi|295    29993    30206 
   489    751  1     gi|157    10192    10426 
   489   3291 -1     gi|353    23433    23666 
   490    752  1     gi|157    11150    11326 
   490   4470 -1     gi|445     9566     9754 
   491    754  1     gi|157    21707    21965 
   491   1823  1     gi|241    36249    36510 
   492    756  1     gi|157    34135    34326 
   492   4979 -1       gi|7    30227    30425 
   493    757  1     gi|157    34462    34739 
   493   4978 -1       gi|7    29037    29312 
   494    758  1     gi|157    35929    36025 
   494   5789 -1     gi|438    12397    12881 
   494   5206  1      gi|95     9512     9776 
   494   5793  1     gi|199    26831    27284 
   494   4769 -1      gi|55    27161    27265 
   495    764  1     gi|159      708      744 
   495   1021  1     gi|178    32557    32593 
   496    765  1     gi|159     3017     5129 
   496   4014  1     gi|408    36114    36877 
   497    766  1     gi|159     5864     6450 
   497   2381 -1     gi|285     2077     2723 
   497   3343 -1     gi|358    38841    39134 
   498    768  1     gi|159    12017    12077 
   498   5794  1     gi|345    20276    20723 
   498   5795  1     gi|159    12344    12411 
   498   5796 -1     gi|395    10192    11356 
   498   5798 -1     gi|366    34380    35569 
   498   3219  1     gi|345    20786    21186 
   498   5800 -1     gi|395     2326     3504 
   499    769  1     gi|159    12161    12242 
   500    772  1     gi|159    14235    14767 
   500   3809 -1     gi|399    37186    37734 
   501    773  1     gi|159    14843    14985 
   501   3642 -1     gi|385    22077    22244 
   501   3803 -1     gi|399    27139    27306 
   502    774  1     gi|159    15512    16018 
   502   3245  1     gi|348     7012     7082 
   502   3641 -1     gi|385    21038    21547 
   502   3801 -1     gi|399    25213    25351 
   502   3802 -1     gi|399    25349    25475 
   503    775  1     gi|159    16108    18078 
   504    776  1     gi|159    18407    18487 
   504   1224 -1     gi|198    24612    24693 
   505    777  1     gi|159    19813    20249 
   505   4220  1     gi|425    32221    34536 
   505   1882 -1     gi|248     5405     6008 
   505   1883 -1     gi|248     5996     7656 
   505   2419 -1     gi|288    20048    20275 
   505   2525  1     gi|295    24626    24745 
   505   5802  1     gi|159    13912    14227 
   505   4212  1     gi|425     4414     6758 
   505   4217  1     gi|425    10001    11779 
   505   4215  1     gi|425     8929     9138 
   505   2518  1     gi|295    15495    15640 
   505    787  1     gi|159    32213    34388 
   505   2523  1     gi|295    21155    21595 
   505   4214  1     gi|425     7863     8384 
   505   5803  1     gi|425     9609     9993 
   506    778  1     gi|159    23741    24008 
   506   4486 -1     gi|446    15214    15820 
   506    780  1     gi|159    24382    24729 
   506   5786 -1     gi|157    19446    19840 
   506   5788 -1     gi|241    35820    36353 
   507    781  1     gi|159    26551    26968 
   507    899  1     gi|170    22300    22331 
   507   1521  1     gi|221     8643     8885 
   507   2669  1     gi|304    16933    17433 
   507    896  1     gi|170    20077    20192 
   508    782  1     gi|159    26941    27910 
   508   1522  1     gi|221     9176    10091 
   508   3425 -1     gi|365    11806    12133 
   508   5236 -1      gi|97    13832    13985 
   508   5246 -1      gi|97    28463    28651 
   509    783  1     gi|159    28178    30170 
   509   1151  1     gi|192     3649     5596 
   509    966  1     gi|174    29974    30064 
   510    786  1     gi|159    31553    31594 
   510   3610  1     gi|384    14023    14081 
   510   4221  1     gi|425    35559    35617 
   511    789  1     gi|159    39601    39849 
   511   4357  1     gi|437    15842    16107 
   512    790  1      gi|16     4450     4697 
   512   1042  1     gi|181     9053     9207 
   512   1043  1     gi|181     9357    10243 
   512   1793  1     gi|240    21887    22182 
   512   5465 -1     gi|116    25532    26415 
   512   5466  1     gi|175     9771    10654 
   512   5467 -1     gi|301    27773    28657 
   512   5469  1     gi|327     3082     3202 
   512   5468  1     gi|327     2118     2884 
   512   1359  1     gi|210    10320    11039 
   513    792  1      gi|16    17146    18884 
   513   1067  1     gi|186    30794    31225 
   513   2295 -1      gi|28     1128     2833 
   513   5084  1      gi|81    31515    32238 
   513    795  1      gi|16    21675    23149 
   514    796  1      gi|16    23525    25665 
   514   4071 -1     gi|412     7314     9479 
   514   4073  1     gi|412    10720    11091 
   514    797  1      gi|16    26059    28229 
   514   4070 -1     gi|412     4352     6543 
   514   4072  1     gi|412    10151    10488 
   515    798  1     gi|160     8071     8531 
   515   5805  1     gi|239    13555    13754 
   515   5804  1     gi|239    13323    13555 
   515   3027  1     gi|328    16953    17078 
   515    808 -1     gi|160    34128    34250 
   515   3032 -1     gi|328    21828    21893 
   516    799  1     gi|160    14288    14564 
   516   2393  1     gi|286     9136     9489 
   516    800  1     gi|160    17767    18002 
   517    803  1     gi|160    25024    25069 
   517   2478 -1     gi|291    14248    14293 
   518    804  1     gi|160    25303    25415 
   518   4316 -1     gi|432    29105    29218 
   518   5828 -1      gi|82    13743    13839 
   518   5826 -1     gi|182     7615     7718 
   518   1938  1     gi|252     2901     2998 
   518   4463  1     gi|444    38519    38584 
   519    807  1     gi|160    33594    33760 
   520    809  1     gi|161     1846     2005 
   520   4893 -1      gi|61    39807    39966 
   521    810  1     gi|161     2690     2906 
   521   4892 -1      gi|61    38937    39150 
   522    811  1     gi|161     6564     7139 
   522   4890  1      gi|61    36613    37205 
   523    812  1     gi|161     7449     7877 
   523   4891  1      gi|61    37470    37880 
   524    813  1     gi|161    12579    13420 
   524   3089  1     gi|335    28617    29459 
   525    815  1     gi|161    21463    21839 
   525   2996  1     gi|326    33324    33691 
   526    816  1     gi|161    28532    28634 
   526   3008 -1     gi|327    10509    10607 
   527    817  1     gi|161    36837    36896 
   527   2913  1     gi|317    27999    28056 
   528    818  1     gi|161    36932    37363 
   528   3088 -1     gi|335    21636    22078 
   529    820  1     gi|162    13729    13773 
   529   4107  1     gi|415    27017    27061 
   529   4643  1     gi|461     9514     9558 
   529   4750 -1      gi|53    30729    30774 
   529   5154  1      gi|89     4868     4912 
   529   5831  1     gi|270    19773    19817 
   529   5832 -1     gi|365    28671    28715 
   530    821  1     gi|162    19008    19128 
   530   1152  1     gi|192    14294    14425 
   531    822  1     gi|162    19292    19501 
   531   1153  1     gi|192    14640    14853 
   532    823  1     gi|162    20751    22331 
   532   5083  1      gi|81    25817    27453 
   533    824  1     gi|162    39039    39175 
   533   2534 -1     gi|297      114      250 
   534    826  1     gi|163     9690     9795 
   534   4305  1     gi|431    23754    23838 
   534   4342 -1     gi|435    19485    19593 
   535    827  1     gi|163    26505    26770 
   535   4991  1      gi|71     6061     6293 
   536    828  1     gi|164     1535     1767 
   536   1318  1     gi|206    22514    22666 
   536   4738 -1      gi|51    26161    26375 
   536   5843 -1     gi|204    27437    27653 
   536   2992  1     gi|326    25472    25694 
   536   3147 -1     gi|340    13390    13439 
   537    830  1     gi|164     6428     6748 
   537   2753  1     gi|308    20457    20777 
   537   3492 -1     gi|373    25950    26270 
   538    831  1     gi|164     9790    11317 
   538   4468 -1     gi|445     4699     6183 
   539    834  1     gi|164    18847    19036 
   539   5766  1     gi|160    32911    33122 
   539   5854  1     gi|461     3384     3592 
   539   5089 -1      gi|82    13400    13451 
   540    835  1     gi|164    19467    19621 
   540   1759 -1     gi|237    15830    16006 
   540   4527 -1     gi|453     5967     6091 
   540    840 -1     gi|164    31699    31870 
   540   1543 -1     gi|223    12840    12885 
   540   4946 -1      gi|66    26457    26556 
   541    842  1     gi|164    34967    35149 
   541   3651 -1     gi|387     7216     7389 
   541   4323 -1     gi|433    28897    29103 
   541   1223 -1     gi|198    24486    24559 
   541   1225  1     gi|198    24732    24901 
   541   3652  1     gi|387     7479     7601 
   542    843  1     gi|164    37671    38038 
   542   4911 -1      gi|64     3523     3873 
   542   4596 -1     gi|457    20433    20554 
   542   4045 -1     gi|410    24620    24697 
   543    849  1     gi|166    21400    21473 
   543   2469 -1     gi|290    33920    33993 
   544    850  1     gi|166    23409    23500 
   544   2874  1     gi|315    13592    13683 
   545    851  1     gi|166    24865    24916 
   545   5856  1     gi|174     8818     8874 
   545   3480  1     gi|371    26181    26238 
   545   5857 -1     gi|371    25828    25884 
   546    852  1     gi|166    34788    35321 
   546   4050  1     gi|411      631     1192 
   547    853  1     gi|166    35542    35611 
   547   4051  1     gi|411     1424     1494 
   548    854  1     gi|166    36036    36126 
   548   4052  1     gi|411     1851     1944 
   549    855  1     gi|166    36516    37140 
   549   4053  1     gi|411     2377     2945 
   550    856  1     gi|166    37338    37546 
   550   4054  1     gi|411     3096     3296 
   551    857  1     gi|166    39007    39116 
   551   4958 -1      gi|68     8214     8310 
   552    863  1     gi|167    24253    24904 
   552   3718 -1     gi|390     2558     3214 
   553    864  1     gi|167    25641    27299 
   553   3454 -1     gi|369      191     2063 
   553    865  1     gi|167    28378    28610 
   554    866  1     gi|167    36201    36231 
   554   2173 -1     gi|271    12924    13008 
   554   3593 -1     gi|381    12513    12597 
   554   1160  1     gi|194     8620     8651 
   555    868  1     gi|168    12753    12858 
   555   5771  1     gi|289    35857    36841 
   555   5772 -1     gi|153    21351    22331 
   555    926 -1     gi|171    30479    30772 
   556    869  1     gi|169      392      649 
   556   2257 -1     gi|276    20034    21159 
   556   4814  1      gi|58    19580    20653 
   557    870  1     gi|169      739     1400 
   557   2255 -1     gi|276    19867    19934 
   557   2739 -1     gi|308     8376     9186 
   557   3531 -1     gi|375    36301    37003 
   558    871  1     gi|169     1340     2556 
   558   1294 -1     gi|205    19719    20440 
   558   2254 -1     gi|276    18768    19861 
   558   2261 -1     gi|276    28320    28760 
   558   2738 -1     gi|308     6817     7867 
   558   1295 -1     gi|205    20923    21224 
   559    872  1     gi|169     3158     3241 
   559   1374  1     gi|211    13634    13717 
   559   1625 -1     gi|228    17766    17844 
   559   1654  1     gi|228    28693    28771 
   560    874  1     gi|169    20484    20536 
   560   4041  1      gi|41    34569    34621 
   561    876  1     gi|169    24478    25099 
   561   2357 -1     gi|283    29658    30098 
   561   3414  1     gi|364    36572    36964 
   561   3413  1     gi|364    23092    23395 
   561   2355 -1     gi|283    27390    27646 
   562    877  1     gi|169    27302    27560 
   562   4042  1      gi|41    34624    34884 
   563    878  1     gi|169    32624    33132 
   563   1105  1     gi|189    39446    39963 
   563   2804  1     gi|310     7333     7861 
   563   2817 -1     gi|310    21410    21688 
   563   2822 -1     gi|310    29409    29620 
   563   5862 -1     gi|284    33609    33914 
   563   2924 -1     gi|318    19487    19594 
   563   2925 -1     gi|318    19554    19666 
   564    880  1     gi|169    34309    34476 
   564   5235  1      gi|97    10284    10451 
   565    881  1     gi|169    35455    35834 
   565   4724  1       gi|5    17007    17368 
   566    883  1     gi|169    37431    37512 
   566   3433  1     gi|366     5595     5688 
   567    884  1     gi|169    37652    38449 
   567   4520  1     gi|450    24694    25491 
   568    885  1     gi|169    38450    39091 
   568   3434  1     gi|366     5689     6363 
   569    886  1      gi|17    14865    15201 
   569   3875 -1      gi|40    15174    15504 
   570    887  1      gi|17    15445    15766 
   570   3874 -1      gi|40    14717    15038 
   571    888  1      gi|17    16137    16814 
   571   3873 -1      gi|40    13792    14462 
   572    889  1      gi|17    17062    17298 
   572   3872 -1      gi|40    13284    13522 
   573    890  1      gi|17    39467    39566 
   573   4343 -1     gi|435    26899    26998 
   574    891  1     gi|170      947     1076 
   574   4505 -1     gi|448    21223    21912 
   574    892  1     gi|170     3762     3967 
   574    893  1     gi|170     5201     5878 
   575    894  1     gi|170     6362     6490 
   575   1391 -1     gi|212    16902    17027 
   575   3889  1     gi|401      505      654 
   575   1527  1     gi|221    19951    20007 
   576    895  1     gi|170     9655     9773 
   576   2865  1     gi|313    30897    31020 
   577    900  1     gi|170    22712    22803 
   577   4948  1      gi|66    27538    27651 
   577   2409  1     gi|287    22983    23029 
   577   2578 -1      gi|30    12886    12947 
   578    902  1     gi|170    28539    29261 
   578   1597  1     gi|227    17319    18040 
   578   1601  1     gi|227    27515    28142 
   578   1606  1     gi|227    37764    38493 
   579    903  1     gi|170    35179    35837 
   579   5514  1     gi|406    23722    24876 
   579   1115  1      gi|19    14425    14956 
   579   2747  1     gi|308    15762    16417 
   579   5517 -1     gi|428     7885     8845 
   579   5521  1     gi|308    16386    16567 
   579   1867 -1     gi|245    27551    27738 
   579   4549 -1     gi|454    22486    22587 
   580    904  1     gi|170    35945    36112 
   580   5515  1     gi|406    24882    25110 
   580   5516 -1     gi|428     7652     7879 
   581    907  1     gi|170    36987    37276 
   581   1489 -1      gi|22    22936    23286 
   581   5317  1     gi|376    10092    10281 
   581   2572  1      gi|30     3497     3827 
   582    913  1     gi|171     5934     6042 
   582   4093  1     gi|414    19862    20413 
   582   5778 -1     gi|255     3902     4421 
   582   5781  1     gi|171     5328     5924 
   582   3211 -1     gi|345    11894    12056 
   582   1973 -1     gi|255     3517     3574 
   583    914  1     gi|171    13517    13996 
   583   5363 -1      gi|41    22617    23086 
   584    918  1     gi|171    20331    21508 
   584   2447 -1     gi|289    39324    39999 
   584    932  1     gi|171    33959    34242 
   584    933  1     gi|171    34244    34498 
   585    919  1     gi|171    21513    23600 
   585   2446 -1     gi|289    37010    39130 
   585    924  1     gi|171    27568    29666 
   585    934  1     gi|171    34497    36622 
   585   1015  1     gi|178    21843    22384 
   586    922  1     gi|171    26609    26756 
   586   1289  1     gi|205     8130     8811 
   586   1155 -1     gi|192    37099    37225 
   586   1334  1     gi|207    25148    25284 
   586   3287  1     gi|353     4033     4655 
   586   3438  1     gi|366    16374    16410 
   586   3395 -1     gi|363    29654    29706 
   586   1375 -1     gi|211    14001    14348 
   587    923  1     gi|171    26759    27567 
   588    927  1     gi|171    30760    30925 
   588   3882 -1      gi|40    21265    21314 
   588   5031  1      gi|76    22511    22683 
   589    928  1     gi|171    30882    31245 
   589   5770 -1     gi|289    35478    35857 
   589   5773  1     gi|153    22338    22699 
   590    931  1     gi|171    33818    33956 
   591    936  1     gi|171    37063    37452 
   591   1049  1     gi|181    34004    34426 
   592    937  1     gi|171    39939    40102 
   592   1050  1     gi|181    35191    35363 
   593    938  1     gi|172    17929    18396 
   593   1175  1     gi|195    25639    26139 
   594    939  1     gi|172    18883    19187 
   594   1176  1     gi|195    26644    26951 
   595    940  1     gi|172    29850    30005 
   595   5049  1      gi|78     7291     7437 
   596    941  1     gi|172    30066    30293 
   596   5050  1      gi|78     7444     7657 
   597    942  1     gi|173     3785     4097 
   597   1752 -1     gi|235    32629    33098 
   597   4122  1     gi|417    34153    34619 
   597    944  1     gi|173     7852     7898 
   597   5365  1     gi|173    23881    24055 
   598    943  1     gi|173     4921     7105 
   598   2840  1     gi|311    20149    20390 
   598   2997 -1     gi|327      645      977 
   598   2998 -1     gi|327     1093     1444 
   598   4280 -1      gi|43    14901    17068 
   599    946  1     gi|173    14880    15579 
   599   1190 -1     gi|196    15595    16509 
   599   2070 -1     gi|262    27429    28138 
   599   2184  1     gi|272    10234    11175 
   599   3213  1     gi|345    12508    13502 
   599   4515 -1     gi|449    32905    33360 
   599   3328  1     gi|356    19933    20424 
   600    949  1     gi|173    24377    26729 
   600   1750 -1     gi|235    28663    31040 
   600   4126  1     gi|417    38776    39084 
   601    950  1     gi|173    30023    31156 
   601   3588  1     gi|381      295     1397 
   602    951  1     gi|173    31153    31842 
   602   3589  1     gi|381     2529     3196 
   602   3633  1     gi|384    38971    39296 
   603    954  1     gi|173    32957    33333 
   603   4830 -1      gi|58    36740    37137 
   604    955  1     gi|173    33531    34258 
   604   2359  1     gi|284      482      713 
   604   3590  1     gi|381     3193     3842 
   604   4829 -1      gi|58    35864    36578 
   605    956  1     gi|173    34257    34318 
   605   1749 -1     gi|235    28605    28666 
   606    957  1     gi|174     4122     4941 
   606   4304 -1     gi|430    23769    24566 
   607    958  1     gi|174     5096     5305 
   607   4303 -1     gi|430    23358    23561 
   608    959  1     gi|174     6233     6428 
   608   2959  1     gi|323    25324    25513 
   609    961  1     gi|174     8109     8740 
   609   3422 -1     gi|365     9004     9629 
   609   2174  1     gi|271    38497    39004 
   609   3541 -1     gi|376    25588    25681 
   609   3542 -1     gi|376    25734    25836 
   609   5866  1     gi|271    10456    10601 
   610    964  1     gi|174    16898    17109 
   610   5870 -1      gi|30     7692     7787 
   611    965  1     gi|174    17504    17620 
   611   4666 -1     gi|462    37667    37787 
   612    967  1     gi|175     1021     1249 
   612   1182  1     gi|195    35508    35761 
   612   1833 -1     gi|242     8131     8385 
   612   5871  1     gi|248    37276    37539 
   612   5872  1      gi|27     3630     3870 
   613    969  1     gi|175    17306    17858 
   613   2898  1     gi|316    13877    14467 
   614    970  1     gi|175    20350    20453 
   614   1219  1     gi|198    14737    14873 
   615    971  1     gi|175    21650    21696 
   615   2899  1     gi|316    15319    15365 
   616    972  1     gi|175    21907    22011 
   616   2904  1     gi|316    20386    21299 
   616   5875 -1     gi|303    31429    32312 
   616   4058 -1     gi|411    18668    19660 
   616   5873  1     gi|316    15901    16782 
   616   2652 -1     gi|303    24684    25660 
   616   2655 -1     gi|303    28512    29481 
   616   2659 -1     gi|303    33595    34534 
   616   2660 -1     gi|303    36592    37550 
   616   2662 -1     gi|303    38994    39966 
   616   5874 -1     gi|303    31388    31429 
   616   2650 -1     gi|303    23139    23307 
   616   5108 -1      gi|84     6610     6720 
   617    973  1     gi|175    22478    22726 
   617   5176 -1      gi|90     4994     5573 
   617   4449  1     gi|442    25173    25822 
   618    974  1     gi|175    22826    22940 
   618   4450  1     gi|442    25840    25969 
   619    975  1     gi|175    22949    23301 
   619   5231 -1      gi|96    37373    37764 
   620    976  1     gi|175    24058    24190 
   620   4348  1     gi|435    33051    33184 
   621    977  1     gi|175    24201    27017 
   621   4346 -1     gi|435    29370    32249 
   621   4415 -1      gi|44    25873    26322 
   621   2099 -1     gi|265    17903    19694 
   621   2100 -1     gi|265    19792    20582 
   621   4414 -1      gi|44    25711    25910 
   622    978  1     gi|175    28184    28227 
   622   5850  1     gi|362    15266    15700 
   622   4296 -1      gi|43    37176    37229 
   622   4329  1     gi|434    12129    12506 
   622   4970 -1      gi|69    23502    23544 
   623    979  1     gi|175    28437    28555 
   623   4988  1      gi|70    21469    21587 
   624    980  1     gi|175    28582    28755 
   624   5852  1     gi|164    16400    16661 
   624   3681 -1     gi|388    22150    22564 
   624   3409  1     gi|364     5412     6258 
   624   5848 -1     gi|264    19600    24539 
   624   5851  1     gi|388    25388    25683 
   624   3797  1     gi|399        1     4939 
   624   4037 -1      gi|41    33487    33580 
   624   1157 -1     gi|194        7     1005 
   624   3683 -1     gi|388    22760    25258 
   624   5847  1      gi|19    11719    11955 
   624   5849  1     gi|264    24485    24911 
   624   3402  1     gi|364        1       46 
   625    981  1     gi|175    35038    36822 
   625   2026 -1     gi|259     8380    10687 
   625   4344  1     gi|435    28485    28743 
   625   1795  1     gi|240    25959    26365 
   625   1796  1     gi|240    26355    26598 
   625   1797  1     gi|240    26604    26854 
   625   2545 -1     gi|299    33646    34946 
   625   4897 -1      gi|62    26895    28291 
   625   5002 -1      gi|73    22236    22665 
   626    982  1     gi|176       55      978 
   626   1368 -1     gi|210    29631    30039 
   626   1422  1     gi|216       34      209 
   627    983  1     gi|176    18490    18618 
   627   4213  1     gi|425     7371     7496 
   628    989  1     gi|176    22721    22886 
   628   3078  1     gi|334    32146    32311 
   629    992  1     gi|176    32799    32991 
   630    993  1     gi|176    33046    33517 
   630   5877  1     gi|221    25031    25500 
   630    997  1     gi|176    36866    37497 
   630   5876  1     gi|221    24837    25029 
   631    994  1     gi|176    33737    34086 
   631   1529  1     gi|221    25648    25998 
   631    998  1     gi|176    37809    38161 
   632    995  1     gi|176    34128    34430 
   632   1531  1     gi|221    26709    27014 
   632    999  1     gi|176    38265    38478 
   633   1004  1     gi|177    15193    15303 
   633   5502  1     gi|118    27477    27675 
   633   1005  1     gi|177    17272    17401 
   633   5503 -1     gi|177     6244     6449 
   633   5258 -1      gi|98    19963    20043 
   634   1007  1     gi|177    33551    33855 
   634   1775  1     gi|239    25074    25366 
   635   1008  1     gi|177    34692    34907 
   635   1776  1     gi|239    26032    26252 
   636   1009  1     gi|178     1000     1089 
   636   2995  1     gi|326    28168    28312 
   636   3141 -1     gi|340     1997     2146 
   637   1013  1     gi|178    16685    17160 
   638   1014  1     gi|178    20861    21568 
   638   2059 -1     gi|261    34708    34997 
   639   1016  1     gi|178    22857    25532 
   639   3110 -1     gi|338     4482     7201 
   639   3114 -1     gi|338    12868    14907 
   639   4114 -1     gi|416      170     1244 
   640   1017  1     gi|178    25682    26492 
   640   2226 -1     gi|275       27      863 
   640   2228 -1     gi|275     2019     2542 
   641   1018  1     gi|178    27000    27224 
   641   2227 -1     gi|275     1307     1507 
   642   1020  1     gi|178    29233    29670 
   642   2433 -1     gi|289    10721    10826 
   643   1024  1     gi|179     1128     1172 
   643   5216  1      gi|95    38857    38901 
   644   1025  1     gi|179     1235     1373 
   644   5217  1      gi|95    38899    39066 
   645   1026  1     gi|179     1684     1902 
   645   5106  1      gi|84     4515     4625 
   645   5590 -1     gi|439    21627    21867 
   646   1027  1     gi|179     6855     7893 
   646   3527  1     gi|375    17635    18694 
   647   1028  1     gi|179     8469     8610 
   647   3528  1     gi|375    18705    18846 
   648   1032  1     gi|180     6452     7014 
   648   1414 -1     gi|213    32143    32396 
   648   5885  1      gi|50     5894     7141 
   648   5881 -1     gi|218    31753    32789 
   648   3006 -1     gi|327     9798     9887 
   648   4477  1     gi|445    18905    20150 
   648   5882 -1     gi|252    18986    19403 
   648   1955 -1     gi|252    20396    20630 
   648   4618  1     gi|459    12494    13342 
   648   5883  1     gi|459    11406    11473 
   648   5887  1     gi|459    13338    13457 
   649   1033  1     gi|180     7012     7598 
   649   5891 -1     gi|218    28990    30686 
   649   1413 -1     gi|213    30996    31876 
   649   1953 -1     gi|252    18316    18950 
   649   4680  1     gi|464     1041     2744 
   649   5886  1     gi|344    10099    11802 
   649   4307  1     gi|432        5      103 
   650   1034  1     gi|180     7758     7790 
   650   1763  1     gi|237    35043    35268 
   650   5138  1      gi|88     4998     5224 
   651   1037  1     gi|180    32609    33326 
   651   3440  1     gi|366    17547    18249 
   652   1039  1     gi|180    39105    39343 
   652   3145  1     gi|340    11255    11499 
   653   1040  1     gi|181        1      551 
   653   1275  1     gi|204     5838     6310 
   653   4688 -1     gi|464    15580    16129 
   654   1041  1     gi|181     8456     8577 
   654   4265 -1     gi|429    29803    29931 
   655   1044  1     gi|181    11151    11320 
   655   4127 -1     gi|418        2      177 
   656   1047  1     gi|181    30086    32173 
   656   1342  1     gi|208    19523    21557 
   656   4730 -1      gi|50     9969    10118 
   657   1051  1     gi|181    37626    38047 
   657   3573  1      gi|38      339      762 
   658   1054  1     gi|182    30825    31953 
   658   4752 -1      gi|53    32790    33959 
   659   1055  1     gi|182    37881    37982 
   659   4690  1     gi|464    17725    17780 
   659   5900  1      gi|27     3187     3522 
   659   4201 -1     gi|424    14108    14434 
   659   5901 -1     gi|397    28079    28287 
   660   1056  1     gi|182    38727    39922 
   660   2052 -1     gi|261    19111    19665 
   660   2053 -1     gi|261    19398    20476 
   660   3594 -1     gi|382     7667     7716 
   661   1057  1     gi|184    17816    17904 
   661   4600  1     gi|458     1570     1658 
   662   1058  1     gi|184    18104    19064 
   662   4601  1     gi|458     1670     2596 
   663   1059  1     gi|184    38905    39151 
   663   2638 -1     gi|302    29926    30219 
   663   4907  1      gi|63    26902    27167 
   663   1061 -1     gi|184    39713    39998 
   664   1065  1     gi|186    13126    13471 
   664   3579  1      gi|38    28434    28790 
   665   1066  1     gi|186    27508    28545 
   665   4923  1      gi|65      149     1258 
   665   4925  1      gi|65     2465     3510 
   665   1854  1     gi|244    17457    18555 
   666   1068  1     gi|187    10649    10720 
   666   1753 -1     gi|235    33100    33171 
   667   1069  1     gi|187    10716    10900 
   667   1748 -1     gi|235    28420    28604 
   668   1070  1     gi|187    12838    12950 
   668   5845  1      gi|26     1022     1710 
   668   1071  1     gi|187    13098    13287 
   668   2902  1     gi|316    19216    19417 
   668   2903  1     gi|316    19604    20022 
   668   3712 -1      gi|39    33775    34464 
   668   5846  1     gi|164     3870     4537 
   668   4995 -1      gi|71    23264    23341 
   669   1072  1     gi|187    14087    14147 
   669   4408  1      gi|44     8394     8458 
   670   1074  1     gi|188     5285     7960 
   670   1123 -1      gi|19    36705    37001 
   670   1184 -1     gi|196      920     3328 
   670   2603  1     gi|301     4712     4824 
   670   5073  1      gi|80    22584    25231 
   670   5078  1      gi|80    33056    35674 
   670   1120 -1      gi|19    32306    34573 
   670   2604  1     gi|301     6483     6553 
   670   2618  1     gi|301    21847    24534 
   670   4800 -1      gi|57    15504    17037 
   670   2602  1     gi|301     2360     2410 
   670   1121 -1      gi|19    35839    35971 
   671   1075  1     gi|188     8131     8405 
   671   2049 -1     gi|261    16604    16893 
   671   2612 -1     gi|301    18605    18903 
   671   5209 -1      gi|95    10962    11057 
   671   5208 -1      gi|95    10205    10494 
   672   1076  1     gi|188     8451     8606 
   672   3615 -1     gi|384    17380    17536 
   673   1077  1     gi|188     8607     8644 
   673   1483  1      gi|22    17649    17892 
   673   3626  1     gi|384    31020    31275 
   674   1078  1     gi|188    16355    16628 
   674   4524  1     gi|452     3120     3396 
   675   1079  1     gi|188    17137    17418 
   675   4078  1     gi|412    28334    28659 
   675   1536 -1     gi|223     1773     2075 
   675   1541 -1     gi|223    10564    10768 
   676   1080  1     gi|188    22222    22588 
   676   2373 -1     gi|284    25008    25048 
   676   2957  1     gi|323     6130     7022 
   676   2370  1     gi|284    24518    24789 
   676   1081 -1     gi|188    22597    22713 
   676   1082 -1     gi|188    24131    24164 
   676   2371  1     gi|284    24744    24983 
   676   3707 -1      gi|39    25077    25969 
   676   2369 -1     gi|284    23711    23742 
   677   1085  1     gi|188    26894    27422 
   677   1475  1      gi|22        7      944 
   677   1086  1     gi|188    27544    27799 
   677   1535 -1     gi|222    34426    34628 
   677   4580 -1     gi|456    33944    34724 
   678   1087  1     gi|188    28745    29076 
   678   5063 -1      gi|80      240      459 
   678   5065 -1      gi|80     3113     3418 
   679   1088  1     gi|188    29283    29503 
   679   5064 -1      gi|80     2620     2832 
   680   1089  1     gi|188    30218    30457 
   680   3705 -1      gi|39    18570    18756 
   681   1090  1     gi|188    32169    33306 
   681   4130  1     gi|418    10490    11595 
   682   1091  1     gi|188    33581    34126 
   682   4131  1     gi|418    11874    12477 
   683   1092  1     gi|188    34988    35293 
   683   4132  1     gi|418    13142    13430 
   684   1093  1     gi|188    36905    37068 
   684   4133  1     gi|418    14582    14742 
   685   1094  1     gi|188    38733    39037 
   685   4134  1     gi|418    16349    16701 
   686   1095  1     gi|189       20       69 
   686   1565 -1     gi|225     7968     8017 
   687   1096  1     gi|189      662      708 
   687   1967  1     gi|253    10705    11634 
   687   4002  1     gi|408        7      995 
   688   1097  1     gi|189     3938     4145 
   688   1448  1     gi|217    21939    22034 
   688   1449  1     gi|217    22893    23090 
   689   1098  1     gi|189     6161     6225 
   689   3747  1     gi|395    14214    14278 
   690   1099  1     gi|189     7181     7241 
   690   3748  1     gi|395    15403    15463 
   691   1100  1     gi|189    11005    11188 
   691   4675  1     gi|463    24851    25034 
   692   1103  1     gi|189    30214    30465 
   692   2942  1     gi|320    22935    23032 
   692   3578 -1      gi|38    25374    25513 
   692   5902  1     gi|291    13221    13443 
   692   5905 -1      gi|96    12735    12957 
   692   5080  1      gi|81     3562     3614 
   692   3924  1     gi|403    37393    37608 
   692   5062  1       gi|8    37633    37772 
   692   2746  1     gi|308    15367    15459 
   693   1108  1      gi|19     7174     7391 
   693   3468 -1     gi|371     4445     5018 
   693   1325  1     gi|206    36785    37212 
   693   4557 -1     gi|454    39560    40136 
   694   1109  1      gi|19     8357     8501 
   694   3632  1     gi|384    38832    38969 
   695   1110  1      gi|19     8989     9344 
   695   4514  1     gi|449    29568    29895 
   696   1112  1      gi|19    10911    11202 
   696   4550  1     gi|454    23058    23318 
   697   1117  1      gi|19    26628    26690 
   697   2280 -1     gi|279    19122    19184 
   697   5186 -1      gi|90    22711    22773 
   698   1118  1      gi|19    29960    30651 
   698   4663 -1     gi|462    25927    26619 
   699   1119  1      gi|19    30838    31753 
   699   4662 -1     gi|462    24696    25679 
   700   1124  1      gi|19    37517    38557 
   700   1186 -1     gi|196     3920     4814 
   701   1125  1      gi|19    38967    39998 
   701   1185 -1     gi|196     2861     3897 
   702   1129  1     gi|190    22809    23010 
   702   3028 -1     gi|328    17182    17588 
   702   4896 -1      gi|62    24688    25532 
   702   4595  1     gi|457    19132    19968 
   703   1130  1     gi|190    23574    23609 
   703   4110 -1     gi|415    30159    30194 
   704   1131  1     gi|190    28369    28698 
   704   2823  1     gi|310    30518    30841 
   705   1134  1     gi|190    30443    30489 
   705   2395 -1     gi|286    19929    19975 
   706   1135  1     gi|190    32531    32620 
   706   5768 -1      gi|77      903      987 
   706   5911 -1     gi|454    17024    17084 
   707   1136  1     gi|190    32580    32891 
   707   2702 -1     gi|306       28      341 
   708   1138  1     gi|190    35652    35772 
   708   4319 -1     gi|432    32968    33142 
   709   1139  1     gi|190    39644    40011 
   709   4094 -1     gi|414    20561    20932 
   710   1141  1     gi|191    21004    21235 
   710   3676 -1     gi|388    15579    15761 
   711   1143  1     gi|191    22403    22579 
   711   4279  1      gi|43    14091    14272 
   711   2510  1     gi|294    32715    32840 
   712   1144  1     gi|191    22575    22737 
   712   4281  1      gi|43    17051    17213 
   713   1145  1     gi|191    22733    23225 
   713   5706  1      gi|43    17381    17867 
   713   5708  1     gi|143    27345    27499 
   714   1146  1     gi|191    24636    24685 
   714   5707  1      gi|43    17869    17938 
   714   5709  1     gi|143    27506    27570 
   715   1147  1     gi|191    27286    27828 
   715   3912  1     gi|403    22541    23253 
   715   3442  1     gi|366    20522    20953 
   716   1148  1     gi|191    38546    38780 
   716   4461 -1     gi|444    30581    30823 
   717   1150  1     gi|192     2901     3034 
   717   1177 -1     gi|195    31288    31424 
   718   1154  1     gi|192    36933    37039 
   718   2639 -1     gi|302    30777    30860 
   718   3308 -1     gi|355     6806     6915 
   718   3311  1     gi|355    11236    11335 
   719   1158  1     gi|194     1271     1933 
   719   3909 -1     gi|403      319     1002 
   720   1159  1     gi|194     3460     3861 
   720   1498  1     gi|220     5927     6329 
   720   4936  1      gi|66     1584     1985 
   720   5056 -1      gi|78    34636    35036 
   720   5914  1     gi|464     4134     4538 
   720   5913  1     gi|240    24952    25064 
   721   1161  1     gi|194    11006    11514 
   721   1844 -1     gi|243     5968     6476 
   722   1162  1     gi|194    12207    12354 
   722   1843 -1     gi|243     5085     5275 
   722   1848  1     gi|243    36359    36549 
   722   4706 -1      gi|47    20602    20744 
   723   1170  1     gi|195     9902    10382 
   723   4615  1     gi|458    38603    39992 
   723   5916 -1     gi|195    11694    13093 
   723   4602 -1     gi|458     3105     4850 
   723   1171  1     gi|195    10436    11011 
   724   1173  1     gi|195    13192    13270 
   724   1982 -1     gi|255    19459    19607 
   725   1174  1     gi|195    13886    13940 
   725   1779 -1      gi|24    11010    11064 
   726   1179  1     gi|195    33643    33823 
   726   4836  1      gi|59    19704    19934 
   727   1180  1     gi|195    33856    34151 
   727   4837  1      gi|59    20261    20491 
   728   1181  1     gi|195    34894    35488 
   728   4838  1      gi|59    21317    21915 
   729   1183  1     gi|195    35753    36184 
   729   4839  1      gi|59    21944    22393 
   730   1188  1     gi|196    12960    13035 
   730   2186 -1     gi|272    13765    13840 
   731   1191  1     gi|196    18020    18167 
   731   2183 -1     gi|272     8638     8785 
   732   1192  1     gi|196    19535    19596 
   732   2182 -1     gi|272     7209     7270 
   733   1193  1     gi|196    20172    20700 
   733   1754  1     gi|235    38248    38772 
   733   2181 -1     gi|272     6095     6623 
   733   5920 -1     gi|272    12750    13281 
   733   2685  1     gi|305    11814    11845 
   733   5917  1     gi|196    13490    14017 
   733   2210 -1     gi|273    18973    19200 
   734   1195  1     gi|196    24929    24976 
   734   4604 -1     gi|458    13164    13211 
   735   1196  1     gi|197     6535     6816 
   735   4334  1     gi|434    35806    35887 
   735   4335  1     gi|434    36073    36244 
   735   4347  1     gi|435    32480    32555 
   735   4349 -1     gi|435    33141    33324 
   736   1202  1     gi|197    25166    25366 
   736   3138 -1      gi|34    20139    20340 
   737   1205  1     gi|197    37268    37330 
   737   1887  1     gi|248    16583    16646 
   738   1206  1     gi|198        1     1974 
   738   2682 -1     gi|305     6331     8331 
   738   3560  1     gi|378    33063    35067 
   738   4606  1     gi|458    18503    18627 
   739   1208  1     gi|198     3968     4073 
   739   4489 -1     gi|446    25174    26571 
   739   2938 -1     gi|319    39985    40125 
   739   3288  1     gi|353     4710     6555 
   739   1218  1     gi|198    12858    14700 
   739   1212 -1     gi|198     6090     7273 
   739   1216 -1     gi|198    12060    12721 
   740   1210  1     gi|198     5135     5449 
   740   4765 -1      gi|54    18614    19262 
   740   2027 -1     gi|259    11721    12368 
   740   4933  1      gi|65    30736    30807 
   740   5672 -1     gi|139    32945    33448 
   740   3999 -1     gi|407    27508    27786 
   740   4932  1      gi|65    30490    30625 
   740   5673  1      gi|66    37989    38290 
   741   1211  1     gi|198     5671     5889 
   741   2398  1     gi|286    33178    33375 
   742   1213  1     gi|198     7175     7566 
   742   4609 -1     gi|458    22556    22937 
   743   1214  1     gi|198    10219    11702 
   743   5219  1      gi|96     7055     8535 
   744   1215  1     gi|198    11676    12196 
   744   2981  1     gi|325     6977     7502 
   744   5220  1      gi|96     8503     8578 
   745   1217  1     gi|198    12836    12865 
   745   3286  1     gi|353     3289     3318 
   746   1220  1     gi|198    16874    18274 
   746   4942 -1      gi|66    17130    18510 
   746   4944 -1      gi|66    20773    22158 
   746   4947  1      gi|66    27067    27155 
   747   1221  1     gi|198    20580    20717 
   747   2367  1     gi|284    23261    23506 
   747   4906 -1      gi|63    26403    26648 
   748   1222  1     gi|198    23719    23767 
   748   5215  1      gi|95    32828    32878 
   749   1226  1     gi|198    25511    25837 
   749   4152 -1     gi|419    31739    32064 
   750   1227  1     gi|198    35917    36019 
   750   4079 -1     gi|412    30979    31125 
   750   1542  1     gi|223    11820    11956 
   751   1228  1     gi|198    39412    39719 
   751   1758  1     gi|237    11150    11457 
   752   1229  1     gi|199     3790     3942 
   752   4584 -1     gi|456    39477    39623 
   753   1230  1     gi|199     4022     4551 
   753   4583 -1     gi|456    39044    39505 
   754   1231  1     gi|199     5298     8367 
   754   4253  1     gi|428    17512    20803 
   754   1232  1     gi|199     8141     9007 
   755   1233  1     gi|199     9368    11162 
   756   1236  1     gi|199    27614    29095 
   756   4361  1     gi|438     2432     2918 
   756   4362  1     gi|438     3113     3846 
   756   4366 -1     gi|438    10574    12057 
   756   4369 -1     gi|438    18465    19756 
   757   1238  1     gi|199    35172    35581 
   757   4113  1     gi|415    33571    33955 
   757   4919 -1      gi|64    27577    27895 
   758   1240  1      gi|20    21603    21921 
   758   3566  1     gi|379    18865    19182 
   759   1241  1      gi|20    21922    22015 
   759   3567  1     gi|379    19280    19373 
   760   1243  1      gi|20    23171    23669 
   760   3568  1     gi|379    19379    19874 
   761   1244  1      gi|20    24030    24324 
   761   3569  1     gi|379    20236    20533 
   762   1245  1      gi|20    27907    27942 
   762   3565  1     gi|379     7232     7267 
   763   1246  1      gi|20    36034    36464 
   763   3564  1     gi|379     1513     1947 
   764   1247  1      gi|20    38265    38968 
   764   4493  1     gi|446    37786    38483 
   765   1248  1      gi|20    38918    39182 
   765   3240 -1     gi|348     3226     3485 
   766   1250  1      gi|20    40025    40102 
   766   1364 -1     gi|210    22452    22526 
   767   1251  1     gi|200     2955     3099 
   767   4536  1     gi|454     3891     4035 
   767   5726  1     gi|147    19260    19404 
   767   5728  1     gi|191    17923    18067 
   768   1252  1     gi|200    11401    12191 
   768   4502 -1     gi|447    38997    39798 
   768   3363 -1      gi|36    31324    31738 
   768   1447  1     gi|217    19887    20010 
   769   1253  1     gi|200    16870    17701 
   769   5255 -1      gi|98        1      782 
   770   1254  1     gi|200    33121    33310 
   770   3942 -1     gi|405        1      117 
   770   3946 -1     gi|405     9182     9369 
   771   1255  1     gi|201     6320     6459 
   772   1256  1     gi|201     6809     6877 
   772   1554  1     gi|223    35900    35968 
   773   1257  1     gi|201     6861     7316 
   773   1557  1     gi|223    37782    39125 
   774   1258  1     gi|201     7339     7659 
   774   3249  1     gi|348    14572    14904 
   775   1259  1     gi|201     7848    10715 
   775   2668 -1     gi|304    13273    16958 
   775   2671 -1     gi|304    17787    20672 
   775   2675 -1     gi|304    25174    25292 
   775   1262  1     gi|201    16196    19890 
   775   2674 -1     gi|304    22441    24646 
   775   3543  1     gi|376    26193    26716 
   775   5960  1     gi|211    13293    13545 
   776   1260  1     gi|201    12033    12110 
   776   2138  1      gi|27        3       80 
   776   2392 -1     gi|286     7170     7245 
   777   1261  1     gi|201    13645    14013 
   777   2670 -1     gi|304    17433    17822 
   778   1263  1     gi|201    20392    21868 
   778   2667 -1     gi|304    11790    13266 
   779   1264  1     gi|201    22358    23127 
   779   2666 -1     gi|304     9593    10365 
   779   3798 -1     gi|399     5025     5728 
   779   3799 -1     gi|399    18488    19246 
   780   1265  1     gi|201    23116    23301 
   780   2665 -1     gi|304     9152     9283 
   781   1267  1     gi|201    30678    32457 
   781   2663 -1     gi|304      210     1989 
   782   1268  1     gi|201    38741    39341 
   782   1761 -1     gi|237    23105    23204 
   782   5924 -1     gi|304     2816     3440 
   782   5926 -1     gi|338    34190    34269 
   782   5925 -1     gi|338    33723    34186 
   782   2428  1     gi|288    39959    40000 
   782   5933  1     gi|201    29678    30302 
   782   5922 -1     gi|304    39301    39578 
   783   1269  1     gi|201    40307    40378 
   783   3807  1     gi|399    33310    33341 
   783   3898 -1     gi|402      632      703 
   784   1272  1     gi|203    37710    37775 
   784   2923 -1     gi|318     6378     6452 
   785   1280  1     gi|204    27655    28016 
   786   1290  1     gi|205     8813    12989 
   786   1966  1     gi|253    10458    10802 
   786   2248  1     gi|276     6552    10739 
   787   1291  1     gi|205    15330    16553 
   787   2249  1     gi|276    13080    14309 
   787   5942 -1      gi|58     7132     8039 
   787   5945  1     gi|276    24429    25348 
   788   1292  1     gi|205    17069    17960 
   788   2250  1     gi|276    14822    15725 
   789   1293  1     gi|205    18830    19415 
   789   2251  1     gi|276    16592    17174 
   790   1297  1     gi|205    24724    25051 
   790   5951  1     gi|276    36619    36949 
   790   5953  1      gi|58    34883    35213 
   791   1298  1     gi|205    25582    25713 
   791   2264  1     gi|276    37475    37522 
   791   4828  1      gi|58    35715    35846 
   792   1299  1     gi|205    27367    27426 
   792   2279  1     gi|279    18033    18092 
   792   2582  1      gi|30    33081    33140 
   792   3206  1     gi|344    33282    33341 
   793   1300  1     gi|205    28668    29113 
   793   3250  1     gi|348    23076    23527 
   794   1303  1     gi|205    29667    29779 
   794   2256  1     gi|276    19961    20061 
   795   1304  1     gi|205    29795    30274 
   795   3016  1     gi|327    22383    22870 
   796   1305  1     gi|205    30804    30864 
   796   3017  1     gi|327    22868    22928 
   797   1306  1     gi|205    31044    31216 
   797   3018  1     gi|327    22927    23099 
   798   1308  1     gi|205    33267    33379 
   798   5495 -1     gi|118    21241    21353 
   798   5498 -1     gi|362    19091    19203 
   799   1309  1     gi|205    34499    35085 
   799   4821 -1      gi|58    23642    24259 
   799   5494 -1     gi|118    20649    21241 
   799   5497 -1     gi|362    18474    19091 
   799   2346  1     gi|283     5085     5173 
   799   5223  1      gi|96    11935    12187 
   800   1310  1     gi|206    10608    10736 
   800   2832 -1     gi|310    36202    36335 
   801   1311  1     gi|206    10739    10865 
   801   2831 -1     gi|310    36130    36248 
   802   1312  1     gi|206    11212    12176 
   802   2830 -1     gi|310    35074    36035 
   802   5041  1      gi|77    30210    30276 
   803   1314  1     gi|206    17420    18045 
   803   4556 -1     gi|454    38987    39581 
   803   1626  1     gi|228    18305    18526 
   803   1653 -1     gi|228    28012    28233 
   804   1315  1     gi|206    18001    18316 
   804   1627  1     gi|228    18480    18794 
   804   1652 -1     gi|228    27743    28058 
   804   4555 -1     gi|454    38290    38564 
   805   1316  1     gi|206    18316    18855 
   805   4554 -1     gi|454    37387    37930 
   806   1317  1     gi|206    19142    19476 
   806   4553 -1     gi|454    37009    37343 
   807   1319  1     gi|206    22666    22854 
   807   4391 -1     gi|439    21141    21353 
   807   4491 -1     gi|446    34052    34233 
   808   1320  1     gi|206    23318    23474 
   808   4248 -1     gi|428    12999    15501 
   808   4082  1     gi|414     3205     5574 
   808   4083  1     gi|414     7428    10363 
   808   1865  1     gi|245    21390    22268 
   808   1866  1     gi|245    22908    23383 
   808   3788  1     gi|398    22208    23016 
   808   4223 -1     gi|426     2573     3986 
   808   4224 -1     gi|426     5120     6456 
   808   3789  1     gi|398    22991    23053 
   808   4222 -1     gi|426        1     2936 
   809   1326  1     gi|206    39592    39735 
   809   4887  1      gi|61    32706    32849 
   810   1327  1     gi|206    39736    39799 
   810   4888  1      gi|61    33110    33178 
   811   1328  1     gi|206    39777    40065 
   811   4889  1      gi|61    33290    33578 
   812   1335  1     gi|207    28154    28226 
   812   2037  1      gi|26    27491    27566 
   812   5954 -1     gi|235     7741     7819 
   812   1443 -1     gi|217    11025    11099 
   812   5977 -1     gi|417    15569    15650 
   813   1338  1     gi|207    38663    39567 
   813   5045  1      gi|78     2358     3281 
   814   1339  1     gi|208     5363     5734 
   814   1805 -1     gi|240    37317    37443 
   814   1860 -1     gi|245     1954     2379 
   815   1340  1     gi|208     6668     7137 
   815   1804 -1     gi|240    36261    36729 
   815   1859 -1     gi|245      643     1004 
   816   1341  1     gi|208    11473    11818 
   816   3876 -1      gi|40    15997    16334 
   817   1343  1     gi|208    24603    25266 
   817   3871 -1      gi|40     9776    10539 
   817   1344  1     gi|208    28461    28687 
   818   1346  1     gi|209     9735     9792 
   818   2985 -1     gi|325    19186    19246 
   819   1347  1     gi|209    35193    35380 
   819   4899 -1      gi|63      866     1054 
   820   1352  1      gi|21    18834    18872 
   820   5956  1      gi|91      409      447 
   821   1355  1      gi|21    20625    21164 
   822   1357  1     gi|210     5176     7159 
   822   1478 -1      gi|22     9147     9496 
   822   1695 -1     gi|231    11761    13216 
   823   1358  1     gi|210     8848     9569 
   823   3688  1     gi|388    26707    26822 
   823   4862 -1      gi|60    25725    26381 
   823   5959  1     gi|388    27292    27567 
   823   5958  1     gi|388    27023    27291 
   824   1361  1     gi|210    15223    16428 
   824   2990  1     gi|326    10362    11551 
   825   1362  1     gi|210    16803    17020 
   825   2991  1     gi|326    11929    12148 
   826   1363  1     gi|210    20581    20719 
   826   2043  1     gi|260    21337    21487 
   827   1365  1     gi|210    22832    22920 
   827   5308 -1     gi|332    22004    22247 
   827   1492  1      gi|22    25271    25396 
   827   1762  1     gi|237    34759    34904 
   827   3987 -1     gi|407    13014    13183 
   827   3988 -1     gi|407    13404    13593 
   827   4000  1     gi|407    28721    28903 
   827   4394  1     gi|439    23287    23516 
   827   5301  1     gi|101    38348    38589 
   827   5304 -1     gi|165     2129     2376 
   827   5311 -1     gi|406     3109     3299 
   827   5314 -1      gi|68     4000     4228 
   827   3073  1     gi|334     5715     5938 
   827   5305  1     gi|226     1802     1952 
   827   5306 -1      gi|23    28838    28887 
   827   5312  1     gi|407    12902    12994 
   827   5309 -1     gi|334     7077     7192 
   827   5310 -1     gi|334     8099     8143 
   828   1366  1     gi|210    23337    26352 
   828   1455  1     gi|218    18770    18836 
   828   2055  1     gi|261    26476    26877 
   828   2058  1     gi|261    28872    29610 
   828   2724  1     gi|307    20469    23511 
   828   2056  1     gi|261    26988    27969 
   828   2057  1     gi|261    28154    29035 
   829   1367  1     gi|210    28272    28550 
   829   2716  1     gi|307     6204     6484 
   830   1369  1     gi|210    30758    31063 
   830   2720  1     gi|307    12464    12764 
   831   1371  1     gi|210    35023    36239 
   831   2717  1     gi|307     6917     8111 
   832   1372  1     gi|210    37936    38437 
   832   3082  1     gi|335     6047     6544 
   833   1376  1     gi|211    16616    17636 
   834   1377  1     gi|211    18299    18572 
   834   3188 -1     gi|343    15447    17579 
   834   2772  1     gi|309    15030    17147 
   834   1378  1     gi|211    18746    18817 
   835   1379  1     gi|211    21642    21847 
   835   3544  1     gi|376    27025    27225 
   836   1380  1     gi|211    23372    25442 
   836   1480 -1      gi|22    10381    10585 
   837   1381  1     gi|211    32500    34140 
   837   2473  1     gi|291    10225    10480 
   837   2482 -1     gi|291    17529    17695 
   837   2484  1     gi|291    23986    25075 
   837   4528  1     gi|453     6095     7824 
   837   1383  1     gi|211    35562    37261 
   837   2474 -1     gi|291    12721    12839 
   837   2477 -1     gi|291    13790    14078 
   837   5961 -1     gi|291    17384    17539 
   838   1382  1     gi|211    35313    35559 
   838   4803 -1      gi|57    27225    27490 
   839   1384  1     gi|211    38063    38357 
   839   3749 -1     gi|395    20863    21162 
   840   1385  1     gi|211    38211    40039 
   841   1386  1     gi|212     6984     7504 
   841   1964 -1     gi|253     7833     8374 
   842   1387  1     gi|212     9546    10122 
   842   3317  1     gi|355    32825    34617 
   843   1388  1     gi|212    10124    13944 
   843   3318  1     gi|355    34800    38627 
   844   1389  1     gi|212    14360    14626 
   845   1392  1     gi|212    18415    18513 
   845   2156 -1      gi|27    39126    39225 
   846   1393  1     gi|212    18852    19025 
   846   2150 -1      gi|27    33844    34012 
   847   1395  1     gi|212    21729    22066 
   847   3973  1     gi|406    20874    21134 
   847   4904 -1      gi|63    25438    25773 
   847   5102 -1      gi|84     1201     1329 
   848   1398  1     gi|212    28711    28870 
   848   4742  1      gi|52    30395    30542 
   848   5962  1      gi|80    25923    26072 
   848   5964 -1      gi|80    30000    30147 
   848   5966 -1      gi|52    30956    31109 
   848   5965 -1      gi|52    30835    30956 
   848   5963  1      gi|80    26076    26159 
   849   1399  1     gi|212    29322    29671 
   849   4358  1     gi|437    26867    27216 
   850   1402  1     gi|212    32682    32898 
   850   4308 -1     gi|432      401     1131 
   850   3005  1     gi|327     9010     9768 
   851   1403  1     gi|212    33350    34098 
   851   2143  1      gi|27     4205     4953 
   852   1404  1     gi|212    34159    34633 
   852   1884 -1     gi|248     8344     8826 
   853   1406  1     gi|212    38497    38530 
   853   3625  1     gi|384    30823    30856 
   854   1407  1     gi|212    38738    38895 
   854   4203 -1     gi|424    14553    14710 
   854   5729 -1     gi|397    28510    28653 
   855   1408  1     gi|212    39213    39271 
   855   4202 -1     gi|424    14510    14566 
   856   1409  1     gi|213     2511     2679 
   856   1864  1     gi|245    21187    21486 
   856   4204 -1     gi|424    15051    15344 
   857   1415  1     gi|213    33833    33923 
   857   3458  1     gi|369    17457    17547 
   857   4521  1     gi|450    27269    27359 
   857   5975  1     gi|450    13851    13940 
   857   5973  1     gi|213    11309    11398 
   858   1419  1     gi|215    30074    30199 
   858   3920  1     gi|403    35427    35552 
   859   1420  1     gi|215    35053    35181 
   859   5018 -1      gi|75     6180     6370 
   859   1421  1     gi|215    35268    35342 
   859   1519 -1     gi|221     6382     6459 
   859   4692 -1     gi|464    18549    18763 
   859   5617  1     gi|163     5112     5325 
   859   5620  1     gi|444    26271    26485 
   860   1425  1     gi|216     7891     8275 
   860   5149 -1      gi|88    37556    37913 
   861   1426  1     gi|216     8329     9444 
   861   5143  1      gi|88    26934    27562 
   861   5144  1      gi|88    27875    28241 
   861   5145  1      gi|88    28699    29574 
   861   5148 -1      gi|88    36060    37196 
   861   3781 -1     gi|397    30770    31040 
   861   2847 -1     gi|311    28809    28968 
   861   3884  1      gi|40    37524    37627 
   861   1525  1     gi|221    17694    17938 
   861   2862 -1     gi|312    30473    30630 
   862   1427  1     gi|216    10375    10531 
   862   4001  1     gi|407    37812    37971 
   863   1429  1     gi|216    16000    16060 
   863   5878 -1     gi|177     4146     4350 
   863   1686 -1      gi|23    29116    29347 
   863   2532 -1     gi|296    37888    38043 
   863   5879  1     gi|216    15744    15874 
   864   1430  1     gi|216    23294    23814 
   864   3905 -1     gi|402    14675    16531 
   864   4036 -1      gi|41    31393    33197 
   864   1436  1     gi|216    31516    33320 
   865   1431  1     gi|216    24041    24467 
   865   3904 -1     gi|402    13216    14104 
   865   1432  1     gi|216    24642    24834 
   865   1437  1     gi|216    34053    34779 
   866   1433  1     gi|216    27055    27141 
   866   3424 -1     gi|365    11303    11388 
   867   1434  1     gi|216    27220    28437 
   867   3708 -1      gi|39    26616    27832 
   868   1439  1     gi|217      367      558 
   868   5061 -1       gi|8    28814    29006 
   869   1440  1     gi|217     7199     7488 
   869   2004 -1     gi|257     7959     8277 
   869   2007 -1     gi|257    11343    11624 
   869   1441  1     gi|217     7669     7982 
   869   1445  1     gi|217    16157    16243 
   870   1442  1     gi|217     8962     9151 
   870   2003 -1     gi|257     6782     6980 
   871   1444  1     gi|217    15223    15284 
   871   1897  1     gi|249     6117     6172 
   871   2148 -1      gi|27    17174    17230 
   871   2548  1       gi|3     2192     2247 
   871   3307  1     gi|355     4027     4081 
   871   3368 -1      gi|36    39827    39881 
   871   3700  1      gi|39     9643     9697 
   871   4276 -1      gi|43     7595     7649 
   871   5564  1     gi|124    19292    19347 
   871   5565 -1     gi|328    34775    34830 
   871   5566 -1     gi|410     7176     7231 
   871   5567  1      gi|47    26285    26340 
   872   1446  1     gi|217    19504    19629 
   872   3234 -1     gi|347    23846    24023 
   873   1450  1     gi|217    25653    25906 
   873   4835 -1      gi|59    15427    15723 
   874   1451  1     gi|217    25948    26122 
   874   4834 -1      gi|59    15146    15321 
   875   1452  1     gi|217    34285    35040 
   875   1998  1     gi|257        3      780 
   875   1453  1     gi|217    37663    38225 
   876   1457  1     gi|218    30710    30904 
   876   4678 -1     gi|464      250      447 
   877   1458  1     gi|218    31270    31507 
   877   4677 -1     gi|464        2      239 
   878   1461  1     gi|218    39578    39925 
   878   1725  1     gi|233     2497     2834 
   879   1462  1     gi|219       31     1671 
   879   2029 -1     gi|259    17088    18739 
   879   4238  1     gi|428       69     1665 
   880   1463  1     gi|219     2758     2925 
   880   4239  1     gi|428     2752     2922 
   881   1464  1     gi|219     2953     6113 
   881   1684  1      gi|23    28129    28242 
   881   4251  1     gi|428    16366    16625 
   881   4252  1     gi|428    16979    17554 
   882   1466  1     gi|219    10801    11116 
   882   3410  1     gi|364    18232    18547 
   883   1467  1     gi|219    11115    11411 
   883   3415  1     gi|364    39704    40000 
   884   1469  1     gi|219    17011    17091 
   884   2932  1     gi|319    12639    13024 
   884   1920  1     gi|250    20331    20676 
   885   1470  1     gi|219    17321    17548 
   885   2636  1     gi|302    22495    22722 
   886   1474  1     gi|219    36656    39020 
   886   1580  1     gi|225    21553    23917 
   886   4571  1     gi|456     5316     5442 
   886   4857  1      gi|60     6816     9180 
   886   4572  1     gi|456     5754     5821 
   886   4573  1     gi|456     6177     6262 
   886   4574  1     gi|456     6321     6570 
   886   4575  1     gi|456     7559     9010 
   887   1476  1      gi|22     1790     2207 
   887   2294  1     gi|279    37482    37936 
   887   4328 -1     gi|434    11329    11420 
   887   4183 -1     gi|421    14240    14789 
   887   1477  1      gi|22     4100     4690 
   887   5151 -1      gi|89     1549     1990 
   888   1479  1      gi|22     9764    10086 
   888   2522  1     gi|295    20634    20955 
   888   2165 -1     gi|270    31578    31693 
   889   1482  1      gi|22    17400    17642 
   889   3623  1     gi|384    29466    29722 
   890   1484  1      gi|22    20707    20764 
   890   5936 -1     gi|354    18046    18593 
   890   4097  1     gi|415     4929     5024 
   890   4732 -1      gi|51      265      348 
   890   5928 -1     gi|387    25041    25256 
   890   5931  1     gi|281    35420    35635 
   890   5937  1     gi|455    15906    16417 
   891   1485  1      gi|22    20762    20897 
   891   3294  1     gi|354    17047    17336 
   891   5927 -1     gi|387    24753    25039 
   891   5929  1     gi|455    16427    16725 
   891   5935  1      gi|22    21112    21243 
   891   5932  1     gi|281    35635    35922 
   892   1488  1      gi|22    22802    22873 
   892   3525  1     gi|375    14659    14755 
   893   1490  1      gi|22    23246    23804 
   893   4727  1       gi|5    27287    27838 
   894   1493  1      gi|22    32927    33411 
   894   2608 -1     gi|301    13504    13921 
   894   2617 -1     gi|301    21460    21570 
   895   1494  1      gi|22    33584    33896 
   895   4945  1      gi|66    25770    26094 
   896   1495  1      gi|22    34930    35217 
   896   2283 -1     gi|279    24202    24535 
   897   1496  1      gi|22    35823    36123 
   897   1731 -1     gi|234     3222     3534 
   898   1497  1      gi|22    38412    38488 
   898   1840  1     gi|242    34052    34140 
   899   1499  1     gi|220     8164     8417 
   899   1863 -1     gi|245    20965    21240 
   899   4207  1     gi|424    18008    18042 
   900   1503  1     gi|220    19846    20075 
   900   3961 -1     gi|406     5849     5948 
   900   1838  1     gi|242    30603    30906 
   900   2101 -1     gi|265    22746    23070 
   900   4066  1     gi|411    36581    36727 
   900   3962 -1     gi|406     5978     6132 
   901   1506  1     gi|220    31073    31234 
   901   2849 -1     gi|311    35877    36038 
   901   4230  1     gi|426    25434    25595 
   901   4866  1      gi|60    36198    36359 
   902   1508  1     gi|221        1      519 
   902   3080 -1     gi|335      925     1430 
   902   1517 -1     gi|221     5190     5496 
   903   1509  1     gi|221      800      947 
   903   2081 -1     gi|264     3906     4058 
   903   1516 -1     gi|221     4761     4909 
   903   3899 -1     gi|402     3477     3551 
   904   1510  1     gi|221     1136     1195 
   904   5761  1      gi|80     8836     8896 
   904   1515 -1     gi|221     4514     4573 
   904   5763 -1     gi|153     8878     8924 
   905   1511  1     gi|221     1245     1353 
   905   5759 -1     gi|229    25602    27456 
   905   1512  1     gi|221     1390     1928 
   905   1513 -1     gi|221     3780     4319 
   905   1514 -1     gi|221     4346     4464 
   905   5756 -1     gi|153     7066     8872 
   905   5758 -1     gi|181    38348    40081 
   905   5762  1      gi|80     8901    10721 
   906   1518  1     gi|221     6104     6242 
   906   1826 -1     gi|241    38906    39053 
   907   1523  1     gi|221    10160    10655 
   907   1825 -1     gi|241    38408    38903 
   908   1524  1     gi|221    10656    10807 
   908   1815 -1     gi|241    21291    21443 
   909   1530  1     gi|221    26283    26452 
   909   2151 -1      gi|27    34614    34816 
   910   1538  1     gi|223     5332     5385 
   910   5179 -1      gi|90     8233     8286 
   911   1544  1     gi|223    13111    13524 
   911   2169  1     gi|270    39633    40000 
   912   1545  1     gi|223    13525    14774 
   912   4771  1      gi|56        1     1239 
   913   1547  1     gi|223    19182    19384 
   913   4671 -1     gi|463     5087     5280 
   914   1548  1     gi|223    19631    19704 
   914   4670 -1     gi|463     4640     4713 
   915   1549  1     gi|223    20329    20423 
   915   4669 -1     gi|463     3941     4035 
   916   1550  1     gi|223    20576    20890 
   916   4668 -1     gi|463     3313     3642 
   917   1552  1     gi|223    25751    25808 
   917   2076  1     gi|263     8130     8187 
   918   1553  1     gi|223    32922    32971 
   918   4588  1     gi|457     6229     7583 
   918   4630  1      gi|46    38582    39734 
   918   5070  1      gi|80    18103    19372 
   919   1555  1     gi|223    37001    37041 
   919   5129 -1      gi|86    29691    29731 
   920   1556  1     gi|223    37038    37802 
   920   5128 -1      gi|86    28622    29425 
   921   1560  1     gi|225        1     1040 
   922   1567  1     gi|225     8349     8461 
   922   5395  1     gi|110    35057    35194 
   922   5397  1     gi|145    31571    31708 
   923   1570  1     gi|225    10352    10400 
   923   4451  1     gi|442    34637    34925 
   923   3220 -1     gi|345    22697    22963 
   924   1577  1     gi|225    19002    19114 
   924   5983 -1     gi|362    28078    28177 
   924   5984  1     gi|364     1227     1326 
   925   1578  1     gi|225    19212    19600 
   925   1969  1     gi|253    25429    32807 
   925   2192 -1     gi|272    27765    31914 
   925   2429  1     gi|289     1886     1957 
   925   2430  1     gi|289     2499     3423 
   925   2431  1     gi|289     3788     8945 
   925   4812 -1      gi|58     8789    16167 
   925   5986  1     gi|324    23551    24953 
   925   1579  1     gi|225    20089    20345 
   925   2176  1     gi|272        1      157 
   925   2188 -1     gi|272    21479    21561 
   925   2191 -1     gi|272    25917    26736 
   925   4123 -1     gi|417    35054    35628 
   925   4124 -1     gi|417    35670    38082 
   926   1581  1     gi|226      996     1147 
   926   5211  1      gi|95    18699    18873 
   927   1583  1     gi|226     1964     2388 
   927   3782 -1     gi|397    31407    31883 
   927   5290 -1     gi|366    18519    18976 
   927   1619  1     gi|228    15081    15166 
   927   1660 -1     gi|228    31372    31457 
   927   1617 -1     gi|228    13725    14180 
   927   1622  1     gi|228    16317    16774 
   927   1657 -1     gi|228    29764    30221 
   927   4989 -1      gi|70    32344    32786 
   928   1584  1     gi|226    16294    16668 
   928   3254 -1     gi|348    32862    33262 
   929   1585  1     gi|227       57      290 
   929   5990 -1     gi|371    10048    10608 
   929   1942  1     gi|252     5302     5383 
   929   3381 -1     gi|362    17777    17843 
   929   3384 -1     gi|362    21279    21763 
   929   5987  1     gi|252     6275     6753 
   929   5991 -1     gi|250    28429    28563 
   929   5993 -1     gi|272    13803    13949 
   929   5992 -1     gi|250    28564    28850 
   929   5994 -1     gi|272    13953    14243 
   930   1586  1     gi|227      602      836 
   930   5995 -1     gi|424     4687     5027 
   930   1941 -1     gi|252     4346     4853 
   930   3471  1     gi|371    11060    11568 
   930   5996  1     gi|227      725     1126 
   930   3699  1      gi|39     8711     9011 
   931   1588  1     gi|227     1124     1397 
   931   2265 -1     gi|276    37771    38026 
   932   1593  1     gi|227    10742    11026 
   932   3954  1     gi|405    30316    30589 
   932   1602  1     gi|227    31038    31195 
   933   1595  1     gi|227    12298    13067 
   933   4526 -1     gi|453       98      863 
   933   1599  1     gi|227    22469    23206 
   933   1604  1     gi|227    32814    33609 
   934   1596  1     gi|227    16518    16678 
   934   5998  1      gi|49     3573     3721 
   934   1605  1     gi|227    36998    37158 
   934   6001 -1     gi|292     2498     2643 
   935   1598  1     gi|227    21742    21839 
   936   1600  1     gi|227    23853    23911 
   936   4084 -1     gi|414    12606    12656 
   937   1603  1     gi|227    32071    32187 
   938   1607  1     gi|228        1     1365 
   938   4880  1      gi|61    18154    19522 
   939   1609  1     gi|228     2451     2523 
   939   4684  1     gi|464    13518    13590 
   940   1611  1     gi|228     3884     3945 
   940   4685  1     gi|464    14267    14346 
   940   6005  1       gi|4    17141    17198 
   941   1612  1     gi|228     6725     7632 
   941   4872  1      gi|61     7049     7818 
   942   1615  1     gi|228     9708    10161 
   942   4874  1      gi|61     8341    10206 
   942   1616  1     gi|228    13145    13618 
   943   1618  1     gi|228    14182    14527 
   943   3892 -1     gi|401     3592     4338 
   943   1621 -1     gi|228    15584    16314 
   943   1658  1     gi|228    30223    30953 
   943   3890 -1     gi|401     1787     2490 
   943   3894 -1     gi|401     5772     6527 
   943   4233 -1     gi|427     3361     3540 
   943   4441  1     gi|441    32919    33079 
   944   1623  1     gi|228    16778    16957 
   944   3891  1     gi|401     2531     2717 
   944   3893  1     gi|401     4348     4529 
   944   1656 -1     gi|228    29581    29760 
   945   1628  1     gi|228    19421    19558 
   945   4235 -1     gi|427     3772     3993 
   945   1629 -1     gi|228    19559    19653 
   945   1630 -1     gi|228    19663    19808 
   945   1635 -1     gi|228    21256    21460 
   945   1644  1     gi|228    25078    25282 
   945   1649  1     gi|228    26730    26875 
   945   1650  1     gi|228    26885    26979 
   945   1651 -1     gi|228    26980    27117 
   945   4231 -1     gi|427     1119     1306 
   946   1632  1     gi|228    20011    20160 
   946   3338 -1     gi|358    14056    14629 
   946   1633  1     gi|228    20341    20461 
   946   1639 -1     gi|228    22584    23164 
   946   1640  1     gi|228    23374    23954 
   946   1646 -1     gi|228    26077    26197 
   946   1647 -1     gi|228    26378    26527 
   947   1634  1     gi|228    20495    20597 
   947   3337 -1     gi|358    14003    14100 
   947   1645 -1     gi|228    25941    26043 
   948   1636  1     gi|228    21461    21537 
   948   4234 -1     gi|427     3697     3772 
   948   1643 -1     gi|228    25001    25077 
   949   1637  1     gi|228    21535    21574 
   949   4232 -1     gi|427     2619     2660 
   949   1642 -1     gi|228    24964    25003 
   950   1638  1     gi|228    21624    21681 
   950   5573  1     gi|124    27357    27414 
   950   5575  1     gi|206    29332    29389 
   950   1641 -1     gi|228    24857    24914 
   951   1661  1     gi|228    32034    32834 
   951   3092  1     gi|335    39265    40065 
   952   1662  1     gi|228    32835    34010 
   952   4868  1      gi|61        1     1174 
   953   1663  1     gi|228    34040    34213 
   953   5382  1     gi|150    32573    32746 
   954   1664  1     gi|228    34516    34862 
   954   1989  1     gi|255    29127    29924 
   954   3971 -1     gi|406    14912    15582 
   955   1666  1     gi|228    37368    37553 
   955   3355  1      gi|36    23322    23509 
   956   1667  1     gi|228    37998    38594 
   956   4869  1      gi|61     3234     3829 
   957   1668  1     gi|228    38595    39844 
   957   4870  1      gi|61     5084     5668 
   958   1669  1     gi|229     2359     2440 
   958   3989  1     gi|407    16836    16918 
   959   1674  1     gi|229    10112    10262 
   959   3481 -1     gi|371    26287    26424 
   960   1675  1     gi|229    10317    10553 
   960   4017  1     gi|409    25838    26063 
   960   5152 -1      gi|89     2377     2536 
   961   1676  1     gi|229    18406    18856 
   962   1679  1      gi|23    14464    18120 
   962   3910 -1     gi|403    13987    17643 
   962   2235 -1     gi|275    11489    11749 
   962   5295 -1     gi|275    11152    11469 
   963   1681  1      gi|23    26501    26556 
   963   3878 -1      gi|40    17556    17609 
   964   1682  1      gi|23    26560    26773 
   964   3600  1     gi|383    26109    26330 
   965   1687  1      gi|23    38098    38184 
   965   1690  1     gi|230    38887    39345 
   965   4098 -1     gi|415     5021     5464 
   966   1688  1      gi|23    39809    40096 
   967   1689  1     gi|230    37820    38231 
   967   3376  1     gi|362    10800    11203 
   967   1985  1     gi|255    22970    23014 
   968   1691  1     gi|230    39236    40145 
   968   2919 -1     gi|317    34895    36109 
   968   3580 -1      gi|38    29353    29542 
   968   3662  1     gi|387    22939    24140 
   968   3661 -1     gi|387    22640    22804 
   969   1692  1     gi|231     7273     7972 
   969   1718 -1     gi|232    23939    24017 
   969   3670  1     gi|388     2343     2997 
   969   5357 -1     gi|388     4250     4902 
   969   3669  1     gi|388     1907     1950 
   969   6017 -1     gi|231     8014     8694 
   969   4973 -1       gi|7    12848    12934 
   970   1693  1     gi|231     7799     8221 
   970   1717 -1     gi|232    23185    23430 
   970   4509 -1     gi|448    28789    29503 
   970   2893 -1     gi|316     4924     5121 
   970   2894  1     gi|316     5119     5664 
   971   1696  1     gi|231    13698    15771 
   971   3445 -1     gi|366    31575    32448 
   971   4847 -1       gi|6    18695    19179 
   972   1701  1     gi|232     1822     2122 
   972   2556 -1       gi|3    10345    11211 
   972   5243  1      gi|97    25625    26501 
   972   5254  1      gi|97    39936    40000 
   972   1709  1     gi|232    12527    12598 
   972   1714  1     gi|232    18044    18108 
   973   1702  1     gi|232     3077     3477 
   973   5244  1      gi|97    26503    26896 
   973   1710  1     gi|232    13754    14193 
   974   1703  1     gi|232     5103     5264 
   974   5245  1      gi|97    27625    27793 
   974   1711  1     gi|232    15751    15912 
   975   1704  1     gi|232     5537     5656 
   976   1705  1     gi|232     5643     6046 
   977   1706  1     gi|232     7759     8047 
   977   5735 -1       gi|3    20570    22239 
   977   1715  1     gi|232    18591    19179 
   977   4745 -1      gi|52    34053    34413 
   977   5239  1      gi|97    17415    19054 
   977   5249  1      gi|97    31856    31996 
   977   5738  1      gi|97    31990    33346 
   977   1716  1     gi|232    19678    20508 
   977   2551 -1       gi|3     5801     5931 
   977   2555 -1       gi|3    10044    10297 
   978   1707  1     gi|232     8385     8660 
   979   1708  1     gi|232    10813    11167 
   979   2558 -1       gi|3    14578    15984 
   979   5241  1      gi|97    20799    22315 
   979   5252  1      gi|97    35112    36631 
   979   2554 -1       gi|3     9398     9793 
   979   1712  1     gi|232    16185    16287 
   980   1713  1     gi|232    16291    16694 
   981   1719  1     gi|232    25209    26187 
   981   2480 -1     gi|291    17150    17207 
   981   3115  1     gi|338    16101    17039 
   981   4788 -1      gi|57     1200     1320 
   981   2790 -1      gi|31    16419    16536 
   981   4789 -1      gi|57     1320     1420 
   982   1720  1     gi|232    26963    27738 
   982   4825  1      gi|58    32320    32580 
   982   4826  1      gi|58    33712    34223 
   982   5647 -1     gi|261    17200    17946 
   982   5649 -1     gi|132    22809    23603 
   982   3659  1     gi|387    21531    21706 
   982   3660  1     gi|387    21891    22168 
   982   3951 -1     gi|405    27334    27750 
   982   3952 -1     gi|405    27752    27923 
   982   5650 -1     gi|216    38603    38686 
   983   1721  1     gi|232    29772    30131 
   983   2786 -1      gi|31      973     1560 
   983   2752  1     gi|308    19195    19844 
   983   4787 -1      gi|57      184      769 
   983   4790  1      gi|57     1433     1467 
   983   1722  1     gi|232    30896    30970 
   983   3116  1     gi|338    17553    17834 
   983   3117  1     gi|338    24418    24785 
   983   2754 -1     gi|308    21277    21343 
   984   1723  1     gi|232    38558    38843 
   985   1724  1     gi|233      953     1016 
   985   3678  1     gi|388    18080    18143 
   985   5578  1     gi|373     8700     8761 
   985   3599  1     gi|383    19202    19268 
   985   5576  1     gi|124    34240    34300 
   985   4029 -1     gi|409    36897    36948 
   985   5580 -1     gi|457    11125    11179 
   986   1726  1     gi|233    29776    30383 
   986   3964  1     gi|406     9270     9882 
   987   1727  1     gi|234      874      976 
   987   5087  1      gi|82    10079    10192 
   988   1729  1     gi|234     2007     2674 
   988   2695  1     gi|305    30300    30694 
   989   1733  1     gi|234     4897     5123 
   989   2696 -1     gi|305    31300    31548 
   990   1734  1     gi|234    17018    17049 
   990   4631  1     gi|461      435     1291 
   990   5114 -1      gi|84    26093    26925 
   990   5116 -1      gi|84    30388    31042 
   991   1735  1     gi|234    26717    27583 
   992   1736  1     gi|234    31389    31421 
   992   3268 -1     gi|349    37087    37568 
   992   1740  1     gi|234    36293    36580 
   992   3604 -1     gi|384     1022     1508 
   993   1738  1     gi|234    34234    35419 
   993   2730  1     gi|308      102     1346 
   994   1741  1     gi|234    37696    38518 
   994   2262  1     gi|276    32480    33557 
   994   3906 -1     gi|402    17296    18376 
   994   5097  1      gi|82    19485    19715 
   994   2113  1     gi|267      574      957 
   995   1742  1     gi|234    39449    39590 
   995   4135 -1     gi|419      952     1093 
   996   1744  1     gi|235    12456    12506 
   996   3153 -1     gi|340    23087    23137 
   997   1747  1     gi|235    14440    14515 
   997   3152 -1     gi|340    22549    22623 
   998   1760  1     gi|237    22747    22884 
   998   3572 -1      gi|38        1      203 
   999   1764  1     gi|237    36881    36967 
   999   3297  1     gi|354    28492    28815 
   999   2350  1     gi|283    18775    18930 
   999   2989  1     gi|326     5406     5899 
   999   2761 -1     gi|308    35597    35779 
   999   2777  1     gi|309    29915    30414 
   999   3629 -1     gi|384    35158    35308 
   999   2798 -1     gi|310     2265     2318 
  1000   1766  1     gi|237    39176    39341 
  1000   4860  1      gi|60    22019    22184 
  1001   1769  1     gi|238    19847    19989 
  1001   3281  1     gi|351    11944    12086 
  1002   1770  1     gi|238    20766    20896 
  1002   4569 -1     gi|455    39870    40000 
  1002   3282  1     gi|351    13313    13424 
  1003   1771  1     gi|238    27446    27767 
  1004   1772  1     gi|239    11986    12391 
  1004   3033 -1     gi|328    23939    24358 
  1005   1774  1     gi|239    24009    24100 
  1005   3550  1     gi|378    21152    22327 
  1005   4077 -1     gi|412    21299    22504 
  1005   6018 -1     gi|412    15853    16997 
  1005   3549  1     gi|378    19833    20863 
  1005   3552  1     gi|378    22985    24130 
  1005   3553  1     gi|378    24529    24674 
  1005   4076 -1     gi|412    18968    20145 
  1006   1777  1      gi|24        7      140 
  1006   5454  1     gi|213    37971    39162 
  1006   1780  1      gi|24    11461    12183 
  1006   6020  1     gi|339     9967    11100 
  1006   6021 -1     gi|278    32746    33940 
  1006   1778  1      gi|24    10145    10558 
  1007   1782  1      gi|24    15227    16444 
  1007   2854  1     gi|312     4457     5658 
  1007   2856  1     gi|312    18553    19712 
  1008   1783  1      gi|24    18692    18762 
  1008   2853  1     gi|312     1893     1965 
  1009   1784  1      gi|24    19627    19792 
  1009   2855  1     gi|312    11368    11544 
  1010   1787  1      gi|24    27931    28126 
  1010   5939 -1     gi|204    33775    33977 
  1010   5940  1     gi|375    20560    20712 
  1010   1788  1      gi|24    32842    33037 
  1011   1792  1     gi|240    21446    21625 
  1011   1841 -1     gi|242    37366    37545 
  1012   1798  1     gi|240    30703    30768 
  1012   6030  1     gi|258    27811    28103 
  1012   1799  1     gi|240    30861    30955 
  1012   1800  1     gi|240    31012    31094 
  1012   2041  1     gi|260    16560    16832 
  1012   6027 -1     gi|257     2702     2995 
  1012   6029  1     gi|258    27712    27808 
  1012   4901  1      gi|63    17971    18227 
  1013   1801  1     gi|240    31193    31526 
  1013   2000 -1     gi|257     2413     2677 
  1014   1803  1     gi|240    32023    32166 
  1014   2017  1     gi|258    28687    29209 
  1014   6031 -1     gi|257     1779     2282 
  1014   6034  1     gi|240    31725    31821 
  1014   2042  1     gi|260    17843    17935 
  1015   1806  1     gi|240    37703    37970 
  1015   1861  1     gi|245     2297     2562 
  1016   1807  1     gi|240    39045    39755 
  1016   4490 -1     gi|446    28387    29100 
  1017   1808  1     gi|241     2541     2797 
  1017   5105 -1      gi|84     3249     3584 
  1017   1811  1     gi|241     9289     9484 
  1017   1814  1     gi|241    19906    20247 
  1018   1810  1     gi|241     4490     5242 
  1018   4143  1     gi|419    11647    12504 
  1018   3636 -1     gi|385     6401     7063 
  1018   3040  1     gi|328    31183    31715 
  1018   5377  1     gi|278     7142     7260 
  1018   3041  1     gi|328    31871    31933 
  1018   6112  1     gi|386    21303    21382 
  1019   1812  1     gi|241    10159    11485 
  1019   5107 -1      gi|84     5231     6567 
  1020   1817  1     gi|241    23082    23398 
  1020   2238  1     gi|275    13454    14981 
  1020   1818  1     gi|241    23748    23860 
  1020   3939  1     gi|404    31097    32519 
  1021   1819  1     gi|241    34168    34786 
  1021   2239  1     gi|275    14714    15320 
  1021   3941  1     gi|404    33794    34381 
  1021   3940  1     gi|404    33056    33224 
  1021   2240  1     gi|275    15146    15736 
  1022   1827  1     gi|241    39592    39993 
  1022   3081 -1     gi|335     1433     4101 
  1022   5020  1      gi|75     9989    12561 
  1023   1828  1     gi|242       10     1103 
  1023   3109  1     gi|337    38462    38860 
  1023   3690  1     gi|388    30592    31542 
  1024   1829  1     gi|242     1038     2611 
  1024   3691  1     gi|388    31556    33113 
  1025   1834  1     gi|242     9340     9620 
  1025   2127  1     gi|267    34517    34806 
  1026   1836  1     gi|242    28684    28881 
  1027   1839  1     gi|242    32338    33517 
  1027   4843  1      gi|59    34156    34561 
  1027   4844  1      gi|59    35586    36820 
  1028   1842  1     gi|242    38237    40000 
  1028   2870 -1     gi|314    30517    32287 
  1029   1845  1     gi|243    25448    25484 
  1029   5037  1      gi|77     5476     5617 
  1029   3932 -1     gi|404    19694    19783 
  1030   1846  1     gi|243    25796    25943 
  1030   3931 -1     gi|404    19075    19445 
  1030   4266  1     gi|429    30354    30621 
  1030   5038  1      gi|77     6691     7059 
  1030   5040  1      gi|77    15578    15786 
  1031   1847  1     gi|243    28812    29298 
  1031   4707 -1      gi|47    21512    21995 
  1032   1849  1     gi|243    37032    37698 
  1032   1911  1      gi|25    28235    29102 
  1032   2859  1     gi|312    24879    25650 
  1032   3698  1      gi|39     4478     4818 
  1033   1851  1     gi|244    15487    15535 
  1033   3730  1     gi|393      343      391 
  1034   1852  1     gi|244    16190    16522 
  1034   2361 -1     gi|284     5409     5754 
  1034   3419  1     gi|365     8079     8352 
  1034   6035  1     gi|462    13802    14198 
  1034   6037  1     gi|344    33798    34032 
  1035   1853  1     gi|244    16537    16690 
  1035   3421  1     gi|365     8529     8696 
  1036   1855  1     gi|244    26128    26239 
  1036   2544 -1     gi|299    33044    33154 
  1037   1856  1     gi|244    26492    27222 
  1037   2543 -1     gi|299    32023    32803 
  1038   1857  1     gi|244    35403    35488 
  1038   5386 -1     gi|109    26767    28607 
  1038   3183 -1     gi|343     8339     9557 
  1038   5384 -1     gi|343     1454     3316 
  1039   1868  1     gi|245    34297    34449 
  1039   5893 -1     gi|180    22726    22877 
  1039   5895 -1     gi|365    25225    25381 
  1040   1869  1     gi|245    35120    35203 
  1040   5892 -1     gi|180    22640    22722 
  1040   5894 -1     gi|365    25136    25225 
  1041   1871  1     gi|245    39852    40077 
  1041   3009 -1     gi|327    11326    11551 
  1042   1875  1     gi|247        1      320 
  1042   5955  1      gi|21    18270    18589 
  1043   1881  1     gi|248     3457     4059 
  1043   2097  1     gi|265    16494    16875 
  1043   2410 -1     gi|287    32080    32319 
  1043   6015 -1      gi|23    26158    26467 
  1043   6016 -1     gi|384    16179    16780 
  1043   2411 -1     gi|287    33453    33818 
  1044   1885  1     gi|248    15240    15334 
  1044   3135 -1      gi|34    16078    16172 
  1045   1886  1     gi|248    16235    16335 
  1045   3134 -1      gi|34    15128    15229 
  1046   1889  1     gi|248    23682    24046 
  1047   1890  1     gi|248    30377    30651 
  1047   4587 -1     gi|457     4926     5189 
  1048   1891  1     gi|248    30652    30851 
  1048   4586 -1     gi|457     2077     2274 
  1049   1893  1     gi|248    38090    38304 
  1049   4321  1     gi|433    19091    19291 
  1050   1894  1     gi|248    38556    38674 
  1050   2426  1     gi|288    37565    37687 
  1050   3277 -1      gi|35    17586    17675 
  1051   1895  1     gi|249     1245     1399 
  1051   3209  1     gi|344    34326    34570 
  1051   3883  1      gi|40    36284    36609 
  1051   2136 -1     gi|269    32915    33081 
  1051   3907  1     gi|402    18806    18940 
  1052   1898  1     gi|249     7878     8029 
  1052   2088 -1     gi|264    31478    31624 
  1053   1899  1     gi|249    18145    18527 
  1053   4718 -1      gi|49     9479     9866 
  1054   1900  1     gi|249    18533    18615 
  1054   4717 -1      gi|49     9183     9265 
  1055   1901  1     gi|249    19466    19523 
  1055   3075  1     gi|334     7199     7256 
  1056   1902  1     gi|249    20533    20688 
  1056   1943  1     gi|252     5591     5746 
  1057   1903  1     gi|249    20687    20792 
  1057   1944  1     gi|252     5962     6067 
  1058   1907  1     gi|249    27448    27732 
  1058   4275  1      gi|43     5877     6149 
  1058   4278 -1      gi|43    11902    12089 
  1059   1908  1      gi|25     7533     8190 
  1059   3728  1     gi|391    38441    39104 
  1060   1909  1      gi|25     8895     9032 
  1060   3290 -1     gi|353    23002    23139 
  1060   5168 -1      gi|89    29766    29903 
  1061   1910  1      gi|25    20156    20250 
  1061   3727  1     gi|391    31406    31500 
  1062   1912  1      gi|25    29267    29879 
  1062   3300  1     gi|354    35669    36271 
  1063   1913  1      gi|25    33164    33598 
  1063   5908  1     gi|279    20102    21648 
  1063   5910  1      gi|89    23092    24791 
  1063   2277  1     gi|279    15189    15333 
  1063   3704  1      gi|39    17484    17834 
  1064   1914  1      gi|25    33492    34159 
  1064   5907  1     gi|243    37370    38359 
  1064   5909  1      gi|39    10002    10992 
  1064   5906  1      gi|19    24296    24588 
  1065   1923  1     gi|250    30836    31047 
  1065   4091 -1     gi|414    18833    19409 
  1065   1976  1     gi|255     5783     6366 
  1066   1926  1     gi|251       10       73 
  1066   6039 -1      gi|53    39573    40020 
  1066   2801 -1     gi|310     3662     4097 
  1066   2802  1     gi|310     4123     4527 
  1066   6040  1     gi|251     8394     8647 
  1067   1928  1     gi|251    14146    14214 
  1067   5385  1     gi|109    25860    26765 
  1067   5383  1     gi|343      547     1452 
  1067   3252  1     gi|348    25580    26065 
  1067   3491  1     gi|373    12877    13375 
  1068   1929  1     gi|251    17905    18178 
  1068   2692  1     gi|305    27251    27526 
  1068   5745 -1      gi|15    24102    24283 
  1069   1931  1     gi|251    28114    28332 
  1069   4006 -1     gi|408     4669     4883 
  1070   1932  1     gi|251    28965    30540 
  1070   4005 -1     gi|408     2537     4067 
  1071   1933  1     gi|251    30872    31129 
  1071   4004 -1     gi|408     2103     2367 
  1072   1934  1     gi|252      499     1145 
  1072   2494  1     gi|292    14225    14870 
  1072   4370  1     gi|438    25861    26544 
  1072   3595  1     gi|382    22240    22478 
  1073   1935  1     gi|252     2138     2433 
  1073   2495  1     gi|292    15989    16277 
  1073   2657 -1     gi|303    30310    30504 
  1074   1937  1     gi|252     2823     2878 
  1074   3112  1     gi|338     8001     8084 
  1074   2362 -1     gi|284     6517     6569 
  1075   1947  1     gi|252     8323     8691 
  1076   1948  1     gi|252     8597     8874 
  1076   4198  1     gi|424     5260     5319 
  1077   1951  1     gi|252    10839    11069 
  1077   2507 -1     gi|294    27501    27731 
  1077   4442  1     gi|441    37583    37694 
  1078   1956  1     gi|252    22642    22871 
  1078   3238  1     gi|347    39495    39711 
  1079   1957  1     gi|252    24532    24622 
  1079   3239  1     gi|347    39971    40061 
  1080   1958  1     gi|252    26214    26423 
  1080   2875 -1     gi|315    15549    15759 
  1081   1959  1     gi|252    35032    35683 
  1081   4917  1      gi|64    24165    24361 
  1081   4918  1      gi|64    26220    26865 
  1081   4920  1      gi|64    34346    34980 
  1081   4921  1      gi|64    35704    36224 
  1081   4922  1      gi|64    38242    38738 
  1082   1968  1     gi|253    20769    20955 
  1082   3985  1     gi|407     8614     8775 
  1083   1972  1     gi|255     2782     2878 
  1083   3321  1     gi|356     3399     3495 
  1084   1979  1     gi|255     8837     9434 
  1084   3322  1     gi|356     3636     4232 
  1085   1983  1     gi|255    20361    20644 
  1085   2760 -1     gi|308    35143    35426 
  1086   1984  1     gi|255    22012    22982 
  1086   2363  1     gi|284     9508    10495 
  1086   2688  1     gi|305    23668    23729 
  1087   2002  1     gi|257     5987     6385 
  1087   4299 -1     gi|430     2152     3084 
  1087   2009  1     gi|257    13549    14456 
  1088   2006  1     gi|257     9330     9532 
  1088   4300 -1     gi|430     3128     3400 
  1088   2008  1     gi|257    13163    13421 
  1089   2010  1     gi|257    25099    25172 
  1089   4676  1     gi|463    36562    36630 
  1090   2011  1     gi|257    28741    28936 
  1090   2457 -1      gi|29    24592    24773 
  1091   2012  1     gi|257    30745    30831 
  1091   3336 -1     gi|358     7457     7543 
  1092   2013  1     gi|258     7910     8025 
  1092   3895 -1     gi|401    21421    21542 
  1093   2016  1     gi|258    28478    28639 
  1093   6032 -1     gi|257     2282     2443 
  1093   6033  1     gi|240    31638    31724 
  1094   2019  1     gi|258    35284    35415 
  1094   5086  1      gi|82     9332     9463 
  1095   2022  1     gi|258    36964    37957 
  1095   4740 -1      gi|52     3005     3955 
  1095   2820 -1     gi|310    26961    27611 
  1096   2023  1     gi|259        1      155 
  1096   6026  1      gi|81    15581    15824 
  1096   3173  1     gi|341    31372    31605 
  1096   6025  1      gi|24    35926    36162 
  1097   2025  1     gi|259     6244     6333 
  1097   2868  1     gi|314    16954    17047 
  1098   2028  1     gi|259    12970    15785 
  1099   2030  1     gi|259    19362    20722 
  1099   4980  1      gi|70     1404     2749 
  1100   2031  1     gi|259    21061    21726 
  1100   4981  1      gi|70     2860     3578 
  1101   2032  1     gi|259    22411    22860 
  1101   3680  1     gi|388    21715    22148 
  1102   2033  1     gi|259    24666    24893 
  1102   4953 -1      gi|66    37788    38019 
  1103   2034  1     gi|259    32883    33210 
  1103   4952 -1      gi|66    37473    37798 
  1104   2036  1      gi|26    12285    12337 
  1104   2112 -1     gi|266    37158    37210 
  1105   2038  1      gi|26    32051    32153 
  1105   2909 -1     gi|317     9799     9901 
  1106   2039  1      gi|26    36904    37012 
  1106   6047  1     gi|315    10952    11040 
  1106   6048 -1     gi|325     9152     9236 
  1106   6049  1     gi|325    21477    21580 
  1106   5081 -1      gi|81     6438     6536 
  1107   2047  1     gi|261    16306    16470 
  1107   3488 -1     gi|373     3588     3847 
  1107   4938  1      gi|66     3826     4019 
  1107   5090  1      gi|82    13633    13734 
  1107   5765 -1     gi|160    32655    32909 
  1107   5767  1      gi|82    13842    13993 
  1107   5853 -1     gi|461     3142     3364 
  1108   2048  1     gi|261    16457    16726 
  1108   2610  1     gi|301    17136    17639 
  1108   5207  1      gi|95     9779    10337 
  1109   2060  1     gi|261    35964    36209 
  1109   3603 -1     gi|384      558      625 
  1109   3792 -1     gi|398    34071    34318 
  1110   2063  1     gi|262     5402     5567 
  1110   2705  1     gi|306     4581     4722 
  1111   2066  1     gi|262    17729    18209 
  1111   3332 -1     gi|356    29642    30122 
  1111   4909 -1      gi|63    35650    35768 
  1112   2068  1     gi|262    22047    24557 
  1112   3330 -1     gi|356    23294    25804 
  1113   2069  1     gi|262    25867    25896 
  1113   3329 -1     gi|356    21956    21985 
  1114   2072  1     gi|262    38822    40038 
  1114   3326 -1     gi|356    13811    15919 
  1115   2077  1     gi|263    12621    12741 
  1115   3204 -1     gi|344    31488    31608 
  1116   2078  1     gi|263    34432    36462 
  1116   2789 -1      gi|31    11984    14013 
  1116   2956 -1     gi|322    32726    34755 
  1116   4069  1     gi|411    38407    40000 
  1116   5779  1     gi|255     4427     5383 
  1116   2449  1      gi|29     5381     6060 
  1116   2448  1      gi|29     3994     4813 
  1116   2452  1      gi|29     9827    10371 
  1116   4092 -1     gi|414    19405    19892 
  1116   2710 -1     gi|306    21548    21811 
  1116   2709 -1     gi|306    13654    13755 
  1117   2080  1     gi|264     3873     3902 
  1117   3128  1     gi|339    11932    11992 
  1117   4294  1      gi|43    35754    35814 
  1118   2087  1     gi|264    30759    30807 
  1119   2089  1     gi|265     1826     2245 
  1119   3982 -1     gi|406    30216    30628 
  1120   2090  1     gi|265     2243     3386 
  1120   3981 -1     gi|406    28286    29765 
  1120   2102  1     gi|265    23591    25045 
  1121   2091  1     gi|265     3788     4497 
  1121   3980 -1     gi|406    27811    28519 
  1121   2103  1     gi|265    25110    25410 
  1122   2092  1     gi|265     4665     5234 
  1122   2941  1     gi|320    14301    14870 
  1122   4064  1     gi|411    34549    35118 
  1123   2093  1     gi|265     5350     5864 
  1123   3979 -1     gi|406    27291    27874 
  1123   2104  1     gi|265    25470    25709 
  1124   2094  1     gi|265    10235    10384 
  1124   6050 -1     gi|300     4465     5281 
  1124   6052 -1     gi|287    36770    39770 
  1124   2877 -1     gi|315    21282    24267 
  1124   2881  1     gi|315    28497    31295 
  1124   3545 -1     gi|376    31026    31111 
  1124   6054 -1     gi|315    37422    40117 
  1124   2406 -1     gi|287    17764    18019 
  1125   2095  1     gi|265    10842    12602 
  1125   2595  1     gi|300    11524    11772 
  1125   6055 -1     gi|300     2921     4669 
  1125   2405 -1     gi|287    16480    17573 
  1125   3339 -1     gi|358    15949    16037 
  1126   2098  1     gi|265    17656    17782 
  1126   3983  1     gi|406    30629    30747 
  1127   2106  1     gi|265    29262    29794 
  1127   3148  1     gi|340    18707    19561 
  1127   4770  1      gi|55    27585    28385 
  1127   3154  1     gi|340    23653    24348 
  1127   6056  1     gi|265    26165    26239 
  1127   6057  1     gi|265    26239    26681 
  1127   3151  1     gi|340    21393    21618 
  1128   2107  1     gi|265    36053    36166 
  1128   4264 -1     gi|429    29339    29452 
  1129   2108  1     gi|265    37473    37582 
  1129   3283  1     gi|353      320      426 
  1130   2111  1     gi|266    10611    10747 
  1130   3227  1     gi|347     2437     2581 
  1131   2115  1     gi|267     4557     4614 
  1131   4764  1      gi|54    17114    17174 
  1132   2116  1     gi|267     5392     5529 
  1132   2276 -1     gi|279    13007    13137 
  1133   2117  1     gi|267    10446    10845 
  1133   6058  1     gi|437     1103     1777 
  1133   2119 -1     gi|267    12283    12683 
  1133   2120 -1     gi|267    15265    15576 
  1133   2123 -1     gi|267    18143    18937 
  1133   3275  1      gi|35    16424    16686 
  1133   3276  1      gi|35    16724    17069 
  1133   2121 -1     gi|267    15875    16002 
  1134   2118  1     gi|267    10695    11019 
  1135   2122  1     gi|267    17438    17484 
  1135   2641 -1     gi|303     6111     6157 
  1136   2129  1     gi|268    12954    13188 
  1136   4473  1     gi|445    10068    11388 
  1136   5260  1      gi|98    27592    28433 
  1136   6060  1      gi|98    22642    24114 
  1137   2130  1     gi|268    13113    13267 
  1137   5193  1      gi|90    33330    35590 
  1137   4651 -1     gi|462     4014     6169 
  1137   6064  1     gi|445    14469    15536 
  1137   5261  1      gi|98    28417    28491 
  1138   2132  1     gi|268    30480    30650 
  1138   3772 -1     gi|397     8975     9152 
  1139   2134  1     gi|268    33606    34054 
  1139   4469 -1     gi|445     6639     6978 
  1139   5315  1     gi|462    14476    14928 
  1140   2135  1     gi|269    32775    32876 
  1140   3702 -1      gi|39    10992    12026 
  1140   5721  1     gi|147    17136    18146 
  1140   5724 -1      gi|77     2592     3565 
  1141   2137  1     gi|269    38414    38744 
  1141   4753 -1      gi|53    38900    39240 
  1142   2140  1      gi|27     2615     2666 
  1142   5718 -1     gi|147    17092    17171 
  1142   5720 -1     gi|397    28416    28497 
  1143   2146  1      gi|27    14667    14862 
  1143   5196 -1      gi|90    39925    40117 
  1144   2152  1      gi|27    35132    35448 
  1144   2189  1     gi|272    23430    23746 
  1145   2154  1      gi|27    37824    38000 
  1145   4855  1      gi|60     3611     3787 
  1146   2155  1      gi|27    38706    38939 
  1146   4859  1      gi|60    21693    21927 
  1147   2157  1     gi|270      997     1570 
  1147   5118 -1      gi|84    34976    35549 
  1148   2158  1     gi|270     8946     9192 
  1148   3029  1     gi|328    19995    20241 
  1149   2159  1     gi|270     9316     9944 
  1149   3030  1     gi|328    20241    20856 
  1150   2160  1     gi|270    10074    10368 
  1150   3031  1     gi|328    21040    21323 
  1151   2161  1     gi|270    10956    11242 
  1151   3170 -1     gi|341    22318    22592 
  1152   2162  1     gi|270    12538    12848 
  1152   4325  1     gi|433    36415    36728 
  1153   2164  1     gi|270    23195    23322 
  1153   3524 -1     gi|375    13759    13886 
  1154   2167  1     gi|270    33885    33966 
  1154   3205  1     gi|344    31790    31870 
  1155   2168  1     gi|270    39140    39244 
  1155   5174  1       gi|9    17531    17991 
  1155   3991 -1     gi|407    20866    21381 
  1156   2171  1     gi|271     9664     9974 
  1156   5679 -1     gi|140    30275    30545 
  1156   5681 -1       gi|7    24964    25225 
  1157   2175  1     gi|271    39005    39166 
  1157   5678 -1     gi|140    30101    30275 
  1157   5680 -1       gi|7    24791    24958 
  1158   2177  1     gi|272     1711     1836 
  1159   2178  1     gi|272     1787     2068 
  1159   3375 -1     gi|362     7781     8060 
  1159   3083 -1     gi|335     9781     9911 
  1160   2179  1     gi|272     2161     2286 
  1160   3374 -1     gi|362     7659     7780 
  1161   2193  1     gi|272    36330    36442 
  1161   5659 -1     gi|347    29057    32994 
  1161   2195  1     gi|272    37369    37461 
  1161   2196  1     gi|272    38269    38489 
  1161   4686 -1     gi|464    14441    14822 
  1161   4687 -1     gi|464    14835    15329 
  1161   5660  1     gi|220    11942    15876 
  1161   3004 -1     gi|327     4184     4730 
  1161   4529  1     gi|453     7853     8154 
  1162   2197  1     gi|273     6175     6237 
  1162   2918 -1     gi|317    34848    34910 
  1163   2199  1     gi|273     9968    10032 
  1163   4816 -1      gi|58    20691    20755 
  1164   2200  1     gi|273    10185    10222 
  1164   4815 -1      gi|58    20654    20692 
  1165   2207  1     gi|273    15744    16076 
  1165   4158  1      gi|42        1      333 
  1166   2208  1     gi|273    16061    17077 
  1166   4159  1      gi|42      734     1746 
  1167   2209  1     gi|273    17090    17397 
  1167   4160  1      gi|42     2750     3196 
  1167   4831 -1      gi|59     2595     3004 
  1168   2214  1     gi|273    23412    23762 
  1168   2677 -1     gi|304    34390    34746 
  1169   2215  1     gi|273    27114    27167 
  1169   2643  1     gi|303     7217     7270 
  1170   2216  1     gi|273    27568    27602 
  1170   2644  1     gi|303     8733     8767 
  1171   2217  1     gi|273    29667    30242 
  1171   2645  1     gi|303    10953    11528 
  1172   2218  1     gi|273    30977    32496 
  1172   2646  1     gi|303    12263    13413 
  1172   2647  1     gi|303    14118    14439 
  1173   2219  1     gi|273    35187    35300 
  1173   4832  1      gi|59     3588     3698 
  1174   2220  1     gi|273    35294    35782 
  1174   4759  1      gi|54    12103    12588 
  1175   2221  1     gi|273    37202    37455 
  1175   3193 -1     gi|344     1834     2087 
  1176   2222  1     gi|273    37951    38159 
  1176   3192 -1     gi|344     1053     1261 
  1177   2223  1     gi|273    38860    39211 
  1178   2224  1     gi|273    39074    39610 
  1178   5101 -1      gi|84      632     1168 
  1178   3191 -1     gi|344        1      352 
  1178   4700 -1     gi|464    39805    40160 
  1179   2225  1     gi|273    39587    40172 
  1179   4699 -1     gi|464    32010    32595 
  1180   2229  1     gi|275     3184     3250 
  1180   4799 -1      gi|57    15369    15435 
  1181   2231  1     gi|275     4255     5139 
  1181   4798 -1      gi|57    13166    15370 
  1182   2233  1     gi|275     8177     8442 
  1182   5979  1     gi|229     4599     5062 
  1182   2236 -1     gi|275    12415    12613 
  1182   4199 -1     gi|424     6948     7293 
  1182   5980 -1     gi|384     8026     8377 
  1183   2237  1     gi|275    12893    13302 
  1183   3938  1     gi|404    30527    30936 
  1184   2241  1     gi|275    16358    16624 
  1184   5978 -1     gi|229     3996     4597 
  1184   5981  1     gi|384     8377     8982 
  1185   2242  1     gi|275    16838    17488 
  1185   4164 -1      gi|42     6852     7536 
  1186   2243  1     gi|275    32839    33150 
  1186   4163 -1      gi|42     6468     6913 
  1187   2244  1     gi|275    33631    35274 
  1187   4162 -1      gi|42     4826     6469 
  1188   2245  1     gi|275    35272    35858 
  1188   4161 -1      gi|42     3166     3751 
  1189   2252  1     gi|276    17477    17622 
  1189   4810 -1      gi|58     4772     5009 
  1189   2260  1     gi|276    27698    28453 
  1190   2253  1     gi|276    18305    18874 
  1191   2258  1     gi|276    22524    22662 
  1191   4813 -1      gi|58    18059    18197 
  1192   2266  1     gi|276    38065    38151 
  1192   4627 -1      gi|46    30058    30144 
  1193   2270  1     gi|278    17408    17561 
  1193   2420 -1     gi|288    20522    21251 
  1193   3446 -1     gi|366    33060    33550 
  1194   2271  1     gi|278    20265    20464 
  1194   2797 -1     gi|310      766      965 
  1195   2272  1     gi|278    28923    29243 
  1195   3456  1     gi|369     3489     3865 
  1196   2274  1     gi|278    36904    37120 
  1197   2284  1     gi|279    25825    26229 
  1198   2288  1     gi|279    29889    29930 
  1198   4898 -1      gi|62    33727    33770 
  1198   5625 -1     gi|129    38730    38771 
  1198   5628 -1     gi|220    11107    11155 
  1198   2681 -1     gi|304    40297    40338 
  1198   5630  1      gi|69    23288    23320 
  1199   2292  1     gi|279    32182    32263 
  1199   3177 -1     gi|342    28294    28362 
  1200   2296  1      gi|28     3618     4591 
  1200   4412  1      gi|44    20472    21386 
  1201   2297  1      gi|28     4624     5491 
  1201   4413  1      gi|44    21470    22271 
  1201   4972 -1      gi|69    38284    38803 
  1202   2298  1      gi|28     6434     7384 
  1202   4592 -1     gi|457    13936    14895 
  1203   2300  1      gi|28     9159     9357 
  1203   2676 -1     gi|304    26103    26371 
  1203   2441 -1     gi|289    32387    32645 
  1204   2301  1      gi|28    12702    12934 
  1204   3737  1     gi|394     7220     7456 
  1205   2302  1      gi|28    13521    14768 
  1205   3735  1     gi|394     4464     4729 
  1205   3738  1     gi|394     7851     8511 
  1205   3739  1     gi|394     8745     9093 
  1205   3740  1     gi|394    11654    12907 
  1206   2303  1      gi|28    14833    15046 
  1206   4591 -1     gi|457    11480    11704 
  1207   2307  1      gi|28    25544    25804 
  1207   2731 -1     gi|308     1587     1834 
  1208   2308  1      gi|28    27436    27847 
  1208   4195 -1     gi|424     3979     4394 
  1208   5224 -1      gi|96    12085    12374 
  1209   2309  1      gi|28    27748    28000 
  1209   5230 -1      gi|96    36380    36707 
  1210   2310  1      gi|28    31469    32961 
  1210   4867  1      gi|60    36374    37714 
  1211   2316  1     gi|280      892     1667 
  1211   5010  1      gi|74    30013    31050 
  1211   2318  1     gi|280     3998     4649 
  1212   2317  1     gi|280     2425     3111 
  1212   5006  1      gi|74     6138     7043 
  1213   2319  1     gi|280     9517    10576 
  1213   3475 -1     gi|371    13148    14196 
  1214   2320  1     gi|280    10876    10908 
  1214   3474 -1     gi|371    12816    12848 
  1215   2321  1     gi|280    25548    26272 
  1215   3473 -1     gi|371    12103    12820 
  1215   2326  1     gi|280    33323    33517 
  1216   2322  1     gi|280    26207    26544 
  1216   2745  1     gi|308    13966    14292 
  1216   2327  1     gi|280    33452    33789 
  1217   2324  1     gi|280    31563    31849 
  1217   3472 -1     gi|371    11736    12022 
  1217   2328  1     gi|280    34243    34529 
  1218   2325  1     gi|280    31848    32148 
  1218   3469 -1     gi|371     7921     8221 
  1218   2329  1     gi|280    34528    34696 
  1219   2330  1     gi|280    39448    39963 
  1219   3305 -1     gi|354    38124    38639 
  1220   2331  1     gi|281     8586     8766 
  1220   2926 -1     gi|318    26214    26387 
  1221   2332  1     gi|281    30216    31104 
  1221   4665 -1     gi|462    27769    29163 
  1221   2335  1     gi|281    33045    33442 
  1221   2334  1     gi|281    32544    32739 
  1221   3643  1     gi|386    15965    16105 
  1222   2341  1     gi|282    14693    14726 
  1222   2975 -1     gi|324    27787    27935 
  1222   4711 -1      gi|47    39748    39896 
  1223   2342  1     gi|282    26928    27024 
  1223   3298 -1     gi|354    31620    31716 
  1224   2345  1     gi|283     2273     2389 
  1224   4535  1     gi|454     3587     3700 
  1224   2348  1     gi|283     9213     9296 
  1224   4986 -1      gi|70    21023    21089 
  1225   2351  1     gi|283    21348    21668 
  1225   4629 -1      gi|46    32079    32404 
  1226   2354  1     gi|283    24820    24936 
  1226   5182 -1      gi|90    11383    11505 
  1227   2360  1     gi|284     4691     4866 
  1227   4661 -1     gi|462    14915    15011 
  1227   5320  1     gi|228    16928    17177 
  1227   5323 -1     gi|228    29361    29610 
  1227   5325 -1     gi|344    34104    34353 
  1228   2364  1     gi|284    18203    21028 
  1228   4928 -1      gi|65    17565    20405 
  1228   4929 -1      gi|65    21606    24382 
  1228   4930 -1      gi|65    25295    28080 
  1228   4931 -1      gi|65    29950    30192 
  1228   4934 -1      gi|65    30852    33329 
  1229   2365  1     gi|284    22641    22840 
  1229   3284  1     gi|353     2398     2910 
  1229   2366  1     gi|284    22782    23164 
  1230   2368  1     gi|284    23503    23712 
  1230   4902 -1      gi|63    24478    24641 
  1231   2376  1     gi|284    37140    37374 
  1231   4055  1     gi|411     5616     6604 
  1231   3668  1     gi|387    30722    31558 
  1231   2377  1     gi|284    37271    38126 
  1232   2378  1     gi|285     1580     1644 
  1232   3340  1     gi|358    38123    38187 
  1233   2379  1     gi|285     1756     1954 
  1233   3341  1     gi|358    38403    38608 
  1234   2380  1     gi|285     1945     2077 
  1234   3342  1     gi|358    38651    38783 
  1235   2382  1     gi|285     4324     4585 
  1236   2386  1     gi|285    36600    36707 
  1237   2387  1     gi|286       72     1416 
  1237   2422  1     gi|288    29332    30663 
  1238   2388  1     gi|286     1572     2486 
  1238   2423  1     gi|288    30158    31663 
  1238   3582  1      gi|38    30898    32420 
  1238   2396 -1     gi|286    23575    24238 
  1239   2390  1     gi|286     5493     6784 
  1239   2596  1     gi|300    11904    13203 
  1240   2391  1     gi|286     6895     7023 
  1240   3278 -1      gi|35    33864    33964 
  1240   3272  1      gi|35     4981     5079 
  1240   4701  1      gi|47        1       82 
  1241   2394  1     gi|286    18659    18786 
  1241   3913 -1     gi|403    23207    23336 
  1242   2399  1     gi|287      704     1642 
  1242   2586 -1     gi|300     1004     1944 
  1242   2591 -1     gi|300     9729    10078 
  1242   2592 -1     gi|300    10409    10643 
  1242   2408 -1     gi|287    20872    21241 
  1242   2413 -1     gi|287    35029    35952 
  1243   2400  1     gi|287     2213     2297 
  1243   2585 -1     gi|300      260      344 
  1244   2401  1     gi|287     2457     2505 
  1244   2584 -1     gi|300       61      109 
  1245   2402  1     gi|287     8991     9055 
  1245   4910 -1      gi|63    38593    38658 
  1246   2404  1     gi|287    13217    14440 
  1246   2589  1     gi|300     5789     7429 
  1247   2407  1     gi|287    18604    18793 
  1247   2594 -1     gi|300    10901    11559 
  1247   2574 -1      gi|30     8035     8700 
  1248   2412  1     gi|287    34123    34199 
  1248   2872  1     gi|315        4       80 
  1249   2415  1     gi|288        1     1079 
  1249   3751  1     gi|395    29402    31918 
  1249   5032 -1      gi|76    34496    34615 
  1249   2416  1     gi|288     5674     8306 
  1249   3750  1     gi|395    24163    24309 
  1249   3757  1     gi|395    38528    39998 
  1249   4755  1      gi|54     2143     3034 
  1249   3102 -1     gi|337    29059    29169 
  1250   2417  1     gi|288    18821    19012 
  1250   3606 -1     gi|384     6067     6253 
  1251   2418  1     gi|288    19339    19590 
  1251   4846  1       gi|6    17977    18520 
  1252   2421  1     gi|288    24696    25828 
  1252   2583  1      gi|30    34044    35166 
  1253   2424  1     gi|288    32788    33112 
  1253   3574  1      gi|38     1367     2517 
  1253   2425  1     gi|288    36241    37038 
  1253   2427  1     gi|288    38352    39511 
  1254   2432  1     gi|289     9383     9522 
  1254   5982 -1     gi|362    27945    28078 
  1254   5985  1     gi|364     1326     1437 
  1255   2434  1     gi|289    12219    12277 
  1255   4146  1     gi|419    12976    13034 
  1256   2438  1     gi|289    23338    23610 
  1256   3477 -1     gi|371    23661    23904 
  1256   3990  1     gi|407    19402    19545 
  1257   2439  1     gi|289    23920    24096 
  1257   3476 -1     gi|371    23484    23665 
  1258   2440  1     gi|289    26294    26329 
  1258   4295 -1      gi|43    35995    36030 
  1259   2450  1      gi|29     7029     7214 
  1259   5472  1     gi|440    18680    20808 
  1260   2454  1      gi|29    16958    17520 
  1260   3602  1     gi|383    39529    40114 
  1260   2455  1      gi|29    19738    20214 
  1260   2456  1      gi|29    22940    23382 
  1260   2458  1      gi|29    26104    26446 
  1260   2462  1      gi|29    32495    32969 
  1260   2464  1      gi|29    35672    36278 
  1261   2459  1      gi|29    26698    26905 
  1261   4796 -1      gi|57     6336     6536 
  1262   2460  1      gi|29    30878    31070 
  1262   3096 -1     gi|337    19672    19865 
  1262   3631 -1     gi|384    36309    36502 
  1263   2461  1      gi|29    31752    31956 
  1263   3583  1     gi|380    26425    26605 
  1264   2465  1     gi|290     8201     9197 
  1264   4013 -1     gi|408    34127    35115 
  1265   2466  1     gi|290     9345     9576 
  1265   4012 -1     gi|408    33695    33924 
  1266   2467  1     gi|290    27508    27608 
  1266   4324 -1     gi|433    32549    32639 
  1267   2471  1     gi|291     8038     8116 
  1267   4237  1     gi|427    14346    14420 
  1268   2476  1     gi|291    13621    13727 
  1269   2483  1     gi|291    19511    19609 
  1269   5060  1       gi|8    25330    25435 
  1270   2486  1     gi|292      617      675 
  1270   3085 -1     gi|335    14573    14631 
  1271   2489  1     gi|292     3885     3920 
  1271   2827 -1     gi|310    33459    33494 
  1272   2491  1     gi|292     6054     6329 
  1272   2825 -1     gi|310    31110    31387 
  1273   2492  1     gi|292     8741     8867 
  1273   3313 -1     gi|355    19208    19333 
  1273   3314 -1     gi|355    21596    21722 
  1273   2493  1     gi|292    11270    11395 
  1274   2498  1     gi|292    35931    36231 
  1274   4774 -1      gi|56     8187     9629 
  1274   3136  1      gi|34    17746    19232 
  1275   2504  1     gi|294    13906    14134 
  1275   4736  1      gi|51     9647     9877 
  1276   2506  1     gi|294    20953    21097 
  1277   2508  1     gi|294    32035    32185 
  1277   2673 -1     gi|304    21582    21718 
  1278   2511  1     gi|294    32940    33929 
  1278   2858  1     gi|312    23519    24541 
  1278   3570  1     gi|379    36083    36940 
  1278   4306 -1     gi|431    38610    39467 
  1278   4530 -1     gi|453    14755    14889 
  1278   5884 -1     gi|459    11474    12521 
  1278   5889  1     gi|275     3403     4256 
  1278   4155 -1     gi|419    33926    34005 
  1278   4531 -1     gi|453    15149    15723 
  1278   4534 -1     gi|453    17030    17281 
  1278   5890 -1      gi|61     7836     8342 
  1278   5888 -1     gi|228     7646     8155 
  1279   2516  1     gi|295     6954     7311 
  1280   2521  1     gi|295    19890    20376 
  1281   2524  1     gi|295    23377    24251 
  1282   2526  1     gi|295    27418    27817 
  1282   4330  1     gi|434    21140    21540 
  1283   2529  1     gi|296     4099     4211 
  1283   4056 -1     gi|411     8854     8966 
  1284   2530  1     gi|296    21796    21953 
  1284   4900  1      gi|63     5956     6106 
  1285   2531  1     gi|296    37731    37806 
  1285   3389 -1     gi|363     1723     1800 
  1286   2533  1     gi|296    38669    38743 
  1286   2908  1     gi|317     2242     2319 
  1287   2535  1     gi|298     4075     4136 
  1287   4499  1     gi|447    19121    19194 
  1288   2536  1     gi|298     6699     6965 
  1288   3731 -1     gi|393     7455     7719 
  1289   2537  1     gi|298    21434    21502 
  1289   3540 -1     gi|376    24961    25030 
  1289   2538 -1     gi|298    21654    21724 
  1289   2793  1      gi|31    20436    20482 
  1290   2540  1     gi|299     2752     3580 
  1290   2653 -1     gi|303    26378    27207 
  1290   3430 -1     gi|365    27640    28436 
  1290   4895 -1      gi|62    22646    22729 
  1291   2541  1     gi|299    16968    17016 
  1291   4103  1     gi|415    13999    14047 
  1292   2542  1     gi|299    23994    24088 
  1293   2546  1     gi|299    35335    36649 
  1293   3465  1      gi|37    34049    34646 
  1293   6085  1     gi|341    24288    29278 
  1293   6086  1      gi|37    31138    31251 
  1293   6082  1     gi|340     4677     9685 
  1293   3460  1      gi|37    26249    26365 
  1294   2547  1     gi|299    37210    38634 
  1294   3756  1     gi|395    36327    37728 
  1295   2552  1       gi|3     6299     6713 
  1295   4379  1     gi|438    36327    36725 
  1296   2560  1       gi|3    18356    18421 
  1297   2561  1       gi|3    18881    18979 
  1297   5240 -1      gi|97    20636    20723 
  1297   5251 -1      gi|97    34949    35036 
  1298   2563  1       gi|3    23796    23959 
  1298   5247 -1      gi|97    30597    31357 
  1298   2566  1       gi|3    26819    27577 
  1298   5237 -1      gi|97    16147    16907 
  1299   2564  1       gi|3    25553    25771 
  1299   5238 -1      gi|97    16893    17103 
  1299   5248 -1      gi|97    31343    31544 
  1300   2567  1       gi|3    29755    30109 
  1301   2568  1       gi|3    31750    32075 
  1301   5737  1      gi|97    23981    24316 
  1301   5740  1      gi|97    38283    38620 
  1301   5741 -1       gi|3    12522    12847 
  1302   2569  1       gi|3    34522    34796 
  1302   2726  1     gi|307    26213    26484 
  1303   2570  1      gi|30     2076     2536 
  1303   5085 -1      gi|81    32040    32506 
  1304   2575  1      gi|30     9170    10385 
  1305   2576  1      gi|30    11701    12550 
  1305   2597  1     gi|300    14143    14992 
  1305   4504  1     gi|448    17530    17628 
  1306   2577  1      gi|30    12841    12888 
  1306   3605 -1     gi|384     3530     3577 
  1307   2579  1      gi|30    18338    18463 
  1307   4483 -1     gi|446     5013     5157 
  1307   4144 -1     gi|419    12512    12604 
  1308   2580  1      gi|30    21043    21208 
  1308   3716 -1     gi|390      833      999 
  1309   2590  1     gi|300     7933     8077 
  1310   2593  1     gi|300    10820    10907 
  1310   3094  1     gi|337     5638     5715 
  1311   2598  1     gi|300    33475    33567 
  1311   5019  1      gi|75     7976     8077 
  1312   2599  1     gi|300    34384    35232 
  1312   5227 -1      gi|96    33770    34613 
  1312   2699  1     gi|305    34576    34801 
  1313   2600  1     gi|300    35553    36449 
  1313   5226 -1      gi|96    32809    33704 
  1314   2601  1     gi|300    37724    39436 
  1314   4721 -1      gi|49    34028    35783 
  1315   2611  1     gi|301    17818    18439 
  1315   2672  1     gi|304    21307    21596 
  1316   2629  1     gi|302        6     1036 
  1316   4333  1     gi|434    34568    35803 
  1316   2640 -1     gi|302    32389    33577 
  1316   4339  1     gi|434    39970    40129 
  1317   2634  1     gi|302     4913     5055 
  1317   4336  1     gi|434    36929    37043 
  1317   4338  1     gi|434    39489    39626 
  1318   2635  1     gi|302    21733    22135 
  1318   4086 -1     gi|414    13272    13672 
  1319   2637  1     gi|302    22713    23371 
  1319   4085 -1     gi|414    12634    13286 
  1320   2648  1     gi|303    17021    17899 
  1320   2906  1     gi|316    23106    24019 
  1320   5111 -1      gi|84    10953    11157 
  1320   5112 -1      gi|84    11324    11433 
  1321   2649  1     gi|303    18772    18855 
  1321   2905  1     gi|316    22226    22428 
  1321   2651 -1     gi|303    23659    23827 
  1321   2654 -1     gi|303    27365    27569 
  1321   4057 -1     gi|411    17489    17644 
  1322   2683  1     gi|305     8783     9337 
  1322   3559 -1     gi|378    32057    32611 
  1323   2684  1     gi|305     9904    11282 
  1323   3558 -1     gi|378    30667    32058 
  1324   2686  1     gi|305    11836    12331 
  1324   3557 -1     gi|378    29512    30004 
  1325   2703  1     gi|306     3332     3648 
  1325   3539 -1     gi|376    16392    16708 
  1326   2704  1     gi|306     4118     4615 
  1326   3538 -1     gi|376    15439    15916 
  1327   2708  1     gi|306     5132     5162 
  1327   3537 -1     gi|376    15404    15434 
  1328   2711  1     gi|306    34674    34819 
  1328   3319  1     gi|356     2373     2516 
  1329   2712  1     gi|306    35660    35712 
  1329   3320  1     gi|356     3350     3402 
  1330   2713  1     gi|307     1077     1718 
  1331   2718  1     gi|307     8254     8321 
  1331   3062 -1     gi|333     1798     1866 
  1332   2719  1     gi|307     9161     9221 
  1332   3800  1     gi|399    20437    20497 
  1333   2721  1     gi|307    16450    16690 
  1333   3435  1     gi|366     7008     7269 
  1334   2722  1     gi|307    18036    18145 
  1334   4494 -1     gi|446    39493    39595 
  1335   2728  1     gi|307    34919    35159 
  1335   3520  1     gi|374    39179    39425 
  1336   2732  1     gi|308     1881     2115 
  1336   4179  1      gi|42    39762    39996 
  1337   2733  1     gi|308     2496     2737 
  1337   3634  1     gi|384    39374    39556 
  1338   2734  1     gi|308     2738     2875 
  1338   3635  1     gi|384    39735    39884 
  1339   2736  1     gi|308     5708     5782 
  1339   4039 -1      gi|41    33762    33837 
  1340   2737  1     gi|308     5919     6060 
  1340   4038 -1      gi|41    33627    33750 
  1341   2740  1     gi|308     9421     9609 
  1341   4080  1     gi|414      428      996 
  1342   2744  1     gi|308    12705    13407 
  1342   4551 -1     gi|454    25387    26089 
  1343   2757  1     gi|308    24086    24371 
  1343   5457 -1     gi|190    29538    29781 
  1343   2758  1     gi|308    24585    24641 
  1343   5455 -1     gi|141    29497    29753 
  1343   5462 -1     gi|114    33971    34232 
  1344   2764  1     gi|309     9061     9115 
  1344   6094  1     gi|424       33       83 
  1345   2765  1     gi|309     9599    10097 
  1345   6092  1     gi|424       83      572 
  1345   6093  1     gi|308     3081     3434 
  1346   2771  1     gi|309    14658    15027 
  1346   3189 -1     gi|343    17799    18162 
  1347   2773  1     gi|309    17556    17646 
  1347   2934  1     gi|319    16678    16807 
  1347   3187 -1     gi|343    14898    15024 
  1348   2774  1     gi|309    17690    17905 
  1348   4191  1     gi|424      558      774 
  1349   2778  1     gi|309    30617    30825 
  1349   3519 -1     gi|374    37657    37866 
  1350   2787  1      gi|31     7476     7554 
  1350   4822  1      gi|58    25176    25254 
  1350   4823 -1      gi|58    27766    27844 
  1351   2807  1     gi|310     8504     8568 
  1351   4089 -1     gi|414    17617    17681 
  1352   2810  1     gi|310    13157    13625 
  1352   4150 -1     gi|419    28521    29018 
  1352   5137 -1      gi|88     4650     4999 
  1352   5136 -1      gi|88     4116     4655 
  1352   2811  1     gi|310    13572    14098 
  1352   4149 -1     gi|419    28324    28498 
  1353   2812  1     gi|310    15253    15351 
  1353   4088 -1     gi|414    14962    15060 
  1354   2815  1     gi|310    18639    18979 
  1354   3648 -1     gi|386    34717    35184 
  1354   3950 -1     gi|405    26843    27127 
  1354   3953 -1     gi|405    27928    28279 
  1354   3647 -1     gi|386    34551    34835 
  1355   2816  1     gi|310    19668    20861 
  1355   4065  1     gi|411    35423    35923 
  1355   4703 -1      gi|47    12723    13666 
  1355   5535 -1     gi|169    33098    34270 
  1355   5536  1     gi|284    33467    33598 
  1356   2819  1     gi|310    26033    26768 
  1356   4739  1      gi|52     2260     2989 
  1357   2824  1     gi|310    30848    31139 
  1357   5067  1      gi|80     8008     8302 
  1358   2834  1     gi|310    39496    39592 
  1358   5023 -1      gi|75    30061    30157 
  1359   2836  1     gi|310    39753    39910 
  1359   5024 -1      gi|75    30379    30537 
  1360   2837  1     gi|311    11577    11633 
  1360   4842 -1      gi|59    29271    29332 
  1361   2839  1     gi|311    17777    19277 
  1361   4943  1      gi|66    20200    20367 
  1361   5692  1     gi|439    37819    38817 
  1362   2844  1     gi|311    22086    22644 
  1362   4503  1     gi|448    11100    11659 
  1362   3223  1     gi|346       67      233 
  1362   3224  1     gi|346      432      609 
  1363   2845  1     gi|311    27019    27323 
  1363   3417  1     gi|365     6777     7088 
  1364   2846  1     gi|311    27537    28077 
  1364   3418  1     gi|365     7195     7742 
  1365   2848  1     gi|311    29384    30726 
  1365   5142 -1      gi|88    25513    26550 
  1366   2850  1     gi|312        5      349 
  1366   3687 -1     gi|388    25980    26367 
  1367   2851  1     gi|312      352      485 
  1367   3686  1     gi|388    25849    25982 
  1368   2852  1     gi|312      475      544 
  1368   3685 -1     gi|388    25744    25819 
  1369   2871  1     gi|314    36329    37177 
  1369   3047 -1     gi|328    39166    39995 
  1370   2876  1     gi|315    20678    21012 
  1370   6074  1     gi|287    11734    12075 
  1370   2882 -1     gi|315    31565    31909 
  1370   6077 -1     gi|315    35682    36014 
  1371   2885  1     gi|316      262      511 
  1371   4694 -1     gi|464    22070    22302 
  1372   2886  1     gi|316      528      926 
  1372   4019  1     gi|409    30318    30737 
  1372   2890  1     gi|316     3779     3944 
  1373   2887  1     gi|316      933     1956 
  1373   4024 -1     gi|409    33043    33092 
  1373   4026  1     gi|409    34449    35470 
  1374   2889  1     gi|316     3048     3335 
  1374   4028  1     gi|409    36536    36825 
  1375   2892  1     gi|316     4115     4737 
  1375   4021  1     gi|409    31276    31840 
  1375   4018  1     gi|409    29798    30041 
  1376   2897  1     gi|316     6592     7039 
  1376   3038  1     gi|328    29719    30442 
  1376   3064  1     gi|333     2475     2730 
  1376   3072  1     gi|334     5566     5684 
  1376   4444  1     gi|442     1134     1807 
  1377   2907  1     gi|316    35599    35734 
  1377   4971  1      gi|69    26606    26744 
  1378   2912  1     gi|317    27591    27727 
  1378   3267 -1     gi|349    33073    33213 
  1379   2917  1     gi|317    33211    33299 
  1379   3371 -1     gi|360    17404    17486 
  1380   2927  1     gi|318    27373    28400 
  1381   2929  1     gi|318    38831    39566 
  1382   2930  1     gi|318    39743    40021 
  1382   4015 -1     gi|408    37124    39261 
  1383   2936  1     gi|319    28933    29023 
  1383   3065 -1     gi|333     3326     3416 
  1384   2940  1     gi|320     9341     9401 
  1384   3584 -1     gi|380    28869    28925 
  1385   2943  1     gi|320    23030    23137 
  1385   5904 -1      gi|96    12510    12727 
  1385   5903  1     gi|291    13446    13673 
  1386   2947  1     gi|322     2646     3447 
  1386   5704  1     gi|143     6021     6818 
  1386   2949  1     gi|322     7611     8376 
  1386   2952 -1     gi|322    15055    15323 
  1386   5705  1     gi|322     9243    10029 
  1386   4454 -1     gi|443     3060     3322 
  1387   2951  1     gi|322    11243    11305 
  1387   4613  1     gi|458    24354    24417 
  1388   2953  1     gi|322    16471    16872 
  1388   4225 -1     gi|426    13235    13643 
  1389   2958  1     gi|323    22561    22698 
  1389   4960 -1      gi|68    10872    10994 
  1390   2961  1     gi|324     1864     2573 
  1390   3501  1     gi|374    11294    12001 
  1390   5547  1     gi|122    27811    28116 
  1391   2966  1     gi|324    11389    11549 
  1391   5559  1     gi|374    17283    18511 
  1391   5555  1     gi|324     3010     4232 
  1392   2967  1     gi|324    11543    11581 
  1392   3466  1     gi|371     1509     1547 
  1393   2970  1     gi|324    12699    13681 
  1393   3323 -1     gi|356    10453    10581 
  1393   4552 -1     gi|454    29923    30224 
  1394   2971  1     gi|324    20260    20829 
  1394   5568 -1     gi|124    21857    22424 
  1394   5570 -1     gi|206    24967    25293 
  1395   2973  1     gi|324    25295    26725 
  1395   4285  1      gi|43    23026    24456 
  1396   2974  1     gi|324    27369    27788 
  1396   4286  1      gi|43    25100    25519 
  1397   2976  1     gi|324    28906    29404 
  1397   4287  1      gi|43    25515    26013 
  1398   2977  1     gi|324    29727    29831 
  1398   4288  1      gi|43    26019    26123 
  1399   2978  1     gi|324    30892    31035 
  1399   4289  1      gi|43    27184    27327 
  1400   2980  1     gi|325     5848     6975 
  1401   2987  1     gi|325    31974    32585 
  1402   2988  1     gi|325    33102    33421 
  1402   3571  1     gi|379    36945    38252 
  1402   3967 -1     gi|406    12810    12872 
  1402   3202 -1     gi|344    21661    23024 
  1403   2993  1     gi|326    26748    27198 
  1403   3143 -1     gi|340     2294     2744 
  1404   2994  1     gi|326    27546    27690 
  1404   3142 -1     gi|340     2147     2291 
  1405   2999  1     gi|327     1516     1658 
  1405   4819 -1      gi|58    21559    21886 
  1405   3019  1     gi|327    23098    23425 
  1406   3000  1     gi|327     1599     1820 
  1406   4818 -1      gi|58    21427    21641 
  1406   3021 -1     gi|327    39802    39966 
  1407   3003  1     gi|327     3207     4212 
  1408   3007  1     gi|327    10073    10234 
  1408   3514 -1     gi|374    31116    31290 
  1409   3013  1     gi|327    20651    20694 
  1409   3045 -1     gi|328    35119    35162 
  1409   4708  1      gi|47    25394    25433 
  1410   3014  1     gi|327    20889    21279 
  1410   3244 -1     gi|348     5922     6359 
  1411   3015  1     gi|327    22198    22408 
  1411   3243 -1     gi|348     5713     5915 
  1412   3020  1     gi|327    39755    39804 
  1412   4817  1      gi|58    20898    20947 
  1413   3026  1     gi|328     7291     7936 
  1413   4775 -1      gi|56    10406    10967 
  1414   3034  1     gi|328    24800    25227 
  1414   3554  1     gi|378    25258    25676 
  1414   3561  1     gi|378    35698    35932 
  1415   3035  1     gi|328    26051    26270 
  1415   3555  1     gi|378    26498    26720 
  1415   3562  1     gi|378    36743    36934 
  1416   3036  1     gi|328    26818    27479 
  1416   3556  1     gi|378    27340    27789 
  1416   3563  1     gi|378    37353    38002 
  1417   3042  1     gi|328    32054    32445 
  1417   3232 -1     gi|347    18514    18908 
  1418   3046  1     gi|328    38095    38159 
  1418   5232  1      gi|96    38782    38846 
  1419   3053  1     gi|332     2904     3002 
  1419   5027 -1      gi|76     9741     9839 
  1420   3054  1     gi|332     4538     4648 
  1420   6042  1      gi|70     7940     8797 
  1420   3055  1     gi|332     4652     5230 
  1420   6043 -1     gi|292    32420    34812 
  1420   6100  1     gi|438    30310    30897 
  1420   3596  1     gi|382    22427    22684 
  1420   3597  1     gi|382    23785    23956 
  1420   6041 -1     gi|432     3730     4048 
  1420   6046  1     gi|265    14087    16482 
  1420   4375  1     gi|438    31183    31653 
  1421   3056  1     gi|332    21254    21386 
  1421   3091  1     gi|335    38597    38743 
  1422   3057  1     gi|332    21424    21894 
  1422   4582 -1     gi|456    37567    38076 
  1422   3955  1     gi|405    30893    31022 
  1423   3059  1     gi|332    22442    22546 
  1423   4581 -1     gi|456    37129    37233 
  1424   3060  1     gi|333      925     1001 
  1424   5099 -1      gi|82    24858    24931 
  1424   4148 -1     gi|419    13814    13883 
  1425   3067  1     gi|333    36493    36729 
  1425   3404  1     gi|364      588      829 
  1426   3068  1     gi|333    36881    37261 
  1426   3405  1     gi|364      836     1213 
  1427   3070  1     gi|334     1126     4003 
  1427   3226 -1     gi|346    22035    25007 
  1427   5016  1      gi|75      386      441 
  1428   3071  1     gi|334     4332     4863 
  1428   3225 -1     gi|346    21048    21665 
  1429   3077  1     gi|334     8606     8691 
  1429   4302 -1     gi|430    11213    11286 
  1430   3079  1     gi|334    39735    39997 
  1430   4406  1      gi|44     3078     3353 
  1430   4407  1      gi|44     6136     6281 
  1430   4417 -1      gi|44    30935    31111 
  1431   3087  1     gi|335    20589    20653 
  1431   4992  1      gi|71    13474    13556 
  1432   3090  1     gi|335    35210    35746 
  1432   4876  1      gi|61    11422    11958 
  1433   3093  1     gi|336    18659    18702 
  1433   4841  1      gi|59    23306    23349 
  1434   3107  1     gi|337    35143    35336 
  1434   4611 -1     gi|458    24036    24088 
  1434   5095  1      gi|82    17674    17867 
  1435   3108  1     gi|337    35737    36663 
  1435   4608 -1     gi|458    22330    22571 
  1435   4610 -1     gi|458    23257    23624 
  1435   5096  1      gi|82    18268    19191 
  1436   3118  1     gi|338    25277    26900 
  1436   4331 -1     gi|434    23424    25065 
  1436   3119  1     gi|338    27688    29311 
  1437   3120  1     gi|338    30990    33280 
  1437   5921  1     gi|304    37039    39301 
  1437   5934 -1     gi|201    30303    30909 
  1437   5923  1     gi|304     2443     2816 
  1438   3122  1     gi|339     6723     6775 
  1438   5159  1      gi|89    21199    21251 
  1439   3123  1     gi|339     7933     8919 
  1439   5155  1      gi|89    11154    12114 
  1439   5160  1      gi|89    22393    23096 
  1439   5162  1      gi|89    24781    25083 
  1440   3124  1     gi|339     8926     9745 
  1440   5449  1     gi|213    37149    37929 
  1440   5452 -1     gi|278    33981    34800 
  1441   3126  1     gi|339    11189    11310 
  1441   5156  1      gi|89    12151    12273 
  1441   5163  1      gi|89    25111    25237 
  1442   3131  1     gi|339    17205    17328 
  1442   5165  1      gi|89    25984    26119 
  1442   4273  1      gi|43     1032     1128 
  1443   3132  1      gi|34    12605    12870 
  1443   4881 -1      gi|61    19722    19979 
  1444   3137  1      gi|34    19762    19862 
  1444   4773 -1      gi|56     7656     7756 
  1445   3139  1      gi|34    20615    20823 
  1445   4105 -1     gi|415    20484    20686 
  1446   3140  1      gi|34    21750    22074 
  1446   4104 -1     gi|415    19172    19501 
  1447   3149  1     gi|340    20401    20591 
  1447   4209 -1     gi|424    19744    19921 
  1448   3150  1     gi|340    20641    20808 
  1448   4390 -1     gi|439    20956    21122 
  1449   3155  1     gi|340    28276    29665 
  1449   3741  1     gi|394    15679    17177 
  1450   3157  1     gi|340    31453    32617 
  1450   3674 -1     gi|388    12249    13482 
  1450   6108 -1     gi|388    11148    11187 
  1451   3158  1     gi|340    33303    34313 
  1452   3163  1     gi|340    36558    36686 
  1452   6107 -1     gi|388    10033    11147 
  1452   3164  1     gi|340    36825    38008 
  1452   3165  1     gi|340    38485    39594 
  1453   3167  1     gi|341     1026     1111 
  1453   3350  1      gi|36     4103     4147 
  1453   3354  1      gi|36     8548     8633 
  1454   3168  1     gi|341     8648     9119 
  1455   3176  1     gi|342     9781     9973 
  1455   4485 -1     gi|446     8363     8554 
  1456   3196  1     gi|344    12109    12231 
  1456   3523  1     gi|375    13447    13572 
  1457   3197  1     gi|344    15138    15542 
  1457   4691  1     gi|464    17772    18149 
  1458   3199  1     gi|344    19245    19496 
  1458   4747  1      gi|53    13640    13915 
  1459   3200  1     gi|344    19625    19809 
  1459   4748  1      gi|53    14517    14713 
  1460   3201  1     gi|344    19803    19946 
  1460   4749  1      gi|53    14762    14902 
  1461   3212  1     gi|345    12122    12229 
  1461   3327  1     gi|356    16436    16543 
  1461   5863  1     gi|173    11030    11137 
  1461   5864 -1     gi|262    38196    38266 
  1462   3214  1     gi|345    17267    17404 
  1462   3360  1      gi|36    27218    27358 
  1463   3215  1     gi|345    17470    18187 
  1463   4420 -1      gi|44    39046    39747 
  1463   4501  1     gi|447    38584    38729 
  1464   3216  1     gi|345    18438    19123 
  1464   3357 -1      gi|36    26628    26914 
  1464   3361  1      gi|36    29176    29857 
  1464   4419 -1      gi|44    38390    39035 
  1464   3359 -1      gi|36    27110    27261 
  1464   3364  1      gi|36    31535    31990 
  1465   3217  1     gi|345    20108    20205 
  1465   5799 -1     gi|366    35571    35858 
  1465   5797 -1     gi|395    11365    11606 
  1465   5801 -1     gi|395     3519     3794 
  1466   3229  1     gi|347    14415    14857 
  1466   3378  1     gi|362    12851    13282 
  1466   3386  1     gi|362    29198    29621 
  1466   3388  1     gi|362    32118    32527 
  1466   3237 -1     gi|347    34495    34918 
  1467   3230  1     gi|347    15255    16193 
  1467   3387  1     gi|362    30810    31781 
  1467   3379  1     gi|362    14192    15188 
  1467   3236 -1     gi|347    33102    34074 
  1468   3233  1     gi|347    23273    23796 
  1468   5059 -1       gi|8    11140    11644 
  1469   3241  1     gi|348     4455     4697 
  1469   4976 -1       gi|7    25809    25972 
  1469   4977  1       gi|7    27164    27396 
  1470   3255  1     gi|348    36746    36842 
  1470   3581  1      gi|38    30116    30206 
  1471   3256  1     gi|349      954     1312 
  1471   4227 -1     gi|426    18058    18427 
  1472   3257  1     gi|349     1620     1846 
  1472   5821  1     gi|291    14275    15643 
  1472   5819  1     gi|349     1905     2044 
  1472   5824 -1     gi|160    23377    24720 
  1472   5823 -1     gi|160    23336    23371 
  1472   3258  1     gi|349     1821     1914 
  1473   3260  1     gi|349     2358     2833 
  1473   5806 -1     gi|160    21941    23247 
  1473   5809  1     gi|291    15726    15769 
  1473   5810  1     gi|291    15769    17112 
  1474   3261  1     gi|349     2933     3938 
  1475   3271  1      gi|35     3642     4420 
  1475   4181  1     gi|421     8540     8666 
  1475   5088  1      gi|82    10569    11305 
  1475   5093  1      gi|82    14752    15482 
  1476   3273  1      gi|35     5078     5143 
  1476   4702  1      gi|47      545      613 
  1477   3280  1     gi|351     3964     4019 
  1477   4511 -1     gi|448    33143    33198 
  1478   3289  1     gi|353    11310    15069 
  1478   4849 -1       gi|6    20501    24269 
  1479   3299  1     gi|354    34903    35277 
  1479   4621 -1     gi|459    13805    14128 
  1480   3309  1     gi|355     7488     7600 
  1480   3755 -1     gi|395    35252    35363 
  1481   3316  1     gi|355    32237    32543 
  1481   4777 -1      gi|56    14929    15234 
  1482   3325  1     gi|356    12260    13239 
  1482   4875 -1      gi|61    10389    11380 
  1483   3334  1     gi|357    19887    20788 
  1483   3724 -1     gi|390    24241    25142 
  1484   3335  1     gi|358        1      519 
  1484   5915 -1     gi|195    11196    11687 
  1485   3346  1      gi|36     1170     1238 
  1485   4863 -1      gi|60    31049    31120 
  1486   3347  1      gi|36     1924     2441 
  1486   4996  1      gi|71    25010    25510 
  1487   3348  1      gi|36     2530     2698 
  1487   4997  1      gi|71    26318    26489 
  1488   3352  1      gi|36     4837     5275 
  1488   3706 -1      gi|39    23645    24131 
  1489   3358  1      gi|36    27022    27124 
  1489   4599 -1     gi|457    32262    32350 
  1489   4194  1     gi|424     3910     4003 
  1490   3362  1      gi|36    31138    31475 
  1491   3367  1      gi|36    38941    39524 
  1491   3947  1     gi|405    12485    13029 
  1491   3948  1     gi|405    14973    15503 
  1492   3369  1     gi|360     4976     5182 
  1492   4397 -1     gi|439    31329    31540 
  1493   3370  1     gi|360     5099     5286 
  1494   3390  1     gi|363     4289     4535 
  1494   4577 -1     gi|456    25443    25727 
  1495   3394  1     gi|363    28490    29166 
  1495   6081  1     gi|340     3995     4671 
  1495   6084  1     gi|341    23606    24287 
  1495   3399  1     gi|363    32118    32376 
  1495   3400  1     gi|363    32574    32792 
  1496   3396  1     gi|363    30442    30879 
  1496   4512  1     gi|448    39027    39409 
  1497   3408  1     gi|364     2667     5075 
  1497   3682 -1     gi|388    22566    22770 
  1498   3411  1     gi|364    20275    20317 
  1498   5860 -1     gi|283    32305    32347 
  1499   3412  1     gi|364    20886    22512 
  1499   5859 -1     gi|283    30680    32305 
  1499   5861  1     gi|169    22186    23824 
  1500   3416  1     gi|365     3776     3847 
  1500   4845  1       gi|6     8756     8828 
  1501   3420  1     gi|365     8385     8511 
  1501   6038  1     gi|344    34032    34135 
  1501   6036  1     gi|462    14200    14261 
  1502   3423  1     gi|365    10136    10618 
  1502   5865 -1     gi|271     9973    10454 
  1502   5867 -1     gi|174     7714     8105 
  1503   3432  1     gi|365    39840    39973 
  1503   4301  1     gi|430     6456     6588 
  1504   3439  1     gi|366    17406    17502 
  1504   3930 -1     gi|404    11617    12093 
  1504   4314  1     gi|432    24018    24900 
  1504   3927 -1     gi|404     2447     3274 
  1504   3937 -1     gi|404    26610    27396 
  1504   3929 -1     gi|404    11086    11341 
  1504   3934 -1     gi|404    24618    24724 
  1504   5271  1     gi|429    36829    37326 
  1504   4267  1     gi|429    36639    36813 
  1504   4317  1     gi|432    29903    30504 
  1504   5270  1       gi|1     5954     6288 
  1504   4313  1     gi|432    16874    17038 
  1504   4315  1     gi|432    25216    25358 
  1504   4318  1     gi|432    30526    30657 
  1505   3443  1     gi|366    23031    23088 
  1505   3914  1     gi|403    25016    25078 
  1506   3444  1     gi|366    24403    24921 
  1507   3448  1     gi|366    38970    39441 
  1507   3745  1     gi|395     7226     7659 
  1508   3452  1     gi|368    29267    29580 
  1508   5030 -1      gi|76    21754    22066 
  1509   3453  1     gi|368    29733    30822 
  1509   5029 -1      gi|76    20492    21549 
  1510   3455  1     gi|369     2658     3454 
  1510   5350 -1     gi|148    21634    22389 
  1510   5353  1      gi|22    13548    14279 
  1511   3461  1      gi|37    28193    28278 
  1511   3665  1     gi|387    26223    26308 
  1512   3462  1      gi|37    29394    29642 
  1513   3464  1      gi|37    32551    32701 
  1513   4797  1      gi|57    12627    12779 
  1514   3483  1     gi|371    27386    27565 
  1514   3714 -1     gi|390       66      250 
  1515   3484  1     gi|371    27902    28080 
  1515   3627  1     gi|384    33297    33472 
  1516   3485  1     gi|371    28557    29492 
  1516   3628  1     gi|384    33902    35067 
  1516   4884 -1      gi|61    23421    24441 
  1517   3493  1     gi|373    31526    31606 
  1517   4961  1      gi|68    24530    24613 
  1518   3494  1     gi|374        1     1191 
  1518   5548  1     gi|122    28116    29374 
  1518   6099  1     gi|324     2572     3646 
  1518   3515  1     gi|374    31379    31819 
  1518   3502  1     gi|374    12626    13069 
  1519   3499  1     gi|374     9217     9332 
  1519   3791  1     gi|398    33898    34025 
  1520   3503  1     gi|374    13070    13113 
  1520   6109  1     gi|390    10632    10676 
  1521   3504  1     gi|374    13597    13869 
  1521   6110  1     gi|390    10676    10976 
  1521   6111 -1     gi|374    16966    17241 
  1522   3518  1     gi|374    37329    37360 
  1522   4696  1     gi|464    23860    23891 
  1523   3526  1     gi|375    15537    16132 
  1523   3655  1     gi|387    10681    11266 
  1523   3656  1     gi|387    13609    14311 
  1523   3667  1     gi|387    29847    30013 
  1523   3530  1     gi|375    22178    22732 
  1523   3663  1     gi|387    24193    24501 
  1524   3532  1     gi|376       15      488 
  1524   5428  1     gi|114    15042    16143 
  1524   3533  1     gi|376     7955     8044 
  1524   3640  1     gi|385    20686    20961 
  1524   5427  1     gi|385    19546    19759 
  1525   3586  1     gi|380    31081    31188 
  1525   3943  1     gi|405     3734     3854 
  1526   3587  1     gi|380    33178    33368 
  1526   4322 -1     gi|433    19342    19532 
  1527   3592  1     gi|381    11525    12187 
  1527   4178  1      gi|42    38669    39331 
  1528   3608  1     gi|384    10309    10345 
  1528   5221 -1      gi|96     9071     9107 
  1529   3609  1     gi|384    12924    13094 
  1529   5126 -1      gi|86    28379    28537 
  1529   5406  1     gi|298    27739    27896 
  1529   5403  1     gi|111    25483    25686 
  1529   5404 -1     gi|141    31175    31360 
  1529   5405  1     gi|218    34910    35093 
  1529   5408 -1     gi|264     4140     4307 
  1529   5407 -1     gi|155    39408    39526 
  1530   3613  1     gi|384    15159    15266 
  1530   4634  1     gi|461     3827     3935 
  1531   3616  1     gi|384    18290    18372 
  1531   5837  1     gi|461     8339     9020 
  1531   5153  1      gi|89     3710     4374 
  1531   5829  1     gi|270    18600    19279 
  1531   5834 -1     gi|365    29209    29833 
  1531   5836  1     gi|415    25843    26523 
  1531   5838 -1      gi|53    31268    31925 
  1531   5842  1     gi|162    12575    13235 
  1531   3617  1     gi|384    18630    18732 
  1531   5840  1      gi|61    14615    14742 
  1532   3619  1     gi|384    25678    25780 
  1532   4205 -1     gi|424    15838    15933 
  1533   3622  1     gi|384    27210    27289 
  1533   4762  1      gi|54    15088    15207 
  1533   5439 -1     gi|114    18221    18344 
  1533   5442  1     gi|384    27075    27199 
  1534   3624  1     gi|384    30504    30542 
  1534   4446  1     gi|442    11830    11868 
  1535   3646  1     gi|386    26822    27439 
  1536   3673  1     gi|388    11530    12055 
  1536   5048  1      gi|78     4538     5056 
  1537   3695  1      gi|39      938     1222 
  1538   3697  1      gi|39     4133     4477 
  1538   5722 -1     gi|147    18146    18355 
  1538   5723  1      gi|77     2249     2590 
  1539   3710  1      gi|39    32301    32337 
  1539   4068 -1     gi|411    37670    37706 
  1540   3711  1      gi|39    33158    33785 
  1540   4067 -1     gi|411    36708    37334 
  1541   3717  1     gi|390     2158     2430 
  1541   5354  1     gi|278    38410    39236 
  1541   5351 -1     gi|148    22390    23203 
  1541   5352  1      gi|22    12732    13546 
  1541   5355 -1     gi|107     7778     8206 
  1542   3725  1     gi|391    23536    23678 
  1542   3900  1     gi|402     3640     3831 
  1542   4850 -1       gi|6    24392    24499 
  1543   3732  1     gi|393    29608    29768 
  1543   4500  1     gi|447    27530    27741 
  1544   3733  1     gi|393    34254    34360 
  1544   4284  1      gi|43    20639    20744 
  1545   3742  1     gi|394    36463    36694 
  1545   4766  1      gi|54    37203    37432 
  1546   3743  1     gi|394    37104    37205 
  1546   4767  1      gi|54    37673    37774 
  1547   3752  1     gi|395    32781    32950 
  1547   6070 -1      gi|69    10070    10251 
  1547   6072 -1     gi|285     6741     6924 
  1547   6073  1     gi|436     1687     1865 
  1547   5124 -1      gi|86    19635    19742 
  1548   3753  1     gi|395    32915    33026 
  1548   6071 -1     gi|285     6528     6740 
  1548   6069  1     gi|436     1869     2078 
  1549   3774  1     gi|397    17158    17324 
  1550   3787  1     gi|398    10727    10826 
  1550   4471 -1     gi|445     9840     9953 
  1550   5184  1      gi|90    12103    12202 
  1551   3790  1     gi|398    31104    33572 
  1551   5066  1      gi|80     4083     6496 
  1551   5069  1      gi|80    11246    13698 
  1552   3805  1     gi|399    28619    29117 
  1552   5275 -1     gi|355     1341     2290 
  1552   5273  1     gi|237     1254     2201 
  1552   5278  1      gi|43     9386    10334 
  1552   5280  1     gi|266     8618     8717 
  1553   3806  1     gi|399    29434    30014 
  1553   5279  1      gi|43    10335    11127 
  1553   5274 -1     gi|355      549     1341 
  1554   3808  1     gi|399    33820    33920 
  1554   3897 -1     gi|402       53      153 
  1555   3813  1       gi|4      950     1125 
  1556   3814  1       gi|4     1410     1878 
  1557   3817  1       gi|4     2855     3031 
  1558   3822  1       gi|4     7044     7210 
  1558   3887  1     gi|400     2268     2314 
  1559   3826  1       gi|4     8517     8766 
  1560   3827  1       gi|4     8731     9062 
  1561   3848  1       gi|4    20042    20330 
  1562   3862  1       gi|4    30313    30373 
  1562   6003 -1     gi|247     1496     1625 
  1562   6004 -1       gi|4    17023    17151 
  1563   3868  1       gi|4    34795    34895 
  1564   3877  1      gi|40    16734    16850 
  1564   5947 -1     gi|205    21396    23172 
  1564   4824 -1      gi|58    30557    32315 
  1564   5949 -1     gi|276    34442    36203 
  1565   3896  1     gi|401    22920    23527 
  1565   4737  1      gi|51    22806    23409 
  1566   3902  1     gi|402    12059    12502 
  1566   5147 -1      gi|88    32584    33034 
  1567   3911  1     gi|403    22082    22278 
  1567   4095  1     gi|415     1001     1208 
  1568   3915  1     gi|403    26133    26786 
  1568   4096  1     gi|415     4189     4836 
  1569   3918  1     gi|403    34908    35138 
  1569   4641 -1     gi|461     6742     6979 
  1570   3919  1     gi|403    35136    35175 
  1570   4640  1     gi|461     6708     6747 
  1571   3921  1     gi|403    35563    35855 
  1571   4639 -1     gi|461     6069     6363 
  1572   3922  1     gi|403    36047    36116 
  1572   4638 -1     gi|461     6003     6072 
  1573   3923  1     gi|403    36227    36520 
  1573   4637 -1     gi|461     5725     6000 
  1574   3926  1     gi|404     2334     2477 
  1575   3928  1     gi|404     9093     9184 
  1575   4283  1      gi|43    19968    20100 
  1576   3949  1     gi|405    26010    26160 
  1576   5717  1     gi|147    16930    17091 
  1576   5719  1     gi|397    28226    28416 
  1577   3963  1     gi|406     7947     8565 
  1577   5103  1      gi|84     1523     2202 
  1577   3966  1     gi|406    11645    12336 
  1577   3974  1     gi|406    21820    22509 
  1578   3965  1     gi|406    10518    11033 
  1578   4455  1     gi|443    35116    35628 
  1579   3970  1     gi|406    14502    14649 
  1579   4985 -1      gi|70    19694    19822 
  1579   4353 -1     gi|436    33904    34008 
  1580   3972  1     gi|406    19662    19756 
  1580   4081  1     gi|414     2272     2371 
  1581   3978  1     gi|406    26913    27275 
  1581   6044  1     gi|292    34817    35174 
  1581   6045 -1     gi|265    13878    14084 
  1582   3984  1     gi|407        1      421 
  1582   6067  1     gi|271      177     1074 
  1582   6065 -1     gi|456     1485     2349 
  1582   3992 -1     gi|407    21499    22348 
  1582   3994 -1     gi|407    22872    22960 
  1582   3995 -1     gi|407    23138    23662 
  1582   3997 -1     gi|407    25593    25675 
  1582   3998 -1     gi|407    25790    26139 
  1582   6066 -1     gi|407    24217    24702 
  1583   4016  1     gi|409    21332    21576 
  1583   4576  1     gi|456    22154    22205 
  1583   5178  1      gi|90     5683     5964 
  1584   4022  1     gi|409    32372    32445 
  1584   6097 -1     gi|316     2418     3040 
  1584   4027 -1     gi|409    35466    36477 
  1584   6096 -1     gi|316     2084     2418 
  1585   4023  1     gi|409    32732    33047 
  1586   4030  1     gi|409    38899    39147 
  1586   4695 -1     gi|464    23444    23701 
  1586   4833 -1      gi|59     3807     3877 
  1587   4034  1      gi|41    25307    25751 
  1587   4937  1      gi|66     2580     3026 
  1588   4049  1     gi|410    33374    33503 
  1588   5094  1      gi|82    15918    16062 
  1588   4182  1     gi|421     9048     9165 
  1589   4061  1     gi|411    22502    22569 
  1589   6087  1     gi|438    36724    36790 
  1589   6089  1       gi|3     7420     7469 
  1590   4062  1     gi|411    23233    23309 
  1590   6088  1     gi|438    36791    36867 
  1590   6090  1       gi|3     7469     7547 
  1591   4099  1     gi|415     5870     6543 
  1591   5972 -1      gi|27     5712     7547 
  1591   4100  1     gi|415     6562     6753 
  1591   5967 -1     gi|212    30843    32508 
  1591   5968 -1     gi|212    32510    32584 
  1591   5970 -1     gi|212    36075    37914 
  1591   5971 -1      gi|27     5331     5709 
  1591   4108 -1     gi|415    28905    29083 
  1591   4109 -1     gi|415    29067    29804 
  1592   4102  1     gi|415    10882    11168 
  1592   4728  1       gi|5    28127    28422 
  1593   4111  1     gi|415    30205    30369 
  1593   5378  1     gi|228    34835    35042 
  1593   5380  1     gi|255    31678    31868 
  1594   4117  1     gi|416    24734    24834 
  1594   4438  1     gi|441     6721     6821 
  1595   4118  1     gi|417     3749     5071 
  1595   4416 -1      gi|44    26809    28099 
  1596   4128  1     gi|418      803      860 
  1596   4806 -1      gi|57    37580    37637 
  1597   4129  1     gi|418      873      942 
  1597   4805 -1      gi|57    33987    34071 
  1598   4136  1     gi|419     2094     2158 
  1598   4457  1     gi|444    11880    11943 
  1599   4145  1     gi|419    12754    12968 
  1599   4484  1     gi|446     5138     5353 
  1600   4151  1     gi|419    29022    29105 
  1600   5139  1      gi|88     5198     5281 
  1601   4156  1     gi|419    34022    34119 
  1601   5183  1      gi|90    11967    12065 
  1602   4166  1      gi|42    13742    13865 
  1602   4260 -1     gi|428    36071    36194 
  1603   4167  1      gi|42    15343    16705 
  1603   4259 -1     gi|428    33231    34593 
  1604   4168  1      gi|42    17592    17620 
  1604   4258 -1     gi|428    32316    32344 
  1605   4170  1      gi|42    19515    25697 
  1605   4257 -1     gi|428    25501    31683 
  1606   4171  1      gi|42    26149    26471 
  1606   4256 -1     gi|428    24618    24940 
  1607   4172  1      gi|42    28171    28259 
  1607   4255 -1     gi|428    22830    22918 
  1608   4173  1      gi|42    30049    30092 
  1608   4254 -1     gi|428    20948    20988 
  1609   4180  1     gi|421     7903     8238 
  1610   4192  1     gi|424     1628     1837 
  1610   4882  1      gi|61    22902    23092 
  1611   4193  1     gi|424     2221     2296 
  1611   4883  1      gi|61    23177    23252 
  1612   4208  1     gi|424    18314    18365 
  1612   4456  1     gi|444    11414    11466 
  1613   4236  1     gi|427    13931    14023 
  1613   4439  1     gi|441     7632     7721 
  1614   4240  1     gi|428     3166     3521 
  1614   4568 -1     gi|455    38675    39045 
  1615   4269  1     gi|429    37206    37459 
  1616   4270  1      gi|43        3       97 
  1616   6103  1      gi|89    25215    25378 
  1616   6105  1     gi|339    14981    15142 
  1616   6101  1      gi|89    12250    12408 
  1617   4271  1      gi|43      625      807 
  1617   6106  1     gi|339    15143    15762 
  1617   6102  1      gi|89    12416    12694 
  1617   6104  1      gi|89    25379    25998 
  1617   4272  1      gi|43      874     1015 
  1617   4274  1      gi|43     5089     5495 
  1617   4290 -1      gi|43    27725    27908 
  1618   4292  1      gi|43    32582    32983 
  1618   4398  1     gi|439    31964    32365 
  1619   4293  1      gi|43    33672    33816 
  1619   4400  1     gi|439    32733    32878 
  1620   4326  1     gi|434     7057     7525 
  1621   4337  1     gi|434    37313    38868 
  1621   5222 -1      gi|96    10256    11784 
  1621   5228 -1      gi|96    34883    35956 
  1621   5229 -1      gi|96    35965    36227 
  1622   4345  1     gi|435    28862    29073 
  1622   5218  1      gi|95    39102    39318 
  1623   4350  1     gi|435    36703    36774 
  1623   4776  1      gi|56    13088    13158 
  1624   4354  1     gi|436    36177    36255 
  1624   4894  1      gi|62     9893     9970 
  1625   4359  1     gi|438        1      274 
  1625   5791 -1     gi|199    23933    25618 
  1625   4360  1     gi|438      422      935 
  1625   4363  1     gi|438     3778     4808 
  1625   5790  1     gi|438    12882    15779 
  1625   5792 -1     gi|199    25619    26799 
  1626   4365  1     gi|438     9642    10822 
  1627   4368  1     gi|438    17532    18717 
  1628   4371  1     gi|438    26865    27162 
  1629   4376  1     gi|438    32986    33152 
  1629   5896  1     gi|181    26557    26722 
  1629   5899 -1     gi|438    35895    36051 
  1630   4377  1     gi|438    33102    33928 
  1630   5897  1     gi|181    26727    27551 
  1630   5898 -1     gi|438    35068    35895 
  1631   4381  1     gi|438    36905    37784 
  1632   4383  1     gi|439        4     1484 
  1632   5753  1      gi|28    21662    23176 
  1632   5754 -1     gi|393    34744    36239 
  1633   4392  1     gi|439    21312    21454 
  1633   4496  1     gi|446    39987    40110 
  1634   4399  1     gi|439    32404    32504 
  1635   4426  1     gi|440    22871    23330 
  1635   5499 -1      gi|74    38177    39531 
  1635   4858  1      gi|60    19961    21313 
  1635   6114  1     gi|440    13413    14066 
  1636   4437  1     gi|440    38451    39999 
  1636   5684  1     gi|219    31305    32850 
  1636   5686  1     gi|319     1130     2676 
  1636   5689 -1     gi|219    35191    35364 
  1637   4440  1     gi|441    13050    14766 
  1638   4443  1     gi|441    37798    37888 
  1638   5125 -1      gi|86    21264    21357 
  1639   4448  1     gi|442    24787    24903 
  1639   5177 -1      gi|90     5568     5684 
  1640   4458  1     gi|444    19856    20154 
  1640   6115  1     gi|464    28726    29027 
  1640   6118 -1      gi|95     3683     3985 
  1641   4459  1     gi|444    25470    26110 
  1641   6116  1     gi|464    29027    29667 
  1641   6117 -1      gi|95     3043     3683 
  1642   4467  1     gi|445     3751     4273 
  1642   4854 -1      gi|60        1      529 
  1643   4472  1     gi|445     9987    10034 
  1644   4474  1     gi|445    11452    12333 
  1644   6061  1      gi|98    24116    26718 
  1644   6059  1     gi|318    28588    29474 
  1644   6063  1     gi|445    15536    18115 
  1644   5262  1      gi|98    28627    29248 
  1644   5265  1      gi|98    30515    32039 
  1644   5266  1      gi|98    33339    34206 
  1645   4475  1     gi|445    12689    13530 
  1645   4804  1      gi|57    32217    33127 
  1646   4480  1     gi|445    24406    25578 
  1646   5556 -1     gi|324     4236     5420 
  1646   5557 -1     gi|374     2685     3856 
  1646   5560 -1     gi|374    18511    19699 
  1646   5562 -1     gi|122    32355    33526 
  1647   4482  1     gi|446     3940     4070 
  1647   4865 -1      gi|60    31840    32252 
  1648   4495  1     gi|446    39770    39893 
  1648   4916  1      gi|64    19916    20053 
  1648   5150 -1      gi|89      556      664 
  1649   4497  1     gi|447     9832    10301 
  1649   4625 -1     gi|459    39417    39902 
  1650   4498  1     gi|447    10729    10825 
  1650   4624 -1     gi|459    38805    38901 
  1651   4506  1     gi|448    23150    23967 
  1652   4507  1     gi|448    24930    25683 
  1653   4559  1     gi|455    14474    14565 
  1653   5000  1      gi|73     5521     5611 
  1654   4560  1     gi|455    14551    14974 
  1654   5001  1      gi|73     5657     6039 
  1655   4589  1     gi|457     8193     8931 
  1655   5071  1      gi|80    19673    20463 
  1656   4593  1     gi|457    16116    16505 
  1656   6120  1     gi|446    22075    24095 
  1656   4594  1     gi|457    17035    19078 
  1656   4861 -1      gi|60    23658    25651 
  1656   6123 -1     gi|457    28826    30847 
  1657   4603  1     gi|458    12277    12695 
  1657   4913 -1      gi|64     6429     6847 
  1658   4607  1     gi|458    18620    18770 
  1658   4657  1     gi|462    11229    11382 
  1659   4614  1     gi|458    29349    29442 
  1659   4878  1      gi|61    14849    14941 
  1660   4623  1     gi|459    36625    36697 
  1660   4735  1      gi|51     8142     8214 
  1661   4632  1     gi|461     1521     1971 
  1661   5113 -1      gi|84    25579    26011 
  1661   5115 -1      gi|84    29719    30154 
  1662   4647  1     gi|461    37768    37913 
  1662   5598 -1     gi|130    16223    16407 
  1662   5053 -1      gi|78    29645    29853 
  1662   5600 -1     gi|129    13471    13545 
  1662   5599  1     gi|314     2253     2413 
  1663   4650  1     gi|462     2501     3906 
  1663   5191 -1      gi|90    30224    30705 
  1664   4652  1     gi|462     6152     6353 
  1664   5187 -1      gi|90    24482    24678 
  1665   4653  1     gi|462     6318     7717 
  1665   5190 -1      gi|90    28241    29638 
  1666   4656  1     gi|462     8890     9252 
  1666   5189 -1      gi|90    26723    27088 
  1667   4658  1     gi|462    12421    13423 
  1667   5192  1      gi|90    30864    32315 
  1667   6125 -1     gi|462      693     2064 
  1667   5180  1      gi|90     8560     9935 
  1667   5185  1      gi|90    12483    13838 
  1667   6126 -1      gi|90    24619    26001 
  1667   6127  1      gi|90    35680    36324 
  1668   4667  1     gi|462    37755    38021 
  1668   5869  1      gi|30     7596     7685 
  1669   4673  1     gi|463     9761    10108 
  1669   4941  1      gi|66    13284    13636 
  1670   4683  1     gi|464    12687    12737 
  1670   5658  1     gi|347    29004    29054 
  1671   4698  1     gi|464    31038    31187 
  1671   5079  1      gi|80    36132    36286 
  1672   4704  1      gi|47    16645    16909 
  1672   4715 -1      gi|48    30067    30337 
  1672   6128  1      gi|97     8218     8329 
  1673   4713  1      gi|48    15324    15698 
  1673   6130 -1      gi|97     8727     9099 
  1673   6132 -1      gi|47    17876    18249 
  1674   4720  1      gi|49    32523    32658 
  1674   4999  1      gi|73       19      141 
  1675   4731  1      gi|50    16318    17438 
  1675   4940  1      gi|66     5003     6131 
  1676   4733  1      gi|51     5081     5234 
  1676   5172 -1       gi|9    11969    12116 
  1677   4734  1      gi|51     6195     6398 
  1677   5171 -1       gi|9    11765    11933 
  1678   4760  1      gi|54    14056    14213 
  1678   5440 -1     gi|114    18346    18471 
  1678   5441  1     gi|384    26930    27075 
  1679   4778  1      gi|56    26597    26767 
  1679   6009  1      gi|76    17719    19765 
  1679   4783  1      gi|56    34480    35257 
  1679   6012 -1     gi|442     2698     4798 
  1679   6014 -1     gi|229     8421     8528 
  1680   4779  1      gi|56    27721    28241 
  1680   6013 -1     gi|229     7913     8418 
  1680   4784  1      gi|56    35034    35531 
  1681   4780  1      gi|56    28433    28750 
  1681   6008 -1     gi|229     7273     7583 
  1681   6010  1      gi|76    19773    20059 
  1681   6011 -1     gi|442     2366     2698 
  1681   4785  1      gi|56    35727    36024 
  1682   4786  1      gi|56    37302    37374 
  1682   4968 -1      gi|69    22421    22493 
  1683   4801  1      gi|57    16994    17303 
  1683   5072 -1      gi|80    22428    22724 
  1683   5077 -1      gi|80    32901    33197 
  1684   4840  1      gi|59    23061    23200 
  1684   5104  1      gi|84     2359     2530 
  1685   4848  1       gi|6    19195    20148 
  1686   4856  1      gi|60     5519     5642 
  1686   5500 -1      gi|74    39531    39654 
  1686   6113  1     gi|440    13290    13413 
  1687   4871  1      gi|61     6342     7288 
  1688   4879  1      gi|61    17286    17438 
  1689   4914  1      gi|64    17693    18669 
  1690   4924  1      gi|65     1494     1640 
  1690   5210  1      gi|95    17960    18109 
  1691   4926  1      gi|65     4016     5822 
  1691   4949 -1      gi|66    32721    34522 
  1692   4935  1      gi|65    37953    38109 
  1693   4959  1      gi|68     9437     9795 
  1694   4964  1      gi|69     8921     9127 
  1694   5256  1      gi|98     4908     5104 
  1695   5005  1      gi|73    26283    26470 
  1696   5013  1      gi|74    34787    35818 
  1697   5017  1      gi|75     1712     1895 
  1698   5025  1      gi|75    31274    31744 
  1698   5392 -1     gi|310    38224    38697 
  1698   5393  1     gi|110    12582    12731 
  1699   5026  1      gi|75    32273    32335 
  1699   5391 -1     gi|310    38161    38223 
  1699   5394  1     gi|110    12737    12785 
  1700   5033  1      gi|76    34773    36810 
  1700   6078 -1      gi|54     3846     4988 
  1701   5044  1      gi|78     1019     1135 
  1702   5117  1      gi|84    32053    32232 
  1702   5214  1      gi|95    31941    32120 
  1703   5119  1      gi|84    39617    39853 
  1703   5131  1      gi|86    31894    32131 
  1704   5123  1      gi|86    18269    19350 
  1705   5170  1      gi|89    31060    31968 
  1706   5195  1      gi|90    38160    39182 
  1707   5199  1      gi|91      516      779 
  1708   5300  1     gi|101    38295    38339 
  1708   5313 -1     gi|407    12998    13031 
  1709   5321  1     gi|228    17183    17244 
  1709   5324 -1     gi|344    34038    34100 
  1709   5322 -1     gi|228    29294    29355 
  1710   5327  1     gi|249    24445    24478 
  1710   5333 -1     gi|105    11629    11664 
  1711   5335  1     gi|105     8817     8888 
  1711   5340  1     gi|419     5776     5848 
  1712   5358  1     gi|171    16271    16342 
  1712   5360  1     gi|349    26002    26075 
  1712   5362 -1      gi|41    22540    22610 
  1713   5361  1     gi|349    26075    27732 
  1714   5368  1     gi|235    32629    32807 
  1715   5388  1     gi|348    23857    24170 
  1715   5390  1      gi|49    28466    28763 
  1716   5398  1     gi|145    31709    31845 
  1717   5416  1     gi|113    16520    16624 
  1717   5418 -1       gi|3    18081    18161 
  1718   5420  1     gi|345     8247     8665 
  1718   6024  1      gi|24    26761    27178 
  1719   5430  1     gi|280    28348    28392 
  1719   5436 -1      gi|64     5066     5111 
  1720   5453  1     gi|213    37932    37970 
  1720   6019  1     gi|339     9928     9964 
  1720   6022 -1     gi|278    33940    33980 
  1721   5459  1     gi|190    30294    30432 
  1721   5460 -1     gi|308    23519    23664 
  1722   5470  1     gi|116    29489    29537 
  1722   5473 -1     gi|440    20808    20861 
  1723   5487  1     gi|120     6778     7264 
  1723   5490  1     gi|423    13172    13658 
  1723   5492 -1     gi|118    11324    11810 
  1724   5491  1     gi|118    10860    11323 
  1725   5504  1     gi|129    35119    35165 
  1725   5506  1     gi|308    18192    18612 
  1725   5508 -1     gi|428     6032     6078 
  1725   5510 -1     gi|403    27857    28268 
  1725   5512 -1     gi|119    13194    13604 
  1725   5509  1     gi|219    16756    16983 
  1726   5505  1     gi|129    35167    35249 
  1726   5507 -1     gi|428     5949     6031 
  1727   5511  1     gi|403    28270    28757 
  1727   5513  1     gi|119    13607    14093 
  1728   5522  1     gi|129    29804    30670 
  1729   5532  1     gi|227    11899    12045 
  1730   5551  1     gi|157    23099    23493 
  1730   5553  1     gi|241    36507    36897 
  1731   5558  1     gi|374     3857     3905 
  1731   5563  1     gi|122    33527    33575 
  1731   5561  1     gi|374    19700    19748 
  1732   5572  1     gi|124    26626    27353 
  1732   5574  1     gi|206    28878    29331 
  1733   5577  1     gi|124    34306    34388 
  1733   5579  1     gi|373     8764     8847 
  1734   5593  1     gi|129     7703     8152 
  1734   5596 -1     gi|307     5166     5603 
  1735   5601  1     gi|139    19615    19646 
  1735   5606 -1     gi|417    34093    34186 
  1735   5603  1      gi|37     4624     4717 
  1736   5608  1     gi|302     2245     2298 
  1736   5609 -1     gi|186    12074    12124 
  1737   5611  1      gi|30    23348    23423 
  1737   5615 -1     gi|390      760      835 
  1738   5622  1     gi|444    26839    26898 
  1738   5623  1     gi|163     5680     5736 
  1739   5626  1     gi|129    38774    38816 
  1739   5629  1     gi|279    29958    29989 
  1740   5627  1     gi|220    11046    11107 
  1740   5631  1     gi|129    38669    38717 
  1741   5640  1     gi|132    11977    12219 
  1741   5642  1     gi|258    35678    35920 
  1742   5644  1     gi|149    39661    39726 
  1742   5645 -1     gi|132    18347    18394 
  1743   5668  1     gi|258    14654    14875 
  1743   5669 -1     gi|440    24304    24525 
  1744   5671  1     gi|139    32834    32942 
  1744   5674 -1      gi|66    38290    38401 
  1745   5713  1     gi|148    37258    37320 
  1745   5714 -1     gi|194    36415    36478 
  1746   5725  1     gi|147    19225    19260 
  1746   5727  1     gi|191    17888    17923 
  1747   5731  1     gi|189    35415    35548 
  1747   5733  1      gi|36    25516    25645 
  1748   5736  1      gi|97    23937    23980 
  1749   5739  1      gi|97    38197    38281 
  1749   5744 -1       gi|3    12898    12929 
  1750   5746  1      gi|15    24284    24383 
  1750   5748 -1     gi|305    36681    36761 
  1751   5747  1     gi|305    24711    24883 
  1752   5749  1     gi|305    36781    36943 
  1753   5760  1      gi|80     8499     8836 
  1753   5764 -1     gi|153     8934     9262 
  1754   5780  1     gi|171     4634     5324 
  1755   5785  1     gi|157    19359    19445 
  1755   5787  1     gi|241    35729    35815 
  1756   5811  1     gi|160    23251    23289 
  1756   5814 -1     gi|349     2088     2128 
  1756   5816 -1     gi|291    15686    15725 
  1756   5817  1     gi|160    23295    23330 
  1756   5820 -1     gi|349     2047     2084 
  1756   5822 -1     gi|291    15645    15682 
  1757   5825  1     gi|182     7571     7615 
  1757   5827  1      gi|82    13700    13735 
  1758   5830  1     gi|270    19284    19773 
  1758   5833 -1     gi|365    28715    29209 
  1759   5839  1      gi|53    31929    31983 
  1759   5841 -1     gi|162    12516    12574 
  1760   5855  1     gi|174     8776     8818 
  1760   5858 -1     gi|371    25885    25927 
  1761   5868  1     gi|174     8108     8251 
  1762   5918  1     gi|196    14023    15226 
  1762   5919 -1     gi|272    11545    12748 
  1763   5938  1     gi|204    33663    33770 
  1763   5941 -1     gi|375    20712    20826 
  1764   5944  1     gi|276    24364    24429 
  1764   5946 -1      gi|58     8052     8104 
  1765   5948  1     gi|205    23172    23588 
  1765   5950  1     gi|276    36203    36619 
  1765   5952  1      gi|58    34467    34883 
  1766   5957  1      gi|91      447      545 
  1767   5969  1     gi|212    35667    36075 
  1768   5974  1     gi|213    11399    11476 
  1768   5976  1     gi|450    13941    14018 
  1769   5988  1     gi|252     6755     6790 
  1769   5989 -1     gi|371    10009    10044 
  1770   5997  1      gi|49     3514     3573 
  1770   6002 -1     gi|292     2646     2703 
  1771   5999  1      gi|49     3722     4904 
  1771   6000 -1     gi|292     1315     2495 
  1772   6006  1       gi|4    17184    17269 
  1772   6007  1      gi|45      394      477 
  1773   6023  1      gi|24    26546    26759 
  1774   6028  1     gi|257     2998     3098 
  1775   6051  1     gi|287    36533    36768 
  1775   6053  1     gi|315    37183    37422 
  1776   6075  1     gi|287    12076    12820 
  1776   6076 -1     gi|315    34937    35669 
  1777   6080  1     gi|340     3330     3994 
  1777   6083  1     gi|341    22941    23587 
  1778   6098  1     gi|324     2266     2566 
  1779   6119  1     gi|446    21805    22071 
  1779   6124 -1     gi|457    30850    31125 
  1780   6121  1     gi|446    24104    24263 
  1780   6122 -1     gi|457    28658    28826 
  1781   6129  1      gi|97     8329     8726 
  1781   6131  1      gi|47    17479    17874 
  1781   6133 -1      gi|48    29670    30063 
  1782   6134  1      gi|48    30069    30173 
