1 gi|1 1913 2477
2 gi|1 5943 6302
3 gi|1 6927 7058
4 gi|1 7045 7207
5 gi|1 11283 11741
6 gi|1 13070 13215
7 gi|1 13374 13609
8 gi|1 13664 13850
9 gi|1 14500 14965
10 gi|1 15181 15523
11 gi|1 20085 20365
12 gi|1 22339 22445
13 gi|1 31428 31580
14 gi|1 39517 39639
15 gi|10 3125 3462
16 gi|10 4338 4777
17 gi|10 26220 26289
18 gi|100 23752 23981
19 gi|100 24901 25220
20 gi|101 11120 11251
21 gi|101 11762 12074
22 gi|101 27071 27215
23 gi|101 27165 27974
24 gi|101 27929 28761
25 gi|101 29305 29644
26 gi|101 29648 33052
27 gi|101 38295 38606
28 gi|102 4049 4185
29 gi|102 4664 4803
30 gi|102 5602 5915
31 gi|102 9967 10685
32 gi|102 29105 29587
33 gi|103 22721 23656
34 gi|103 24416 25323
35 gi|103 26467 26540
36 gi|103 28145 28203
37 gi|103 28349 28440
38 gi|104 14387 14468
39 gi|104 14715 14906
40 gi|104 28631 29990
41 gi|104 30351 31294
42 gi|104 31467 31663
43 gi|104 31781 31952
44 gi|104 33123 33498
45 gi|105 921 1668
46 gi|105 2582 3022
47 gi|105 5805 6265
48 gi|105 6115 6678
49 gi|105 6715 6820
50 gi|105 7088 7125
51 gi|105 8682 8888
52 gi|105 8881 8948
53 gi|105 9429 9965
54 gi|105 10805 10842
55 gi|105 11173 11344
56 gi|105 11274 11570
57 gi|105 11567 11664
58 gi|105 17678 18379
59 gi|105 18375 18767
60 gi|105 18743 19247
61 gi|105 19118 19862
62 gi|105 19718 24018
63 gi|105 24998 25446
64 gi|105 25616 26104
65 gi|105 26118 27683
66 gi|105 34822 34863
67 gi|105 36068 37217
68 gi|105 37391 37860
69 gi|106 201 1291
70 gi|106 1671 1866
71 gi|106 4794 4877
72 gi|106 13146 13349
73 gi|106 14290 14361
74 gi|106 15370 15489
75 gi|106 16127 16183
76 gi|106 22394 22554
77 gi|106 24816 24937
78 gi|106 27177 28160
79 gi|107 6220 6331
80 gi|107 6707 6776
81 gi|107 6776 7592
82 gi|107 7756 8206
83 gi|107 8180 8619
84 gi|107 8626 9260
85 gi|107 9375 9473
86 gi|107 14937 15297
87 gi|107 16055 16144
88 gi|107 25118 25396
89 gi|107 32308 32427
90 gi|107 36184 36645
91 gi|107 37525 37626
92 gi|107 38080 38487
93 gi|107 39300 39998
94 gi|108 1 25256
95 gi|109 1404 2115
96 gi|109 2391 2898
97 gi|109 6614 6898
98 gi|109 9149 9188
99 gi|109 14461 14745
100 gi|109 25860 28607
101 gi|109 28598 28804
102 gi|109 28774 31067
103 gi|109 33419 33578
104 gi|109 39753 39945
105 gi|11 1282 1851
106 gi|11 5776 5842
107 gi|11 10196 10392
108 gi|11 20010 20179
109 gi|11 20280 20326
110 gi|11 20322 20524
111 gi|11 22159 22269
112 gi|11 23551 24012
113 gi|11 24080 24230
114 gi|11 27890 27928
115 gi|11 29708 29776
116 gi|11 31908 31952
117 gi|11 32661 32761
118 gi|11 33170 33267
119 gi|11 33678 34510
120 gi|110 189 1137
121 gi|110 1122 1715
122 gi|110 12582 12785
123 gi|110 26236 26370
124 gi|110 29282 29824
125 gi|110 29956 31336
126 gi|110 31089 32031
127 gi|110 32247 33259
128 gi|110 33457 34101
129 gi|110 34406 34488
130 gi|110 34551 34644
131 gi|110 35057 35336
132 gi|110 37128 39199
133 gi|111 2 69
134 gi|111 1267 3992
135 gi|111 6660 6832
136 gi|111 7085 7453
137 gi|111 14017 14472
138 gi|111 22370 22481
139 gi|111 24230 24525
140 gi|111 24545 24982
141 gi|111 25444 25698
142 gi|111 25691 25841
143 gi|111 25895 26008
144 gi|111 29960 30368
145 gi|111 31543 31812
146 gi|111 31810 32754
147 gi|111 39783 40142
148 gi|112 173 255
149 gi|112 2531 2689
150 gi|112 13129 13985
151 gi|112 15771 15896
152 gi|112 15879 17368
153 gi|112 17895 18561
154 gi|112 19993 21587
155 gi|112 22971 24436
156 gi|112 23976 24980
157 gi|112 25395 26945
158 gi|112 27116 27278
159 gi|112 27345 27968
160 gi|113 63 869
161 gi|113 4522 6475
162 gi|113 8707 10779
163 gi|113 12773 13636
164 gi|113 14439 15552
165 gi|113 16520 18513
166 gi|113 18206 19713
167 gi|113 26737 26994
168 gi|113 27961 28228
169 gi|113 33108 33677
170 gi|113 34497 36283
171 gi|113 38207 40016
172 gi|114 3511 3649
173 gi|114 8371 8564
174 gi|114 8565 9274
175 gi|114 9274 10369
176 gi|114 12727 12808
177 gi|114 12793 13014
178 gi|114 14111 14271
179 gi|114 14741 15010
180 gi|114 15022 16143
181 gi|114 16368 17971
182 gi|114 17927 18224
183 gi|114 18218 18473
184 gi|114 23016 23360
185 gi|114 30894 31063
186 gi|114 31215 31472
187 gi|114 31372 32288
188 gi|114 33177 33573
189 gi|114 33970 34842
190 gi|114 35165 35458
191 gi|114 36379 37735
192 gi|114 38778 40046
193 gi|115 35883 40000
194 gi|116 9570 10327
195 gi|116 19275 19372
196 gi|116 20197 20402
197 gi|116 21428 21519
198 gi|116 22044 22499
199 gi|116 25498 26421
200 gi|116 29489 31746
201 gi|117 5892 8022
202 gi|117 8028 8216
203 gi|117 8208 8860
204 gi|117 9654 9698
205 gi|117 10104 10243
206 gi|117 10916 11085
207 gi|117 14491 15070
208 gi|117 19043 19343
209 gi|117 20059 20184
210 gi|117 20187 20420
211 gi|117 20637 20811
212 gi|117 21553 21626
213 gi|117 30164 30309
214 gi|117 30656 30830
215 gi|117 31672 31824
216 gi|117 33425 33752
217 gi|117 33664 33883
218 gi|117 34915 35060
219 gi|117 37340 37689
220 gi|117 38819 38968
221 gi|118 8377 10035
222 gi|118 9296 11324
223 gi|118 10859 11810
224 gi|118 12345 12809
225 gi|118 15961 16561
226 gi|118 18896 19107
227 gi|118 19676 20019
228 gi|118 20604 21353
229 gi|118 22679 23040
230 gi|118 24878 25173
231 gi|118 25749 26360
232 gi|118 27442 27675
233 gi|118 30983 31601
234 gi|118 31825 31901
235 gi|119 673 864
236 gi|119 2514 2754
237 gi|119 10991 11682
238 gi|119 11964 13018
239 gi|119 13194 14093
240 gi|119 14686 15869
241 gi|119 15865 16433
242 gi|119 17183 17491
243 gi|119 18557 18677
244 gi|119 19159 20833
245 gi|119 21298 22073
246 gi|119 22809 23037
247 gi|119 23471 24387
248 gi|119 24628 25238
249 gi|119 25556 25697
250 gi|119 29216 29327
251 gi|119 29781 30756
252 gi|119 33673 33783
253 gi|119 36517 38329
254 gi|119 38338 39386
255 gi|119 39233 39562
256 gi|12 2142 2817
257 gi|12 4690 4810
258 gi|12 17044 17196
259 gi|12 17528 17578
260 gi|120 2427 4299
261 gi|120 6314 7729
262 gi|120 22900 23206
263 gi|120 29820 30331
264 gi|120 32139 33770
265 gi|120 34453 34992
266 gi|120 36101 36326
267 gi|120 37799 37831
268 gi|121 788 1629
269 gi|121 8409 8710
270 gi|121 12588 12916
271 gi|121 13052 13602
272 gi|121 22054 22233
273 gi|121 23236 23536
274 gi|121 23732 24000
275 gi|121 29931 32175
276 gi|121 34581 35032
277 gi|121 36154 36728
278 gi|121 36518 37040
279 gi|121 37114 37980
280 gi|121 39113 39802
281 gi|121 39798 40255
282 gi|122 4 853
283 gi|122 3062 3702
284 gi|122 4187 4296
285 gi|122 6620 8900
286 gi|122 9447 10303
287 gi|122 10747 10782
288 gi|122 11693 12069
289 gi|122 13635 13783
290 gi|122 15007 15503
291 gi|122 17181 19491
292 gi|122 20986 21709
293 gi|122 23547 26240
294 gi|122 26461 27828
295 gi|122 27811 29374
296 gi|122 29452 29904
297 gi|122 32355 33575
298 gi|122 34432 34806
299 gi|122 36484 37933
300 gi|122 37804 38177
301 gi|122 38752 39271
302 gi|122 39270 40173
303 gi|123 211 2812
304 gi|123 4310 6304
305 gi|123 11456 11774
306 gi|123 26178 26314
307 gi|123 26292 27497
308 gi|123 28393 28752
309 gi|123 29969 30131
310 gi|123 33963 34183
311 gi|123 35305 35602
312 gi|123 36714 37177
313 gi|123 38040 38149
314 gi|123 39242 39592
315 gi|123 40102 40147
316 gi|124 1 204
317 gi|124 450 1225
318 gi|124 8641 8799
319 gi|124 9075 9288
320 gi|124 10502 10594
321 gi|124 13713 14450
322 gi|124 14450 15626
323 gi|124 17028 17725
324 gi|124 19282 19376
325 gi|124 21050 21363
326 gi|124 21547 21632
327 gi|124 21857 22958
328 gi|124 25367 25746
329 gi|124 26626 27418
330 gi|124 34055 34185
331 gi|124 34229 34388
332 gi|124 34986 35397
333 gi|124 38073 38729
334 gi|125 1 972
335 gi|125 1442 1530
336 gi|125 2499 3555
337 gi|125 4072 5402
338 gi|125 8305 8546
339 gi|125 8541 8790
340 gi|125 9058 9198
341 gi|125 9345 9461
342 gi|125 10314 10363
343 gi|125 11248 11475
344 gi|125 13221 13263
345 gi|125 14310 14355
346 gi|125 14362 14902
347 gi|125 16233 16299
348 gi|125 20134 20211
349 gi|125 20530 20677
350 gi|125 20703 20783
351 gi|125 21058 21225
352 gi|125 21238 21403
353 gi|125 21775 21899
354 gi|125 22319 22416
355 gi|125 22466 22603
356 gi|125 23464 23616
357 gi|125 26687 26819
358 gi|125 28041 28372
359 gi|125 29913 30138
360 gi|125 32548 32635
361 gi|125 32871 33700
362 gi|125 34036 34071
363 gi|125 34530 34911
364 gi|125 35089 35375
365 gi|125 36631 36799
366 gi|125 37009 37193
367 gi|125 37827 37986
368 gi|125 38011 38308
369 gi|125 38311 38708
370 gi|125 39389 39560
371 gi|126 25197 26232
372 gi|126 27364 28580
373 gi|126 29726 30813
374 gi|126 37531 37828
375 gi|126 39088 39154
376 gi|127 36201 36928
377 gi|127 37443 37709
378 gi|127 38860 39933
379 gi|128 15695 18399
380 gi|129 2 930
381 gi|129 2428 2910
382 gi|129 3425 4750
383 gi|129 7703 8616
384 gi|129 9092 10227
385 gi|129 13455 13545
386 gi|129 13578 16469
387 gi|129 16851 16947
388 gi|129 19041 19447
389 gi|129 22523 22637
390 gi|129 23383 25139
391 gi|129 25978 26037
392 gi|129 26250 26504
393 gi|129 27614 27719
394 gi|129 27842 27950
395 gi|129 28925 28996
396 gi|129 29788 30688
397 gi|129 30845 30924
398 gi|129 32128 32382
399 gi|129 32595 32654
400 gi|129 33655 33918
401 gi|129 34330 34578
402 gi|129 34598 34690
403 gi|129 34680 34949
404 gi|129 34948 35011
405 gi|129 35118 35249
406 gi|129 36996 37199
407 gi|129 37157 38418
408 gi|129 38669 38816
409 gi|129 39369 40000
410 gi|13 9 464
411 gi|13 4767 4874
412 gi|13 8795 9053
413 gi|13 14921 15331
414 gi|13 15972 16038
415 gi|13 20287 20372
416 gi|13 20481 20862
417 gi|13 20860 20940
418 gi|13 21270 21463
419 gi|13 26815 26885
420 gi|13 26868 27855
421 gi|13 29310 29366
422 gi|13 29428 31597
423 gi|13 37289 37638
424 gi|130 4199 4298
425 gi|130 9488 9599
426 gi|130 15304 15400
427 gi|130 15611 15909
428 gi|130 16206 16416
429 gi|130 20210 20293
430 gi|130 31312 31464
431 gi|130 34654 35068
432 gi|130 35064 35317
433 gi|130 36598 36664
434 gi|131 20497 20599
435 gi|131 30979 32441
436 gi|131 37167 37232
437 gi|132 117 856
438 gi|132 3730 4047
439 gi|132 7402 7538
440 gi|132 8885 9532
441 gi|132 11913 12219
442 gi|132 12287 13044
443 gi|132 13312 13352
444 gi|132 13865 13927
445 gi|132 15953 16137
446 gi|132 16434 17052
447 gi|132 17086 17142
448 gi|132 17438 17674
449 gi|132 18347 19743
450 gi|132 19757 19817
451 gi|132 20739 20779
452 gi|132 22774 23603
453 gi|132 24090 24726
454 gi|132 25128 26470
455 gi|132 26484 26543
456 gi|132 26687 26786
457 gi|132 29203 30516
458 gi|132 30523 30578
459 gi|132 31782 32003
460 gi|132 32249 32877
461 gi|132 33593 33907
462 gi|133 5569 5835
463 gi|133 7120 7324
464 gi|133 7319 7893
465 gi|133 7891 8036
466 gi|133 8342 9143
467 gi|133 9501 10731
468 gi|133 10892 11330
469 gi|133 11318 12126
470 gi|133 19733 20368
471 gi|133 20611 20729
472 gi|133 24227 24868
473 gi|133 24611 25392
474 gi|133 29368 29571
475 gi|133 29564 31016
476 gi|133 37555 37906
477 gi|134 36093 38005
478 gi|135 9253 9998
479 gi|135 25550 25669
480 gi|135 35796 35889
481 gi|135 36995 37032
482 gi|135 37450 37701
483 gi|135 37999 38538
484 gi|136 1 1616
485 gi|136 1773 2241
486 gi|136 2593 3057
487 gi|136 3424 4414
488 gi|136 5176 5287
489 gi|136 6186 8406
490 gi|136 14462 14916
491 gi|136 29167 29259
492 gi|136 39732 39827
493 gi|137 26463 27202
494 gi|137 32230 32340
495 gi|137 33535 33613
496 gi|138 31 420
497 gi|138 1211 1486
498 gi|138 1730 1808
499 gi|138 19224 20014
500 gi|138 20202 20358
501 gi|138 21128 22237
502 gi|138 30640 30715
503 gi|138 33248 33639
504 gi|138 33955 34232
505 gi|138 35339 35372
506 gi|139 154 189
507 gi|139 536 819
508 gi|139 852 1011
509 gi|139 1108 1196
510 gi|139 10667 10827
511 gi|139 19333 19409
512 gi|139 19615 19745
513 gi|139 19783 19893
514 gi|139 27342 27985
515 gi|139 28728 29863
516 gi|139 29981 32717
517 gi|139 32827 33448
518 gi|139 33447 33725
519 gi|139 34020 34309
520 gi|139 34527 34637
521 gi|139 36752 38686
522 gi|139 38925 38958
523 gi|139 39296 40000
524 gi|14 1 84
525 gi|14 61 611
526 gi|14 5148 5452
527 gi|14 10243 10288
528 gi|14 10284 10625
529 gi|14 11721 13587
530 gi|14 14226 17439
531 gi|14 22358 23357
532 gi|14 23775 24508
533 gi|14 24506 24588
534 gi|14 25044 25805
535 gi|14 26374 26718
536 gi|14 27559 29358
537 gi|14 29765 29815
538 gi|14 30363 32162
539 gi|14 32498 32829
540 gi|14 33069 36514
541 gi|14 38332 38631
542 gi|14 38818 38963
543 gi|140 102 282
544 gi|140 1242 1554
545 gi|140 1758 2023
546 gi|140 8507 8622
547 gi|140 23164 23259
548 gi|140 24625 25557
549 gi|140 27483 28261
550 gi|140 30101 30545
551 gi|140 34480 34659
552 gi|140 35175 36131
553 gi|140 36377 36949
554 gi|140 38168 38225
555 gi|140 39003 39197
556 gi|141 1 509
557 gi|141 1082 1329
558 gi|141 7897 8310
559 gi|141 8315 17479
560 gi|141 17479 17674
561 gi|141 17998 18129
562 gi|141 18872 19413
563 gi|141 19647 19910
564 gi|141 19906 20107
565 gi|141 20286 21400
566 gi|141 26988 27285
567 gi|141 27182 28377
568 gi|141 28374 29141
569 gi|141 29497 30359
570 gi|141 30799 30905
571 gi|141 31152 31365
572 gi|141 31857 32288
573 gi|141 32294 32415
574 gi|141 33111 34945
575 gi|141 35059 35394
576 gi|141 35755 36018
577 gi|141 36084 36550
578 gi|141 36823 37023
579 gi|142 17541 17636
580 gi|142 20728 20972
581 gi|142 23916 24072
582 gi|142 24173 24243
583 gi|142 30880 30930
584 gi|143 1 287
585 gi|143 510 1603
586 gi|143 1588 1698
587 gi|143 1926 2150
588 gi|143 3542 4192
589 gi|143 4994 5386
590 gi|143 6019 6834
591 gi|143 10793 11254
592 gi|143 14027 14534
593 gi|143 27345 27570
594 gi|143 27603 28267
595 gi|143 28255 28300
596 gi|143 28868 29012
597 gi|143 30983 34181
598 gi|143 35514 36359
599 gi|143 36883 37524
600 gi|143 38331 38614
601 gi|143 38610 40000
602 gi|144 2 27767
603 gi|145 2916 3135
604 gi|145 7536 7692
605 gi|145 17332 17561
606 gi|145 18033 19342
607 gi|145 20150 20939
608 gi|145 22881 23930
609 gi|145 30344 30521
610 gi|145 31571 31850
611 gi|145 31726 32040
612 gi|145 34202 34284
613 gi|145 34263 34398
614 gi|145 37489 37664
615 gi|146 19502 19774
616 gi|146 22558 22843
617 gi|147 11362 11491
618 gi|147 13420 13483
619 gi|147 15847 16037
620 gi|147 16930 17171
621 gi|147 17136 18355
622 gi|147 18804 19236
623 gi|147 19225 19404
624 gi|147 19439 19717
625 gi|147 19759 19788
626 gi|147 27135 27221
627 gi|147 29634 29720
628 gi|147 38274 38598
629 gi|147 38968 39098
630 gi|148 16664 18271
631 gi|148 18919 20346
632 gi|148 20189 20538
633 gi|148 20538 20942
634 gi|148 20814 21082
635 gi|148 21634 23203
636 gi|148 27105 27165
637 gi|148 35289 37320
638 gi|148 37623 37678
639 gi|148 37744 37804
640 gi|148 38111 38368
641 gi|149 3335 4386
642 gi|149 9051 9466
643 gi|149 13313 13486
644 gi|149 13419 13637
645 gi|149 15528 15685
646 gi|149 19463 21197
647 gi|149 23827 23985
648 gi|149 23983 24131
649 gi|149 24189 24557
650 gi|149 25908 26273
651 gi|149 27945 28224
652 gi|149 28437 28498
653 gi|149 29080 29427
654 gi|149 36635 36947
655 gi|149 37669 37716
656 gi|149 38306 39726
657 gi|15 553 1955
658 gi|15 6735 6898
659 gi|15 18416 19068
660 gi|15 20001 22310
661 gi|15 23037 23885
662 gi|15 24088 24383
663 gi|150 1054 2107
664 gi|150 3038 3650
665 gi|150 5670 6552
666 gi|150 6764 6859
667 gi|150 6855 7100
668 gi|150 14919 15788
669 gi|150 15785 16477
670 gi|150 27489 27946
671 gi|150 28531 28735
672 gi|150 29156 29950
673 gi|150 31996 32134
674 gi|150 32561 32746
675 gi|150 36504 36581
676 gi|151 11316 15433
677 gi|152 10895 11707
678 gi|152 12972 14766
679 gi|152 15122 15396
680 gi|152 15682 16061
681 gi|152 16360 18876
682 gi|152 19321 21999
683 gi|152 22331 22548
684 gi|152 24571 24934
685 gi|152 24963 25117
686 gi|152 27530 27977
687 gi|152 31633 32302
688 gi|152 33692 34528
689 gi|152 34937 35934
690 gi|152 36685 36926
691 gi|152 37723 38431
692 gi|152 39467 39612
693 gi|152 40021 40117
694 gi|153 174 367
695 gi|153 771 1166
696 gi|153 2837 3005
697 gi|153 3323 3604
698 gi|153 4976 5454
699 gi|153 6551 6879
700 gi|153 7066 9262
701 gi|153 11313 11660
702 gi|153 11702 11742
703 gi|153 13551 13663
704 gi|153 13655 14079
705 gi|153 14066 14320
706 gi|153 14303 14419
707 gi|153 14460 14594
708 gi|153 14890 14947
709 gi|153 17170 17465
710 gi|153 18959 20528
711 gi|153 20964 21374
712 gi|153 21351 22699
713 gi|153 22800 23630
714 gi|153 23629 24057
715 gi|153 24171 25617
716 gi|153 26298 26378
717 gi|153 27059 27847
718 gi|153 29963 30754
719 gi|153 31846 32516
720 gi|153 32596 33230
721 gi|153 33395 33810
722 gi|153 33805 34570
723 gi|154 149 339
724 gi|154 1167 1980
725 gi|154 7398 7782
726 gi|154 7898 8370
727 gi|154 9253 9311
728 gi|154 17559 17754
729 gi|154 18254 18781
730 gi|154 20944 22396
731 gi|154 22920 23333
732 gi|154 23578 23848
733 gi|154 24213 25695
734 gi|154 26026 26302
735 gi|154 26774 27684
736 gi|154 28727 29973
737 gi|154 30356 31148
738 gi|154 38018 38872
739 gi|154 39249 39545
740 gi|155 3856 3894
741 gi|155 11684 11721
742 gi|155 13047 13084
743 gi|155 20042 20170
744 gi|155 39390 39526
745 gi|156 2 27903
746 gi|156 28211 30074
747 gi|156 30280 31585
748 gi|157 5397 5491
749 gi|157 6323 9191
750 gi|157 9199 10076
751 gi|157 10192 10426
752 gi|157 11150 11326
753 gi|157 19359 19840
754 gi|157 21707 21965
755 gi|157 23099 23601
756 gi|157 34135 34326
757 gi|157 34462 34739
758 gi|157 35927 36029
759 gi|157 36140 36339
760 gi|157 36326 36704
761 gi|157 37019 37190
762 gi|158 2 27945
763 gi|158 28253 33327
764 gi|159 708 744
765 gi|159 3017 5129
766 gi|159 5864 6450
767 gi|159 9407 11042
768 gi|159 12017 12077
769 gi|159 12161 12242
770 gi|159 12344 12436
771 gi|159 13912 14245
772 gi|159 14235 14767
773 gi|159 14843 14985
774 gi|159 15512 16018
775 gi|159 16108 18078
776 gi|159 18407 18487
777 gi|159 19813 20250
778 gi|159 23741 24009
779 gi|159 24022 24247
780 gi|159 24382 24737
781 gi|159 26551 26969
782 gi|159 26941 27910
783 gi|159 28178 30170
784 gi|159 30839 31139
785 gi|159 31294 31420
786 gi|159 31553 31594
787 gi|159 32212 34398
788 gi|159 34893 34947
789 gi|159 39601 39849
790 gi|16 4441 4700
791 gi|16 7818 7961
792 gi|16 17146 18884
793 gi|16 19769 19835
794 gi|16 20332 21448
795 gi|16 21675 23149
796 gi|16 23525 25665
797 gi|16 26053 28229
798 gi|160 8071 8533
799 gi|160 14288 14564
800 gi|160 17767 18002
801 gi|160 21387 21749
802 gi|160 21941 24720
803 gi|160 25024 25069
804 gi|160 25291 25415
805 gi|160 29650 29724
806 gi|160 32654 33126
807 gi|160 33594 33760
808 gi|160 34128 34250
809 gi|161 1846 2005
810 gi|161 2690 2906
811 gi|161 6564 7139
812 gi|161 7449 7877
813 gi|161 12579 13420
814 gi|161 20570 20917
815 gi|161 21463 21839
816 gi|161 28532 28634
817 gi|161 36837 36896
818 gi|161 36932 37363
819 gi|162 12516 13235
820 gi|162 13729 13774
821 gi|162 19008 19128
822 gi|162 19292 19501
823 gi|162 20751 22331
824 gi|162 39039 39175
825 gi|163 5112 5736
826 gi|163 9690 9800
827 gi|163 26505 26770
828 gi|164 1526 1772
829 gi|164 3849 4568
830 gi|164 6428 6748
831 gi|164 9790 11317
832 gi|164 16400 16687
833 gi|164 16721 16889
834 gi|164 18847 19036
835 gi|164 19462 19621
836 gi|164 19596 20950
837 gi|164 21023 21234
838 gi|164 28859 29888
839 gi|164 30369 31724
840 gi|164 31699 31871
841 gi|164 32538 32857
842 gi|164 34967 35151
843 gi|164 37671 38042
844 gi|164 38208 38358
845 gi|164 38367 38552
846 gi|165 2088 2401
847 gi|165 2808 3007
848 gi|165 38179 38249
849 gi|166 21400 21473
850 gi|166 23409 23500
851 gi|166 24865 24916
852 gi|166 34788 35321
853 gi|166 35542 35611
854 gi|166 36036 36126
855 gi|166 36516 37140
856 gi|166 37338 37546
857 gi|166 39007 39116
858 gi|167 12547 13379
859 gi|167 13838 13935
860 gi|167 15153 15197
861 gi|167 17353 17421
862 gi|167 19195 19233
863 gi|167 24253 24904
864 gi|167 25641 27299
865 gi|167 28378 28610
866 gi|167 36201 36231
867 gi|168 4483 5783
868 gi|168 12753 12858
869 gi|169 392 649
870 gi|169 739 1400
871 gi|169 1340 2556
872 gi|169 3154 3246
873 gi|169 19048 20496
874 gi|169 20484 20536
875 gi|169 22145 23834
876 gi|169 24478 25099
877 gi|169 27302 27560
878 gi|169 32624 33132
879 gi|169 33098 34284
880 gi|169 34309 34476
881 gi|169 35455 35834
882 gi|169 36011 37302
883 gi|169 37431 37512
884 gi|169 37652 38449
885 gi|169 38450 39091
886 gi|17 14865 15201
887 gi|17 15445 15766
888 gi|17 16137 16814
889 gi|17 17062 17298
890 gi|17 39467 39566
891 gi|170 947 1076
892 gi|170 3762 3967
893 gi|170 5201 5878
894 gi|170 6362 6490
895 gi|170 9655 9773
896 gi|170 20077 20192
897 gi|170 20550 21666
898 gi|170 22146 22212
899 gi|170 22300 22332
900 gi|170 22712 22803
901 gi|170 23891 24276
902 gi|170 28538 29261
903 gi|170 35176 35837
904 gi|170 35945 36113
905 gi|170 36108 36233
906 gi|170 36552 36866
907 gi|170 36987 37276
908 gi|171 1534 1616
909 gi|171 2200 2933
910 gi|171 2927 2962
911 gi|171 3327 4326
912 gi|171 4634 5924
913 gi|171 5934 6042
914 gi|171 13515 13997
915 gi|171 16267 18211
916 gi|171 19112 19428
917 gi|171 19527 20635
918 gi|171 20331 21510
919 gi|171 21513 23600
920 gi|171 23858 24774
921 gi|171 24780 26441
922 gi|171 26609 26758
923 gi|171 26759 27569
924 gi|171 27568 29666
925 gi|171 30094 30480
926 gi|171 30479 30773
927 gi|171 30760 30925
928 gi|171 30880 31249
929 gi|171 31252 32072
930 gi|171 32056 33658
931 gi|171 33814 33959
932 gi|171 33959 34242
933 gi|171 34244 34498
934 gi|171 34497 36622
935 gi|171 36711 36819
936 gi|171 37063 37452
937 gi|171 39939 40102
938 gi|172 17929 18396
939 gi|172 18883 19187
940 gi|172 29850 30005
941 gi|172 30066 30293
942 gi|173 3785 4097
943 gi|173 4921 7105
944 gi|173 7852 7899
945 gi|173 11030 11154
946 gi|173 14877 15580
947 gi|173 21501 22174
948 gi|173 23881 24591
949 gi|173 24377 26729
950 gi|173 30023 31156
951 gi|173 31153 31842
952 gi|173 32173 32511
953 gi|173 32468 32793
954 gi|173 32957 33333
955 gi|173 33531 34261
956 gi|173 34257 34318
957 gi|174 4122 4941
958 gi|174 5096 5305
959 gi|174 6233 6428
960 gi|174 7714 8251
961 gi|174 8109 8741
962 gi|174 8776 8876
963 gi|174 9495 9874
964 gi|174 16893 17109
965 gi|174 17504 17620
966 gi|174 29974 30064
967 gi|175 1018 1257
968 gi|175 9762 10672
969 gi|175 17306 17858
970 gi|175 20350 20453
971 gi|175 21650 21696
972 gi|175 21899 22011
973 gi|175 22478 22726
974 gi|175 22826 22940
975 gi|175 22949 23301
976 gi|175 24058 24190
977 gi|175 24201 27017
978 gi|175 28184 28227
979 gi|175 28437 28555
980 gi|175 28579 28755
981 gi|175 35038 36822
982 gi|176 46 978
983 gi|176 18490 18618
984 gi|176 19622 19683
985 gi|176 19680 19778
986 gi|176 20211 20477
987 gi|176 20978 21180
988 gi|176 21187 21287
989 gi|176 22721 22886
990 gi|176 28488 28629
991 gi|176 29458 30070
992 gi|176 32799 32991
993 gi|176 33046 33517
994 gi|176 33737 34086
995 gi|176 34128 34430
996 gi|176 36453 36530
997 gi|176 36866 37497
998 gi|176 37809 38161
999 gi|176 38265 38478
1000 gi|177 3687 3753
1001 gi|177 4146 4364
1002 gi|177 4391 4607
1003 gi|177 6244 6486
1004 gi|177 15193 15303
1005 gi|177 17272 17401
1006 gi|177 25638 26918
1007 gi|177 33551 33855
1008 gi|177 34692 34907
1009 gi|178 1000 1089
1010 gi|178 2388 3666
1011 gi|178 5179 5862
1012 gi|178 15949 15999
1013 gi|178 16685 17160
1014 gi|178 20861 21568
1015 gi|178 21843 22384
1016 gi|178 22857 25532
1017 gi|178 25682 26494
1018 gi|178 27000 27224
1019 gi|178 27726 27789
1020 gi|178 29233 29670
1021 gi|178 32557 32593
1022 gi|178 36659 36719
1023 gi|179 1 298
1024 gi|179 1128 1172
1025 gi|179 1235 1373
1026 gi|179 1676 1902
1027 gi|179 6855 7893
1028 gi|179 8469 8610
1029 gi|179 31407 31637
1030 gi|18 7 5648
1031 gi|18 5544 15958
1032 gi|180 6450 7014
1033 gi|180 7008 7601
1034 gi|180 7758 7795
1035 gi|180 22638 22877
1036 gi|180 25701 25824
1037 gi|180 32609 33326
1038 gi|180 34357 34418
1039 gi|180 39105 39343
1040 gi|181 1 551
1041 gi|181 8456 8577
1042 gi|181 9053 9207
1043 gi|181 9353 10251
1044 gi|181 11151 11320
1045 gi|181 23281 23456
1046 gi|181 26557 27554
1047 gi|181 30086 32173
1048 gi|181 33668 33922
1049 gi|181 34004 34426
1050 gi|181 35191 35363
1051 gi|181 37626 38047
1052 gi|181 38348 40103
1053 gi|182 7571 7723
1054 gi|182 30825 31953
1055 gi|182 37881 37987
1056 gi|182 38727 39922
1057 gi|184 17816 17904
1058 gi|184 18104 19064
1059 gi|184 38905 39155
1060 gi|184 39148 39493
1061 gi|184 39713 39999
1062 gi|185 1 17893
1063 gi|186 12074 12382
1064 gi|186 12369 12823
1065 gi|186 13126 13471
1066 gi|186 27501 28545
1067 gi|186 30794 31225
1068 gi|187 10649 10720
1069 gi|187 10716 10900
1070 gi|187 12838 12950
1071 gi|187 13098 13291
1072 gi|187 14087 14147
1073 gi|187 15335 15544
1074 gi|188 5285 7960
1075 gi|188 8128 8409
1076 gi|188 8451 8606
1077 gi|188 8607 8644
1078 gi|188 16355 16628
1079 gi|188 17133 17418
1080 gi|188 22220 22588
1081 gi|188 22597 22717
1082 gi|188 24126 24165
1083 gi|188 24253 24663
1084 gi|188 24488 25373
1085 gi|188 26894 27422
1086 gi|188 27544 27799
1087 gi|188 28745 29076
1088 gi|188 29283 29503
1089 gi|188 30218 30457
1090 gi|188 32169 33306
1091 gi|188 33581 34126
1092 gi|188 34988 35293
1093 gi|188 36905 37068
1094 gi|188 38733 39037
1095 gi|189 20 69
1096 gi|189 662 708
1097 gi|189 3938 4145
1098 gi|189 6161 6225
1099 gi|189 7181 7241
1100 gi|189 11005 11188
1101 gi|189 12758 13906
1102 gi|189 13939 14007
1103 gi|189 30208 30469
1104 gi|189 35243 35548
1105 gi|189 39445 39964
1106 gi|19 1492 2249
1107 gi|19 2695 3784
1108 gi|19 7174 7394
1109 gi|19 8357 8501
1110 gi|19 8989 9344
1111 gi|19 9236 10184
1112 gi|19 10911 11202
1113 gi|19 11715 11983
1114 gi|19 13704 14128
1115 gi|19 14418 14958
1116 gi|19 24284 24599
1117 gi|19 26628 26690
1118 gi|19 29960 30651
1119 gi|19 30838 31753
1120 gi|19 32300 34578
1121 gi|19 35839 35971
1122 gi|19 36090 36290
1123 gi|19 36705 37001
1124 gi|19 37517 38557
1125 gi|19 38967 39998
1126 gi|190 2822 2919
1127 gi|190 3230 3443
1128 gi|190 20941 21296
1129 gi|190 22806 23013
1130 gi|190 23574 23609
1131 gi|190 28369 28698
1132 gi|190 29537 29803
1133 gi|190 29777 30432
1134 gi|190 30443 30489
1135 gi|190 32531 32620
1136 gi|190 32580 32891
1137 gi|190 34216 34846
1138 gi|190 35646 35772
1139 gi|190 39644 40011
1140 gi|191 17888 18067
1141 gi|191 21004 21235
1142 gi|191 21438 21625
1143 gi|191 22403 22579
1144 gi|191 22575 22737
1145 gi|191 22733 23225
1146 gi|191 24636 24685
1147 gi|191 27286 27828
1148 gi|191 38546 38780
1149 gi|192 2092 2791
1150 gi|192 2901 3034
1151 gi|192 3649 5596
1152 gi|192 14294 14425
1153 gi|192 14640 14853
1154 gi|192 36930 37042
1155 gi|192 37094 37230
1156 gi|193 8074 8290
1157 gi|194 4 1006
1158 gi|194 1271 1933
1159 gi|194 3460 3861
1160 gi|194 8620 8651
1161 gi|194 11006 11514
1162 gi|194 12207 12355
1163 gi|194 35528 35720
1164 gi|194 35997 36056
1165 gi|194 36058 36112
1166 gi|194 36415 38407
1167 gi|194 38413 38491
1168 gi|194 39074 39300
1169 gi|194 39949 40073
1170 gi|195 9902 10383
1171 gi|195 10436 11011
1172 gi|195 11196 13093
1173 gi|195 13192 13270
1174 gi|195 13886 13940
1175 gi|195 25639 26139
1176 gi|195 26644 26951
1177 gi|195 31288 31424
1178 gi|195 31621 32223
1179 gi|195 33643 33823
1180 gi|195 33856 34151
1181 gi|195 34894 35488
1182 gi|195 35508 35761
1183 gi|195 35753 36184
1184 gi|196 919 3328
1185 gi|196 2861 3897
1186 gi|196 3920 4814
1187 gi|196 8768 9850
1188 gi|196 12960 13035
1189 gi|196 13490 15226
1190 gi|196 15595 16509
1191 gi|196 18020 18167
1192 gi|196 19535 19596
1193 gi|196 20172 20708
1194 gi|196 22079 22551
1195 gi|196 24929 24976
1196 gi|197 6534 6816
1197 gi|197 11501 11670
1198 gi|197 12423 13146
1199 gi|197 14803 14990
1200 gi|197 14981 15324
1201 gi|197 24094 24774
1202 gi|197 25166 25366
1203 gi|197 28875 29057
1204 gi|197 30418 33264
1205 gi|197 37268 37330
1206 gi|198 1 1976
1207 gi|198 1972 3988
1208 gi|198 3968 4073
1209 gi|198 4736 4768
1210 gi|198 5135 5455
1211 gi|198 5671 5889
1212 gi|198 6090 7273
1213 gi|198 7175 7566
1214 gi|198 10219 11702
1215 gi|198 11676 12196
1216 gi|198 12060 12721
1217 gi|198 12836 12865
1218 gi|198 12858 14702
1219 gi|198 14737 14873
1220 gi|198 16874 18276
1221 gi|198 20580 20717
1222 gi|198 23719 23767
1223 gi|198 24481 24559
1224 gi|198 24612 24693
1225 gi|198 24732 24903
1226 gi|198 25511 25837
1227 gi|198 35917 36019
1228 gi|198 39412 39719
1229 gi|199 3790 3942
1230 gi|199 4022 4551
1231 gi|199 5298 8367
1232 gi|199 8141 9007
1233 gi|199 9368 11162
1234 gi|199 23867 23910
1235 gi|199 23933 27284
1236 gi|199 27614 29097
1237 gi|199 30087 30121
1238 gi|199 35172 35581
1239 gi|2 1 1572
1240 gi|20 21603 21921
1241 gi|20 21922 22015
1242 gi|20 22476 22582
1243 gi|20 23171 23669
1244 gi|20 24030 24324
1245 gi|20 27907 27942
1246 gi|20 36034 36464
1247 gi|20 38265 38968
1248 gi|20 38918 39182
1249 gi|20 39832 39940
1250 gi|20 40025 40102
1251 gi|200 2955 3099
1252 gi|200 11401 12191
1253 gi|200 16870 17701
1254 gi|200 33118 33310
1255 gi|201 6320 6459
1256 gi|201 6809 6877
1257 gi|201 6861 7316
1258 gi|201 7339 7659
1259 gi|201 7848 10715
1260 gi|201 12033 12113
1261 gi|201 13645 14013
1262 gi|201 16194 19890
1263 gi|201 20392 21868
1264 gi|201 22358 23127
1265 gi|201 23116 23301
1266 gi|201 29678 30916
1267 gi|201 30678 32457
1268 gi|201 38738 39341
1269 gi|201 40307 40378
1270 gi|202 2 39107
1271 gi|203 1375 1435
1272 gi|203 37710 37775
1273 gi|204 3559 4213
1274 gi|204 4654 4808
1275 gi|204 5838 6310
1276 gi|204 23520 24466
1277 gi|204 26545 26814
1278 gi|204 26939 27087
1279 gi|204 27430 27669
1280 gi|204 27655 28016
1281 gi|204 27855 32071
1282 gi|204 33663 33977
1283 gi|204 34338 34447
1284 gi|204 34932 35576
1285 gi|204 37796 38642
1286 gi|205 1 34
1287 gi|205 371 1043
1288 gi|205 1035 7408
1289 gi|205 8128 8815
1290 gi|205 8813 12989
1291 gi|205 15330 16553
1292 gi|205 17069 17960
1293 gi|205 18830 19415
1294 gi|205 19715 20441
1295 gi|205 20919 21225
1296 gi|205 21396 23590
1297 gi|205 24723 25051
1298 gi|205 25582 25713
1299 gi|205 27367 27426
1300 gi|205 28668 29113
1301 gi|205 29115 29187
1302 gi|205 29257 29638
1303 gi|205 29667 29779
1304 gi|205 29795 30274
1305 gi|205 30804 30864
1306 gi|205 31044 31216
1307 gi|205 31778 32427
1308 gi|205 33267 33381
1309 gi|205 34498 35086
1310 gi|206 10608 10736
1311 gi|206 10739 10865
1312 gi|206 11212 12176
1313 gi|206 12173 12435
1314 gi|206 17420 18055
1315 gi|206 18001 18316
1316 gi|206 18316 18855
1317 gi|206 19142 19476
1318 gi|206 22512 22669
1319 gi|206 22666 22855
1320 gi|206 23318 23474
1321 gi|206 23510 23878
1322 gi|206 24967 26234
1323 gi|206 28877 29392
1324 gi|206 32779 32873
1325 gi|206 36785 37213
1326 gi|206 39592 39735
1327 gi|206 39736 39799
1328 gi|206 39777 40065
1329 gi|207 17873 18176
1330 gi|207 19487 19711
1331 gi|207 21037 21360
1332 gi|207 22781 23203
1333 gi|207 24263 24641
1334 gi|207 25145 25286
1335 gi|207 28154 28226
1336 gi|207 34541 34770
1337 gi|207 35357 35567
1338 gi|207 38663 39567
1339 gi|208 5363 5739
1340 gi|208 6668 7137
1341 gi|208 11473 11818
1342 gi|208 19523 21557
1343 gi|208 24603 25266
1344 gi|208 28461 28687
1345 gi|208 39657 39737
1346 gi|209 9735 9792
1347 gi|209 35193 35380
1348 gi|21 1 18059
1349 gi|21 18057 18095
1350 gi|21 18141 18168
1351 gi|21 18194 18623
1352 gi|21 18834 18872
1353 gi|21 19108 19513
1354 gi|21 19390 20634
1355 gi|21 20625 21164
1356 gi|21 21012 23681
1357 gi|210 5176 7159
1358 gi|210 8848 9569
1359 gi|210 10320 11044
1360 gi|210 12131 12296
1361 gi|210 15223 16428
1362 gi|210 16803 17020
1363 gi|210 20581 20719
1364 gi|210 22452 22526
1365 gi|210 22832 22922
1366 gi|210 23337 26352
1367 gi|210 28272 28550
1368 gi|210 29631 30039
1369 gi|210 30758 31063
1370 gi|210 31873 32360
1371 gi|210 35023 36239
1372 gi|210 37936 38437
1373 gi|211 13269 13548
1374 gi|211 13629 13721
1375 gi|211 14001 14352
1376 gi|211 16616 17636
1377 gi|211 18296 18575
1378 gi|211 18746 18817
1379 gi|211 21642 21847
1380 gi|211 23372 25442
1381 gi|211 32499 34140
1382 gi|211 35313 35559
1383 gi|211 35562 37262
1384 gi|211 38063 38357
1385 gi|211 38211 40039
1386 gi|212 6984 7504
1387 gi|212 9544 10122
1388 gi|212 10124 13944
1389 gi|212 14359 14626
1390 gi|212 14976 16843
1391 gi|212 16901 17028
1392 gi|212 18415 18513
1393 gi|212 18852 19025
1394 gi|212 19968 20589
1395 gi|212 21729 22066
1396 gi|212 25220 25671
1397 gi|212 26674 26722
1398 gi|212 28709 28875
1399 gi|212 29322 29671
1400 gi|212 30605 30740
1401 gi|212 30843 32584
1402 gi|212 32682 32898
1403 gi|212 33350 34098
1404 gi|212 34159 34633
1405 gi|212 35667 37914
1406 gi|212 38497 38530
1407 gi|212 38738 38895
1408 gi|212 39213 39271
1409 gi|213 2511 2679
1410 gi|213 11306 11476
1411 gi|213 17775 18313
1412 gi|213 20194 20413
1413 gi|213 30995 31878
1414 gi|213 32140 32396
1415 gi|213 33832 33923
1416 gi|213 37149 39162
1417 gi|214 1 23077
1418 gi|214 23385 40336
1419 gi|215 30074 30199
1420 gi|215 35053 35181
1421 gi|215 35268 35342
1422 gi|216 31 214
1423 gi|216 2195 4854
1424 gi|216 6025 6404
1425 gi|216 7891 8275
1426 gi|216 8329 9445
1427 gi|216 10375 10531
1428 gi|216 15730 15874
1429 gi|216 16000 16060
1430 gi|216 23294 23814
1431 gi|216 24041 24467
1432 gi|216 24642 24834
1433 gi|216 27055 27141
1434 gi|216 27220 28437
1435 gi|216 30531 30644
1436 gi|216 31516 33320
1437 gi|216 34053 34779
1438 gi|216 38567 38686
1439 gi|217 367 558
1440 gi|217 7199 7489
1441 gi|217 7669 7982
1442 gi|217 8962 9151
1443 gi|217 11020 11099
1444 gi|217 15214 15284
1445 gi|217 16157 16243
1446 gi|217 19504 19629
1447 gi|217 19887 20010
1448 gi|217 21939 22034
1449 gi|217 22893 23090
1450 gi|217 25653 25906
1451 gi|217 25948 26122
1452 gi|217 34285 35040
1453 gi|217 37663 38225
1454 gi|218 16024 16201
1455 gi|218 18770 18836
1456 gi|218 28964 30702
1457 gi|218 30710 30904
1458 gi|218 31270 31507
1459 gi|218 31753 32813
1460 gi|218 34881 35105
1461 gi|218 39578 39925
1462 gi|219 31 1671
1463 gi|219 2758 2925
1464 gi|219 2953 6113
1465 gi|219 9706 9952
1466 gi|219 10801 11116
1467 gi|219 11115 11411
1468 gi|219 16725 16983
1469 gi|219 17011 17091
1470 gi|219 17321 17548
1471 gi|219 24957 27362
1472 gi|219 31305 33360
1473 gi|219 35034 35364
1474 gi|219 36656 39020
1475 gi|22 7 944
1476 gi|22 1788 2207
1477 gi|22 4100 4690
1478 gi|22 9147 9496
1479 gi|22 9764 10086
1480 gi|22 10381 10585
1481 gi|22 12728 14279
1482 gi|22 17400 17642
1483 gi|22 17649 17892
1484 gi|22 20706 20764
1485 gi|22 20762 20897
1486 gi|22 21112 21277
1487 gi|22 22060 22150
1488 gi|22 22802 22873
1489 gi|22 22935 23286
1490 gi|22 23246 23804
1491 gi|22 23763 24213
1492 gi|22 25261 25402
1493 gi|22 32927 33411
1494 gi|22 33584 33896
1495 gi|22 34930 35217
1496 gi|22 35823 36123
1497 gi|22 38412 38488
1498 gi|220 5925 6329
1499 gi|220 8164 8417
1500 gi|220 8524 11041
1501 gi|220 11046 11190
1502 gi|220 11939 15910
1503 gi|220 19845 20078
1504 gi|220 21326 21614
1505 gi|220 28118 28270
1506 gi|220 31073 31234
1507 gi|220 35725 39163
1508 gi|221 1 519
1509 gi|221 800 952
1510 gi|221 1136 1197
1511 gi|221 1245 1363
1512 gi|221 1390 1929
1513 gi|221 3780 4319
1514 gi|221 4346 4464
1515 gi|221 4512 4573
1516 gi|221 4757 4909
1517 gi|221 5190 5496
1518 gi|221 6104 6242
1519 gi|221 6382 6459
1520 gi|221 6991 7136
1521 gi|221 8643 8885
1522 gi|221 9173 10091
1523 gi|221 10160 10655
1524 gi|221 10656 10807
1525 gi|221 17694 17938
1526 gi|221 18357 18836
1527 gi|221 19951 20007
1528 gi|221 24837 25500
1529 gi|221 25648 25998
1530 gi|221 26283 26452
1531 gi|221 26709 27015
1532 gi|221 32268 32450
1533 gi|222 21950 22152
1534 gi|222 28363 28449
1535 gi|222 34425 34628
1536 gi|223 1773 2075
1537 gi|223 3154 3283
1538 gi|223 5332 5385
1539 gi|223 6782 9653
1540 gi|223 9950 10442
1541 gi|223 10564 10768
1542 gi|223 11820 11956
1543 gi|223 12840 12885
1544 gi|223 13111 13524
1545 gi|223 13525 14774
1546 gi|223 18120 18173
1547 gi|223 19182 19384
1548 gi|223 19631 19704
1549 gi|223 20329 20423
1550 gi|223 20576 20890
1551 gi|223 24375 24511
1552 gi|223 25751 25808
1553 gi|223 32922 32971
1554 gi|223 35900 35968
1555 gi|223 37001 37041
1556 gi|223 37038 37802
1557 gi|223 37782 39125
1558 gi|223 39381 39656
1559 gi|224 1 25771
1560 gi|225 1 1040
1561 gi|225 746 1379
1562 gi|225 1310 1482
1563 gi|225 2612 2930
1564 gi|225 7330 7948
1565 gi|225 7968 8017
1566 gi|225 8256 8377
1567 gi|225 8349 8462
1568 gi|225 8571 10096
1569 gi|225 10085 10255
1570 gi|225 10352 10400
1571 gi|225 12272 12459
1572 gi|225 14050 14680
1573 gi|225 14805 15255
1574 gi|225 15635 16218
1575 gi|225 17639 18479
1576 gi|225 18534 18726
1577 gi|225 19000 19116
1578 gi|225 19212 19600
1579 gi|225 20087 20345
1580 gi|225 21553 23918
1581 gi|226 996 1147
1582 gi|226 1802 1978
1583 gi|226 1964 2388
1584 gi|226 16294 16668
1585 gi|227 57 290
1586 gi|227 602 838
1587 gi|227 725 1145
1588 gi|227 1124 1397
1589 gi|227 1663 1800
1590 gi|227 6465 6680
1591 gi|227 7295 8070
1592 gi|227 10054 10166
1593 gi|227 10742 11026
1594 gi|227 11887 12045
1595 gi|227 12298 13067
1596 gi|227 16518 16678
1597 gi|227 17319 18040
1598 gi|227 21742 21848
1599 gi|227 22469 23206
1600 gi|227 23853 23911
1601 gi|227 27515 28142
1602 gi|227 31038 31195
1603 gi|227 32070 32196
1604 gi|227 32814 33609
1605 gi|227 36998 37158
1606 gi|227 37764 38493
1607 gi|228 1 1365
1608 gi|228 1822 2002
1609 gi|228 2451 2523
1610 gi|228 2963 3019
1611 gi|228 3884 3945
1612 gi|228 6725 7632
1613 gi|228 7629 8155
1614 gi|228 9256 9461
1615 gi|228 9708 10161
1616 gi|228 13145 13618
1617 gi|228 13725 14184
1618 gi|228 14182 14528
1619 gi|228 15081 15166
1620 gi|228 15168 15315
1621 gi|228 15579 16315
1622 gi|228 16313 16776
1623 gi|228 16775 16957
1624 gi|228 16928 17244
1625 gi|228 17766 17845
1626 gi|228 18305 18535
1627 gi|228 18480 18795
1628 gi|228 19421 19558
1629 gi|228 19559 19653
1630 gi|228 19663 19808
1631 gi|228 19857 20011
1632 gi|228 20011 20160
1633 gi|228 20341 20461
1634 gi|228 20495 20597
1635 gi|228 21256 21460
1636 gi|228 21461 21537
1637 gi|228 21535 21574
1638 gi|228 21624 21684
1639 gi|228 22584 23164
1640 gi|228 23374 23954
1641 gi|228 24854 24914
1642 gi|228 24964 25003
1643 gi|228 25001 25077
1644 gi|228 25078 25282
1645 gi|228 25941 26043
1646 gi|228 26077 26197
1647 gi|228 26378 26527
1648 gi|228 26527 26681
1649 gi|228 26730 26875
1650 gi|228 26885 26979
1651 gi|228 26980 27117
1652 gi|228 27743 28058
1653 gi|228 28003 28233
1654 gi|228 28693 28772
1655 gi|228 29294 29610
1656 gi|228 29581 29763
1657 gi|228 29762 30225
1658 gi|228 30223 30959
1659 gi|228 31223 31370
1660 gi|228 31372 31457
1661 gi|228 32034 32834
1662 gi|228 32835 34010
1663 gi|228 34040 34213
1664 gi|228 34516 34862
1665 gi|228 34835 35081
1666 gi|228 37368 37553
1667 gi|228 37998 38594
1668 gi|228 38595 39844
1669 gi|229 2359 2440
1670 gi|229 3996 5062
1671 gi|229 7272 7594
1672 gi|229 7913 8528
1673 gi|229 9763 9912
1674 gi|229 10112 10262
1675 gi|229 10317 10553
1676 gi|229 18406 18856
1677 gi|229 25589 27456
1678 gi|229 31701 33741
1679 gi|23 14464 18120
1680 gi|23 26158 26490
1681 gi|23 26501 26556
1682 gi|23 26560 26773
1683 gi|23 26853 27406
1684 gi|23 28120 28242
1685 gi|23 28836 28923
1686 gi|23 29116 29347
1687 gi|23 38097 38184
1688 gi|23 39809 40096
1689 gi|230 37820 38231
1690 gi|230 38883 39345
1691 gi|230 39236 40145
1692 gi|231 7266 7972
1693 gi|231 7799 8221
1694 gi|231 8014 8721
1695 gi|231 11761 13216
1696 gi|231 13698 15771
1697 gi|231 16150 16385
1698 gi|231 25714 26234
1699 gi|231 27190 27395
1700 gi|231 28335 29034
1701 gi|232 1819 2127
1702 gi|232 3077 3477
1703 gi|232 5103 5264
1704 gi|232 5537 5656
1705 gi|232 5643 6046
1706 gi|232 7758 8047
1707 gi|232 8385 8660
1708 gi|232 10807 11170
1709 gi|232 12527 12603
1710 gi|232 13754 14193
1711 gi|232 15751 15912
1712 gi|232 16185 16287
1713 gi|232 16291 16694
1714 gi|232 18044 18108
1715 gi|232 18591 19179
1716 gi|232 19676 20511
1717 gi|232 23184 23430
1718 gi|232 23938 24017
1719 gi|232 25206 26187
1720 gi|232 26963 27740
1721 gi|232 29772 30133
1722 gi|232 30896 30970
1723 gi|232 38558 38843
1724 gi|233 953 1026
1725 gi|233 2497 2834
1726 gi|233 29776 30383
1727 gi|234 874 976
1728 gi|234 1386 2012
1729 gi|234 2001 2674
1730 gi|234 2732 3184
1731 gi|234 3222 3534
1732 gi|234 3733 4028
1733 gi|234 4897 5123
1734 gi|234 17018 17049
1735 gi|234 26717 27583
1736 gi|234 31389 31421
1737 gi|234 31525 31886
1738 gi|234 34234 35419
1739 gi|234 36023 36099
1740 gi|234 36293 36581
1741 gi|234 37696 38518
1742 gi|234 39449 39590
1743 gi|235 7726 7851
1744 gi|235 12456 12506
1745 gi|235 13293 13727
1746 gi|235 14119 14212
1747 gi|235 14440 14515
1748 gi|235 28420 28604
1749 gi|235 28605 28666
1750 gi|235 28663 31040
1751 gi|235 32353 32807
1752 gi|235 32629 33099
1753 gi|235 33100 33171
1754 gi|235 38248 38772
1755 gi|236 1 194
1756 gi|236 502 550
1757 gi|237 902 2204
1758 gi|237 11150 11457
1759 gi|237 15829 16007
1760 gi|237 22747 22884
1761 gi|237 23104 23211
1762 gi|237 34759 34904
1763 gi|237 35043 35268
1764 gi|237 36881 36970
1765 gi|237 37362 37537
1766 gi|237 39176 39341
1767 gi|238 18188 18374
1768 gi|238 19423 19486
1769 gi|238 19847 19989
1770 gi|238 20766 20896
1771 gi|238 27446 27767
1772 gi|239 11986 12391
1773 gi|239 13323 13757
1774 gi|239 24009 24100
1775 gi|239 25074 25366
1776 gi|239 26032 26252
1777 gi|24 7 143
1778 gi|24 10145 10558
1779 gi|24 11010 11064
1780 gi|24 11461 12189
1781 gi|24 13812 14380
1782 gi|24 15224 16444
1783 gi|24 18692 18762
1784 gi|24 19627 19792
1785 gi|24 24944 26764
1786 gi|24 26546 27178
1787 gi|24 27931 28130
1788 gi|24 32842 33041
1789 gi|24 35926 36194
1790 gi|24 37425 37517
1791 gi|24 39109 40000
1792 gi|240 21446 21625
1793 gi|240 21887 22188
1794 gi|240 24939 25064
1795 gi|240 25959 26365
1796 gi|240 26355 26599
1797 gi|240 26604 26856
1798 gi|240 30700 30770
1799 gi|240 30855 30962
1800 gi|240 31012 31098
1801 gi|240 31193 31526
1802 gi|240 31638 31824
1803 gi|240 32023 32166
1804 gi|240 36256 36729
1805 gi|240 37317 37443
1806 gi|240 37703 37970
1807 gi|240 39045 39755
1808 gi|241 2541 2797
1809 gi|241 3400 4025
1810 gi|241 4490 5242
1811 gi|241 9289 9484
1812 gi|241 10159 11485
1813 gi|241 17170 17592
1814 gi|241 19906 20247
1815 gi|241 21291 21443
1816 gi|241 22591 22736
1817 gi|241 23082 23398
1818 gi|241 23748 23860
1819 gi|241 34168 34786
1820 gi|241 34722 35110
1821 gi|241 35084 35251
1822 gi|241 35729 36353
1823 gi|241 36249 36510
1824 gi|241 36507 37005
1825 gi|241 38408 38903
1826 gi|241 38906 39053
1827 gi|241 39592 39993
1828 gi|242 10 1103
1829 gi|242 1038 2611
1830 gi|242 6679 7161
1831 gi|242 7448 7618
1832 gi|242 7534 7835
1833 gi|242 8129 8390
1834 gi|242 9340 9622
1835 gi|242 9889 10079
1836 gi|242 28684 28881
1837 gi|242 29147 29393
1838 gi|242 30603 30906
1839 gi|242 32338 33517
1840 gi|242 34052 34140
1841 gi|242 37366 37545
1842 gi|242 38237 40000
1843 gi|243 5085 5275
1844 gi|243 5968 6476
1845 gi|243 25448 25484
1846 gi|243 25795 25944
1847 gi|243 28812 29298
1848 gi|243 36359 36549
1849 gi|243 37025 37698
1850 gi|243 37370 38376
1851 gi|244 15487 15535
1852 gi|244 16190 16522
1853 gi|244 16537 16690
1854 gi|244 17457 18555
1855 gi|244 26128 26239
1856 gi|244 26492 27222
1857 gi|244 35403 35488
1858 gi|244 36852 36931
1859 gi|245 638 1009
1860 gi|245 1954 2379
1861 gi|245 2297 2562
1862 gi|245 19861 20870
1863 gi|245 20965 21240
1864 gi|245 21184 21486
1865 gi|245 21390 22269
1866 gi|245 22908 23383
1867 gi|245 27551 27738
1868 gi|245 34289 34449
1869 gi|245 35120 35203
1870 gi|245 35938 36144
1871 gi|245 39852 40077
1872 gi|246 10066 10607
1873 gi|246 24321 24525
1874 gi|246 24865 26153
1875 gi|247 1 330
1876 gi|247 460 1394
1877 gi|247 1390 1636
1878 gi|247 1572 1792
1879 gi|247 1799 33101
1880 gi|247 33409 38091
1881 gi|248 3455 4059
1882 gi|248 5405 6009
1883 gi|248 5996 7656
1884 gi|248 8344 8826
1885 gi|248 15240 15334
1886 gi|248 16235 16335
1887 gi|248 16583 16646
1888 gi|248 17254 17760
1889 gi|248 23682 24046
1890 gi|248 30377 30651
1891 gi|248 30652 30851
1892 gi|248 37255 37541
1893 gi|248 38090 38304
1894 gi|248 38556 38677
1895 gi|249 1245 1401
1896 gi|249 1465 2984
1897 gi|249 6117 6179
1898 gi|249 7878 8029
1899 gi|249 18145 18527
1900 gi|249 18533 18615
1901 gi|249 19466 19523
1902 gi|249 20533 20688
1903 gi|249 20687 20792
1904 gi|249 24095 24492
1905 gi|249 24445 27283
1906 gi|249 27294 27345
1907 gi|249 27448 27732
1908 gi|25 7533 8190
1909 gi|25 8895 9032
1910 gi|25 20156 20250
1911 gi|25 28235 29102
1912 gi|25 29267 29879
1913 gi|25 33164 33598
1914 gi|25 33492 34159
1915 gi|25 34528 35721
1916 gi|250 7862 7928
1917 gi|250 15394 15899
1918 gi|250 16880 17510
1919 gi|250 17679 17787
1920 gi|250 20331 20676
1921 gi|250 23874 24149
1922 gi|250 28429 28850
1923 gi|250 30836 31052
1924 gi|250 30978 31671
1925 gi|250 34053 34843
1926 gi|251 7 73
1927 gi|251 8394 8659
1928 gi|251 14146 14217
1929 gi|251 17905 18178
1930 gi|251 18731 19282
1931 gi|251 28114 28332
1932 gi|251 28965 30540
1933 gi|251 30872 31129
1934 gi|252 495 1149
1935 gi|252 2138 2433
1936 gi|252 2722 2825
1937 gi|252 2819 2878
1938 gi|252 2899 3002
1939 gi|252 3359 3425
1940 gi|252 3939 4004
1941 gi|252 4346 4856
1942 gi|252 5302 5383
1943 gi|252 5591 5746
1944 gi|252 5962 6067
1945 gi|252 6275 6790
1946 gi|252 7956 8321
1947 gi|252 8322 8691
1948 gi|252 8597 8878
1949 gi|252 9078 9250
1950 gi|252 9887 10026
1951 gi|252 10839 11070
1952 gi|252 16209 18081
1953 gi|252 18313 18958
1954 gi|252 18958 19406
1955 gi|252 20396 20630
1956 gi|252 22642 22871
1957 gi|252 24532 24622
1958 gi|252 26214 26423
1959 gi|252 35032 35683
1960 gi|252 37594 37663
1961 gi|252 39329 39828
1962 gi|253 5306 5671
1963 gi|253 5914 6117
1964 gi|253 7833 8374
1965 gi|253 10114 10433
1966 gi|253 10458 10802
1967 gi|253 10705 11634
1968 gi|253 20769 20955
1969 gi|253 25429 32807
1970 gi|254 1 17573
1971 gi|254 17881 41796
1972 gi|255 2782 2878
1973 gi|255 3517 3574
1974 gi|255 3902 5383
1975 gi|255 5109 5748
1976 gi|255 5783 6371
1977 gi|255 6952 7190
1978 gi|255 7168 7224
1979 gi|255 8837 9434
1980 gi|255 9791 9929
1981 gi|255 13279 13415
1982 gi|255 19459 19607
1983 gi|255 20361 20644
1984 gi|255 22012 22982
1985 gi|255 22970 23016
1986 gi|255 23011 23080
1987 gi|255 25123 25363
1988 gi|255 25751 25964
1989 gi|255 29127 29924
1990 gi|255 29918 31416
1991 gi|255 31416 31691
1992 gi|255 31678 31901
1993 gi|255 32819 33401
1994 gi|255 33203 33978
1995 gi|255 34091 34434
1996 gi|256 4 16322
1997 gi|256 16107 30926
1998 gi|257 3 780
1999 gi|257 1779 2443
2000 gi|257 2413 2677
2001 gi|257 2702 3098
2002 gi|257 5987 6385
2003 gi|257 6782 6980
2004 gi|257 7959 8277
2005 gi|257 8462 8600
2006 gi|257 9330 9532
2007 gi|257 11343 11624
2008 gi|257 13163 13421
2009 gi|257 13549 14456
2010 gi|257 25099 25172
2011 gi|257 28741 28936
2012 gi|257 30745 30831
2013 gi|258 7910 8025
2014 gi|258 13543 14875
2015 gi|258 27712 28103
2016 gi|258 28478 28643
2017 gi|258 28684 29209
2018 gi|258 32628 34530
2019 gi|258 35284 35415
2020 gi|258 35621 35920
2021 gi|258 36333 36674
2022 gi|258 36964 37957
2023 gi|259 1 156
2024 gi|259 1022 1191
2025 gi|259 6244 6333
2026 gi|259 8380 10687
2027 gi|259 11721 12368
2028 gi|259 12970 15785
2029 gi|259 17088 18743
2030 gi|259 19362 20722
2031 gi|259 21061 21726
2032 gi|259 22411 22860
2033 gi|259 24666 24893
2034 gi|259 32883 33210
2035 gi|26 998 1713
2036 gi|26 12285 12337
2037 gi|26 27490 27571
2038 gi|26 32051 32153
2039 gi|26 36900 37016
2040 gi|260 718 779
2041 gi|260 16560 16833
2042 gi|260 17843 17935
2043 gi|260 21337 21487
2044 gi|260 22658 22896
2045 gi|260 22926 23006
2046 gi|260 25960 26272
2047 gi|261 16306 16470
2048 gi|261 16456 16726
2049 gi|261 16604 16898
2050 gi|261 17188 17948
2051 gi|261 18571 18625
2052 gi|261 19111 19665
2053 gi|261 19398 20476
2054 gi|261 22720 23160
2055 gi|261 26476 26877
2056 gi|261 26988 27969
2057 gi|261 28154 29035
2058 gi|261 28872 29610
2059 gi|261 34708 34998
2060 gi|261 35964 36209
2061 gi|262 238 953
2062 gi|262 1163 5040
2063 gi|262 5402 5567
2064 gi|262 6379 7946
2065 gi|262 7604 10848
2066 gi|262 17729 18209
2067 gi|262 18839 21505
2068 gi|262 22047 24557
2069 gi|262 25867 25896
2070 gi|262 27429 28139
2071 gi|262 38179 38268
2072 gi|262 38822 40038
2073 gi|263 1257 4268
2074 gi|263 4937 5173
2075 gi|263 6236 6372
2076 gi|263 8130 8187
2077 gi|263 12621 12741
2078 gi|263 34432 36462
2079 gi|263 38132 38824
2080 gi|264 3873 3902
2081 gi|264 3906 4058
2082 gi|264 4111 4309
2083 gi|264 6200 6804
2084 gi|264 19577 24539
2085 gi|264 24485 24938
2086 gi|264 28337 28433
2087 gi|264 30759 30807
2088 gi|264 31478 31624
2089 gi|265 1826 2245
2090 gi|265 2243 3386
2091 gi|265 3788 4497
2092 gi|265 4665 5234
2093 gi|265 5350 5864
2094 gi|265 10234 10388
2095 gi|265 10838 12602
2096 gi|265 13878 16482
2097 gi|265 16486 16875
2098 gi|265 17656 17782
2099 gi|265 17903 19694
2100 gi|265 19792 20582
2101 gi|265 22742 23070
2102 gi|265 23591 25045
2103 gi|265 25110 25410
2104 gi|265 25470 25709
2105 gi|265 26165 26681
2106 gi|265 29262 29794
2107 gi|265 36053 36166
2108 gi|265 37473 37582
2109 gi|266 8618 8735
2110 gi|266 9339 9638
2111 gi|266 10611 10747
2112 gi|266 37158 37210
2113 gi|267 574 957
2114 gi|267 924 2939
2115 gi|267 4557 4614
2116 gi|267 5392 5529
2117 gi|267 10446 10845
2118 gi|267 10695 11019
2119 gi|267 12283 12683
2120 gi|267 15265 15576
2121 gi|267 15875 16002
2122 gi|267 17438 17484
2123 gi|267 18143 18942
2124 gi|267 26891 27104
2125 gi|267 27080 27130
2126 gi|267 31145 31436
2127 gi|267 34517 34806
2128 gi|267 36933 37096
2129 gi|268 12954 13189
2130 gi|268 13113 13267
2131 gi|268 27220 29665
2132 gi|268 30480 30650
2133 gi|268 31225 33295
2134 gi|268 33606 34060
2135 gi|269 32775 32876
2136 gi|269 32915 33081
2137 gi|269 38414 38744
2138 gi|27 3 83
2139 gi|27 2351 2620
2140 gi|27 2615 2670
2141 gi|27 3187 3540
2142 gi|27 3611 3871
2143 gi|27 4205 4953
2144 gi|27 5135 5305
2145 gi|27 5331 7547
2146 gi|27 14667 14862
2147 gi|27 16431 16609
2148 gi|27 17168 17230
2149 gi|27 31314 33127
2150 gi|27 33844 34012
2151 gi|27 34614 34816
2152 gi|27 35132 35448
2153 gi|27 35866 36344
2154 gi|27 37824 38000
2155 gi|27 38706 38939
2156 gi|27 39126 39225
2157 gi|270 997 1570
2158 gi|270 8946 9192
2159 gi|270 9316 9944
2160 gi|270 10074 10368
2161 gi|270 10956 11242
2162 gi|270 12538 12848
2163 gi|270 18583 19818
2164 gi|270 23195 23322
2165 gi|270 31578 31693
2166 gi|270 33393 33599
2167 gi|270 33885 33966
2168 gi|270 39140 39245
2169 gi|270 39633 40000
2170 gi|271 161 1074
2171 gi|271 9664 9975
2172 gi|271 9973 10601
2173 gi|271 12924 13009
2174 gi|271 38497 39005
2175 gi|271 39003 39166
2176 gi|272 1 157
2177 gi|272 1711 1836
2178 gi|272 1787 2068
2179 gi|272 2161 2286
2180 gi|272 3946 4022
2181 gi|272 6089 6623
2182 gi|272 7209 7270
2183 gi|272 8638 8785
2184 gi|272 10234 11175
2185 gi|272 11545 13281
2186 gi|272 13765 13840
2187 gi|272 13803 14243
2188 gi|272 21479 21561
2189 gi|272 23430 23746
2190 gi|272 24194 24450
2191 gi|272 25917 26736
2192 gi|272 27765 31914
2193 gi|272 36329 36443
2194 gi|272 36892 37328
2195 gi|272 37369 37461
2196 gi|272 38267 38493
2197 gi|273 6175 6237
2198 gi|273 9302 9336
2199 gi|273 9968 10032
2200 gi|273 10185 10222
2201 gi|273 13467 13634
2202 gi|273 13622 13670
2203 gi|273 14210 14396
2204 gi|273 14446 14556
2205 gi|273 14552 15014
2206 gi|273 15000 15151
2207 gi|273 15744 16076
2208 gi|273 16061 17077
2209 gi|273 17090 17397
2210 gi|273 18968 19200
2211 gi|273 20088 20438
2212 gi|273 21240 21593
2213 gi|273 21905 22416
2214 gi|273 23412 23762
2215 gi|273 27114 27167
2216 gi|273 27568 27602
2217 gi|273 29667 30242
2218 gi|273 30977 32496
2219 gi|273 35187 35300
2220 gi|273 35294 35782
2221 gi|273 37202 37455
2222 gi|273 37951 38159
2223 gi|273 38860 39211
2224 gi|273 39074 39610
2225 gi|273 39587 40172
2226 gi|275 27 863
2227 gi|275 1307 1507
2228 gi|275 2019 2542
2229 gi|275 3184 3250
2230 gi|275 3403 4281
2231 gi|275 4255 5141
2232 gi|275 5274 5457
2233 gi|275 8177 8442
2234 gi|275 11149 11484
2235 gi|275 11489 11749
2236 gi|275 12414 12613
2237 gi|275 12893 13302
2238 gi|275 13454 14981
2239 gi|275 14714 15320
2240 gi|275 15146 15736
2241 gi|275 16353 16624
2242 gi|275 16838 17488
2243 gi|275 32839 33150
2244 gi|275 33631 35274
2245 gi|275 35272 35858
2246 gi|275 38133 38334
2247 gi|276 1 6401
2248 gi|276 6552 10739
2249 gi|276 13080 14309
2250 gi|276 14822 15725
2251 gi|276 16592 17174
2252 gi|276 17474 17623
2253 gi|276 18305 18874
2254 gi|276 18768 19861
2255 gi|276 19867 19934
2256 gi|276 19961 20061
2257 gi|276 20034 21159
2258 gi|276 22524 22662
2259 gi|276 24364 25355
2260 gi|276 27694 28453
2261 gi|276 28320 28762
2262 gi|276 32477 33557
2263 gi|276 34442 36949
2264 gi|276 37475 37522
2265 gi|276 37771 38026
2266 gi|276 38065 38151
2267 gi|278 6742 7139
2268 gi|278 7139 7292
2269 gi|278 11356 13104
2270 gi|278 17408 17561
2271 gi|278 20265 20464
2272 gi|278 28923 29243
2273 gi|278 32740 34800
2274 gi|278 36900 37120
2275 gi|278 38406 39258
2276 gi|279 13007 13137
2277 gi|279 15187 15333
2278 gi|279 15647 16528
2279 gi|279 18033 18092
2280 gi|279 19122 19184
2281 gi|279 19818 19972
2282 gi|279 20098 21665
2283 gi|279 24202 24535
2284 gi|279 25825 26229
2285 gi|279 26311 27127
2286 gi|279 28269 28719
2287 gi|279 28836 29654
2288 gi|279 29885 29930
2289 gi|279 29917 29989
2290 gi|279 30464 31041
2291 gi|279 31121 31912
2292 gi|279 32182 32263
2293 gi|279 32290 32428
2294 gi|279 37482 37936
2295 gi|28 1128 2833
2296 gi|28 3618 4591
2297 gi|28 4624 5494
2298 gi|28 6434 7384
2299 gi|28 8021 8159
2300 gi|28 9159 9357
2301 gi|28 12702 12934
2302 gi|28 13519 14769
2303 gi|28 14833 15046
2304 gi|28 15493 15836
2305 gi|28 16080 17625
2306 gi|28 21559 23177
2307 gi|28 25544 25804
2308 gi|28 27436 27847
2309 gi|28 27748 28004
2310 gi|28 31469 32961
2311 gi|28 33544 35243
2312 gi|28 36401 36489
2313 gi|28 36967 38394
2314 gi|28 38505 40000
2315 gi|280 1 631
2316 gi|280 892 1667
2317 gi|280 2425 3111
2318 gi|280 3998 4651
2319 gi|280 9517 10576
2320 gi|280 10876 10908
2321 gi|280 25548 26272
2322 gi|280 26207 26544
2323 gi|280 28348 31534
2324 gi|280 31563 31849
2325 gi|280 31848 32148
2326 gi|280 33323 33517
2327 gi|280 33452 33789
2328 gi|280 34243 34529
2329 gi|280 34528 34696
2330 gi|280 39448 39963
2331 gi|281 8586 8766
2332 gi|281 30216 31104
2333 gi|281 31974 32041
2334 gi|281 32544 32739
2335 gi|281 33045 33442
2336 gi|281 35411 35922
2337 gi|281 37840 38153
2338 gi|282 1507 1967
2339 gi|282 2536 3491
2340 gi|282 3874 4080
2341 gi|282 14693 14726
2342 gi|282 26928 27024
2343 gi|282 35692 35880
2344 gi|282 38905 39264
2345 gi|283 2270 2389
2346 gi|283 5085 5176
2347 gi|283 9058 9240
2348 gi|283 9208 9298
2349 gi|283 14778 18190
2350 gi|283 18775 18930
2351 gi|283 21348 21668
2352 gi|283 22845 23773
2353 gi|283 23955 24505
2354 gi|283 24820 24936
2355 gi|283 27390 27654
2356 gi|283 27649 27741
2357 gi|283 29658 30098
2358 gi|283 30680 32347
2359 gi|284 482 717
2360 gi|284 4691 4866
2361 gi|284 5409 5756
2362 gi|284 6517 6569
2363 gi|284 9508 10495
2364 gi|284 18203 21030
2365 gi|284 22641 22840
2366 gi|284 22782 23164
2367 gi|284 23261 23506
2368 gi|284 23503 23712
2369 gi|284 23707 23743
2370 gi|284 24518 24789
2371 gi|284 24744 24983
2372 gi|284 24969 25020
2373 gi|284 25003 25050
2374 gi|284 33453 33598
2375 gi|284 33597 33914
2376 gi|284 37140 37374
2377 gi|284 37271 38126
2378 gi|285 1580 1644
2379 gi|285 1756 1954
2380 gi|285 1945 2077
2381 gi|285 2077 2723
2382 gi|285 4323 4585
2383 gi|285 6528 6934
2384 gi|285 26084 27790
2385 gi|285 28030 28162
2386 gi|285 36600 36710
2387 gi|286 72 1416
2388 gi|286 1569 2487
2389 gi|286 3960 4043
2390 gi|286 5493 6784
2391 gi|286 6895 7025
2392 gi|286 7170 7245
2393 gi|286 9136 9489
2394 gi|286 18659 18786
2395 gi|286 19929 19975
2396 gi|286 23575 24238
2397 gi|286 28869 29656
2398 gi|286 33178 33380
2399 gi|287 704 1642
2400 gi|287 2213 2297
2401 gi|287 2457 2505
2402 gi|287 8991 9055
2403 gi|287 11722 12820
2404 gi|287 13217 14440
2405 gi|287 16476 17578
2406 gi|287 17764 18019
2407 gi|287 18604 18793
2408 gi|287 20872 21241
2409 gi|287 22983 23029
2410 gi|287 32080 32320
2411 gi|287 33453 33824
2412 gi|287 34123 34199
2413 gi|287 35029 35952
2414 gi|287 36533 39770
2415 gi|288 1 1079
2416 gi|288 5674 8306
2417 gi|288 18821 19012
2418 gi|288 19339 19590
2419 gi|288 20048 20275
2420 gi|288 20522 21251
2421 gi|288 24696 25828
2422 gi|288 29332 30663
2423 gi|288 30158 31668
2424 gi|288 32788 33112
2425 gi|288 36241 37038
2426 gi|288 37565 37687
2427 gi|288 38352 39511
2428 gi|288 39953 40000
2429 gi|289 1886 1959
2430 gi|289 2496 3423
2431 gi|289 3788 8945
2432 gi|289 9382 9522
2433 gi|289 10721 10830
2434 gi|289 12219 12277
2435 gi|289 12280 12613
2436 gi|289 12799 13187
2437 gi|289 15388 15698
2438 gi|289 23338 23610
2439 gi|289 23920 24096
2440 gi|289 26294 26329
2441 gi|289 32387 32645
2442 gi|289 32863 34003
2443 gi|289 33990 34410
2444 gi|289 34414 35475
2445 gi|289 35474 36841
2446 gi|289 37010 39132
2447 gi|289 39324 39999
2448 gi|29 3994 4813
2449 gi|29 5381 6060
2450 gi|29 7029 7214
2451 gi|29 7362 9196
2452 gi|29 9827 10371
2453 gi|29 11993 13400
2454 gi|29 16958 17520
2455 gi|29 19738 20214
2456 gi|29 22940 23382
2457 gi|29 24592 24773
2458 gi|29 26104 26446
2459 gi|29 26698 26905
2460 gi|29 30878 31070
2461 gi|29 31752 31956
2462 gi|29 32495 32969
2463 gi|29 35209 35418
2464 gi|29 35672 36278
2465 gi|290 8201 9197
2466 gi|290 9345 9576
2467 gi|290 27508 27608
2468 gi|290 27840 27965
2469 gi|290 33920 33993
2470 gi|291 6593 6661
2471 gi|291 8038 8116
2472 gi|291 8487 8540
2473 gi|291 10225 10480
2474 gi|291 12721 12840
2475 gi|291 13198 13673
2476 gi|291 13621 13727
2477 gi|291 13787 14078
2478 gi|291 14248 14293
2479 gi|291 14275 17112
2480 gi|291 17150 17211
2481 gi|291 17384 17556
2482 gi|291 17529 17695
2483 gi|291 19511 19609
2484 gi|291 23986 25075
2485 gi|291 28577 30907
2486 gi|292 617 675
2487 gi|292 1315 2703
2488 gi|292 2840 3573
2489 gi|292 3885 3920
2490 gi|292 5140 5368
2491 gi|292 6054 6329
2492 gi|292 8741 8867
2493 gi|292 11270 11395
2494 gi|292 14225 14870
2495 gi|292 15989 16277
2496 gi|292 24046 24285
2497 gi|292 32420 35174
2498 gi|292 35931 36231
2499 gi|292 36230 36823
2500 gi|293 17 27107
2501 gi|293 27415 35403
2502 gi|294 267 743
2503 gi|294 4706 5162
2504 gi|294 13906 14134
2505 gi|294 19280 20188
2506 gi|294 20953 21097
2507 gi|294 27498 27731
2508 gi|294 32035 32185
2509 gi|294 32583 32720
2510 gi|294 32712 32840
2511 gi|294 32940 33929
2512 gi|294 34279 35769
2513 gi|294 36287 38552
2514 gi|294 38556 40021
2515 gi|295 3764 4246
2516 gi|295 6954 7311
2517 gi|295 8191 10123
2518 gi|295 15495 15640
2519 gi|295 16869 16930
2520 gi|295 19063 19725
2521 gi|295 19890 20376
2522 gi|295 20634 20955
2523 gi|295 21155 21595
2524 gi|295 23377 24251
2525 gi|295 24626 24745
2526 gi|295 27418 27817
2527 gi|295 29976 30206
2528 gi|295 30204 32092
2529 gi|296 4099 4211
2530 gi|296 21796 21953
2531 gi|296 37731 37806
2532 gi|296 37888 38043
2533 gi|296 38669 38743
2534 gi|297 114 250
2535 gi|298 4075 4136
2536 gi|298 6699 6965
2537 gi|298 21434 21502
2538 gi|298 21654 21724
2539 gi|298 27717 27919
2540 gi|299 2751 3580
2541 gi|299 16968 17016
2542 gi|299 23994 24088
2543 gi|299 32023 32803
2544 gi|299 33044 33154
2545 gi|299 33646 34946
2546 gi|299 35335 36649
2547 gi|299 37210 38634
2548 gi|3 2192 2254
2549 gi|3 2915 3470
2550 gi|3 5493 5682
2551 gi|3 5797 5931
2552 gi|3 6299 6713
2553 gi|3 7420 7552
2554 gi|3 9398 9793
2555 gi|3 10044 10297
2556 gi|3 10345 11211
2557 gi|3 12522 12929
2558 gi|3 14576 15984
2559 gi|3 16483 18161
2560 gi|3 18356 18421
2561 gi|3 18881 18979
2562 gi|3 20554 22239
2563 gi|3 23796 23959
2564 gi|3 25553 25771
2565 gi|3 25755 26820
2566 gi|3 26819 27577
2567 gi|3 29755 30109
2568 gi|3 31748 32075
2569 gi|3 34522 34796
2570 gi|30 2076 2536
2571 gi|30 3155 3276
2572 gi|30 3497 3827
2573 gi|30 7596 7794
2574 gi|30 8035 8700
2575 gi|30 9170 10385
2576 gi|30 11701 12550
2577 gi|30 12841 12888
2578 gi|30 12885 12947
2579 gi|30 18338 18463
2580 gi|30 21043 21208
2581 gi|30 23348 23641
2582 gi|30 33081 33140
2583 gi|30 34044 35166
2584 gi|300 61 109
2585 gi|300 260 344
2586 gi|300 1001 1944
2587 gi|300 2900 4669
2588 gi|300 4465 5295
2589 gi|300 5782 7429
2590 gi|300 7933 8078
2591 gi|300 9729 10078
2592 gi|300 10409 10643
2593 gi|300 10820 10907
2594 gi|300 10901 11559
2595 gi|300 11524 11772
2596 gi|300 11904 13203
2597 gi|300 14143 14992
2598 gi|300 33475 33567
2599 gi|300 34379 35232
2600 gi|300 35553 36449
2601 gi|300 37724 39436
2602 gi|301 2360 2410
2603 gi|301 4712 4824
2604 gi|301 6483 6553
2605 gi|301 7132 7212
2606 gi|301 7185 7305
2607 gi|301 7304 7467
2608 gi|301 13504 13921
2609 gi|301 15576 16559
2610 gi|301 17136 17640
2611 gi|301 17818 18439
2612 gi|301 18605 18903
2613 gi|301 19112 19568
2614 gi|301 19765 20098
2615 gi|301 20759 20819
2616 gi|301 20841 21066
2617 gi|301 21460 21570
2618 gi|301 21847 24537
2619 gi|301 26430 26589
2620 gi|301 26873 27012
2621 gi|301 27254 27314
2622 gi|301 27336 27561
2623 gi|301 27767 28673
2624 gi|301 29002 30103
2625 gi|301 32323 32570
2626 gi|301 33222 33933
2627 gi|301 34973 35119
2628 gi|301 38749 38926
2629 gi|302 6 1036
2630 gi|302 1762 1974
2631 gi|302 1945 2298
2632 gi|302 3303 3755
2633 gi|302 3981 4472
2634 gi|302 4913 5055
2635 gi|302 21733 22135
2636 gi|302 22495 22722
2637 gi|302 22713 23371
2638 gi|302 29926 30220
2639 gi|302 30775 30866
2640 gi|302 32389 33578
2641 gi|303 6111 6157
2642 gi|303 6631 6822
2643 gi|303 7217 7270
2644 gi|303 8733 8767
2645 gi|303 10953 11528
2646 gi|303 12263 13413
2647 gi|303 14116 14440
2648 gi|303 17021 17899
2649 gi|303 18772 18855
2650 gi|303 23139 23307
2651 gi|303 23659 23830
2652 gi|303 24684 25660
2653 gi|303 26377 27210
2654 gi|303 27365 27569
2655 gi|303 28512 29481
2656 gi|303 29705 29903
2657 gi|303 30310 30504
2658 gi|303 31388 32331
2659 gi|303 33595 34534
2660 gi|303 36592 37550
2661 gi|303 37950 38078
2662 gi|303 38994 39966
2663 gi|304 210 1989
2664 gi|304 2443 3441
2665 gi|304 9152 9283
2666 gi|304 9593 10366
2667 gi|304 11790 13266
2668 gi|304 13273 16958
2669 gi|304 16933 17433
2670 gi|304 17433 17822
2671 gi|304 17787 20672
2672 gi|304 21301 21596
2673 gi|304 21582 21718
2674 gi|304 22441 24646
2675 gi|304 25174 25292
2676 gi|304 26098 26371
2677 gi|304 34390 34746
2678 gi|304 35080 35413
2679 gi|304 36278 36398
2680 gi|304 37039 39579
2681 gi|304 40295 40338
2682 gi|305 6331 8331
2683 gi|305 8783 9337
2684 gi|305 9904 11282
2685 gi|305 11814 11851
2686 gi|305 11836 12331
2687 gi|305 21148 21781
2688 gi|305 23668 23729
2689 gi|305 24711 24897
2690 gi|305 25118 26027
2691 gi|305 26783 26825
2692 gi|305 27251 27526
2693 gi|305 27849 28569
2694 gi|305 29108 29755
2695 gi|305 30294 30694
2696 gi|305 31300 31548
2697 gi|305 31718 33997
2698 gi|305 34124 34165
2699 gi|305 34576 34801
2700 gi|305 36681 36943
2701 gi|305 37180 38065
2702 gi|306 28 341
2703 gi|306 3332 3648
2704 gi|306 4118 4615
2705 gi|306 4581 4722
2706 gi|306 4736 4863
2707 gi|306 4843 5128
2708 gi|306 5132 5162
2709 gi|306 13654 13755
2710 gi|306 21548 21817
2711 gi|306 34674 34819
2712 gi|306 35660 35712
2713 gi|307 1077 1718
2714 gi|307 2863 4255
2715 gi|307 4641 5603
2716 gi|307 6204 6484
2717 gi|307 6917 8111
2718 gi|307 8254 8321
2719 gi|307 9161 9221
2720 gi|307 12464 12764
2721 gi|307 16450 16690
2722 gi|307 18036 18145
2723 gi|307 19189 19580
2724 gi|307 20469 23517
2725 gi|307 24414 24748
2726 gi|307 26213 26484
2727 gi|307 33367 34241
2728 gi|307 34919 35159
2729 gi|307 37908 39708
2730 gi|308 102 1346
2731 gi|308 1587 1834
2732 gi|308 1881 2115
2733 gi|308 2496 2737
2734 gi|308 2738 2875
2735 gi|308 3007 3442
2736 gi|308 5708 5782
2737 gi|308 5919 6060
2738 gi|308 6817 7872
2739 gi|308 8376 9186
2740 gi|308 9421 9609
2741 gi|308 10112 11036
2742 gi|308 10880 12236
2743 gi|308 12216 12720
2744 gi|308 12705 13407
2745 gi|308 13966 14292
2746 gi|308 15367 15459
2747 gi|308 15762 16417
2748 gi|308 16371 16583
2749 gi|308 16876 17001
2750 gi|308 17596 17725
2751 gi|308 18162 18612
2752 gi|308 19195 19844
2753 gi|308 20457 20777
2754 gi|308 21277 21343
2755 gi|308 21354 21839
2756 gi|308 23519 23982
2757 gi|308 24086 24371
2758 gi|308 24585 24642
2759 gi|308 28456 28546
2760 gi|308 35143 35426
2761 gi|308 35597 35779
2762 gi|308 37332 37420
2763 gi|309 2858 2948
2764 gi|309 9061 9115
2765 gi|309 9599 10097
2766 gi|309 10079 10455
2767 gi|309 10452 10488
2768 gi|309 12025 12615
2769 gi|309 12614 13671
2770 gi|309 13979 14662
2771 gi|309 14658 15027
2772 gi|309 15030 17147
2773 gi|309 17556 17646
2774 gi|309 17690 17905
2775 gi|309 19006 19701
2776 gi|309 29540 29934
2777 gi|309 29909 30414
2778 gi|309 30617 30825
2779 gi|309 31493 31996
2780 gi|309 31997 34066
2781 gi|309 34064 35120
2782 gi|309 35100 35495
2783 gi|309 36437 37945
2784 gi|309 39213 39588
2785 gi|309 39591 40117
2786 gi|31 973 1560
2787 gi|31 7476 7554
2788 gi|31 9019 10312
2789 gi|31 11984 14013
2790 gi|31 16419 16536
2791 gi|31 17846 18978
2792 gi|31 19404 19610
2793 gi|31 20436 20482
2794 gi|31 21325 21531
2795 gi|31 21957 23089
2796 gi|31 27343 27461
2797 gi|310 766 965
2798 gi|310 2261 2319
2799 gi|310 2736 2809
2800 gi|310 2777 2869
2801 gi|310 3662 4097
2802 gi|310 4123 4527
2803 gi|310 5853 6064
2804 gi|310 7332 7861
2805 gi|310 7977 8106
2806 gi|310 8204 8262
2807 gi|310 8504 8568
2808 gi|310 8952 9036
2809 gi|310 9633 10487
2810 gi|310 13154 13625
2811 gi|310 13572 14098
2812 gi|310 15253 15351
2813 gi|310 15520 15694
2814 gi|310 15734 15860
2815 gi|310 18639 18979
2816 gi|310 19667 20861
2817 gi|310 21410 21688
2818 gi|310 22447 22629
2819 gi|310 26033 26768
2820 gi|310 26961 27611
2821 gi|310 27863 29102
2822 gi|310 29409 29620
2823 gi|310 30518 30841
2824 gi|310 30848 31139
2825 gi|310 31110 31387
2826 gi|310 32036 32231
2827 gi|310 33459 33494
2828 gi|310 33793 34432
2829 gi|310 34885 34966
2830 gi|310 35074 36035
2831 gi|310 36130 36248
2832 gi|310 36202 36335
2833 gi|310 38161 38697
2834 gi|310 39496 39592
2835 gi|310 39614 39811
2836 gi|310 39753 39910
2837 gi|311 11577 11633
2838 gi|311 17598 17789
2839 gi|311 17777 19277
2840 gi|311 20149 20390
2841 gi|311 20477 20723
2842 gi|311 20966 21187
2843 gi|311 21180 21251
2844 gi|311 22086 22644
2845 gi|311 27019 27323
2846 gi|311 27537 28077
2847 gi|311 28809 28968
2848 gi|311 29384 30726
2849 gi|311 35877 36038
2850 gi|312 5 349
2851 gi|312 352 485
2852 gi|312 475 544
2853 gi|312 1893 1965
2854 gi|312 4457 5658
2855 gi|312 11368 11544
2856 gi|312 18553 19712
2857 gi|312 22424 22703
2858 gi|312 23515 24543
2859 gi|312 24872 25650
2860 gi|312 27009 27379
2861 gi|312 27509 28705
2862 gi|312 30473 30630
2863 gi|313 24475 24563
2864 gi|313 24813 25094
2865 gi|313 30897 31020
2866 gi|314 2240 2413
2867 gi|314 4821 5083
2868 gi|314 16954 17047
2869 gi|314 28299 28349
2870 gi|314 30517 32287
2871 gi|314 36329 37177
2872 gi|315 4 80
2873 gi|315 10922 11063
2874 gi|315 13592 13683
2875 gi|315 15549 15759
2876 gi|315 20678 21012
2877 gi|315 21282 24267
2878 gi|315 24154 24810
2879 gi|315 24831 24959
2880 gi|315 28371 28529
2881 gi|315 28497 31295
2882 gi|315 31565 31909
2883 gi|315 34937 36023
2884 gi|315 37183 40117
2885 gi|316 262 511
2886 gi|316 528 926
2887 gi|316 933 1965
2888 gi|316 2084 3040
2889 gi|316 3048 3335
2890 gi|316 3779 3944
2891 gi|316 3947 4111
2892 gi|316 4115 4737
2893 gi|316 4923 5122
2894 gi|316 5115 5670
2895 gi|316 5688 5812
2896 gi|316 6277 6711
2897 gi|316 6592 7056
2898 gi|316 13877 14467
2899 gi|316 15319 15365
2900 gi|316 15878 16782
2901 gi|316 18280 18654
2902 gi|316 19214 19420
2903 gi|316 19600 20032
2904 gi|316 20386 21299
2905 gi|316 22226 22431
2906 gi|316 23106 24019
2907 gi|316 35599 35734
2908 gi|317 2242 2319
2909 gi|317 9799 9901
2910 gi|317 13076 13738
2911 gi|317 15622 15683
2912 gi|317 27591 27727
2913 gi|317 27999 28056
2914 gi|317 28468 28636
2915 gi|317 29502 29566
2916 gi|317 29840 29939
2917 gi|317 33211 33299
2918 gi|317 34848 34910
2919 gi|317 34892 36110
2920 gi|317 36527 37469
2921 gi|317 38041 38125
2922 gi|317 38535 39795
2923 gi|318 6378 6452
2924 gi|318 19487 19594
2925 gi|318 19554 19666
2926 gi|318 26214 26387
2927 gi|318 27373 28400
2928 gi|318 28570 29474
2929 gi|318 38831 39566
2930 gi|318 39743 40021
2931 gi|319 1130 3188
2932 gi|319 12639 13024
2933 gi|319 13746 14045
2934 gi|319 16678 16807
2935 gi|319 23257 23416
2936 gi|319 28933 29023
2937 gi|319 32486 32808
2938 gi|319 39985 40125
2939 gi|32 1 30815
2940 gi|320 9341 9401
2941 gi|320 14301 14870
2942 gi|320 22935 23032
2943 gi|320 23030 23137
2944 gi|321 2 15904
2945 gi|321 16212 34510
2946 gi|321 34177 40361
2947 gi|322 2645 3447
2948 gi|322 5863 5942
2949 gi|322 7611 8383
2950 gi|322 9243 10044
2951 gi|322 11243 11305
2952 gi|322 15054 15323
2953 gi|322 16471 16872
2954 gi|322 25066 25160
2955 gi|322 29663 31055
2956 gi|322 32726 34755
2957 gi|323 6130 7022
2958 gi|323 22561 22698
2959 gi|323 25324 25513
2960 gi|324 1037 1756
2961 gi|324 1864 2573
2962 gi|324 2266 3646
2963 gi|324 3010 5423
2964 gi|324 8114 9137
2965 gi|324 9443 10537
2966 gi|324 11389 11549
2967 gi|324 11543 11581
2968 gi|324 11926 12275
2969 gi|324 12421 12818
2970 gi|324 12699 13682
2971 gi|324 20259 20829
2972 gi|324 23528 24953
2973 gi|324 25295 26725
2974 gi|324 27369 27788
2975 gi|324 27787 27935
2976 gi|324 28906 29404
2977 gi|324 29727 29831
2978 gi|324 30892 31035
2979 gi|325 1033 1102
2980 gi|325 5846 6975
2981 gi|325 6974 7502
2982 gi|325 9132 9239
2983 gi|325 12948 13173
2984 gi|325 18542 18635
2985 gi|325 19186 19246
2986 gi|325 21447 21585
2987 gi|325 31974 32590
2988 gi|325 33102 33424
2989 gi|326 5404 5899
2990 gi|326 10362 11551
2991 gi|326 11929 12148
2992 gi|326 25470 25698
2993 gi|326 26748 27198
2994 gi|326 27546 27690
2995 gi|326 28163 28312
2996 gi|326 33324 33691
2997 gi|327 645 977
2998 gi|327 1093 1444
2999 gi|327 1516 1658
3000 gi|327 1599 1820
3001 gi|327 2079 2884
3002 gi|327 3082 3216
3003 gi|327 3207 4212
3004 gi|327 4184 4730
3005 gi|327 9005 9768
3006 gi|327 9796 9887
3007 gi|327 10073 10234
3008 gi|327 10509 10607
3009 gi|327 11326 11551
3010 gi|327 13312 13517
3011 gi|327 17118 17178
3012 gi|327 17431 17475
3013 gi|327 20647 20694
3014 gi|327 20889 21279
3015 gi|327 22198 22408
3016 gi|327 22383 22870
3017 gi|327 22868 22928
3018 gi|327 22927 23099
3019 gi|327 23098 23425
3020 gi|327 39755 39804
3021 gi|327 39802 39966
3022 gi|328 1552 1741
3023 gi|328 2874 3680
3024 gi|328 3735 3891
3025 gi|328 6418 6833
3026 gi|328 7291 7936
3027 gi|328 16953 17078
3028 gi|328 17182 17588
3029 gi|328 19995 20241
3030 gi|328 20241 20856
3031 gi|328 21040 21323
3032 gi|328 21828 21893
3033 gi|328 23939 24358
3034 gi|328 24800 25232
3035 gi|328 26051 26270
3036 gi|328 26818 27480
3037 gi|328 29110 29457
3038 gi|328 29719 30443
3039 gi|328 30427 30580
3040 gi|328 31183 31718
3041 gi|328 31868 31934
3042 gi|328 32054 32445
3043 gi|328 33653 34133
3044 gi|328 34751 34830
3045 gi|328 35119 35166
3046 gi|328 38095 38159
3047 gi|328 39166 39995
3048 gi|329 2 7903
3049 gi|329 8210 39445
3050 gi|33 1 8181
3051 gi|330 2 32773
3052 gi|331 1 3151
3053 gi|332 2904 3002
3054 gi|332 4536 4648
3055 gi|332 4650 5234
3056 gi|332 21254 21386
3057 gi|332 21424 21894
3058 gi|332 21970 22280
3059 gi|332 22442 22546
3060 gi|333 925 1001
3061 gi|333 1713 1800
3062 gi|333 1798 1866
3063 gi|333 1833 1906
3064 gi|333 2475 2730
3065 gi|333 3326 3416
3066 gi|333 35692 36100
3067 gi|333 36493 36729
3068 gi|333 36881 37261
3069 gi|333 37304 37494
3070 gi|334 1126 4003
3071 gi|334 4332 4863
3072 gi|334 5566 5684
3073 gi|334 5713 5941
3074 gi|334 7060 7195
3075 gi|334 7199 7256
3076 gi|334 8099 8159
3077 gi|334 8606 8691
3078 gi|334 32146 32311
3079 gi|334 39735 40000
3080 gi|335 925 1430
3081 gi|335 1433 4101
3082 gi|335 6047 6544
3083 gi|335 9778 9911
3084 gi|335 13522 14575
3085 gi|335 14573 14631
3086 gi|335 18467 19193
3087 gi|335 20589 20653
3088 gi|335 21636 22078
3089 gi|335 28617 29459
3090 gi|335 35210 35746
3091 gi|335 38597 38743
3092 gi|335 39265 40065
3093 gi|336 18659 18702
3094 gi|337 5638 5715
3095 gi|337 18042 18453
3096 gi|337 19668 19870
3097 gi|337 21031 21762
3098 gi|337 22123 22541
3099 gi|337 22728 23619
3100 gi|337 23751 24477
3101 gi|337 25028 25121
3102 gi|337 29059 29169
3103 gi|337 30417 32099
3104 gi|337 32481 32727
3105 gi|337 32754 34479
3106 gi|337 34720 35158
3107 gi|337 35143 35336
3108 gi|337 35737 36663
3109 gi|337 38462 38860
3110 gi|338 4482 7201
3111 gi|338 7834 7959
3112 gi|338 8001 8084
3113 gi|338 10850 10933
3114 gi|338 12868 14907
3115 gi|338 16101 17043
3116 gi|338 17553 17838
3117 gi|338 24417 24785
3118 gi|338 25277 26900
3119 gi|338 27688 29311
3120 gi|338 30990 33280
3121 gi|338 33723 34271
3122 gi|339 6723 6775
3123 gi|339 7933 8924
3124 gi|339 8926 9746
3125 gi|339 9926 11100
3126 gi|339 11189 11314
3127 gi|339 11313 11582
3128 gi|339 11932 11992
3129 gi|339 12118 14992
3130 gi|339 14981 15762
3131 gi|339 17205 17328
3132 gi|34 12605 12870
3133 gi|34 13765 14246
3134 gi|34 15128 15229
3135 gi|34 16078 16172
3136 gi|34 17746 19232
3137 gi|34 19762 19862
3138 gi|34 20139 20340
3139 gi|34 20615 20823
3140 gi|34 21750 22074
3141 gi|340 1997 2146
3142 gi|340 2147 2291
3143 gi|340 2294 2744
3144 gi|340 3330 9685
3145 gi|340 11255 11499
3146 gi|340 13314 13383
3147 gi|340 13387 13440
3148 gi|340 18707 19561
3149 gi|340 20401 20591
3150 gi|340 20641 20808
3151 gi|340 21391 21618
3152 gi|340 22549 22623
3153 gi|340 23087 23137
3154 gi|340 23653 24348
3155 gi|340 28276 29665
3156 gi|340 31116 31411
3157 gi|340 31453 32617
3158 gi|340 33303 34313
3159 gi|340 34866 35267
3160 gi|340 35464 35690
3161 gi|340 35690 35771
3162 gi|340 35768 35901
3163 gi|340 36558 36686
3164 gi|340 36825 38008
3165 gi|340 38485 39596
3166 gi|341 151 698
3167 gi|341 1026 1114
3168 gi|341 8648 9119
3169 gi|341 12158 13449
3170 gi|341 22318 22592
3171 gi|341 22941 29278
3172 gi|341 30470 31220
3173 gi|341 31372 31611
3174 gi|341 35545 35732
3175 gi|341 38092 38513
3176 gi|342 9781 9973
3177 gi|342 28294 28362
3178 gi|343 547 3316
3179 gi|343 3504 3592
3180 gi|343 3590 5873
3181 gi|343 6084 6204
3182 gi|343 6343 8105
3183 gi|343 8339 9557
3184 gi|343 10030 10982
3185 gi|343 11209 12511
3186 gi|343 12515 12703
3187 gi|343 14898 15026
3188 gi|343 15447 17579
3189 gi|343 17799 18162
3190 gi|343 39574 39895
3191 gi|344 1 352
3192 gi|344 1053 1261
3193 gi|344 1834 2087
3194 gi|344 10070 11808
3195 gi|344 11808 12099
3196 gi|344 12109 12231
3197 gi|344 15138 15542
3198 gi|344 15651 18753
3199 gi|344 19245 19496
3200 gi|344 19625 19809
3201 gi|344 19803 19946
3202 gi|344 21659 23024
3203 gi|344 31023 31283
3204 gi|344 31488 31608
3205 gi|344 31790 31870
3206 gi|344 33282 33341
3207 gi|344 33798 34135
3208 gi|344 34038 34353
3209 gi|344 34326 34570
3210 gi|345 8032 8665
3211 gi|345 11894 12056
3212 gi|345 12122 12229
3213 gi|345 12508 13503
3214 gi|345 17267 17404
3215 gi|345 17470 18187
3216 gi|345 18438 19124
3217 gi|345 20108 20211
3218 gi|345 20276 20748
3219 gi|345 20786 21186
3220 gi|345 22697 22963
3221 gi|345 23481 24030
3222 gi|345 24313 24564
3223 gi|346 67 241
3224 gi|346 432 609
3225 gi|346 21048 21665
3226 gi|346 22035 25007
3227 gi|347 2437 2581
3228 gi|347 13518 14086
3229 gi|347 14415 14865
3230 gi|347 15255 16194
3231 gi|347 17917 18156
3232 gi|347 18514 18908
3233 gi|347 23273 23796
3234 gi|347 23846 24023
3235 gi|347 29004 32998
3236 gi|347 33102 34076
3237 gi|347 34487 34922
3238 gi|347 39495 39711
3239 gi|347 39971 40061
3240 gi|348 3226 3485
3241 gi|348 4455 4697
3242 gi|348 4899 5026
3243 gi|348 5713 5915
3244 gi|348 5922 6359
3245 gi|348 7012 7082
3246 gi|348 9930 11206
3247 gi|348 11472 12252
3248 gi|348 12538 12684
3249 gi|348 14572 14904
3250 gi|348 23076 23527
3251 gi|348 23610 24170
3252 gi|348 25580 26068
3253 gi|348 30717 31024
3254 gi|348 32862 33262
3255 gi|348 36746 36842
3256 gi|349 954 1312
3257 gi|349 1620 1846
3258 gi|349 1821 1914
3259 gi|349 1905 2131
3260 gi|349 2357 2834
3261 gi|349 2933 3938
3262 gi|349 5229 5716
3263 gi|349 23231 24689
3264 gi|349 24145 26232
3265 gi|349 25998 27732
3266 gi|349 28754 29160
3267 gi|349 33073 33213
3268 gi|349 37087 37568
3269 gi|349 38092 39992
3270 gi|35 1610 2094
3271 gi|35 3642 4420
3272 gi|35 4981 5080
3273 gi|35 5078 5143
3274 gi|35 6458 6711
3275 gi|35 16418 16686
3276 gi|35 16720 17069
3277 gi|35 17583 17675
3278 gi|35 33864 33972
3279 gi|350 1 1796
3280 gi|351 3964 4019
3281 gi|351 11944 12086
3282 gi|351 13313 13424
3283 gi|353 320 426
3284 gi|353 2398 2910
3285 gi|353 2949 3012
3286 gi|353 3289 3318
3287 gi|353 4032 4655
3288 gi|353 4710 6555
3289 gi|353 11310 15069
3290 gi|353 23002 23139
3291 gi|353 23433 23666
3292 gi|353 23902 23996
3293 gi|354 8115 9171
3294 gi|354 17041 17341
3295 gi|354 18046 18614
3296 gi|354 26600 26806
3297 gi|354 28491 28822
3298 gi|354 31620 31716
3299 gi|354 34903 35277
3300 gi|354 35669 36271
3301 gi|354 37147 37184
3302 gi|354 37183 37387
3303 gi|354 37372 37448
3304 gi|354 37931 38201
3305 gi|354 38124 38639
3306 gi|355 549 2714
3307 gi|355 4027 4081
3308 gi|355 6806 6916
3309 gi|355 7488 7600
3310 gi|355 7870 9650
3311 gi|355 11234 11335
3312 gi|355 11503 12221
3313 gi|355 19208 19333
3314 gi|355 21596 21722
3315 gi|355 25246 25349
3316 gi|355 32237 32543
3317 gi|355 32825 34617
3318 gi|355 34800 38627
3319 gi|356 2373 2516
3320 gi|356 3350 3402
3321 gi|356 3399 3495
3322 gi|356 3636 4232
3323 gi|356 10453 10581
3324 gi|356 11094 11260
3325 gi|356 12260 13239
3326 gi|356 13811 15919
3327 gi|356 16436 16543
3328 gi|356 19932 20425
3329 gi|356 21956 21985
3330 gi|356 23294 25804
3331 gi|356 26346 29012
3332 gi|356 29642 30122
3333 gi|356 36957 40117
3334 gi|357 19887 20788
3335 gi|358 1 519
3336 gi|358 7457 7543
3337 gi|358 14003 14100
3338 gi|358 14056 14629
3339 gi|358 15949 16037
3340 gi|358 38123 38187
3341 gi|358 38403 38608
3342 gi|358 38651 38783
3343 gi|358 38841 39134
3344 gi|359 2 31349
3345 gi|36 8 183
3346 gi|36 1170 1238
3347 gi|36 1924 2441
3348 gi|36 2530 2698
3349 gi|36 2928 3744
3350 gi|36 4103 4147
3351 gi|36 4329 4493
3352 gi|36 4837 5275
3353 gi|36 7881 8207
3354 gi|36 8548 8633
3355 gi|36 23322 23509
3356 gi|36 25363 25645
3357 gi|36 26628 26914
3358 gi|36 27022 27124
3359 gi|36 27110 27261
3360 gi|36 27218 27358
3361 gi|36 29168 29857
3362 gi|36 31138 31475
3363 gi|36 31324 31738
3364 gi|36 31535 31990
3365 gi|36 36826 36863
3366 gi|36 38155 38192
3367 gi|36 38941 39524
3368 gi|36 39827 39881
3369 gi|360 4976 5182
3370 gi|360 5099 5286
3371 gi|360 17404 17486
3372 gi|361 2 18987
3373 gi|361 19295 31709
3374 gi|362 7659 7780
3375 gi|362 7781 8060
3376 gi|362 10800 11203
3377 gi|362 12034 12102
3378 gi|362 12851 13283
3379 gi|362 14191 15188
3380 gi|362 15240 15700
3381 gi|362 17775 17843
3382 gi|362 18437 19203
3383 gi|362 20047 20696
3384 gi|362 21279 21763
3385 gi|362 27945 28178
3386 gi|362 29198 29621
3387 gi|362 30807 31781
3388 gi|362 32118 32528
3389 gi|363 1723 1800
3390 gi|363 4289 4535
3391 gi|363 15971 16025
3392 gi|363 27070 27924
3393 gi|363 27676 28509
3394 gi|363 28490 29170
3395 gi|363 29653 29708
3396 gi|363 30442 30879
3397 gi|363 30944 31197
3398 gi|363 31706 32146
3399 gi|363 32117 32376
3400 gi|363 32574 32792
3401 gi|363 35827 36084
3402 gi|364 1 46
3403 gi|364 64 576
3404 gi|364 588 829
3405 gi|364 836 1213
3406 gi|364 1225 1437
3407 gi|364 2092 2666
3408 gi|364 2667 5082
3409 gi|364 5412 6258
3410 gi|364 18232 18547
3411 gi|364 20275 20317
3412 gi|364 20885 22512
3413 gi|364 23092 23395
3414 gi|364 36569 36964
3415 gi|364 39704 40000
3416 gi|365 3776 3847
3417 gi|365 6777 7088
3418 gi|365 7195 7742
3419 gi|365 8079 8352
3420 gi|365 8385 8511
3421 gi|365 8529 8696
3422 gi|365 9004 9629
3423 gi|365 10136 10618
3424 gi|365 11303 11388
3425 gi|365 11802 12138
3426 gi|365 12372 12438
3427 gi|365 25135 25387
3428 gi|365 26695 27260
3429 gi|365 27374 27435
3430 gi|365 27639 28436
3431 gi|365 28671 29833
3432 gi|365 39840 39973
3433 gi|366 5595 5688
3434 gi|366 5689 6363
3435 gi|366 7008 7269
3436 gi|366 8945 9213
3437 gi|366 11038 14334
3438 gi|366 16374 16410
3439 gi|366 17406 17502
3440 gi|366 17547 18249
3441 gi|366 18516 18990
3442 gi|366 20522 20953
3443 gi|366 23031 23088
3444 gi|366 24403 24921
3445 gi|366 31575 32448
3446 gi|366 33060 33550
3447 gi|366 34380 35858
3448 gi|366 38970 39441
3449 gi|367 1 20331
3450 gi|367 20639 30354
3451 gi|368 10133 10290
3452 gi|368 29267 29580
3453 gi|368 29733 30822
3454 gi|369 191 2063
3455 gi|369 2656 3454
3456 gi|369 3489 3865
3457 gi|369 5170 5706
3458 gi|369 17456 17547
3459 gi|37 4624 5104
3460 gi|37 26245 26367
3461 gi|37 28193 28278
3462 gi|37 29394 29647
3463 gi|37 31127 31254
3464 gi|37 32551 32701
3465 gi|37 34049 34646
3466 gi|371 1509 1547
3467 gi|371 1892 2134
3468 gi|371 4445 5018
3469 gi|371 7921 8221
3470 gi|371 10009 10608
3471 gi|371 11057 11568
3472 gi|371 11736 12022
3473 gi|371 12103 12820
3474 gi|371 12816 12848
3475 gi|371 13148 14196
3476 gi|371 23484 23665
3477 gi|371 23661 23904
3478 gi|371 25688 25830
3479 gi|371 25827 25927
3480 gi|371 26181 26239
3481 gi|371 26287 26424
3482 gi|371 26494 26656
3483 gi|371 27386 27565
3484 gi|371 27902 28080
3485 gi|371 28557 29492
3486 gi|372 2 14119
3487 gi|372 14427 31626
3488 gi|373 3586 3853
3489 gi|373 8694 8847
3490 gi|373 11473 11720
3491 gi|373 12877 13375
3492 gi|373 25950 26270
3493 gi|373 31526 31606
3494 gi|374 1 1191
3495 gi|374 1016 1642
3496 gi|374 2685 3905
3497 gi|374 4762 5136
3498 gi|374 6814 9119
3499 gi|374 9217 9332
3500 gi|374 10753 11309
3501 gi|374 11294 12001
3502 gi|374 12626 13069
3503 gi|374 13070 13114
3504 gi|374 13596 13869
3505 gi|374 16966 17290
3506 gi|374 17283 19748
3507 gi|374 20483 20975
3508 gi|374 22654 24084
3509 gi|374 24084 24190
3510 gi|374 25590 25947
3511 gi|374 25946 26041
3512 gi|374 27201 28177
3513 gi|374 28097 29590
3514 gi|374 31116 31290
3515 gi|374 31377 31819
3516 gi|374 33302 34019
3517 gi|374 34467 37092
3518 gi|374 37329 37360
3519 gi|374 37657 37866
3520 gi|374 39179 39425
3521 gi|375 10568 10725
3522 gi|375 12316 12419
3523 gi|375 13447 13572
3524 gi|375 13759 13886
3525 gi|375 14659 14755
3526 gi|375 15532 16132
3527 gi|375 17635 18694
3528 gi|375 18705 18846
3529 gi|375 20549 20826
3530 gi|375 22173 22735
3531 gi|375 36301 37003
3532 gi|376 14 488
3533 gi|376 7955 8044
3534 gi|376 8069 9120
3535 gi|376 9785 10281
3536 gi|376 10809 14496
3537 gi|376 15404 15434
3538 gi|376 15439 15916
3539 gi|376 16392 16708
3540 gi|376 24961 25030
3541 gi|376 25588 25681
3542 gi|376 25734 25837
3543 gi|376 26193 26716
3544 gi|376 27025 27225
3545 gi|376 31026 31111
3546 gi|376 33786 34720
3547 gi|376 36959 39241
3548 gi|377 1 611
3549 gi|378 19833 20863
3550 gi|378 21152 22327
3551 gi|378 22305 22619
3552 gi|378 22985 24130
3553 gi|378 24527 24674
3554 gi|378 25258 25676
3555 gi|378 26498 26720
3556 gi|378 27340 27789
3557 gi|378 29512 30004
3558 gi|378 30667 32058
3559 gi|378 32057 32611
3560 gi|378 33063 35067
3561 gi|378 35698 35932
3562 gi|378 36743 36934
3563 gi|378 37353 38002
3564 gi|379 1513 1947
3565 gi|379 7232 7267
3566 gi|379 18865 19182
3567 gi|379 19280 19373
3568 gi|379 19379 19874
3569 gi|379 20236 20533
3570 gi|379 36083 36949
3571 gi|379 36945 38254
3572 gi|38 1 203
3573 gi|38 339 762
3574 gi|38 1367 2517
3575 gi|38 10712 11079
3576 gi|38 22882 22963
3577 gi|38 23129 23303
3578 gi|38 25374 25518
3579 gi|38 28434 28790
3580 gi|38 29353 29542
3581 gi|38 30116 30206
3582 gi|38 30898 32420
3583 gi|380 26425 26605
3584 gi|380 28869 28925
3585 gi|380 30455 30578
3586 gi|380 31081 31188
3587 gi|380 33178 33368
3588 gi|381 295 1397
3589 gi|381 2529 3196
3590 gi|381 3193 3842
3591 gi|381 10650 11529
3592 gi|381 11525 12187
3593 gi|381 12513 12597
3594 gi|382 7667 7716
3595 gi|382 22240 22478
3596 gi|382 22427 22684
3597 gi|382 23785 23956
3598 gi|383 18801 18954
3599 gi|383 19195 19271
3600 gi|383 26109 26330
3601 gi|383 26664 27109
3602 gi|383 39529 40121
3603 gi|384 556 625
3604 gi|384 1021 1508
3605 gi|384 3530 3577
3606 gi|384 6067 6253
3607 gi|384 8026 8982
3608 gi|384 10309 10345
3609 gi|384 12921 13101
3610 gi|384 14023 14081
3611 gi|384 14087 14212
3612 gi|384 14997 15142
3613 gi|384 15159 15266
3614 gi|384 16179 16801
3615 gi|384 17380 17536
3616 gi|384 18288 18372
3617 gi|384 18630 18732
3618 gi|384 23622 23808
3619 gi|384 25678 25780
3620 gi|384 26637 26970
3621 gi|384 26930 27200
3622 gi|384 27210 27289
3623 gi|384 29466 29722
3624 gi|384 30504 30542
3625 gi|384 30823 30856
3626 gi|384 31020 31275
3627 gi|384 33297 33472
3628 gi|384 33902 35067
3629 gi|384 35158 35308
3630 gi|384 35360 35588
3631 gi|384 36305 36507
3632 gi|384 38832 38969
3633 gi|384 38968 39296
3634 gi|384 39374 39556
3635 gi|384 39735 39884
3636 gi|385 6401 7063
3637 gi|385 7621 8201
3638 gi|385 8908 12594
3639 gi|385 19526 19760
3640 gi|385 20686 20962
3641 gi|385 21038 21547
3642 gi|385 22077 22244
3643 gi|386 15965 16105
3644 gi|386 21210 21309
3645 gi|386 21303 21395
3646 gi|386 26822 27439
3647 gi|386 34551 34835
3648 gi|386 34717 35184
3649 gi|387 6452 6705
3650 gi|387 6697 7224
3651 gi|387 7211 7393
3652 gi|387 7479 7605
3653 gi|387 7589 7697
3654 gi|387 10405 10540
3655 gi|387 10681 11266
3656 gi|387 13609 14311
3657 gi|387 15554 15714
3658 gi|387 16728 17107
3659 gi|387 21531 21709
3660 gi|387 21887 22171
3661 gi|387 22640 22804
3662 gi|387 22939 24140
3663 gi|387 24193 24501
3664 gi|387 24721 25256
3665 gi|387 26223 26308
3666 gi|387 29608 29719
3667 gi|387 29847 30013
3668 gi|387 30722 31562
3669 gi|388 1901 1950
3670 gi|388 2343 2997
3671 gi|388 4250 4928
3672 gi|388 10033 11187
3673 gi|388 11530 12055
3674 gi|388 12249 13482
3675 gi|388 15403 15575
3676 gi|388 15579 15761
3677 gi|388 15672 17398
3678 gi|388 18078 18144
3679 gi|388 20159 20291
3680 gi|388 21715 22148
3681 gi|388 22143 22569
3682 gi|388 22565 22771
3683 gi|388 22759 25258
3684 gi|388 25358 25708
3685 gi|388 25744 25819
3686 gi|388 25849 25982
3687 gi|388 25980 26367
3688 gi|388 26707 26822
3689 gi|388 27023 27567
3690 gi|388 30592 31542
3691 gi|388 31556 33113
3692 gi|388 38037 38167
3693 gi|389 1 19693
3694 gi|389 20001 25449
3695 gi|39 938 1222
3696 gi|39 3109 3822
3697 gi|39 4133 4480
3698 gi|39 4475 4820
3699 gi|39 8711 9011
3700 gi|39 9643 9697
3701 gi|39 10002 11017
3702 gi|39 10987 12026
3703 gi|39 14833 15132
3704 gi|39 17484 17836
3705 gi|39 18570 18756
3706 gi|39 23645 24131
3707 gi|39 25077 25969
3708 gi|39 26616 27832
3709 gi|39 31111 31326
3710 gi|39 32301 32337
3711 gi|39 33158 33785
3712 gi|39 33775 34470
3713 gi|39 35808 35942
3714 gi|390 66 250
3715 gi|390 547 835
3716 gi|390 833 999
3717 gi|390 2158 2430
3718 gi|390 2558 3216
3719 gi|390 9807 9869
3720 gi|390 9943 10631
3721 gi|390 10628 10976
3722 gi|390 20911 21946
3723 gi|390 22867 23476
3724 gi|390 24241 25142
3725 gi|391 23536 23678
3726 gi|391 25132 26675
3727 gi|391 31406 31500
3728 gi|391 38441 39104
3729 gi|392 16222 16565
3730 gi|393 343 391
3731 gi|393 7455 7719
3732 gi|393 29608 29768
3733 gi|393 34254 34360
3734 gi|393 34744 36330
3735 gi|394 4464 4729
3736 gi|394 6204 6321
3737 gi|394 7220 7456
3738 gi|394 7851 8511
3739 gi|394 8745 9093
3740 gi|394 11654 12907
3741 gi|394 15679 17177
3742 gi|394 36463 36694
3743 gi|394 37104 37205
3744 gi|395 2326 3794
3745 gi|395 7226 7659
3746 gi|395 10192 11606
3747 gi|395 14214 14278
3748 gi|395 15403 15463
3749 gi|395 20863 21162
3750 gi|395 24163 24309
3751 gi|395 29402 31919
3752 gi|395 32778 32955
3753 gi|395 32915 33026
3754 gi|395 33253 35032
3755 gi|395 35252 35363
3756 gi|395 36327 37728
3757 gi|395 38528 40000
3758 gi|396 8 185
3759 gi|396 135 654
3760 gi|396 1204 1632
3761 gi|396 1662 2368
3762 gi|396 2200 2894
3763 gi|396 2728 3670
3764 gi|396 3700 4128
3765 gi|396 4678 5584
3766 gi|396 5839 6208
3767 gi|396 6287 6866
3768 gi|396 6629 26421
3769 gi|397 3976 5794
3770 gi|397 6057 6388
3771 gi|397 7375 7619
3772 gi|397 8975 9152
3773 gi|397 16663 16901
3774 gi|397 17158 17324
3775 gi|397 17245 17485
3776 gi|397 24714 25226
3777 gi|397 28062 28287
3778 gi|397 28226 28497
3779 gi|397 28498 28653
3780 gi|397 30188 30345
3781 gi|397 30766 31040
3782 gi|397 31407 31884
3783 gi|398 3538 4087
3784 gi|398 5434 5558
3785 gi|398 7595 7983
3786 gi|398 8096 8316
3787 gi|398 10727 10828
3788 gi|398 22208 23016
3789 gi|398 22991 23053
3790 gi|398 31104 33573
3791 gi|398 33898 34025
3792 gi|398 34069 34318
3793 gi|398 35970 36271
3794 gi|398 36273 36407
3795 gi|398 36678 37565
3796 gi|398 39483 39709
3797 gi|399 1 4943
3798 gi|399 5025 5728
3799 gi|399 18488 19246
3800 gi|399 20437 20497
3801 gi|399 25213 25351
3802 gi|399 25347 25476
3803 gi|399 27139 27306
3804 gi|399 27702 28029
3805 gi|399 28619 29117
3806 gi|399 29434 30014
3807 gi|399 33310 33341
3808 gi|399 33820 33920
3809 gi|399 37186 37734
3810 gi|4 1 158
3811 gi|4 214 777
3812 gi|4 776 926
3813 gi|4 950 1125
3814 gi|4 1410 1878
3815 gi|4 1910 2127
3816 gi|4 2292 2875
3817 gi|4 2855 3031
3818 gi|4 2962 3861
3819 gi|4 3819 4596
3820 gi|4 4854 6044
3821 gi|4 6198 6909
3822 gi|4 7044 7211
3823 gi|4 7400 7692
3824 gi|4 7681 8050
3825 gi|4 8326 8456
3826 gi|4 8517 8766
3827 gi|4 8731 9062
3828 gi|4 9030 9288
3829 gi|4 9285 10497
3830 gi|4 10539 10948
3831 gi|4 10941 11012
3832 gi|4 11017 11487
3833 gi|4 12149 12777
3834 gi|4 12995 13164
3835 gi|4 13150 13663
3836 gi|4 13604 14298
3837 gi|4 14618 14781
3838 gi|4 15287 16132
3839 gi|4 16140 16201
3840 gi|4 16182 16257
3841 gi|4 16289 16350
3842 gi|4 16556 16671
3843 gi|4 16700 16811
3844 gi|4 16811 16969
3845 gi|4 16981 17283
3846 gi|4 17432 18419
3847 gi|4 18505 18668
3848 gi|4 20042 20330
3849 gi|4 20521 20691
3850 gi|4 21205 22831
3851 gi|4 22708 23125
3852 gi|4 23186 25972
3853 gi|4 25892 26204
3854 gi|4 26345 26468
3855 gi|4 26763 26802
3856 gi|4 26961 27147
3857 gi|4 27080 27639
3858 gi|4 27627 27800
3859 gi|4 27833 29064
3860 gi|4 29163 29350
3861 gi|4 29551 30224
3862 gi|4 30307 30382
3863 gi|4 30464 30984
3864 gi|4 31044 32146
3865 gi|4 32318 32451
3866 gi|4 32661 34100
3867 gi|4 34079 34793
3868 gi|4 34795 34895
3869 gi|4 34920 35077
3870 gi|4 35369 42272
3871 gi|40 9776 10539
3872 gi|40 13284 13522
3873 gi|40 13792 14462
3874 gi|40 14717 15038
3875 gi|40 15174 15504
3876 gi|40 15997 16334
3877 gi|40 16734 16850
3878 gi|40 17556 17609
3879 gi|40 17609 17759
3880 gi|40 17808 18391
3881 gi|40 18392 18824
3882 gi|40 21265 21314
3883 gi|40 36284 36611
3884 gi|40 37524 37627
3885 gi|400 189 1238
3886 gi|400 1288 1979
3887 gi|400 2268 2314
3888 gi|400 2567 27709
3889 gi|401 505 654
3890 gi|401 1787 2490
3891 gi|401 2531 2717
3892 gi|401 3592 4338
3893 gi|401 4348 4529
3894 gi|401 5772 6527
3895 gi|401 21421 21542
3896 gi|401 22920 23527
3897 gi|402 53 153
3898 gi|402 632 703
3899 gi|402 3477 3552
3900 gi|402 3640 3831
3901 gi|402 5072 5303
3902 gi|402 12059 12502
3903 gi|402 12456 12794
3904 gi|402 13216 14104
3905 gi|402 14675 16531
3906 gi|402 17296 18380
3907 gi|402 18806 18940
3908 gi|403 1 481
3909 gi|403 319 1002
3910 gi|403 13987 17644
3911 gi|403 22082 22278
3912 gi|403 22541 23253
3913 gi|403 23207 23336
3914 gi|403 25016 25078
3915 gi|403 26133 26794
3916 gi|403 27857 28757
3917 gi|403 29350 30531
3918 gi|403 34908 35138
3919 gi|403 35136 35175
3920 gi|403 35427 35552
3921 gi|403 35563 35855
3922 gi|403 36047 36116
3923 gi|403 36227 36520
3924 gi|403 37393 37608
3925 gi|403 39368 39586
3926 gi|404 2334 2477
3927 gi|404 2447 3275
3928 gi|404 9093 9184
3929 gi|404 11082 11343
3930 gi|404 11616 12095
3931 gi|404 19075 19446
3932 gi|404 19694 19784
3933 gi|404 19837 20790
3934 gi|404 24617 24727
3935 gi|404 24700 24812
3936 gi|404 24785 24923
3937 gi|404 26610 27401
3938 gi|404 30527 30936
3939 gi|404 31097 32519
3940 gi|404 33056 33224
3941 gi|404 33791 34381
3942 gi|405 1 117
3943 gi|405 3734 3854
3944 gi|405 6287 6773
3945 gi|405 7329 7507
3946 gi|405 9182 9369
3947 gi|405 12485 13029
3948 gi|405 14973 15503
3949 gi|405 26010 26166
3950 gi|405 26843 27127
3951 gi|405 27334 27751
3952 gi|405 27752 27923
3953 gi|405 27923 28279
3954 gi|405 30316 30589
3955 gi|405 30893 31022
3956 gi|405 33776 34861
3957 gi|405 34924 35716
3958 gi|405 35784 35984
3959 gi|405 37059 38664
3960 gi|406 3080 3315
3961 gi|406 5849 5950
3962 gi|406 5978 6134
3963 gi|406 7947 8565
3964 gi|406 9270 9882
3965 gi|406 10518 11033
3966 gi|406 11645 12336
3967 gi|406 12807 12872
3968 gi|406 13191 13293
3969 gi|406 13808 14410
3970 gi|406 14502 14649
3971 gi|406 14912 15582
3972 gi|406 19662 19756
3973 gi|406 20874 21136
3974 gi|406 21820 22509
3975 gi|406 22610 22786
3976 gi|406 23713 25110
3977 gi|406 25679 26733
3978 gi|406 26913 27275
3979 gi|406 27291 27874
3980 gi|406 27811 28519
3981 gi|406 28286 29765
3982 gi|406 30216 30628
3983 gi|406 30629 30747
3984 gi|407 1 421
3985 gi|407 8614 8775
3986 gi|407 12900 13032
3987 gi|407 13008 13185
3988 gi|407 13402 13595
3989 gi|407 16836 16918
3990 gi|407 19402 19545
3991 gi|407 20866 21381
3992 gi|407 21499 22352
3993 gi|407 22566 22675
3994 gi|407 22872 22960
3995 gi|407 23138 23662
3996 gi|407 24196 24702
3997 gi|407 25593 25675
3998 gi|407 25790 26142
3999 gi|407 27500 27789
4000 gi|407 28721 28906
4001 gi|407 37812 37971
4002 gi|408 7 995
4003 gi|408 1444 1517
4004 gi|408 2103 2367
4005 gi|408 2537 4067
4006 gi|408 4669 4883
4007 gi|408 7682 7762
4008 gi|408 7927 8799
4009 gi|408 9209 10259
4010 gi|408 13370 14799
4011 gi|408 16095 17349
4012 gi|408 33695 33924
4013 gi|408 34127 35115
4014 gi|408 36114 36877
4015 gi|408 37124 39261
4016 gi|409 21332 21576
4017 gi|409 25838 26063
4018 gi|409 29798 30041
4019 gi|409 30318 30737
4020 gi|409 30791 31226
4021 gi|409 31276 31840
4022 gi|409 32372 32447
4023 gi|409 32730 33047
4024 gi|409 33043 33092
4025 gi|409 33363 33912
4026 gi|409 34449 35473
4027 gi|409 35466 36477
4028 gi|409 36536 36825
4029 gi|409 36895 36949
4030 gi|409 38898 39147
4031 gi|41 21839 21997
4032 gi|41 22537 23746
4033 gi|41 23953 25053
4034 gi|41 25307 25751
4035 gi|41 28151 30275
4036 gi|41 31390 33197
4037 gi|41 33487 33581
4038 gi|41 33627 33750
4039 gi|41 33762 33837
4040 gi|41 34140 34308
4041 gi|41 34569 34621
4042 gi|41 34624 34884
4043 gi|410 3931 4102
4044 gi|410 7152 7231
4045 gi|410 24620 24697
4046 gi|410 26267 28133
4047 gi|410 28803 32026
4048 gi|410 32491 32655
4049 gi|410 33374 33503
4050 gi|411 631 1192
4051 gi|411 1424 1494
4052 gi|411 1851 1944
4053 gi|411 2377 2945
4054 gi|411 3096 3296
4055 gi|411 5616 6604
4056 gi|411 8854 8966
4057 gi|411 17485 17644
4058 gi|411 18668 19660
4059 gi|411 21214 21673
4060 gi|411 21649 21796
4061 gi|411 22502 22569
4062 gi|411 23233 23313
4063 gi|411 30289 30596
4064 gi|411 34549 35118
4065 gi|411 35423 35924
4066 gi|411 36581 36727
4067 gi|411 36708 37334
4068 gi|411 37670 37706
4069 gi|411 38407 40000
4070 gi|412 4352 6543
4071 gi|412 7313 9479
4072 gi|412 10149 10493
4073 gi|412 10720 11091
4074 gi|412 15099 15238
4075 gi|412 15853 17019
4076 gi|412 18968 20145
4077 gi|412 21295 22504
4078 gi|412 28331 28659
4079 gi|412 30979 31125
4080 gi|414 428 996
4081 gi|414 2272 2371
4082 gi|414 3205 5574
4083 gi|414 7428 10363
4084 gi|414 12606 12656
4085 gi|414 12634 13286
4086 gi|414 13272 13672
4087 gi|414 14813 14934
4088 gi|414 14962 15060
4089 gi|414 17617 17681
4090 gi|414 17654 17976
4091 gi|414 18833 19409
4092 gi|414 19401 19894
4093 gi|414 19862 20413
4094 gi|414 20561 20932
4095 gi|415 1001 1208
4096 gi|415 4189 4836
4097 gi|415 4929 5024
4098 gi|415 5021 5464
4099 gi|415 5869 6543
4100 gi|415 6556 6753
4101 gi|415 7648 7738
4102 gi|415 10882 11168
4103 gi|415 13999 14047
4104 gi|415 19172 19501
4105 gi|415 20484 20686
4106 gi|415 25809 26523
4107 gi|415 27017 27061
4108 gi|415 28905 29083
4109 gi|415 29067 29805
4110 gi|415 30159 30194
4111 gi|415 30205 30369
4112 gi|415 32757 32980
4113 gi|415 33571 33955
4114 gi|416 166 1245
4115 gi|416 11222 11895
4116 gi|416 13591 13735
4117 gi|416 24734 24834
4118 gi|417 3749 5071
4119 gi|417 15549 15682
4120 gi|417 32264 32366
4121 gi|417 33639 34186
4122 gi|417 34153 34620
4123 gi|417 35054 35633
4124 gi|417 35670 38082
4125 gi|417 38515 38803
4126 gi|417 38776 39084
4127 gi|418 2 177
4128 gi|418 803 860
4129 gi|418 873 942
4130 gi|418 10490 11595
4131 gi|418 11874 12477
4132 gi|418 13142 13430
4133 gi|418 14582 14742
4134 gi|418 16349 16701
4135 gi|419 952 1093
4136 gi|419 2094 2158
4137 gi|419 5636 5848
4138 gi|419 5855 6016
4139 gi|419 8297 8419
4140 gi|419 8969 9453
4141 gi|419 10077 10962
4142 gi|419 11021 11361
4143 gi|419 11647 12509
4144 gi|419 12512 12604
4145 gi|419 12754 12968
4146 gi|419 12976 13034
4147 gi|419 13221 13312
4148 gi|419 13814 13883
4149 gi|419 28323 28498
4150 gi|419 28521 29018
4151 gi|419 29022 29105
4152 gi|419 31739 32064
4153 gi|419 32173 32337
4154 gi|419 33778 33935
4155 gi|419 33926 34005
4156 gi|419 34022 34119
4157 gi|419 34260 34323
4158 gi|42 1 333
4159 gi|42 734 1746
4160 gi|42 2750 3196
4161 gi|42 3166 3751
4162 gi|42 4826 6469
4163 gi|42 6468 6913
4164 gi|42 6852 7536
4165 gi|42 11014 12686
4166 gi|42 13742 13865
4167 gi|42 15343 16705
4168 gi|42 17592 17620
4169 gi|42 19180 19377
4170 gi|42 19515 25697
4171 gi|42 26149 26471
4172 gi|42 28171 28259
4173 gi|42 30049 30092
4174 gi|42 30081 33279
4175 gi|42 34612 35457
4176 gi|42 35981 36622
4177 gi|42 36611 38434
4178 gi|42 38669 39331
4179 gi|42 39762 39996
4180 gi|421 7903 8238
4181 gi|421 8540 8666
4182 gi|421 9048 9165
4183 gi|421 14240 14789
4184 gi|422 1 7183
4185 gi|423 7721 9554
4186 gi|423 12708 13659
4187 gi|423 14190 16224
4188 gi|423 17301 18210
4189 gi|423 18660 18939
4190 gi|424 10 572
4191 gi|424 558 774
4192 gi|424 1628 1837
4193 gi|424 2221 2296
4194 gi|424 3910 4003
4195 gi|424 3979 4394
4196 gi|424 4687 5044
4197 gi|424 5043 5142
4198 gi|424 5260 5320
4199 gi|424 6948 7302
4200 gi|424 13939 14014
4201 gi|424 14102 14434
4202 gi|424 14510 14566
4203 gi|424 14553 14710
4204 gi|424 15051 15344
4205 gi|424 15838 15933
4206 gi|424 17074 17182
4207 gi|424 18008 18042
4208 gi|424 18314 18365
4209 gi|424 19744 19921
4210 gi|424 19921 20197
4211 gi|424 20155 20490
4212 gi|425 4414 6758
4213 gi|425 7371 7496
4214 gi|425 7859 8384
4215 gi|425 8929 9138
4216 gi|425 9576 9998
4217 gi|425 10001 11779
4218 gi|425 16467 16720
4219 gi|425 19892 20183
4220 gi|425 32217 34536
4221 gi|425 35559 35617
4222 gi|426 1 2936
4223 gi|426 2573 3988
4224 gi|426 5120 6456
4225 gi|426 13235 13643
4226 gi|426 16638 16829
4227 gi|426 18058 18427
4228 gi|426 20943 21042
4229 gi|426 23244 25076
4230 gi|426 25434 25595
4231 gi|427 1119 1309
4232 gi|427 2619 2660
4233 gi|427 3361 3540
4234 gi|427 3697 3772
4235 gi|427 3772 3996
4236 gi|427 13931 14023
4237 gi|427 14346 14420
4238 gi|428 69 1665
4239 gi|428 2752 2922
4240 gi|428 3166 3521
4241 gi|428 4035 4917
4242 gi|428 4988 5701
4243 gi|428 5949 6078
4244 gi|428 6031 7084
4245 gi|428 7652 8845
4246 gi|428 8926 9840
4247 gi|428 11592 12626
4248 gi|428 12999 15502
4249 gi|428 15441 15751
4250 gi|428 16165 16380
4251 gi|428 16364 16628
4252 gi|428 16979 17554
4253 gi|428 17512 20803
4254 gi|428 20948 20988
4255 gi|428 22830 22918
4256 gi|428 24618 24940
4257 gi|428 25501 31683
4258 gi|428 32316 32344
4259 gi|428 33231 34593
4260 gi|428 36071 36194
4261 gi|428 37267 38939
4262 gi|429 5734 6067
4263 gi|429 20733 21105
4264 gi|429 29339 29452
4265 gi|429 29803 29931
4266 gi|429 30354 30621
4267 gi|429 36639 36814
4268 gi|429 36814 37327
4269 gi|429 37206 37461
4270 gi|43 3 97
4271 gi|43 623 807
4272 gi|43 874 1015
4273 gi|43 1032 1128
4274 gi|43 5089 5495
4275 gi|43 5877 6149
4276 gi|43 7595 7649
4277 gi|43 8962 11127
4278 gi|43 11902 12089
4279 gi|43 14091 14272
4280 gi|43 14901 17068
4281 gi|43 17051 17213
4282 gi|43 17381 17938
4283 gi|43 19968 20100
4284 gi|43 20639 20744
4285 gi|43 23026 24456
4286 gi|43 25100 25519
4287 gi|43 25515 26013
4288 gi|43 26019 26123
4289 gi|43 27184 27327
4290 gi|43 27720 27910
4291 gi|43 29102 29576
4292 gi|43 32582 32983
4293 gi|43 33672 33816
4294 gi|43 35754 35814
4295 gi|43 35995 36030
4296 gi|43 37176 37229
4297 gi|43 37784 37868
4298 gi|43 38991 40000
4299 gi|430 2152 3084
4300 gi|430 3128 3400
4301 gi|430 6456 6588
4302 gi|430 11213 11286
4303 gi|430 23358 23561
4304 gi|430 23769 24566
4305 gi|431 23754 23839
4306 gi|431 38602 39468
4307 gi|432 2 103
4308 gi|432 401 1133
4309 gi|432 3708 4052
4310 gi|432 4433 4687
4311 gi|432 8648 10376
4312 gi|432 12847 13013
4313 gi|432 16874 17039
4314 gi|432 24017 24901
4315 gi|432 25212 25360
4316 gi|432 29099 29218
4317 gi|432 29902 30507
4318 gi|432 30517 30659
4319 gi|432 32968 33142
4320 gi|432 34684 35624
4321 gi|433 19091 19291
4322 gi|433 19342 19532
4323 gi|433 28893 29104
4324 gi|433 32549 32639
4325 gi|433 36415 36728
4326 gi|434 7057 7525
4327 gi|434 9797 10284
4328 gi|434 11329 11420
4329 gi|434 12122 12506
4330 gi|434 21140 21540
4331 gi|434 23423 25065
4332 gi|434 33404 34097
4333 gi|434 34568 35803
4334 gi|434 35806 35887
4335 gi|434 36073 36249
4336 gi|434 36929 37043
4337 gi|434 37313 38868
4338 gi|434 39489 39626
4339 gi|434 39970 40129
4340 gi|435 3067 3142
4341 gi|435 9620 9655
4342 gi|435 19480 19593
4343 gi|435 26899 26998
4344 gi|435 28480 28743
4345 gi|435 28862 29075
4346 gi|435 29370 32249
4347 gi|435 32480 32555
4348 gi|435 33051 33184
4349 gi|435 33141 33329
4350 gi|435 36703 36774
4351 gi|436 1672 2078
4352 gi|436 23574 23712
4353 gi|436 33904 34008
4354 gi|436 36177 36255
4355 gi|437 1099 1788
4356 gi|437 3256 3425
4357 gi|437 15842 16107
4358 gi|437 26867 27216
4359 gi|438 1 274
4360 gi|438 422 935
4361 gi|438 2432 2918
4362 gi|438 3113 3846
4363 gi|438 3778 4808
4364 gi|438 7592 8161
4365 gi|438 9642 10822
4366 gi|438 10574 12057
4367 gi|438 12397 15779
4368 gi|438 17532 18717
4369 gi|438 18465 19756
4370 gi|438 25861 26544
4371 gi|438 26865 27162
4372 gi|438 28749 28924
4373 gi|438 29180 29304
4374 gi|438 30310 30924
4375 gi|438 31183 31653
4376 gi|438 32986 33152
4377 gi|438 33102 33930
4378 gi|438 35068 36051
4379 gi|438 36327 36725
4380 gi|438 36724 36867
4381 gi|438 36905 37788
4382 gi|438 38862 39180
4383 gi|439 3 1484
4384 gi|439 4140 4962
4385 gi|439 5307 6275
4386 gi|439 6871 6979
4387 gi|439 7176 7519
4388 gi|439 7512 7631
4389 gi|439 8515 8855
4390 gi|439 20956 21122
4391 gi|439 21141 21353
4392 gi|439 21312 21454
4393 gi|439 21627 21879
4394 gi|439 23287 23518
4395 gi|439 27771 27837
4396 gi|439 31004 31284
4397 gi|439 31329 31540
4398 gi|439 31964 32365
4399 gi|439 32404 32504
4400 gi|439 32733 32878
4401 gi|439 33953 34941
4402 gi|439 35280 35854
4403 gi|439 37813 38828
4404 gi|439 38834 38925
4405 gi|439 39181 39399
4406 gi|44 3078 3353
4407 gi|44 6136 6281
4408 gi|44 8394 8458
4409 gi|44 14999 15096
4410 gi|44 15259 15724
4411 gi|44 16679 16796
4412 gi|44 20472 21386
4413 gi|44 21470 22271
4414 gi|44 25711 25910
4415 gi|44 25873 26322
4416 gi|44 26809 28099
4417 gi|44 30935 31111
4418 gi|44 36907 37746
4419 gi|44 38390 39035
4420 gi|44 39046 39747
4421 gi|440 1 457
4422 gi|440 398 9156
4423 gi|440 9158 11316
4424 gi|440 13290 14066
4425 gi|440 18680 20861
4426 gi|440 22871 23330
4427 gi|440 23597 23904
4428 gi|440 24304 25636
4429 gi|440 25852 26697
4430 gi|440 26531 28901
4431 gi|440 29275 29927
4432 gi|440 29931 31298
4433 gi|440 31240 32505
4434 gi|440 32505 35613
4435 gi|440 35870 36019
4436 gi|440 36385 36873
4437 gi|440 38451 40000
4438 gi|441 6721 6821
4439 gi|441 7632 7721
4440 gi|441 13048 14766
4441 gi|441 32919 33079
4442 gi|441 37583 37695
4443 gi|441 37798 37888
4444 gi|442 1134 1807
4445 gi|442 2366 4798
4446 gi|442 11830 11868
4447 gi|442 12984 13063
4448 gi|442 24787 24903
4449 gi|442 25173 25822
4450 gi|442 25840 25969
4451 gi|442 34633 34925
4452 gi|442 35790 39045
4453 gi|442 39684 40000
4454 gi|443 3060 3322
4455 gi|443 35116 35628
4456 gi|444 11414 11466
4457 gi|444 11880 11943
4458 gi|444 19856 20154
4459 gi|444 25470 26110
4460 gi|444 26271 26898
4461 gi|444 30581 30823
4462 gi|444 31570 31625
4463 gi|444 38515 38587
4464 gi|444 38820 39128
4465 gi|445 935 3062
4466 gi|445 3055 3426
4467 gi|445 3751 4273
4468 gi|445 4699 6183
4469 gi|445 6639 6978
4470 gi|445 9566 9754
4471 gi|445 9840 9953
4472 gi|445 9987 10034
4473 gi|445 10068 11388
4474 gi|445 11450 12335
4475 gi|445 12689 13530
4476 gi|445 14442 18116
4477 gi|445 18905 20150
4478 gi|445 20535 21451
4479 gi|445 23221 23443
4480 gi|445 24403 25580
4481 gi|446 357 506
4482 gi|446 3940 4070
4483 gi|446 5013 5157
4484 gi|446 5138 5353
4485 gi|446 8363 8554
4486 gi|446 15209 15820
4487 gi|446 21805 24263
4488 gi|446 24355 24643
4489 gi|446 25174 26571
4490 gi|446 28387 29100
4491 gi|446 34052 34233
4492 gi|446 34233 34581
4493 gi|446 37786 38483
4494 gi|446 39493 39595
4495 gi|446 39770 39893
4496 gi|446 39987 40110
4497 gi|447 9832 10301
4498 gi|447 10729 10825
4499 gi|447 19121 19194
4500 gi|447 27530 27741
4501 gi|447 38584 38729
4502 gi|447 38995 39798
4503 gi|448 11100 11662
4504 gi|448 17530 17628
4505 gi|448 21223 21914
4506 gi|448 23150 23971
4507 gi|448 24930 25683
4508 gi|448 25627 25750
4509 gi|448 28788 29503
4510 gi|448 29844 29956
4511 gi|448 33143 33198
4512 gi|448 39027 39409
4513 gi|448 39236 39999
4514 gi|449 29568 29895
4515 gi|449 32905 33362
4516 gi|449 37781 37898
4517 gi|449 37875 40130
4518 gi|45 1 1783
4519 gi|450 13848 14018
4520 gi|450 24694 25491
4521 gi|450 27268 27359
4522 gi|450 38893 40000
4523 gi|451 4520 4661
4524 gi|452 3120 3396
4525 gi|452 9405 9491
4526 gi|453 98 863
4527 gi|453 5961 6093
4528 gi|453 6095 7832
4529 gi|453 7851 8154
4530 gi|453 14750 14889
4531 gi|453 15149 15731
4532 gi|453 15815 16482
4533 gi|453 16575 16760
4534 gi|453 17030 17281
4535 gi|454 3583 3700
4536 gi|454 3891 4035
4537 gi|454 4666 4996
4538 gi|454 6282 6871
4539 gi|454 7996 8179
4540 gi|454 8325 8539
4541 gi|454 8692 8837
4542 gi|454 16885 16915
4543 gi|454 17023 17121
4544 gi|454 17140 17339
4545 gi|454 17952 18029
4546 gi|454 19193 20289
4547 gi|454 19933 21385
4548 gi|454 21989 22287
4549 gi|454 22486 22588
4550 gi|454 23058 23318
4551 gi|454 25387 26089
4552 gi|454 29919 30224
4553 gi|454 37009 37343
4554 gi|454 37387 37930
4555 gi|454 38290 38564
4556 gi|454 38987 39581
4557 gi|454 39558 40136
4558 gi|455 7793 7931
4559 gi|455 14474 14565
4560 gi|455 14551 14974
4561 gi|455 15885 16417
4562 gi|455 16426 16760
4563 gi|455 17376 17680
4564 gi|455 17896 17970
4565 gi|455 29915 29992
4566 gi|455 37552 37684
4567 gi|455 37805 38678
4568 gi|455 38675 39045
4569 gi|455 39870 40000
4570 gi|456 1457 2367
4571 gi|456 5316 5442
4572 gi|456 5754 5825
4573 gi|456 6177 6262
4574 gi|456 6321 6570
4575 gi|456 7559 9010
4576 gi|456 22154 22205
4577 gi|456 25443 25727
4578 gi|456 28552 28766
4579 gi|456 30618 30757
4580 gi|456 33940 34724
4581 gi|456 37129 37233
4582 gi|456 37567 38076
4583 gi|456 39044 39505
4584 gi|456 39477 39623
4585 gi|457 1 1355
4586 gi|457 2077 2274
4587 gi|457 4926 5189
4588 gi|457 6229 7583
4589 gi|457 8193 8931
4590 gi|457 11120 11195
4591 gi|457 11480 11704
4592 gi|457 13936 14895
4593 gi|457 16114 16509
4594 gi|457 17035 19082
4595 gi|457 19132 19968
4596 gi|457 20433 20554
4597 gi|457 28658 31125
4598 gi|457 31172 31477
4599 gi|457 32261 32350
4600 gi|458 1570 1658
4601 gi|458 1670 2596
4602 gi|458 3105 4850
4603 gi|458 12277 12695
4604 gi|458 13164 13211
4605 gi|458 14631 14727
4606 gi|458 18503 18627
4607 gi|458 18620 18770
4608 gi|458 22330 22571
4609 gi|458 22556 22937
4610 gi|458 23257 23624
4611 gi|458 24036 24088
4612 gi|458 24300 24374
4613 gi|458 24354 24417
4614 gi|458 29349 29442
4615 gi|458 38603 39992
4616 gi|459 4350 5995
4617 gi|459 11381 12521
4618 gi|459 12490 13342
4619 gi|459 13332 13470
4620 gi|459 13693 13794
4621 gi|459 13805 14128
4622 gi|459 33089 35410
4623 gi|459 36625 36697
4624 gi|459 38805 38901
4625 gi|459 39417 39902
4626 gi|46 29461 29904
4627 gi|46 30058 30144
4628 gi|46 30832 31735
4629 gi|46 32079 32404
4630 gi|46 38582 39734
4631 gi|461 435 1291
4632 gi|461 1521 1971
4633 gi|461 3142 3592
4634 gi|461 3827 3935
4635 gi|461 4160 4439
4636 gi|461 4718 5030
4637 gi|461 5725 6000
4638 gi|461 6003 6072
4639 gi|461 6069 6363
4640 gi|461 6708 6747
4641 gi|461 6742 6979
4642 gi|461 8297 9020
4643 gi|461 9514 9559
4644 gi|461 11134 11236
4645 gi|461 36039 36418
4646 gi|461 37620 37765
4647 gi|461 37768 37913
4648 gi|462 679 2078
4649 gi|462 2350 2539
4650 gi|462 2501 3906
4651 gi|462 4014 6169
4652 gi|462 6152 6353
4653 gi|462 6318 7717
4654 gi|462 8105 8454
4655 gi|462 8452 8855
4656 gi|462 8890 9252
4657 gi|462 11229 11382
4658 gi|462 12416 13427
4659 gi|462 13802 14263
4660 gi|462 14473 14950
4661 gi|462 14915 15011
4662 gi|462 24696 25679
4663 gi|462 25927 26619
4664 gi|462 27216 27546
4665 gi|462 27769 29163
4666 gi|462 37667 37787
4667 gi|462 37755 38021
4668 gi|463 3313 3642
4669 gi|463 3941 4035
4670 gi|463 4640 4713
4671 gi|463 5087 5280
4672 gi|463 7702 8261
4673 gi|463 9761 10108
4674 gi|463 22086 22222
4675 gi|463 24851 25034
4676 gi|463 36562 36630
4677 gi|464 2 239
4678 gi|464 250 447
4679 gi|464 442 472
4680 gi|464 1040 2744
4681 gi|464 3018 3687
4682 gi|464 4118 4538
4683 gi|464 12687 12737
4684 gi|464 13518 13590
4685 gi|464 14267 14346
4686 gi|464 14441 14827
4687 gi|464 14835 15329
4688 gi|464 15580 16129
4689 gi|464 17125 17565
4690 gi|464 17725 17788
4691 gi|464 17772 18149
4692 gi|464 18549 18763
4693 gi|464 18871 21960
4694 gi|464 22070 22302
4695 gi|464 23444 23701
4696 gi|464 23860 23891
4697 gi|464 28726 29667
4698 gi|464 31038 31187
4699 gi|464 32010 32595
4700 gi|464 39805 40160
4701 gi|47 1 86
4702 gi|47 545 613
4703 gi|47 12723 13667
4704 gi|47 16645 16910
4705 gi|47 17478 18249
4706 gi|47 20602 20744
4707 gi|47 21512 21998
4708 gi|47 25394 25433
4709 gi|47 26275 26369
4710 gi|47 32652 32849
4711 gi|47 39748 39896
4712 gi|48 9002 9430
4713 gi|48 15324 15701
4714 gi|48 29669 30173
4715 gi|48 30067 30337
4716 gi|49 3514 4904
4717 gi|49 9183 9265
4718 gi|49 9479 9866
4719 gi|49 28230 28763
4720 gi|49 32523 32658
4721 gi|49 34028 35783
4722 gi|49 36086 36260
4723 gi|5 16449 16836
4724 gi|5 17007 17370
4725 gi|5 17504 17544
4726 gi|5 21866 22648
4727 gi|5 27287 27838
4728 gi|5 28127 28422
4729 gi|50 5871 7146
4730 gi|50 9969 10118
4731 gi|50 16318 17438
4732 gi|51 265 348
4733 gi|51 5081 5234
4734 gi|51 6195 6398
4735 gi|51 8142 8214
4736 gi|51 9647 9877
4737 gi|51 22806 23409
4738 gi|51 26160 26376
4739 gi|52 2260 2989
4740 gi|52 3005 3955
4741 gi|52 3941 5207
4742 gi|52 30392 30545
4743 gi|52 30835 31112
4744 gi|52 33081 33973
4745 gi|52 34053 34413
4746 gi|53 8520 8912
4747 gi|53 13640 13915
4748 gi|53 14517 14713
4749 gi|53 14762 14902
4750 gi|53 30729 30774
4751 gi|53 31268 31983
4752 gi|53 32790 33959
4753 gi|53 38900 39240
4754 gi|53 39561 40020
4755 gi|54 2143 3034
4756 gi|54 3033 3801
4757 gi|54 3846 5002
4758 gi|54 11871 12128
4759 gi|54 12103 12588
4760 gi|54 14056 14215
4761 gi|54 14204 14596
4762 gi|54 15085 15210
4763 gi|54 15580 15993
4764 gi|54 17114 17174
4765 gi|54 18614 19262
4766 gi|54 37203 37432
4767 gi|54 37673 37774
4768 gi|55 25643 26277
4769 gi|55 27157 27267
4770 gi|55 27585 28389
4771 gi|56 1 1239
4772 gi|56 4138 4247
4773 gi|56 7656 7756
4774 gi|56 8187 9629
4775 gi|56 10406 10967
4776 gi|56 13088 13158
4777 gi|56 14929 15234
4778 gi|56 26597 26767
4779 gi|56 27717 28241
4780 gi|56 28426 28750
4781 gi|56 29296 29392
4782 gi|56 30593 31144
4783 gi|56 34480 35257
4784 gi|56 35034 35531
4785 gi|56 35724 36024
4786 gi|56 37302 37374
4787 gi|57 184 769
4788 gi|57 1200 1323
4789 gi|57 1317 1421
4790 gi|57 1433 1467
4791 gi|57 1855 2467
4792 gi|57 2453 2803
4793 gi|57 2984 3365
4794 gi|57 3365 3636
4795 gi|57 4402 4463
4796 gi|57 6336 6536
4797 gi|57 12627 12779
4798 gi|57 13166 15370
4799 gi|57 15369 15435
4800 gi|57 15499 17044
4801 gi|57 16994 17305
4802 gi|57 18682 18915
4803 gi|57 27225 27490
4804 gi|57 32217 33127
4805 gi|57 33987 34071
4806 gi|57 37580 37637
4807 gi|57 38445 39080
4808 gi|57 39546 39693
4809 gi|58 4157 4193
4810 gi|58 4772 5015
4811 gi|58 7126 8104
4812 gi|58 8789 16167
4813 gi|58 18059 18197
4814 gi|58 19580 20653
4815 gi|58 20654 20692
4816 gi|58 20691 20755
4817 gi|58 20898 20947
4818 gi|58 21427 21651
4819 gi|58 21559 21886
4820 gi|58 22465 22501
4821 gi|58 23642 24261
4822 gi|58 25176 25254
4823 gi|58 27766 27844
4824 gi|58 30553 32318
4825 gi|58 32318 32580
4826 gi|58 33712 34223
4827 gi|58 34464 35213
4828 gi|58 35715 35846
4829 gi|58 35862 36578
4830 gi|58 36740 37137
4831 gi|59 2595 3004
4832 gi|59 3588 3698
4833 gi|59 3807 3879
4834 gi|59 15146 15321
4835 gi|59 15427 15723
4836 gi|59 19704 19934
4837 gi|59 20261 20491
4838 gi|59 21317 21915
4839 gi|59 21944 22393
4840 gi|59 23061 23200
4841 gi|59 23306 23349
4842 gi|59 29271 29332
4843 gi|59 34156 34561
4844 gi|59 35586 36820
4845 gi|6 8756 8828
4846 gi|6 17977 18520
4847 gi|6 18695 19180
4848 gi|6 19195 20148
4849 gi|6 20501 24269
4850 gi|6 24392 24499
4851 gi|6 35692 35730
4852 gi|6 35856 37587
4853 gi|6 38323 39900
4854 gi|60 1 529
4855 gi|60 3611 3787
4856 gi|60 5519 5642
4857 gi|60 6816 9181
4858 gi|60 19958 21313
4859 gi|60 21693 21927
4860 gi|60 22019 22184
4861 gi|60 23655 25653
4862 gi|60 25725 26381
4863 gi|60 31049 31120
4864 gi|60 31350 31422
4865 gi|60 31840 32252
4866 gi|60 36198 36359
4867 gi|60 36374 37714
4868 gi|61 1 1174
4869 gi|61 3234 3829
4870 gi|61 5084 5668
4871 gi|61 6342 7288
4872 gi|61 7049 7822
4873 gi|61 7819 8342
4874 gi|61 8341 10206
4875 gi|61 10389 11380
4876 gi|61 11422 11958
4877 gi|61 14593 14742
4878 gi|61 14849 14941
4879 gi|61 17286 17438
4880 gi|61 18154 19522
4881 gi|61 19722 19979
4882 gi|61 22902 23092
4883 gi|61 23177 23252
4884 gi|61 23421 24441
4885 gi|61 26064 26262
4886 gi|61 27484 28206
4887 gi|61 32706 32849
4888 gi|61 33110 33178
4889 gi|61 33290 33578
4890 gi|61 36613 37205
4891 gi|61 37470 37880
4892 gi|61 38937 39150
4893 gi|61 39807 39966
4894 gi|62 9893 9970
4895 gi|62 22645 22732
4896 gi|62 24688 25532
4897 gi|62 26895 28291
4898 gi|62 33724 33771
4899 gi|63 866 1054
4900 gi|63 5956 6106
4901 gi|63 17971 18231
4902 gi|63 24478 24641
4903 gi|63 24621 24905
4904 gi|63 25436 25773
4905 gi|63 26327 26416
4906 gi|63 26403 26648
4907 gi|63 26902 27167
4908 gi|63 27193 27478
4909 gi|63 35650 35768
4910 gi|63 38593 38658
4911 gi|64 3519 3873
4912 gi|64 3997 5111
4913 gi|64 6429 6847
4914 gi|64 17693 18669
4915 gi|64 18603 19102
4916 gi|64 19916 20053
4917 gi|64 24165 24361
4918 gi|64 26220 26865
4919 gi|64 27577 27895
4920 gi|64 34346 34980
4921 gi|64 35704 36224
4922 gi|64 38242 38738
4923 gi|65 149 1258
4924 gi|65 1494 1640
4925 gi|65 2465 3513
4926 gi|65 4016 5822
4927 gi|65 13023 13175
4928 gi|65 17565 20405
4929 gi|65 21606 24382
4930 gi|65 25295 28080
4931 gi|65 29950 30192
4932 gi|65 30490 30633
4933 gi|65 30736 30808
4934 gi|65 30852 33329
4935 gi|65 37953 38109
4936 gi|66 1584 1985
4937 gi|66 2580 3026
4938 gi|66 3819 4020
4939 gi|66 4162 4364
4940 gi|66 5003 6131
4941 gi|66 13284 13636
4942 gi|66 17130 18510
4943 gi|66 20200 20367
4944 gi|66 20773 22158
4945 gi|66 25770 26094
4946 gi|66 26457 26556
4947 gi|66 27067 27155
4948 gi|66 27538 27653
4949 gi|66 32721 34522
4950 gi|66 35434 35995
4951 gi|66 36403 36561
4952 gi|66 37473 37798
4953 gi|66 37788 38019
4954 gi|66 37989 38401
4955 gi|67 2 1325
4956 gi|67 1633 21596
4957 gi|68 3983 4235
4958 gi|68 8214 8310
4959 gi|68 9437 9795
4960 gi|68 10872 10994
4961 gi|68 24530 24613
4962 gi|68 26617 27180
4963 gi|69 1825 2793
4964 gi|69 8921 9127
4965 gi|69 10068 10268
4966 gi|69 11637 12386
4967 gi|69 12761 13008
4968 gi|69 22421 22493
4969 gi|69 23288 23344
4970 gi|69 23502 23544
4971 gi|69 26606 26744
4972 gi|69 38284 38803
4973 gi|7 12848 12937
4974 gi|7 21254 21379
4975 gi|7 24791 25225
4976 gi|7 25809 25972
4977 gi|7 27164 27396
4978 gi|7 29037 29312
4979 gi|7 30227 30425
4980 gi|70 1404 2749
4981 gi|70 2860 3578
4982 gi|70 5237 5706
4983 gi|70 7938 8819
4984 gi|70 8418 9963
4985 gi|70 19694 19822
4986 gi|70 21023 21089
4987 gi|70 21140 21390
4988 gi|70 21469 21587
4989 gi|70 32339 32786
4990 gi|70 38369 39360
4991 gi|71 6061 6293
4992 gi|71 13474 13556
4993 gi|71 15825 16148
4994 gi|71 16188 16722
4995 gi|71 23264 23341
4996 gi|71 25010 25510
4997 gi|71 26318 26489
4998 gi|71 32657 32775
4999 gi|73 19 141
5000 gi|73 5521 5611
5001 gi|73 5657 6039
5002 gi|73 22236 22665
5003 gi|73 22746 23371
5004 gi|73 25887 26300
5005 gi|73 26283 26470
5006 gi|74 6138 7043
5007 gi|74 15834 16594
5008 gi|74 17607 19143
5009 gi|74 19506 21072
5010 gi|74 30013 31050
5011 gi|74 31797 32403
5012 gi|74 34111 34290
5013 gi|74 34787 35818
5014 gi|74 36230 36620
5015 gi|74 38177 39654
5016 gi|75 386 441
5017 gi|75 1712 1895
5018 gi|75 6180 6370
5019 gi|75 7976 8077
5020 gi|75 9989 12569
5021 gi|75 19593 20606
5022 gi|75 22098 22192
5023 gi|75 30061 30157
5024 gi|75 30379 30537
5025 gi|75 31274 31749
5026 gi|75 32271 32335
5027 gi|76 9741 9839
5028 gi|76 17719 20087
5029 gi|76 20492 21549
5030 gi|76 21754 22066
5031 gi|76 22511 22683
5032 gi|76 34493 34615
5033 gi|76 34773 36810
5034 gi|77 903 1052
5035 gi|77 1238 1939
5036 gi|77 2249 3566
5037 gi|77 5476 5617
5038 gi|77 6691 7059
5039 gi|77 14662 14936
5040 gi|77 15578 15786
5041 gi|77 30207 30276
5042 gi|77 30847 31009
5043 gi|77 31451 31553
5044 gi|78 1019 1135
5045 gi|78 2358 3281
5046 gi|78 4049 4129
5047 gi|78 4270 4422
5048 gi|78 4538 5056
5049 gi|78 7291 7437
5050 gi|78 7444 7657
5051 gi|78 10878 11940
5052 gi|78 26761 27343
5053 gi|78 29645 29855
5054 gi|78 30226 30888
5055 gi|78 33014 33074
5056 gi|78 34636 35037
5057 gi|79 2 29572
5058 gi|79 29880 41379
5059 gi|8 11140 11644
5060 gi|8 25330 25435
5061 gi|8 28814 29006
5062 gi|8 37633 37772
5063 gi|80 240 459
5064 gi|80 2620 2832
5065 gi|80 3113 3418
5066 gi|80 4083 6496
5067 gi|80 8008 8302
5068 gi|80 8499 10735
5069 gi|80 11246 13698
5070 gi|80 18103 19372
5071 gi|80 19673 20463
5072 gi|80 22428 22724
5073 gi|80 22584 25231
5074 gi|80 25274 25685
5075 gi|80 25922 26159
5076 gi|80 29974 30149
5077 gi|80 32901 33197
5078 gi|80 33056 35674
5079 gi|80 36132 36286
5080 gi|81 3562 3623
5081 gi|81 6435 6536
5082 gi|81 15581 15852
5083 gi|81 25817 27453
5084 gi|81 31515 32238
5085 gi|81 32040 32506
5086 gi|82 9332 9463
5087 gi|82 10079 10192
5088 gi|82 10566 11305
5089 gi|82 13400 13451
5090 gi|82 13625 13734
5091 gi|82 13700 13851
5092 gi|82 13828 13994
5093 gi|82 14752 15482
5094 gi|82 15918 16062
5095 gi|82 17674 17867
5096 gi|82 18268 19191
5097 gi|82 19485 19716
5098 gi|82 19884 21938
5099 gi|82 24858 24935
5100 gi|83 2 34800
5101 gi|84 632 1168
5102 gi|84 1201 1332
5103 gi|84 1523 2204
5104 gi|84 2359 2530
5105 gi|84 3249 3590
5106 gi|84 4515 4625
5107 gi|84 5231 6567
5108 gi|84 6610 6720
5109 gi|84 7532 8407
5110 gi|84 9071 9147
5111 gi|84 10953 11157
5112 gi|84 11324 11433
5113 gi|84 25579 26011
5114 gi|84 26093 26925
5115 gi|84 29719 30154
5116 gi|84 30383 31042
5117 gi|84 32053 32232
5118 gi|84 34976 35549
5119 gi|84 39617 39853
5120 gi|85 1 10871
5121 gi|85 11179 18096
5122 gi|86 17004 17136
5123 gi|86 18269 19350
5124 gi|86 19635 19743
5125 gi|86 21264 21357
5126 gi|86 28377 28542
5127 gi|86 28512 28577
5128 gi|86 28622 29425
5129 gi|86 29691 29731
5130 gi|86 30743 30914
5131 gi|86 31894 32131
5132 gi|86 32166 32745
5133 gi|86 32580 34108
5134 gi|87 1 825
5135 gi|87 1132 43151
5136 gi|88 4116 4660
5137 gi|88 4648 4999
5138 gi|88 4995 5224
5139 gi|88 5198 5281
5140 gi|88 6447 6674
5141 gi|88 12063 12344
5142 gi|88 25513 26550
5143 gi|88 26934 27562
5144 gi|88 27867 28241
5145 gi|88 28699 29574
5146 gi|88 32240 32527
5147 gi|88 32584 33034
5148 gi|88 36060 37196
5149 gi|88 37556 37913
5150 gi|89 556 664
5151 gi|89 1549 1990
5152 gi|89 2377 2536
5153 gi|89 3710 4374
5154 gi|89 4868 4913
5155 gi|89 11154 12114
5156 gi|89 12151 12273
5157 gi|89 12250 12694
5158 gi|89 14772 15058
5159 gi|89 21199 21251
5160 gi|89 22393 23096
5161 gi|89 23089 24811
5162 gi|89 24781 25083
5163 gi|89 25111 25237
5164 gi|89 25215 25998
5165 gi|89 25984 26119
5166 gi|89 26440 27540
5167 gi|89 28369 28793
5168 gi|89 29766 29903
5169 gi|89 29946 30109
5170 gi|89 31060 31968
5171 gi|9 11765 11933
5172 gi|9 11969 12116
5173 gi|9 12866 13827
5174 gi|9 17531 17991
5175 gi|9 32964 33645
5176 gi|90 4994 5573
5177 gi|90 5568 5684
5178 gi|90 5683 5964
5179 gi|90 8233 8286
5180 gi|90 8560 9944
5181 gi|90 10422 11341
5182 gi|90 11383 11505
5183 gi|90 11967 12065
5184 gi|90 12103 12202
5185 gi|90 12483 13838
5186 gi|90 22711 22773
5187 gi|90 24482 24678
5188 gi|90 24619 26015
5189 gi|90 26723 27088
5190 gi|90 28241 29638
5191 gi|90 30220 30705
5192 gi|90 30864 32315
5193 gi|90 33330 35590
5194 gi|90 35657 36324
5195 gi|90 38159 39182
5196 gi|90 39925 40117
5197 gi|91 5 383
5198 gi|91 310 545
5199 gi|91 516 779
5200 gi|91 843 18710
5201 gi|92 2 4110
5202 gi|92 4418 34048
5203 gi|93 1 23280
5204 gi|93 23588 28789
5205 gi|95 3043 3985
5206 gi|95 9512 9776
5207 gi|95 9779 10337
5208 gi|95 10205 10494
5209 gi|95 10962 11057
5210 gi|95 17960 18109
5211 gi|95 18699 18873
5212 gi|95 27736 28613
5213 gi|95 28615 29973
5214 gi|95 31941 32120
5215 gi|95 32828 32878
5216 gi|95 38857 38901
5217 gi|95 38899 39066
5218 gi|95 39102 39318
5219 gi|96 7055 8535
5220 gi|96 8503 8578
5221 gi|96 9071 9107
5222 gi|96 10256 11784
5223 gi|96 11934 12187
5224 gi|96 12085 12374
5225 gi|96 12510 12961
5226 gi|96 32809 33704
5227 gi|96 33770 34613
5228 gi|96 34883 35956
5229 gi|96 35965 36227
5230 gi|96 36380 36707
5231 gi|96 37373 37764
5232 gi|96 38782 38846
5233 gi|97 8218 9099
5234 gi|97 9375 9622
5235 gi|97 10284 10451
5236 gi|97 13832 13985
5237 gi|97 16147 16907
5238 gi|97 16893 17103
5239 gi|97 17415 19055
5240 gi|97 20636 20723
5241 gi|97 20799 22319
5242 gi|97 23937 24317
5243 gi|97 25623 26501
5244 gi|97 26503 26896
5245 gi|97 27625 27793
5246 gi|97 28463 28651
5247 gi|97 30597 31357
5248 gi|97 31343 31544
5249 gi|97 31856 31996
5250 gi|97 31990 33362
5251 gi|97 34949 35036
5252 gi|97 35112 36631
5253 gi|97 38197 38621
5254 gi|97 39936 40000
5255 gi|98 1 782
5256 gi|98 4908 5104
5257 gi|98 14443 14560
5258 gi|98 19963 20050
5259 gi|98 22642 26718
5260 gi|98 27592 28433
5261 gi|98 28417 28491
5262 gi|98 28627 29257
5263 gi|98 29287 29328
5264 gi|98 30452 30497
5265 gi|98 30515 32040
5266 gi|98 33339 34206
5267 gi|99 1 2439
