#  fam    ele   dir  sequence    start     end
     1      1  1       gi|1        1      146 
     1   9553 -1     gi|759    17038    17183 
     2      3  1       gi|1    11054    11347 
     2   1650 -1     gi|217     3414     3707 
     2   4276  1     gi|398    30707    31001 
     3      4  1       gi|1    12248    12450 
     3   1649 -1     gi|217     2099     2513 
     3   4277  1     gi|398    31902    32316 
     3      5  1       gi|1    13352    13402 
     4      6  1       gi|1    13418    13683 
     5      7  1       gi|1    20466    20747 
     5   5671  1     gi|491    38063    38345 
     6      8  1       gi|1    21769    21899 
     6   5672  1     gi|491    39687    39817 
     7      9  1       gi|1    31010    31271 
     7   4404  1     gi|406     3739     4000 
     7   4646  1     gi|421     2325     2598 
     8     10  1       gi|1    35701    36060 
     8    616  1     gi|144        2      335 
     8    624 -1     gi|144    23119    23478 
     8   7121 -1     gi|591     8145     8454 
     8   7117 -1     gi|591      753      809 
     8   8707 -1       gi|7    30931    31429 
     9     11  1       gi|1    36913    37032 
     9   8705 -1       gi|7    29728    29848 
    10     12  1       gi|1    38125    40019 
    10   1225  1     gi|185    12620    18416 
    10   4758 -1     gi|427    27155    32890 
    10   4763 -1     gi|427    39676    40378 
    10   7913 -1     gi|650    30044    37179 
    10   8704 -1       gi|7    26906    28496 
    10   1374 -1     gi|197     8604     9841 
    10   1377 -1     gi|197    19301    20105 
    10   1378 -1     gi|197    20587    25545 
    10   4759 -1     gi|427    35745    36632 
    10  10262  1     gi|144     4294     4733 
    10   4760 -1     gi|427    36628    37419 
    10   1224  1     gi|185     4598     5388 
    10   4761 -1     gi|427    37338    37850 
    10   4794 -1     gi|430        1     3036 
    10   7115  1     gi|591        1      209 
    11     14  1     gi|100     7059     7642 
    11   6421 -1     gi|549    18233    19237 
    11   6883 -1     gi|577    28776    29066 
    11   8250 -1      gi|67     3482     4461 
    12     15  1     gi|100     8736     8864 
    12   8249 -1      gi|67     2730     2850 
    13     16  1     gi|100     9652    10888 
    13   1848 -1     gi|230    15652    16831 
    14     17  1     gi|100    12336    13615 
    14   4653  1     gi|421    16112    17247 
    14   4654  1     gi|421    20172    21005 
    14   4655  1     gi|421    21156    21358 
    14   3757 -1      gi|36    21183    22004 
    15     18  1     gi|100    24943    25490 
    15   9085  1     gi|725    31137    32983 
    15   8803 -1     gi|706    29756    31555 
    16     19  1     gi|100    33101    33170 
    16   7324 -1     gi|606     5572     5943 
    16   5350 -1     gi|474    30960    31343 
    17     20  1     gi|100    38313    38572 
    17   7494  1     gi|619      197      494 
    18     21  1     gi|100    38732    38950 
    18  10272  1     gi|619      682      891 
    18   7713 -1     gi|634     6009     6211 
    18  10278  1      gi|62    10356    10567 
    19     22  1     gi|101     1297     1701 
    19    567 -1     gi|140    34858    35670 
    19    206  1     gi|112    20968    21573 
    20     23  1     gi|101     2643     2859 
    20   5924 -1     gi|510    27687    28455 
    20   4094 -1     gi|385    17683    18370 
    20   4095 -1     gi|385    39506    39832 
    20   4968  1     gi|441    21959    22741 
    20  10279  1       gi|4     1142     1515 
    21     24  1     gi|101     3535     3798 
    21    303 -1     gi|116    30363    30624 
    22     25  1     gi|101     3981     4132 
    22    302 -1     gi|116    30210    30361 
    23     26  1     gi|101     5570     7199 
    23  10283 -1     gi|738    17998    19618 
    23  10284 -1     gi|297        1     1136 
    23  10286  1     gi|644    10657    12363 
    23   7260 -1     gi|600    23459    25122 
    23  10282  1     gi|321    28244    28803 
    23    942 -1     gi|164    28415    28726 
    23   8107  1     gi|661    10569    10949 
    23   3390  1     gi|334    11083    11504 
    23    943 -1     gi|164    28729    29548 
    23   3392  1     gi|334    25344    25450 
    23   2269  1      gi|26    28725    28855 
    23   2270  1      gi|26    28857    29109 
    24     28  1     gi|101    20998    21074 
    24   2288 -1     gi|260    21314    21550 
    24   2533 -1     gi|278     2137     2351 
    24   3763 -1     gi|360    19694    19901 
    24   5368  1     gi|475    22292    22391 
    24   6939  1     gi|580    28659    28815 
    25     29  1     gi|101    24212    24279 
    25  10303 -1     gi|104    17399    17805 
    25    743  1     gi|152    17461    17663 
    25   2725  1     gi|289     7805     8613 
    25  10304 -1     gi|149    15512    16320 
    26     30  1     gi|101    24969    25112 
    26   1087 -1     gi|173     4750     4890 
    27     31  1     gi|101    25222    25317 
    27   1086 -1     gi|173     4658     4748 
    27   3000  1     gi|308     6490     6558 
    28     32  1     gi|101    25399    25523 
    28   1084 -1     gi|173     4115     4226 
    28   1034 -1     gi|170     2942     3033 
    29     33  1     gi|101    25558    26071 
    29  10311 -1     gi|185    29199    30411 
    29   3957  1     gi|373    32325    33028 
    29   4626  1     gi|419    18706    19914 
    29   4639  1     gi|420    32353    32419 
    29  10313  1     gi|375    16706    17802 
    29  10316  1     gi|420    33329    33818 
    29  10317 -1      gi|52    10999    12170 
    29  10319  1     gi|742    17050    18147 
    29  10322 -1     gi|742    34707    35883 
    29  10346 -1     gi|375    34363    35535 
    29  10349 -1     gi|435     8287     9489 
    29  10350 -1     gi|443    16942    18144 
    29   4635  1     gi|420     4709     4966 
    29   7164 -1     gi|596      126      265 
    29  10329  1     gi|496    29247    29620 
    29   3958  1     gi|373    33394    33427 
    29  10333  1     gi|749    30087    30266 
    29  12500  1     gi|587    23781    23822 
    30     34  1     gi|101    26537    26615 
    30    710  1      gi|15    30605    31730 
    30   5002 -1     gi|442    38037    38242 
    30  10359 -1     gi|104     9309     9933 
    31     35  1     gi|101    26903    27305 
    31   3626  1     gi|349    33908    34276 
    32     36  1     gi|101    29566    29874 
    32   3627  1     gi|349    34906    35213 
    33     37  1     gi|101    30174    30309 
    33   3628  1     gi|349    35438    35573 
    34     38  1     gi|102        2      222 
    34    760  1     gi|153    16709    17505 
    34     39  1     gi|102     1387     2443 
    34     41  1     gi|102     4490     4741 
    34     43  1     gi|102     6714     7036 
    34     45  1     gi|102     9162     9394 
    34   7702  1     gi|631    39153    40021 
    34     40  1     gi|102     3682     4570 
    34     42  1     gi|102     5958     6840 
    34     44  1     gi|102     8451     9215 
    34     48  1     gi|102    12348    12930 
    34    472  1     gi|130    25792    25888 
    34   6722 -1      gi|57    15618    15777 
    35     46  1     gi|102     9753     9903 
    35     72 -1     gi|103     4054     4207 
    36     47  1     gi|102    10165    10420 
    36     71 -1     gi|103     3773     3995 
    36   4909 -1     gi|439    18122    18205 
    37     49  1     gi|102    16460    16516 
    37    451 -1      gi|13    14604    15073 
    37     50  1     gi|102    17008    17073 
    37    716  1     gi|151     6307     6829 
    38     51  1     gi|102    17931    18890 
    38   3458 -1      gi|34    38416    39369 
    38   2530 -1     gi|278       51     1185 
    38   3456 -1      gi|34    36025    37161 
    39     52  1     gi|102    20002    20272 
    39   5460 -1      gi|48     6133     6397 
    40     53  1     gi|102    23863    24010 
    40  10363  1     gi|388    22103    22356 
    40    860  1      gi|16    24435    24592 
    40   5176 -1     gi|460    27205    27652 
    40   3800 -1     gi|362     2436     2748 
    40   7536 -1     gi|622    23971    24021 
    40  10364  1     gi|686    38988    39120 
    40  10366 -1     gi|681    31288    31471 
    40  10367  1     gi|687    17913    18211 
    40   8488  1     gi|687    17664    17809 
    40    897 -1     gi|162     5906     5998 
    41     54  1     gi|102    24474    24566 
    41   4559 -1     gi|415    16899    16993 
    42     55  1     gi|102    24622    25208 
    42   4558 -1     gi|415    15812    16449 
    43     57  1     gi|102    26275    26397 
    43   2643  1     gi|283    31406    31613 
    43   6595  1     gi|561    17386    17508 
    43   9756  1     gi|774    24202    24343 
    43  10371  1     gi|579     4507     4633 
    44     58  1     gi|102    26462    26586 
    44  10376  1      gi|31    15356    15925 
    44   9295  1     gi|742     3886     5917 
    44  10384 -1     gi|718     4443     4486 
    44  10388  1     gi|759    22763    22814 
    44    495  1     gi|134    10325    10915 
    44   3963  1     gi|375     2256     4323 
    44   9739 -1     gi|772    15048    15126 
    44   5018 -1     gi|445    10599    10651 
    44   7438  1     gi|614    27209    27383 
    44   8149 -1     gi|664    19991    20183 
    45     59  1     gi|102    26625    26826 
    45  10332  1     gi|564     9593     9854 
    45   6878  1     gi|577    10675    10969 
    45  12306 -1     gi|350     9557     9626 
    46     60  1     gi|102    26909    27006 
    46   4609 -1     gi|417    39654    39754 
    47     61  1     gi|102    27217    27393 
    47   4608 -1     gi|417    39463    39654 
    48     62  1     gi|102    27781    28046 
    48  10390  1     gi|591    14924    15455 
    48    218  1     gi|113    15139    15693 
    48   3545  1     gi|346    30976    31533 
    48  10392  1     gi|698    38435    38961 
    48  10393 -1     gi|752     9388     9918 
    48  10395 -1     gi|752    39374    39914 
    48  10400 -1     gi|665    10380    10881 
    48     63  1     gi|102    29638    29697 
    48   4073 -1     gi|384    27822    28177 
    48   3536  1     gi|346    13561    14057 
    48   8165 -1     gi|665     4088     4582 
    49     64  1     gi|102    29809    30597 
    49   8405 -1     gi|680    15684    16490 
    49   8510  1     gi|688    25528    25762 
    49  10406 -1     gi|554     2418     3226 
    49  10407 -1     gi|202    29711    30519 
    49   1794 -1     gi|228    24103    24302 
    49   1793 -1     gi|228    23556    23644 
    50     65  1     gi|102    31594    31645 
    51     66  1     gi|102    33954    35141 
    51   4542  1     gi|414     8720    12595 
    51   4384 -1     gi|404     7459     9849 
    51   5102  1     gi|452    18670    22540 
    52     67  1     gi|103        1     1588 
    52    243 -1     gi|114    33970    34682 
    52   2966 -1     gi|304    21538    22891 
    52   3026 -1      gi|31    17687    19388 
    52   7928  1     gi|651    28599    29825 
    52   8929  1     gi|714    38432    40171 
    52   3027 -1      gi|31    19048    20881 
    52   6810 -1     gi|573    37007    37117 
    53     68  1     gi|103     1825     2045 
    53   3025 -1      gi|31    17391    17579 
    53   8008  1     gi|656    18797    18894 
    54     69  1     gi|103     2244     2628 
    54    298 -1     gi|116    25763    26143 
    55     70  1     gi|103     2890     3350 
    55   8009  1     gi|656    18902    19059 
    55   8304 -1     gi|673     5545    11268 
    55   3037  1      gi|31    33375    39078 
    55   7580 -1     gi|625     2448     2698 
    55    627 -1     gi|144    24963    25180 
    55   4550  1     gi|414    36735    40000 
    55   6583 -1     gi|561      560      641 
    55   7938 -1     gi|651    39451    40000 
    55   7992 -1     gi|656        1      810 
    55    147 -1     gi|108     7921     7978 
    55   2950  1     gi|304     5733     5868 
    55   5265 -1     gi|469     2050     4220 
    55   6717 -1      gi|57     2979     3028 
    55   7996  1     gi|656     5237     5295 
    56     73  1     gi|103     4864     5044 
    57     74  1     gi|103     5404     5579 
    57   8097  1     gi|660    38812    38991 
    58     75  1     gi|103     9925    10223 
    58   8098  1     gi|660    39886    40127 
    58   9502  1     gi|753    14117    14295 
    59     76  1     gi|103    13970    16044 
    59   2419  1     gi|268    30595    32645 
    59   4539  1     gi|413    24810    26860 
    59   5451 -1     gi|479    32623    32695 
    59   6066 -1     gi|522    19100    19874 
    59   6663  1     gi|567     2725     3600 
    60     77  1     gi|103    18315    18368 
    60   7056  1     gi|587    32851    33031 
    60  10146 -1      gi|92    33481    33676 
    60    584  1     gi|141    24486    24702 
    60   4307 -1      gi|40     8604     8754 
    61     78  1     gi|103    22933    23135 
    61   1526 -1     gi|206    16715    16911 
    62     79  1     gi|103    23167    25261 
    62   7452 -1     gi|616     8532    10318 
    62  10428 -1     gi|761    35751    37872 
    62   1243  1     gi|186    33280    34527 
    62   5387  1     gi|476    29223    29339 
    62  10429  1     gi|476    32769    34485 
    63     80  1     gi|103    25307    25369 
    63   9596 -1     gi|761    35525    35587 
    64     81  1     gi|103    25479    26183 
    64  11304  1     gi|199    10984    19642 
    64  11303  1      gi|51     9001    17708 
    64    625 -1     gi|144    24268    24428 
    64    626 -1     gi|144    24674    24962 
    64   3953 -1     gi|373    24715    24863 
    64   4621 -1     gi|418    23026    23943 
    64   5150 -1     gi|458    36436    36581 
    65     82  1     gi|103    26311    26669 
    65   1899 -1     gi|232    15204    15630 
    65   4797  1     gi|430    11662    12075 
    65   2141 -1     gi|252    28026    28455 
    66     83  1     gi|103    29319    31506 
    66   7365  1      gi|61     6141     8327 
    67     84  1     gi|103    32247    32433 
    67   2462  1     gi|271     6265     6455 
    68     85  1     gi|103    32411    32948 
    68   2470  1     gi|271    28089    28616 
    69     86  1     gi|103    33647    35157 
    69   7367  1      gi|61     8860     9037 
    69   7387 -1      gi|61    29587    30092 
    69  10430  1      gi|61    34246    35671 
    69  10432  1     gi|271    28617    30137 
    69   7197  1     gi|598    31580    31645 
    69   6236 -1     gi|537     6942     7003 
    70     87  1     gi|103    36572    39259 
    70   2472  1     gi|271    30125    32818 
    70  10431  1      gi|61    35679    36449 
    70   7390  1      gi|61    36473    37417 
    70   9568  1      gi|76    19248    19938 
    71     88  1     gi|103    39618    40173 
    71  10434  1     gi|271    32940    33483 
    71  10436  1      gi|76    19983    20284 
    72     89  1     gi|104     1608     1981 
    72   4971  1     gi|441    26013    27244 
    72   4018  1     gi|380    22022    23250 
    72   9094  1     gi|726    12931    14150 
    72  10439  1     gi|726    23034    24240 
    72  10440 -1      gi|86    31038    32261 
    72   4004  1     gi|380     5166     6007 
    72     91  1     gi|104     2199     2818 
    72   9943  1       gi|8    32660    33737 
    73     90  1     gi|104     2061     2119 
    73   4142  1     gi|388    25493    25551 
    74     93  1     gi|104     5655     6565 
    75     94  1     gi|104     7140     7316 
    75   6957 -1     gi|581    16145    16321 
    76     95  1     gi|104     8126     8260 
    76   6956 -1     gi|581    15201    15335 
    77     97  1     gi|104    11945    12260 
    77    351 -1     gi|121     6957     7310 
    77   4025  1     gi|381     1872     2111 
    78     98  1     gi|104    15257    15305 
    78   1708 -1     gi|223    16962    17013 
    79     99  1     gi|104    17287    17400 
    79   8145 -1     gi|664    12364    13642 
    79   4156  1      gi|39    15952    16354 
    79   7304 -1     gi|604    34068    35310 
    80    101  1     gi|104    17758    17921 
    80   2724 -1     gi|289     6669     7805 
    80    739 -1     gi|152    16093    16404 
    80   3652 -1     gi|350     3410     3663 
    80   3654 -1     gi|350     4807     4867 
    80   4158  1      gi|39    19018    19105 
    80  10451  1     gi|149    16501    17634 
    80  10452 -1     gi|152    15284    15368 
    80    740 -1     gi|152    16424    16730 
    81    102  1     gi|104    18017    19174 
    81   6129  1     gi|525    27286    28495 
    82    103  1     gi|104    19171    19569 
    82   6131  1     gi|525    28671    29218 
    82   5647 -1      gi|49    30486    30817 
    82   5646  1      gi|49    30301    30498 
    82  10453 -1     gi|104    19569    20067 
    83    105  1     gi|104    21184    21523 
    83   5572 -1     gi|485    22247    23444 
    83   6338  1     gi|542    21113    21216 
    83   9216  1     gi|738     5391     5506 
    84    106  1     gi|104    21828    22263 
    84   5518 -1     gi|482    25731    26029 
    85    108  1     gi|104    23610    25831 
    85   2930 -1     gi|302    30009    30565 
    85   8998 -1     gi|720      634     2874 
    85   2931 -1     gi|302    30302    31180 
    86    109  1     gi|104    25955    26618 
    87    110  1     gi|104    26435    28397 
    87   8146  1     gi|664    17325    17505 
    87  11279 -1     gi|387    33917    35876 
    87   4190  1     gi|391     5019     7634 
    87   8147  1     gi|664    18154    18752 
    87    111  1     gi|104    29557    30608 
    87   4121 -1     gi|387    32388    33404 
    87  10464 -1     gi|387    33877    33914 
    87   7451  1     gi|616     8269     8368 
    88    112  1     gi|104    30779    31130 
    88   9904  1      gi|79      865     1216 
    89    113  1     gi|104    31149    31397 
    89   9905  1      gi|79     1310     1561 
    90    114  1     gi|104    34810    34966 
    90   7068 -1     gi|589    12616    12862 
    90  10469 -1     gi|304    15885    16589 
    90   3318 -1     gi|329     4412     4790 
    90   7935  1     gi|651    35119    35471 
    90   8481  1     gi|686    33482    33762 
    90  11132  1     gi|662    33833    37606 
    90   1406  1     gi|199    30109    30456 
    90   2161 -1     gi|253    13454    13962 
    90   8938  1     gi|715    12472    12761 
    91    115  1     gi|104    36101    36262 
    91   7976 -1     gi|655     5496     5648 
    92    116  1     gi|104    36826    36895 
    92   5524  1     gi|482    39856    40065 
    92   1977 -1     gi|239      776      992 
    92   2265  1      gi|26    14613    14830 
    92   3271 -1     gi|324     6949     7101 
    92   5648  1      gi|49    33100    33321 
    92   6471 -1     gi|554     9512     9672 
    92  10114 -1      gi|90    24435    24590 
    92  10478  1     gi|115    30641    30856 
    92  10479 -1     gi|268     4271     4487 
    92   4628  1     gi|419    27692    27916 
    92  10480  1     gi|152    19788    19998 
    92   3718  1     gi|357    14782    14980 
    92   3415 -1     gi|336    35387    35541 
    92  10481  1      gi|70    24627    24739 
    93    117  1     gi|105        1     1290 
    93   3760  1      gi|36    36040    36442 
    93   3761  1      gi|36    37943    39215 
    94    118  1     gi|105     5017     5101 
    94   9281  1     gi|741    15308    15388 
    95    119  1     gi|105    11654    11801 
    95   5154  1     gi|459     6569     6704 
    96    120  1     gi|105    13551    13685 
    96   2851 -1       gi|3    15787    15923 
    97    121  1     gi|105    21726    21849 
    97   5147 -1     gi|458    31239    31347 
    97   6183 -1     gi|532     3713     3835 
    98    122  1     gi|105    25245    25399 
    98    447 -1     gi|129    14207    14361 
    99    123  1     gi|105    26304    26616 
    99   4661  1     gi|421    35237    35550 
    99   9204  1     gi|737    25930    26105 
   100    124  1     gi|105    27140    28484 
   100   4662  1     gi|421    36207    37488 
   100   9207  1     gi|737    27408    27629 
   100   9206  1     gi|737    27195    27337 
   100   9208  1     gi|737    27535    27823 
   101    125  1     gi|105    28411    28593 
   101   9209  1     gi|737    28087    28268 
   101   4663  1     gi|421    37415    37645 
   102    126  1     gi|105    39627    39784 
   102   5329  1     gi|473     9477    13034 
   102   2608  1     gi|281    16988    20382 
   102   1955 -1     gi|236    23008    23995 
   102   2700  1     gi|286    29083    32428 
   102   5637 -1      gi|49    20174    20386 
   102  10482 -1     gi|733     8542     8821 
   103    127  1     gi|106     6885     8328 
   103   1505  1     gi|204    15364    16808 
   104    128  1     gi|106    10364    10472 
   104   9816 -1     gi|779    28066    28174 
   105    129  1     gi|106    10487    11541 
   105   7060  1     gi|588     1247     1308 
   105   9815 -1     gi|779    26751    27799 
   106    130  1     gi|106    11540    11652 
   106   9814 -1     gi|779    26420    26532 
   107    131  1     gi|106    11732    12076 
   107   1646  1     gi|216    38343    38604 
   107   8622 -1     gi|695     6532     6603 
   108    132  1     gi|106    13981    14136 
   108   1648  1     gi|216    39833    39984 
   108   8102  1     gi|661     2346     2483 
   108   8621 -1     gi|695     4764     4829 
   109    133  1     gi|106    15711    16066 
   109  10239  1      gi|99    15171    15520 
   109  10241  1      gi|99    17768    18100 
   110    134  1     gi|106    16422    17012 
   110  10240  1      gi|99    15832    16425 
   110  10242  1      gi|99    18412    18710 
   111    135  1     gi|106    23724    23870 
   111   3854  1     gi|364    27529    28289 
   111   5796  1     gi|500     9486     9531 
   111   8056  1     gi|659     3932     5412 
   111   1024 -1      gi|17    19558    21029 
   111   2022 -1     gi|240    38416    39893 
   111   8627  1     gi|695    22815    24285 
   111   9631  1     gi|765     2153     3632 
   111   6222 -1     gi|536     8201     8289 
   111   3856  1     gi|364    30490    31227 
   112    136  1     gi|106    37279    37378 
   112   7055  1     gi|587    26170    26255 
   113    137  1     gi|107     1508     1564 
   113   5091 -1     gi|452     1919     1967 
   113  10487  1     gi|191     8870     8919 
   113  10488 -1     gi|421     7546     7588 
   114    138  1     gi|107     1586     1656 
   114    991 -1     gi|167    16317    16387 
   115    140  1     gi|107     1729     2146 
   115   2641  1     gi|283    29548    29963 
   115   2648  1     gi|283    36022    36058 
   116    141  1     gi|107     7221     8403 
   116   3465  1     gi|340    17947    18484 
   116   4220  1     gi|393    28116    28761 
   116   5698 -1     gi|494    12010    13191 
   116   3464  1     gi|340    16909    17515 
   116   4219  1     gi|393    27084    27687 
   116    145 -1     gi|108      160      305 
   116   6494 -1     gi|555     1620     1798 
   117    143  1     gi|107    12539    27338 
   117   6622 -1     gi|562    33037    40000 
   117   7267 -1     gi|601        1     4806 
   117   7730  1     gi|635    25651    40173 
   117   3461 -1     gi|340     7669     7874 
   117   3462 -1     gi|340     7883     8524 
   117   5693 -1     gi|494      189     3697 
   117  10537 -1     gi|494     3806     5627 
   118    144  1     gi|107    27609    27675 
   118  10536 -1     gi|369     8998    11851 
   118   7419 -1     gi|613     8574    10322 
   118   7797  1     gi|643      245     9031 
   118   2673  1     gi|285        1      912 
   118   9953  1      gi|80     9935    10393 
   118   3893 -1     gi|369    13073    22067 
   118   3904 -1     gi|369    29329    30169 
   118  12396 -1       gi|6    34238    34794 
   118   7798  1     gi|643     9459     9550 
   118  10538  1     gi|643    10254    13110 
   118   3892 -1     gi|369    12555    12644 
   119    146  1     gi|108     2713     3794 
   119    306 -1     gi|116    38799    39089 
   119   1492 -1     gi|203    36916    37998 
   119   3463 -1     gi|340    15000    15171 
   119   9415  1     gi|749    23915    24451 
   120    148  1     gi|108     9506     9774 
   120   2949 -1     gi|304     3998     4258 
   120   2967 -1     gi|304    23384    23652 
   120   3036 -1      gi|31    31620    31803 
   120   7927  1     gi|651    27839    28107 
   120   4549 -1     gi|414    36379    36441 
   120   8305  1     gi|673    11561    11624 
   121    149  1     gi|108    10448    10727 
   121   3035 -1      gi|31    30256    31024 
   121  10547  1     gi|673    13406    14526 
   121  10546 -1     gi|414    33479    34599 
   122    150  1     gi|108    11125    11173 
   122   3024 -1      gi|31    17328    17389 
   122   5107 -1     gi|452    39749    39806 
   123    151  1     gi|108    11227    11386 
   123   4125  1     gi|388     2307     2503 
   123  10152  1      gi|93    16064    16260 
   124    152  1     gi|108    12137    12887 
   124   5703  1     gi|494    24764    25513 
   125    153  1     gi|108    12849    12981 
   125   9754  1     gi|774     4249     4384 
   126    156  1     gi|108    19027    19146 
   126  10307 -1      gi|59     6584     8548 
   126    808 -1     gi|157     6324     8150 
   126   2398 -1     gi|267     1084     1167 
   126  10305 -1     gi|111    27316    29285 
   127    157  1     gi|108    19108    20553 
   127   1489 -1     gi|203    25464    26985 
   127   1491 -1     gi|203    31503    31638 
   127   7949  1     gi|653     7991     8277 
   127   7167  1     gi|596     6395     6487 
   128    158  1     gi|108    20869    20906 
   128   4787 -1      gi|43    24102    24139 
   129    159  1     gi|108    20926    21099 
   129  10585  1     gi|784    16254    16524 
   129   7475  1     gi|617    21622    21869 
   129   9602 -1     gi|762    13879    14032 
   129   9702 -1     gi|768    22295    22543 
   129   5874  1     gi|509     6736     7003 
   129  10583  1     gi|130    22157    22341 
   129  10589  1     gi|379    35865    35998 
   129   7700 -1     gi|631    33769    33904 
   129   9220  1     gi|738     6625     6759 
   129  10590 -1     gi|141    38464    38642 
   129  10587  1      gi|79    19194    19366 
   129   1494 -1     gi|204     2296     2437 
   129  10592  1     gi|576     3029     3163 
   130    160  1     gi|108    26902    27175 
   130   3032  1      gi|31    28743    29017 
   131    161  1     gi|108    27743    27923 
   131   3033  1      gi|31    29010    29199 
   132    162  1     gi|109     7354     7436 
   132   6727  1      gi|57    20537    20623 
   133    163  1     gi|109    15939    16033 
   133   3414  1     gi|336    34337    34431 
   134    164  1     gi|109    19899    19960 
   134   5514 -1     gi|482    15017    16877 
   134   6586  1     gi|561     3278     5455 
   134   1387 -1     gi|197    37917    38167 
   134   5580  1     gi|485    31982    33110 
   135    165  1     gi|109    20032    20369 
   135    937 -1     gi|164    13424    15099 
   135   3335 -1      gi|33    37001    37103 
   135   5789 -1      gi|50    20401    22083 
   135   9547 -1     gi|757    17534    19090 
   135   3185  1      gi|32     3785     3939 
   136    166  1     gi|109    25997    26521 
   136   1424  1       gi|2    36084    36639 
   136   2248  1     gi|259     4430     4829 
   136   3011  1     gi|308    30571    31006 
   136   4445 -1     gi|408    33997    34553 
   136   5422  1     gi|477    38896    39420 
   136   6233 -1     gi|537     2855     3411 
   136  10593 -1     gi|549    11479    12033 
   136   9746  1     gi|772    28621    28706 
   136   2250  1     gi|259     6427     6578 
   136   9745  1     gi|772    28163    28440 
   136   3013  1     gi|308    33150    33242 
   137    170  1     gi|109    37447    38512 
   137   2598 -1     gi|280    28555    29905 
   137   7130 -1     gi|591    19447    20134 
   137   7131 -1     gi|591    20616    20667 
   137   7396  1     gi|610     9360     9778 
   137  10622 -1     gi|243    19269    20479 
   137  10624 -1     gi|314        1      730 
   137   8485 -1     gi|686    38617    38698 
   137  10610 -1     gi|243    19186    19269 
   137   7395  1     gi|610     8029     8827 
   137  10613  1     gi|109    36672    36856 
   137   1782 -1     gi|226    39477    40000 
   137   1408  1     gi|199    36103    36282 
   138    171  1     gi|109    38852    39122 
   138   1781 -1     gi|226    38869    39137 
   138   7129 -1     gi|591    18837    19108 
   139    172  1     gi|109    39871    39992 
   139   3669  1     gi|351     2323     2446 
   140    173  1      gi|11    15483    16032 
   140   6428 -1     gi|549    35245    35791 
   141    174  1      gi|11    18031    18099 
   141   5290 -1      gi|47    37501    37569 
   142    175  1      gi|11    32324    32397 
   142   3948 -1     gi|373     4658     8454 
   142   1490  1     gi|203    27524    31173 
   142   1982 -1     gi|239    22574    22688 
   143    176  1      gi|11    33953    34284 
   143   9617  1     gi|762    38086    38458 
   144    177  1      gi|11    34234    34628 
   144   3568 -1     gi|347    29976    30379 
   145    180  1     gi|111     4528     4833 
   145   2610 -1     gi|281    21677    25710 
   145    750  1     gi|152    22377    25932 
   145    183  1     gi|111     5983     6406 
   145   1092 -1     gi|173    10512    14257 
   145   7662  1      gi|63    39312    39502 
   145   9391 -1     gi|748     9436    13476 
   145  10024 -1      gi|84    31697    35759 
   145  10626 -1     gi|255     5252     5398 
   145    182  1     gi|111     5854     5957 
   145   7661  1      gi|63    22021    24277 
   145   1098 -1     gi|173    17104    17414 
   145    751  1     gi|152    26550    26988 
   146    184  1     gi|111     7534     8370 
   146   9116 -1     gi|727    27231    28412 
   146    188  1     gi|111    11821    12996 
   146   1523  1     gi|205    39542    39785 
   147    185  1     gi|111     8760     9078 
   147   9115 -1     gi|727    26605    26926 
   148    186  1     gi|111     9546     9634 
   148   3584  1     gi|348     3570     4232 
   148   2415  1     gi|268    24553    25215 
   148   8395  1      gi|68    29467    30114 
   148   9168  1     gi|734    12437    13084 
   148  10225  1      gi|98    20545    21192 
   148   3615 -1     gi|349    20635    20942 
   148   3616 -1     gi|349    22848    23202 
   148  10069 -1      gi|87    22660    22721 
   148   5709 -1     gi|494    37480    37569 
   149    187  1     gi|111     9954    10048 
   149   1713  1     gi|223    28194    28288 
   150    189  1     gi|111    14487    15056 
   150   8475 -1     gi|686    18036    18598 
   151    190  1     gi|111    15180    16983 
   151   8474 -1     gi|686    16048    17831 
   152    191  1     gi|111    17590    17939 
   152   1784  1     gi|228      119      433 
   153    192  1     gi|111    19416    20172 
   153   9776  1     gi|775    25083    25397 
   153   2633 -1     gi|283    11721    11931 
   154    193  1     gi|111    20364    20973 
   154   1239  1     gi|186    15842    17638 
   154   1023 -1      gi|17    18942    19137 
   154   5621 -1     gi|489    18390    19498 
   154   5623 -1     gi|489    20293    20955 
   154   5726 -1     gi|495    29780    30301 
   154   9757  1     gi|774    24435    25083 
   154   9761  1     gi|774    27270    28467 
   154  10633 -1      gi|17    23278    23638 
   154  10632 -1      gi|17    22706    23276 
   154   1235  1     gi|186     9965    10377 
   154   8896 -1     gi|712    28080    28334 
   154   1236  1     gi|186    11100    11451 
   155    194  1     gi|111    26099    26198 
   155   1969 -1     gi|237     7370     7499 
   155   1039 -1     gi|170    19214    19336 
   156    197  1     gi|111    30040    30989 
   157    198  1     gi|111    31933    32141 
   157  10337 -1     gi|197    31225    32199 
   157  10345  1     gi|375    11482    16701 
   157    609 -1     gi|142    37457    37703 
   157    611 -1     gi|142    38641    38832 
   157   2559 -1     gi|279     7207     7291 
   157   5901  1      gi|51    28907    29886 
   157   6743 -1     gi|570    14065    14412 
   157  10335  1     gi|152    16742    16793 
   157  10340 -1     gi|230    34534    34606 
   157  10341 -1     gi|474    16219    17091 
   157  10353  1     gi|742    11801    17046 
   157   5191 -1     gi|461    29109    29149 
   157   9398 -1     gi|748    24933    24971 
   158    199  1     gi|112     1156     3945 
   158  10914 -1     gi|534    16123    19931 
   158  10905  1      gi|29    36027    39834 
   158  10911 -1     gi|466    27848    31261 
   158  10922 -1     gi|206     5515     5546 
   158  10897  1      gi|68    24079    24120 
   158  11775 -1     gi|199     1546     2128 
   159    200  1     gi|112     4981     5325 
   159   6198 -1     gi|534    12428    15231 
   159   5246 -1     gi|466    24153    26956 
   159   5912  1      gi|51    38652    38946 
   159    628  1     gi|144    25184    25979 
   159    201  1     gi|112     6336     6439 
   160    203  1     gi|112    10537    10653 
   160   7266 -1     gi|600    37125    37314 
   160   1895  1     gi|232     8521     8762 
   160   2348  1     gi|264    10834    11086 
   160   2352  1     gi|264    24498    24750 
   160   2990 -1     gi|306    17942    18199 
   160   3251  1     gi|322    31492    31733 
   160   4397 -1     gi|405     2460     2717 
   160   4403 -1     gi|405    35153    35410 
   160   5255 -1     gi|468     8560     8817 
   160   5962  1     gi|514    13588    13840 
   160   5969  1     gi|514    32335    32587 
   160   6844  1     gi|575    21663    21908 
   160   6845  1     gi|575    30959    31217 
   160   8400  1     gi|680     1685     1923 
   160  10659 -1     gi|638    19266    19513 
   160  10660  1     gi|580    21674    21883 
   160  10661 -1     gi|691    29486    29692 
   160   7257 -1     gi|600    17148    17392 
   160   8403  1     gi|680     9125     9303 
   160   7751 -1     gi|638    38085    38258 
   161    204  1     gi|112    19333    20047 
   161   5405  1     gi|477    12779    12852 
   161   8312  1     gi|673    37635    38349 
   161   8753 -1     gi|701    35375    36088 
   161  10664  1     gi|253    38907    39303 
   161  10663 -1     gi|140    36572    36668 
   162    207  1     gi|112    32612    32779 
   162   2989  1     gi|306    15604    15760 
   162   4398  1     gi|405    12591    12680 
   162   6843 -1     gi|575    15582    15740 
   162   7256  1     gi|600    14885    14974 
   163    208  1     gi|113      800      834 
   163   3367 -1     gi|332    11864    11932 
   163   6531 -1     gi|557    33828    33896 
   164    209  1     gi|113     2614     2652 
   164   3366 -1     gi|332    10046    10084 
   164   6530 -1     gi|557    32012    32050 
   165    210  1     gi|113     4478     5441 
   165  10203 -1      gi|97     1036     1999 
   166    211  1     gi|113     6706     6907 
   166  10668 -1     gi|494    19248    19491 
   166    212  1     gi|113     7308     7413 
   166    213  1     gi|113     7697     7900 
   166    214  1     gi|113     8293     8406 
   166    215 -1     gi|113    10215    10312 
   166  10670 -1     gi|113    11530    11774 
   167    217  1     gi|113    14802    14954 
   167   3544  1     gi|346    30616    30775 
   167   4074 -1     gi|384    28339    28490 
   168    219  1     gi|113    18078    19737 
   168   4069 -1     gi|384    20251    23621 
   168  10671  1     gi|346    27192    27953 
   168  10676  1     gi|675     2518     2820 
   168  10678  1     gi|698    26457    26758 
   168  10679  1     gi|698    33696    34591 
   168    814 -1     gi|157    10619    11956 
   168   7693  1     gi|631    23091    25383 
   168  10674  1     gi|591     9581    11127 
   168  10680 -1     gi|752    35142    36981 
   168  10681  1     gi|113    32702    34273 
   168  10672  1     gi|346    34135    34613 
   168   4078 -1     gi|384    38427    40020 
   168    909 -1     gi|162    18461    18663 
   168   7650 -1      gi|63      837      998 
   168   8681  1     gi|698    34587    34941 
   168  10677  1     gi|698    25493    26452 
   168  10675  1     gi|675     1319     2514 
   168   3543  1     gi|346    28914    29027 
   168   8164 -1     gi|665     1421     1665 
   168   9480 -1     gi|752     6031     6985 
   168   3542  1     gi|346    27965    28360 
   168   8169 -1     gi|665     7211     7984 
   168   8676  1     gi|698    23554    23784 
   168   9477 -1     gi|752        2       49 
   169    220  1     gi|113    22239    22510 
   169   3098  1     gi|314    27262    27415 
   169   8331  1     gi|675     5705     5976 
   170    221  1     gi|113    23153    23400 
   170   8332  1     gi|675     6619     6866 
   171    222  1     gi|113    24019    24073 
   171   8333  1     gi|675     6937     6991 
   172    225  1     gi|113    28860    30074 
   172   8675  1     gi|698    20704    21171 
   172   8679  1     gi|698    30846    31315 
   172   9479 -1     gi|752     2434     3629 
   172  10397  1     gi|364    11667    12535 
   172   3382 -1     gi|333    21707    21787 
   172  10399 -1     gi|384    35164    35204 
   172    227  1     gi|113    37251    38473 
   172   3549  1     gi|346    37802    38955 
   172  10398 -1     gi|384    33928    35146 
   172   8674  1     gi|698    20315    20409 
   172   8678  1     gi|698    30095    30541 
   172    898 -1     gi|162     9023     9392 
   173    229  1     gi|114      822      936 
   173   5630  1     gi|489    32911    32998 
   174    230  1     gi|114     4783     4943 
   175    231  1     gi|114     5186     5393 
   175  10707  1     gi|164    35010    35316 
   175  10708 -1     gi|617    17891    18198 
   175  10709 -1     gi|208     9470     9576 
   175  10711  1     gi|610    23168    23238 
   175   2670 -1     gi|284    32136    32207 
   176    232  1     gi|114     6018     6759 
   176   6889 -1     gi|577    38538    39216 
   176    239  1     gi|114    19170    20027 
   177    233  1     gi|114     7017     7625 
   177   8292  1     gi|672    23745    24291 
   177   6888 -1     gi|577    37767    38283 
   178    235  1     gi|114    10372    12081 
   178   7635 -1     gi|629     9387    10278 
   178  10716 -1     gi|629     7413     8279 
   178   9974 -1      gi|81    22761    23138 
   179    236  1     gi|114    12608    13026 
   179   5435 -1     gi|478    35348    35766 
   180    238  1     gi|114    15637    15772 
   180  10717 -1     gi|629     5992     6766 
   180   5434 -1     gi|478    34943    35490 
   180  10718 -1      gi|81    21392    22173 
   181    241  1     gi|114    23994    24236 
   181  10713  1     gi|513     2906     3407 
   181   1244  1     gi|186    38116    39938 
   181   1029  1      gi|17    38234    38736 
   181   5949  1     gi|513    10355    10986 
   182    242  1     gi|114    26493    26760 
   182   3363 -1     gi|331    38351    38616 
   183    244  1     gi|114    34669    34913 
   183   4290 -1       gi|4    16540    16803 
   183   9392  1     gi|748    14659    14772 
   184    245  1     gi|114    35313    36630 
   184    295 -1     gi|116    22774    24079 
   184   3849 -1     gi|364    21188    21917 
   184   8001  1     gi|656    10444    10911 
   185    247  1     gi|114    37415    37901 
   185    317 -1     gi|118    12045    12531 
   186    248  1     gi|114    37899    38811 
   186    316 -1     gi|118     5290    10132 
   186   4647  1     gi|421     5460     5731 
   186   4648  1     gi|421     6859     7199 
   186  10564  1     gi|738    38071    38142 
   186   2983  1     gi|306     2112     4261 
   186   5686 -1     gi|493    33977    34586 
   186  10565 -1     gi|114    36640    36712 
   186   9029 -1     gi|722    13574    13649 
   187    249  1     gi|114    38987    39110 
   187    993  1     gi|167    16570    16717 
   187   1310  1     gi|191    10287    10430 
   187   1311 -1     gi|191    10978    11121 
   188    250  1     gi|115     4032     4463 
   188   7073  1     gi|589    25385    25477 
   188   9691  1     gi|768     6257     6559 
   189    251  1     gi|115     5264     6051 
   189   1654  1     gi|217    23227    24550 
   189  10737  1     gi|212     4772     5833 
   189   1653 -1     gi|217    22969    23174 
   189   2249 -1     gi|259     5575     6145 
   190    252  1     gi|115     6313     6392 
   190   3966 -1     gi|375    10101    10485 
   190   9298 -1     gi|742    10277    10661 
   191    253  1     gi|115     6774     6982 
   191   2896  1     gi|300    32883    33561 
   191   3183  1      gi|32     1939     2578 
   192    255  1     gi|115    17532    17822 
   192  10425  1     gi|775     9709     9931 
   192  10422 -1     gi|775     4056     4344 
   192  10427  1     gi|384     3914     4133 
   192    865  1      gi|16    36874    37151 
   192   6593 -1     gi|561    16051    16098 
   192   7402 -1     gi|610    23169    23365 
   192  10738 -1     gi|115    11866    12101 
   192   6705  1     gi|568    28301    28456 
   193    256  1     gi|115    18257    18360 
   193   9083 -1     gi|725    11577    11682 
   194    257  1     gi|115    18802    20174 
   194   9082 -1     gi|725    11175    11449 
   195    258  1     gi|115    20591    20781 
   195   4881  1     gi|437    22906    23502 
   195   2595  1     gi|280    15010    17695 
   195   4888 -1     gi|437    38006    40116 
   195   6863 -1     gi|576    21047    21150 
   195   6864 -1     gi|576    21485    22263 
   196    259  1     gi|115    22386    22547 
   196   7691  1     gi|631    22089    22253 
   197    260  1     gi|115    22658    23095 
   197   7692  1     gi|631    22289    22737 
   198    261  1     gi|115    23638    24624 
   198   1504 -1     gi|204    11953    14885 
   198   4218  1     gi|393    22719    25150 
   198   7944  1     gi|652    21828    22824 
   198   8970  1     gi|718    12594    12699 
   198   1517  1     gi|204    39010    39512 
   199    262  1     gi|115    24931    25026 
   199   1499 -1     gi|204     5417     5510 
   200    263  1     gi|115    25628    27043 
   200   5635 -1      gi|49    15344    16780 
   201    265  1     gi|115    32373    32569 
   201   8099 -1     gi|661     1483     1754 
   201  10740 -1     gi|552    28928    29194 
   201  10741  1     gi|471    21746    21979 
   202    266  1     gi|115    34051    34358 
   202   9177 -1     gi|734    35099    36624 
   202   1418 -1       gi|2    13555    15091 
   202   9165  1     gi|734     4144     5436 
   202   2389 -1     gi|266    31573    31912 
   203    267  1     gi|115    38848    39551 
   203   8438  1     gi|682    15383    16261 
   203    269  1     gi|115    40028    40203 
   204    272  1     gi|116     3248     3688 
   204   8298 -1     gi|673      376      816 
   205    274  1     gi|116     6438     6588 
   205   2951 -1     gi|304     5872     6025 
   206    275  1     gi|116     7153     7285 
   207    276  1     gi|116     7334     7976 
   207   2727  1     gi|289    11440    12291 
   207   9582  1     gi|761     5767     5872 
   207  10830 -1     gi|638    16188    16607 
   207  10831  1     gi|638    17703    17899 
   208    277  1     gi|116     8018     8157 
   209    278  1     gi|116     8629     8735 
   209   6709 -1     gi|569    28504    28600 
   210    279  1     gi|116     9874    10034 
   210   4934 -1     gi|440     4576     4736 
   211    280  1     gi|116    10101    10712 
   211   7919  1     gi|651     4911     5522 
   212    281  1     gi|116    11065    11159 
   212   7188  1     gi|597    20198    20293 
   212   2788  1     gi|293    25742    25801 
   212   9285  1     gi|741    26806    26900 
   212   9288 -1     gi|741    34370    34465 
   213    282  1     gi|116    11871    11935 
   213   7189  1     gi|597    20953    21019 
   213   9284 -1     gi|741    26171    26237 
   213   9286  1     gi|741    27560    27626 
   214    284  1     gi|116    12306    12378 
   214   8920  1     gi|714    17307    20537 
   214   1513  1     gi|204    29781    33012 
   214  10570  1     gi|442    38695    40378 
   214  10573  1      gi|31    23239    23535 
   215    285  1     gi|116    12433    12501 
   215   8975  1     gi|718    21048    21116 
   216    286  1     gi|116    15838    16032 
   216   9283 -1     gi|741    19524    22812 
   216   7190  1     gi|597    24378    27666 
   216    287  1     gi|116    16587    16744 
   216    288  1     gi|116    16744    17100 
   216    289  1     gi|116    17268    17664 
   216    291  1     gi|116    21917    22001 
   216   2880 -1     gi|300    12687    12795 
   216   3648 -1      gi|35    22774    23071 
   216   9287  1     gi|741    30985    34272 
   216    292  1     gi|116    22012    22206 
   216    290  1     gi|116    20231    21925 
   217    293  1     gi|116    22208    22273 
   217   1698  1     gi|222     7615     7691 
   217   3775 -1     gi|361     9143     9213 
   218    294  1     gi|116    22658    22844 
   218   5308  1     gi|471    14213    14486 
   218   6447 -1     gi|552    29401    29523 
   218   8101 -1     gi|661     1817     1983 
   219    296  1     gi|116    24806    24892 
   219   6164 -1     gi|530    11204    11306 
   219  10162 -1      gi|93    22472    22565 
   220    297  1     gi|116    25063    25763 
   220   4138 -1     gi|388    22635    24763 
   220   8017  1     gi|656    30947    31104 
   220   2954 -1     gi|304     8507     9761 
   220   5395  1     gi|476    35011    36871 
   220   7998 -1     gi|656     8377     8469 
   220   8016  1     gi|656    30396    30946 
   221    299  1     gi|116    26166    26370 
   221   3839  1     gi|364     8779     9072 
   221   5172 -1     gi|460    15388    15616 
   222    300  1     gi|116    28855    29013 
   222   3840  1     gi|364     9065     9214 
   223    305  1     gi|116    38018    38733 
   223  10558 -1     gi|714    13104    13818 
   223  10557  1     gi|645    22393    22847 
   224    307  1     gi|117        1      119 
   224   2758 -1     gi|291    20908    26018 
   224    842  1     gi|158    35758    40378 
   224   3468  1     gi|340    23687    25064 
   224   8981  1     gi|719        3      378 
   225    308  1     gi|118        6      658 
   225   6799  1     gi|573    25905    26289 
   225   6806  1     gi|573    33966    34633 
   225    310  1     gi|118     1487     1842 
   225    334  1     gi|118    35802    36377 
   226    309  1     gi|118      978     1024 
   226   6796  1     gi|573    23099    23145 
   227    311  1     gi|118     2294     2521 
   227   3131  1     gi|316    19696    20146 
   227    313  1     gi|118     3584     3940 
   227    322  1     gi|118    24091    24416 
   227    333  1     gi|118    35102    35505 
   227    331  1     gi|118    33283    33591 
   227   3122  1     gi|316     5986     6233 
   227   3126  1     gi|316     8091     8407 
   227   6798  1     gi|573    25380    25454 
   227    326  1     gi|118    27386    27835 
   228    312  1     gi|118     2840     3417 
   229    314  1     gi|118     4245     4978 
   229   3139  1     gi|316    30868    31571 
   229   6801  1     gi|573    28601    28938 
   229   9039  1     gi|723     7878     8042 
   230    315  1     gi|118     4969     5289 
   230   9041  1     gi|723     8950     9487 
   230   3142  1     gi|316    34293    34419 
   230   3144  1     gi|316    36530    36926 
   230    318  1     gi|118    13311    13473 
   231    319  1     gi|118    13781    14157 
   231   3134  1     gi|316    23199    24198 
   231    320  1     gi|118    14855    15177 
   231    327  1     gi|118    28144    29213 
   231   9036  1     gi|723     3846     4375 
   231   3145  1     gi|316    37238    37441 
   231   3146  1     gi|316    38857    39175 
   231   9050 -1     gi|723    29444    30004 
   231   3148  1     gi|316    39399    39716 
   231  10956 -1     gi|723    30336    30543 
   232    321  1     gi|118    16636    16765 
   232   9688 -1     gi|768     3996     4136 
   233    323  1     gi|118    24712    25294 
   233   3141  1     gi|316    33939    34294 
   234    324  1     gi|118    25744    25803 
   234   3629 -1     gi|349    37607    37666 
   235    325  1     gi|118    26385    26572 
   235   2819  1     gi|297    10679    10814 
   235   4033  1     gi|381    32458    32641 
   235   5620 -1     gi|489    17482    17664 
   235  10958  1     gi|720     7349     7462 
   236    328  1     gi|118    29514    30066 
   236   3133  1     gi|316    21813    22888 
   236   6793  1     gi|573    18117    18445 
   236   9040  1     gi|723     8904     8981 
   237    329  1     gi|118    30286    32658 
   237  10561 -1       gi|4     4061     4521 
   237   1178 -1     gi|180     1425     1821 
   237   5207  1     gi|462    15037    15826 
   237   5208  1     gi|462    15808    16998 
   237  10560  1     gi|554    37797    37856 
   237   3851  1     gi|364    22376    22514 
   238    330  1     gi|118    32739    32842 
   238  10947  1     gi|316     6535     7156 
   238   6800  1     gi|573    27285    27594 
   238   9037  1     gi|723     4665     5757 
   238  10954 -1     gi|723    36020    36058 
   238   3127  1     gi|316     8706     9332 
   239    332  1     gi|118    33891    34524 
   239  10950  1     gi|573    32690    32979 
   240    335  1     gi|118    37743    38018 
   240   7852 -1     gi|648     6462     7935 
   240   1567 -1      gi|21    13009    14472 
   240   4554  1     gi|415     5368     6757 
   240   3121  1     gi|316     4642     5802 
   240   3926  1     gi|371    17794    18424 
   241    336  1     gi|119     8077     8451 
   241   4659 -1     gi|421    27271    28196 
   241    337  1     gi|119     8644     9091 
   241    338  1     gi|119    10537    10708 
   241    339  1     gi|119    10875    11320 
   241    340  1     gi|119    13199    13397 
   241    341 -1     gi|119    18530    19493 
   241    342  1     gi|119    21640    22603 
   241  10970 -1     gi|284    28474    28994 
   241  10971 -1     gi|284    28994    29388 
   242    343  1      gi|12    15408    16399 
   242   5870 -1     gi|508    18240    19436 
   242   5871  1     gi|508    20362    21477 
   242    346 -1      gi|12    30320    31204 
   242    347  1      gi|12    34332    35216 
   242   8883 -1     gi|711    34219    35339 
   243    344  1      gi|12    17726    17823 
   243   3083  1     gi|313    34058    34158 
   244    345  1      gi|12    21680    21835 
   244  10189 -1      gi|95     7860     8017 
   244   7722  1     gi|634    25301    25381 
   245    348  1     gi|121      632      690 
   245   6785 -1     gi|573     1910     1968 
   246    349  1     gi|121     4844     5163 
   246   9625 -1     gi|764     5067     5391 
   247    350  1     gi|121     6055     6301 
   247   9624 -1     gi|764     4374     4618 
   248    352  1     gi|121    15170    15340 
   248   4814  1     gi|431    28257    28874 
   248   5496  1     gi|481    28107    28724 
   249    353  1     gi|121    16215    16518 
   249   7206 -1     gi|599    15146    15457 
   250    356  1     gi|121    29866    31585 
   250  10010 -1      gi|83    26528    28279 
   250   6218 -1     gi|536      236     1968 
   250    357  1     gi|121    33649    35234 
   250  10013  1      gi|83    38340    40030 
   251    358  1     gi|121    35372    35464 
   251   4166  1      gi|39    30729    30802 
   252    359  1     gi|121    39163    39237 
   252   4633  1      gi|42    18688    18771 
   253    360  1     gi|122     2621     2836 
   253   4782 -1      gi|43    13033    13247 
   253  10985  1     gi|232    17145    17352 
   253   3283 -1     gi|324    39638    39847 
   253   5084  1     gi|451    20376    20536 
   253  10129  1      gi|91    29430    29591 
   253  10986  1     gi|331    29912    30121 
   253   2837  1     gi|299     5762     5979 
   253   8059 -1     gi|659     9214     9317 
   254    361  1     gi|122     6055     8494 
   254   7159  1     gi|595    16180    18631 
   255    362  1     gi|122    28373    31441 
   255   3586 -1     gi|348     8250    11327 
   256    363  1     gi|122    31442    31943 
   256   3583 -1     gi|348     2932     3427 
   257    364  1     gi|122    36122    36785 
   257   8371  1     gi|678    14002    14582 
   257   7423  1     gi|613    14242    14343 
   258    366  1     gi|123     5257     5720 
   258   2503  1     gi|275    20944    21415 
   259    367  1     gi|123     5730     6190 
   259   2504  1     gi|275    21817    22289 
   259   3234 -1     gi|321    33601    33724 
   260    368  1     gi|123     7936     7983 
   260   2496  1     gi|275    12209    12254 
   260   2505  1     gi|275    24035    24085 
   261    369  1     gi|123     9739    10785 
   261   2497  1     gi|275    15212    17516 
   261   3233 -1     gi|321    30389    31024 
   261   3240 -1     gi|321    39587    39855 
   261    371  1     gi|123    10879    11167 
   261   3227 -1     gi|321    26487    26661 
   261   3231 -1     gi|321    28864    30128 
   262    374  1     gi|123    16283    16646 
   262    819 -1     gi|157    21073    21444 
   263    375  1     gi|123    16822    18047 
   263    818 -1     gi|157    19716    20940 
   263   9002 -1     gi|720     7731     8605 
   263   2826 -1     gi|297    30726    31181 
   264    376  1     gi|123    20364    21680 
   264   5674 -1     gi|492    13968    15284 
   264   7454 -1     gi|616    15183    15340 
   265    377  1     gi|123    26323    26497 
   265   9537  1     gi|755    39707    39880 
   266    378  1     gi|123    27227    27372 
   266   3641 -1      gi|35     3819     3964 
   266   4526 -1     gi|412    24589    24744 
   266  11004  1     gi|162    29931    30016 
   266  11007 -1     gi|489    11751    11818 
   267    379  1     gi|123    27529    27599 
   267   9261 -1      gi|74     9051    10037 
   267   3061 -1     gi|312     2715     3094 
   267   1210  1     gi|181    27589    28559 
   267   3060 -1     gi|312     2166     2495 
   267   9080  1     gi|725     4433     4849 
   267   9538  1     gi|755    39964    40033 
   267   7456  1     gi|616    19764    19955 
   268    380  1     gi|123    27944    29590 
   268    752 -1     gi|152    27645    29311 
   269    381  1     gi|123    29906    30137 
   269   1707 -1     gi|223    16304    16543 
   269   5456 -1     gi|479    39863    40079 
   270    382  1     gi|123    30353    30517 
   270    663 -1     gi|147    19102    19273 
   271    383  1     gi|123    30524    30714 
   271   1797  1     gi|228    25779    25959 
   272    384  1     gi|123    33933    35108 
   272   2154  1     gi|253     6107     7263 
   273    385  1     gi|123    35367    35564 
   273   6690 -1     gi|568    12783    12983 
   274    386  1     gi|124     2058     4781 
   274   1229  1     gi|185    34934    37832 
   274   7882  1     gi|649    38254    38669 
   274   7883  1     gi|649    38664    39024 
   275    387  1     gi|124     5591     6381 
   275   1230  1     gi|185    37987    38776 
   276    388  1     gi|124    16887    16917 
   276   1604  1     gi|211    37458    37488 
   276   5741 -1     gi|496    22092    22122 
   276    654  1     gi|147     8220     8249 
   276    961 -1     gi|165     4462     4492 
   276   1226  1     gi|185    28879    28909 
   276   5101 -1     gi|452    16808    16837 
   276   3120  1     gi|316     4613     4647 
   276   9192  1     gi|735    29660    29693 
   277    389  1     gi|124    22586    22816 
   277  10745 -1     gi|720    13393    14622 
   277    395  1     gi|124    28819    29818 
   277   1312 -1     gi|191    12753    13991 
   277   8623 -1     gi|695    16832    17109 
   277  10746  1      gi|83     1191     1529 
   277  10744 -1     gi|682    15326    15365 
   277  10743 -1     gi|682    15036    15324 
   277   1037  1     gi|170     4416     4520 
   277   1033  1     gi|170     2760     2859 
   278    390  1     gi|124    23088    23216 
   278   5382  1     gi|476    26231    26355 
   278   5386 -1     gi|476    29078    29201 
   278    394 -1     gi|124    27877    27996 
   279    391  1     gi|124    23369    23475 
   279   5385 -1     gi|476    28855    28949 
   280    392  1     gi|124    23605    23750 
   280   5383 -1     gi|476    26414    26546 
   281    393  1     gi|124    24547    24709 
   281   2346  1     gi|264     5232     5828 
   281   6501  1     gi|555    17394    17920 
   282    396  1     gi|124    37657    38595 
   282   1748 -1     gi|225    34811    35797 
   282   6225  1     gi|536    23968    24881 
   282   8330  1     gi|675     3702     4693 
   282  11015 -1     gi|417    14437    15393 
   282  11018 -1     gi|561     6601     7564 
   282  11019  1     gi|617    12551    13504 
   282  10851 -1     gi|677     4652     5531 
   282   6014  1     gi|519     1531     1649 
   282  11013  1     gi|375    39365    39998 
   282  11016  1      gi|56    34311    34958 
   282  10846  1      gi|56    36359    36604 
   282   4415 -1     gi|406    32546    32989 
   282  11014 -1     gi|417    14348    14434 
   282   5493 -1     gi|481    20891    21005 
   282   6223  1     gi|536    22978    23048 
   282   8802 -1     gi|706    28872    28986 
   282  11022  1     gi|742    39714    40000 
   283    397  1     gi|124    38994    39737 
   283   5716 -1     gi|495    11065    12673 
   283   3533  1     gi|346     9978    12230 
   283   7569  1     gi|624    20483    20731 
   283  11024 -1     gi|518     2543     5655 
   283   1742  1     gi|225    29683    30079 
   283   3532  1     gi|346     8701     9435 
   283   3534  1     gi|346    12977    13057 
   283   7568  1     gi|624    20130    20338 
   283   9637  1     gi|765    12058    12167 
   283  11025  1     gi|624    20745    21241 
   284    399  1     gi|125     9117     9498 
   284   9718 -1     gi|770    17082    17720 
   284   5783 -1      gi|50     8697     9433 
   284   5784  1      gi|50     9818    10549 
   284   9714  1     gi|770    14467    15104 
   284    400  1     gi|125     9618     9766 
   285    401  1     gi|125    14110    14683 
   286    402  1     gi|125    14753    14889 
   286   8608 -1     gi|694    13251    14558 
   286   3107  1     gi|315     2789     3910 
   286   2366  1     gi|265    36324    36412 
   286  11028  1     gi|315     1411     2055 
   286  11027  1     gi|315      751     1411 
   286   2943  1     gi|303    22306    22536 
   286    403 -1     gi|125    16204    16429 
   287    404  1     gi|125    16498    17057 
   288    405  1     gi|125    17465    17787 
   288   8568 -1     gi|690     9193     9508 
   289    406  1     gi|125    38722    39127 
   289   4333  1     gi|400     1671     2075 
   290    407  1     gi|126      756     1097 
   290   6346  1     gi|543     4623     4992 
   291    408  1     gi|126     1339     1893 
   291   6344  1     gi|543       95      634 
   291   8775 -1     gi|703    30444    30682 
   292    409  1     gi|126     5313     6693 
   292   8770 -1     gi|703    22219    23590 
   293    410  1     gi|126     6733     7024 
   293   8769 -1     gi|703    21330    21665 
   294    411  1     gi|126     7819     9921 
   294   7660 -1      gi|63    19863    20942 
   294  10018  1      gi|84    19715    21713 
   294  10019  1      gi|84    22486    23822 
   295    412  1     gi|126    10907    10964 
   295   1967  1     gi|237     2746     2798 
   295    417  1     gi|126    21717    21764 
   296    413  1     gi|126    14194    14295 
   296  10227 -1      gi|98    30071    30436 
   296    769 -1     gi|154      824      943 
   296   5224 -1     gi|463    23895    24063 
   296   5566 -1     gi|485    15139    15318 
   296  11031  1      gi|40    37206    37579 
   296  11032 -1      gi|70    38269    38764 
   296  11030  1      gi|40    36993    37205 
   297    414  1     gi|126    14964    15120 
   297   3656  1     gi|350     5736     5967 
   298    415  1     gi|126    17506    17633 
   298   1968  1     gi|237     3135     3270 
   299    416  1     gi|126    20269    20325 
   299   1914  1     gi|233     6527     6583 
   300    418  1     gi|126    24573    24699 
   300   8569 -1     gi|690     9559     9683 
   301    419  1     gi|126    25261    25421 
   301   2556  1     gi|279     3623     6131 
   301   8711 -1      gi|70        1     2497 
   302    420  1     gi|126    26375    26500 
   302   9493 -1     gi|753     5588     7093 
   302   3067 -1     gi|312    22972    23066 
   302   3071 -1     gi|312    24995    26598 
   302   3077  1     gi|312    31773    31873 
   303    421  1     gi|126    28210    30689 
   303   8180 -1     gi|665    22894    23890 
   303   8181 -1     gi|665    23896    24869 
   303   9618 -1     gi|762    38579    40333 
   303  11037  1     gi|294     8033     8230 
   303  11036  1     gi|294     5671     8033 
   303   5030  1     gi|447     1343     3676 
   304    422  1     gi|126    30875    30991 
   304   6858 -1     gi|576     7923     9246 
   304   6464 -1     gi|553    18803    18922 
   305    423  1     gi|126    31468    32842 
   305   9476 -1     gi|751    34156    35528 
   305   8767  1     gi|703    16553    17945 
   305   6040 -1      gi|52    15217    16436 
   305   3454 -1      gi|34    30945    31007 
   306    424  1     gi|126    34319    36087 
   306    691 -1     gi|149    18667    20465 
   306   4664 -1     gi|422        6     1197 
   306    687  1     gi|149     7298     7370 
   307    425  1     gi|126    37749    37988 
   308    426  1     gi|127     4928     5019 
   308   7838 -1     gi|647    18856    18949 
   309    427  1     gi|127     7430     7628 
   309   8082 -1      gi|66    39371    39581 
   310    428  1     gi|127     9642     9777 
   310   3244 -1     gi|322     3206     3344 
   310   5553 -1     gi|484    10219    10316 
   311    429  1     gi|127    19140    20689 
   311   3758  1      gi|36    22833    24390 
   312    430  1     gi|127    22548    25116 
   312   9730 -1     gi|772     3130     3834 
   313    431  1     gi|127    30802    30896 
   313   5373  1     gi|475    30191    30289 
   314    432  1     gi|128     8518    12671 
   314   5543  1     gi|483    35796    39885 
   314    445  1     gi|128    38927    40000 
   315    433  1     gi|128    12891    13401 
   315   5437  1     gi|479       35      509 
   316    436  1     gi|128    15129    15211 
   316   1445  1     gi|201    17340    17423 
   316   1450  1     gi|201    32592    32673 
   317    437  1     gi|128    23294    23380 
   317   8822  1     gi|707    32696    33434 
   317   5183  1     gi|461    17505    18265 
   317  10140  1      gi|92    21812    22311 
   317   2793 -1     gi|293    34436    34633 
   318    439  1     gi|128    27075    27165 
   318   4319 -1      gi|40    26499    26569 
   319    440  1     gi|128    28065    28134 
   319   4318 -1      gi|40    26424    26493 
   320    441  1     gi|128    28143    30186 
   320   4317 -1      gi|40    19051    21065 
   320    443 -1     gi|128    36767    37719 
   320    444 -1     gi|128    38151    38297 
   320   4179 -1     gi|390    15206    15420 
   321    442  1     gi|128    35815    35907 
   321   2329 -1     gi|262     2537     2901 
   321   2631  1     gi|283     9881    10246 
   322    446  1     gi|129     4927     5107 
   322   5353 -1     gi|474    34493    34670 
   323    449  1     gi|129    16095    16204 
   323  11051  1     gi|259    18393    18576 
   323   5297 -1     gi|470    24635    24720 
   323  11054  1     gi|157     5487     5772 
   323   1790 -1     gi|228    18520    18653 
   323   5736  1     gi|496     1787     1945 
   323  11052  1     gi|689    10993    11163 
   323  11057  1     gi|228    17865    18050 
   323  11058  1     gi|254     1971     2148 
   323  11062  1     gi|435    12153    12316 
   323  11064 -1     gi|482    19131    19308 
   323  11066 -1     gi|631    15800    15977 
   323  11069 -1     gi|208     6735     6939 
   323   8370 -1     gi|678    13952    13992 
   323  11055 -1     gi|223    26075    26287 
   323  11065  1     gi|580     9511     9653 
   323  11067 -1     gi|764     1295     1390 
   323  11068  1     gi|129    15947    16088 
   323  11074  1     gi|342    16355    16523 
   324    450  1     gi|129    28703    28840 
   324  11076  1     gi|455     2934     3083 
   324  11075  1     gi|537    28737    28876 
   324   3380  1     gi|333     3544     3679 
   324   7110  1     gi|590    12340    12451 
   325    452  1      gi|13    16189    16662 
   325   5055  1     gi|448    13408    13910 
   325   8716 -1      gi|70    14529    14648 
   326    453  1      gi|13    20775    20814 
   326  11078 -1     gi|534    32625    33087 
   326   3093  1     gi|314    15524    16015 
   326  11079  1      gi|74    14353    14844 
   327    455  1      gi|13    27853    28570 
   327  11080  1      gi|74    14727    17536 
   327    456  1      gi|13    29602    30388 
   327   8815 -1     gi|707    10398    12298 
   327  11077 -1     gi|534    30269    32623 
   327  11083  1     gi|314    18884    21084 
   327   2095 -1     gi|249     3863     3924 
   327   3094  1     gi|314    16653    17146 
   327  11082 -1     gi|249     2964     3739 
   327  11088 -1     gi|534     6987     7324 
   328    457  1      gi|13    30694    30814 
   328  11081  1      gi|74    17536    17748 
   329    458  1      gi|13    31341    32532 
   329   3096  1     gi|314    23915    25018 
   329  11087 -1     gi|534     5679     6985 
   329  11090  1      gi|74    17540    18850 
   329   6017  1     gi|519     2440     2612 
   329   8416 -1     gi|681    12335    12520 
   329  11084  1     gi|314    21084    21296 
   329   8414 -1     gi|681     7480     7642 
   329  11086 -1     gi|525    30984    31176 
   330    460  1      gi|13    37649    37897 
   330   3302  1     gi|328     2425     2709 
   331    461  1      gi|13    38502    40000 
   331   3303  1     gi|328     2722     4625 
   331   6156  1     gi|530     1757     3255 
   332    462  1     gi|130     1392     1518 
   332   6247 -1     gi|537    31244    31775 
   332   7070  1     gi|589    18157    18737 
   333    463  1     gi|130     1735     1871 
   333   6246 -1     gi|537    31157    31293 
   334    464  1     gi|130     9628     9739 
   334   6032  1     gi|519    31368    33796 
   334   3340  1     gi|331     3905     6334 
   334   5636 -1      gi|49    18624    18700 
   334   6019  1     gi|519    12878    13834 
   334  10459  1     gi|519    13935    15037 
   334  10463  1     gi|658    32082    32155 
   335    465  1     gi|130    10189    11518 
   336    466  1     gi|130    12365    15109 
   336   2656 -1     gi|284     4229     6973 
   337    467  1     gi|130    16732    16912 
   337   7220  1       gi|6      249      433 
   337  11102  1     gi|755     8225     8382 
   337  11104  1       gi|9    21743    21928 
   337   7566  1     gi|624    18875    18958 
   338    468  1     gi|130    19054    19303 
   338   6376  1     gi|545    14230    14499 
   339    470  1     gi|130    22831    22996 
   339   9892  1     gi|784    16515    16683 
   340    471  1     gi|130    23097    23324 
   340   2842 -1     gi|299    18723    19433 
   340   3374 -1     gi|332    31468    32210 
   340   4356 -1     gi|402    12753    13438 
   340   4376  1     gi|403    34944    35655 
   340   9410  1     gi|749     9198     9940 
   340   9833 -1      gi|78    24817    25562 
   340   5340  1     gi|474    13130    13344 
   340   9700  1     gi|768    19257    19446 
   340  11106 -1     gi|134    13511    13699 
   340   6794 -1     gi|573    19581    19766 
   340   2456 -1     gi|270    33954    34171 
   340   6405  1     gi|548    36407    36483 
   340   2015  1     gi|240    30131    30255 
   340   7467 -1     gi|617    14056    14115 
   341    473  1     gi|130    28029    28382 
   341    759  1     gi|153    16496    16838 
   341   4910 -1     gi|439    19416    19568 
   342    474  1     gi|130    28456    28552 
   342   7465 -1     gi|617    11469    11574 
   343    475  1     gi|130    33398    33496 
   343    680  1     gi|148    20635    20726 
   344    476  1     gi|130    36520    38513 
   344   6022  1     gi|519    19089    21103 
   344   8246  1     gi|669    30146    30245 
   345    477  1     gi|130    39962    40000 
   345   6023  1     gi|519    21101    21139 
   346    479  1     gi|131     5652     6008 
   346   3687  1     gi|353    22075    22424 
   346    483 -1     gi|131    29785    29942 
   347    480  1     gi|131    10857    11633 
   347   7835  1     gi|647     6791     7718 
   347   4167  1      gi|39    34779    35739 
   347   7831  1     gi|647     2084     3046 
   348    481  1     gi|131    18158    18715 
   348   1315 -1     gi|191    19232    19779 
   348   1316 -1     gi|191    20336    20881 
   348   9845 -1     gi|781     7385     7574 
   349    482  1     gi|131    19388    19571 
   349   9237 -1     gi|738    30566    30748 
   349  11117 -1     gi|302     7233     7418 
   349  11118  1     gi|659    14236    14419 
   350    484  1     gi|131    30690    30921 
   350    744 -1     gi|152    17663    17718 
   350    895 -1     gi|162     3156     3438 
   350   1667  1     gi|219     1187     1314 
   350   3041 -1     gi|310    22884    23183 
   350  11070 -1     gi|208     6942     6994 
   350   3270  1     gi|324     2645     2847 
   350   5296  1     gi|470    24398    24642 
   350    736 -1     gi|152    15126    15288 
   350  10007  1      gi|83    18116    18261 
   350   5455  1     gi|479    39045    39116 
   351    485  1     gi|131    35213    35294 
   351  11119 -1     gi|361     4952     5157 
   351   6703  1     gi|568    24114    24541 
   351   9402 -1     gi|748    27882    28008 
   351  11120 -1     gi|361     5158     5304 
   352    488  1     gi|134       60     3023 
   352  11121  1     gi|483    26740    33647 
   352   3277  1     gi|324    32141    32546 
   352   3279  1     gi|324    32876    33537 
   352   9224 -1     gi|738    12424    12611 
   352   9242 -1     gi|738    36413    36727 
   352  11124 -1     gi|738    21081    24109 
   353    489  1     gi|134     3252     3631 
   353  11131  1     gi|749     7561     8162 
   353   2844 -1     gi|299    20503    21098 
   353   4358 -1     gi|402    14508    15114 
   353   9835 -1      gi|78    26598    27192 
   353  10550 -1     gi|332    33246    33852 
   353  11125 -1     gi|328    11766    12372 
   353  11128  1     gi|403    32331    32938 
   354    490  1     gi|134     3805     4540 
   354   5498  1     gi|481    31193    31914 
   355    491  1     gi|134     4641     4761 
   355   5499  1     gi|481    31912    32032 
   356    492  1     gi|134     5955     6096 
   356   3432  1     gi|339    36038    36180 
   356   4288 -1       gi|4    13677    13765 
   357    493  1     gi|134     6416     6571 
   357   8764  1     gi|703    11319    11410 
   357   9524  1     gi|755     3952     4106 
   357  11133 -1      gi|34    37662    37787 
   357   8587  1     gi|692    11045    11083 
   357   2125  1     gi|251    20178    20308 
   357   7338 -1     gi|607     6917     7017 
   357  11134 -1     gi|681    13079    13162 
   358    494  1     gi|134     9352    10266 
   358   3756 -1      gi|36    14473    14504 
   358   4579  1     gi|416    22975    23847 
   358  11135 -1     gi|173     5948     6798 
   358  11136  1     gi|471    14475    15408 
   358   8410 -1     gi|681     6139     6524 
   358   4578  1     gi|416    22352    22400 
   358   7476  1     gi|617    22492    22808 
   358   8533 -1     gi|689    34971    35167 
   359    497  1     gi|134    15520    17509 
   359   7960  1     gi|653    25856    27870 
   359   9946 -1       gi|8    38344    40173 
   360    498  1     gi|134    19258    19702 
   361    500  1     gi|134    30612    31180 
   362    501  1     gi|134    32319    34434 
   362   9405  1     gi|748    36906    39017 
   362   9155  1     gi|732    24859    26527 
   363    502  1     gi|135       99      690 
   363   9558 -1     gi|759    31212    31799 
   364    504  1     gi|135    11625    11746 
   364   4513  1     gi|412     8357     8530 
   365    505  1     gi|135    14628    15305 
   365   4514  1     gi|412    11740    12416 
   365   5159 -1     gi|459     9050     9166 
   366    506  1     gi|135    16381    17188 
   366  11142  1     gi|412    12415    13222 
   366  11148 -1     gi|673     4319     4534 
   367    507  1     gi|135    17760    17865 
   367  11147 -1     gi|673     4210     4318 
   367  11149  1     gi|412    13228    13330 
   368    508  1     gi|135    35209    35656 
   368   9557 -1     gi|759    23226    23679 
   369    509  1     gi|135    37335    37633 
   369   9555 -1     gi|759    20112    20410 
   370    510  1     gi|135    37985    38917 
   370   9554 -1     gi|759    18783    19671 
   371    511  1     gi|136     2007     2185 
   371   3086  1     gi|313    38518    38697 
   371  11151 -1     gi|363     7629     7839 
   371  11152  1     gi|454     5998     6172 
   371  11154 -1     gi|666    12784    12987 
   371  11155 -1     gi|723    30805    30990 
   371  11156  1     gi|784     9776     9985 
   371    726 -1     gi|151    28088    28262 
   371   9317 -1     gi|743    19396    19456 
   371  11159 -1     gi|762      775      951 
   371   1846 -1     gi|230    10350    10466 
   371   2059  1     gi|244    23031    23170 
   371  11160 -1     gi|743    18421    18461 
   371   8891 -1     gi|712    10799    10871 
   371  11157 -1      gi|31     1655     1744 
   372    512  1     gi|136     5518    13825 
   372   5351  1     gi|474    31801    32417 
   372   7325  1     gi|606     6363    10923 
   372   7334 -1     gi|606    36420    39997 
   372   9474  1     gi|751    20170    24308 
   373    513  1     gi|136    14105    14709 
   374    514  1     gi|136    15139    15243 
   374   5039 -1     gi|447    27686    27819 
   374   8553 -1      gi|69    28569    28712 
   375    515  1     gi|136    20603    21829 
   375   1452 -1     gi|201    37945    38536 
   375   1453 -1     gi|201    39871    39993 
   375   7162  1     gi|595    20093    21238 
   375  10466 -1     gi|384    23621    24867 
   375  10467  1     gi|595    18874    18983 
   375   6349  1     gi|543    16019    16575 
   375   6498 -1     gi|555     6792     8014 
   375   1451 -1     gi|201    36589    37101 
   375   8897 -1     gi|712    29557    29720 
   375   2492 -1     gi|275     3733     3979 
   375   2489 -1     gi|275     2947     3030 
   375   2928  1     gi|302    20361    20618 
   376    516  1     gi|136    21837    22229 
   376   8538 -1      gi|69     2798     3715 
   376   9824 -1      gi|78     3763     4255 
   377    517  1     gi|136    22233    23717 
   377  11170 -1      gi|69    13924    15460 
   377  11172 -1      gi|78    29176    30761 
   377  11177 -1      gi|69    34792    34864 
   377  11179 -1      gi|69     1986     2802 
   377   1779  1     gi|226    36221    36705 
   377  10776 -1     gi|447    36322    37245 
   377  10792 -1      gi|78    17108    18007 
   377    519  1     gi|136    24612    24838 
   377   1764 -1     gi|226     9669    10464 
   377   3090  1     gi|314    10196    10982 
   377  10791 -1      gi|78     3416     3777 
   377  10795 -1      gi|78    19146    19508 
   377   1780  1     gi|226    37988    38317 
   378    518  1     gi|136    24197    24644 
   378   3091  1     gi|314    12316    13371 
   378   1763 -1     gi|226     7144     8330 
   378   5045 -1     gi|447    33917    34971 
   378   8543 -1      gi|69    11435    12589 
   378   8556 -1      gi|69    30497    31486 
   378   9829 -1      gi|78    14619    15760 
   378  10796 -1      gi|69    33400    34406 
   379    520  1     gi|136    25900    25966 
   379   8557 -1      gi|69    31578    31645 
   380    521  1     gi|137     1373    10732 
   380   4022 -1     gi|380    28105    37464 
   380   8221  1     gi|667    10341    19700 
   380   3256 -1     gi|323     3232     7264 
   380  11192 -1     gi|306    39665    40000 
   380   8490  1     gi|687    20735    20926 
   381    523  1     gi|137    16411    16485 
   381   4019 -1     gi|380    23620    23694 
   381   8223  1     gi|667    25379    25453 
   382    524  1     gi|137    18953    19456 
   382   3216  1     gi|321    18554    19057 
   382   5000 -1     gi|442    34350    34853 
   383    525  1     gi|137    19443    19846 
   383   4999 -1     gi|442    32538    34283 
   383    527  1     gi|137    21895    23254 
   383   9670 -1     gi|767     7872     8681 
   383   3218  1     gi|321    19507    20869 
   383   8385 -1      gi|68     7862     8309 
   384    526  1     gi|137    19836    21903 
   384   5966  1     gi|514    20949    22651 
   384   6420  1     gi|549    15614    17670 
   384   9826 -1      gi|78    10328    12372 
   384  10139 -1      gi|92    17595    19582 
   384  11214 -1      gi|78    30866    32894 
   384  11211  1      gi|59    23949    24568 
   384   2118 -1     gi|250    34859    35067 
   384   2120 -1     gi|250    36283    36662 
   384   5967  1     gi|514    26110    26476 
   384   7667 -1     gi|630    11974    12198 
   384   2117 -1     gi|250    32947    33734 
   384   2119 -1     gi|250    35412    36102 
   384   7666 -1     gi|630    11239    11719 
   385    528  1     gi|137    23524    25324 
   385   2220  1     gi|257     3297     3444 
   385   3219  1     gi|321    21139    22939 
   385   4998 -1     gi|442    30468    32268 
   386    529  1     gi|137    26264    26542 
   386   3220  1     gi|321    22938    23216 
   386   4997 -1     gi|442    30191    30469 
   387    530  1     gi|137    27475    27521 
   387   3221  1     gi|321    23219    23265 
   387   4996 -1     gi|442    30142    30188 
   388    531  1     gi|137    27988    28148 
   388   3222  1     gi|321    23264    23424 
   388   4995 -1     gi|442    29983    30143 
   389    532  1     gi|137    28376    28785 
   389   2894 -1     gi|300    31290    31843 
   389   3224  1     gi|321    23921    24061 
   389   4009  1     gi|380    13010    13567 
   389   4993 -1     gi|442    29346    29486 
   390    533  1     gi|138     7202     7237 
   390  10373 -1     gi|650     1833     1868 
   390  10374  1     gi|587    17031    17066 
   391    534  1     gi|138     7886     8020 
   391   2511 -1     gi|276     4675     4802 
   392    535  1     gi|138    12867    13344 
   393    536  1     gi|138    16602    16757 
   393   2058  1     gi|244    22674    22831 
   393  11223  1     gi|244    22417    22481 
   393  11225 -1     gi|372    32571    32744 
   393   2333 -1     gi|262     6009     6080 
   393   2421  1     gi|268    35513    35735 
   393   4231 -1     gi|394    11212    11323 
   393   4315 -1      gi|40    18486    18647 
   393   5554 -1     gi|484    18595    18678 
   393   6372 -1     gi|545     5813     5964 
   393  11229  1      gi|50     5483     5680 
   393  11231  1      gi|65     2583     2652 
   393   8761 -1     gi|703     5754     5865 
   393  11226 -1     gi|659    30450    30592 
   393  11233 -1     gi|711    26729    26945 
   393  11234 -1     gi|766      427      485 
   393   2688 -1     gi|286    18219    18442 
   393   4316 -1      gi|40    18861    18909 
   393   6050  1     gi|522     1210     1277 
   393   8692 -1     gi|699    37137    37268 
   393  11235  1     gi|451    20023    20203 
   393   6370  1     gi|545     4038     4163 
   393  11232 -1     gi|711    26679    26728 
   394    537  1     gi|138    32108    32156 
   394   5161 -1     gi|459    19967    20014 
   395    538  1     gi|138    38590    38782 
   395   8080 -1      gi|66    34473    34663 
   395   8230  1     gi|668    34016    34209 
   395   8640 -1     gi|696    25224    25413 
   396    539  1     gi|139     3232     3377 
   396    801 -1     gi|156    28034    28169 
   397    541  1     gi|139    15719    16178 
   397   6980  1     gi|583    12602    12673 
   398    542  1     gi|139    21385    21557 
   398   8039  1     gi|657    34414    34591 
   399    544  1      gi|14    15432    15648 
   399   2901  1     gi|301        1      217 
   400    545  1      gi|14    18015    18074 
   400   2905  1     gi|301     4739     4798 
   401    546  1      gi|14    18075    18318 
   401  11244  1     gi|301     4816     5508 
   401  11246  1      gi|14    11005    11663 
   402    547  1      gi|14    18882    18991 
   402  11245  1     gi|301     5508     7488 
   402    548  1      gi|14    19399    20063 
   402    549  1      gi|14    20056    20586 
   402  11247  1      gi|14    11698    13644 
   403    550  1      gi|14    21259    22926 
   403   2916  1     gi|301    32440    33088 
   403   9188  1     gi|735    25431    27123 
   403   9793  1     gi|779     4763     6324 
   403  11248  1     gi|301    33464    34084 
   404    551  1      gi|14    23508    23948 
   404   9794  1     gi|779     6893     7588 
   404   1775  1     gi|226    28318    28976 
   404   9191  1     gi|735    28729    29173 
   404    553  1      gi|14    25958    26217 
   404   9193  1     gi|735    29690    29913 
   404   2918  1     gi|301    34856    35339 
   405    552  1      gi|14    25855    25958 
   405   5743 -1     gi|496    34420    34512 
   406    554  1      gi|14    28632    28879 
   406  11200 -1     gi|380    24310    26905 
   406  11195  1     gi|137    13144    15795 
   406  11205  1     gi|667    22112    24763 
   406   8575 -1     gi|691    24263    24597 
   406  11199  1     gi|281    11955    12254 
   406  11189 -1     gi|306    36727    36855 
   406   9238  1     gi|738    30745    30804 
   407    555  1      gi|14    30638    30762 
   407   4644 -1     gi|420    39876    40000 
   408    556  1     gi|140     6969     7021 
   409    557  1     gi|140     7407     7606 
   409   8500 -1     gi|688     5166     5221 
   409   8501  1     gi|688     5219     5418 
   410    558  1     gi|140    14781    15408 
   410   2577 -1      gi|28    15560    16140 
   410   2582 -1      gi|28    24371    25001 
   411    559  1     gi|140    15812    17366 
   411   2574 -1      gi|28    13959    15129 
   411   2580 -1      gi|28    22660    23395 
   411   3771  1     gi|360    38926    39042 
   411  11251 -1      gi|28    23254    24417 
   411   3770  1     gi|360    37976    38551 
   411   6473 -1     gi|554    11341    11647 
   411   6477  1     gi|554    21890    22175 
   411   6480  1     gi|554    25521    25812 
   411   6481  1     gi|554    25915    26053 
   412    560  1     gi|140    17417    17542 
   412   2572 -1      gi|28    13553    13678 
   412   2579 -1      gi|28    22534    22649 
   413    561  1     gi|140    17835    18365 
   413   6460 -1     gi|553      457     1105 
   413   3175 -1     gi|319    25364    25963 
   414    562  1     gi|140    23291    23697 
   414   2568  1      gi|28     4347     4429 
   414   2569  1      gi|28     6181     6564 
   415    563  1     gi|140    23687    24097 
   415    606  1     gi|142    17574    18119 
   416    564  1     gi|140    24170    24734 
   416    800 -1     gi|156    22235    22341 
   416   7885  1      gi|65     1040     1658 
   417    565  1     gi|140    24621    25061 
   417   7271  1     gi|601    12651    12867 
   417   7886  1      gi|65     1689     2191 
   418    568  1     gi|140    36000    36109 
   418    838  1     gi|158    21740    29335 
   418   2762 -1     gi|291    32443    40038 
   418   3492 -1     gi|343     5063     5263 
   418   7815  1     gi|645    12842    13699 
   418   3034  1      gi|31    29857    30199 
   419    570  1     gi|140    36805    37231 
   419   2798 -1     gi|294     2678     3344 
   419   3397  1     gi|334    28610    29236 
   420    571  1     gi|140    39802    39996 
   420  10291 -1     gi|589    25157    25345 
   420   2881 -1     gi|300    12800    12863 
   421    572  1     gi|141     1859     1894 
   421  10022  1      gi|84    30796    30828 
   421  11261  1     gi|380    12317    12350 
   421  11264  1     gi|684    25618    25652 
   421  11266  1     gi|761     6226     6260 
   421  11267 -1     gi|774    28950    28983 
   421  11268  1     gi|673    18361    18396 
   421  11270  1     gi|485    17259    17290 
   421  11273 -1     gi|414    29621    29656 
   421  12247 -1     gi|317    10283    10316 
   422    573  1     gi|141     6111     6424 
   422   3804  1     gi|362     8335     8633 
   422   2794  1     gi|293    36151    36296 
   423    574  1     gi|141     8959     9181 
   423   9366  1     gi|746    31528    31750 
   424    575  1     gi|141     9565     9946 
   424   6321  1     gi|541    31632    32013 
   425    576  1     gi|141     9920    10368 
   425   6323  1     gi|541    32512    32960 
   426    578  1     gi|141    13357    13557 
   426   2443  1     gi|270     1179     1381 
   427    580  1     gi|141    17628    17704 
   427   9912  1      gi|79    21573    21978 
   427   1249  1     gi|187    13693    14098 
   428    582  1     gi|141    22097    22449 
   428   8911 -1     gi|713    18735    19087 
   429    583  1     gi|141    24307    24397 
   429   9370  1     gi|746    34734    34825 
   430    585  1     gi|141    24693    26276 
   430   9371  1     gi|746    35201    36805 
   431    586  1     gi|141    27938    28001 
   431   8531  1     gi|689    32622    32673 
   432    588  1     gi|141    38235    38459 
   432   3564 -1     gi|347    27768    27861 
   432   3581 -1     gi|347    39126    39348 
   433    591  1     gi|141    39529    39638 
   433   3010 -1     gi|308    27136    27247 
   434    592  1     gi|141    39633    39754 
   434   3556  1     gi|347    21077    21200 
   434   3562 -1     gi|347    26858    26974 
   434   3579 -1     gi|347    38694    38817 
   435    594  1     gi|142     2379     3342 
   435   6427 -1     gi|549    27487    28471 
   436    595  1     gi|142     3774     4945 
   436   6426 -1     gi|549    25978    27153 
   437    596  1     gi|142     5152     6806 
   437   6425 -1     gi|549    24151    25801 
   438    597  1     gi|142     6958     8329 
   438   6424 -1     gi|549    22559    23914 
   439    598  1     gi|142     8568     8748 
   439   6423 -1     gi|549    22179    22362 
   440    599  1     gi|142     8741     9071 
   440   6422 -1     gi|549    21800    22128 
   440   8740  1     gi|700    21218    21344 
   441    600  1     gi|142    12099    13207 
   441  10016 -1      gi|84     9095    10206 
   441   4676  1     gi|422    20260    20530 
   441    601  1     gi|142    13725    14042 
   441    604  1     gi|142    15711    16109 
   442    602  1     gi|142    14067    14151 
   442   6075  1     gi|522    30916    31106 
   442    603 -1     gi|142    14394    14526 
   443    605  1     gi|142    17342    17625 
   443   5404 -1     gi|477    11048    11539 
   443   8655  1     gi|697    38053    38291 
   444    607  1     gi|142    18879    20079 
   444   1568 -1      gi|21    16411    16579 
   444   1569 -1      gi|21    17456    18622 
   445    608  1     gi|142    22250    22321 
   445   3903 -1     gi|369    29062    29498 
   445   6084 -1     gi|522    39697    40137 
   445   3900 -1     gi|369    26452    26724 
   446    610  1     gi|142    38183    38452 
   446   9019  1     gi|722     2926     3194 
   447    612  1     gi|143      486      685 
   447   3408  1     gi|336    27377    27576 
   448    613  1     gi|143     4835     4932 
   448   7243 -1       gi|6    40020    40117 
   449    614  1     gi|143     5202     5424 
   449   7242 -1       gi|6    39533    39753 
   450    615  1     gi|143    31599    31810 
   450  11288 -1     gi|423    21910    22715 
   450   5559  1     gi|484    30894    31706 
   450  11290 -1     gi|484    22963    23763 
   451    618  1     gi|144     3711     6666 
   451   8702 -1       gi|7    23053    25637 
   452    619  1     gi|144    10434    11060 
   452   2677 -1     gi|285     8706     9362 
   453    620  1     gi|144    11183    12052 
   453   2676 -1     gi|285     7651     8449 
   453   5008  1     gi|443    10382    10602 
   453   7725 -1     gi|635     1720     2087 
   454    621  1     gi|144    12624    12661 
   454   2675 -1     gi|285     6967     7004 
   455    622  1     gi|144    18316    21223 
   455   8701 -1       gi|7    20111    23055 
   456    623  1     gi|144    22574    22766 
   456   7116  1     gi|591      203      400 
   456   8700 -1       gi|7    18610    18726 
   457    629  1     gi|144    26260    26388 
   457  11307  1     gi|199     3626     3755 
   457  11311  1      gi|51     1632     1761 
   458    630  1     gi|144    26665    26809 
   458   5596  1     gi|488    12243    15689 
   458   2611  1     gi|281    25817    26124 
   458   2612  1     gi|281    26612    27392 
   458    631  1     gi|144    27411    28072 
   458   5715 -1     gi|495     8720     9365 
   458   6100  1     gi|524     3157     3450 
   458   6102  1     gi|524     4317     6317 
   458   8186 -1     gi|665    28579    28854 
   458   8187 -1     gi|665    28832    29432 
   458   1743  1     gi|225    30056    30313 
   458   5712 -1     gi|495        2      107 
   458   7426 -1     gi|613    17266    17597 
   459    632  1     gi|144    28250    28313 
   459   6813  1     gi|573    38516    38579 
   460    633  1     gi|144    30948    31200 
   460  10163  1      gi|93    22646    22899 
   461    634  1     gi|144    35822    36057 
   461   1364 -1     gi|196    17576    30236 
   461    832  1     gi|158     6158     6556 
   461   5747 -1     gi|499     4057    16729 
   461   1362 -1     gi|196     2370    12919 
   461   5753 -1       gi|5     7486     7902 
   462    644  1     gi|145     3845     3913 
   462   8993  1      gi|72    30478    30546 
   463    646  1     gi|145     4347     4616 
   464    649  1     gi|146     8797     8853 
   464   7302 -1     gi|604    24709    24767 
   465    650  1     gi|146     9422     9871 
   465   6178 -1     gi|531    17492    18000 
   465   7301 -1     gi|604    23821    23871 
   466    651  1     gi|146     9835     9911 
   466   7300 -1     gi|604    23219    23295 
   467    652  1     gi|146    32443    32611 
   467   7857 -1     gi|648    24723    25554 
   467    653  1     gi|146    32799    33201 
   467   2509  1     gi|276        3      738 
   468    655  1     gi|147    10248    10453 
   468   7605 -1     gi|627     5039     5413 
   468  10817 -1     gi|557    26024    26527 
   469    656  1     gi|147    10457    10512 
   469   8900 -1     gi|712    30754    30814 
   470    658  1     gi|147    12615    12746 
   470   1290 -1      gi|19    32828    32946 
   471    660  1     gi|147    17253    18346 
   471   4511 -1     gi|412     3622     5262 
   471   1270 -1      gi|19     3700     3897 
   471   1271 -1      gi|19     4206     4295 
   471   1280 -1      gi|19    22204    22436 
   471   1286 -1      gi|19    31309    31620 
   471   4518 -1     gi|412    18883    19042 
   471    670  1     gi|147    22059    23296 
   471  11320 -1      gi|19    12077    13719 
   471   1269 -1      gi|19     2182     3789 
   471  11322 -1      gi|19    20633    20960 
   471  11324 -1      gi|19    30270    31115 
   471  11325 -1     gi|412       10     1589 
   471  11330 -1      gi|19    37698    39157 
   471   4533  1     gi|412    39360    40145 
   471  11326  1     gi|147    10519    10772 
   471   1849  1     gi|230    17613    18497 
   471   1278 -1      gi|19    20958    21808 
   471    668  1     gi|147    20140    20285 
   471   1279 -1      gi|19    21817    22187 
   471   1285 -1      gi|19    31113    31387 
   472    661  1     gi|147    18470    18574 
   472   4263 -1     gi|398    11331    11433 
   472   7823  1     gi|645    16985    17064 
   473    662  1     gi|147    18844    19107 
   473   4262 -1     gi|398    11122    11324 
   474    664  1     gi|147    19315    19601 
   474   5146 -1     gi|458    31095    31266 
   474   7574  1     gi|624    35637    36088 
   474   7427  1     gi|613    18732    19092 
   474   7428  1     gi|613    20245    20330 
   474  11008  1      gi|68    35147    35598 
   474  11010 -1     gi|613    29365    29817 
   474  11011  1     gi|620    15788    16235 
   475    665  1     gi|147    19622    19714 
   475   4260 -1     gi|398     9813     9911 
   476    667  1     gi|147    19972    20035 
   476   4259 -1     gi|398     9755     9816 
   477    669  1     gi|147    21202    21984 
   477   8399 -1      gi|68    39239    40000 
   477   9778 -1     gi|775    27039    27815 
   478    671  1     gi|147    27261    27462 
   478   4682 -1     gi|422    34671    36022 
   478   1273 -1      gi|19     6391     7716 
   478   1276 -1      gi|19    15765    16526 
   478   4531  1     gi|412    38084    38495 
   478   1275 -1      gi|19    14850    15752 
   478   1282 -1      gi|19    24668    25942 
   478   1288 -1      gi|19    31919    32350 
   478   1855  1     gi|230    27175    27269 
   478   4532  1     gi|412    38658    39354 
   478   4510 -1     gi|412     3027     3110 
   478   1291 -1      gi|19    32978    33369 
   479    672  1     gi|148      100     1844 
   479   1157 -1     gi|178    14483    14607 
   479   3932  1     gi|372     7389     9139 
   479   3936 -1     gi|372    28848    28903 
   480    673  1     gi|148     2099     3832 
   480   3933  1     gi|372     9393    11120 
   481    674  1     gi|148     4995     5417 
   481   4324  1      gi|40    29014    29439 
   482    675  1     gi|148     5800     6080 
   482   3986 -1     gi|379    29691    29906 
   482   7843 -1     gi|647    38134    38432 
   483    676  1     gi|148     6198     6248 
   483   1522 -1     gi|205    38661    38712 
   484    677  1     gi|148     6252     6644 
   484   1520 -1     gi|205    37565    37956 
   485    679  1     gi|148     7399     7907 
   485    768 -1     gi|153    39570    40083 
   486    681  1     gi|149      463      694 
   486  11354 -1      gi|66     8550     9027 
   486   2054 -1     gi|244    18716    19193 
   486   6018 -1     gi|519     5911     5996 
   486  11352 -1     gi|412    19353    19831 
   486    682  1     gi|149     1549     1683 
   487    683  1     gi|149     3118     3217 
   487   1592 -1     gi|211    20139    20261 
   487   2457  1     gi|270    34172    34268 
   488    684  1     gi|149     3732     4257 
   488   6603 -1     gi|561    33888    34452 
   488   9153 -1     gi|731    39783    39952 
   489    685  1     gi|149     4480     4674 
   489   8760 -1     gi|703     4529     4720 
   489   9152 -1     gi|731    39146    39274 
   489   6602 -1     gi|561    33626    33837 
   489   6441  1     gi|552    23667    23848 
   490    686  1     gi|149     5141     6167 
   490   6442  1     gi|552    24388    25141 
   490   8759 -1     gi|703     3026     4044 
   490   2841 -1     gi|299    17276    17659 
   491    688  1     gi|149     7438     9124 
   491   7148 -1     gi|592    39483    40146 
   492    692  1     gi|149    21201    21420 
   492   9447 -1      gi|75    16330    16547 
   492   9448  1      gi|75    16844    17076 
   493    693  1     gi|149    30138    30327 
   493  11359 -1     gi|448    18526    18835 
   493  11365  1     gi|468    11726    12175 
   493  11364 -1     gi|391    34966    35240 
   493  11367  1     gi|738    17015    17464 
   494    694  1     gi|149    30725    30851 
   494  11356 -1     gi|448    17516    18068 
   494   9231  1     gi|738    20195    20747 
   494  11360 -1     gi|391    33989    34510 
   495    696  1     gi|149    31479    31880 
   495   9898  1     gi|784    22177    22540 
   495   1446 -1     gi|201    17543    17588 
   495  11370  1     gi|154     1755     1869 
   496    698  1     gi|149    39146    39344 
   496   8633  1     gi|695    40140    40338 
   497    699  1     gi|149    39345    39468 
   497   3797  1     gi|362        1      124 
   498    700  1      gi|15        5      379 
   498   7865  1     gi|648    37602    37969 
   499    701  1      gi|15      567      679 
   499   7866  1     gi|648    37965    38084 
   500    702  1      gi|15      698      771 
   500  11182  1     gi|285    33522    36632 
   500   6175  1     gi|530    27989    29579 
   500   8696  1       gi|7    11057    12596 
   500  11185 -1     gi|305    28973    32083 
   500  11187  1     gi|530    29924    30295 
   500   6302  1     gi|541        1     1241 
   501    703  1      gi|15    12300    12697 
   501   2215 -1     gi|256    12517    13001 
   501    704 -1      gi|15    17951    18444 
   501   2216 -1     gi|256    13688    13850 
   501  10223  1      gi|98    11216    11471 
   502    705  1      gi|15    24856    25195 
   502   4810  1     gi|431     1494     1827 
   503    706  1      gi|15    25107    26866 
   503   8671 -1     gi|698    14670    14842 
   503   9332 -1     gi|744    22145    23987 
   503   9561 -1     gi|759    37149    39008 
   504    707  1      gi|15    27839    28172 
   504   9849 -1     gi|781    20264    20894 
   504   4528  1     gi|412    28711    29341 
   504   8960 -1     gi|717    33577    33909 
   504   9817 -1     gi|779    34438    34866 
   504   8116 -1     gi|661    29597    30115 
   504  10370  1     gi|102    25890    26125 
   505    708  1      gi|15    28766    29034 
   505   8959 -1     gi|717    32693    33027 
   505   9848 -1     gi|781    18929    19263 
   505   4529  1     gi|412    30342    30653 
   505   8115 -1     gi|661    28282    28546 
   506    709  1      gi|15    29831    29912 
   506   7678  1     gi|630    29757    29950 
   506   1473  1     gi|202    30773    30894 
   506  11383 -1     gi|697    20236    20440 
   506  11384  1     gi|737    36996    37211 
   506   7781  1     gi|641    16836    17021 
   506  11385 -1     gi|431    31452    31626 
   507    711  1      gi|15    35784    35919 
   507   3995 -1     gi|379    34851    34993 
   508    712  1      gi|15    35857    36367 
   508   7183  1     gi|596    38603    40125 
   508   9396 -1     gi|748    19674    21781 
   508   6398  1     gi|548    25546    27503 
   508   8755 -1     gi|702    15169    15290 
   509    713  1      gi|15    36960    37316 
   509   4611  1     gi|418    15844    16211 
   510    714  1      gi|15    38823    39634 
   510   4614  1     gi|418    17727    18528 
   511    717  1     gi|151    10510    10578 
   511   1318  1     gi|191    34335    34409 
   512    718  1     gi|151    10698    11546 
   512   6972 -1     gi|582    17098    17967 
   512   6974 -1     gi|582    19731    20585 
   513    719  1     gi|151    13309    14785 
   513   8855 -1      gi|71    10848    12316 
   514    720  1     gi|151    14942    15600 
   514   8854 -1      gi|71     9982    10641 
   515    721  1     gi|151    15736    15865 
   515   8853 -1      gi|71     9774     9899 
   516    722  1     gi|151    15916    16239 
   516   8852 -1      gi|71     9431     9773 
   517    723  1     gi|151    19282    19588 
   517   2099 -1     gi|249    12288    12592 
   518    725  1     gi|151    24718    25278 
   518   8412  1     gi|681     7079     7321 
   518   8419  1     gi|681    16011    16527 
   519    727  1     gi|151    33905    33972 
   519   3575  1     gi|347    34143    34383 
   519   2771 -1     gi|292    16765    17124 
   519   1687  1     gi|221     7459     7765 
   520    728  1     gi|151    34079    35956 
   520   9490 -1     gi|753       10     1393 
   520   9066  1     gi|724    14096    14508 
   520   3755 -1      gi|36    13516    13715 
   520   4595 -1     gi|417    23520    23765 
   520   4596 -1     gi|417    25721    25968 
   520   9765 -1     gi|774    33990    34359 
   520   9065  1     gi|724    11654    13011 
   520   9058 -1     gi|724     2171     2355 
   520   9061 -1     gi|724     5780     7507 
   520   9074  1     gi|724    25314    27113 
   520  10631 -1     gi|151    22739    24554 
   520   3752 -1      gi|36    10041    10314 
   520   3754 -1      gi|36    13319    13568 
   520   8093  1     gi|660    30787    31302 
   520   3450 -1      gi|34    27449    27677 
   520   3452 -1      gi|34    28163    28317 
   520   9796 -1     gi|779    16598    18136 
   520   3453 -1      gi|34    28833    28936 
   520   9057 -1     gi|724      966     2172 
   520   1415  1       gi|2    11863    11937 
   521    729  1     gi|151    36647    39642 
   521   6979 -1     gi|583    10346    10909 
   521   7656  1      gi|63    11997    14938 
   521  10148 -1      gi|92    37967    38212 
   521  10147 -1      gi|92    35428    37958 
   522    730  1     gi|152      190     3070 
   522   1480  1     gi|203     6459     8341 
   522   2047  1     gi|243    36473    39319 
   522   4396 -1     gi|404    39535    40100 
   522   3712 -1     gi|357       56     1012 
   523    731  1     gi|152     3903     5072 
   523   2816  1     gi|297     2599     3820 
   523   4925 -1      gi|44    23081    23259 
   524    732  1     gi|152     8349    10219 
   524   1922 -1     gi|233    24283    26151 
   524   7847  1     gi|648        1      627 
   524   9583 -1     gi|761     6084     6200 
   524   3975  1     gi|379     9529     9799 
   524  11260 -1     gi|380    11741    12317 
   524  12343  1     gi|379     8894     9452 
   525    733  1     gi|152    14225    14537 
   525  10104  1       gi|9    32215    32536 
   526    734  1     gi|152    14772    14839 
   526   6933 -1     gi|580     9162     9223 
   527    735  1     gi|152    14907    14998 
   527  10108  1       gi|9    39794    39927 
   528    738  1     gi|152    15688    15812 
   528   8565  1     gi|690     8195     8375 
   528    786  1     gi|155    13692    13816 
   528   2266 -1      gi|26    15112    15227 
   528   3249 -1     gi|322    21677    21792 
   529    742  1     gi|152    16852    17324 
   529   9797  1     gi|779    18132    18271 
   529   9798 -1     gi|779    18455    18904 
   529  11396 -1     gi|386    16502    16873 
   529   5036 -1     gi|447    15501    15790 
   529  11398 -1     gi|319    20426    20800 
   530    745  1     gi|152    18829    19069 
   530   4419 -1     gi|407     1947     2175 
   530  10056 -1      gi|86    39729    39848 
   531    747  1     gi|152    20028    20288 
   531   2696 -1     gi|286    23395    23714 
   531   6831 -1     gi|574    25157    25456 
   531   6332  1     gi|542    10482    10567 
   532    748  1     gi|152    20402    20475 
   532    882  1     gi|160    36315    36388 
   533    749  1     gi|152    20804    21106 
   533   6786 -1     gi|573     4549     5542 
   533   8592  1     gi|692    18789    19668 
   533   3423 -1     gi|337    38929    39846 
   533   1806  1     gi|229      198     1193 
   533   3482 -1     gi|341    39600    40142 
   533   8589  1     gi|692    14128    14243 
   533   8590  1     gi|692    14802    15570 
   534    753  1     gi|152    32764    33412 
   534   7759  1     gi|639    20879    21554 
   535    754  1     gi|152    33807    34530 
   535   7760  1     gi|639    22049    22773 
   536    755  1     gi|152    35278    35609 
   536   3207  1     gi|321     8196     8513 
   537    756  1     gi|152    37286    37613 
   537   4535  1     gi|413     2453     2736 
   538    761  1     gi|153    18747    19713 
   538   3946 -1     gi|373     2713     4061 
   539    762  1     gi|153    19852    20020 
   539   8029 -1     gi|657    12059    12961 
   539   3550  1     gi|347     2532     3541 
   539   7598 -1     gi|626    12757    13018 
   540    763  1     gi|153    24682    28122 
   540   5325 -1     gi|472    38275    39577 
   540   6069 -1     gi|522    24284    24432 
   540   7077 -1      gi|59      324     3764 
   540   6068 -1     gi|522    24069    24100 
   541    764  1     gi|153    29419    29499 
   541   8000  1     gi|656     9904     9972 
   542    765  1     gi|153    31301    31431 
   542   1574  1     gi|211     1444     1569 
   543    766  1     gi|153    32209    32313 
   543   4247  1     gi|396    34170    34277 
   544    767  1     gi|153    34315    35116 
   544   2649 -1     gi|283    38238    39058 
   544   2721  1     gi|289     1533     1627 
   545    771  1     gi|154     2169     2310 
   545   2817 -1     gi|297     7394     7540 
   546    772  1     gi|154    11450    11538 
   546   1042  1     gi|170    28389    28477 
   547    773  1     gi|154    11833    12360 
   547   1043  1     gi|170    28830    29348 
   548    774  1     gi|154    17301    17522 
   548   9858 -1     gi|782    17591    20370 
   548    775  1     gi|154    17813    20077 
   548    776  1     gi|154    20362    22784 
   548    777  1     gi|154    23720    26408 
   549    778  1     gi|154    28449    30586 
   549   2651  1     gi|284        3      409 
   549   2667 -1     gi|284    25163    27346 
   549    779  1     gi|154    32677    34883 
   550    780  1     gi|155       35       68 
   550   2088 -1     gi|248    29842    29875 
   550   2089  1     gi|248    30497    30530 
   551    781  1     gi|155       62      187 
   551   2087 -1     gi|248    29629    29751 
   551   2090  1     gi|248    30617    30743 
   552    783  1     gi|155     2354     2717 
   552   7177 -1     gi|596    18229    18645 
   552   2686 -1     gi|286       49      270 
   552    788 -1     gi|155    17640    17715 
   553    784  1     gi|155     2882     3139 
   553   7175 -1     gi|596    17696    17949 
   554    785  1     gi|155    10552    10611 
   554   1326  1     gi|192    27868    27929 
   555    787  1     gi|155    17346    17470 
   555   7176  1     gi|596    18054    18374 
   555   2717  1     gi|287    39807    40129 
   556    789  1     gi|155    22295    22624 
   556   4101  1     gi|386     9388    10374 
   556   1929 -1     gi|234     7199     7470 
   556   7065 -1     gi|588    38306    38751 
   556   8031  1     gi|657    14583    14793 
   557    790  1     gi|155    23286    23508 
   557   9439  1      gi|75     4763     5045 
   557   4102  1     gi|386    10442    10730 
   558    791  1     gi|155    25106    25330 
   558   2441  1     gi|270       52      262 
   558  11410 -1      gi|50     6600     6825 
   558   6733  1      gi|57    34876    35113 
   558  11411 -1      gi|67    12957    13059 
   559    792  1     gi|155    28020    28837 
   559   4100  1     gi|386     7761     8547 
   559   9195 -1     gi|735    36034    36384 
   560    795  1     gi|155    37069    38647 
   560   8654 -1     gi|697    29346    31119 
   560   2518  1     gi|276    20233    21937 
   560   4781 -1      gi|43     9386    11121 
   560   4783 -1      gi|43    13247    13799 
   560   9146  1     gi|731    31759    31933 
   560   5168  1      gi|46    39477    39538 
   561    796  1     gi|156    16055    16369 
   562    797  1     gi|156    18696    19141 
   563    798  1     gi|156    20736    21136 
   563  11460  1     gi|626     2242     3945 
   563  11459 -1     gi|319    17643    19338 
   563   1913 -1     gi|233     3674     5149 
   563   1917 -1     gi|233    11855    13358 
   563   1928 -1     gi|234     5105     6078 
   563  11462  1     gi|156    22138    22171 
   564    802  1     gi|157      132      485 
   564   2857 -1       gi|3    27312    27450 
   564   8693 -1     gi|699    38296    38667 
   565    803  1     gi|157      456     1077 
   566    805  1     gi|157     2017     2093 
   566   7163 -1     gi|595    39209    39286 
   567    809  1     gi|157     8429     8816 
   567   3565  1     gi|347    27861    28254 
   568    810  1     gi|157     9365     9582 
   568   6267 -1     gi|538    39729    39946 
   569    811  1     gi|157     9843     9996 
   569   4068  1     gi|384    16800    19325 
   569   7690 -1     gi|631    20534    20754 
   570    812  1     gi|157     9997    10113 
   570   4062  1     gi|384    11188    13248 
   570   1073 -1     gi|172    27123    28133 
   570    813  1     gi|157    10056    10515 
   570   7688 -1     gi|631    17274    19422 
   570   8168  1     gi|665     6858     7199 
   570   4061  1     gi|384    10417    11101 
   570   4067  1     gi|384    16467    16567 
   571    816  1     gi|157    12967    13096 
   571   2407  1     gi|267    37087    37215 
   571   3157  1     gi|317    32954    33112 
   571   3717  1     gi|357    11243    11368 
   571   3773  1     gi|361      164      282 
   571   8757 -1     gi|702    31088    31208 
   571  11137  1     gi|134    29407    29526 
   571  11138  1     gi|519    29164    29301 
   571  11139  1     gi|713    27380    27505 
   571   7663 -1     gi|630     1317     1388 
   572    817  1     gi|157    16121    18224 
   572   1234 -1     gi|186     4807     6974 
   572   4090  1     gi|385    12495    12622 
   573    820  1     gi|157    21495    23635 
   573  11003 -1     gi|123    14024    16156 
   574    821  1     gi|157    24712    25366 
   575    822  1     gi|157    28290    28709 
   575   8095  1     gi|660    37230    37685 
   575   8096  1     gi|660    38046    38402 
   576    823  1     gi|157    29353    33538 
   576   9543  1     gi|757     6796    10956 
   576   9551 -1     gi|757    39722    39875 
   576  11466  1     gi|757    13330    17263 
   576  11465  1     gi|757    13055    13330 
   576   6855 -1     gi|576     4950     5274 
   576   6856 -1     gi|576     5296     5489 
   576    825  1     gi|157    35698    39584 
   576   5771 -1      gi|50      743     1587 
   576   5772 -1      gi|50     1739     2204 
   576   5778 -1      gi|50     4857     4992 
   577    824  1     gi|157    34207    34408 
   577   2802 -1     gi|294     9214     9414 
   577   3954  1     gi|373    27238    27436 
   577  11467  1     gi|284     3375     3570 
   577  11469  1     gi|765    35794    35989 
   578    826  1     gi|158        1      868 
   578   5312  1     gi|471    19140    20091 
   578   8192 -1     gi|665    30893    31843 
   578   9897  1     gi|784    20999    21949 
   578  10742 -1     gi|350     3834     4786 
   578   4919  1      gi|44    10155    10991 
   578   8522  1     gi|689     9331    10185 
   578  11766  1     gi|499    39764    40062 
   578  10297  1     gi|598     5739     6010 
   578   6650 -1     gi|565    39907    40020 
   578   8940 -1     gi|715    24872    25213 
   578  10049 -1      gi|86    15014    15302 
   578  12426  1      gi|44    11635    11700 
   578   8521  1     gi|689     9034     9108 
   578  12429 -1     gi|440    18381    18718 
   578   4944 -1     gi|440    19197    19393 
   578   6541  1     gi|558    11308    11629 
   578  11236  1     gi|139    15005    15274 
   578   8977 -1     gi|718    25189    25469 
   578   6162 -1     gi|530     9571     9924 
   578   9699  1     gi|768    18217    18307 
   578  12424  1     gi|435    34521    34752 
   578   8797 -1     gi|706    20323    20472 
   578  11764  1     gi|196    40290    40378 
   578   3018  1      gi|31     2022     2208 
   578   7524  1     gi|621    30840    31042 
   578   8581  1     gi|692     5635     5866 
   578  11239  1     gi|516     4440     4489 
   578  11238  1     gi|516     4238     4437 
   578  11241  1     gi|749    29138    29317 
   578   8566  1     gi|690     8649     8711 
   578   1852 -1     gi|230    23489    23592 
   579    827  1     gi|158     1203     1280 
   579  10020  1      gi|84    23938    24110 
   579   8579 -1     gi|691    35040    35355 
   579   1471  1     gi|202    29600    29703 
   579   1058 -1     gi|172     8084     8217 
   579   4786  1      gi|43    23877    24103 
   579   6991  1     gi|583    35773    36091 
   579  11471 -1     gi|225    39381    39538 
   579  11473 -1     gi|572    15969    16073 
   580    829  1     gi|158     3428     3491 
   580   3665 -1     gi|350    16810    16876 
   581    830  1     gi|158     3500     3603 
   581  11477  1     gi|277    33912    34416 
   581   2354 -1     gi|264    31230    32166 
   581   4729  1     gi|425    11695    12097 
   581  11479  1     gi|326     9253     9757 
   581    831  1     gi|158     3914     4157 
   582    833  1     gi|158     6483     6667 
   582   1367  1     gi|196    30773    30940 
   583    834  1     gi|158     7665    10434 
   583   8843 -1     gi|709     9202    12165 
   583    835 -1     gi|158    17233    20202 
   584    837  1     gi|158    21699    21739 
   584   9552 -1     gi|758        1       41 
   585    840  1     gi|158    32668    33051 
   585   2760 -1     gi|291    28725    29108 
   585   3466  1     gi|340    20599    20982 
   586    841  1     gi|158    34367    35362 
   586   3467  1     gi|340    22291    23291 
   586   2759 -1     gi|291    26414    27409 
   586   3625 -1     gi|349    33388    33678 
   586   9701 -1     gi|768    21783    21948 
   586  10532  1      gi|75    37750    38179 
   586   9639  1     gi|765    21453    21604 
   587    843  1     gi|159     9485     9659 
   587   9369  1     gi|746    34111    34297 
   588    844  1     gi|159    19613    20383 
   588   8532 -1     gi|689    33589    34335 
   589    845  1     gi|159    34134    34195 
   590    846  1     gi|159    34229    34731 
   590  10243  1      gi|99    18885    19031 
   590  11510 -1     gi|309    28019    28516 
   590    847 -1     gi|159    35443    35984 
   590  11511 -1     gi|309    28518    28603 
   591    848  1      gi|16        7     2925 
   591   6830 -1     gi|574    21818    24672 
   591   8973  1     gi|718    15170    17359 
   591    849  1      gi|16     1856     4079 
   591   6829 -1     gi|574    20659    21532 
   592    850  1      gi|16     4515     5236 
   592   6828 -1     gi|574    19502    20223 
   593    851  1      gi|16     5235     6105 
   593   6827 -1     gi|574    17932    18806 
   594    852  1      gi|16     8759     8811 
   594   6826 -1     gi|574    15746    15798 
   595    853  1      gi|16     9094     9130 
   595   6825 -1     gi|574    15248    15451 
   595   2603  1     gi|281     5045     5248 
   595   9379 -1     gi|747     7663     7765 
   596    854  1      gi|16    14934    15965 
   597    855  1      gi|16    19134    19216 
   597   6362  1     gi|544    23785    23896 
   597   9882 -1     gi|784     5833     5915 
   598    856  1      gi|16    19461    20778 
   598   6363  1     gi|544    24118    25447 
   599    857  1      gi|16    22178    22331 
   599   2315  1     gi|261    21579    22019 
   599   2912  1     gi|301    29496    29569 
   599   2325  1     gi|262      447      750 
   599   2948  1     gi|304     3195     3422 
   600    858  1      gi|16    22300    22842 
   600   2316  1     gi|261    22284    23046 
   600   2326  1     gi|262      734     1223 
   601    859  1      gi|16    22842    23007 
   601   9223 -1     gi|738     9924    10113 
   602    862  1      gi|16    32922    33544 
   602   1202  1     gi|181    14579    15455 
   602   5402  1     gi|477     8264     8962 
   603    863  1      gi|16    35891    35998 
   603   1204  1     gi|181    16931    17038 
   604    864  1      gi|16    36435    36874 
   604   3670 -1     gi|351     3531     3703 
   604   4453  1     gi|409    33714    34120 
   605    866  1     gi|160      864     1421 
   605   6165  1     gi|530    11347    11502 
   605  10563  1     gi|114    14508    15539 
   605   2622 -1     gi|282    27442    32247 
   605   5521 -1     gi|482    27115    31928 
   605   7373 -1      gi|61    12053    16862 
   605   8143 -1     gi|664     3472     8252 
   605  10185 -1      gi|94    28711    30904 
   605  10562  1     gi|108    16137    17194 
   605  10568  1     gi|432     3898     7069 
   605  10571 -1     gi|491    33484    34009 
   605   4818  1     gi|432     6979     8054 
   605   1948 -1     gi|236     4893     7199 
   605   8934  1     gi|715     8152     9626 
   605   7824 -1     gi|645    17142    18542 
   605   9088  1     gi|726     1123     3148 
   605   9089  1     gi|726     3801     5221 
   605   9090  1     gi|726     5767     7134 
   605   9321  1     gi|743    32971    33383 
   605   9322  1     gi|743    33384    33764 
   605   8477 -1     gi|686    21737    22449 
   605  10567 -1     gi|204    28559    30395 
   605    953  1     gi|164    39313    40123 
   605   1215 -1     gi|182    18835    18929 
   605   1947 -1     gi|236     4343     4587 
   605   3029 -1      gi|31    22401    23274 
   606    867  1     gi|160     3051     3249 
   606   4200  1     gi|391    25712    25912 
   607    869  1     gi|160     9177     9468 
   607   3434 -1      gi|34      464      740 
   608    871  1     gi|160    16922    17597 
   608   7800 -1     gi|643    21506    36967 
   608   5252  1     gi|467        1       29 
   608   6055  1     gi|522     8118     8332 
   608   7430 -1     gi|613    21716    25796 
   608   7433  1     gi|613    31817    35897 
   608   7828  1     gi|645    25289    40147 
   608   9947 -1      gi|80      898     1337 
   608    875  1     gi|160    21052    21906 
   608   3499  1     gi|343    24242    24480 
   608   4257  1     gi|398     3288     3636 
   608   8915 -1     gi|714      158     9512 
   608   8916 -1     gi|714     9083    10490 
   609    872  1     gi|160    19125    19267 
   609   7382  1      gi|61    27469    27810 
   609   4237 -1     gi|394    22559    22631 
   609   4238 -1     gi|394    23250    23381 
   610    874  1     gi|160    20210    20439 
   610   4767  1     gi|429    16370    16593 
   611    878  1     gi|160    30994    31182 
   611   4126 -1     gi|388     2504     2688 
   611   6437  1     gi|550    31007    31075 
   612    879  1     gi|160    32235    32565 
   612   5088 -1     gi|451    37054    37390 
   613    880  1     gi|160    32564    32667 
   613   5087 -1     gi|451    36762    36865 
   614    881  1     gi|160    32964    33564 
   614   3901  1     gi|369    27725    28328 
   615    883  1     gi|160    36919    37240 
   615   6618 -1     gi|562    17776    18123 
   615   9226 -1     gi|738    15776    16122 
   615   9243 -1     gi|738    36969    37315 
   615   9266  1      gi|74    20956    21224 
   615   9866  1     gi|783    10128    10294 
   615   1436  1     gi|201      118      243 
   616    884  1     gi|160    37985    38202 
   617    885  1     gi|161     1082     2069 
   617   8398  1      gi|68    35591    38522 
   617    889  1     gi|161     3449     7457 
   617   2101  1     gi|249    15700    15839 
   617   2105  1     gi|249    24878    24967 
   617   8388  1      gi|68    24301    25525 
   617   2106  1     gi|249    26351    26437 
   617   4447 -1     gi|409     6477     6564 
   618    886  1     gi|161     2085     2228 
   618   8389  1      gi|68    25496    25649 
   619    887  1     gi|161     2236     3276 
   619   8391  1      gi|68    26546    27508 
   619   8390  1      gi|68    25647    26308 
   620    888  1     gi|161     3348     3491 
   620   8394  1      gi|68    29184    29324 
   621    890  1     gi|161     7595     8711 
   622    891  1     gi|161     8704     8810 
   622   8392  1      gi|68    27805    27903 
   623    892  1     gi|161     8818     8952 
   623   8393  1      gi|68    28237    28371 
   624    893  1     gi|161    27911    28023 
   624   5142  1     gi|457    31641    31755 
   625    894  1     gi|161    27998    28253 
   625   8274 -1     gi|671    10415    10643 
   626    896  1     gi|162     4516     5904 
   626   3097 -1     gi|314    25375    27029 
   626   5042  1     gi|447    29004    30660 
   626   4418  1     gi|407      611     1024 
   626   1258  1     gi|188    25286    25431 
   626   3655  1     gi|350     5096     5196 
   627    899  1     gi|162    10004    10250 
   627   7294  1     gi|604     6907     7165 
   627   8048  1     gi|658     9282     9474 
   627  11533  1     gi|267    26472    26730 
   627  11534 -1     gi|284    24811    25065 
   627   8732  1     gi|700    13530    13650 
   627   9889  1     gi|784    15461    15570 
   628    900  1     gi|162    10837    10983 
   628  10687 -1     gi|475    19668    22155 
   628  10685 -1     gi|216    35383    37909 
   629    901  1     gi|162    11500    11657 
   630    902  1     gi|162    12459    12691 
   630   8184 -1     gi|665    26027    28061 
   630   1454 -1     gi|202        2     1888 
   630   8178 -1     gi|665    20051    22335 
   630    914  1     gi|162    24512    24877 
   630    915  1     gi|162    26697    26809 
   630   8189 -1     gi|665    29733    30417 
   630   8190 -1     gi|665    30412    30618 
   630   8191 -1     gi|665    30648    30732 
   630   8193 -1     gi|665    31848    32056 
   630   9343  1     gi|745    23459    23525 
   630  10003 -1      gi|82    39663    40129 
   631    904  1     gi|162    15264    15633 
   631   5201  1     gi|462     9176     9543 
   631   5202 -1     gi|462     9696    10066 
   632    905  1     gi|162    16131    16308 
   632   9260  1      gi|74     8447     8627 
   633    906  1     gi|162    16874    16963 
   633   8171 -1     gi|665    11335    12157 
   633   3245 -1     gi|322    18317    19751 
   633    912  1     gi|162    21619    21964 
   633   7983 -1     gi|655    29311    29544 
   633  10683 -1     gi|655    30211    31642 
   633    908  1     gi|162    18277    18534 
   633   7654  1      gi|63     7261     8164 
   634    907  1     gi|162    17571    17808 
   634   5311  1     gi|471    16170    18420 
   634   4060  1     gi|384     8139    10016 
   634   8254 -1      gi|67     5070     6725 
   634   8268  1      gi|67    23969    25966 
   634   8255 -1      gi|67     6720     7276 
   634   8265  1      gi|67    20654    20918 
   635    911  1     gi|162    19855    19954 
   635   8045 -1     gi|658     7478     7577 
   636    913  1     gi|162    23997    24145 
   637    916  1     gi|162    27478    27757 
   637   7943  1     gi|652    12479    13962 
   637   2920  1     gi|302      439      631 
   637   7655  1      gi|63     8777     9213 
   638    918  1     gi|162    38170    40021 
   638   5613 -1     gi|489     2970     5032 
   638   5617 -1     gi|489    11340    11426 
   639    920  1     gi|163     7770     7948 
   639   6842  1     gi|575    12492    12896 
   639  11548 -1     gi|485     1019     1206 
   639  11549  1     gi|489     2147     2518 
   639  10710  1     gi|610    23034    23168 
   640    921  1     gi|163    12791    12990 
   640  11550  1     gi|419    20920    21121 
   640  11551 -1     gi|599    23226    23412 
   640  11552  1     gi|713    27545    27736 
   640   4230  1     gi|394    11069    11113 
   640  10194 -1      gi|95    32140    32246 
   641    922  1     gi|163    13509    15321 
   641   2476 -1     gi|273    24141    26098 
   641   7408 -1     gi|611    20239    20468 
   641    926  1     gi|163    19735    20012 
   641    930  1     gi|163    22066    24014 
   641   6037  1      gi|52     3962     4236 
   641  11553  1      gi|52     3017     3795 
   641   4347 -1     gi|401    33050    33173 
   642    923  1     gi|163    16332    18243 
   642   2420  1     gi|268    33318    35200 
   642   2422  1     gi|268    35835    37804 
   642    931  1     gi|163    24423    25654 
   643    924  1     gi|163    19208    19420 
   643   3674 -1     gi|351    20960    21217 
   643   7653  1      gi|63     3551     3812 
   643   7652 -1      gi|63     3325     3441 
   643   8051 -1     gi|658    27904    28112 
   644    925  1     gi|163    19499    19740 
   644   8430 -1     gi|681    32320    32434 
   645    927  1     gi|163    20013    21123 
   645   2478 -1     gi|273    26271    27355 
   646    928  1     gi|163    21108    21346 
   646   3059  1     gi|312     1863     2121 
   646   8015 -1     gi|656    30137    30396 
   647    929  1     gi|163    21933    22067 
   647   2477 -1     gi|273    26157    26289 
   648    932  1     gi|163    33306    33400 
   648   7306  1     gi|605     2907     2995 
   648   7015  1     gi|586     3857     3911 
   649    933  1     gi|163    38539    38601 
   649   7864 -1     gi|648    36370    36446 
   650    934  1     gi|164     7043     7329 
   650  10296  1     gi|598     5701     5738 
   650   5770  1       gi|5    39443    39659 
   650   2935 -1     gi|302    34022    34228 
   650   5768  1       gi|5    37236    37307 
   650   5863 -1     gi|507    38719    38805 
   651    935  1     gi|164     7653    10474 
   651  10295  1     gi|598     8698     9173 
   651  10294  1     gi|598     6012     8698 
   651   6540  1     gi|558     8472    11050 
   651   1851 -1     gi|230    23197    23493 
   651   7525  1     gi|621    31332    31872 
   651   9420  1     gi|749    29728    30081 
   651   9426  1     gi|749    35334    35944 
   651  11237  1     gi|139    15278    15718 
   651   3019  1      gi|31     2491     2796 
   651   5989  1     gi|516     4528     4894 
   651   8381 -1     gi|679    28477    28793 
   651  11243  1     gi|749    29679    29721 
   651  11242  1     gi|749    29621    29677 
   651   8582  1     gi|692     6158     6264 
   652    938  1     gi|164    19702    19835 
   652   1715 -1     gi|224    25935    27220 
   652  11071 -1     gi|292    13935    15359 
   652   1722 -1     gi|224    35298    36834 
   652  11555 -1     gi|224    34272    34379 
   652  11554 -1     gi|224    33044    34269 
   652  11059 -1     gi|292    13903    13934 
   652  11072 -1     gi|292    15359    15501 
   652   2937  1     gi|302    34848    35462 
   652   2211  1     gi|256     6406     6603 
   652   4849 -1     gi|434     1703     2955 
   652   2212  1     gi|256     6537     6700 
   652   2169  1     gi|253    36650    36756 
   652   2939  1     gi|302    35693    36076 
   653    939  1     gi|164    19949    20730 
   653   8846 -1     gi|709    19859    20563 
   654    940  1     gi|164    23480    23581 
   654   6179  1     gi|531    21530    21624 
   655    941  1     gi|164    27723    27828 
   655   7805 -1     gi|644    12950    13055 
   656    944  1     gi|164    30778    30826 
   656   7293 -1     gi|604     4545     4594 
   657    945  1     gi|164    30823    30952 
   657   7292 -1     gi|604     4317     4434 
   658    946  1     gi|164    30957    31213 
   658   8906  1     gi|712    34976    35093 
   658   9000 -1     gi|720     6601     6738 
   658  10553  1     gi|332    27225    29307 
   658   2960  1     gi|304    15433    15474 
   658   1488 -1     gi|203    24218    24440 
   658   2756 -1     gi|291    19673    19927 
   658  10554 -1     gi|749    12101    14184 
   658   3902 -1     gi|369    28690    28763 
   658   4699 -1     gi|423    35225    35475 
   659    948  1     gi|164    32048    32367 
   659   7291 -1     gi|604     3991     4318 
   660    949  1     gi|164    32408    32505 
   660   7289 -1     gi|604     1976     2073 
   661    950  1     gi|164    32604    35009 
   661   7290 -1     gi|604     2256     4121 
   661   8360  1     gi|677    28285    30680 
   661   8366  1     gi|677    34328    34613 
   661   2300 -1     gi|261     2339     2659 
   661   2301 -1     gi|261     3699     3849 
   661   2522  1     gi|276    34088    34239 
   662    952  1     gi|164    35543    36808 
   663    954  1     gi|165     1329     1633 
   664    955  1     gi|165     1630     2124 
   664   3638  1      gi|35     2671     3179 
   664    956  1     gi|165     2111     2334 
   665    957  1     gi|165     2419     2519 
   665   8567 -1     gi|690     9010     9083 
   666    958  1     gi|165     2655     2811 
   666   3431 -1     gi|339    26924    27181 
   666   8841 -1     gi|709     6792     7017 
   667    959  1     gi|165     3473     3547 
   667   3639  1      gi|35     3175     3249 
   668    960  1     gi|165     4101     4461 
   668  11558  1      gi|35     3248     3609 
   668  11561 -1     gi|209    18424    18620 
   669    962  1     gi|165    25033    25712 
   669   1652 -1     gi|217    12671    13256 
   669   5259 -1     gi|468    17499    17767 
   669   5980  1     gi|515    23355    23941 
   669   5260 -1     gi|468    19461    19870 
   670    963  1     gi|165    33515    33727 
   670   1949  1     gi|236     7926     8138 
   670    964  1     gi|165    34064    34116 
   671    965  1     gi|165    34126    34910 
   671   1950  1     gi|236     8537     8925 
   671   3702  1     gi|354    38801    39727 
   671   3314 -1     gi|328    28556    29474 
   671    966 -1     gi|165    34559    35416 
   671   3313  1     gi|328    27790    28075 
   671   4365 -1     gi|403      208      516 
   672    967  1     gi|165    35073    35800 
   672   4286  1       gi|4     7408     8136 
   672   4366  1     gi|403    14375    14513 
   673    968  1     gi|165    36949    37227 
   673   1651 -1     gi|217    11476    11754 
   673   5258 -1     gi|468    16300    16578 
   673   5981  1     gi|515    24858    25136 
   674    969  1     gi|165    39520    39850 
   674   1557 -1     gi|209    18100    18426 
   674  11559  1      gi|35     3609     3740 
   674   3642  1      gi|35     4709     4893 
   675    970  1     gi|166      272      780 
   675   1181 -1     gi|180    17160    18119 
   675   4385 -1     gi|404    10853    12248 
   675   1192 -1     gi|180    29482    30928 
   675   3852  1     gi|364    22852    24354 
   675   5242  1     gi|466     2791     2946 
   676    971  1     gi|166      785     1356 
   676   1177 -1     gi|180      971     1552 
   677    972  1     gi|166     1922     2457 
   677   1176 -1     gi|180      215      757 
   677   1185  1     gi|180    20404    20491 
   677   4299  1       gi|4    38378    38573 
   677   1711 -1     gi|223    20055    20090 
   678    973  1     gi|166     2451     2507 
   678   7767  1      gi|64    24185    24239 
   679    974  1     gi|166    26439    27635 
   679   1078  1     gi|172    34583    34758 
   679   1082  1     gi|172    39307    39997 
   679  11564 -1     gi|172    15357    15718 
   679  11563 -1     gi|172    14881    15356 
   680    975  1     gi|166    27352    28230 
   680   2298 -1     gi|260    39505    40376 
   680   1067  1     gi|172    18884    18959 
   680  11562 -1     gi|172    14561    14881 
   680  11565  1     gi|172    22562    22729 
   681    976  1     gi|166    30607    30650 
   681   2297 -1     gi|260    37083    37128 
   681   7682 -1     gi|630    38634    38679 
   682    978  1     gi|166    32584    32625 
   682   2296 -1     gi|260    36725    36766 
   683    979  1     gi|166    33961    34460 
   683   1077  1     gi|172    33917    34306 
   683   2295 -1     gi|260    34890    35389 
   684    980  1     gi|166    34739    35215 
   684   2294 -1     gi|260    33931    34611 
   684    981  1     gi|166    36752    37097 
   684   9784 -1     gi|778     6996     7373 
   684   1075  1     gi|172    30143    30313 
   685    983  1     gi|167     1041     1098 
   685   9003 -1     gi|720     9667    13390 
   685   2787  1     gi|293    22874    25734 
   685   4591  1     gi|417     3332     7035 
   685   8999 -1     gi|720     3242     6294 
   685   2785  1     gi|293    22637    22769 
   686    984  1     gi|167    10057    10195 
   686   5164  1     gi|459    28522    28755 
   686   2796 -1     gi|293    39210    39411 
   687    985  1     gi|167    10336    10532 
   687   2795 -1     gi|293    38862    38992 
   687   5165  1     gi|459    29129    29253 
   688    987  1     gi|167    11746    12143 
   688   2339  1     gi|263    22645    25612 
   688   5992  1     gi|516     6391     9338 
   688   1495  1     gi|204     2439     2936 
   689    988  1     gi|167    12297    12347 
   689   7709 -1     gi|633    23528    23578 
   690    989  1     gi|167    13938    14786 
   690   9676  1     gi|767    23414    24254 
   691    992  1     gi|167    16429    16528 
   691   1496  1     gi|204     3893     3985 
   692    994  1     gi|167    16718    17668 
   692   1497  1     gi|204     4040     4991 
   693    995  1     gi|167    18787    19037 
   693   1498  1     gi|204     5007     5250 
   694    996  1     gi|167    19447    19620 
   694   7315 -1     gi|605    29002    29177 
   695    998  1     gi|167    20857    21242 
   695  11576 -1     gi|350    25446    25831 
   695  11577  1     gi|193    15545    15926 
   695  11580  1     gi|275    29014    29399 
   696    999  1     gi|167    21507    21907 
   696  11574  1     gi|275    29605    30074 
   696  11579  1     gi|193    16134    16600 
   696   3667 -1     gi|350    18425    18652 
   697   1000  1     gi|167    21993    22104 
   697   2171 -1     gi|253    38537    38648 
   698   1001  1     gi|167    23343    23625 
   698   2170 -1     gi|253    37013    37310 
   698   3664 -1     gi|350    15801    16170 
   698   3781 -1     gi|361    23272    23630 
   698  10988  1     gi|123     2629     2998 
   698  10989  1     gi|364    18808    19184 
   699   1002  1     gi|167    31343    32268 
   699   1493  1     gi|204      460     1385 
   699   4214 -1     gi|393      881     1806 
   699   7764  1     gi|639    38438    39359 
   700   1005  1     gi|169    11958    12382 
   700   5708  1     gi|494    36501    36905 
   701   1006  1     gi|169    14935    15052 
   701   7239  1       gi|6    23997    26408 
   701   7517 -1     gi|621    12719    12895 
   701  11582 -1     gi|709    20995    22757 
   701   9881 -1     gi|783    38842    39987 
   702   1007  1     gi|169    23945    24050 
   702   2064 -1     gi|245    29496    29601 
   703   1008  1      gi|17      889     1219 
   703   5957  1     gi|513    34366    35286 
   703   7681 -1     gi|630    38543    38618 
   703  11583 -1      gi|17     1626     2519 
   703  11586  1     gi|513    38841    39700 
   704   1010  1      gi|17     1508     1554 
   704   7851 -1     gi|648     4819     4981 
   704   3210  1     gi|321    10254    10618 
   704  11489  1     gi|458    12075    12270 
   704   7676 -1     gi|630    25214    25556 
   704   7684  1     gi|630    38810    39150 
   704  11492 -1     gi|697      401      440 
   705   1012  1      gi|17     9236     9374 
   706   1013  1      gi|17     9355    10171 
   707   1014  1      gi|17    10221    10942 
   707   1149 -1     gi|178     2170     2525 
   707   2097  1     gi|249     5505     6255 
   707   2302 -1     gi|261     4295     4339 
   708   1015  1      gi|17    10911    10983 
   708   9484  1     gi|752    23328    26723 
   708   4962 -1     gi|441    12746    16120 
   708   2440 -1      gi|27    39096    39274 
   708   4235 -1     gi|394    21169    21309 
   708   5488 -1     gi|481    16582    17996 
   708   5489 -1     gi|481    17980    18654 
   708   6292  1     gi|540    22139    24266 
   708  10468 -1     gi|724    22629    22835 
   709   1016  1      gi|17    11259    12364 
   709   1448  1     gi|201    27998    28151 
   709   2439 -1      gi|27    37721    38826 
   710   1017  1      gi|17    12750    12846 
   710   6414 -1     gi|549    10583    10923 
   710  11599  1     gi|727    36367    36694 
   710  11601  1     gi|255     5452     5777 
   711   1018  1      gi|17    13096    14080 
   711   7565  1     gi|624    16773    17694 
   712   1019  1      gi|17    14637    14835 
   712   2448 -1     gi|270    24292    24485 
   712   8050  1     gi|658    26529    26659 
   713   1020  1      gi|17    15181    15346 
   713   7794 -1     gi|642    22123    22291 
   714   1021  1      gi|17    15577    15646 
   714  11343 -1     gi|224    27888    28223 
   714  11339 -1     gi|485    24243    24536 
   715   1022  1      gi|17    18281    18592 
   715   2929 -1     gi|302    29201    29502 
   716   1026  1      gi|17    33690    35169 
   716   7850  1     gi|648     3370     4706 
   716   9749 -1     gi|773     6498     7940 
   717   1027  1      gi|17    35456    35667 
   718   1028  1      gi|17    36064    37605 
   718   5942  1     gi|513     5388     5880 
   718   5943  1     gi|513     6364     6522 
   718  10712  1     gi|513     1368     2904 
   719   1031  1      gi|17    39858    39958 
   719   7942  1     gi|652    11778    11878 
   720   1035  1     gi|170     3199     4111 
   720   6665 -1     gi|567     7661     8115 
   720   3512  1     gi|345     6166     6979 
   720   9694  1     gi|768     8223     9141 
   720   6542  1     gi|558    11660    11808 
   721   1036  1     gi|170     4200     4280 
   721   1085  1     gi|173     4177     4388 
   721   3002 -1     gi|308     8995     9192 
   721   3003  1     gi|308     9856    10069 
   722   1038  1     gi|170     4474     4657 
   722   1665  1     gi|218    39823    40021 
   723   1040  1     gi|170    20500    20683 
   723   4652  1     gi|421    15918    16110 
   724   1041  1     gi|170    20856    21506 
   725   1044  1     gi|171      167     2467 
   725   7272  1     gi|601    12844    15140 
   725   2706 -1     gi|287    14210    14329 
   726   1045  1     gi|171     2801    12112 
   726   7273  1     gi|601    15434    24736 
   726   6057 -1     gi|522     9773    12706 
   726   6067 -1     gi|522    21490    22711 
   727   1047  1     gi|171    20606    20811 
   727  10599  1     gi|601    32992    33435 
   727  10594 -1     gi|570    29732    30167 
   728   1048  1     gi|171    21650    21733 
   728   6755 -1     gi|570    28224    28295 
   728   7276  1     gi|601    35183    35266 
   729   1050  1     gi|171    24137    26335 
   729   3505  1     gi|343    33499    35879 
   730   1051  1     gi|171    27359    28884 
   730   3506  1     gi|343    36900    38425 
   731   1052  1     gi|171    30356    32201 
   731   3507  1     gi|343    38449    40000 
   732   1053  1     gi|171    31908    33608 
   732   9406  1     gi|749        1     1695 
   732   3378 -1     gi|332    39681    40000 
   733   1054  1     gi|171    33950    37752 
   733   3377 -1     gi|332    35538    39340 
   733   9407  1     gi|749     2036     5838 
   733   2753  1     gi|291    14830    16206 
   733   4264 -1     gi|398    12424    12482 
   733   8861 -1     gi|710     2391     2471 
   734   1055  1     gi|171    37999    39474 
   734   2754  1     gi|291    16363    17838 
   734  10551 -1     gi|332    33853    35309 
   734  11130  1     gi|749     6103     7555 
   734   7793  1     gi|642    21841    22097 
   735   1056  1     gi|171    39783    39935 
   735   3373 -1     gi|332    30552    30832 
   735   2755  1     gi|291    18146    18426 
   735   9411  1     gi|749    10576    10856 
   736   1057  1     gi|172        1     6655 
   736   1197 -1     gi|181       34     2476 
   736   4112 -1     gi|386    39661    39982 
   736   5725  1     gi|495    25363    28331 
   737   1059  1     gi|172     8220     8739 
   737   2345  1     gi|264     4022     4969 
   737   6500  1     gi|555    16451    17368 
   737  11614  1     gi|275     5400     6311 
   738   1061  1     gi|172    10905    11397 
   738   5723  1     gi|495    17317    24385 
   738   1198 -1     gi|181     2688     3923 
   738   1212 -1     gi|181    30909    40000 
   738   1199 -1     gi|181     5664     6283 
   738   1200 -1     gi|181     6543     8980 
   739   1062  1     gi|172    13098    13190 
   739   5720  1     gi|495    16270    16467 
   739   1070  1     gi|172    24884    25095 
   740   1063  1     gi|172    13371    14090 
   740   2293  1     gi|260    32363    32495 
   740   5717 -1     gi|495    13088    14083 
   740   1066 -1     gi|172    16363    17029 
   740   1072 -1     gi|172    26749    27191 
   740   1079 -1     gi|172    35067    35613 
   740   1064  1     gi|172    14103    14277 
   740   1080 -1     gi|172    35672    35795 
   741   1068  1     gi|172    19925    20507 
   741   7696  1     gi|631    27961    30532 
   741   8167 -1     gi|665     6626     6864 
   741   4065 -1     gi|384    14940    16261 
   741   4066 -1     gi|384    16279    16415 
   742   1071  1     gi|172    25878    26055 
   742  10714 -1     gi|114     9467     9833 
   742   1081  1     gi|172    38696    39046 
   742  10715  1     gi|172    33207    33565 
   743   1074  1     gi|172    29321    29400 
   743   8166 -1     gi|665     5357     5434 
   744   1083  1     gi|173     2794     3458 
   744   9867 -1     gi|783    10778    12003 
   744   1102 -1     gi|173    24778    25482 
   744   7202  1     gi|599     7855     9023 
   744   9865 -1     gi|783     8360     9558 
   744   9873 -1     gi|783    19166    19899 
   744   9874  1     gi|783    25901    26640 
   744   9868 -1     gi|783    13094    13487 
   744   5952 -1     gi|513    22119    22834 
   745   1088  1     gi|173     5525     5771 
   745   8650  1     gi|697    18803    19050 
   745   5601 -1     gi|488    29932    30083 
   746   1091  1     gi|173     6782    10440 
   746   7211 -1     gi|599    19314    22971 
   746  11023  1     gi|539    27981    31638 
   747   1093  1     gi|173    14255    14489 
   747   8378  1     gi|678    26503    27461 
   747   2647 -1     gi|283    34911    35888 
   747   1094  1     gi|173    15052    15261 
   747   1097  1     gi|173    16530    17050 
   747   7201  1     gi|599     6948     7798 
   747   8930 -1     gi|715     3078     3635 
   747  10070 -1      gi|87    23325    24338 
   747   8931 -1     gi|715     5298     5437 
   747   8937 -1     gi|715    12389    12476 
   747   8943 -1     gi|715    26321    26514 
   747   8946 -1     gi|715    34172    34326 
   747  11619  1     gi|673    35487    35900 
   747   4610 -1     gi|417    39852    39993 
   748   1096  1     gi|173    15933    16009 
   748   3198 -1     gi|320    14382    14459 
   748   4362  1     gi|402    18072    18143 
   748   5760 -1       gi|5    28819    28896 
   748   5971  1     gi|514    38454    38530 
   748   7870 -1     gi|649     3027     3105 
   749   1100  1     gi|173    20018    20977 
   749   1734  1     gi|225    15927    16696 
   749   3553 -1     gi|347     5091     5240 
   749   3599  1     gi|348    22634    23075 
   749   3636  1      gi|35     2108     2501 
   749   4414  1     gi|406    29859    30284 
   749   5181  1     gi|461     2744     3172 
   749   5466  1      gi|48    17906    18675 
   749   6287  1     gi|540    15724    16162 
   749   7756 -1     gi|639    14019    14169 
   749  11556  1     gi|388    31453    32277 
   749   9378  1     gi|747     7230     7456 
   749   7076  1     gi|589    39475    39504 
   749  11557  1     gi|388    32279    32418 
   749   9380  1     gi|747    24575    24827 
   749   3530 -1     gi|346     7371     7445 
   750   1101  1     gi|173    22082    22899 
   751   1103  1     gi|173    27679    28673 
   752   1104  1     gi|173    37301    37440 
   752   1872  1     gi|231     8402     8543 
   753   1105  1     gi|173    37434    37594 
   753   1873  1     gi|231     8768     8938 
   754   1106  1     gi|173    38183    38299 
   754   1863  1     gi|231       38      149 
   755   1107  1     gi|173    39088    39259 
   755   1877  1     gi|231    10428    11748 
   755   3764 -1     gi|360    20318    21918 
   755   5822  1     gi|502    26554    28165 
   755   3765 -1     gi|360    23566    25197 
   756   1109  1     gi|174     1076     1493 
   756   1997  1      gi|24     9356     9810 
   756   9424  1     gi|749    34708    34890 
   757   1110  1     gi|174     4823     5069 
   757   9820 -1     gi|779    37587    38033 
   757   1998  1      gi|24     9809     9976 
   757  10334  1     gi|749    34911    35324 
   758   1111  1     gi|174     5593     7297 
   758   9196  1     gi|735    36259    36761 
   758   9705 -1     gi|768    33234    34919 
   758   1801 -1     gi|228    33773    33859 
   758   1112  1     gi|174     8979    10177 
   759   1113  1     gi|174    10792    14586 
   759   7147  1     gi|592    26071    29826 
   760   1114  1     gi|174    15705    16003 
   760   4481 -1      gi|41    29190    30450 
   760  10967 -1     gi|212    34178    35793 
   760  10969 -1     gi|523    25402    27016 
   760   4469 -1      gi|41    11955    12531 
   760  11638 -1      gi|41    38816    39884 
   760  11637 -1      gi|41    15249    16295 
   760  11640 -1     gi|212     5830     6891 
   761   1115  1     gi|174    16028    16721 
   761   1501  1     gi|204     7991    10878 
   761   4477 -1      gi|41    24019    24238 
   761   5396  1     gi|476    37066    39925 
   761   1116  1     gi|174    16744    17886 
   761   1511 -1     gi|204    28062    28267 
   761   1515 -1     gi|204    36580    36669 
   761   1612 -1     gi|212    14107    14414 
   762   1118  1     gi|174    34939    35196 
   762   7846 -1     gi|647    39352    39394 
   763   1120  1     gi|174    38350    38916 
   763   2590  1      gi|28    38788    39628 
   763  11648 -1     gi|674    25161    25479 
   763   3125 -1     gi|316     7700     7808 
   763   8893  1     gi|712    12770    13979 
   763  11650 -1     gi|348    17285    17319 
   763   2591  1      gi|28    39845    40000 
   763   3124 -1     gi|316     7238     7597 
   763   7074  1     gi|589    26626    27403 
   763   9951 -1      gi|80     7808     7988 
   763  11647  1     gi|502    34022    34240 
   763  11649  1     gi|726     7211     7288 
   763   3801 -1     gi|362     3316     3410 
   763   3603 -1     gi|348    26149    26289 
   764   1121  1     gi|175     1636     2086 
   764   9623  1     gi|764     3629     4042 
   765   1122  1     gi|175     7193     7520 
   765   1940  1     gi|234    32237    32549 
   766   1123  1     gi|175     8185     8475 
   766   1941  1     gi|234    32506    32852 
   767   1124  1     gi|175    22058    22146 
   767   2886  1     gi|300    17566    17656 
   768   1125  1     gi|175    27576    28318 
   768   8264  1      gi|67    15846    17930 
   768   3658 -1     gi|350     7338     9449 
   768  11651 -1      gi|47    39617    40074 
   768   3074  1     gi|312    27683    28172 
   768   8721  1      gi|70    24479    24603 
   769   1126  1     gi|175    31486    31689 
   769   4717  1     gi|424    25174    25384 
   770   1127  1     gi|175    35899    36088 
   770   5841 -1     gi|505    34259    34475 
   771   1128  1     gi|175    37259    37349 
   771   6702  1     gi|568    23162    23252 
   772   1129  1     gi|175    39930    40069 
   772   6894  1     gi|578    22465    22604 
   772   7445 -1     gi|615    27902    27994 
   773   1133  1     gi|177     3757     4800 
   773   4172  1     gi|390      243     1302 
   774   1134  1     gi|177     5256     6089 
   774   4173  1     gi|390     1537     2353 
   775   1135  1     gi|177     6379     7172 
   775   4174  1     gi|390     2360     3153 
   776   1136  1     gi|177     7483     9535 
   776   4175  1     gi|390     3152     7038 
   776   1137  1     gi|177    10606    12438 
   776   2237  1     gi|258    11681    14201 
   776   1138  1     gi|177    12597    12788 
   776   2239  1     gi|258    14639    14861 
   776   6865  1     gi|576    22521    22733 
   776   2238  1     gi|258    14492    14639 
   776   4976  1     gi|441    37488    37667 
   777   1139  1     gi|177    12965    13269 
   777  11652  1     gi|390     7039     7525 
   777   1141 -1     gi|177    23523    23807 
   777  11654  1     gi|177    13392    13859 
   778   1142  1     gi|177    27711    30983 
   778   1709 -1     gi|223    17121    19942 
   778   5561 -1     gi|484    33050    36261 
   778   6873 -1     gi|576    38071    39595 
   778   7113  1     gi|590    32878    32931 
   778   6872 -1     gi|576    36881    38639 
   779   1143  1     gi|177    39253    40081 
   779   3576 -1     gi|347    35623    36464 
   780   1144  1     gi|178        1      375 
   780   2617 -1     gi|282     1393     1786 
   780   6823 -1     gi|574    11794    12045 
   781   1145  1     gi|178      376      879 
   781  10234  1      gi|99     2622     3913 
   781   6814 -1     gi|574      227     1476 
   781   2616 -1     gi|282        2     1554 
   781   6815 -1     gi|574      940     2714 
   781   6817 -1     gi|574     4179     4296 
   781   6818 -1     gi|574     4571     4614 
   781  10233  1      gi|99        1      896 
   781   2202  1     gi|255    25204    25666 
   782   1146  1     gi|178      952      991 
   782  11588 -1      gi|43    22621    23063 
   782   8709 -1       gi|7    37951    38252 
   782  11591 -1     gi|537     2192     2634 
   782   8710 -1       gi|7    39896    39998 
   783   1148  1     gi|178     2012     2170 
   783   5210 -1     gi|462    21117    21239 
   783   5918  1     gi|510    21364    21506 
   784   1151  1     gi|178     3577     3844 
   784   2165 -1     gi|253    32166    32464 
   784  11430  1     gi|616    10384    10634 
   784  11432 -1     gi|747    29247    29548 
   784  11440 -1      gi|65    24182    24480 
   784  11446 -1     gi|291    11242    11508 
   784   5851  1     gi|507    21047    21081 
   784   5575  1     gi|485    30334    30478 
   785   1153  1     gi|178     4315     4363 
   785   4246  1     gi|396    33092    33140 
   786   1154  1     gi|178     5955     6121 
   786   9970 -1      gi|80    38714    38858 
   787   1155  1     gi|178    13298    13357 
   787   9808 -1     gi|779    22238    22290 
   788   1156  1     gi|178    14444    14517 
   788   8513  1     gi|688    36856    36935 
   789   1158  1     gi|178    17453    17532 
   789   1672  1     gi|219     7801     7880 
   790   1159  1     gi|178    19511    19626 
   790   1673  1     gi|219     9825     9940 
   791   1160  1     gi|178    20523    22068 
   791   7755 -1     gi|639    10287    11928 
   792   1161  1     gi|178    22095    22211 
   792   7754 -1     gi|639     8732     8842 
   793   1162  1     gi|178    22190    22514 
   794   1164  1     gi|178    34220    34613 
   794   1669 -1     gi|219     2964     3375 
   795   1165  1     gi|178    34612    35139 
   795   1668 -1     gi|219     2070     2652 
   796   1166  1     gi|178    36630    37859 
   796   1666 -1     gi|219        4     1183 
   796   7249  1      gi|60    30331    31108 
   797   1168  1     gi|178    38919    39336 
   797   2852  1       gi|3    15927    17521 
   797   6629 -1     gi|563    33176    35697 
   797  11222  1     gi|178    38012    38664 
   797   2850  1       gi|3    15177    15697 
   797   2856  1       gi|3    24834    27366 
   797   7807  1     gi|644    19800    19893 
   798   1169  1     gi|179    12646    12763 
   798   6648  1     gi|565    19773    19895 
   799   1170  1     gi|179    28417    28465 
   799   9570  1      gi|76    22184    22232 
   800   1171  1     gi|179    31574    32002 
   800   9159  1     gi|733    11281    11700 
   801   1172  1     gi|179    38600    39106 
   801   6730  1      gi|57    30873    31363 
   802   1173  1     gi|179    39108    40000 
   803   1179  1     gi|180     2022     2592 
   803   4382  1     gi|404     1591     3783 
   803   4282  1       gi|4     2255     2342 
   803  10961 -1     gi|466     2947     3611 
   804   1180  1     gi|180    15002    16950 
   804   4383  1     gi|404     3618     5173 
   804   3853 -1     gi|364    23883    25552 
   804   1190  1     gi|180    23546    25610 
   804   3857 -1     gi|364    31519    31802 
   805   1183  1     gi|180    19653    19718 
   805   7314 -1     gi|605    28316    28905 
   805   6884  1     gi|577    34235    34713 
   805   6949 -1     gi|581     6513     7077 
   805   1184 -1     gi|180    19726    20077 
   805  10137  1      gi|92    14068    14146 
   806   1186  1     gi|180    20573    21331 
   806  10962  1     gi|672    30429    31608 
   806   1195  1     gi|180    38483    38586 
   806   1196  1     gi|180    38825    40000 
   806   5214  1     gi|462    25551    26385 
   806   4338  1     gi|400    17851    18585 
   806   5215  1     gi|462    27366    27600 
   806  10964  1     gi|400    22349    22791 
   807   1187  1     gi|180    21019    22513 
   808   1188  1     gi|180    22516    22585 
   808   2146  1     gi|252    34056    34123 
   808   4197 -1     gi|391    17925    17989 
   808   5415  1     gi|477    30408    30475 
   808   9190 -1     gi|735    28357    28424 
   809   1189  1     gi|180    23004    23525 
   809   5416  1     gi|477    30924    31447 
   809   8619  1     gi|695     2905     3385 
   809  11669  1     gi|252    34560    35084 
   809  11671 -1     gi|391    10216    10740 
   809  11673 -1     gi|391    16943    17466 
   809  11676 -1     gi|735    27383    27906 
   809   4192 -1     gi|391    10175    10214 
   809  11675 -1     gi|391    16898    16940 
   810   1191  1     gi|180    26888    27539 
   810   2069  1     gi|246    11657    12256 
   810   3471  1     gi|340    30700    31297 
   810   9813 -1     gi|779    25162    25225 
   810  11523  1     gi|246     5995     6334 
   810  11522  1     gi|246     5851     5992 
   810  12283 -1     gi|343     7043     7186 
   810  12282 -1     gi|343     6702     7043 
   810   6758  1     gi|570    36331    36930 
   810   5916  1     gi|510     4278     4587 
   810   9567  1      gi|76    17051    17207 
   810   9333 -1     gi|744    35919    35971 
   811   1193  1     gi|180    32224    32318 
   811   3391  1     gi|334    12805    12893 
   811   6970  1     gi|581    39299    39393 
   811   7493  1     gi|618    27668    27762 
   811   8818  1     gi|707    16562    16656 
   811   5221 -1     gi|463    19967    20028 
   812   1194  1     gi|180    37921    38446 
   812   3281 -1     gi|324    35256    36340 
   812   4387  1     gi|404    13894    14137 
   812   4921 -1      gi|44    12018    13101 
   812   5824  1     gi|502    30274    31350 
   812   4386  1     gi|404    12017    12596 
   813   1201  1     gi|181     9734    10488 
   813   4110 -1     gi|386    37342    38037 
   813   6774 -1     gi|572    22717    23186 
   814   1203  1     gi|181    15425    15635 
   814   7377 -1      gi|61    24265    26182 
   814  10309  1     gi|651    10116    10324 
   814   3859  1     gi|364    35624    35882 
   814  10761 -1     gi|655     7108    12905 
   814   5358 -1     gi|475     2094     3062 
   814   5360 -1     gi|475     5916     8309 
   814   7376 -1      gi|61    22593    23702 
   814   7922  1     gi|651    11650    11825 
   814  10760 -1     gi|441       29     5820 
   814  10310  1     gi|651    10342    10585 
   814   7923  1     gi|651    11827    12116 
   814   5357 -1     gi|475     1325     1541 
   814   5359 -1     gi|475     4698     4942 
   814   5876 -1     gi|509     7473     7544 
   814   7375 -1      gi|61    19640    22396 
   814  10762 -1     gi|678    13122    13295 
   814   8368 -1     gi|678    12979    13069 
   814   1205  1     gi|181    17348    17769 
   814   9016  1     gi|720    39110    39803 
   814   9015  1     gi|720    38696    38976 
   815   1206  1     gi|181    18008    21212 
   815   7407  1     gi|611    14809    17567 
   815   5403  1     gi|477     9445    10682 
   815   5528 -1     gi|483     8171     8276 
   815   6111 -1     gi|524    20098    20673 
   816   1207  1     gi|181    25637    25676 
   816   1989 -1     gi|239    31382    31421 
   816   4336  1     gi|400     8449     8488 
   817   1208  1     gi|181    26102    26320 
   817   1988 -1     gi|239    30701    30919 
   817   4337  1     gi|400     8708     8926 
   818   1209  1     gi|181    26994    27617 
   818   2554 -1     gi|278    39733    39804 
   818   3062 -1     gi|312     3091     3175 
   818   4710 -1     gi|424     9007     9261 
   818   9079  1     gi|725     4345     4483 
   818   9262 -1      gi|74    10794    12803 
   818   3063 -1     gi|312     3819     4138 
   818   7455  1     gi|616    16587    18575 
   818   2553 -1     gi|278    38273    39123 
   819   1211  1     gi|181    28587    28665 
   819   4709 -1     gi|424     8767     8846 
   820   1213  1     gi|182     2349     2670 
   820   1800  1     gi|228    27359    27677 
   821   1214  1     gi|182     7265     7496 
   821   9906  1      gi|79     1573     1804 
   822   1216  1     gi|182    22749    22807 
   822   8738  1     gi|700    19927    20768 
   822   3412  1     gi|336    32401    33200 
   822   5287 -1      gi|47    29191    29526 
   823   1217  1     gi|182    31210    31443 
   823   1529  1     gi|208      348     2679 
   823   1221  1     gi|182    38151    39271 
   823   2482  1     gi|274    32473    34851 
   823   4448  1     gi|409    12756    12951 
   824   1218  1     gi|182    31785    32902 
   824   8867 -1     gi|710    12930    13073 
   825   1219  1     gi|182    37037    37128 
   825   3806  1     gi|362    16853    16944 
   826   1220  1     gi|182    37534    38664 
   827   1228  1     gi|185    34426    34768 
   827   2092  1     gi|248    38757    39099 
   828   1231  1     gi|186     1470     2719 
   828   9520  1     gi|754    22364    23616 
   829   1232  1     gi|186     3084     3291 
   829   9521  1     gi|754    23976    24183 
   830   1233  1     gi|186     4526     4605 
   830  11681  1     gi|541     6186     6266 
   830   2640  1     gi|283    29496    29575 
   830  11682 -1     gi|623    17676    17713 
   831   1237  1     gi|186    13002    13557 
   831   3479 -1     gi|341    31881    32218 
   831   3481 -1     gi|341    34065    34598 
   832   1238  1     gi|186    13868    14760 
   832   3478 -1     gi|341    30543    31266 
   832   3480 -1     gi|341    32916    33765 
   833   1240  1     gi|186    24811    24901 
   833   7601 -1     gi|626    36697    36783 
   834   1241  1     gi|186    28336    28390 
   834   5022  1     gi|445    21799    21850 
   835   1245  1     gi|187     1112     1437 
   835   5139  1     gi|457    20322    20722 
   835   9122 -1     gi|729     5539     5899 
   835   9856 -1     gi|782    11590    11660 
   835   8079 -1      gi|66    28287    28385 
   836   1246  1     gi|187     8296     8957 
   836   9911  1      gi|79    20589    21525 
   836   1248  1     gi|187    12645    13483 
   837   1250  1     gi|187    17824    17914 
   837   3008  1     gi|308    20525    20614 
   838   1251  1     gi|187    24045    24297 
   838   8647 -1     gi|697    17028    17905 
   839   1252  1     gi|187    36415    36873 
   839   7503 -1      gi|62     8324     8762 
   840   1253  1     gi|187    37124    39996 
   840   7502 -1      gi|62     5376     8264 
   841   1255  1     gi|188    22551    24028 
   841   4381 -1     gi|404        1     1457 
   841  11692 -1     gi|368    27060    28809 
   841  11029  1     gi|188    30489    32225 
   841   1260  1     gi|188    29253    29680 
   841   4388 -1     gi|404    14390    16189 
   841   4389 -1     gi|404    16191    18445 
   841   6387  1     gi|547        1     2413 
   841  11693  1     gi|188    20666    22558 
   842   1256  1     gi|188    24037    24912 
   842   3727 -1     gi|357    26340    27188 
   843   1259  1     gi|188    25429    29249 
   843   3715  1     gi|357     4689     8837 
   844   1262  1     gi|188    32796    33078 
   844   7185  1     gi|597     3750     4021 
   845   1263  1     gi|188    33752    33843 
   845   8636 -1     gi|696     3456     3604 
   845   1308 -1     gi|191     6778     6934 
   845  10491  1     gi|171    12455    12603 
   845  10494  1     gi|423     7097     7268 
   845  10501  1     gi|601    25080    25228 
   845  10504 -1     gi|625    28050    28221 
   845  10506  1     gi|680    25939    26101 
   845  10508 -1     gi|695    18128    18249 
   845  10509 -1      gi|81    20605    20777 
   845  10511 -1     gi|157     5784     5949 
   845  10512  1     gi|111    29865    30036 
   845  10514  1     gi|196    34144    34292 
   845  10516 -1     gi|216    37935    38094 
   845  10524  1     gi|499    19676    19824 
   845  10518 -1     gi|429    12447    12611 
   845   5095  1     gi|452     6403     6509 
   845  10520 -1     gi|430    36886    37051 
   845  10522 -1     gi|475    22719    22884 
   845  11524 -1     gi|160    19925    20083 
   845  11526  1     gi|167    15993    16120 
   845  10526  1     gi|107     1653     1713 
   846   1264  1     gi|188    33937    34021 
   846   7192  1     gi|597    28631    28715 
   847   1265  1     gi|188    34536    36645 
   847   1420 -1       gi|2    23338    25338 
   847   7184  1     gi|597      790     2964 
   847   7186  1     gi|597     7704     8246 
   847   7187  1     gi|597    17969    20165 
   847   7191  1     gi|597    28292    28412 
   847   1266  1     gi|188    37783    39894 
   847   6731  1      gi|57    32090    33013 
   847   4390 -1     gi|404    19881    21938 
   847   3722 -1     gi|357    19217    19344 
   847   3723 -1     gi|357    19372    20019 
   847   7477 -1     gi|617    23343    24498 
   848   1272  1      gi|19     5837     6821 
   848   4509  1     gi|412     1421     2583 
   848   1294  1      gi|19    39160    39366 
   848  11696  1      gi|19    31623    32113 
   849   1281  1      gi|19    22881    23040 
   849   1856 -1     gi|230    27273    27442 
   850   1289  1      gi|19    32574    32777 
   850   4519  1     gi|412    19025    19210 
   851   1295  1     gi|190        1      169 
   851   8659 -1     gi|698     2623     2791 
   852   1297  1     gi|190     8032     8351 
   852   8658 -1     gi|698     2305     2624 
   853   1298  1     gi|190     8350     9897 
   853   8657 -1     gi|698      187     1734 
   854   1299  1     gi|190     9894    10067 
   854   8345 -1     gi|675    37036    37588 
   854   1300  1     gi|190    17535    17916 
   855   1301  1     gi|190    24334    25780 
   855   8344 -1     gi|675    35595    37041 
   856   1302  1     gi|190    32397    34219 
   856   8343 -1     gi|675    33793    35599 
   857   1303  1     gi|190    34217    35614 
   857   8342 -1     gi|675    25440    26858 
   858   1304  1     gi|190    36118    40000 
   858   2746 -1     gi|290    24036    26917 
   858   8341 -1     gi|675    21545    25559 
   858   5974 -1     gi|515     7232     8079 
   858   8664 -1     gi|698     6960     8031 
   858  11712 -1     gi|744    10686    11154 
   858  11711 -1      gi|76    32442    33087 
   859   1305  1     gi|191     5692     5731 
   860   1306  1     gi|191     6148     6254 
   860   9950 -1      gi|80     7184     7290 
   861   1313  1     gi|191    14257    14878 
   861   9005  1     gi|720    14884    15507 
   861   6049 -1     gi|522      308      492 
   861   8941  1     gi|715    25207    25340 
   862   1314  1     gi|191    15257    15513 
   862   3593  1     gi|348    17602    17851 
   863   1317  1     gi|191    24365    24526 
   863   7920  1     gi|651     9559     9721 
   863   8069 -1     gi|659    29297    29458 
   864   1319  1     gi|191    34827    35319 
   864   6141 -1     gi|529     2101     2611 
   865   1320  1     gi|191    36009    36198 
   865  11686  1     gi|581    35700    35998 
   865   4868 -1     gi|435    33715    33895 
   865   6336 -1     gi|542    18758    18898 
   865   6337 -1     gi|542    19112    19259 
   865   7169 -1     gi|596     9101     9275 
   865  11684  1     gi|186    32880    33089 
   865  11687 -1     gi|715    26719    26919 
   865   1860 -1     gi|230    34913    35172 
   865   6811  1     gi|573    37232    37482 
   865  11685  1     gi|491    20759    21013 
   865   4051  1     gi|382    33398    33575 
   866   1321  1     gi|191    36855    37461 
   866   6391 -1     gi|548    13254    13697 
   866   9267 -1      gi|74    22394    22948 
   866   8287  1     gi|672    15666    16092 
   866  12108  1     gi|516     9744    10168 
   866  12109 -1     gi|280    26534    26962 
   866  12111  1     gi|672    28753    29164 
   866  12115  1     gi|672    17644    18060 
   866  12113  1     gi|516     1759     2174 
   867   1322  1     gi|191    39264    40125 
   867   7090 -1      gi|59    28404    29286 
   868   1323  1     gi|192     4786     4851 
   868   9899  1     gi|784    35088    35359 
   869   1324  1     gi|192    12390    12482 
   869   9518  1     gi|754    18435    18529 
   870   1325  1     gi|192    23618    26782 
   870   2367  1     gi|266     1202     1601 
   870   5038  1     gi|447    17527    20691 
   871   1327  1     gi|192    28299    28362 
   871   5388  1     gi|476    29436    30685 
   871   7900 -1     gi|650     2234     4762 
   871   7048  1     gi|587    14145    16665 
   871  10627  1     gi|476    30905    31210 
   871  10629  1     gi|496    14341    14498 
   871   5381  1     gi|476    26102    26212 
   872   1328  1     gi|192    28734    29271 
   873   1329  1     gi|192    33549    33764 
   874   1330  1     gi|192    38104    38548 
   874   7244  1      gi|60       35      495 
   875   1331  1     gi|193        4     1975 
   875   6536 -1     gi|558      753     2763 
   875   7575 -1     gi|624    36087    37778 
   875   8498 -1     gi|688      592     2638 
   875   7573 -1     gi|624    28043    28358 
   876   1332  1     gi|193     3270     3533 
   876  11431 -1     gi|747    28284    29264 
   876   2164 -1     gi|253    18172    18319 
   876  11418 -1     gi|253     9480    10297 
   877   1333  1     gi|193     3554     3626 
   877   5516  1     gi|482    19851    20037 
   877   7282  1     gi|602    32318    32508 
   877   2644 -1     gi|283    31788    31985 
   877  12138 -1     gi|649     7352     7534 
   877   4796  1     gi|430    10539    10644 
   877  12139  1     gi|398    16594    16647 
   878   1334  1     gi|193     9144     9246 
   878  10188 -1      gi|95     4347     4449 
   879   1335  1     gi|193    11943    12316 
   879  10084  1      gi|89     3135     3508 
   879  11257  1     gi|583    26380    26753 
   879  11258 -1     gi|140    33862    34234 
   880   1336  1     gi|193    13363    13524 
   880  11727  1     gi|304     9802    10006 
   880  11730 -1     gi|195     3149     3333 
   880   4984 -1     gi|442    21591    21733 
   880   4986 -1     gi|442    23661    23721 
   881   1337  1     gi|193    13517    13859 
   881   3167 -1     gi|318    35012    36120 
   881   1746 -1     gi|225    31903    31974 
   881   4981 -1     gi|442    12416    12697 
   881   8085  1     gi|660     4024     5063 
   881   2160  1     gi|253    12450    12920 
   881   8135 -1     gi|662    37272    37961 
   882   1338  1     gi|193    13860    14386 
   882   3166 -1     gi|318    31565    35281 
   882   1745 -1     gi|225    30794    31884 
   882   4980 -1     gi|442    12361    12420 
   882   8086  1     gi|660     4987     6576 
   882   8091  1     gi|660    14527    15100 
   882  11732 -1     gi|442    11795    12358 
   882   8482 -1     gi|686    33887    34297 
   882   2162  1     gi|253    16916    17658 
   882  11731  1     gi|253    17853    18043 
   883   1340  1     gi|193    17952    17986 
   883   1434  1     gi|200    34907    34941 
   884   1341  1     gi|193    17972    18163 
   884   4864  1     gi|435    28560    28616 
   884  10164  1      gi|93    22819    22985 
   885   1342  1     gi|193    20776    21952 
   886   1343  1     gi|193    21852    22472 
   886   7008 -1     gi|585     6452     7032 
   887   1344  1     gi|193    22310    24032 
   887   2010  1     gi|240    21901    23614 
   887   7007 -1     gi|585     4981     5187 
   888   1345  1     gi|193    24476    24964 
   888   2011  1     gi|240    23015    24650 
   888   7006 -1     gi|585     4165     4221 
   888   8204  1     gi|666     6130     7530 
   888   8205  1     gi|666     7528     7704 
   889   1346  1     gi|193    25975    27091 
   889   2375  1     gi|266    15496    15975 
   889   6672  1     gi|567    25990    27052 
   889   6673 -1     gi|567    27075    27180 
   889   2376  1     gi|266    16018    16170 
   890   1347  1     gi|193    27691    27861 
   890   2377  1     gi|266    16185    16345 
   891   1348  1     gi|193    28176    28406 
   891   6674  1     gi|567    27207    27540 
   891   2378  1     gi|266    16537    16784 
   891   6680  1     gi|567    34319    34375 
   892   1349  1     gi|193    36130    36179 
   892   7103 -1     gi|590     3074     3163 
   892   6847 -1     gi|575    34420    34509 
   892   7879  1     gi|649    19252    19341 
   893   1351  1     gi|195        1     2701 
   893   3169  1     gi|318    36832    40019 
   893   7538  1     gi|623        2      754 
   893   8084 -1     gi|660     2307     3540 
   893  11728 -1     gi|304    10008    10866 
   893   4983  1     gi|442    20516    20594 
   894   1353  1     gi|195     3703     3761 
   894  11734 -1     gi|504    37378    37614 
   894  11733 -1     gi|448    10335    10558 
   894  11735  1     gi|743    14310    14457 
   894  11736 -1     gi|783     3590     3812 
   894  12053  1     gi|266    19020    19177 
   894   9311  1     gi|743    11824    11865 
   895   1354  1     gi|195     3767     3851 
   895   5213 -1     gi|462    25300    25379 
   896   1355  1     gi|195     4324     4360 
   896   6771 -1     gi|572    15393    15427 
   897   1356  1     gi|195     6505     6773 
   897   8871  1     gi|711     3177     3467 
   898   1357  1     gi|195     6804     9858 
   898   8872  1     gi|711     3666     6724 
   899   1359  1     gi|195    19851    20171 
   899   3509 -1     gi|344    28122    28546 
   899   4181 -1     gi|390    29151    29575 
   899   5364  1     gi|475    12111    12535 
   900   1360  1     gi|195    39712    39864 
   900   5707 -1     gi|494    35522    35674 
   901   1365  1     gi|196    30043    30619 
   901   4739  1     gi|426    11969    12582 
   901   3117  1     gi|315    36099    36191 
   902   1368  1     gi|196    31006    33817 
   902   5748  1     gi|499    16612    19349 
   903   1370  1     gi|196    36514    40253 
   903   5750  1     gi|499    23433    27172 
   904   1372  1     gi|197      379     1639 
   904   2186  1     gi|255     6874     8148 
   905   1373  1     gi|197     2390     2483 
   905   7615 -1     gi|627    26827    26939 
   906   1375  1     gi|197     9968    15465 
   906   6177  1     gi|530    37040    40130 
   907   1379  1     gi|197    25531    27818 
   907   7914  1     gi|650    36510    39545 
   908   1380  1     gi|197    30582    30698 
   908   2932  1     gi|302    31401    31517 
   909   1381  1     gi|197    30823    31113 
   909   3399 -1     gi|334    32440    32720 
   910   1384  1     gi|197    35692    37371 
   910   1543  1     gi|208    35458    37160 
   910   8907 -1     gi|712    35107    36914 
   910   5692 -1     gi|493    39135    39997 
   910   6630  1     gi|564       66      309 
   910   6631 -1     gi|564     8453     8574 
   910   1386  1     gi|197    37871    37938 
   910   1389 -1     gi|197    38688    38737 
   911   1385  1     gi|197    37377    37501 
   911   4443 -1     gi|408    31808    31961 
   911   9592 -1     gi|761    26488    26643 
   911   2936 -1     gi|302    34211    34291 
   912   1388  1     gi|197    38152    38614 
   912   6590 -1     gi|561    12489    14040 
   912   6585 -1     gi|561     2268     2554 
   913   1390  1     gi|197    39758    40024 
   913   2779 -1     gi|293     3771     4045 
   913   2784 -1     gi|293    14030    14301 
   913   2790  1     gi|293    29767    29858 
   914   1393  1     gi|199        1      581 
   914   7404  1     gi|610    23630    24920 
   914   7791 -1     gi|642    20375    21666 
   915   1394  1     gi|199      747     1545 
   915   7790 -1     gi|642    19575    20378 
   916   1397  1     gi|199     5016     5782 
   916  11314  1     gi|153     1360     2136 
   916  11315 -1     gi|417    35475    36216 
   916   5893  1      gi|51     3022     3788 
   917   1399  1     gi|199    22374    23272 
   917   5895  1      gi|51    18076    18974 
   918   1400  1     gi|199    23802    24185 
   918   5896  1      gi|51    19501    19884 
   919   1401  1     gi|199    26127    26459 
   919   5897  1      gi|51    21821    22219 
   920   1402  1     gi|199    26451    26690 
   920   4228 -1     gi|394    10435    10669 
   921   1403  1     gi|199    29184    29232 
   921   3295  1     gi|327    30935    30974 
   921   3298 -1     gi|327    32099    32137 
   921   9199  1     gi|737     1445     1494 
   922   1404  1     gi|199    29418    29559 
   922   8415  1     gi|681     7590     7719 
   923   1405  1     gi|199    29613    29694 
   923   3170  1     gi|319     5038     5116 
   924   1407  1     gi|199    30963    32402 
   925   1411  1       gi|2     6164     6262 
   925   7697  1     gi|631    30675    30767 
   926   1412  1       gi|2     8721     8844 
   926   4423 -1     gi|407    17129    18120 
   926   6938 -1     gi|580    25719    26668 
   926   1413  1       gi|2     8788     8931 
   927   1414  1       gi|2    10967    11328 
   928   1416  1       gi|2    12123    12474 
   929   1417  1       gi|2    12770    13332 
   929   2393  1     gi|266    33853    34091 
   930   1419  1       gi|2    17431    17502 
   930   9666 -1     gi|766    36841    36908 
   931   1421  1       gi|2    26722    26770 
   931   7398 -1     gi|610    15717    15765 
   932   1422  1       gi|2    32971    33102 
   932   8281  1     gi|671    16111    16242 
   933   1425  1       gi|2    37403    40000 
   933   7966  1     gi|653    37678    38043 
   933   9167  1     gi|734     8072    11799 
   933   3931  1     gi|372     3876     6700 
   933   3972 -1     gi|379     3389     7397 
   933   6503  1     gi|555    19478    20471 
   933   5494  1     gi|481    23370    23846 
   933   9162  1     gi|734        1     1368 
   933   8352 -1     gi|676    39314    39588 
   934   1426  1      gi|20     8916     9024 
   934   2082 -1     gi|247    34080    34188 
   935   1427  1      gi|20     9888    10005 
   935   6645  1     gi|565     1555     1672 
   936   1428  1     gi|200     2813     5507 
   936   3305 -1     gi|328     6725     9424 
   936  10169  1      gi|93    29862    31142 
   936  10170  1      gi|93    31534    33028 
   936  11777  1     gi|403    38582    39998 
   936  10171  1      gi|93    33578    34111 
   937   1429  1     gi|200     5603     6069 
   937  11224 -1     gi|328     5657     6125 
   937  11227  1     gi|784    36511    36888 
   937   5679 -1     gi|493    18720    18968 
   938   1430  1     gi|200     7339     7399 
   938   4209  1     gi|391    32823    33124 
   938   2908  1     gi|301    24811    25143 
   938   4791  1      gi|43    32357    32689 
   938   5690  1     gi|493    37899    38234 
   938   4206 -1     gi|391    32285    32340 
   938   4207 -1     gi|391    32485    32579 
   938   7310  1     gi|605     5260     5321 
   939   1431  1     gi|200     7815     7912 
   939   1627 -1     gi|214    28974    34702 
   939   3197 -1     gi|320    13339    13872 
   939   3200 -1     gi|320    15167    16814 
   939   9609 -1     gi|762    20202    25938 
   939   3196 -1     gi|320     9222    12769 
   939   7353  1     gi|608    39847    40021 
   940   1433  1     gi|200    16659    16806 
   940   2222  1     gi|257     6091     6154 
   940   4361  1     gi|402    16463    16612 
   941   1435  1     gi|200    36477    36597 
   941   4426 -1     gi|407    26904    27003 
   942   1437  1     gi|201      829     1830 
   942  10155  1      gi|93    17757    17956 
   942  11780  1     gi|562      148     1720 
   942  11782  1      gi|93    18467    18789 
   942  11783  1     gi|740    11487    19046 
   942   2075  1     gi|246    32443    40000 
   942   4254  1     gi|398       30      175 
   942   7344 -1     gi|608     9817    15477 
   942   3747  1     gi|358    37950    38289 
   942   4258  1     gi|398     5559     6092 
   942   5206  1     gi|462    12165    12441 
   942   6738 -1     gi|570       25      416 
   942  10378 -1     gi|111     5573     5844 
   942  11098 -1     gi|408    10161    10393 
   942   2607  1     gi|281    15672    15924 
   942   9763  1     gi|774    32527    32785 
   942   2562  1     gi|279    30516    30718 
   943   1438  1     gi|201     2489     3972 
   943   6613  1     gi|562     6536     8022 
   944   1439  1     gi|201     4148     4406 
   944   4599 -1     gi|417    30632    31090 
   944   8956  1     gi|717    14600    14717 
   944   7460 -1     gi|617      704      781 
   944   7461  1     gi|617      785     1045 
   944   8257 -1      gi|67     9938    10333 
   944   9239 -1     gi|738    31425    31749 
   944   3735  1     gi|357    35590    35669 
   944   4256 -1     gi|398     1695     1887 
   945   1441  1     gi|201     8014     8945 
   945   6610 -1     gi|562     4337     4559 
   945   6611 -1     gi|562     4485     5674 
   946   1442  1     gi|201     9071     9157 
   946   3906  1     gi|369    31009    31095 
   947   1443  1     gi|201    15192    15376 
   947   2827  1     gi|297    32413    32613 
   947  10160 -1      gi|93    21221    21420 
   947  10219 -1      gi|97    30601    30690 
   947  10220 -1      gi|97    37557    37649 
   948   1447  1     gi|201    22290    22394 
   948   2638 -1     gi|283    25382    25485 
   949   1449  1     gi|201    31536    32575 
   949   7463 -1     gi|617     3929     4362 
   949   7557 -1     gi|624     6717     6899 
   949  11040  1     gi|128    13806    14831 
   949  11042  1     gi|201    16494    17305 
   950   1456  1     gi|202     3093     3200 
   950  11481  1      gi|37    29113    30673 
   950   6502  1     gi|555    17917    19477 
   950  11486 -1     gi|645     5310     6869 
   951   1457  1     gi|202     7502     7726 
   951   3428 -1     gi|338    34483    34941 
   951   3113  1     gi|315    33571    33966 
   951   5384  1     gi|476    26544    27011 
   951   6333  1     gi|542    13206    13450 
   951   9331 -1     gi|744    21739    21827 
   952   1458  1     gi|202     9276     9311 
   952   2953  1     gi|304     7225     7260 
   953   1459  1     gi|202     9300    10153 
   953   6033 -1     gi|519    34406    34440 
   953  11808  1      gi|82    37530    39394 
   953   5519 -1     gi|482    26278    26808 
   953   6034 -1     gi|519    34721    35234 
   954   1460  1     gi|202    10320    11477 
   954   6848 -1     gi|575    35301    36396 
   954  11794 -1     gi|334     3616     3766 
   954   9075  1     gi|724    31112    31379 
   955   1461  1     gi|202    11507    13217 
   955   9990  1      gi|82    21421    22909 
   955   9149  1     gi|731    35653    35837 
   955  11822  1     gi|202    27390    29072 
   955   9148  1     gi|731    35272    35743 
   956   1463  1     gi|202    14347    15584 
   956   7704 -1     gi|632    17120    18357 
   957   1464  1     gi|202    15963    16837 
   957   5932 -1     gi|511    38033    38907 
   957   9120 -1     gi|727    40096    40147 
   957   4130  1     gi|388    16971    17033 
   958   1465  1     gi|202    20019    21140 
   958   7703 -1     gi|632    16009    17134 
   959   1466  1     gi|202    21153    22987 
   959  11805  1      gi|82    23280    23336 
   959  12534  1      gi|82    34989    36750 
   959  12532  1     gi|202     2115     3105 
   960   1467  1     gi|202    23515    25049 
   960   9144  1     gi|731    26645    28185 
   960   4079 -1     gi|385     2376     2827 
   961   1468  1     gi|202    25253    26087 
   961   3386 -1     gi|334     5159     6006 
   961   7039  1     gi|586    33018    33566 
   961  11798  1     gi|489    30970    31753 
   961   7088  1      gi|59    26175    26303 
   962   1474  1     gi|202    33598    33783 
   962   1908 -1     gi|232    19971    20186 
   963   1475  1     gi|203        1      759 
   963   5535 -1     gi|483    20571    21334 
   964   1476  1     gi|203     1905     2379 
   964   5925 -1     gi|510    30834    32090 
   964   4966  1     gi|441    20342    21609 
   964   5197  1     gi|462     3204     3483 
   964   5196  1     gi|462     3082     3273 
   965   1478  1     gi|203     4246     4487 
   965   3161  1     gi|318     5043     5281 
   965  11823  1     gi|319    11761    11990 
   965  11825  1     gi|600    30736    30973 
   966   1479  1     gi|203     6083     6324 
   966   7020  1     gi|586    16950    17426 
   966   6617 -1     gi|562    12718    13191 
   966   3272  1     gi|324     9690    10139 
   967   1481  1     gi|203     9894    10016 
   967   4429 -1     gi|407    29973    30090 
   967   1483  1     gi|203    16386    16498 
   968   1482  1     gi|203    11373    11753 
   968   8604  1     gi|694        3     1270 
   968   3118  1     gi|315    36964    38236 
   968  11827 -1     gi|407    28253    28878 
   968   1484  1     gi|203    17790    18217 
   969   1485  1     gi|203    19600    20069 
   969   4428 -1     gi|407    29034    29678 
   970   1486  1     gi|203    20534    21005 
   971   1487  1     gi|203    23593    24290 
   971   8006 -1     gi|656    16482    16934 
   972   1500  1     gi|204     5751     6707 
   972   6046  1      gi|52    26034    26116 
   973   1502  1     gi|204    11298    11741 
   973   8027  1     gi|657     3122     4119 
   973   1503  1     gi|204    11753    11807 
   973   1510 -1     gi|204    26800    27773 
   974   1506  1     gi|204    17188    17346 
   974   5428  1     gi|478     9837    10218 
   974   3323 -1     gi|329    16708    16933 
   974   6101  1     gi|524     3443     3824 
   974   8460  1     gi|684    33004    33145 
   974   8461  1     gi|684    33354    33557 
   974   9059 -1     gi|724     4259     4453 
   974  12528 -1     gi|722    13234    13482 
   974   2166 -1     gi|253    33757    33852 
   974   3977  1     gi|379    16286    16496 
   975   1507  1     gi|204    17474    17733 
   975   5447 -1     gi|479    24325    24551 
   976   1508  1     gi|204    23332    23434 
   976   8028 -1     gi|657     4114     4207 
   977   1509  1     gi|204    24534    24693 
   977   5835 -1     gi|504    31816    31969 
   977   5444 -1     gi|479    14532    14680 
   978   1516  1     gi|204    38479    38568 
   978   6418 -1     gi|549    12146    12291 
   978   2986 -1     gi|306     6485     6672 
   978   7472  1     gi|617    18230    18385 
   978   9869  1     gi|783    13489    13540 
   978   9872 -1     gi|783    19114    19166 
   979   1518  1     gi|205     2187     2326 
   979   8367  1     gi|678    11424    11545 
   980   1519  1     gi|205    35447    36535 
   980   5658 -1     gi|491    10877    11958 
   980   5659 -1     gi|491    13779    14836 
   981   1521  1     gi|205    38204    38323 
   981   5294  1     gi|470     7608     7724 
   981   6058  1     gi|522    13761    13880 
   982   1525  1     gi|206    15936    16079 
   982  10055 -1      gi|86    37913    38068 
   983   1527  1     gi|207     1309     1998 
   983  11838  1      gi|40    15223    15467 
   983  11844  1     gi|697     5837     6512 
   983   7435 -1     gi|613    38406    39075 
   983  11840 -1      gi|51    29886    30552 
   983  11842 -1     gi|599    12308    12979 
   983   5171 -1     gi|460    15114    15179 
   983  11841 -1     gi|558    37198    37451 
   984   1528  1     gi|207    11703    11765 
   984   7769 -1      gi|64    29964    30025 
   985   1530  1     gi|208     3431     3917 
   985  10063 -1      gi|87    11663    12597 
   985  10119 -1      gi|91     4517     5503 
   985  10062 -1      gi|87     9716    10247 
   985   1531  1     gi|208     4118     4320 
   985  10061 -1      gi|87     9197     9406 
   985  10064 -1      gi|87    13545    13857 
   986   1532  1     gi|208     5117     5307 
   986   5179  1     gi|460    39905    40081 
   987   1533  1     gi|208     5308     6728 
   987   7830  1     gi|647        2     1411 
   987   5169 -1     gi|460     9397    10231 
   987   5170 -1     gi|460    10765    11440 
   988   1535  1     gi|208     7475     7570 
   988   4933 -1     gi|440      778      979 
   988   3608  1     gi|349    13367    13576 
   989   1536  1     gi|208     8893     9107 
   989   9550 -1     gi|757    30253    30477 
   989  11453 -1     gi|155    32590    32839 
   989  11454  1      gi|17    39294    39527 
   989  11457  1     gi|723    27185    27363 
   989   8141 -1     gi|664      396      554 
   989   8290 -1     gi|672    22307    22362 
   989  11458 -1     gi|469    37854    38016 
   989  11455  1     gi|460    28273    28385 
   990   1538  1     gi|208    16698    16819 
   990   4779 -1      gi|43     5319     5579 
   991   1540  1     gi|208    21371    21599 
   991   4854 -1     gi|435     2848     3078 
   992   1541  1     gi|208    22141    23565 
   992   4853 -1     gi|435      896     2329 
   992   5867 -1     gi|508     3056     3292 
   993   1542  1     gi|208    34152    35068 
   993  10117  1      gi|91       21      851 
   994   1544  1     gi|208    37149    37202 
   994   8825  1     gi|707    39913    40081 
   994   5972  1     gi|514    39627    39999 
   995   1545  1     gi|208    37482    39414 
   995  10118  1      gi|91      746     2694 
   996   1546  1     gi|208    39483    39680 
   996   6632 -1     gi|564     9151     9352 
   997   1547  1     gi|209        1      128 
   997   5231  1     gi|464     3438     3569 
   998   1548  1     gi|209     1179     1631 
   998   4736 -1     gi|426     3860     4543 
   998   5232 -1     gi|464     4593     5547 
   998   1550  1     gi|209     1963     2450 
   998   5178 -1     gi|460    36087    36184 
   999   1551  1     gi|209     3475     4075 
   999   5233  1     gi|464     6572     7174 
  1000   1552  1     gi|209     4515     5173 
  1000   5234  1     gi|464     7182     7844 
  1001   1553  1     gi|209     5301     5383 
  1001   2435  1      gi|27    33226    33303 
  1002   1554  1     gi|209     6810     6965 
  1002   3502  1     gi|343    30657    30802 
  1003   1555  1     gi|209     7191     7378 
  1003   3503  1     gi|343    30791    30979 
  1004   1556  1     gi|209     7481     7590 
  1004   3504  1     gi|343    30971    31080 
  1005   1559  1     gi|209    18621    19126 
  1005   3635 -1      gi|35     1665     2170 
  1006   1560  1     gi|209    19367    19873 
  1006   3634 -1      gi|35      943     1449 
  1007   1561  1     gi|209    25258    25432 
  1007   1576 -1     gi|211     4480     5326 
  1008   1562  1     gi|209    25432    25822 
  1008   1575 -1     gi|211     4125     4528 
  1009   1563  1     gi|209    25870    25925 
  1009   1591  1     gi|211    18286    20123 
  1010   1564  1     gi|209    35506    35637 
  1010   7939  1     gi|652      289      435 
  1011   1565  1      gi|21     5786     6023 
  1011   4992 -1     gi|442    27854    28049 
  1011   5004 -1     gi|442    38380    38522 
  1012   1566  1      gi|21     6236     6429 
  1012   4991 -1     gi|442    27589    27782 
  1013   1570  1      gi|21    28766    28993 
  1013   4858  1     gi|435     7039     7798 
  1013   6343 -1     gi|542    32178    32951 
  1013   4700  1     gi|423    36562    36873 
  1013   4293 -1       gi|4    18000    18325 
  1013   7479 -1     gi|617    30236    30577 
  1013   3046  1     gi|310    35683    36444 
  1013   4856  1     gi|435     5453     5642 
  1013  10015  1      gi|84     5904     6029 
  1013   4857  1     gi|435     6794     7280 
  1013   4855  1     gi|435     5343     5478 
  1014   1571  1      gi|21    31619    31665 
  1014   2016 -1     gi|240    32297    32343 
  1015   1572  1      gi|21    33016    33158 
  1015   2775  1     gi|292    34584    34725 
  1016   1577  1     gi|211     5330     5839 
  1016   8130 -1     gi|662    27325    28459 
  1016   1587  1     gi|211    16677    17028 
  1016   1598  1     gi|211    28857    29923 
  1016   6453  1     gi|552    32563    32745 
  1017   1578  1     gi|211     5917     7405 
  1017   8129 -1     gi|662    25829    27309 
  1018   1579  1     gi|211     7463     7674 
  1018   8128 -1     gi|662    25619    25842 
  1019   1580  1     gi|211     8163     8669 
  1020   1581  1     gi|211     8452     9827 
  1020   7553 -1     gi|623    18768    20275 
  1020   5458 -1      gi|48     2818     3156 
  1020   7549 -1     gi|623    15062    15213 
  1020   1593 -1     gi|211    20536    20661 
  1020   1599  1     gi|211    29682    31027 
  1020   1606  1     gi|211    39874    39981 
  1020   7545 -1     gi|623     8513     8736 
  1021   1582  1     gi|211    10078    10229 
  1021  11849 -1     gi|662    31806    33187 
  1021   1584  1     gi|211    10576    12876 
  1021   8127 -1     gi|662    23143    24902 
  1021   7543 -1     gi|623     5576     7939 
  1021  11848 -1     gi|662    31072    31796 
  1021   1583  1     gi|211    10227    10578 
  1021   1601  1     gi|211    31482    32981 
  1021   6449  1     gi|552    30425    30534 
  1021  11852  1     gi|211    24393    25126 
  1022   1585  1     gi|211    13327    15537 
  1022  11850  1     gi|552    35098    35268 
  1022   8131 -1     gi|662    28378    30583 
  1022   7542 -1     gi|623     3689     5170 
  1022  12486  1     gi|552    30602    32052 
  1022   1596  1     gi|211    25585    27684 
  1022   7548 -1     gi|623    13168    14088 
  1022   7552 -1     gi|623    18312    18483 
  1022   8133 -1     gi|662    33747    33837 
  1023   1586  1     gi|211    14780    16666 
  1023   7550 -1     gi|623    15222    17117 
  1023   7547 -1     gi|623    11346    13168 
  1023   1590  1     gi|211    17554    17901 
  1023   1597  1     gi|211    26981    29341 
  1023  11851  1     gi|211    22802    24393 
  1023   6452  1     gi|552    32294    32554 
  1023   7541 -1     gi|623     3511     3686 
  1024   1588  1     gi|211    17078    17366 
  1024   7544 -1     gi|623     8117     8532 
  1024   1602  1     gi|211    33327    34825 
  1025   1589  1     gi|211    17447    17510 
  1025   6361  1     gi|544    18538    18600 
  1026   1594  1     gi|211    20975    22432 
  1027   1600  1     gi|211    30868    31305 
  1028   1603  1     gi|211    35804    35847 
  1028   1911 -1     gi|232    27478    27513 
  1028   3163 -1     gi|318    29191    29228 
  1028   3322  1     gi|329    15155    15195 
  1028   3437 -1      gi|34     4195     4233 
  1028   4703 -1     gi|424     6761     6804 
  1028   5665 -1     gi|491    25634    25670 
  1028   5764  1       gi|5    30372    30412 
  1028   6547  1     gi|558    34501    34532 
  1028   8088  1     gi|660     6998     7042 
  1028   8326 -1     gi|674    39738    39782 
  1028   8406 -1     gi|680    17232    17269 
  1028   9377  1     gi|747     5979     6022 
  1028   9662 -1     gi|766    32940    32982 
  1028  10638 -1     gi|112     8218     8259 
  1028  10640 -1      gi|13    27809    27850 
  1028  10642 -1     gi|214    27528    27569 
  1028  10644 -1     gi|354    24930    24970 
  1028  10646 -1     gi|402    20868    20909 
  1028  10648 -1     gi|493    25661    25702 
  1028  10649  1     gi|581     7568     7610 
  1028  10650 -1     gi|673    21988    22029 
  1028  10652  1     gi|701    10528    10569 
  1029   1605  1     gi|211    38120    39564 
  1030   1609  1     gi|212     8244     8429 
  1030   4474  1      gi|41    17643    17830 
  1030   4482  1      gi|41    32179    32362 
  1030   6094  1     gi|523    28368    28554 
  1030   1620  1     gi|212    37144    37330 
  1031   1610  1     gi|212    10130    11122 
  1031   4483  1      gi|41    34064    35047 
  1031   6095  1     gi|523    30255    31248 
  1031  11854  1      gi|41    19530    20515 
  1031  11856  1     gi|523     3116     4099 
  1031   1621  1     gi|212    39030    40000 
  1032   1611  1     gi|212    13390    14190 
  1032   4476  1      gi|41    22765    23584 
  1033   1614  1     gi|212    17898    19646 
  1033   6088  1     gi|523     9123    10871 
  1034   1615  1     gi|212    22587    22622 
  1034   6089  1     gi|523    13816    13851 
  1035   1616  1     gi|212    23421    24914 
  1035   2130  1     gi|252    17550    19041 
  1035   6090  1     gi|523    14650    16143 
  1036   1617  1     gi|212    24953    25040 
  1036   2131  1     gi|252    19013    19100 
  1036   6091  1     gi|523    16182    16269 
  1037   1618  1     gi|212    32267    33242 
  1037   4479  1      gi|41    27450    28431 
  1037   6092  1     gi|523    23490    24465 
  1037   7897  1      gi|65    38582    38837 
  1037   4466  1      gi|41    10477    10737 
  1038   1623  1     gi|214    27173    27212 
  1038   6952 -1     gi|581     7927     7966 
  1039   1625  1     gi|214    27941    28230 
  1039  11720 -1     gi|581    11053    11345 
  1039  11724 -1     gi|629     2142     2424 
  1040   1626  1     gi|214    28749    28871 
  1040  11719 -1     gi|581    10611    11052 
  1040   1629  1     gi|214    38221    38259 
  1040  10212 -1      gi|97    22750    23822 
  1040   4434  1     gi|407    35805    35903 
  1040  11723 -1     gi|629     1024     2128 
  1040   6950 -1     gi|581     7084     7565 
  1040   7312 -1     gi|605    26010    26699 
  1041   1628  1     gi|214    35000    38084 
  1041   3201  1     gi|320    17113    20203 
  1041   5899  1      gi|51    27638    27887 
  1041   9610  1     gi|762    26495    29306 
  1041  11768  1     gi|640    37697    37894 
  1042   1631  1     gi|215    17640    21210 
  1042   4131 -1     gi|388    19349    19493 
  1042   6120 -1     gi|525    12391    16094 
  1042   5684 -1     gi|493    27668    27916 
  1042   9010 -1     gi|720    18652    19165 
  1042  11862 -1     gi|720    19180    19443 
  1043   1633  1     gi|215    25214    25387 
  1043   6118 -1     gi|525     8532     8704 
  1044   1634  1     gi|216     1262     1560 
  1045   1635  1     gi|216     1833     1949 
  1046   1636  1     gi|216     3315     3488 
  1046   3291 -1     gi|327     2252     3572 
  1046  10454  1     gi|617     1548     2941 
  1046   1738 -1     gi|225    21366    22143 
  1046   6407 -1     gi|549      151      434 
  1046  10457  1     gi|327    24663    26031 
  1047   1637  1     gi|216     3817     4037 
  1047   3819 -1     gi|363    18636    18980 
  1047   2897  1     gi|300    33772    34482 
  1047   4222 -1     gi|394        2     2276 
  1047   2892  1     gi|300    28414    30784 
  1047   2899  1     gi|300    36327    37109 
  1047   2898  1     gi|300    35468    35965 
  1047   4229 -1     gi|394    10931    11073 
  1047  12249 -1      gi|32    36688    37023 
  1048   1638  1     gi|216    13107    13337 
  1048   2427 -1      gi|27     4089     4322 
  1049   1639  1     gi|216    15577    15915 
  1049   5996  1     gi|516    17397    17753 
  1049   9221  1     gi|738     6749     7084 
  1049   9441 -1      gi|75     7189     7456 
  1049   2555  1     gi|279     3310     3583 
  1049   6000  1     gi|516    25626    25866 
  1050   1640  1     gi|216    17992    18615 
  1050   6928 -1     gi|580     3331     3947 
  1051   1641  1     gi|216    18614    21758 
  1051   6927 -1     gi|580        5     3146 
  1052   1643  1     gi|216    34950    35247 
  1052   8157 -1     gi|664    35256    35928 
  1052   9290  1     gi|741    37115    37848 
  1053   1647  1     gi|216    38864    39300 
  1053   1710  1     gi|223    19998    20056 
  1053   3684 -1     gi|353    13398    13812 
  1054   1655  1     gi|217    28863    29184 
  1054  10206 -1      gi|97     5045     5366 
  1055   1656  1     gi|217    30595    30801 
  1055  10205 -1      gi|97     3428     3634 
  1056   1657  1     gi|217    32040    32234 
  1056  10204 -1      gi|97     1995     2189 
  1057   1659  1     gi|217    37148    37275 
  1057   6534 -1     gi|557    37223    37388 
  1057   3370 -1     gi|332    15331    15426 
  1058   1660  1     gi|217    37579    37629 
  1058   6533 -1     gi|557    36916    36966 
  1059   1661  1     gi|217    37618    37831 
  1059   3369 -1     gi|332    14813    15026 
  1060   1662  1     gi|218     3565     3999 
  1060   5426  1     gi|478     8330     8752 
  1061   1663  1     gi|218     4057     5064 
  1061   5427  1     gi|478     8749     9774 
  1062   1664  1     gi|218    24628    24763 
  1062   9541 -1     gi|757     1182     1310 
  1063   1670  1     gi|219     4726     4848 
  1063   8899  1     gi|712    30464    30588 
  1064   1671  1     gi|219     4840     6301 
  1064   8902  1     gi|712    31472    32840 
  1065   1674  1     gi|219    26112    26153 
  1065   2853  1       gi|3    18044    18085 
  1066   1675  1     gi|219    26323    29623 
  1066  11863  1       gi|3    18716    22019 
  1066  11866 -1     gi|219    32384    35691 
  1067   1676  1     gi|219    30537    30924 
  1067  11864  1       gi|3    22022    23105 
  1067  11865 -1     gi|219    31297    32384 
  1068   1678  1     gi|219    39499    39576 
  1068   2618 -1     gi|282     1704     1937 
  1068   5745 -1     gi|497    30650    30891 
  1068   6824 -1     gi|574    13364    13559 
  1069   1680  1     gi|220    17337    17558 
  1069   5606  1     gi|489       41      249 
  1070   1681  1     gi|220    17885    18085 
  1070   9622 -1     gi|764     3451     3657 
  1070   5607  1     gi|489      588      742 
  1071   1682  1     gi|220    18223    18577 
  1071   5608  1     gi|489      975     1040 
  1071   9621 -1     gi|764     2888     3253 
  1071   5609  1     gi|489     1078     1209 
  1072   1683  1     gi|220    18789    18883 
  1072   5611  1     gi|489     1469     1566 
  1073   1684  1     gi|221     2502     2590 
  1073  11868  1     gi|767    36789    37846 
  1073   8455  1     gi|684    23811    24225 
  1073  11870  1     gi|609     4139     5200 
  1074   1685  1     gi|221     6234     6402 
  1074  10502 -1     gi|601    25230    32988 
  1074   2020 -1     gi|240    36759    36880 
  1074  10490 -1     gi|171    12606    20364 
  1074  10597 -1     gi|573    35578    35800 
  1074   3497  1     gi|343    15677    16108 
  1074  10595  1     gi|570    30171    30444 
  1074  10596 -1     gi|573    34976    35331 
  1074   9948 -1      gi|80     2996     3224 
  1075   1686  1     gi|221     6379     7451 
  1075   2772 -1     gi|292    17154    18349 
  1075   3574  1     gi|347    32765    33970 
  1075   4489 -1     gi|410     8904     9557 
  1075   5226  1     gi|463    24222    24517 
  1076   1688  1     gi|221     7766     8447 
  1076   2271 -1      gi|26    29268    29961 
  1076   7448  1     gi|616     1955     2452 
  1077   1689  1     gi|221     8557     8816 
  1078   1690  1     gi|221     8965     9266 
  1078   4459 -1      gi|41     5046     8147 
  1078   2903 -1     gi|301     2610     3235 
  1078   6490 -1     gi|554    36821    37792 
  1078   7647  1     gi|629    38973    40000 
  1078  10264  1     gi|109    28340    31790 
  1078  10265 -1     gi|314     5080     8529 
  1078   3319  1     gi|329     5389     5678 
  1078   1691  1     gi|221     9363     9430 
  1078   4458 -1      gi|41     4127     4484 
  1078   9819 -1     gi|779    37432    37599 
  1078   3022 -1      gi|31    16102    16467 
  1079   1692  1     gi|221    14862    15172 
  1079   4924 -1      gi|44    17788    18117 
  1079   1693  1     gi|221    16432    16755 
  1079   1694  1     gi|221    17738    18028 
  1080   1695  1     gi|221    35490    36066 
  1080   3750  1      gi|36     3622     4364 
  1080   1696  1     gi|221    36871    37639 
  1080   1697  1     gi|221    38078    38577 
  1081   1699  1     gi|222     8750     8799 
  1081   6882 -1     gi|577    16422    17893 
  1081   2347  1     gi|264     5676     6700 
  1081   8404 -1     gi|680    14383    15248 
  1081   2494  1     gi|275     6271     7477 
  1081  11617  1     gi|482    21047    21621 
  1081   6880 -1     gi|577    13414    13558 
  1081   6881 -1     gi|577    14362    14772 
  1082   1700  1     gi|222     9848     9919 
  1082   4873 -1     gi|437     6731     6802 
  1083   1701  1     gi|222    10300    10480 
  1083   4872 -1     gi|437     6266     6446 
  1084   1703  1     gi|222    25667    25734 
  1084   4499  1     gi|411    12192    12259 
  1085   1704  1     gi|223      449     2157 
  1085   7602  1     gi|626    37900    39645 
  1086   1705  1     gi|223     4610     4755 
  1086   7626 -1     gi|627    38594    38739 
  1087   1706  1     gi|223    10550    11990 
  1087   8377 -1     gi|678    25042    26488 
  1088   1714  1     gi|224     2797     2881 
  1088   7063  1     gi|588    12599    14860 
  1088   1978 -1     gi|239    12738    12938 
  1088   9156  1     gi|733       36     2186 
  1088   4492  1     gi|410    30889    31167 
  1088   4493  1     gi|410    32266    34432 
  1088   1979 -1     gi|239    12934    14268 
  1088   7062  1     gi|588    11754    12150 
  1089   1717  1     gi|224    29111    29522 
  1089   3594  1     gi|348    18049    18463 
  1089   9811  1     gi|779    24183    24425 
  1090   1718  1     gi|224    29709    29837 
  1090   3595  1     gi|348    18662    18790 
  1091   1721  1     gi|224    35064    35166 
  1091   2767  1     gi|292    13805    13908 
  1092   1723  1     gi|225     2192     3562 
  1092   7305 -1     gi|605      382     1788 
  1093   1724  1     gi|225     3651     3877 
  1093   8890 -1     gi|712     9636     9885 
  1094   1725  1     gi|225     3871     3951 
  1094  10722  1     gi|116    29178    29890 
  1094   1728  1     gi|225     5845     5888 
  1094   3511  1     gi|344    30734    31444 
  1094   4123 -1     gi|387    36198    36907 
  1094   4685 -1     gi|423     6216     6925 
  1094  10720  1     gi|114    22181    22890 
  1094  10723 -1     gi|167    20086    20734 
  1094  10724 -1       gi|2     5150     5861 
  1094  10725  1     gi|225     7281     7784 
  1094  10727  1     gi|243    15953    16640 
  1094  10729  1     gi|386    34886    35595 
  1094  10732 -1     gi|703    35083    35770 
  1094   1730  1     gi|225     7009     7087 
  1094   2035 -1     gi|243    10362    10427 
  1094   9328  1     gi|744    15696    15766 
  1094  10734 -1      gi|80    37691    37763 
  1094   5175  1     gi|460    23748    24345 
  1094   2036 -1     gi|243    10473    10541 
  1094   9327  1     gi|744    15126    15352 
  1095   1726  1     gi|225     4240     4316 
  1095   8898  1     gi|712    29998    30193 
  1095   4693  1     gi|423    27806    27976 
  1095   8154  1     gi|664    28773    28907 
  1096   1727  1     gi|225     4324     4463 
  1096   4696  1     gi|423    30408    30591 
  1096   8624  1     gi|695    17563    17746 
  1096   8796  1     gi|706    14765    14948 
  1097   1729  1     gi|225     6267     6423 
  1097   4945 -1     gi|440    20244    20322 
  1097   6574  1      gi|56    36985    37146 
  1098   1732  1     gi|225    12270    12323 
  1098   4502  1     gi|411    26983    27035 
  1098   4503 -1     gi|411    27629    27681 
  1098   4704 -1     gi|424     6876     6930 
  1098   7336 -1     gi|607     3084     3138 
  1098  10580  1     gi|673     2218     2268 
  1098  10581 -1     gi|116      654      705 
  1099   1733  1     gi|225    13566    13700 
  1099   4702 -1     gi|424     3488     3628 
  1099   5006  1     gi|443     3774     3911 
  1099   7335 -1     gi|607     1739     1876 
  1100   1735  1     gi|225    18430    18499 
  1100   7278 -1     gi|602     4988     5751 
  1100   2774  1     gi|292    24022    24318 
  1100   5934  1     gi|512    25040    25739 
  1100   9249 -1     gi|739    17067    17699 
  1101   1736  1     gi|225    19472    19761 
  1101   4497  1     gi|411     4386     4624 
  1102   1737  1     gi|225    20144    20251 
  1102   6237  1     gi|537     7214     7331 
  1103   1739  1     gi|225    22884    23154 
  1104   1740  1     gi|225    28569    28665 
  1104  10978 -1     gi|441    22742    23418 
  1104   7142  1     gi|592    23847    23972 
  1105   1741  1     gi|225    28662    28712 
  1105  10857  1      gi|51     7883     8783 
  1105   9505  1     gi|753    21457    21636 
  1105  10854  1     gi|199     9819    10718 
  1106   1744  1     gi|225    30409    30559 
  1106   7086  1      gi|59    24632    25686 
  1106   1749  1     gi|225    35917    36821 
  1107   1747  1     gi|225    32824    32898 
  1107   9118  1     gi|727    36184    36258 
  1108   1750  1     gi|225    36821    37268 
  1108   7087  1      gi|59    25783    26205 
  1108   5391  1     gi|476    32652    32742 
  1109   1751  1     gi|225    38509    38963 
  1109   7848  1     gi|648     1041     1238 
  1109   7981 -1     gi|655    20011    20433 
  1110   1753  1     gi|225    39534    39974 
  1111   1754  1     gi|226      213      749 
  1111   8539  1      gi|69     9069     9300 
  1111   9825  1      gi|78     9618    10189 
  1111   9836  1      gi|78    28064    28208 
  1112   1756  1     gi|226     2145     2284 
  1112   6110  1     gi|524    19716    19855 
  1113   1757  1     gi|226     2868     2946 
  1113  11884  1     gi|591    14066    14259 
  1113   5469 -1      gi|48    21846    21988 
  1113   5569 -1     gi|485    16490    16556 
  1113   8362 -1     gi|677    31554    31745 
  1113  11881  1     gi|289        6      141 
  1113  11885  1     gi|241     6525     6588 
  1113  11882 -1     gi|485    16894    17009 
  1113   3068  1     gi|312    23256    23349 
  1114   1758  1     gi|226     3185     3427 
  1114   5733  1     gi|495    37747    37954 
  1115   1759  1     gi|226     3409     3812 
  1116   1760  1     gi|226     4028     5080 
  1116  10739 -1     gi|115    12102    17455 
  1116  10424 -1     gi|775     4348     9708 
  1116   7994  1     gi|656     2124     2645 
  1116  10426 -1     gi|384     2131     3910 
  1117   1761  1     gi|226     5502     5616 
  1117   2865  1      gi|30    11064    11620 
  1117   9594 -1     gi|761    30078    30473 
  1118   1765  1     gi|226    12368    12456 
  1118   1958  1     gi|236    26986    27074 
  1118   2114  1     gi|250    29468    29556 
  1118   8536  1      gi|69        1       87 
  1119   1766  1     gi|226    14851    15876 
  1119   4832 -1     gi|432    18082    19081 
  1119   2586 -1      gi|28    27487    28090 
  1119   5655 -1     gi|490    32086    32378 
  1119   2042 -1     gi|243    22333    22711 
  1119   6726  1      gi|57    17853    17891 
  1120   1767  1     gi|226    15897    16380 
  1120   5007  1     gi|443     4041     4878 
  1120   4829 -1     gi|432    17136    17438 
  1121   1768  1     gi|226    16228    16625 
  1121   5654 -1     gi|490    30991    31376 
  1122   1769  1     gi|226    16667    17275 
  1122   5653 -1     gi|490    29402    30010 
  1123   1770  1     gi|226    17611    18059 
  1123   5652 -1     gi|490    28877    29337 
  1124   1771  1     gi|226    18635    18725 
  1124   5651 -1     gi|490    28458    28549 
  1125   1772  1     gi|226    22400    22487 
  1125   2833 -1     gi|298    16152    16239 
  1125   4638 -1     gi|420    20943    21029 
  1126   1773  1     gi|226    25761    26436 
  1126   7119  1     gi|591     3657     4709 
  1126   2148  1     gi|252    36667    37579 
  1126   4195 -1     gi|391    14404    15318 
  1126   4405 -1     gi|406     6756     7158 
  1126   2832 -1     gi|298    13696    14716 
  1126   4637 -1     gi|420     7758     8809 
  1126  11887  1     gi|226    26747    27038 
  1127   1776  1     gi|226    30801    33030 
  1127   5650 -1     gi|490    25770    28080 
  1127  11002 -1     gi|123    13381    14024 
  1128   1777  1     gi|226    33548    34527 
  1128   4828 -1     gi|432    16580    17136 
  1128   5649 -1     gi|490    24811    25829 
  1129   1785  1     gi|228     6358     7145 
  1129   7842  1     gi|647    31282    32069 
  1129  10246 -1      gi|99    26977    27764 
  1129  11688 -1     gi|187    10649    11436 
  1129  11689  1     gi|203     2995     3759 
  1129   5198  1     gi|462     3783     4078 
  1129   3160  1     gi|318     4286     4556 
  1129   7263  1     gi|600    27609    27651 
  1129   7527 -1     gi|621    32873    33053 
  1129  11690 -1     gi|483    20359    20562 
  1130   1786  1     gi|228    10113    11325 
  1130   3812 -1     gi|362    36152    37964 
  1130   1791 -1     gi|228    20209    21928 
  1130   3290 -1     gi|327       64      248 
  1131   1787  1     gi|228    11885    12020 
  1131   2127 -1     gi|251    37964    38096 
  1132   1788  1     gi|228    12078    13959 
  1132   2126 -1     gi|251    35643    37528 
  1133   1792  1     gi|228    21885    22638 
  1133   2168  1     gi|253    35496    36230 
  1134   1795  1     gi|228    24303    24461 
  1135   1798  1     gi|228    25980    26300 
  1135   3257  1     gi|323     8941     9293 
  1136   1799  1     gi|228    26472    26671 
  1136   4154 -1      gi|39    14738    14952 
  1136  11895 -1     gi|731    19304    19491 
  1136  11897  1     gi|267    38258    38481 
  1137   1802  1     gi|228    34692    34781 
  1137   5280 -1      gi|47    18077    18162 
  1138   1803  1     gi|228    36822    37355 
  1138   2151  1     gi|253      220      719 
  1138  11898 -1     gi|525    19748    20139 
  1138   4597 -1     gi|417    27445    27739 
  1138   4598  1     gi|417    27745    28136 
  1139   1804  1     gi|228    38290    38331 
  1139   2152  1     gi|253     1347     1388 
  1139   4605 -1     gi|417    38734    38773 
  1140   1807  1     gi|229    10616    10870 
  1141   1808  1     gi|229    11244    11344 
  1141   6809 -1     gi|573    36722    36817 
  1142   1809  1     gi|229    11393    13321 
  1142   2659 -1     gi|284    16065    17771 
  1142   1810  1     gi|229    13603    14383 
  1142   1816  1     gi|229    21582    22495 
  1142   1821  1     gi|229    27380    27641 
  1142   1824  1     gi|229    34098    35693 
  1142   1827  1     gi|229    39093    39354 
  1142   3361 -1     gi|331    30129    31745 
  1142   1815  1     gi|229    20334    21992 
  1142   1823  1     gi|229    32746    34510 
  1142   2660 -1     gi|284    17924    18952 
  1142   7478 -1     gi|617    30189    30277 
  1143   1811  1     gi|229    14621    14830 
  1143  11900 -1     gi|507     9752     9963 
  1143  11901  1     gi|345     6980     7139 
  1144   1812  1     gi|229    16616    17121 
  1144  11899 -1     gi|507     9239     9752 
  1144  11902  1     gi|345     7149     7344 
  1145   1813  1     gi|229    17128    17169 
  1145   5886 -1     gi|509    21067    21105 
  1146   1817  1     gi|229    22925    23213 
  1146   3349 -1     gi|331    18241    21156 
  1146   4692  1     gi|423    26750    26923 
  1146  10014  1      gi|84     5810     5936 
  1147   1818  1     gi|229    24253    24624 
  1147  11904  1     gi|284    35981    36364 
  1147   1825  1     gi|229    36765    37130 
  1147  11906  1     gi|229    17857    18256 
  1147   2655 -1     gi|284     4139     4225 
  1148   1822  1     gi|229    28564    28697 
  1148   2652 -1     gi|284     1484     1637 
  1149   1826  1     gi|229    38734    38771 
  1149   6184 -1     gi|532     4354     4393 
  1150   1828  1      gi|23     7715     8141 
  1150  11907 -1     gi|446    30488    32548 
  1150   1829  1      gi|23     8197     8794 
  1150   1832  1      gi|23    11887    13196 
  1150   1833  1      gi|23    13660    13975 
  1150   1834  1      gi|23    15449    16421 
  1150   1835  1      gi|23    16791    16951 
  1150   1836  1      gi|23    17614    17808 
  1150   3711  1     gi|356    36884    40159 
  1150  11908 -1     gi|446    32550    33777 
  1150   1831  1      gi|23    11424    11573 
  1151   1830  1      gi|23     8953     9613 
  1152   1837  1      gi|23    20879    20953 
  1152   3675 -1     gi|351    22485    22605 
  1152   1840  1      gi|23    24883    24998 
  1152   9401  1     gi|748    26897    27021 
  1152   8421  1     gi|681    22719    22849 
  1152   8609  1     gi|694    21342    21460 
  1152   9403 -1     gi|748    29677    29789 
  1153   1838  1      gi|23    23484    23633 
  1153   7001  1     gi|584    19107    19433 
  1153   6380 -1     gi|545    26689    26875 
  1153   6381 -1     gi|545    26940    27310 
  1153   8234  1     gi|669      800      861 
  1153   2883  1     gi|300    15369    15465 
  1153   8233  1     gi|669      550      786 
  1154   1839  1      gi|23    24581    24645 
  1154   7002  1     gi|584    19650    19706 
  1155   1841  1      gi|23    31290    31512 
  1155  11911 -1     gi|775    19937    20203 
  1155   5727  1     gi|495    32136    32287 
  1155   6963  1     gi|581    29375    29628 
  1155   8182  1     gi|665    25411    25504 
  1155  10635 -1     gi|543    32770    32995 
  1155  10636  1     gi|430    19488    19709 
  1155  11909 -1     gi|425    12980    13203 
  1155  11913  1     gi|639    30160    30365 
  1155   9772  1     gi|775    16420    16545 
  1155  11912  1     gi|331    28977    29124 
  1156   1842  1      gi|23    32987    33055 
  1156   8218  1     gi|667     4310     4379 
  1157   1843  1     gi|230     8161     8270 
  1157   9839 -1      gi|78    32888    33647 
  1158   1845  1     gi|230     9574     9634 
  1158   4715  1     gi|424    20059    20119 
  1159   1847  1     gi|230    10670    12179 
  1159   8772  1     gi|703    26310    28148 
  1159   1942 -1     gi|234    33367    35264 
  1160   1850  1     gi|230    22720    23205 
  1160   5990 -1     gi|516     4886     4958 
  1161   1853  1     gi|230    25873    26136 
  1161   6886  1     gi|577    35690    35947 
  1161   8617  1     gi|694    28491    28695 
  1161  11918 -1     gi|244    11605    11866 
  1161  11921  1     gi|747    39175    39438 
  1161  11920  1     gi|694    26472    26514 
  1162   1857  1     gi|230    28080    28652 
  1162   7330  1     gi|606    20490    21095 
  1162   1862 -1     gi|230    37090    37699 
  1163   1858  1     gi|230    29026    29871 
  1163   7331  1     gi|606    21146    22404 
  1163   1861 -1     gi|230    35719    36964 
  1164   1864  1     gi|231      170      348 
  1164   4029 -1     gi|381    25317    25400 
  1164   4308 -1      gi|40    10153    10312 
  1165   1867  1     gi|231     3617     3764 
  1165   6591 -1     gi|561    14309    14456 
  1166   1868  1     gi|231     4216     5546 
  1167   1869  1     gi|231     5834     7708 
  1167   2021  1     gi|240    37381    38085 
  1167   5266 -1     gi|469    25823    27682 
  1167   5268 -1     gi|469    30310    30473 
  1167   5270 -1     gi|469    30699    31598 
  1167   5272 -1     gi|469    36151    36235 
  1167   1870  1     gi|231     7705     8036 
  1167   1871  1     gi|231     8038     8221 
  1168   1874  1     gi|231     8946     9013 
  1168   4394  1     gi|404    27155    27223 
  1169   1875  1     gi|231     9275     9927 
  1169   5271 -1     gi|469    31816    32643 
  1169   5267 -1     gi|469    27448    28049 
  1169   1878  1     gi|231    12005    12297 
  1170   1876  1     gi|231     9939    10116 
  1170   5269 -1     gi|469    30531    30693 
  1171   1879  1     gi|231    19502    19672 
  1171   4956  1     gi|440    39908    40078 
  1172   1880  1     gi|231    19690    20458 
  1172   4954  1     gi|440    36612    36727 
  1172   4955  1     gi|440    38644    39475 
  1173   1881  1     gi|231    20710    23438 
  1173   4938  1     gi|440    10351    12040 
  1173   4939  1     gi|440    12989    13491 
  1173   4940  1     gi|440    13536    14073 
  1173   4941  1     gi|440    15679    17635 
  1173   4948  1     gi|440    27049    27591 
  1173   4952  1     gi|440    35065    35701 
  1173   4953  1     gi|440    35713    36606 
  1174   1882  1     gi|231    24339    25381 
  1174   8121  1     gi|662      951     2027 
  1175   1883  1     gi|231    25613    26590 
  1175   8122  1     gi|662     2133     3186 
  1176   1884  1     gi|231    27152    27195 
  1176   6573 -1      gi|56    36839    36882 
  1177   1885  1     gi|231    27370    27537 
  1177   5504 -1     gi|482     1015     1182 
  1178   1886  1     gi|231    27937    27993 
  1178   5503 -1     gi|482      955     1014 
  1179   1887  1     gi|231    29800    30113 
  1179   5502 -1     gi|482      645      955 
  1180   1888  1     gi|232     2575     2729 
  1180   1992 -1      gi|24     2208     2408 
  1180  11925  1     gi|259     8955     9163 
  1180  11926  1     gi|294      800     1006 
  1180  11928  1     gi|296     8564     8776 
  1180  11931  1     gi|448    11433    11640 
  1180  11932  1     gi|588    23848    24056 
  1180  11933  1     gi|591    20668    20875 
  1180  11934 -1      gi|94    28060    28266 
  1180  11929 -1     gi|410    10177    10266 
  1180  11935 -1     gi|410     7847     7928 
  1181   1889  1     gi|232     2889     2943 
  1181   2140 -1     gi|252    26028    26077 
  1182   1890  1     gi|232     3084     3423 
  1182   2138 -1     gi|252    25623    25964 
  1182   1893  1     gi|232     4390     4628 
  1182   1900 -1     gi|232    16835    16908 
  1182   1906 -1     gi|232    19129    19457 
  1183   1891  1     gi|232     3434     3744 
  1183   2132 -1     gi|252    21304    21393 
  1183   2137 -1     gi|252    24599    24977 
  1183   1905 -1     gi|232    18764    19129 
  1184   1892  1     gi|232     4140     4202 
  1184   2139 -1     gi|252    25960    26017 
  1185   1894  1     gi|232     4677     4790 
  1185   7746 -1     gi|638    23919    25900 
  1185  11821 -1     gi|525    17110    19408 
  1185  11936 -1     gi|638    33577    35472 
  1185  11939  1     gi|232    11435    12517 
  1185  11940 -1     gi|638    25901    25953 
  1185  11943 -1     gi|638    33311    33574 
  1185   1897  1     gi|232    12510    13372 
  1185   7745 -1     gi|638    23824    23945 
  1186   1898  1     gi|232    13366    13454 
  1186  11942 -1     gi|638    33174    33309 
  1186  11820 -1     gi|525    16959    17110 
  1187   1903  1     gi|232    18227    18433 
  1187   2135  1     gi|252    23616    23822 
  1188   1904  1     gi|232    18432    18638 
  1188   2136  1     gi|252    24389    24593 
  1189   1907  1     gi|232    19596    19658 
  1189  11662  1     gi|212    14594    17118 
  1189   4478  1      gi|41    24410    26944 
  1189   4485  1      gi|41    38086    38812 
  1189   7168  1     gi|596     6522     8734 
  1189   7999 -1     gi|656     8903     8999 
  1190   1909  1     gi|232    23314    23571 
  1190   2405  1     gi|267    26933    27448 
  1190   4007 -1     gi|380    10933    11448 
  1191   1910  1     gi|232    25683    25782 
  1191   2134  1     gi|252    22559    22648 
  1192   1912  1     gi|233      668     1501 
  1192   3205 -1     gi|321     7049     7426 
  1192   3235 -1     gi|321    34626    35861 
  1192   2499  1     gi|275    18454    19592 
  1192   3212 -1     gi|321    11158    11674 
  1192   3225 -1     gi|321    24346    25445 
  1192   3236 -1     gi|321    36948    37138 
  1192   3237 -1     gi|321    37127    37709 
  1193   1915  1     gi|233     7114     8559 
  1194   1916  1     gi|233     9146    10635 
  1194  11461 -1     gi|156    21268    22135 
  1194  11464  1     gi|602     6641     7001 
  1194  12529 -1     gi|732     4524     4565 
  1195   1918  1     gi|233    13911    14275 
  1195   8450 -1     gi|682    31437    31801 
  1196   1919  1     gi|233    14563    14877 
  1196   8449 -1     gi|682    30778    31095 
  1197   1920  1     gi|233    15014    15645 
  1197   8448 -1     gi|682    29859    30495 
  1198   1921  1     gi|233    22958    23342 
  1198   6861  1     gi|576    18468    18843 
  1199   1923  1     gi|233    26406    26571 
  1199   4585  1     gi|416    30981    31177 
  1199   6525 -1     gi|557    26560    26690 
  1200   1926  1     gi|233    37410    38601 
  1200   5362  1     gi|475    10304    11087 
  1200  11948  1     gi|751    15021    16184 
  1200  11945 -1     gi|474    20473    21643 
  1200  11950  1     gi|233    35394    36614 
  1200   5363  1     gi|475    11407    11704 
  1200   9687  1     gi|768     3889     4059 
  1200  11951  1     gi|233    33589    34755 
  1201   1927  1     gi|234        1      740 
  1201   7675 -1     gi|630    23653    24381 
  1202   1930  1     gi|234    17071    17181 
  1202  10123  1      gi|91    17749    20061 
  1202  11276 -1     gi|141    19566    20645 
  1202  11275 -1     gi|141    18401    19563 
  1202   3153  1     gi|317    14115    14506 
  1203   1931  1     gi|234    18082    18137 
  1203  11953  1     gi|437    36233    36549 
  1203   1932  1     gi|234    19148    19469 
  1203   1937  1     gi|234    29514    29750 
  1203   1938  1     gi|234    30715    31064 
  1203  11952  1     gi|437    36164    36233 
  1204   1933  1     gi|234    20119    20285 
  1204   6559  1      gi|56     6304     6468 
  1205   1934  1     gi|234    20873    21029 
  1205   6560  1      gi|56     6407     6566 
  1206   1935  1     gi|234    21629    22057 
  1206   6561  1      gi|56     7178     7607 
  1207   1936  1     gi|234    22551    23109 
  1207   6784 -1     gi|572    36832    37365 
  1208   1939  1     gi|234    32115    32308 
  1208   8077  1      gi|66    20949    21132 
  1209   1943  1     gi|234    36107    36239 
  1209   8771 -1     gi|703    25792    25936 
  1210   1946  1     gi|236     2626     3802 
  1210   2109 -1     gi|250        1     2423 
  1210   2007 -1     gi|240    16950    19381 
  1210  10572  1     gi|741      463      817 
  1211   1951  1     gi|236     9199    14493 
  1211   2945  1     gi|304        1     1404 
  1211   4770 -1     gi|429    18284    23559 
  1211   4771 -1     gi|429    23768    23801 
  1211   7777  1     gi|640    31534    36827 
  1212   1953  1     gi|236    17105    17471 
  1212   5545  1     gi|484      886     1259 
  1212   5937 -1     gi|512    36926    37288 
  1213   1956  1     gi|236    23996    24881 
  1213   2740 -1     gi|290     1272     2950 
  1213   2355  1     gi|264    32077    33267 
  1213   6656  1     gi|566    35835    36086 
  1213   7253  1     gi|600     2296     3444 
  1213   7254  1     gi|600    10645    10959 
  1213   1957  1     gi|236    24934    25078 
  1213   1959  1     gi|236    28936    29723 
  1214   1960  1     gi|236    29846    30424 
  1214   2356  1     gi|264    33596    34158 
  1215   1961  1     gi|236    30498    34833 
  1215   2357  1     gi|264    34325    38633 
  1216   1962  1     gi|236    35396    35618 
  1216   8870 -1     gi|710    24623    24849 
  1217   1963  1     gi|236    35734    36135 
  1217   2358  1     gi|264    39558    39990 
  1218   1964  1     gi|236    36781    36863 
  1218   6508  1     gi|555    34444    34526 
  1219   1965  1     gi|236    36974    38922 
  1219   6509  1     gi|555    35354    37092 
  1220   1966  1     gi|236    39168    39915 
  1221   1970  1     gi|237    12248    12498 
  1221   5933  1     gi|512    13312    13512 
  1222   1971  1     gi|237    19959    20189 
  1222   2343 -1     gi|264      754     1006 
  1222   7646  1     gi|629    31138    31389 
  1222  11960  1     gi|608    36946    37134 
  1222  11962 -1     gi|724    23712    23920 
  1222  11963  1      gi|82    36856    37095 
  1222   4606 -1     gi|417    38806    38873 
  1222  10308 -1      gi|59     8548     8734 
  1222  11965  1     gi|485    31830    31935 
  1222  10306 -1     gi|111    29293    29440 
  1223   1972  1     gi|237    20393    20533 
  1223   8961  1     gi|717    38704    38846 
  1223   8013 -1     gi|656    25806    25860 
  1224   1973  1     gi|237    27550    27676 
  1224   6433 -1      gi|55    26271    26406 
  1225   1980  1     gi|239    15140    15183 
  1225  10354  1     gi|465     7328     8105 
  1225   3915  1     gi|369    36913    37463 
  1225  10327 -1     gi|200     8694     9209 
  1225  10330 -1      gi|52    10212    10997 
  1225  10355  1     gi|522     1388     1667 
  1225   7246  1      gi|60     8445     8545 
  1225  10326  1     gi|174      860     1054 
  1226   1981  1     gi|239    21066    22049 
  1226   2626  1     gi|283     2907     3861 
  1226   9919 -1      gi|79    34429    34890 
  1226   1984  1     gi|239    25382    26324 
  1227   1983  1     gi|239    23255    24789 
  1227   2627  1     gi|283     5132     6656 
  1227   9917 -1      gi|79    32078    32311 
  1228   1985  1     gi|239    26245    26476 
  1228   9918 -1      gi|79    33804    34026 
  1229   1986  1     gi|239    27620    29036 
  1230   1987  1     gi|239    29665    29761 
  1230   4711  1     gi|424    10911    11007 
  1231   1990  1     gi|239    34273    34575 
  1231   4712  1     gi|424    11018    11318 
  1232   1991  1     gi|239    37687    39938 
  1232   6598  1     gi|561    21510    21604 
  1232   6912 -1      gi|58       75     2544 
  1232   5706  1     gi|494    32945    35376 
  1232   5704  1     gi|494    30399    30997 
  1233   1993  1      gi|24     3766     4656 
  1233  11859 -1     gi|215     7833     7948 
  1233  11858 -1     gi|215     7210     7833 
  1233  11857 -1     gi|215     7068     7208 
  1234   1994  1      gi|24     4494     4823 
  1234   2083 -1     gi|248      846     1279 
  1234   2084 -1     gi|248    14671    15100 
  1234   3288 -1     gi|326    16323    16757 
  1234   7154 -1     gi|593    30597    31027 
  1234   7878 -1     gi|649    17047    17480 
  1235   1995  1      gi|24     5906     6181 
  1235   7153 -1     gi|593    18148    23752 
  1235   2527 -1     gi|277    10275    15298 
  1235   4118 -1     gi|387    17940    23197 
  1235   8509 -1     gi|688    25379    25466 
  1235   4119 -1     gi|387    23630    24013 
  1235   2121 -1     gi|250    36657    40130 
  1235  11985 -1     gi|277     9309    10277 
  1235  11988 -1     gi|593    17546    17927 
  1235  11986 -1     gi|387    15573    15839 
  1236   1996  1      gi|24     8106     8915 
  1236   8508 -1     gi|688    21671    22400 
  1237   1999  1      gi|24    16472    16809 
  1237   7209  1     gi|599    17755    17828 
  1237   7884 -1     gi|649    39509    39844 
  1238   2000  1      gi|24    18212    18266 
  1238   7245 -1      gi|60     7316     7371 
  1239   2001  1      gi|24    26810    28145 
  1239   8925 -1     gi|714    29958    31123 
  1240   2002  1     gi|240    10407    11064 
  1240   8199  1     gi|666      109      767 
  1241   2003  1     gi|240    12202    12537 
  1241   8200  1     gi|666      764     1092 
  1242   2004  1     gi|240    12532    14236 
  1242   8201  1     gi|666     1154     2819 
  1242   8202  1     gi|666     2875     3024 
  1243   2005  1     gi|240    14081    16655 
  1243  11967  1     gi|666     3079     5666 
  1243  11969  1     gi|240    25138    25505 
  1244   2006  1     gi|240    16658    16931 
  1244   7441 -1     gi|615    13964    14187 
  1245   2008  1     gi|240    19381    19839 
  1245  11968  1     gi|666     5666     6124 
  1245  11970  1     gi|240    25533    25858 
  1246   2009  1     gi|240    20418    21726 
  1246   7009 -1     gi|585     6796     8099 
  1247   2013  1     gi|240    28977    29087 
  1247   4050 -1     gi|382    31632    33231 
  1247   6752  1     gi|570    23746    25354 
  1248   2014  1     gi|240    29091    29216 
  1248   9722  1     gi|770    38551    38676 
  1249   2017  1     gi|240    32710    32781 
  1249   7584  1     gi|625     8469     8537 
  1250   2018  1     gi|240    33325    34781 
  1250  10408  1     gi|199     6047     8038 
  1250  10411  1      gi|51     4064     6104 
  1251   2019  1     gi|240    34882    36434 
  1251  10412  1      gi|51     6104     7840 
  1251  10415  1     gi|199     8039     9775 
  1252   2025  1     gi|241    24647    25310 
  1252   3056 -1     gi|311    39414    40081 
  1253   2026  1     gi|241    26061    26463 
  1253   3055 -1     gi|311    37957    38348 
  1254   2027  1     gi|242      809      910 
  1254  11386 -1     gi|250    20621    24444 
  1254   4455 -1     gi|409    36509    36645 
  1254   6291 -1     gi|540    21378    21488 
  1254  11390 -1     gi|387    10856    15267 
  1254  11391 -1     gi|593     9157    13560 
  1254  11394 -1     gi|277     2526     6941 
  1254   8451  1     gi|682    39402    39543 
  1255   2028  1     gi|243        1     1015 
  1255   7540  1     gi|623     2347     3361 
  1256   2029  1     gi|243     1458     1674 
  1256  10620 -1     gi|314      725     4026 
  1256   4457 -1      gi|41        3     3239 
  1256   7394  1     gi|610     5126     6889 
  1256   9818 -1     gi|779    35192    37434 
  1256  10605 -1     gi|480    28434    28770 
  1256  10615  1     gi|109    32842    35862 
  1256   7485 -1     gi|618     4838     6089 
  1256   8486 -1     gi|686    38695    38771 
  1256   7484 -1     gi|618     4679     4736 
  1256  10609  1     gi|610     3736     5121 
  1256  10603 -1      gi|29    32971    33119 
  1256  10607  1     gi|534    22926    23072 
  1256  10616  1     gi|329     6998     7137 
  1256  10619 -1     gi|430    39917    40055 
  1257   2031  1     gi|243     3272     4148 
  1257   2583 -1      gi|28    26241    27290 
  1257   7817 -1     gi|645    13859    14045 
  1257   2032  1     gi|243     6357     6443 
  1257  11700  1     gi|243     3273     3382 
  1257  11702  1     gi|320    15164    15233 
  1258   2033  1     gi|243     6808     7200 
  1258   3559 -1     gi|347    23701    24093 
  1258   9077 -1     gi|724    31969    32355 
  1258  11971 -1     gi|283    33618    33814 
  1258   6042 -1      gi|52    17173    17303 
  1259   2038  1     gi|243    13512    14267 
  1259  10343 -1     gi|452    38578    39215 
  1259   2947 -1     gi|304     2938     3060 
  1259   3023 -1      gi|31    16448    17172 
  1259   4285  1       gi|4     5165     5393 
  1259   4727 -1     gi|425     9016     9341 
  1259  10176 -1      gi|94     9278     9366 
  1260   2044  1     gi|243    25222    25410 
  1260   2523  1     gi|276    36321    36441 
  1261   2045  1     gi|243    25717    26322 
  1261   2219 -1     gi|256    36497    37070 
  1261   5878 -1     gi|509    10956    11159 
  1262   2046  1     gi|243    31809    32589 
  1262   8635 -1     gi|696     2282     3212 
  1262   6627 -1     gi|563    20847    21516 
  1262   8638 -1     gi|696     5687     6367 
  1263   2049  1     gi|244      234      808 
  1263   5866 -1     gi|508     2650     3136 
  1263   4778 -1      gi|43     5031     5167 
  1264   2050  1     gi|244     1073     1335 
  1264   5865 -1     gi|508     2120     2379 
  1265   2051  1     gi|244    10385    10509 
  1265   4534  1     gi|413     2278     2390 
  1266   2053  1     gi|244    12242    13039 
  1267   2055  1     gi|244    19554    19618 
  1267  11353  1     gi|412    19833    19898 
  1267  11355  1      gi|66     9029     9094 
  1268   2056  1     gi|244    20897    21053 
  1268   3821  1     gi|363    24145    24302 
  1269   2060  1     gi|244    30207    31097 
  1269   7774  1     gi|640    18287    18470 
  1269   7775  1     gi|640    19841    20815 
  1270   2061  1     gi|244    32289    32538 
  1270   7032 -1     gi|586    24978    26694 
  1270   9986  1      gi|82    12898    13749 
  1270   9996 -1      gi|82    30603    30889 
  1270   9998  1      gi|82    31270    31464 
  1271   2062  1     gi|245     9369     9406 
  1271   2803  1     gi|294    13031    13068 
  1272   2063  1     gi|245    12341    12525 
  1272   7599 -1     gi|626    13059    13258 
  1273   2065  1     gi|246      257      318 
  1273   3495 -1     gi|343    12722    12783 
  1273   4632  1     gi|419    38042    38103 
  1273   5017  1     gi|445        1       56 
  1273   6299  1     gi|540    37284    37345 
  1273   6538 -1     gi|558     7446     7507 
  1273   7785 -1     gi|641    24122    24183 
  1273   8209 -1     gi|666    21090    21151 
  1274   2066  1     gi|246      953     4476 
  1274   3494 -1     gi|343     8561    12088 
  1275   2068  1     gi|246     9565     9863 
  1275   3470  1     gi|340    28612    28910 
  1275   6757  1     gi|570    34244    34538 
  1275   7350 -1     gi|608    33385    33683 
  1276   2070  1     gi|246    12711    13216 
  1276   7383  1      gi|61    27828    28552 
  1276   4242  1     gi|394    37728    38356 
  1276   4241  1     gi|394    23710    23892 
  1276   6759  1     gi|570    37385    37891 
  1276   8429 -1     gi|681    31510    32316 
  1276  11976  1     gi|510     5041     5546 
  1276  11977 -1     gi|515    39204    39997 
  1276  11978  1     gi|340    31755    32260 
  1276   3528 -1     gi|346     6444     6600 
  1276   5462  1      gi|48    12742    12811 
  1277   2071  1     gi|246    13384    15874 
  1277   7349 -1     gi|608    30894    33384 
  1277   3473  1     gi|340    32427    34917 
  1277   6760  1     gi|570    38058    40000 
  1278   2072  1     gi|246    17609    19069 
  1278   3474  1     gi|340    36652    38112 
  1278   7348 -1     gi|608    28972    29159 
  1278   7347 -1     gi|608    28737    28975 
  1278   9821 -1     gi|779    39084    39201 
  1279   2074  1     gi|246    28872    31505 
  1279   7345 -1     gi|608    16415    19048 
  1280   2076  1     gi|247     4622     6182 
  1280   4501  1     gi|411    25228    26826 
  1280   2077  1     gi|247     7118     8682 
  1281   2078  1     gi|247     9562     9630 
  1281   9658 -1     gi|766    23178    23246 
  1282   2079  1     gi|247    26420    26521 
  1282   8530 -1     gi|689    25559    25651 
  1283   2080  1     gi|247    29509    29596 
  1283   9394 -1     gi|748    18028    18115 
  1284   2081  1     gi|247    29859    29929 
  1284   9393 -1     gi|748    17550    17620 
  1285   2085  1     gi|248    28251    28873 
  1285  11407 -1     gi|155      582     1208 
  1285   2091 -1     gi|248    38120    38742 
  1285  11408 -1     gi|243     8658     8806 
  1286   2086  1     gi|248    29127    29294 
  1286   9593 -1     gi|761    27369    27779 
  1286   9770 -1     gi|775    11980    12387 
  1287   2096  1     gi|249     3971     4519 
  1288   2098  1     gi|249     6986     7180 
  1288   6011  1     gi|518     6967     7157 
  1288   6012  1     gi|518     8674     8802 
  1288  11531  1     gi|249    27360    27490 
  1289   2100  1     gi|249    14509    14578 
  1289   8278  1     gi|671    14338    14398 
  1290   2102  1     gi|249    18952    19189 
  1290   2268 -1      gi|26    28223    28460 
  1291   2103  1     gi|249    19189    21810 
  1291   2267 -1      gi|26    23744    26364 
  1292   2104  1     gi|249    24459    24493 
  1292   9326  1     gi|744    13625    13659 
  1293   2108  1     gi|249    39722    39877 
  1293   9737 -1     gi|772    13439    14461 
  1293   7468  1     gi|617    14237    15719 
  1293   7023 -1     gi|586    18746    18911 
  1294   2110  1     gi|250     3962     4061 
  1294   2699  1     gi|286    25861    25960 
  1294   7888 -1      gi|65     3291     3390 
  1295   2111  1     gi|250     9307     9358 
  1295   2528  1     gi|277    27352    27406 
  1295   3286  1     gi|326     2687     2741 
  1295   3289  1     gi|326    35409    35462 
  1296   2112  1     gi|250    20567    20649 
  1296  11388  1     gi|387    10144    10227 
  1296  11979  1     gi|593     6549     6625 
  1297   2115  1     gi|250    31430    32251 
  1297  11981  1     gi|593    16683    17526 
  1297  11982  1     gi|387    15268    15370 
  1297  11983  1     gi|277     9200     9290 
  1298   2123  1     gi|251     6829     6965 
  1298   8125  1     gi|662    18667    18794 
  1299   2124  1     gi|251    13471    14059 
  1299   6992  1     gi|583    36297    36851 
  1300   2129  1     gi|252    15500    15654 
  1300  11667  1     gi|523     8347     8647 
  1300  11663  1     gi|212    17119    17422 
  1301   2142  1     gi|252    28656    29087 
  1301   9693  1     gi|768     7060     7585 
  1301  10974 -1     gi|311    33438    33993 
  1301  10975  1     gi|660    35111    35661 
  1301   2143  1     gi|252    29249    29325 
  1301   5057  1     gi|448    19033    19305 
  1302   2144  1     gi|252    29598    29752 
  1302   7537 -1     gi|622    29661    29814 
  1302   2145 -1     gi|252    29834    29900 
  1303   2149  1     gi|252    38491    38604 
  1303   7321 -1     gi|605    36268    36380 
  1303   8301  1     gi|673     2935     2988 
  1304   2150  1     gi|252    38672    38765 
  1304   6301 -1     gi|540    38890    39089 
  1304   3186 -1      gi|32    15599    15710 
  1304   3920 -1     gi|369    39626    39823 
  1304  10943 -1     gi|605    35597    35795 
  1304  10945 -1     gi|116    12009    12094 
  1305   2155  1     gi|253     8052     8666 
  1305   7409  1     gi|611    27158    27220 
  1305   7410  1     gi|611    27304    27689 
  1306   2156  1     gi|253     8858     9172 
  1306   7411  1     gi|611    35081    35396 
  1307   2158  1     gi|253    10439    11380 
  1307   9642  1     gi|765    24008    24859 
  1308   2159  1     gi|253    11371    12465 
  1308   3168 -1     gi|318    36121    37173 
  1308   8137 -1     gi|662    39324    40021 
  1308   2956  1     gi|304    10843    11160 
  1308   8136 -1     gi|662    38737    38863 
  1309   2167  1     gi|253    35179    35499 
  1309   4604 -1     gi|417    37410    37741 
  1309  10471 -1       gi|2    34315    34482 
  1309  10470 -1       gi|2    34267    34313 
  1309  10473  1     gi|738    14555    14778 
  1309  10474  1     gi|228    39365    39619 
  1309  10472  1     gi|228    25389    25535 
  1309  10476  1     gi|253     2812     3029 
  1310   2172  1     gi|253    38599    38909 
  1310   3784  1     gi|361    24258    24547 
  1311   2175  1     gi|254     8255     8334 
  1311   5828  1     gi|502    34242    34321 
  1312   2176  1     gi|254    33280    33412 
  1312   6116  1     gi|525     5105     5231 
  1312  10045 -1      gi|85    33972    34103 
  1313   2177  1     gi|254    33564    33922 
  1313  10379  1     gi|246    25124    28290 
  1313   8072 -1      gi|66     2201     2327 
  1313  10382 -1     gi|608    19630    22798 
  1313  10385  1     gi|740     4168     7334 
  1313  10387 -1     gi|759    22426    22762 
  1313  11994  1     gi|289    29610    29929 
  1313  11998 -1     gi|607    20787    20997 
  1313   7340 -1     gi|607    20600    20717 
  1313   7622 -1     gi|627    34505    34832 
  1313  11995  1     gi|681     6957     7026 
  1313   4951  1     gi|440    33858    34156 
  1313  11996  1     gi|703    18399    18746 
  1313   4028 -1     gi|381    19775    19966 
  1314   2179  1     gi|254    35302    36095 
  1314   8572  1     gi|690    35104    35901 
  1315   2180  1     gi|254    39328    40021 
  1315   5929 -1     gi|511    17790    18461 
  1316   2182  1     gi|255     5387     5428 
  1316  10177 -1      gi|94     9447     9489 
  1317   2184  1     gi|255     5782     6227 
  1317   6413 -1     gi|549     9056     9510 
  1317  11600  1     gi|727    36698    36774 
  1318   2185  1     gi|255     6278     6513 
  1318   6606  1     gi|561    39731    39967 
  1319   2187  1     gi|255     8386     8481 
  1319   5264 -1     gi|468    38301    40000 
  1319   8811 -1     gi|707     4621     4755 
  1319   8814 -1     gi|707     8534    10172 
  1319   8817  1     gi|707    14812    15164 
  1320   2188  1     gi|255    12947    13439 
  1320   4233 -1     gi|394    13444    13941 
  1320   2197  1     gi|255    22168    22383 
  1321   2189  1     gi|255    13447    13516 
  1321  11256 -1     gi|583    25795    26380 
  1321  11259  1     gi|140    34235    34820 
  1322   2190  1     gi|255    14531    15138 
  1322   4232 -1     gi|394    11756    12395 
  1322   2196 -1     gi|255    21377    21703 
  1322   2198  1     gi|255    22949    23576 
  1322   2205 -1     gi|255    26702    26857 
  1323   2191  1     gi|255    15159    15255 
  1323   2888 -1     gi|300    19745    19847 
  1323   2199  1     gi|255    23597    23693 
  1323   2204 -1     gi|255    26589    26676 
  1324   2192  1     gi|255    15269    15727 
  1324   2900  1     gi|300    38874    39557 
  1324   2200  1     gi|255    23706    24405 
  1324   2877  1     gi|300    11531    11744 
  1324   9655 -1     gi|766     9442     9764 
  1325   2193  1     gi|255    15912    16137 
  1325   2878  1     gi|300    12029    12275 
  1325   2201  1     gi|255    24349    24569 
  1326   2194  1     gi|255    18730    20825 
  1326   3188  1      gi|32    18617    18966 
  1326   7412  1     gi|611    36140    36300 
  1326  12001  1     gi|300    25978    27649 
  1326  12006 -1     gi|394     4123     6247 
  1326  12008  1     gi|255    36790    38436 
  1326   7112  1     gi|590    27363    28737 
  1326   7359 -1     gi|609    12895    13083 
  1326  12000  1     gi|300    25625    25942 
  1326  12007  1     gi|255    36455    36788 
  1326   7358 -1     gi|609    12533    12767 
  1327   2195  1     gi|255    21050    21167 
  1327  12004 -1     gi|394     3744     3921 
  1327   2210  1     gi|255    38669    38844 
  1327  12003  1     gi|300    27849    28030 
  1328   2203  1     gi|255    25839    26514 
  1328   2876  1     gi|300    11012    11513 
  1328  11999  1     gi|300    18502    18880 
  1329   2206  1     gi|255    29545    29607 
  1329  11656  1     gi|178    30772    31691 
  1329  11659 -1     gi|631    14892    15801 
  1329   3158 -1     gi|318     1124     1632 
  1330   2207  1     gi|255    35220    35344 
  1330   4226 -1     gi|394     9108     9647 
  1331   2208  1     gi|255    35489    36411 
  1331   4225 -1     gi|394     6361     7332 
  1332   2213  1     gi|256     6907     7485 
  1332   2938  1     gi|302    35370    35805 
  1333   2214  1     gi|256    11044    11114 
  1333   5432  1     gi|478    26079    26298 
  1333   5058 -1     gi|448    20319    20461 
  1333   9124  1     gi|729     9650     9886 
  1334   2218  1     gi|256    29789    29867 
  1334   5300 -1     gi|470    28934    29013 
  1335   2221  1     gi|257     3687     3827 
  1335   2915  1     gi|301    31025    31165 
  1335   2919  1     gi|301    36884    37023 
  1336   2223  1     gi|257    36557    37109 
  1336   5951 -1     gi|513    20781    21638 
  1336  11915  1     gi|230     8270     8483 
  1336  11916  1     gi|415    20770    21666 
  1336   4470  1      gi|41    12809    12859 
  1336   4471  1      gi|41    14386    15208 
  1336   7265 -1     gi|600    31368    31692 
  1337   2224  1     gi|258        1     2117 
  1337   6112  1     gi|524    21067    23189 
  1338   2225  1     gi|258     2149     2816 
  1338   6114  1     gi|524    31093    31761 
  1339   2226  1     gi|258     2815     3171 
  1339   6115  1     gi|524    33518    33874 
  1340   2227  1     gi|258     3169     3660 
  1340   8314  1     gi|674     6327     6818 
  1341   2228  1     gi|258     3659     3715 
  1341   8315  1     gi|674     7355     7411 
  1342   2229  1     gi|258     4788     4910 
  1342   8316  1     gi|674     7408     7530 
  1343   2230  1     gi|258     5732     5859 
  1343   8317  1     gi|674     7514     7644 
  1344   2231  1     gi|258     5855     6458 
  1344   8318  1     gi|674    15694    16297 
  1345   2232  1     gi|258     6457     6626 
  1345   8319  1     gi|674    18737    18906 
  1346   2233  1     gi|258     6803     9228 
  1346   9855 -1     gi|781    36497    38995 
  1346   9876  1     gi|783    31417    31830 
  1347   2234  1     gi|258     9837     9917 
  1347   4622 -1     gi|418    26106    26184 
  1348   2235  1     gi|258    10046    10181 
  1348   9585  1     gi|761     6932     7582 
  1348   2236  1     gi|258    10413    10690 
  1348   2240  1     gi|258    15200    15841 
  1348   2241 -1     gi|258    17729    18376 
  1348   2242  1     gi|258    19471    20112 
  1348   2243  1     gi|258    22515    23160 
  1348   2245  1     gi|258    29728    30365 
  1348   2246  1     gi|258    31934    32583 
  1349   2244  1     gi|258    27178    27269 
  1349   2336  1     gi|262    24250    24346 
  1350   2247  1     gi|258    35885    37473 
  1350   6360  1     gi|544     9229    10868 
  1351   2251  1     gi|259     8620     8954 
  1351   5756  1       gi|5    21027    21361 
  1352   2253  1     gi|259     9166    14068 
  1352   5757  1       gi|5    21355    26264 
  1353   2254  1     gi|259    14061    14152 
  1353   5766  1       gi|5    37118    37215 
  1354   2255  1     gi|259    14136    14266 
  1354   5096  1     gi|452     6498     6628 
  1355   2256  1     gi|259    14261    15237 
  1355   5097  1     gi|452     9957    10932 
  1356   2258  1     gi|259    31563    31766 
  1356   8026  1     gi|657      529      861 
  1356   4536 -1     gi|413     3554     3876 
  1357   2259  1     gi|259    33492    34126 
  1357  10065 -1      gi|87    19410    19976 
  1357  10080 -1      gi|88    36026    36601 
  1357  10066 -1      gi|87    19825    20346 
  1358   2261  1     gi|259    36177    37320 
  1358   8030 -1     gi|657    13605    13806 
  1358   8034 -1     gi|657    19852    21005 
  1359   2262  1     gi|259    37307    37896 
  1359   8032 -1     gi|657    15154    15743 
  1360   2263  1     gi|259    38218    39123 
  1360   9932 -1       gi|8    11415    12320 
  1361   2264  1     gi|259    39443    40173 
  1361   9931 -1       gi|8    10406    11136 
  1362   2272  1      gi|26    31590    33639 
  1362   4108 -1     gi|386    29687    31444 
  1363   2273  1      gi|26    35206    35721 
  1363   9536 -1     gi|755    37668    38184 
  1364   2274  1     gi|260        1       38 
  1364   5092  1     gi|452     2593     2630 
  1365   2275  1     gi|260      479      584 
  1365   5093  1     gi|452     3071     3176 
  1366   2276  1     gi|260     1718     1816 
  1366  12009  1     gi|442    36728    37376 
  1366   7450  1     gi|616     5161     5260 
  1366   9268  1      gi|74    27738    28550 
  1366   4978  1     gi|442    10760    11466 
  1366  12010  1     gi|442    37379    37582 
  1367   2277  1     gi|260     2015     2152 
  1367   4987  1     gi|442    23929    24073 
  1368   2278  1     gi|260     2155     3528 
  1368   4988  1     gi|442    24560    25810 
  1369   2279  1     gi|260     3486     3617 
  1369   5003  1     gi|442    38234    38375 
  1370   2280  1     gi|260     9699    11472 
  1370   8293  1     gi|672    24775    27463 
  1370   2290  1     gi|260    22191    24915 
  1371   2281  1     gi|260    12604    13916 
  1371   7732  1     gi|637     3576     4861 
  1371   6429 -1     gi|549    35855    36022 
  1372   2282  1     gi|260    14758    16470 
  1372   5376  1     gi|476      920     2607 
  1372   9764 -1     gi|774    33265    33785 
  1372   5728 -1     gi|495    33017    33210 
  1372   8895 -1     gi|712    27888    28175 
  1373   2283  1     gi|260    17209    18705 
  1373   3884  1     gi|368    25005    26559 
  1373  11506 -1     gi|552    32845    34406 
  1373  11509  1     gi|368    37988    39474 
  1373  12485 -1     gi|552    26204    27743 
  1373   3883  1     gi|368    22256    23790 
  1373   6456 -1     gi|552    35418    36964 
  1373   3888  1     gi|368    32922    33810 
  1373   3889  1     gi|368    35580    36428 
  1374   2284  1     gi|260    19882    20113 
  1374   4612  1     gi|418    16496    16720 
  1374   8061  1     gi|659    12409    12643 
  1375   2285  1     gi|260    20367    20538 
  1375   4613  1     gi|418    17007    17159 
  1375   8062  1     gi|659    12897    13068 
  1376   2286  1     gi|260    20556    20770 
  1376  12011  1     gi|418    20132    20350 
  1376   8063  1     gi|659    13086    13300 
  1377   2287  1     gi|260    20762    20824 
  1377   4618  1     gi|418    20540    20604 
  1377   8064  1     gi|659    13292    13354 
  1378   2289  1     gi|260    21934    22019 
  1378  12014  1     gi|440    27838    27964 
  1378   4321  1      gi|40    26764    26927 
  1378   6451 -1     gi|552    32058    32230 
  1378   6945  1     gi|580    38506    38672 
  1378   9076  1     gi|724    31537    31666 
  1378   3816  1     gi|363    10983    11130 
  1378   8615  1     gi|694    26550    26607 
  1378   8616  1     gi|694    28372    28452 
  1379   2299  1     gi|261     1879     2002 
  1379   2885 -1     gi|300    15956    16190 
  1379   5656 -1     gi|490    39889    40137 
  1380   2303  1     gi|261     4481     7066 
  1380   2330  1     gi|262     3534     3582 
  1380   4059  1     gi|384     4247     6837 
  1381   2305  1     gi|261    10528    10590 
  1381   9939  1       gi|8    22831    23773 
  1381  10545 -1     gi|414    32536    33478 
  1381  10548  1     gi|673    14526    15468 
  1381   2306  1     gi|261    11729    12175 
  1381   8185  1     gi|665    28253    28317 
  1381  11641  1     gi|261    16229    16675 
  1381  11645  1     gi|174    35375    35740 
  1382   2308  1     gi|261    12995    15691 
  1382   8011  1     gi|656    19920    22609 
  1383   2312  1     gi|261    19760    19863 
  1383   2909  1     gi|301    27197    27367 
  1383   2317 -1     gi|261    23551    23717 
  1383   2914 -1     gi|301    29939    30002 
  1384   2313  1     gi|261    19855    20093 
  1384   2910  1     gi|301    27319    27962 
  1384   8698  1       gi|7    17542    17930 
  1385   2314  1     gi|261    20134    20608 
  1385   2911  1     gi|301    27937    28425 
  1386   2318  1     gi|261    28323    28687 
  1386  11698  1     gi|190      536      576 
  1386  11703 -1     gi|475      904     1323 
  1386  11706 -1     gi|524    30662    31090 
  1386  11710  1     gi|402    16030    16394 
  1386   4289 -1       gi|4    15494    15934 
  1386   5336 -1     gi|473    31151    31591 
  1386   7871 -1     gi|649     3357     3808 
  1386  10654  1     gi|173    15262    15598 
  1386  10655  1     gi|243    21146    21577 
  1386  11699 -1     gi|243     2843     3272 
  1386  11701 -1     gi|320    14711    15163 
  1386  11705 -1       gi|5    29148    29600 
  1386  11708  1     gi|190      167      536 
  1386  11707  1       gi|7    25613    26023 
  1386   5334  1     gi|473    17898    18350 
  1386   9375  1     gi|747     3874     4084 
  1386   5970  1     gi|514    38003    38202 
  1386   4706  1     gi|424     7586     7640 
  1386   4959  1     gi|441     9388     9587 
  1386   4985 -1     gi|442    22627    22680 
  1386  10647 -1     gi|420    37572    37615 
  1386   3436 -1      gi|34     2255     2421 
  1386   3395  1     gi|334    26468    26594 
  1387   2319  1     gi|261    34455    34577 
  1387   7603  1     gi|627       27      842 
  1387   2320  1     gi|261    35077    35609 
  1387   2321  1     gi|261    37167    37979 
  1388   2322  1     gi|261    38781    38854 
  1388   4496 -1     gi|410    39572    39645 
  1389   2323  1     gi|261    38849    40081 
  1389   4495 -1     gi|410    37936    39498 
  1390   2324  1     gi|262      165      207 
  1390   8252 -1      gi|67     4898     4940 
  1391   2327  1     gi|262     1585     1694 
  1391   7786  1     gi|642     5227     5369 
  1392   2328  1     gi|262     2032     2151 
  1392   3850  1     gi|364    22091    22211 
  1393   2331  1     gi|262     5074     5355 
  1393   7715 -1     gi|634     9440     9734 
  1394   2332  1     gi|262     5709     6017 
  1394   6364  1     gi|544    27211    27540 
  1395   2334  1     gi|262     6283     6417 
  1395   6365  1     gi|544    27722    27856 
  1396   2335  1     gi|262     6433     6505 
  1396   9887  1     gi|784    13769    13847 
  1397   2337  1     gi|263    20768    20858 
  1397   5769  1       gi|5    37890    37980 
  1397   6671  1     gi|567    22940    23030 
  1397   8310  1     gi|673    32022    32112 
  1397   4540 -1     gi|414     1201     1248 
  1397   4541 -1     gi|414     2324     2368 
  1398   2338  1     gi|263    22444    22645 
  1398   5991  1     gi|516     5490     5682 
  1399   2340  1     gi|263    25622    26445 
  1399   5987  1     gi|516     3051     3252 
  1399   5994  1     gi|516    10855    11712 
  1400   2341  1     gi|263    26444    27049 
  1400   5995  1     gi|516    14298    14890 
  1401   2344  1     gi|264     2897     3102 
  1401   7522 -1     gi|621    29889    30036 
  1401   7645 -1     gi|629    30159    30365 
  1401  11748 -1     gi|621    32872    32909 
  1402   2353  1     gi|264    29088    29168 
  1402  12042  1     gi|345    38557    38636 
  1402  12040  1     gi|264    18101    18181 
  1403   2359  1     gi|265     4150     5580 
  1403   3873  1     gi|368     9370    10836 
  1403   3944 -1     gi|372    35638    35976 
  1404   2360  1     gi|265     5774     7459 
  1404   6458 -1     gi|552    37630    39333 
  1404   3820  1     gi|363    19265    19812 
  1405   2361  1     gi|265     8287     8646 
  1405   6914  1      gi|58     6852     7108 
  1405   6924  1      gi|58    28191    28531 
  1405   8686  1     gi|699    11814    12039 
  1406   2362  1     gi|265    10191    10313 
  1406   8523  1     gi|689    10614    10724 
  1407   2363  1     gi|265    18916    19020 
  1407   8894 -1     gi|712    20358    20458 
  1408   2364  1     gi|265    22992    23392 
  1408   9985  1      gi|82    12264    12671 
  1409   2365  1     gi|265    23606    24021 
  1410   2368  1     gi|266     5851     7385 
  1410   6682 -1     gi|567    35584    37902 
  1410   7997  1     gi|656     5287     7611 
  1411   2369  1     gi|266     8332     8900 
  1411   6666  1     gi|567     8071     8655 
  1411   6675  1     gi|567    28213    28747 
  1411   2383  1     gi|266    19647    20197 
  1412   2370  1     gi|266    10397    10646 
  1412   6676  1     gi|567    30238    30485 
  1412   2384  1     gi|266    21722    21962 
  1412   6667  1     gi|567    10340    10429 
  1413   2371  1     gi|266    12699    13077 
  1414   2372  1     gi|266    12938    13460 
  1414   6668  1     gi|567    12467    13254 
  1414   9171  1     gi|734    30729    31140 
  1414  12055  1     gi|266    24473    24686 
  1414  12054  1     gi|266    24311    24473 
  1414  12057  1     gi|734    31210    31312 
  1415   2373  1     gi|266    14179    15157 
  1415   6678  1     gi|567    32117    33267 
  1415   2387  1     gi|266    25386    26516 
  1416   2374  1     gi|266    15155    15508 
  1416   6679  1     gi|567    33780    34166 
  1417   2380  1     gi|266    17949    18272 
  1417   6681  1     gi|567    35101    35418 
  1418   2381  1     gi|266    18674    19000 
  1418  12048  1     gi|381    18528    18892 
  1418   2859 -1       gi|3    32013    32168 
  1418   5984  1     gi|516       79      186 
  1418  12050  1     gi|516      197      295 
  1418  12052  1     gi|266    18942    18993 
  1419   2386  1     gi|266    24929    25343 
  1419   6677  1     gi|567    31594    31990 
  1420   2388  1     gi|266    29242    29345 
  1420   2403 -1     gi|267    24547    24650 
  1420   3519  1     gi|345    28042    28145 
  1420   6584 -1     gi|561     1392     1498 
  1420   9143  1     gi|731    25311    25414 
  1421   2390  1     gi|266    32263    32524 
  1421  11501 -1     gi|291    30860    32094 
  1421  11498  1     gi|158    29684    30917 
  1421   5885 -1     gi|509    20841    20888 
  1421   7816  1     gi|645    13698    13779 
  1422   2391  1     gi|266    32516    32620 
  1422   9804 -1     gi|779    19766    19849 
  1423   2392  1     gi|266    32581    33127 
  1423   9799 -1     gi|779    18860    18978 
  1424   2394  1     gi|266    37085    37335 
  1424  10028  1      gi|85     6047     6297 
  1425   2396  1     gi|267       63      472 
  1425  12069 -1     gi|510    22563    23471 
  1425   4745  1     gi|427        1      154 
  1425   4746  1     gi|427      152      425 
  1425   7080 -1      gi|59    10300    10599 
  1425  12073 -1     gi|427     9598    10666 
  1425   2451  1     gi|270    25826    26178 
  1425   5919 -1     gi|510    21594    21754 
  1426   2397  1     gi|267      937     1092 
  1426   5417 -1     gi|477    33584    33742 
  1427   2399  1     gi|267     1187     1377 
  1427   4071 -1     gi|384    25592    26110 
  1427   5400 -1     gi|477     5444     5975 
  1427   6646 -1     gi|565    14929    15198 
  1427   8726 -1      gi|70    36112    36210 
  1427   6647 -1     gi|565    15172    15275 
  1428   2400  1     gi|267     2217     2538 
  1428   5423  1     gi|478     1839     2132 
  1428   5425  1     gi|478     5198     5483 
  1429   2401  1     gi|267    16173    17858 
  1429   4688 -1     gi|423     8386    10106 
  1430   2402  1     gi|267    18703    18774 
  1430   3347  1     gi|331    13919    13992 
  1430   7000 -1     gi|584    17899    17971 
  1431   2406  1     gi|267    28110    28278 
  1431   7529 -1     gi|621    36169    36345 
  1432   2408  1     gi|267    37927    38118 
  1432   2723 -1     gi|289     3181     3375 
  1433   2410  1     gi|268      632      780 
  1433   5020 -1     gi|445    21011    21140 
  1434   2411  1     gi|268     1313     1503 
  1434   5023  1     gi|445    23110    23294 
  1435   2414  1     gi|268    24005    24409 
  1435   7474  1     gi|617    20092    20296 
  1435  11605 -1     gi|724    21389    21862 
  1435  11606 -1     gi|709     5410     5848 
  1435   2418  1     gi|268    28531    28600 
  1435   4114  1     gi|387     5315     5836 
  1435   8320 -1     gi|674    19083    19291 
  1435   8358  1     gi|677     6514     6751 
  1435  11603 -1     gi|479    24442    24723 
  1435  11604  1     gi|582    18716    18940 
  1435   4916  1      gi|44     8003     8039 
  1435   4918  1      gi|44     9137     9222 
  1435  11607 -1     gi|292    18567    18733 
  1435   8836 -1     gi|709     5023     5573 
  1435   2952 -1     gi|304     6305     6430 
  1435   8120  1     gi|662        3      193 
  1435  11829  1      gi|44    16500    17013 
  1435  11828 -1     gi|536    23526    23688 
  1436   2416  1     gi|268    27347    27483 
  1436   3614  1     gi|349    18375    18513 
  1436   9661 -1     gi|766    31298    31369 
  1437   2417  1     gi|268    27478    27554 
  1437   3613 -1     gi|349    18306    18381 
  1438   2423  1     gi|269    29449    29575 
  1438   6226 -1     gi|536    32445    32571 
  1439   2424  1     gi|269    38736    39078 
  1439   6272 -1      gi|54    19557    19638 
  1439   8950  1     gi|716    24745    25131 
  1440   2425  1     gi|269    39236    39361 
  1440   8951  1     gi|716    25344    25466 
  1441   2426  1      gi|27      195      327 
  1441  11038 -1     gi|341    14921    15220 
  1441   3333 -1      gi|33    33215    33294 
  1441   3720  1     gi|357    16701    16830 
  1441   6003  1     gi|517    11605    11923 
  1441  11966 -1     gi|237    28224    28299 
  1442   2428  1      gi|27     9893    10745 
  1442   6790  1     gi|573    15475    16023 
  1443   2429  1      gi|27    10794    11216 
  1444   2430  1      gi|27    11820    13113 
  1444  12078 -1     gi|568    15910    16725 
  1444  12077 -1     gi|568    15485    15910 
  1445   2431  1      gi|27    14009    14832 
  1445   6688  1     gi|568    12115    12405 
  1446   2432  1      gi|27    14711    15081 
  1446   7809 -1     gi|644    32460    32832 
  1447   2433  1      gi|27    18589    18819 
  1447   3721  1     gi|357    17067    17311 
  1448   2434  1      gi|27    28044    28248 
  1448   8010  1     gi|656    19127    19762 
  1448   2862 -1      gi|30     5667     6104 
  1448  11665  1     gi|261    12176    12815 
  1448   2786 -1     gi|293    22755    22873 
  1449   2436  1      gi|27    34136    35959 
  1449   3498  1     gi|343    20985    22813 
  1450   2437  1      gi|27    36872    37428 
  1450   7808 -1     gi|644    31341    31904 
  1450   7810 -1     gi|644    34035    34487 
  1451   2438  1      gi|27    37460    37551 
  1451   7812 -1     gi|644    36097    36181 
  1452   2442  1     gi|270      235      319 
  1452   3557  1     gi|347    21329    21415 
  1452   3561 -1     gi|347    26638    26720 
  1452   3578 -1     gi|347    38476    38562 
  1453   2445  1     gi|270    11396    11447 
  1453   7388 -1      gi|61    30631    30914 
  1453  11972  1     gi|583    14050    14299 
  1453  11973  1     gi|243    24188    24468 
  1454   2446  1     gi|270    16145    16184 
  1454   3710  1     gi|356    33537    33580 
  1455   2447  1     gi|270    18584    18903 
  1455   8884 -1     gi|712      610      927 
  1455   8888 -1     gi|712     6774     7092 
  1456   2449  1     gi|270    24488    24540 
  1456   5722 -1     gi|495    17118    17170 
  1457   2450  1     gi|270    24653    25826 
  1457   6697 -1     gi|568    17057    17356 
  1457  12081 -1     gi|510    25054    26847 
  1457   9790  1     gi|778    33829    35625 
  1457  12079 -1     gi|427    16058    16155 
  1457  12084 -1     gi|427    13732    15422 
  1458   2452  1     gi|270    27886    28094 
  1458  11306 -1     gi|199     2209     3624 
  1458   2453  1     gi|270    29386    30637 
  1458   2454  1     gi|270    30710    30778 
  1458   2455  1     gi|270    30856    30924 
  1458  11310 -1      gi|51      215     1630 
  1459   2458  1     gi|270    39716    40065 
  1459   8887  1     gi|712     5940     6289 
  1460   2459  1     gi|271      103      293 
  1460  10106 -1       gi|9    35301    35489 
  1461   2460  1     gi|271      745     1411 
  1461  10105 -1       gi|9    34182    34860 
  1462   2463  1     gi|271     6459     6759 
  1462   2977 -1     gi|305    16403    16631 
  1462   3737  1     gi|358     7980     8278 
  1462   3743 -1     gi|358    26849    27148 
  1462   9725  1     gi|771    30581    30879 
  1462   9789  1     gi|778    33269    33566 
  1462  12087  1     gi|346    15636    15921 
  1462  12089 -1     gi|715    24553    24849 
  1462  12090 -1     gi|271    27794    28094 
  1462   4795 -1     gi|430     4247     4426 
  1462  12088 -1     gi|427    23955    24077 
  1463   2464  1     gi|271    13466    17078 
  1463   9726  1     gi|771    35151    39109 
  1463   3539  1     gi|346    23557    26220 
  1463   6704 -1     gi|568    27647    27742 
  1463   2465  1     gi|271    18777    20995 
  1463   3741 -1     gi|358    17176    19540 
  1463   4749 -1     gi|427     5822     8229 
  1463   3742 -1     gi|358    19348    22573 
  1463   4755 -1     gi|427    16159    16874 
  1463   4756 -1     gi|427    19146    20606 
  1463   3540  1     gi|346    25731    27192 
  1463   2973  1     gi|305     6012     7627 
  1463   4867 -1     gi|435    32613    32987 
  1463   4750 -1     gi|427     7982     9441 
  1464   2467  1     gi|271    24647    25232 
  1464   3739 -1     gi|358    11994    13366 
  1464   2975  1     gi|305    11437    12801 
  1464   4747 -1     gi|427     2270     2416 
  1464  11955  1     gi|271    23388    24163 
  1464  11956 -1     gi|427     3044     4054 
  1464  11959  1     gi|555    38197    38248 
  1465   2468  1     gi|271    26577    26913 
  1465   2976  1     gi|305    13582    13918 
  1465   3738 -1     gi|358    10877    11213 
  1466   2474  1     gi|271    35873    36133 
  1466   6438 -1     gi|550    33164    33424 
  1467   2479  1     gi|274     9550     9810 
  1467   6624 -1     gi|563     9219     9473 
  1468   2480  1     gi|274    10338    10414 
  1468   6623 -1     gi|563     8609     8691 
  1469   2481  1     gi|274    12544    12751 
  1469   8214 -1     gi|666    39355    39559 
  1470   2483  1     gi|274    39325    39412 
  1470   2742  1     gi|290    15950    16042 
  1470   5238  1     gi|464    38084    38175 
  1470   9212 -1     gi|737    37626    37708 
  1470  10843 -1      gi|48    16820    16913 
  1470  10847  1      gi|56    36610    36680 
  1470  10850 -1     gi|677     4578     4648 
  1470  10862  1     gi|157     1079     1171 
  1470  10865 -1     gi|208    20775    20867 
  1470  10868 -1     gi|278     6254     6346 
  1470  10870  1     gi|279    31551    31642 
  1470  10875 -1     gi|363    36063    36157 
  1470  10884 -1     gi|522    35086    35175 
  1470  10885  1     gi|529    27503    27594 
  1470  10886 -1     gi|543     2081     2173 
  1470  10888 -1     gi|557    23387    23476 
  1470  10889  1     gi|602     6490     6582 
  1470  10892  1     gi|604    30332    30423 
  1470  10893 -1     gi|607     3499     3590 
  1470  10895 -1     gi|665    32580    32672 
  1470  10896  1     gi|672    22055    22143 
  1470  10898  1      gi|68    24122    24212 
  1470  10899 -1     gi|691    20395    20476 
  1470  10900 -1     gi|753     3773     3865 
  1470  10903  1     gi|737    12885    12981 
  1470  10907  1      gi|29    39836    39927 
  1470  10910 -1     gi|466    27754    27846 
  1470  10913 -1     gi|534    16029    16121 
  1470  10916 -1     gi|199    19675    19766 
  1470  10918 -1      gi|51    17743    17835 
  1470  10919  1     gi|128    25890    25982 
  1470  10921  1     gi|206     5422     5514 
  1470  10923  1     gi|216    34173    34264 
  1470  10925  1     gi|260    30298    30388 
  1470  10927  1     gi|302    37831    37923 
  1470  10929 -1     gi|348    14294    14382 
  1470  10934  1     gi|445    21160    21251 
  1470  10935  1     gi|474    30472    30564 
  1470  10936  1     gi|475    22526    22615 
  1470  10938  1      gi|48    33695    33786 
  1470  10939  1     gi|500    34470    34560 
  1470  10872 -1     gi|284    24550    24608 
  1470   6300 -1     gi|540    37944    38007 
  1470   7784  1     gi|641    23459    23522 
  1470  10920 -1     gi|166    39069    39118 
  1470   4487 -1     gi|410     3536     3604 
  1470  10917 -1      gi|51    17710    17743 
  1470  10932  1     gi|393    30952    31002 
  1470  10941  1     gi|116    32154    32203 
  1471   2484  1     gi|274    39631    39685 
  1471   3177 -1     gi|319    31443    31498 
  1472   2485  1     gi|274    39682    40000 
  1472   3176 -1     gi|319    31055    31366 
  1473   2486  1     gi|275      248      674 
  1473  10086 -1      gi|89     7869     8366 
  1473   5688 -1     gi|493    36105    36587 
  1474   2487  1     gi|275     1222     1421 
  1474   5667 -1     gi|491    33187    33386 
  1475   2488  1     gi|275     1543     2417 
  1475   4410  1     gi|406    21718    21824 
  1475   5666 -1     gi|491    32324    33176 
  1476   2490  1     gi|275     3016     3381 
  1476   4199 -1     gi|391    23049    23784 
  1477   2491  1     gi|275     3336     3462 
  1477   4191 -1     gi|391     7599     7724 
  1478   2495  1     gi|275     7007     7985 
  1478  11615  1     gi|172     8728     9227 
  1478   5864 -1     gi|507    39587    39665 
  1479   2498  1     gi|275    17493    18456 
  1479   3238 -1     gi|321    37847    38372 
  1479   3206 -1     gi|321     7666     7853 
  1479   3213 -1     gi|321    11902    12710 
  1479   3226 -1     gi|321    25672    26497 
  1479   3230 -1     gi|321    28805    28870 
  1479  10990  1     gi|123    11951    12580 
  1479  10991  1     gi|123    12581    12646 
  1479   8584 -1     gi|692     8466     8914 
  1480   2500  1     gi|275    19497    19691 
  1480   3215 -1     gi|321    18013    18217 
  1481   2501  1     gi|275    20132    20529 
  1481   7262 -1     gi|600    25907    26304 
  1481   3387  1     gi|334     6004     6076 
  1481   3388  1     gi|334     7279     7430 
  1482   2502  1     gi|275    20531    20724 
  1482   3393  1     gi|334    25856    26057 
  1483   2506  1     gi|275    27304    28706 
  1483   7748 -1     gi|638    29456    29676 
  1483   3204 -1     gi|321      415     1046 
  1483   3239 -1     gi|321    38364    38871 
  1483   3241 -1     gi|321    39853    40000 
  1483   4399 -1     gi|405    14871    15024 
  1484   2508  1     gi|275    34503    35961 
  1484   4645  1     gi|421        1     1038 
  1484   6651 -1     gi|566     8047     9495 
  1484   8976  1     gi|718    22787    24243 
  1485   2512  1     gi|276     9744     9842 
  1485   5024 -1     gi|445    28035    28140 
  1486   2513  1     gi|276    13063    14988 
  1486   6519  1     gi|557    18748    20651 
  1486   2731 -1     gi|289    38133    39275 
  1486   3416 -1     gi|336    35969    36032 
  1487   2514  1     gi|276    15599    15710 
  1487   3115 -1     gi|315    35971    36043 
  1487   9390  1     gi|748     9348     9434 
  1488   2516  1     gi|276    19714    19797 
  1488   4035  1     gi|381    33954    34037 
  1488   9133 -1     gi|731    16609    16671 
  1489   2517  1     gi|276    20133    20315 
  1490   2519  1     gi|276    26391    26501 
  1490   6048 -1     gi|520    26600    26711 
  1490  12098  1     gi|709     6107     6211 
  1490  12099 -1     gi|709     6445     6557 
  1490  12100  1       gi|5    20036    20147 
  1491   2520  1     gi|276    27836    28773 
  1491   6516 -1     gi|557    11953    12557 
  1491   6517 -1     gi|557    17030    17987 
  1492   2521  1     gi|276    29154    29661 
  1492   9359 -1     gi|746    11479    11983 
  1493   2524  1     gi|276    36446    39354 
  1493   2587  1      gi|28    33930    36838 
  1493   5718  1     gi|495    15691    15905 
  1494   2531  1     gi|278     1359     1451 
  1494  11047 -1     gi|733    21816    22098 
  1494  11043 -1     gi|128    14901    15133 
  1494  11044 -1     gi|131     3760     4044 
  1494  11045 -1     gi|416    24378    24660 
  1494  11046  1     gi|462     6497     6781 
  1494   7012  1     gi|586     1422     1540 
  1495   2532  1     gi|278     1445     1592 
  1495   7554 -1     gi|623    31441    31588 
  1496   2534  1     gi|278     2508     2618 
  1496   9337 -1     gi|745     7203     7466 
  1496   8743 -1     gi|700    36201    36270 
  1496   5341 -1     gi|474    15960    16104 
  1496   7295  1     gi|604     8450     8533 
  1496   7308  1     gi|605     4057     4205 
  1496   8742 -1     gi|700    36158    36199 
  1496   9163  1     gi|734     1380     1599 
  1496   9210  1     gi|737    36459    36647 
  1496   5343 -1     gi|474    17603    17697 
  1496   2536  1     gi|278     2921     3017 
  1497   2535  1     gi|278     2593     2722 
  1497   7287  1     gi|604     1182     1304 
  1497   3355  1     gi|331    25598    25685 
  1498   2538  1     gi|278     8315     8383 
  1498   6724  1      gi|57    17076    17143 
  1499   2540  1     gi|278    11935    13357 
  1499   3951  1     gi|373    15162    16574 
  1499   3947  1     gi|373     4525     4645 
  1500   2541  1     gi|278    13979    14747 
  1500   3952  1     gi|373    17211    17970 
  1501   2542  1     gi|278    18744    18932 
  1501  10360  1     gi|289     9288    10274 
  1501   3569 -1     gi|347    30945    31207 
  1501  10358 -1     gi|104     8919     9308 
  1501  10362 -1     gi|775    23066    23992 
  1501  10361 -1     gi|289    13458    13790 
  1502   2543  1     gi|278    19411    20222 
  1502   7480 -1     gi|617    30450    31169 
  1503   2544  1     gi|278    20379    20660 
  1503   4698  1     gi|423    33498    33777 
  1503   2776 -1     gi|293     1382     1567 
  1503   2781 -1     gi|293    11296    11468 
  1503   2792  1     gi|293    32426    32625 
  1503   4292 -1       gi|4    17267    17374 
  1504   2545  1     gi|278    23451    23516 
  1504   4602  1     gi|417    33602    33667 
  1505   2546  1     gi|278    25199    25824 
  1505   9681 -1     gi|767    34437    35063 
  1506   2547  1     gi|278    25994    26367 
  1506   9680 -1     gi|767    33966    34357 
  1507   2548  1     gi|278    26713    27021 
  1507   9679 -1     gi|767    33136    33463 
  1508   2549  1     gi|278    27496    29651 
  1508   6470  1     gi|554     7285     7357 
  1508   9678 -1     gi|767    30876    32999 
  1509   2550  1     gi|278    29846    30411 
  1509   9677 -1     gi|767    30213    30762 
  1510   2551  1     gi|278    31618    31693 
  1510   4915 -1      gi|44     7875     7929 
  1510  10214  1      gi|97    25069    25143 
  1511   2552  1     gi|278    33384    33442 
  1511   8610 -1     gi|694    23842    23899 
  1512   2557  1     gi|279     6132     6412 
  1512   2873 -1      gi|30    40059    40338 
  1513   2558  1     gi|279     6759     6979 
  1513  12013 -1     gi|495     6987     7858 
  1513   6334  1     gi|542    14013    14693 
  1513   9110 -1     gi|727    16778    17625 
  1513  12012 -1     gi|418    20351    20426 
  1513   6325  1     gi|541    33870    33968 
  1513   6326  1     gi|541    33973    34157 
  1514   2560  1     gi|279    16124    16261 
  1514   9800 -1     gi|779    18958    19008 
  1514   9801  1     gi|779    19044    19109 
  1515   2561  1     gi|279    27876    27913 
  1515   4525 -1     gi|412    24415    24452 
  1516   2563  1     gi|279    30841    31022 
  1516   5854 -1     gi|507    24136    24402 
  1516   6499  1     gi|555     9323     9618 
  1517   2565  1      gi|28        4      148 
  1517   3182  1      gi|32      188      341 
  1517   9690 -1     gi|768     5693     5845 
  1517  10290 -1     gi|589    25007    25152 
  1517  10298 -1     gi|101    18007    18158 
  1517  10300 -1     gi|308    31799    31951 
  1518   2566  1      gi|28      781     3041 
  1518   3485 -1     gi|342    17525    17656 
  1518   5149  1     gi|458    34919    36197 
  1518   7098  1      gi|59    35729    36569 
  1518   9485 -1     gi|752    27731    29968 
  1518   9517 -1     gi|754     5727     5796 
  1518   3484 -1     gi|342    16527    17107 
  1519   2570  1      gi|28    11429    12021 
  1519   5180 -1     gi|461        1      616 
  1520   2571  1      gi|28    12023    13312 
  1520   4038 -1     gi|381    38707    39999 
  1521   2573  1      gi|28    13677    13973 
  1522   2575  1      gi|28    15177    15422 
  1523   2576  1      gi|28    15410    15457 
  1523   6768  1     gi|572     7818     7864 
  1524   2578  1      gi|28    19094    19171 
  1524   6474  1     gi|554    11807    11881 
  1525   2584  1      gi|28    27274    27423 
  1525   7818  1     gi|645    14148    14302 
  1526   2585  1      gi|28    27367    27522 
  1526   4831  1     gi|432    17556    17777 
  1526   7819  1     gi|645    14340    14497 
  1527   2588  1      gi|28    36835    37595 
  1527   6511  1     gi|557      487     1242 
  1527  12101  1     gi|495    15922    15982 
  1528   2592  1     gi|280        1      212 
  1528   5564  1     gi|485     1236     4627 
  1528   5889  1     gi|509    32304    32488 
  1528   5890  1     gi|509    32500    35899 
  1529   2593  1     gi|280    13491    13617 
  1529   4879  1     gi|437    22420    22538 
  1530   2594  1     gi|280    14377    14608 
  1530   4880  1     gi|437    22549    22783 
  1531   2597  1     gi|280    27730    28480 
  1531   3138  1     gi|316    29704    30452 
  1532   2599  1     gi|280    30479    30872 
  1532  10623  1     gi|243    20489    21020 
  1532  10625  1     gi|314      732     1110 
  1532  10612 -1     gi|109    36427    36670 
  1533   2604  1     gi|281     5425     9146 
  1533   3255 -1     gi|323        1     3350 
  1534   2606  1     gi|281    14669    15264 
  1534   2997 -1     gi|306    36290    36775 
  1535   2609  1     gi|281    21247    21571 
  1535   5330  1     gi|473    13895    14219 
  1536   2613  1     gi|281    38028    38186 
  1536   4217 -1     gi|393     4651     4812 
  1536   6546 -1     gi|558    22088    22305 
  1536   4777 -1     gi|429    33607    33741 
  1536   7343  1     gi|608     5897     6032 
  1537   2615  1     gi|281    39894    40000 
  1537   3745  1     gi|358    36439    36545 
  1538   2619  1     gi|282     3009     3306 
  1538  11299 -1     gi|364    17546    18239 
  1538   2620  1     gi|282     4013     4338 
  1538  11756 -1     gi|748    25558    26146 
  1539   2621  1     gi|282    27162    27333 
  1539  11298 -1     gi|364    17385    17540 
  1539  11757  1     gi|196    30610    30772 
  1539  11759  1       gi|5     7911     8072 
  1539  11755 -1     gi|748    25436    25473 
  1539  11761 -1      gi|51     8818     8991 
  1539  11762 -1     gi|199    10754    10926 
  1539   4740  1     gi|426    13519    13601 
  1539  11758  1     gi|426    14096    14173 
  1540   2623  1     gi|282    34212    34489 
  1540   8144  1     gi|664    10002    10297 
  1540   8478  1     gi|686    22505    22800 
  1540  10186  1      gi|94    31729    32006 
  1541   2624  1     gi|282    36519    38889 
  1542   2625  1     gi|282    38905    40065 
  1542   6742  1     gi|570    10876    12039 
  1542   6745 -1     gi|570    15330    15472 
  1542   7034 -1     gi|586    26973    27509 
  1542   7033 -1     gi|586    26742    26799 
  1543   2628  1     gi|283     7559     9120 
  1543   7958 -1     gi|653    18406    20026 
  1543   2650  1     gi|283    39166    39912 
  1544   2629  1     gi|283     9723     9773 
  1544   9697 -1     gi|768    17206    17751 
  1544   3202 -1     gi|320    28791    29318 
  1544   4780  1      gi|43     7234     7421 
  1545   2630  1     gi|283     9773     9928 
  1545   6097  1     gi|523    37437    40000 
  1545   3858 -1     gi|364    32253    34815 
  1546   2632  1     gi|283    10373    11533 
  1547   2634  1     gi|283    12685    13868 
  1548   2635  1     gi|283    13993    14246 
  1549   2636  1     gi|283    14743    17139 
  1549   8262 -1      gi|67    13053    15502 
  1549   2637 -1     gi|283    17854    20136 
  1550   2639  1     gi|283    29277    29508 
  1550   5200  1     gi|462     8914     9180 
  1550  11536  1     gi|162    13283    13561 
  1550  11537 -1     gi|462    10062    10331 
  1551   2642  1     gi|283    30186    30710 
  1551   7596 -1     gi|625    35857    36397 
  1552   2653  1     gi|284     2223     2605 
  1552   8954 -1     gi|717     5325     5719 
  1553   2657  1     gi|284     7070    12679 
  1553   5237  1     gi|464    34987    37679 
  1553   8112 -1     gi|661    25181    25692 
  1553  12142  1     gi|331    37559    37602 
  1553  12141  1     gi|331    32028    37556 
  1553   2658  1     gi|284    13122    15804 
  1553   5236  1     gi|464    32371    34802 
  1553   8113 -1     gi|661    26980    27373 
  1554   2661  1     gi|284    19732    20261 
  1554   3350  1     gi|331    21374    21896 
  1555   2662  1     gi|284    20262    20697 
  1555   3352  1     gi|331    23029    23394 
  1556   2663  1     gi|284    23745    24122 
  1556   3353  1     gi|331    24233    24616 
  1557   2664  1     gi|284    24256    24447 
  1557   3354  1     gi|331    24840    25041 
  1558   2668  1     gi|284    27322    27440 
  1558   7180 -1     gi|596    27354    27492 
  1559   2672  1     gi|284    36727    39590 
  1560   2674  1     gi|285     2960     3135 
  1560   2994 -1     gi|306    28367    28542 
  1561   2678  1     gi|285    13173    14290 
  1561   7418 -1     gi|613     4298     8166 
  1561   9724 -1     gi|771     1438     4196 
  1562   2679  1     gi|285    14426    15456 
  1562   8978  1     gi|718    27082    28095 
  1562  10769  1      gi|29     4688     5701 
  1562  10788 -1     gi|764    37991    39004 
  1562  10549 -1     gi|554    36410    36817 
  1562   8179 -1     gi|665    22461    22862 
  1562   4052  1     gi|382    33591    33648 
  1562   4053  1     gi|382    34084    34281 
  1562   4684  1     gi|423     5671     5853 
  1562   7449 -1     gi|616     2553     2621 
  1563   2680  1     gi|285    15721    16097 
  1563   8979  1     gi|718    28363    28736 
  1563  10771  1      gi|29     5977     6353 
  1563  10786 -1     gi|764    37339    37714 
  1564   2681  1     gi|285    21299    21459 
  1564   6168  1     gi|530    14299    14460 
  1565   2682  1     gi|285    24550    26119 
  1565   2981 -1     gi|305    38808    40117 
  1565   6169  1     gi|530    18691    20245 
  1565   4776  1     gi|429    29058    29190 
  1566   2683  1     gi|285    27052    27441 
  1566   6170  1     gi|530    21177    21558 
  1566   2980 -1     gi|305    37487    37761 
  1567   2684  1     gi|285    27912    29987 
  1567   2979 -1     gi|305    35031    37016 
  1567   6171  1     gi|530    22058    22420 
  1567   6172  1     gi|530    22941    23974 
  1568   2687  1     gi|286    14716    15205 
  1568   6773  1     gi|572    18043    18518 
  1569   2689  1     gi|286    18591    18712 
  1570   2690  1     gi|286    19460    19498 
  1570   4950  1     gi|440    32178    32216 
  1571   2692  1     gi|286    21473    22559 
  1571  12149  1     gi|432     9346    10350 
  1571  12153 -1     gi|540    24272    25263 
  1571  12154 -1     gi|627    29801    30809 
  1571  12155 -1     gi|627    32472    33459 
  1571  12158 -1     gi|768        1      810 
  1571  12159 -1     gi|768    38869    39998 
  1571  12165  1     gi|432    11865    12889 
  1571   6278 -1     gi|540     3018     4051 
  1571   6282 -1     gi|540    10136    11143 
  1571   6284 -1     gi|540    12958    14005 
  1571   6297 -1     gi|540    34227    35266 
  1571  12167 -1     gi|540     5901     6907 
  1571   4840 -1     gi|432    32168    32915 
  1571  12163  1     gi|432    20309    21290 
  1571   6288 -1     gi|540    17979    18414 
  1571   7614 -1     gi|627    24865    25396 
  1571   7623 -1     gi|627    34907    35897 
  1571   9706 -1     gi|768    36204    36546 
  1571  12166  1     gi|432    15277    16207 
  1571   7612 -1     gi|627    22125    23145 
  1572   2694  1     gi|286    22756    23179 
  1572   9708 -1     gi|768    38474    38883 
  1573   2695  1     gi|286    23298    23392 
  1573   6782  1     gi|572    31433    31527 
  1574   2697  1     gi|286    23724    23775 
  1574   6783  1     gi|572    31533    31586 
  1575   2698  1     gi|286    23887    24053 
  1575   2710 -1     gi|287    21799    21960 
  1576   2701  1     gi|286    36229    36359 
  1576   8781  1     gi|704    15059    16097 
  1576   2702  1     gi|286    36974    37123 
  1576   8765  1     gi|703    12051    13094 
  1576   8783  1     gi|704    18585    18854 
  1577   2703  1     gi|286    38190    39280 
  1577   5317 -1     gi|471    22726    23826 
  1578   2704  1     gi|287     1471     1957 
  1578   8794  1     gi|706     1065     1143 
  1579   2705  1     gi|287     1766     2283 
  1579   5319  1     gi|471    26628    27086 
  1579   5324 -1     gi|471    39454    39846 
  1580   2707  1     gi|287    15430    15922 
  1580   8685 -1     gi|699     8146    10412 
  1580   5323  1     gi|471    38292    38515 
  1580  12171  1     gi|379    17150    19398 
  1580   5306 -1     gi|471    11764    12106 
  1580  12174 -1     gi|699     2631     4702 
  1580   5302 -1     gi|471     7437     8440 
  1580   5318 -1     gi|471    26320    26798 
  1580   5320 -1     gi|471    28582    29082 
  1581   2708  1     gi|287    17903    18767 
  1581   6562 -1      gi|56    22925    23817 
  1581   6781 -1     gi|572    29710    29918 
  1581   9305 -1     gi|743     3778     3973 
  1581   9304 -1     gi|743     3456     3585 
  1582   2709  1     gi|287    20991    21347 
  1582   6780 -1     gi|572    29009    29709 
  1582   2712  1     gi|287    27654    28397 
  1583   2711  1     gi|287    22471    24583 
  1583   5081 -1     gi|451    12775    14832 
  1583   6710 -1     gi|569    31977    32282 
  1583   6713 -1     gi|569    33343    33891 
  1583   9470  1     gi|750    22433    24548 
  1583   7604  1     gi|627     2522     4482 
  1583   6712 -1     gi|569    32739    33038 
  1583   6711 -1     gi|569    32456    32548 
  1584   2713  1     gi|287    28394    28436 
  1584   6778 -1     gi|572    25446    25488 
  1585   2714  1     gi|287    28438    29154 
  1585   6777 -1     gi|572    24442    25096 
  1586   2715  1     gi|287    30142    30674 
  1586   3827 -1     gi|363    35324    35707 
  1586   6776 -1     gi|572    23938    24429 
  1586   6890 -1     gi|578      984     1342 
  1586   9467  1     gi|750    11394    11743 
  1586  12175 -1     gi|689    15809    16096 
  1587   2716  1     gi|287    38806    39325 
  1587   7174  1     gi|596    17072    17584 
  1588   2719  1     gi|289      213      347 
  1588   7643 -1     gi|629    27137    27448 
  1588  10657  1     gi|414    27159    27985 
  1588  10421 -1     gi|673    20033    20860 
  1588  12177  1      gi|59    37593    38094 
  1589   2720  1     gi|289      779      972 
  1589   9166  1     gi|734     5845     6033 
  1590   2730  1     gi|289    37413    37972 
  1591   2732  1      gi|29        1      705 
  1591  11210 -1     gi|538    13951    16029 
  1591   2733  1      gi|29      926     1837 
  1591   2987  1     gi|306     7357     9438 
  1591   2968 -1     gi|304    24424    25136 
  1591   3523  1     gi|345    39543    39999 
  1591   9785  1     gi|778    14556    15109 
  1591   9788  1     gi|778    23057    23873 
  1592   2737  1      gi|29    34137    35080 
  1592   4463 -1      gi|41     8871     9407 
  1592   6201 -1     gi|534    20881    21825 
  1592   7384 -1      gi|61    28559    28628 
  1592  12514  1      gi|61    26275    26494 
  1593   2738  1      gi|29    35354    35548 
  1593   6200 -1     gi|534    20414    20608 
  1594   2741  1     gi|290     6042     6135 
  1594   3203  1     gi|320    30820    30913 
  1594   3647  1      gi|35    15980    16073 
  1594   3650  1      gi|35    30120    30214 
  1594   7637  1     gi|629    12875    12969 
  1594   2743  1     gi|290    19827    19920 
  1595   2744  1     gi|290    20717    22817 
  1595  12024  1     gi|261     7789     9919 
  1595  12021  1     gi|698     4839     6037 
  1595  12022  1     gi|577     8848     8918 
  1595  12026  1     gi|515     6250     7236 
  1596   2745  1     gi|290    23410    24359 
  1596   8663  1     gi|698     6034     6989 
  1597   2747  1     gi|290    28622    28744 
  1597   8667  1     gi|698     9829     9972 
  1598   2748  1     gi|290    29242    30626 
  1598   8668  1     gi|698    10358    11735 
  1598   9330  1     gi|744    20775    21004 
  1599   2749  1     gi|290    30787    30892 
  1599   9651  1     gi|766      336      429 
  1600   2751  1     gi|290    31467    33157 
  1600   6235  1     gi|537     6838     6956 
  1601   2757  1     gi|291    20003    20588 
  1601   3964 -1     gi|375     4703     6372 
  1601   8630 -1     gi|695    39081    39182 
  1601   9296 -1     gi|742     6297     7963 
  1602   2763  1     gi|292      476      634 
  1602   4723  1     gi|424    38948    39134 
  1603   2764  1     gi|292      616      708 
  1603   4724  1     gi|424    39289    39375 
  1604   2765  1     gi|292     1037     1480 
  1604   4719  1     gi|424    35737    35879 
  1604   4721  1     gi|424    37367    37772 
  1605   2766  1     gi|292     1707     2149 
  1605   4720  1     gi|424    36276    36455 
  1605   4722  1     gi|424    38174    38623 
  1606   2769  1     gi|292    15696    16030 
  1606   8525  1     gi|689    11195    11616 
  1607   2770  1     gi|292    16326    16515 
  1607   8526  1     gi|689    11620    11836 
  1608   2777  1     gi|293     1768     2086 
  1608   4691 -1     gi|423    26128    26472 
  1608   2782  1     gi|293    11690    11907 
  1608   2791 -1     gi|293    32006    32170 
  1609   2778  1     gi|293     2487     2570 
  1609   3045 -1     gi|310    35193    35275 
  1609   2783  1     gi|293    12393    12470 
  1610   2780  1     gi|293     8560     8644 
  1610   4650 -1     gi|421     8585     8669 
  1611   2789  1     gi|293    26516    26837 
  1611   2874 -1     gi|300     1467     1788 
  1611   9698  1     gi|768    17747    17824 
  1611   4821  1     gi|432    10535    10716 
  1612   2799  1     gi|294     4928     5015 
  1612   5028  1     gi|447      781      868 
  1613   2804  1     gi|294    35313    35384 
  1613   4162  1      gi|39    29599    29681 
  1613   8804 -1     gi|706    31662    31751 
  1614   2810  1     gi|296    31695    31982 
  1614   9175 -1     gi|734    31997    32300 
  1615   2811  1     gi|296    32372    32629 
  1615   9174 -1     gi|734    31665    31932 
  1616   2812  1     gi|296    32897    33067 
  1616   6188 -1     gi|533     3843     4617 
  1617   2813  1     gi|296    33328    33415 
  1617   6189 -1     gi|533     6751     7727 
  1617   8713  1      gi|70     5438     6431 
  1617   8714  1      gi|70     7990     8897 
  1617   8723 -1      gi|70    25859    26749 
  1617   8717  1      gi|70    15105    15970 
  1617   6192 -1     gi|533    13011    13819 
  1617   6186 -1     gi|533     1902     2393 
  1617   6191 -1     gi|533    10800    11468 
  1618   2815  1     gi|297     1529     2146 
  1618   3228 -1     gi|321    27106    27662 
  1619   2818  1     gi|297     8132     8286 
  1619  11629 -1     gi|348    19952    20319 
  1619  11620  1     gi|173    19466    19626 
  1619  11624 -1     gi|224    30999    31388 
  1619   3788  1     gi|361    25451    25500 
  1619  11626 -1     gi|329    32751    32911 
  1620   2820  1     gi|297    16435    16720 
  1620   6258 -1     gi|538    24141    24425 
  1620  12198 -1     gi|744    39874    40000 
  1621   2823  1     gi|297    19279    19519 
  1621   6252 -1     gi|538    11510    11750 
  1622   2824  1     gi|297    19519    20397 
  1622   6251 -1     gi|538     2588     3466 
  1623   2825  1     gi|297    20396    22414 
  1623   6128 -1     gi|525    24302    25066 
  1623   6250 -1     gi|538        1     2019 
  1624   2828  1     gi|297    35945    35981 
  1624   7134 -1     gi|591    26584    26624 
  1624   7757 -1     gi|639    15887    15930 
  1625   2829  1     gi|297    37622    37894 
  1625  11623 -1     gi|224    30272    30995 
  1625   3331  1     gi|329    39607    39983 
  1625   7644  1     gi|629    27444    28155 
  1625  11628 -1     gi|348    19225    19948 
  1625  11630 -1     gi|491    19577    19994 
  1625  11631 -1     gi|648    30217    30722 
  1625  11634 -1     gi|664    37285    37997 
  1625   7200  1     gi|599      571      902 
  1625  11632 -1     gi|648    30943    31143 
  1625   7199  1     gi|599        1      293 
  1625   3611 -1     gi|349    16358    16442 
  1626   2830  1     gi|298     3853     6894 
  1626   7057 -1     gi|587    33234    36277 
  1626   7907  1     gi|650    23955    24230 
  1626  10143  1      gi|92    24130    24359 
  1626  10141  1      gi|92    22767    23079 
  1626  10142  1      gi|92    23117    24117 
  1627   2831  1     gi|298    13157    13230 
  1627  11889 -1     gi|226    27039    27141 
  1627  12127  1     gi|420     7429     7530 
  1627   5669  1     gi|491    34518    34619 
  1627  12207 -1     gi|481    14895    14996 
  1627  12208 -1     gi|591     7541     7643 
  1628   2834  1     gi|298    20912    21104 
  1628   7133 -1     gi|591    23374    23621 
  1628   6553  1     gi|559     4390     4450 
  1628   6554  1     gi|559     4451     4580 
  1629   2835  1     gi|298    21860    22347 
  1629   6555  1     gi|559     5281     5768 
  1629  12136  1     gi|281    38884    39137 
  1629  12137 -1     gi|393     3623     3953 
  1630   2836  1     gi|299     4812     5176 
  1631   2838  1     gi|299     9407     9444 
  1631   8687  1     gi|699    12830    12867 
  1632   2839  1     gi|299    13771    14217 
  1633   2840  1     gi|299    15984    16064 
  1633   4839  1     gi|432    31077    31985 
  1633   9707 -1     gi|768    37070    37991 
  1633  12157 -1     gi|627    37154    38151 
  1633   6296 -1     gi|540    32492    33456 
  1634   2843  1     gi|299    20122    20167 
  1634   3375  1     gi|332    32865    32910 
  1634   4357  1     gi|402    14127    14172 
  1634   6064  1     gi|522    17286    17331 
  1634   9834  1      gi|78    26217    26262 
  1634   4375 -1     gi|403    33274    33319 
  1634   9409 -1     gi|749     8498     8543 
  1635   2845  1     gi|299    27560    27691 
  1635  12209 -1     gi|599    26416    26849 
  1635   6402 -1     gi|548    31439    31583 
  1635   6406 -1     gi|548    38723    38879 
  1635   6435 -1     gi|550    25699    27937 
  1635   5454  1     gi|479    34829    35111 
  1635   6401 -1     gi|548    31227    31368 
  1635  12210 -1     gi|599    26852    28626 
  1636   2846  1     gi|299    37157    37689 
  1637   2847  1       gi|3    12920    13773 
  1637  10096 -1      gi|89    38411    39263 
  1637  12140 -1     gi|283    32855    33614 
  1637   2848 -1       gi|3    13499    14351 
  1637   6592 -1     gi|561    15493    15720 
  1637  10095  1      gi|89    15919    16499 
  1638   2849  1       gi|3    14362    14821 
  1639   2855  1       gi|3    24234    24557 
  1640   2863  1      gi|30     9743     9890 
  1640   8863 -1     gi|710     7675     8201 
  1641   2864  1      gi|30     9953    10752 
  1642   2866  1      gi|30    13404    14224 
  1642   7995  1     gi|656     4180     4973 
  1643   2867  1      gi|30    14385    14472 
  1643   8810 -1     gi|707     3799     3886 
  1644   2868  1      gi|30    15450    15491 
  1644   7924 -1     gi|651    12134    12175 
  1645   2869  1      gi|30    15496    15560 
  1645   8809 -1     gi|707     3734     3799 
  1646   2870  1      gi|30    18129    20025 
  1646   4391 -1     gi|404    22511    23185 
  1646   4393 -1     gi|404    24923    26843 
  1646   7583 -1     gi|625     5478     6299 
  1647   2875  1     gi|300     2874     4531 
  1647   9134  1     gi|731    16657    18254 
  1647   6211 -1     gi|535        1      109 
  1647   6975 -1     gi|582    38968    39694 
  1647   6976 -1     gi|582    39696    39991 
  1648   2879  1     gi|300    12293    12625 
  1648   6243 -1     gi|537    27248    27466 
  1648   7910  1     gi|650    26161    26428 
  1649   2882  1     gi|300    14963    15061 
  1649   9802  1     gi|779    19102    19434 
  1649   4164  1      gi|39    30262    30453 
  1649   8632 -1     gi|695    39905    40028 
  1649   9803  1     gi|779    19466    19553 
  1650   2884  1     gi|300    15721    15883 
  1650   4163  1      gi|39    29672    29816 
  1650   7990  1     gi|655    38953    39114 
  1650  10231 -1      gi|98    38554    38635 
  1650   4159  1      gi|39    26179    26283 
  1650   8224  1     gi|668       78      190 
  1651   2891  1     gi|300    28301    28413 
  1651   4223 -1     gi|394     3367     3482 
  1652   2893  1     gi|300    30742    31040 
  1652   3193 -1      gi|32    39702    40000 
  1653   2895  1     gi|300    32587    32646 
  1653   3190 -1      gi|32    35478    35530 
  1653   3192 -1      gi|32    38893    38950 
  1654   2902  1     gi|301      217      989 
  1655   2904  1     gi|301     4113     4354 
  1655  11221 -1     gi|160    27512    30363 
  1655   4892 -1     gi|438     6887     7031 
  1655  11216  1     gi|388     3319     6171 
  1655   5909  1      gi|51    36495    36839 
  1656   2913  1     gi|301    29638    29966 
  1656  10260 -1     gi|466    19240    19813 
  1656   6197 -1     gi|534     8038     8509 
  1656   6203  1     gi|534    29041    29513 
  1656   8699 -1       gi|7    17814    18158 
  1656   8706  1       gi|7    30746    31053 
  1656  10259 -1      gi|29    25866    26517 
  1656  10256  1     gi|466    36387    37032 
  1657   2921  1     gi|302      926     1890 
  1658   2923  1     gi|302     7972     8163 
  1658   7443 -1     gi|615    18838    18992 
  1658   4507 -1     gi|411    33999    34070 
  1658   9318 -1     gi|743    22156    22211 
  1659   2924  1     gi|302    15903    16417 
  1659   5124 -1     gi|455    24275    24388 
  1660   2925  1     gi|302    19202    19254 
  1660  10091 -1      gi|89    13917    13969 
  1661   2926  1     gi|302    19250    19474 
  1661  10090 -1      gi|89    11992    12216 
  1662   2927  1     gi|302    20274    20349 
  1662   5737 -1     gi|496    10094    10168 
  1663   2933  1     gi|302    33423    33497 
  1663   4442 -1     gi|408    31627    31773 
  1664   2940  1     gi|302    36441    37185 
  1664   8586  1     gi|692    10881    11003 
  1664   8886  1     gi|712     4904     5663 
  1664   6015 -1     gi|519     1897     1967 
  1665   2942  1     gi|302    38113    39659 
  1665   7975  1     gi|655        1     1546 
  1666   2944  1     gi|303    32630    32853 
  1666   7400 -1     gi|610    21085    23033 
  1666   5328 -1     gi|473     5592     7540 
  1667   2946  1     gi|304     2472     2795 
  1668   2957  1     gi|304    11333    11405 
  1669   2958  1     gi|304    12808    14472 
  1669   3898 -1     gi|369    26116    26232 
  1670   2959  1     gi|304    14153    14896 
  1670   8903  1     gi|712    33177    33930 
  1670   3897 -1     gi|369    25784    26119 
  1670   8239  1     gi|669    11987    12505 
  1670   8813  1     gi|707     7287     7514 
  1671   2961  1     gi|304    15586    15889 
  1671   4982 -1     gi|442    19570    20329 
  1672   2963  1     gi|304    16609    16745 
  1672   7934 -1     gi|651    34852    34988 
  1673   2964  1     gi|304    17104    18476 
  1673   7933 -1     gi|651    33089    34482 
  1674   2965  1     gi|304    18398    21544 
  1674   7929 -1     gi|651    29815    32175 
  1674   8003 -1     gi|656    11940    12692 
  1675   2969  1     gi|304    25355    26074 
  1675   9787 -1     gi|778    22432    23164 
  1675   7670 -1     gi|630    19840    20103 
  1676   2970  1     gi|304    26818    31953 
  1676  10269 -1     gi|778    17300    22436 
  1676   7669 -1     gi|630    17543    18280 
  1676  11679 -1     gi|630    14073    15796 
  1677   2971  1     gi|304    32173    33507 
  1677  10268 -1     gi|778    15950    17296 
  1677  11678 -1     gi|630    12808    14071 
  1678   2974  1     gi|305     9021    11095 
  1678   6497 -1     gi|555     6347     6712 
  1678  11954  1     gi|271    21565    23384 
  1678  11957 -1     gi|427     4055     6129 
  1678  11958  1     gi|555    36744    38175 
  1678   3740 -1     gi|358    13708    15783 
  1678   4866 -1     gi|435    31732    31921 
  1679   2982  1     gi|306      842      875 
  1679   6415  1     gi|549    11077    11110 
  1680   2984  1     gi|306     4800     5323 
  1680   3855  1     gi|364    29517    30289 
  1681   2985  1     gi|306     6387     6528 
  1681   6416  1     gi|549    11109    11250 
  1682   2988  1     gi|306    11293    11931 
  1682   9060  1     gi|724     4529     5154 
  1682  10060 -1      gi|87     7930     8047 
  1683   2992  1     gi|306    21753    23759 
  1683  10004  1      gi|83      308      757 
  1683   4931  1      gi|44    35033    37063 
  1684   2993  1     gi|306    24035    24112 
  1684   6576  1      gi|56    37520    37598 
  1685   2995  1     gi|306    31551    31699 
  1685   3261  1     gi|323    21472    21616 
  1685   4732 -1     gi|425    13572    13706 
  1685   6001  1     gi|516    34554    34698 
  1686   2996  1     gi|306    33202    36105 
  1686   6002  1     gi|516    36203    40145 
  1686   4730 -1     gi|425    12619    12980 
  1686  11206  1     gi|323    21620    25560 
  1686  11203 -1     gi|425     9575    11677 
  1687   3001  1     gi|308     7987     8837 
  1687   3051  1     gi|311    27645    29316 
  1687   8719  1      gi|70    22307    23223 
  1687   8720  1      gi|70    23356    24023 
  1688   3004  1     gi|308    13941    14021 
  1688   6248 -1     gi|537    35570    35654 
  1688   3006 -1     gi|308    15138    15218 
  1689   3005  1     gi|308    14132    15027 
  1689   3762 -1     gi|360     9187    10106 
  1689   8280  1     gi|671    15517    15656 
  1689   9713  1     gi|770    13112    13252 
  1690   3007  1     gi|308    15628    15743 
  1690   9256 -1      gi|74     1800     1913 
  1691   3009  1     gi|308    23626    23687 
  1691   6515  1     gi|557    11777    11836 
  1692   3014  1     gi|309     1328     1400 
  1692  10701 -1     gi|754    20426    20586 
  1692   3159  1     gi|318     2436     2535 
  1692   7986 -1     gi|655    32756    32846 
  1692  10703  1       gi|9    18311    18790 
  1692   5758  1       gi|5    26321    26598 
  1692   7157  1     gi|595     7515     7914 
  1692  10705  1     gi|595     7257     7331 
  1692  10706  1     gi|331    28625    28903 
  1693   3015  1     gi|309    13716    14061 
  1693   3310  1     gi|328    17943    18288 
  1693   4370 -1     gi|403    23630    23975 
  1694   3020  1      gi|31     5074     5208 
  1694  11001 -1     gi|701    29526    32488 
  1694   8198 -1     gi|665    38977    39246 
  1694  10996  1     gi|354     1233     4195 
  1694   8197 -1     gi|665    37994    38510 
  1695   3028  1      gi|31    20884    21033 
  1696   3031  1      gi|31    28215    28741 
  1696  11832  1     gi|204    35999    36531 
  1696  11834  1     gi|714    24844    25377 
  1696  10569 -1     gi|442    38523    38694 
  1696  10575 -1     gi|204    28387    28540 
  1697   3038  1      gi|31    39078    39442 
  1697  11129 -1      gi|51    32649    33908 
  1697   6548 -1     gi|558    35920    37172 
  1697   5862 -1     gi|507    38376    38721 
  1698   3039  1      gi|31    39544    40065 
  1698   6065 -1     gi|522    17789    19104 
  1698   3916  1     gi|369    37517    37616 
  1699   3040  1     gi|310    10939    11178 
  1699   7987  1     gi|655    33067    33313 
  1699  12234  1     gi|621    13133    13297 
  1699  12235  1     gi|361    10144    10414 
  1699   4689 -1     gi|423    21589    21751 
  1699   7982 -1     gi|655    27284    27433 
  1700   3042  1     gi|310    23386    24880 
  1700   6866  1     gi|576    24427    26042 
  1700   9715 -1     gi|770    15243    15410 
  1700   9716 -1     gi|770    15652    15894 
  1700   9717  1     gi|770    16777    16944 
  1700   5877 -1     gi|509     7546     9427 
  1700   5775 -1      gi|50     2866     2941 
  1700   6869  1     gi|576    26562    28489 
  1700  10195 -1      gi|95    32335    32493 
  1701   3043  1     gi|310    33454    34587 
  1701   7497  1     gi|619    14637    16375 
  1701   3048  1     gi|310    38335    40041 
  1702   3044  1     gi|310    34571    34812 
  1702   7498  1     gi|619    16819    17076 
  1703   3047  1     gi|310    38035    38332 
  1703   7496  1     gi|619    14275    14570 
  1704   3049  1     gi|311    10090    10534 
  1704   6328 -1     gi|542     1119     1819 
  1704   6918 -1      gi|58    14608    16222 
  1704   5589  1     gi|488     5015     6598 
  1704   6329 -1     gi|542     2213     2325 
  1705   3052  1     gi|311    30518    30609 
  1705   8868  1     gi|710    16821    16912 
  1706   3053  1     gi|311    30694    30798 
  1706   8869  1     gi|710    17112    17216 
  1707   3057  1     gi|312      844     1178 
  1707   6263  1     gi|538    37353    37705 
  1708   3058  1     gi|312     1699     1861 
  1708   6264  1     gi|538    37750    37914 
  1709   3064  1     gi|312    19494    20238 
  1709   6265  1     gi|538    37933    38672 
  1710   3065  1     gi|312    20386    20946 
  1710   6266  1     gi|538    38882    39420 
  1711   3066  1     gi|312    22441    22784 
  1711   9492  1     gi|753     4691     5100 
  1711   3069  1     gi|312    23893    24152 
  1712   3070  1     gi|312    24233    24341 
  1712   4305 -1      gi|40     4330     4442 
  1713   3072  1     gi|312    26964    27208 
  1713   8070 -1     gi|659    29744    30412 
  1713   3073  1     gi|312    27396    27546 
  1713   8111 -1     gi|661    20584    24853 
  1713   5301 -1     gi|471      233     4516 
  1713   8119 -1     gi|661    35684    39937 
  1713   5322  1     gi|471    33497    37704 
  1713   4946  1     gi|440    24155    24787 
  1713   8068 -1     gi|659    23822    26688 
  1713   4718  1     gi|424    27771    27861 
  1714   3075  1     gi|312    29482    29583 
  1714   4862 -1     gi|435    13167    13268 
  1715   3076  1     gi|312    29705    29780 
  1715   6940  1     gi|580    29480    29709 
  1715  10145 -1      gi|92    28333    28548 
  1716   3078  1     gi|312    35294    35665 
  1716   6056  1     gi|522     8932     9319 
  1716   8974  1     gi|718    20497    20586 
  1717   3079  1     gi|312    38874    39356 
  1717   3496  1     gi|343    13781    14249 
  1717   6135  1     gi|527     5708     6172 
  1718   3080  1     gi|313     2367     2458 
  1718  10535 -1     gi|369        1     8995 
  1718   7270  1     gi|601    10359    10674 
  1718  10539  1     gi|643    13110    22111 
  1718   6076 -1     gi|522    31663    34896 
  1718   6751  1     gi|570    23475    23602 
  1718   7269  1     gi|601     8956     9996 
  1719   3081  1     gi|313    15567    15663 
  1719   8712 -1      gi|70     3517     3598 
  1719   4742 -1     gi|426    14202    14260 
  1720   3082  1     gi|313    16510    16781 
  1720   6389 -1     gi|548     1873     2148 
  1721   3084  1     gi|313    34622    35151 
  1721   4295 -1       gi|4    21322    21881 
  1722   3085  1     gi|313    36980    37392 
  1722   4294 -1       gi|4    18941    19391 
  1723   3099  1     gi|314    27668    28116 
  1723  10688  1     gi|113    24397    24845 
  1723  10691  1     gi|675     7315     7763 
  1724   3100  1     gi|314    29026    29329 
  1724  10689  1     gi|113    24845    25148 
  1724  10692  1     gi|675     7763     8066 
  1725   3101  1     gi|314    29814    30467 
  1725  10690  1     gi|113    25148    25801 
  1725  10693  1     gi|675     8066     8551 
  1726   3103  1     gi|314    33433    34185 
  1726   5041 -1     gi|447    28264    29001 
  1727   3104  1     gi|314    34666    34700 
  1727   5040 -1     gi|447    28231    28265 
  1728   3108  1     gi|315     9416     9851 
  1728   5050  1     gi|448     9813    10255 
  1729   3110  1     gi|315    29444    29541 
  1729   4468 -1      gi|41    11148    11456 
  1729   3111  1     gi|315    29545    29815 
  1729   6220  1     gi|536     5575     5672 
  1729   6221  1     gi|536     6375     6644 
  1730   3112  1     gi|315    30800    32327 
  1730   9078 -1     gi|724    38555    40109 
  1730   3114  1     gi|315    34368    35884 
  1731   3116  1     gi|315    36045    36084 
  1731   6392  1     gi|548    14531    14570 
  1732   3119  1     gi|315    39405    39613 
  1732   8605  1     gi|694     1797     2002 
  1733   3128  1     gi|316    17573    17633 
  1733   9045  1     gi|723    12223    12286 
  1734   3129  1     gi|316    18112    18465 
  1734   6805  1     gi|573    33448    33650 
  1735   3130  1     gi|316    18758    19610 
  1735   9056 -1     gi|723    38628    38970 
  1735  10951  1     gi|723        1      632 
  1736   3132  1     gi|316    20448    21512 
  1736  10952  1     gi|723      636      674 
  1737   3135  1     gi|316    24177    24432 
  1738   3136  1     gi|316    24743    29187 
  1738   5339 -1     gi|474     5593    10084 
  1738   9926 -1       gi|8     2054     2211 
  1739   3137  1     gi|316    29438    29491 
  1739   5765  1       gi|5    34416    36509 
  1739   7856  1     gi|648    13745    17532 
  1739   5763  1       gi|5    30095    30310 
  1739   8247 -1     gi|669    33852    37639 
  1739   9348  1     gi|745    35741    36442 
  1739   9349  1     gi|745    36440    36487 
  1740   3140  1     gi|316    33321    33638 
  1741   3149  1     gi|317     3295     3377 
  1741   5433 -1     gi|478    26375    26457 
  1742   3150  1     gi|317     3339     3728 
  1742   9123 -1     gi|729     9545     9716 
  1743   3151  1     gi|317     3652     3849 
  1743   5431 -1     gi|478    25747    25943 
  1744   3154  1     gi|317    14777    15110 
  1744  10125  1      gi|91    22594    22742 
  1744  10127  1      gi|91    26841    27788 
  1745   3155  1     gi|317    15636    16330 
  1746   3156  1     gi|317    16640    16694 
  1746   5167 -1      gi|46      620      678 
  1747   3162  1     gi|318    19388    19533 
  1747   8514  1     gi|688    37431    37576 
  1748   3164  1     gi|318    30381    30703 
  1748   8515  1     gi|688    38976    39304 
  1749   3165  1     gi|318    31067    31446 
  1749   4566  1     gi|415    36612    37014 
  1750   3178  1     gi|319    33294    33484 
  1750   5887  1     gi|509    22527    22717 
  1751   3179  1     gi|319    35018    35593 
  1751   8372 -1     gi|678    17889    18484 
  1752   3180  1     gi|319    36030    36580 
  1752   8401  1     gi|680     3988     4524 
  1753   3181  1     gi|319    36588    36637 
  1753   8402  1     gi|680     4903     4951 
  1754   3184  1      gi|32     2912     2995 
  1754   7705  1     gi|632    28386    28465 
  1754   7706  1     gi|632    33509    33594 
  1755   3187  1      gi|32    15725    16011 
  1755   8921  1     gi|714    21291    21484 
  1756   3189  1      gi|32    33901    33990 
  1756   6461  1     gi|553     9206     9303 
  1757   3194  1     gi|320     2418     2919 
  1757  11867  1     gi|767    36287    36786 
  1757  11869  1     gi|609     3833     4139 
  1758   3195  1     gi|320     2859     4422 
  1758   8117  1     gi|661    32160    32873 
  1758   8824  1     gi|707    35040    35875 
  1758   9683  1     gi|767    39107    40120 
  1758   5118  1     gi|454    39860    40081 
  1758   8380  1     gi|679    26263    26368 
  1759   3208  1     gi|321     8542    10192 
  1759   7677 -1     gi|630    25572    27356 
  1759   7674 -1     gi|630    23299    23387 
  1759   3630  1     gi|349    39108    39385 
  1759   8643 -1     gi|697      539     2119 
  1759   7665 -1     gi|630    10766    10831 
  1759   7664 -1     gi|630     9415    10707 
  1759   7680  1     gi|630    36874    38390 
  1759   7683  1     gi|630    38693    38835 
  1759  12250 -1     gi|362    25822    26384 
  1759   3209  1     gi|321    10193    10289 
  1760   3211  1     gi|321    11089    11164 
  1760   7673 -1     gi|630    22889    22964 
  1761   3214  1     gi|321    12704    14639 
  1762   3217  1     gi|321    19124    19875 
  1763   3223  1     gi|321    23384    23574 
  1763   5390 -1     gi|476    32363    32538 
  1763   4994 -1     gi|442    29833    30023 
  1764   3242  1     gi|322     1621     1823 
  1764  12477  1     gi|481    20377    20502 
  1764  12521  1     gi|706    28358    28483 
  1764  12522 -1     gi|735     9733     9881 
  1764   3250 -1     gi|322    25374    25576 
  1765   3243  1     gi|322     3116     3160 
  1765   5567  1     gi|485    15881    15926 
  1765  11991  1     gi|251    38310    38351 
  1766   3246  1     gi|322    20105    20343 
  1766   7985  1     gi|655    31370    32227 
  1767   3247  1     gi|322    20744    20827 
  1767   6575  1      gi|56    37183    37338 
  1767   6696 -1     gi|568    16966    17088 
  1768   3248  1     gi|322    20864    21107 
  1768   6577  1      gi|56    37676    37913 
  1769   3252  1     gi|322    32808    33306 
  1769   6079 -1     gi|522    36435    36937 
  1770   3253  1     gi|322    33438    33586 
  1770  12033  1     gi|514     4993     5147 
  1770  12035  1     gi|514    18839    18999 
  1770  12037  1     gi|264    16083    16226 
  1771   3254  1     gi|322    33886    34369 
  1771  12034  1     gi|514     5152     5820 
  1771  12036  1     gi|514    19002    19674 
  1771  12038  1     gi|264    16245    16905 
  1772   3258  1     gi|323    14755    14941 
  1772   6173 -1     gi|530    24229    25818 
  1772  11181 -1     gi|285    30214    33519 
  1772   3259  1     gi|323    15198    15317 
  1772   6174 -1     gi|530    26717    27514 
  1772   6664  1     gi|567     4967     5185 
  1772  11186  1     gi|305    32087    35056 
  1772   7776  1     gi|640    27955    28021 
  1773   3260  1     gi|323    17013    17103 
  1773  10021 -1      gi|84    27132    27225 
  1774   3263  1     gi|323    25564    26536 
  1774   8215  1     gi|667        1      974 
  1774  11202 -1     gi|425     9381     9573 
  1775   3264  1     gi|323    31756    31827 
  1775   8220 -1     gi|667     8615     8760 
  1775   4023  1     gi|380    39045    39190 
  1775   3269 -1     gi|323    39733    39792 
  1776   3265  1     gi|323    31822    32105 
  1776   5229  1     gi|463    30842    31125 
  1777   3266  1     gi|323    32449    32997 
  1777   8219 -1     gi|667     7445     7967 
  1777   4024  1     gi|380    39812    40173 
  1778   3267  1     gi|323    35741    36356 
  1778   8217 -1     gi|667     2995     3610 
  1779   3268  1     gi|323    37489    38369 
  1779   8216 -1     gi|667      972     1852 
  1780   3273  1     gi|324    10701    10977 
  1780   6737  1      gi|57    39950    40000 
  1780   9840  1      gi|78    34219    34496 
  1781   3274  1     gi|324    11651    12673 
  1781   5538  1     gi|483    24650    25834 
  1781   5439  1     gi|479     3016     4036 
  1781   5500  1     gi|481    34266    35175 
  1781   9234 -1     gi|738    26837    27872 
  1781   5541  1     gi|483    34449    34927 
  1781   5542  1     gi|483    35573    35711 
  1781  12255  1     gi|483    10661    11441 
  1782   3275  1     gi|324    12729    13596 
  1782   5442  1     gi|479     6362    13268 
  1782   3280  1     gi|324    33790    34202 
  1782   5531  1     gi|483    13674    15733 
  1782   9227  1     gi|738    16372    16684 
  1782   9233 -1     gi|738    24116    25565 
  1782   5532  1     gi|483    16388    16632 
  1783   3276  1     gi|324    15730    15772 
  1783   5484  1     gi|481     3442     3484 
  1784   3278  1     gi|324    32411    32742 
  1784   5501  1     gi|481    36579    39842 
  1785   3282  1     gi|324    37383    38583 
  1785  11392  1     gi|593    13578    16689 
  1785  11387  1     gi|250    24445    27576 
  1786   3292  1     gi|327     4105     4247 
  1786   3384  1     gi|334     2239     2978 
  1786   3813 -1     gi|362    39372    40140 
  1786   6708 -1     gi|569    18007    18775 
  1786   9445  1      gi|75    14950    15002 
  1786   3293  1     gi|327     4229     4625 
  1786   6766  1     gi|572     2910     3285 
  1786   7043  1     gi|587      170      490 
  1786  11566 -1     gi|166    31817    32066 
  1786  11572  1      gi|75    14999    15362 
  1787   3296  1     gi|327    31256    31490 
  1787   9200  1     gi|737     1640     1893 
  1787   3297 -1     gi|327    31558    31817 
  1788   3300  1     gi|327    37075    38155 
  1788   6409  1     gi|549     3910     4969 
  1789   3301  1     gi|327    37822    39875 
  1789   6410  1     gi|549     4990     5473 
  1790   3308  1     gi|328    15523    17113 
  1790   4373 -1     gi|403    27591    29181 
  1790   6160  1     gi|530     7867     8462 
  1790   9632  1     gi|765     3855     3935 
  1790   9630  1     gi|765        1      477 
  1791   3309  1     gi|328    17111    17611 
  1791   4371 -1     gi|403    24305    24805 
  1791   9633  1     gi|765     3934     4010 
  1792   3311  1     gi|328    18962    19677 
  1792   4368 -1     gi|403    22442    22765 
  1792   4369 -1     gi|403    22765    22956 
  1792   8600  1     gi|692    37158    37512 
  1792   8601  1     gi|692    37442    37840 
  1792   9634  1     gi|765     4012     4716 
  1792   7319  1     gi|605    34643    34736 
  1792   9971  1      gi|80    38790    39025 
  1793   3315  1     gi|328    30027    30231 
  1793   3701 -1     gi|354    38044    38195 
  1793   5261  1     gi|468    35188    35355 
  1793  12257  1     gi|403    15214    15384 
  1793   4287  1       gi|4     9922    10023 
  1793  12258 -1     gi|328    26713    26915 
  1794   3316  1     gi|328    31767    32854 
  1794   3700 -1     gi|354    34689    36518 
  1794  10267  1      gi|51    22088    27276 
  1794   8744  1     gi|701       94      809 
  1794   5335 -1     gi|473    19201    29057 
  1794  11767  1     gi|199    37278    39998 
  1794   4344 -1     gi|400    29578    36390 
  1794   4345 -1     gi|400    38084    40146 
  1794   4348 -1     gi|402        3     1174 
  1794   5907  1      gi|51    33909    35116 
  1794   5903  1      gi|51    30576    30710 
  1794   5908  1      gi|51    35057    36611 
  1794   5911  1      gi|51    38110    38481 
  1794   5337 -1     gi|473    36938    37107 
  1795   3320  1     gi|329     5665     6150 
  1795   7392  1     gi|610        1     2889 
  1795   8935 -1     gi|715     9986    11195 
  1795   5826 -1     gi|502    33365    33570 
  1796   3324  1     gi|329    24266    24373 
  1796   5348 -1     gi|474    29685    29782 
  1797   3325  1     gi|329    27916    27972 
  1797  10201  1      gi|96    17537    17595 
  1798   3326  1     gi|329    31563    31651 
  1798   9034  1     gi|723     1912     2081 
  1798   3551  1     gi|347     4019     4179 
  1799   3327  1     gi|329    32006    32436 
  1799   3552  1     gi|347     4676     5087 
  1799   3657 -1     gi|350     6123     6549 
  1799  10130 -1      gi|91    29742    29850 
  1800   3329  1     gi|329    33886    34057 
  1800   5090 -1     gi|452     1486     1603 
  1800  12453 -1     gi|164    10613    10953 
  1800   5062 -1     gi|449     2104     2375 
  1800   6854  1     gi|576     4695     4898 
  1800  12451 -1      gi|65    39625    39829 
  1800  12454  1     gi|302    33675    33977 
  1800   6219  1     gi|536     2532     2650 
  1801   3330  1     gi|329    34001    34158 
  1801   5089 -1     gi|452      866     1001 
  1802   3332  1      gi|33     4763     4847 
  1802   7505  1     gi|620     6198     6279 
  1803   3334  1      gi|33    35058    36005 
  1803   4456 -1     gi|409    37229    38175 
  1804   3338  1     gi|331        2     1124 
  1804   6024  1     gi|519    21141    22284 
  1805   3339  1     gi|331     1536     1682 
  1805   6025  1     gi|519    22293    22432 
  1806   3342  1     gi|331     7380    10289 
  1806   4836  1     gi|432    22019    24906 
  1806   7234  1       gi|6    15442    16873 
  1806   7236  1       gi|6    18771    19074 
  1806   8850 -1     gi|709    26086    26256 
  1806   7219 -1       gi|6        1       79 
  1806   7222  1       gi|6     4582     4841 
  1807   3343  1     gi|331    10709    10809 
  1807   4342  1     gi|400    22868    22968 
  1808   3345  1     gi|331    11143    12448 
  1808   4350  1     gi|402     1624     4481 
  1808   7867  1     gi|649      324      562 
  1809   3346  1     gi|331    12507    12556 
  1809   4352  1     gi|402     6573     6622 
  1810   3348  1     gi|331    17565    17641 
  1810   9081  1     gi|725     4855     5130 
  1810  11217  1     gi|388     6174     8623 
  1810  11220 -1     gi|160    25060    27508 
  1810  12446  1     gi|444    31807    31982 
  1810   6127 -1     gi|525    23041    23560 
  1810  11208 -1     gi|141    39751    40040 
  1810  11218 -1      gi|50     5018     5310 
  1810  11219 -1      gi|94     9043     9201 
  1810  12443 -1     gi|555    25916    26096 
  1810   6729 -1      gi|57    30055    30139 
  1810  10071  1      gi|87    24470    24532 
  1810  12441  1     gi|555    25873    25914 
  1810  12447 -1     gi|444    31984    32025 
  1811   3351  1     gi|331    21906    22090 
  1811   3521 -1     gi|345    29564    29700 
  1811   5831  1     gi|504    11800    11983 
  1811  12262  1     gi|380    17149    17286 
  1811  12263  1      gi|40    30504    30642 
  1811  12264 -1     gi|624    19948    20084 
  1811  12265 -1     gi|688    18056    18239 
  1811  12267  1      gi|69    18089    18227 
  1811   6932  1     gi|580     7247     7316 
  1812   3358  1     gi|331    29167    29295 
  1812   4912 -1     gi|439    22964    23093 
  1813   3359  1     gi|331    29308    29576 
  1813   6728 -1      gi|57    25505    25789 
  1814   3364  1     gi|332     5582     5654 
  1814   3469  1     gi|340    25263    25335 
  1814   6753  1     gi|570    25647    25717 
  1814   9414 -1     gi|749    23632    23705 
  1815   3365  1     gi|332     7206     7337 
  1815   9413 -1     gi|749    21950    22081 
  1816   3368  1     gi|332    14064    14108 
  1816   6532  1     gi|557    36052    36096 
  1817   3379  1     gi|333       57      364 
  1817   5014 -1     gi|444    11430    11719 
  1818   3381  1     gi|333    21056    21386 
  1819   3389  1     gi|334    10525    11083 
  1819   7261 -1     gi|600    25433    25992 
  1820   3394  1     gi|334    26060    26163 
  1820   7259 -1     gi|600    22758    22861 
  1821   3396  1     gi|334    27464    27654 
  1821   7258 -1     gi|600    22569    22759 
  1822   3401  1     gi|334    35777    40112 
  1822   9734  1     gi|772     7115     9470 
  1822   9735  1     gi|772     9678    10778 
  1822   9742  1     gi|772    19335    21615 
  1822   9743  1     gi|772    22433    23134 
  1822   9748  1     gi|772    31061    35414 
  1823   3404  1     gi|336     6879     7079 
  1823  12184  1     gi|296    11579    11773 
  1823   3406  1     gi|336     9481     9673 
  1823  12186  1     gi|336     8185     8375 
  1823  12192  1     gi|336    10848    11052 
  1823  12189 -1     gi|434    29488    29681 
  1823  12193  1     gi|296    13373    13569 
  1823  12190  1     gi|296    10273    10468 
  1824   3409  1     gi|336    28825    29483 
  1824   8734  1     gi|700    16491    17144 
  1825   3410  1     gi|336    29553    29644 
  1825   8735  1     gi|700    17146    17238 
  1826   3411  1     gi|336    30275    31073 
  1826   8736  1     gi|700    17845    18634 
  1826   5289 -1      gi|47    31516    31711 
  1827   3413  1     gi|336    33588    33721 
  1827   5137 -1     gi|457     7720    10493 
  1827   5366  1     gi|475    16932    19661 
  1827  11287  1     gi|511    25170    25364 
  1827   5133 -1     gi|457      754     3469 
  1827  10684  1     gi|216    35248    35382 
  1828   3417  1     gi|336    39583    39739 
  1828   3822  1     gi|363    27319    27478 
  1829   3418  1     gi|337    12767    13117 
  1829   8689  1     gi|699    26882    26960 
  1829   8690  1     gi|699    28794    29128 
  1830   3419  1     gi|337    13463    13656 
  1830   8691  1     gi|699    29243    29437 
  1831   3420  1     gi|337    33065    34537 
  1831   8591 -1     gi|692    15860    17739 
  1831   8588 -1     gi|692    11314    13216 
  1831   3422  1     gi|337    36953    38815 
  1831   3421  1     gi|337    36271    36599 
  1832   3424  1     gi|338     1181     1491 
  1832   4249 -1     gi|397    15269    15586 
  1833   3425  1     gi|338     7448     8269 
  1833   6853 -1     gi|576     3267     4471 
  1833   8259  1      gi|67    11660    12065 
  1833   9888 -1     gi|784    14033    14310 
  1834   3426  1     gi|338    18411    19602 
  1834   9114 -1     gi|727    24774    25972 
  1835   3427  1     gi|338    25606    25979 
  1835   4577  1     gi|416    19864    20233 
  1836   3429  1     gi|339     1070     2668 
  1836   5935  1     gi|512    32283    32790 
  1836   5936  1     gi|512    33197    35906 
  1836   3430  1     gi|339     2677     5508 
  1836   5938  1     gi|512    37480    38924 
  1836   5939  1     gi|512    39006    40096 
  1837   3433  1      gi|34        1      245 
  1837  11518 -1     gi|160     9695     9938 
  1838   3435  1      gi|34     1770     1832 
  1838  11520 -1     gi|462    40033    40095 
  1838  11521 -1     gi|160     9117     9179 
  1839   3438  1      gi|34     5391     5896 
  1839  11890 -1     gi|226    27142    27367 
  1839  12122  1     gi|618    15704    17779 
  1839  12126  1     gi|420     7202     7428 
  1839   6821 -1     gi|574     8232    10700 
  1839  12120 -1     gi|281     1225     1832 
  1839  12125 -1      gi|34    13322    14652 
  1839   3445 -1      gi|34    14619    15254 
  1839  12132  1     gi|618    21586    22086 
  1839  12124  1      gi|93      606      995 
  1839  12134 -1     gi|281     2900     3236 
  1840   3439  1      gi|34     6433     7861 
  1840  12133 -1     gi|281     2207     2900 
  1841   3440  1      gi|34     7751     8300 
  1841   8023  1     gi|656    38921    39505 
  1841   3443 -1      gi|34    12803    13384 
  1842   3441  1      gi|34     8667     9154 
  1842   8024  1     gi|656    39830    39997 
  1842  12273  1      gi|93     9898    10419 
  1842  12275 -1      gi|34    11782    11952 
  1842  12274 -1      gi|34    11456    11781 
  1842   8297  1     gi|673        1      152 
  1843   3446  1      gi|34    15470    15502 
  1843  12130 -1     gi|656    37955    38937 
  1843  12131  1     gi|618     9773    12225 
  1843  12129 -1     gi|656    37768    37953 
  1843  12135  1     gi|574     7643     7701 
  1844   3447  1      gi|34    19676    20828 
  1844   3728  1     gi|357    27709    28882 
  1844   4395  1     gi|404    32169    33294 
  1845   3448  1      gi|34    23421    23558 
  1845   4306 -1      gi|40     4431     4581 
  1845   3455  1      gi|34    31457    31562 
  1846   3449  1      gi|34    27069    27120 
  1846   9093 -1     gi|726     8727    10731 
  1846   4017 -1     gi|380    18942    20956 
  1846   4970 -1     gi|441    23401    24925 
  1847   3451  1      gi|34    27592    28002 
  1847   4099  1     gi|386     4965     5349 
  1848   3459  1     gi|340     1833     2709 
  1848   6612  1     gi|562     6117     6187 
  1848  10153  1      gi|93    16473    16958 
  1848  11786 -1     gi|201     6006     6892 
  1848  11788 -1     gi|562     9887    10492 
  1849   3460  1     gi|340     6618     6734 
  1849   5699  1     gi|494    17393    18650 
  1849   9955 -1      gi|80    11858    12017 
  1849   9956  1      gi|80    11988    12084 
  1849  10217  1      gi|97    30217    30290 
  1850   3475  1     gi|341     6114     6705 
  1850   5480 -1     gi|480    28809    28915 
  1850   5482 -1     gi|480    29418    30003 
  1851   3476  1     gi|341     6730     6995 
  1851   5481 -1     gi|480    28955    29163 
  1852   3486  1     gi|342    17653    17805 
  1852   5148 -1     gi|458    33658    35394 
  1852   3631  1     gi|349    39551    39896 
  1852   3810 -1     gi|362    25105    25412 
  1852   7097 -1      gi|59    33809    35545 
  1852   3487  1     gi|342    17809    17896 
  1852  12277 -1     gi|362    22435    22642 
  1852   4505 -1     gi|411    29883    29947 
  1853   3488  1     gi|342    25811    26207 
  1853   6138  1     gi|527    29726    30343 
  1853   6862  1     gi|576    18689    19315 
  1853   6139  1     gi|527    33176    33434 
  1853  10036 -1      gi|85    12352    12819 
  1853   9064  1     gi|724    10631    10893 
  1854   3490  1     gi|342    30340    30540 
  1854   5304 -1     gi|471     9948    10174 
  1854   8889  1     gi|712     9382     9503 
  1855   3491  1     gi|343      548      777 
  1855   5953  1     gi|513    26792    26953 
  1855   6041 -1      gi|52    16943    17094 
  1856   3500  1     gi|343    24911    25453 
  1856   6054  1     gi|522     3694     7425 
  1856   7424 -1     gi|613    14845    17151 
  1856   7425 -1     gi|613    17151    17268 
  1857   3501  1     gi|343    27955    28862 
  1858   3508  1     gi|344     7817     9937 
  1858   6273 -1      gi|54    22095    24092 
  1859   3510  1     gi|344    29271    29677 
  1859   4572  1     gi|416     6580     6967 
  1860   3514  1     gi|345     7711     7856 
  1860   5846 -1     gi|507     9032     9169 
  1861   3515  1     gi|345    14948    16488 
  1861   3673 -1     gi|351    17477    19004 
  1861   7600  1     gi|626    22525    22633 
  1862   3516  1     gi|345    20019    21705 
  1862   5845  1     gi|507     4442     6029 
  1862   5848  1     gi|507    10603    12078 
  1862   5844  1     gi|507     3707     4420 
  1862   7616 -1     gi|627    28239    28464 
  1862   3517  1     gi|345    21984    23485 
  1863   3518  1     gi|345    23853    23975 
  1863  12285 -1     gi|507    32297    33593 
  1863   7859  1     gi|648    28944    30215 
  1863  12287 -1     gi|648     8627     9887 
  1863  12288 -1      gi|92    11946    12165 
  1864   3520  1     gi|345    28599    28728 
  1864   4326 -1      gi|40    31488    31610 
  1864  12289 -1     gi|380    18121    18249 
  1864  12290 -1     gi|504    12773    12900 
  1864  12291 -1      gi|69    19062    19189 
  1864   8502  1     gi|688     8083     8169 
  1865   3524  1     gi|346      843     1618 
  1865   4075 -1     gi|384    30763    31529 
  1865   8163 -1     gi|665     1000     1422 
  1866   3525  1     gi|346     1983     2091 
  1866   7240 -1       gi|6    26724    26769 
  1866   8620 -1     gi|695     4400     4475 
  1866   9310  1     gi|743    11580    11705 
  1866  12278  1     gi|342    30206    30332 
  1866  12279  1     gi|462    11462    11561 
  1866  12280  1     gi|485    36942    37040 
  1866  12281 -1     gi|475    22616    22663 
  1867   3526  1     gi|346     2862     3681 
  1867   9486 -1     gi|752    31606    32032 
  1868   3527  1     gi|346     4733     4893 
  1868   6010 -1     gi|518     5663     5823 
  1869   3529  1     gi|346     6750     7204 
  1870   3531  1     gi|346     7801     7842 
  1870   6117 -1     gi|525     5788     5875 
  1870   4030  1     gi|381    28702    28789 
  1870   5254 -1     gi|468     3900     3987 
  1870   5954 -1     gi|513    27456    27547 
  1870   6358 -1     gi|543    33663    33743 
  1870   7758  1     gi|639    16219    16298 
  1870   9626 -1     gi|764     9830     9918 
  1871   3535  1     gi|346    13053    13490 
  1871  10391  1     gi|698    37757    38431 
  1871  10389  1     gi|591    14260    14922 
  1871  10404 -1     gi|752    22929    23317 
  1871  10394 -1     gi|752     9920    10158 
  1871   8175 -1     gi|665    15231    15460 
  1872   3537  1     gi|346    15298    15363 
  1872   8328  1     gi|675      151      218 
  1872   7126  1     gi|591    16683    16726 
  1872   9481 -1     gi|752     8087     8153 
  1872   9488 -1     gi|752    38090    38156 
  1872  10251 -1     gi|384    26518    26584 
  1872  10252  1     gi|113    39689    39754 
  1872  10253  1       gi|1      193      260 
  1872   3546  1     gi|346    32746    32789 
  1872   3842  1     gi|364    13763    13853 
  1872   4076 -1     gi|384    32644    32689 
  1872   9478 -1     gi|752     1153     1201 
  1873   3547  1     gi|346    33776    33894 
  1873   7122  1     gi|591     9441     9557 
  1873   7127  1     gi|591    17708    17742 
  1874   3554  1     gi|347     9246     9489 
  1874   5355  1     gi|474    37602    37843 
  1874   6719  1      gi|57     3848     3966 
  1875   3563  1     gi|347    27013    27765 
  1875  11285 -1     gi|141    38652    39445 
  1875   3580  1     gi|347    38958    39129 
  1875  11286 -1     gi|347    20269    20933 
  1876   3566  1     gi|347    28318    28602 
  1876   5795 -1     gi|500      602      909 
  1876   3582  1     gi|347    39640    39915 
  1877   3567  1     gi|347    28663    28808 
  1877   5794 -1     gi|500      269      415 
  1877   3572 -1     gi|347    32007    32179 
  1878   3570  1     gi|347    31208    31885 
  1879   3571  1     gi|347    31845    32009 
  1879   5793  1     gi|500       31      198 
  1880   3585  1     gi|348     6371     7273 
  1880   8396  1      gi|68    32118    33017 
  1881   3588  1     gi|348    15145    15287 
  1881   6916 -1      gi|58    13418    13837 
  1881   3589  1     gi|348    15299    15382 
  1881   3600  1     gi|348    23653    24077 
  1882   3590  1     gi|348    15424    16603 
  1883   3591  1     gi|348    17094    17256 
  1883   7717  1     gi|634    17206    17373 
  1883   3602  1     gi|348    25966    26123 
  1884   3597  1     gi|348    21734    21991 
  1884   6699  1     gi|568    19613    19764 
  1885   3601  1     gi|348    24077    25334 
  1886   3605  1     gi|349      967     1400 
  1886   3809  1     gi|362    24443    24877 
  1887   3606  1     gi|349     1485     5278 
  1887   4046  1     gi|382    26786    30573 
  1887  11800  1     gi|349    30605    31399 
  1887  11799  1     gi|349    29843    30604 
  1887   6330 -1     gi|542     3774     3884 
  1887   6339 -1     gi|542    21719    21829 
  1888   3607  1     gi|349     6861     7256 
  1888   4047  1     gi|382    30569    30967 
  1889   3609  1     gi|349    14404    15770 
  1889   4244  1     gi|396    21355    22697 
  1890   3610  1     gi|349    15886    15976 
  1890   4245  1     gi|396    22729    22819 
  1891   3612  1     gi|349    16821    17319 
  1891   9027  1     gi|722    10923    12362 
  1892   3617  1     gi|349    23705    23879 
  1892   6749 -1     gi|570    19743    19889 
  1892   9374  1     gi|746    39779    39961 
  1893   3618  1     gi|349    26316    26458 
  1893   9853  1     gi|781    30284    30426 
  1894   3619  1     gi|349    26805    27469 
  1894   9854  1     gi|781    30646    31304 
  1895   3620  1     gi|349    28047    28449 
  1895   3683 -1     gi|353    12286    12687 
  1895   4400  1     gi|405    15697    16100 
  1895   7711  1     gi|633    36276    36486 
  1895   7872 -1     gi|649     4210     4612 
  1895   7710  1     gi|633    35579    35771 
  1895   4584  1     gi|416    30725    30799 
  1896   3623  1     gi|349    32768    32817 
  1896  10972 -1     gi|121    19309    19942 
  1896   4092  1     gi|385    14576    15217 
  1897   3624  1     gi|349    32838    32978 
  1897   7500 -1     gi|619    37482    37636 
  1898   3632  1      gi|35        1       39 
  1898  10963  1     gi|672    31609    31647 
  1898  10965  1     gi|400    22792    22830 
  1899   3633  1      gi|35       77      738 
  1899   5941  1     gi|513     4002     4692 
  1900   3637  1      gi|35     2307     2736 
  1901   3643  1      gi|35    11277    11802 
  1901   5338  1     gi|473    39130    39659 
  1902   3644  1      gi|35    11831    12840 
  1902   7631  1     gi|629     3333     4334 
  1903   3645  1      gi|35    13577    14118 
  1903   4907  1     gi|439    15523    16064 
  1904   3646  1      gi|35    14596    14662 
  1904   4908  1     gi|439    16542    16609 
  1905   3649  1      gi|35    23139    23895 
  1905   8196  1     gi|665    37333    38088 
  1906   3651  1     gi|350     1399     1598 
  1906   7521  1     gi|621    29395    29573 
  1906   8733 -1     gi|700    15463    15658 
  1906   9890  1     gi|784    15798    15934 
  1907   3659  1     gi|350     9418     9534 
  1907   8263 -1      gi|67    15445    15563 
  1908   3661  1     gi|350    10447    10537 
  1908   6634 -1     gi|564     9476     9564 
  1909   3662  1     gi|350    11834    12024 
  1909   4416  1     gi|406    34062    34252 
  1910   3663  1     gi|350    12140    12359 
  1910   4265 -1     gi|398    14231    14438 
  1911   3666  1     gi|350    17618    17692 
  1911   7042  1     gi|586    39632    39706 
  1912   3671  1     gi|351    14396    14517 
  1912   3704  1     gi|356     1568     1697 
  1912   9213  1     gi|738     2253     2351 
  1912   3672  1     gi|351    14474    14562 
  1913   3677  1     gi|351    27334    29430 
  1913  11891  1     gi|548     8378    10412 
  1913   3678  1     gi|351    30541    32584 
  1913   8876  1     gi|711    21684    23792 
  1913  11892  1     gi|711    24245    26288 
  1913  11893  1     gi|351    23975    26143 
  1914   3681  1     gi|353     5156     5325 
  1914   9753 -1     gi|774     4142     4310 
  1915   3682  1     gi|353    11393    11712 
  1915   7712 -1     gi|633    37072    37382 
  1915   7869  1     gi|649     1989     2307 
  1915  12305 -1     gi|349    29023    29342 
  1915   4401 -1     gi|405    16673    16886 
  1915   4402 -1     gi|405    25656    25756 
  1915   6526 -1     gi|557    26871    27008 
  1915   5875  1     gi|509     7414     7452 
  1916   3686  1     gi|353    14433    14752 
  1916   8773 -1     gi|703    28268    28408 
  1916   9469  1     gi|750    22258    22410 
  1916  10191 -1      gi|95    27803    28139 
  1917   3689  1     gi|353    29258    31631 
  1917   8176  1     gi|665    16106    19170 
  1917   3690  1     gi|353    31776    32384 
  1917   3692  1     gi|353    36059    36214 
  1917  12312  1     gi|353    25032    27897 
  1917   5345 -1     gi|474    22957    23195 
  1917   5346 -1     gi|474    23287    25964 
  1917   8229 -1     gi|668    26422    26480 
  1917   9472  1     gi|751    14324    14429 
  1917   3691  1     gi|353    33294    35366 
  1917  12311  1     gi|353    24853    25030 
  1918   3693  1     gi|354        1      653 
  1918   8492 -1     gi|687    24366    24455 
  1918  10820  1     gi|673    39018    39991 
  1918   8751 -1     gi|701    33068    33788 
  1918  10821 -1     gi|701    33575    34702 
  1919   3695  1     gi|354     6390     6646 
  1919   8749 -1     gi|701    20472    20728 
  1920   3696  1     gi|354    14622    15472 
  1920   8748 -1     gi|701    18255    19105 
  1921   3697  1     gi|354    16755    17884 
  1921   8747 -1     gi|701    15843    16972 
  1922   3699  1     gi|354    25410    33900 
  1922   3844 -1     gi|364    16676    16751 
  1922   8002 -1     gi|656    11564    11748 
  1922   8004  1     gi|656    12703    15137 
  1922   8598  1     gi|692    30511    31520 
  1922   8745 -1     gi|701     1600    10090 
  1923   3705  1     gi|356     2388     2469 
  1923   6047  1      gi|52    27205    27280 
  1924   3706  1     gi|356    11519    11723 
  1924   4582  1     gi|416    28070    28286 
  1925   3707  1     gi|356    13594    14332 
  1925   5600 -1     gi|488    28593    29300 
  1925   5602 -1     gi|488    30578    30746 
  1925   5603 -1     gi|488    31054    31292 
  1926   3709  1     gi|356    18899    19497 
  1926   5808 -1     gi|501    29872    30528 
  1926   6045  1      gi|52    24452    24838 
  1927   3713  1     gi|357     1854     2689 
  1928   3716  1     gi|357    10819    11122 
  1928   4084 -1     gi|385     5872     7564 
  1928   9140  1     gi|731    22585    24288 
  1928   4088 -1     gi|385     9010     9136 
  1929   3719  1     gi|357    16507    16586 
  1929   9857 -1     gi|782    11759    11838 
  1930   3724  1     gi|357    24241    24308 
  1931   3725  1     gi|357    24276    24449 
  1931   7532  1     gi|622     8730     8985 
  1931   5593  1     gi|488     9591     9660 
  1931   9704  1     gi|768    27844    28136 
  1931   5592 -1     gi|488     9542     9612 
  1932   3726  1     gi|357    24990    25817 
  1932   8483  1     gi|686    34922    35746 
  1933   3729  1     gi|357    29408    29621 
  1933   6488  1     gi|554    35752    35889 
  1934   3730  1     gi|357    30261    30440 
  1934   4040 -1     gi|382    19001    19172 
  1934   7876  1     gi|649     7721     7901 
  1934  12360  1     gi|659     5715     5890 
  1934  12361 -1     gi|652    35369    35472 
  1934  11535  1     gi|284    25069    25125 
  1934  12364  1      gi|57     2919     2981 
  1935   3731  1     gi|357    32481    32790 
  1935   5588 -1     gi|488        1      317 
  1936   3732  1     gi|357    32791    32977 
  1936   6926 -1      gi|58    39824    40021 
  1937   3733  1     gi|357    32973    34330 
  1937   5598 -1     gi|488    16869    17132 
  1937   5599 -1     gi|488    17389    17798 
  1937   6925 -1      gi|58    38408    39778 
  1937   5597 -1     gi|488    16480    16673 
  1938   3734  1     gi|357    35177    35591 
  1938   8258 -1      gi|67    10259    10673 
  1939   3736  1     gi|357    39510    40337 
  1939   8948  1     gi|715    34982    35754 
  1940   3744  1     gi|358    34701    35260 
  1940   5849  1     gi|507    12401    12995 
  1940   6395 -1     gi|548    15033    15129 
  1940   7792  1     gi|642    21665    21963 
  1940   8073 -1      gi|66     2554     3159 
  1940   9236 -1     gi|738    30114    30565 
  1940   7208 -1     gi|599    17530    17650 
  1940   6393 -1     gi|548    14744    14874 
  1940   7210 -1     gi|599    17908    18034 
  1940   7868 -1     gi|649      872     1210 
  1940   9235 -1     gi|738    28477    28588 
  1941   3746  1     gi|358    36546    36890 
  1941   6098  1     gi|524        1      345 
  1942   3751  1      gi|36     8709     9997 
  1943   3753  1      gi|36    11975    13198 
  1943   9758 -1     gi|774    25125    25423 
  1944   3766  1     gi|360    26687    26753 
  1944   8041 -1     gi|658     3306     3372 
  1945   3767  1     gi|360    27497    27690 
  1945   8040 -1     gi|658       37      230 
  1946   3768  1     gi|360    36168    36334 
  1946   7061 -1     gi|588    10388    10554 
  1947   3777  1     gi|361    13005    13073 
  1947   4947 -1     gi|440    26476    26544 
  1947   9136 -1     gi|731    18711    18779 
  1948   3778  1     gi|361    19197    20544 
  1948   9513 -1     gi|753    38288    39638 
  1948   3795 -1     gi|361    38091    39412 
  1948   3780  1     gi|361    22208    23067 
  1948   3790  1     gi|361    26558    27696 
  1948   3791  1     gi|361    27688    27998 
  1949   3782  1     gi|361    23734    23821 
  1949   3847 -1     gi|364    18432    18519 
  1950   3783  1     gi|361    23828    24082 
  1950   4098 -1     gi|386     2098     2299 
  1950  11335 -1     gi|147    19720    19971 
  1950  11338 -1     gi|416    24679    24926 
  1950  11340  1     gi|485    24538    24787 
  1950  11342  1     gi|545    18748    18986 
  1950  11337 -1     gi|361    24548    24800 
  1950  11344  1     gi|224    28223    28475 
  1950   8842 -1     gi|709     7007     7144 
  1951   3786  1     gi|361    24804    25139 
  1951  11476 -1     gi|158     3208     3429 
  1952   3787  1     gi|361    25127    25297 
  1952  11575  1     gi|350    25240    25444 
  1952  11581 -1     gi|275    29399    29605 
  1952  11578 -1     gi|193    15927    16132 
  1953   3789  1     gi|361    25617    26079 
  1953   4147  1     gi|388    32489    32755 
  1953   4891 -1     gi|438     6409     6880 
  1953   9810 -1     gi|779    24018    24184 
  1954   3792  1     gi|361    28408    29337 
  1954  10456 -1     gi|104    22538    23055 
  1955   3793  1     gi|361    29070    29978 
  1955   9937 -1       gi|8    20643    21504 
  1956   3794  1     gi|361    35858    37376 
  1956   8593  1     gi|692    22154    22558 
  1956   8594  1     gi|692    22720    23661 
  1956   5574 -1     gi|485    25474    25598 
  1957   3796  1     gi|361    39939    40088 
  1957   9933  1       gi|8    13681    13836 
  1958   3798  1     gi|362      243      386 
  1958   6378  1     gi|545    21931    22135 
  1958   7229  1       gi|6    13012    13204 
  1958   8613  1     gi|694    26375    26442 
  1959   3799  1     gi|362     1241     1380 
  1959   8631  1     gi|695    39795    39912 
  1960   3803  1     gi|362     5121     5265 
  1960   4010 -1     gi|380    13629    13750 
  1960   4421 -1     gi|407    12145    12281 
  1960   9645 -1     gi|765    28242    28378 
  1961   3805  1     gi|362    14523    14607 
  1961  10187  1      gi|94    39827    39916 
  1962   3807  1     gi|362    17931    18051 
  1962  10238 -1      gi|99    14929    15044 
  1963   3815  1     gi|363     8184     9787 
  1963   5806 -1     gi|501    24132    24470 
  1963   5807 -1     gi|501    26281    27975 
  1964   3817  1     gi|363    15886    16027 
  1964   6578  1      gi|56    38342    38490 
  1965   3818  1     gi|363    16033    16084 
  1965   6579  1      gi|56    38604    38656 
  1966   3823  1     gi|363    29136    29436 
  1966   9466 -1     gi|750       18      316 
  1967   3824  1     gi|363    29621    29666 
  1967  10180 -1      gi|94    11861    11910 
  1968   3825  1     gi|363    31332    31577 
  1968   8520 -1     gi|689     8233     8479 
  1969   3826  1     gi|363    32289    32390 
  1969   8519  1     gi|689     6023     6124 
  1970   3829  1     gi|364        4      838 
  1970   7953  1     gi|653    11312    12151 
  1970   7956  1     gi|653    15449    16254 
  1970  12325 -1     gi|379    25026    25128 
  1970  12324 -1     gi|379    24844    25024 
  1971   3830  1     gi|364     1130     1622 
  1971   7954  1     gi|653    12480    12966 
  1971   7957  1     gi|653    16749    16974 
  1971   8505  1     gi|688    15890    15953 
  1971   3980 -1     gi|379    23960    24048 
  1972   3831  1     gi|364     3023     3324 
  1973   3832  1     gi|364     3218     3492 
  1973  12330 -1     gi|491    18077    19183 
  1973   5189  1     gi|461    27203    28269 
  1973  12326  1     gi|461    30593    31133 
  1973  12327  1     gi|461    31133    31437 
  1973  12328  1     gi|461    31438    31563 
  1973  12332 -1     gi|364     5030     5244 
  1973   3834 -1     gi|364     5419     5560 
  1973   6921  1      gi|58    21805    21900 
  1973   6998  1     gi|584     4658     4714 
  1974   3835  1     gi|364     5525     5686 
  1974   6907 -1     gi|579    23041    23194 
  1975   3837  1     gi|364     7744     7866 
  1975   5174 -1     gi|460    16194    16319 
  1976   3838  1     gi|364     8061     8191 
  1976   5173 -1     gi|460    15849    15976 
  1977   3843  1     gi|364    14977    15116 
  1977   8730 -1     gi|700    12073    12434 
  1978   3860  1     gi|364    36247    37600 
  1978   5401 -1     gi|477     5977     7323 
  1978  10092  1      gi|89    13973    14253 
  1979   3861  1     gi|364    37579    38030 
  1979   5399 -1     gi|477     4940     5460 
  1980   3862  1     gi|364    38581    40007 
  1980   5398 -1     gi|477     3624     5028 
  1980   5406 -1     gi|477    12855    12996 
  1980   5407  1     gi|477    13219    13456 
  1980  12145 -1      gi|89     1954     2017 
  1980  10094  1      gi|89    14609    14710 
  1981   3871  1     gi|368     1896     2305 
  1981   6459  1     gi|552    39922    40337 
  1981   3872  1     gi|368     2930     3211 
  1982   3874  1     gi|368    10863    10986 
  1982   5204 -1     gi|462    10914    11032 
  1982   7457  1     gi|616    21183    21282 
  1983   3877  1     gi|368    18055    18209 
  1983  11475  1     gi|734    31323    31501 
  1984   3878  1     gi|368    19526    19704 
  1984   8151 -1     gi|664    25952    26129 
  1985   3879  1     gi|368    19806    20040 
  1985   8150 -1     gi|664    23808    24044 
  1986   3881  1     gi|368    20811    21362 
  1986   8106 -1     gi|661     9107     9686 
  1986   8142  1     gi|664     1281     1845 
  1987   3882  1     gi|368    21701    22066 
  1987  11507 -1     gi|552    34407    35006 
  1987  11508  1     gi|368    37417    37936 
  1988   3886  1     gi|368    28998    29360 
  1988   9248 -1     gi|739    15761    16101 
  1988   9246 -1     gi|739    13315    13681 
  1988   6384  1     gi|545    36226    36368 
  1989   3887  1     gi|368    29677    30184 
  1989   9245 -1     gi|739    12496    12991 
  1989   9247 -1     gi|739    14904    15411 
  1989   6385  1     gi|545    37451    37562 
  1990   3894  1     gi|369    22231    24044 
  1990   9952  1      gi|80     8069     9907 
  1991   3895  1     gi|369    24046    24202 
  1991  11035 -1      gi|98    30652    30895 
  1991  11033 -1      gi|70    38764    38971 
  1991  11034 -1     gi|463    24537    24793 
  1991   4309  1      gi|40    14905    14996 
  1991   4329  1      gi|40    34272    34342 
  1991   4332  1      gi|40    39933    40000 
  1992   3896  1     gi|369    24411    24459 
  1992  11528  1     gi|160    21912    22464 
  1992   7948 -1     gi|653     3517     4247 
  1992  11529 -1     gi|388    11377    11930 
  1993   3899  1     gi|369    26284    26439 
  1993   4623 -1     gi|419     3312     3515 
  1993  10541 -1     gi|162    19708    19785 
  1993  10540 -1     gi|162    19607    19704 
  1994   3905  1     gi|369    29856    30858 
  1994   9949  1      gi|80     5881     6880 
  1995   3907  1     gi|369    31271    31349 
  1995  10207  1      gi|97    19269    19347 
  1996   3908  1     gi|369    32626    32801 
  1996   6739 -1     gi|570     1837     2013 
  1997   3909  1     gi|369    33081    33191 
  1997  10215 -1      gi|97    25615    25705 
  1998   3911  1     gi|369    33208    33544 
  1998   6754  1     gi|570    27766    28243 
  1998   3912  1     gi|369    34114    34573 
  1998   3913 -1     gi|369    34805    35118 
  1998   7277 -1     gi|601    37925    38184 
  1998  10218 -1      gi|97    30287    30384 
  1998  11612 -1     gi|171    23870    24129 
  1998  12342  1     gi|369    33203    33244 
  1999   3914  1     gi|369    35627    35760 
  1999   4837 -1     gi|432    26891    28279 
  1999   6074  1     gi|522    28760    30587 
  1999   6537  1     gi|558     4244     5911 
  1999   6850  1     gi|576      349      841 
  1999   8347  1     gi|676    33361    33797 
  1999   8058 -1     gi|659     7732     8820 
  1999   8694 -1       gi|7     3447     3725 
  1999   9636 -1     gi|765     8867     9824 
  1999  11406 -1     gi|534      584     1611 
  2000   3917  1     gi|369    37902    37966 
  2000   5905 -1      gi|51    32521    32684 
  2000   6062 -1     gi|522    16232    16365 
  2000   6545 -1     gi|558    14101    14234 
  2001   3918  1     gi|369    38564    38618 
  2001   6061 -1     gi|522    14933    15505 
  2002   3919  1     gi|369    38618    38775 
  2002  10940  1     gi|116    31805    32150 
  2002   7416 -1     gi|613     1318     1363 
  2002  10930  1     gi|393    30598    30952 
  2003   3921  1     gi|369    40005    40145 
  2003  10933  1     gi|393    31004    31181 
  2003  10942  1     gi|116    32213    32380 
  2004   3922  1      gi|37      329      615 
  2004   4334  1     gi|400     2602     2888 
  2005   3923  1      gi|37     2993     3092 
  2005   4335  1     gi|400     5633     5732 
  2006   3925  1     gi|370    28401    30204 
  2006   6146  1     gi|529     6244     6380 
  2006   8092  1     gi|660    27381    29201 
  2007   3927  1     gi|371    18376    19210 
  2007   9549  1     gi|757    20777    21615 
  2008   3928  1     gi|372      396      949 
  2009   3929  1     gi|372     1204     1408 
  2010   3930  1     gi|372     2368     2447 
  2010   9194 -1     gi|735    32282    32361 
  2011   3934  1     gi|372    15965    16081 
  2011   5449  1     gi|479    28394    28510 
  2012   3935  1     gi|372    28467    28819 
  2012   3985 -1     gi|379    28887    29184 
  2013   3937  1     gi|372    28956    29418 
  2013   6366  1     gi|544    32715    33177 
  2013   8324  1     gi|674    28621    29082 
  2013   5804 -1     gi|501    13299    13760 
  2013   5861 -1     gi|507    37929    37980 
  2014   3938  1     gi|372    29730    30216 
  2014   5803 -1     gi|501    12514    12987 
  2014   6367  1     gi|544    33488    33960 
  2014   7104  1     gi|590     4652     4964 
  2014   8325  1     gi|674    29393    29874 
  2014   5860 -1     gi|507    36736    36827 
  2014   6412 -1     gi|549     8283     8374 
  2015   3939  1     gi|372    30636    31252 
  2015   3983 -1     gi|379    26965    28566 
  2015   3940  1     gi|372    31253    32061 
  2015   3942  1     gi|372    32949    34510 
  2016   3943  1     gi|372    35056    35291 
  2016   9612 -1     gi|762    33441    34223 
  2016   5837  1     gi|504    38268    38425 
  2016   8433  1     gi|682     9317    10107 
  2016   8439  1     gi|682    16329    17093 
  2016   9215  1     gi|738     4989     5074 
  2016   9525 -1     gi|755     7405     7483 
  2017   3945  1     gi|373       17     1887 
  2017   5068  1     gi|449    14387    16299 
  2017   3949  1     gi|373     9031     9432 
  2017   9350 -1     gi|746      106      263 
  2018   3955  1     gi|373    28722    30202 
  2018   4500 -1     gi|411    22469    23434 
  2018   4504 -1     gi|411    28093    29521 
  2019   3956  1     gi|373    30132    32205 
  2019   9531 -1     gi|755    27389    29494 
  2019   9532 -1     gi|755    30060    30097 
  2020   3961  1     gi|375        2     1192 
  2020   9293  1     gi|742      585     2822 
  2020   7726 -1     gi|635    10737    12935 
  2020   9275  1     gi|740    19046    19808 
  2021   3962  1     gi|375     1828     1961 
  2021   9294  1     gi|742     3458     3591 
  2022   3965  1     gi|375     7789     8699 
  2022   9297  1     gi|742     7965     8874 
  2023   3968  1     gi|375    18132    20855 
  2023   9300  1     gi|742    18477    21198 
  2024   3973  1     gi|379     7780     8876 
  2024   5495 -1     gi|481    24412    25539 
  2025   3976  1     gi|379    15199    15488 
  2025   8471 -1     gi|686     9116     9390 
  2026   3979  1     gi|379    20274    20690 
  2026   6693 -1     gi|568    14700    15086 
  2027   3987  1     gi|379    30229    31832 
  2027   9128 -1     gi|731        3     1412 
  2027   9129 -1     gi|731     1820     3462 
  2027   5838 -1     gi|504    38777    38946 
  2027   8208  1     gi|666    18343    20040 
  2027   7740  1     gi|638    12765    12927 
  2027   9130 -1     gi|731     4065     4247 
  2028   3988  1     gi|379    32075    32130 
  2028  12085  1     gi|568        1      631 
  2028  12356  1     gi|379    33228    34784 
  2028   9516  1     gi|754     4582     5407 
  2028  12086  1     gi|568      631      986 
  2028  12351 -1     gi|568    19930    21190 
  2028  12358  1     gi|479    33150    34203 
  2028  12474 -1     gi|568    17312    18838 
  2028  12493 -1     gi|568    12412    12564 
  2028   4001  1     gi|379    39312    40080 
  2028   6725  1      gi|57    17486    17815 
  2028   7979 -1     gi|655    17718    18474 
  2028  12353 -1     gi|655    18542    19410 
  2028   5453  1     gi|479    34544    34826 
  2029   3989  1     gi|379    32123    32181 
  2029  12475 -1     gi|568    18851    18994 
  2029  12357  1     gi|479    32941    33147 
  2029  12352 -1     gi|568    21199    21397 
  2029  12494 -1     gi|568    12574    12751 
  2029   3999  1     gi|379    38857    38987 
  2029  12354 -1     gi|655    19412    19540 
  2029  12355  1     gi|379    33180    33226 
  2030   3990  1     gi|379    32222    32350 
  2030   6695 -1     gi|568    16766    16898 
  2031   3991  1     gi|379    32408    32457 
  2031  12348 -1     gi|568    14093    14361 
  2031  12349  1     gi|379    35548    35827 
  2031  12350 -1     gi|710     2223     2358 
  2031   9219  1     gi|738     6521     6630 
  2032   3992  1     gi|379    32556    32783 
  2032  12219 -1      gi|30    36641    36973 
  2032  12227 -1      gi|82    37176    37326 
  2032   5035  1     gi|447    12969    13047 
  2032   6021  1     gi|519    18782    18923 
  2032  12224 -1      gi|44     8727     9051 
  2032  12225  1     gi|443    16002    16333 
  2032   5816 -1     gi|502     2999     3051 
  2032   5817  1     gi|502     3666     3717 
  2032   4630  1     gi|419    35620    35718 
  2032   4631 -1     gi|419    35695    35755 
  2032   6930  1     gi|580     4294     4371 
  2033   3993  1     gi|379    32955    33192 
  2033   9994  1      gi|82    29000    29324 
  2033   4000  1     gi|379    38990    39307 
  2034   3996  1     gi|379    35006    35510 
  2034   6706  1     gi|568    31446    31950 
  2035   4005  1     gi|380     7242     7594 
  2035   4972  1     gi|441    28104    28475 
  2035   9095  1     gi|726    15031    15381 
  2035   9100  1     gi|726    25097    25471 
  2035   9944  1       gi|8    34611    34986 
  2035  10053 -1      gi|86    29810    30119 
  2035  10443 -1       gi|8    17114    17392 
  2035  10444  1     gi|104     3749     4138 
  2036   4006  1     gi|380     9306    10223 
  2036   9934 -1       gi|8    14410    15329 
  2036   9945  1       gi|8    36675    37582 
  2036  10052 -1      gi|86    27207    28124 
  2036  10445  1     gi|726    17072    18009 
  2036  10447  1     gi|441    30803    31743 
  2037   4011  1     gi|380    13911    15301 
  2037   4958  1     gi|441     6280     7083 
  2037   9097  1     gi|726    17996    18265 
  2037  10448  1     gi|441    31746    33077 
  2037  10450  1     gi|726    28106    29440 
  2037  10449  1     gi|726    27162    28106 
  2037   9098  1     gi|726    18377    19560 
  2037  10446  1     gi|726    18013    18075 
  2038   4012  1     gi|380    16760    17148 
  2038   4960  1     gi|441    12069    12457 
  2038   4974  1     gi|441    34577    34965 
  2039   4015  1     gi|380    18252    18423 
  2039   4961  1     gi|441    12604    12750 
  2039   4975  1     gi|441    35119    35290 
  2040   4016  1     gi|380    18380    19493 
  2040   4963  1     gi|441    16122    17344 
  2040  10280 -1       gi|4     1515     2245 
  2040   4091  1     gi|385    13458    13591 
  2040   4093  1     gi|385    16029    16398 
  2040   5923  1     gi|510    26987    27352 
  2040   7146  1     gi|592    25413    25687 
  2040  10051  1      gi|86    27063    27092 
  2041   4021  1     gi|380    27013    27792 
  2041  11194 -1     gi|137    11044    13144 
  2041  11191  1     gi|306    37217    39665 
  2041  11197 -1     gi|281     9146    11593 
  2041  11204 -1     gi|667    20012    22112 
  2041  11201  1     gi|380    26905    27030 
  2042   4027  1     gi|381    19083    19136 
  2042   6261  1     gi|538    33619    33858 
  2042   4178 -1     gi|390    11338    11431 
  2042  11997 -1     gi|347    32246    32313 
  2043   4032  1     gi|381    31542    31713 
  2043  11113  1       gi|3    31220    31778 
  2043  11114 -1     gi|617    18615    19172 
  2043   4034  1     gi|381    33179    33526 
  2044   4036  1     gi|381    34645    34712 
  2044   5187  1     gi|461    21681    21748 
  2045   4037  1     gi|381    35415    36319 
  2045   5186  1     gi|461    20400    21034 
  2045   5188  1     gi|461    22527    23406 
  2045   5802 -1     gi|501     4862     5005 
  2045   9860 -1     gi|782    38200    38306 
  2046   4039  1     gi|382    17553    17624 
  2046  11414  1     gi|157    12026    12721 
  2046   7891  1      gi|65    23689    23781 
  2046  11413 -1     gi|155    29506    29580 
  2046  11433  1     gi|768    24828    25525 
  2047   4041  1     gi|382    19242    19291 
  2047   4157 -1      gi|39    18848    19008 
  2048   4042  1     gi|382    19284    20113 
  2048   7873 -1     gi|649     4943     6035 
  2048   9381 -1     gi|747    26245    26535 
  2048   9384 -1     gi|747    30498    31532 
  2048   8346 -1     gi|676    25747    25829 
  2049   4043  1     gi|382    24477    25198 
  2050   4044  1     gi|382    25250    25880 
  2050  12300  1     gi|349        1      629 
  2051   4045  1     gi|382    26151    26283 
  2051  12303 -1     gi|397    20433    21051 
  2051   4054  1     gi|382    34583    35015 
  2051   4055  1     gi|382    36367    37679 
  2051  12304 -1     gi|397    21052    21942 
  2051   6971 -1     gi|582    11067    11332 
  2052   4048  1     gi|382    30969    31061 
  2052   6948 -1     gi|581     5343     6070 
  2052   6885  1     gi|577    35154    35560 
  2052   6887  1     gi|577    37315    37541 
  2052  11661 -1     gi|180    18328    19037 
  2052  11668 -1     gi|605    27141    27843 
  2053   4049  1     gi|382    31061    31414 
  2054   4056  1     gi|382    39235    40131 
  2055   4063  1     gi|384    13711    14853 
  2055  10178  1      gi|94     9477    10719 
  2056   4064  1     gi|384    14857    14962 
  2056  10179  1      gi|94    10833    10950 
  2057   4080  1     gi|385     2826     3046 
  2057   9142 -1     gi|731    24802    25022 
  2058   4081  1     gi|385     3660     3827 
  2058   7013  1     gi|586     2167     2411 
  2058   6876  1     gi|577     8915     9141 
  2059   4082  1     gi|385     4154     4458 
  2059   6877  1     gi|577     9373     9675 
  2059   7014  1     gi|586     2668     2972 
  2060   4083  1     gi|385     5196     5692 
  2060   9141 -1     gi|731    24287    24799 
  2061   4085  1     gi|385     7849     8170 
  2061   4413  1     gi|406    27957    28279 
  2062   4086  1     gi|385     8245     8394 
  2062   6652  1     gi|566    23068    23215 
  2063   4087  1     gi|385     8452     9039 
  2063   9139 -1     gi|731    21983    22585 
  2064   4089  1     gi|385     9149     9645 
  2064   9131 -1     gi|731    12307    12646 
  2064   9138 -1     gi|731    20152    20666 
  2065   4096  1     gi|385    39832    40128 
  2065   8357 -1     gi|677     5822     6516 
  2065   4280 -1       gi|4      402     1083 
  2065   7010  1     gi|586        1      699 
  2065  12369 -1     gi|441    18190    18707 
  2065   9416  1     gi|749    27902    27936 
  2065  12366  1     gi|510    33677    34052 
  2065   4279 -1       gi|4        1      699 
  2065   4964 -1     gi|441    17208    17798 
  2065   9417  1     gi|749    28621    28995 
  2065   5927  1     gi|510    34831    35210 
  2065   7011  1     gi|586      547     1162 
  2065   8413  1     gi|681     7313     7401 
  2065   6493 -1     gi|554    39585    40000 
  2066   4097  1     gi|386     1332     1456 
  2066   6005 -1     gi|517    23430    23567 
  2067   4103  1     gi|386    10999    11305 
  2067   9440  1      gi|75     5199     5452 
  2067   9452  1      gi|75    20204    20474 
  2068   4104  1     gi|386    11442    11734 
  2068   9453  1      gi|75    20617    20907 
  2069   4106  1     gi|386    28575    28727 
  2069   8453 -1     gi|684     4209     4361 
  2070   4107  1     gi|386    29563    29756 
  2070   7137 -1     gi|592    12613    14820 
  2071   4111  1     gi|386    38289    39203 
  2071   7161  1     gi|595    19080    19994 
  2071   7689  1     gi|631    19521    20433 
  2071  11738  1     gi|195    18496    19409 
  2071  11739 -1     gi|553    27129    28040 
  2071   9695  1     gi|768     9492     9813 
  2071   9696  1     gi|768    16085    16676 
  2072   4113  1     gi|387     4604     5226 
  2072   9025 -1     gi|722     8285     8952 
  2073   4120  1     gi|387    28619    29191 
  2073   5490  1     gi|481    18767    19565 
  2073   8365 -1     gi|677    33840    33905 
  2073   8799  1     gi|706    26721    27490 
  2074   4124  1     gi|387    39692    39732 
  2074   9545  1     gi|757    11869    12316 
  2074   8327 -1     gi|674    39848    39888 
  2074   6212 -1     gi|535     5430     5498 
  2074   8779  1     gi|704      952     1132 
  2074  11278  1     gi|141    32066    32105 
  2074  11280 -1     gi|387    35876    35916 
  2074  11282  1     gi|439     1013     1053 
  2074  11283  1     gi|535     5483     5790 
  2074  11284 -1     gi|704      390      825 
  2074   4314 -1      gi|40    16926    17055 
  2075   4129  1     gi|388    13898    16734 
  2075  11810 -1     gi|215    21529    24689 
  2075  11811  1     gi|525     9229    12388 
  2075   9009  1     gi|720    17897    18678 
  2075   9611 -1     gi|762    29762    32779 
  2075  11815  1     gi|493    26733    27710 
  2075  11814 -1     gi|437    28649    28954 
  2075  11813 -1     gi|437    27317    28644 
  2075  11817 -1     gi|651    36885    37191 
  2075  11816 -1     gi|651    35552    36881 
  2075  11819  1      gi|79    14184    15513 
  2075  11818  1      gi|79    13875    14179 
  2075   9240  1     gi|738    32853    33119 
  2075  11809 -1     gi|215    21391    21524 
  2075  11812  1     gi|525    12388    12525 
  2075   5681  1     gi|493    24470    24626 
  2076   4132  1     gi|388    19962    20043 
  2076   6070  1     gi|522    25605    25687 
  2077   4133  1     gi|388    21787    21885 
  2077   6260  1     gi|538    32502    32593 
  2077   4134  1     gi|388    21882    21959 
  2078   4135  1     gi|388    22029    22093 
  2078   6137  1     gi|527    26400    26465 
  2079   4137  1     gi|388    22393    22644 
  2079   7237  1       gi|6    19396    20260 
  2079   8849 -1     gi|709    23873    25873 
  2079   7227  1       gi|6     8471     9337 
  2080   4139  1     gi|388    24612    25159 
  2081   4140  1     gi|388    25156    25256 
  2081   8014 -1     gi|656    29538    29637 
  2082   4141  1     gi|388    25267    25509 
  2082   6166 -1     gi|530    11492    11714 
  2083   4143  1     gi|388    28298    28561 
  2083   5375  1     gi|476        1      264 
  2084   4144  1     gi|388    30317    30461 
  2084   9689 -1     gi|768     4730     4877 
  2085   4145  1     gi|388    31382    31506 
  2086   4148  1     gi|388    32844    33265 
  2086   7902  1     gi|650     7389     8347 
  2086   7046 -1     gi|587    12101    13061 
  2086   5380 -1     gi|476    24281    24726 
  2087   4153  1      gi|39     5212     5289 
  2087   4498 -1     gi|411     7765     7841 
  2088   4155  1      gi|39    15200    15621 
  2088   8436 -1     gi|682    13298    15006 
  2088   9613  1     gi|762    34471    36190 
  2089   4160  1      gi|39    26448    26525 
  2089   5619 -1     gi|489    12661    12735 
  2089   9581 -1     gi|760    22953    23029 
  2090   4161  1      gi|39    28585    29385 
  2090   6388  1     gi|548        6      800 
  2091   4165  1      gi|39    30538    30736 
  2091   9805  1     gi|779    19813    19938 
  2091   9809  1     gi|779    23784    23977 
  2091   9062  1     gi|724     7803     7869 
  2092   4168  1      gi|39    35971    36075 
  2092   7832  1     gi|647     5379     5504 
  2093   4169  1      gi|39    36175    36251 
  2093   7833  1     gi|647     5731     5821 
  2094   4170  1      gi|39    36251    36406 
  2094   7834  1     gi|647     5891     6143 
  2094  11056 -1     gi|228    17831    17864 
  2095   4182  1     gi|390    30335    31925 
  2095  12379  1     gi|454    36475    38524 
  2095   4183  1     gi|390    32318    32386 
  2095   4184 -1     gi|390    32919    33248 
  2095   4185 -1     gi|390    33998    34967 
  2095   4186 -1     gi|390    35769    36368 
  2095   4187 -1     gi|390    36704    37808 
  2095   4188 -1     gi|390    39886    40051 
  2095   8476 -1     gi|686    19405    19498 
  2095   8881 -1     gi|711    28468    29009 
  2095  12382 -1     gi|390     8816    10872 
  2095   8787 -1     gi|704    29889    30079 
  2095   8788 -1     gi|704    32694    32908 
  2096   4189  1     gi|391     2219     3262 
  2096   6816 -1     gi|574     2715     4178 
  2096   7796 -1     gi|642    36881    38342 
  2096   7439 -1     gi|615      861     1330 
  2096   7440 -1     gi|615     1899     2442 
  2097   4194  1     gi|391    12749    12889 
  2097   5485 -1     gi|481    13454    13587 
  2098   4198  1     gi|391    21659    21736 
  2098   5066 -1     gi|449     5777     5852 
  2098   5216 -1     gi|462    30272    30340 
  2098  12117 -1     gi|305      309      389 
  2098  12119  1     gi|301    15011    15076 
  2098  12118 -1     gi|280    38944    38980 
  2099   4201  1     gi|391    25916    26005 
  2099  10168  1      gi|93    29780    29868 
  2100   4202  1     gi|391    27409    27470 
  2100   9608 -1     gi|762    16536    19432 
  2100   4205  1     gi|391    31498    31716 
  2100  12391  1     gi|391    28034    28155 
  2101   4204  1     gi|391    29990    30924 
  2102   4208  1     gi|391    32662    32705 
  2102   7107 -1     gi|590     8241     8284 
  2103   4210  1     gi|391    33227    33530 
  2103  12392 -1     gi|590     7672     8242 
  2103   4211  1     gi|391    33554    33688 
  2103   5251  1     gi|466    38883    39303 
  2104   4215  1     gi|393     3463     3679 
  2104   6099 -1     gi|524     1289     1505 
  2105   4227  1     gi|394     9930    10175 
  2105   6691  1     gi|568    13697    13907 
  2105   9329 -1     gi|744    18085    18262 
  2106   4234  1     gi|394    18377    18431 
  2106   4392 -1     gi|404    24116    24168 
  2107   4239  1     gi|394    23394    23474 
  2107  10012  1      gi|83    35891    35973 
  2108   4240  1     gi|394    23612    23765 
  2108   7381 -1      gi|61    26588    26741 
  2109   4243  1     gi|395     9607    10107 
  2109   5166 -1     gi|459    31183    31599 
  2110   4248  1     gi|396    37666    37814 
  2110   9506  1     gi|753    27315    27463 
  2111   4251  1     gi|397    35811    35940 
  2111   9782 -1     gi|777    12728    12857 
  2112   4252  1     gi|397    35937    36023 
  2112   9781 -1     gi|777    12590    12677 
  2113   4253  1     gi|397    36162    36265 
  2113   9780 -1     gi|777    12344    12447 
  2114   4261  1     gi|398    10102    10148 
  2114   7950 -1     gi|653     8277     8323 
  2115   4266  1     gi|398    14374    14585 
  2115  10314 -1     gi|375    22326    34358 
  2115   4267  1     gi|398    14692    14969 
  2115   5475 -1     gi|480     6461     6576 
  2115   9578 -1      gi|76    37387    37460 
  2115  10320 -1     gi|742    22669    34707 
  2115   6621 -1     gi|562    23903    24102 
  2116   4269  1     gi|398    19745    19910 
  2116   7531 -1     gi|621    37052    37217 
  2117   4272  1     gi|398    23050    23667 
  2117   9965  1      gi|80    27134    27687 
  2117   9966  1      gi|80    34264    34332 
  2118   4273  1     gi|398    24188    24291 
  2118   6984  1     gi|583    15949    16220 
  2118   7571  1     gi|624    26764    27038 
  2118   8081  1      gi|66    34679    34950 
  2118  12374  1     gi|416    12294    12500 
  2118  12375 -1      gi|39     4404     4683 
  2118  12376 -1      gi|43    27876    28154 
  2118  12377  1     gi|484     3496     3772 
  2118   7523  1     gi|621    30248    30530 
  2118   4574  1     gi|416    12721    12799 
  2118   8018  1     gi|656    32456    32531 
  2119   4274  1     gi|398    24273    24334 
  2120   4283  1       gi|4     2669     2733 
  2120   9914  1      gi|79    24380    24444 
  2121   4291  1       gi|4    16777    16871 
  2121   5326 -1     gi|472    39906    40000 
  2122   4296  1       gi|4    32622    32714 
  2122   7501 -1      gi|62     4328     5370 
  2122  10200  1      gi|96        2     1023 
  2123   4297  1       gi|4    37648    38186 
  2123   9654  1     gi|766     1368     1903 
  2124   4300  1       gi|4    39019    39822 
  2124   6812 -1     gi|573    37824    37971 
  2124   9656  1     gi|766    10262    11043 
  2125   4301  1       gi|4    39838    39940 
  2125   9657  1     gi|766    11121    11239 
  2126   4302  1      gi|40      168      660 
  2126   7499  1     gi|619    35556    37251 
  2126   7636  1     gi|629    11281    11615 
  2126   7632  1     gi|629     5881     5986 
  2126   9807  1     gi|779    20345    22017 
  2127   4303  1      gi|40     2091     2228 
  2127   5465  1      gi|48    17036    17167 
  2128   4304  1      gi|40     2269     4280 
  2128   5209 -1     gi|462    17799    19790 
  2129   4312  1      gi|40    15703    15807 
  2129   7931  1     gi|651    32457    32561 
  2130   4313  1      gi|40    15975    16080 
  2130   7932  1     gi|651    32561    32666 
  2131   4320  1      gi|40    26596    26727 
  2131  12016  1     gi|260    30416    31862 
  2131   8248  1      gi|67      720     1020 
  2131  10863 -1     gi|166    37597    39044 
  2131  12017  1     gi|709    12882    13203 
  2131  12020 -1     gi|568     5488     5702 
  2132   4322  1      gi|40    26929    26983 
  2132  12018  1     gi|709    13209    13274 
  2132  12019 -1     gi|568     5422     5470 
  2133   4323  1      gi|40    27735    27869 
  2134   4327  1      gi|40    31594    31657 
  2135   4328  1      gi|40    32811    33084 
  2135  11347  1     gi|148     6902     7166 
  2135   4331  1      gi|40    38489    38762 
  2135  11350 -1     gi|315      198      458 
  2136   4339  1     gi|400    19165    21028 
  2136   7489  1     gi|618    18361    20220 
  2137   4340  1     gi|400    21200    21385 
  2137   7490  1     gi|618    20433    20618 
  2137  10151  1      gi|93    11185    11341 
  2138   4343  1     gi|400    29530    29579 
  2138   5333  1     gi|473    17848    17897 
  2139   4346  1     gi|401    17835    18061 
  2139  12515  1     gi|676    37113    37340 
  2139  12516  1      gi|44    27386    27613 
  2139  12444 -1     gi|555    26100    26338 
  2139  12445  1     gi|444    31598    31797 
  2139   7855  1     gi|648    11451    11567 
  2140   4351  1     gi|402     5964     6177 
  2140   5955 -1     gi|513    31100    31320 
  2141   4353  1     gi|402     8931     9454 
  2141   5113 -1     gi|454    32916    33826 
  2141   8118  1     gi|661    33908    35338 
  2141   8060  1     gi|659    10387    11840 
  2141   4354  1     gi|402     9775     9933 
  2141   5115 -1     gi|454    35403    35901 
  2142   4355  1     gi|402    11435    12372 
  2142   4904 -1     gi|439     9207    10454 
  2143   4359  1     gi|402    15333    15978 
  2143   7323 -1     gi|605    39177    40125 
  2143  11709  1     gi|402    15967    16028 
  2144   4363  1     gi|402    18670    19531 
  2144   7322 -1     gi|605    38623    39484 
  2145   4372  1     gi|403    25819    25854 
  2145   7701 -1     gi|631    34349    34384 
  2145   8673  1     gi|698    17961    17996 
  2146   4377  1     gi|403    35984    36209 
  2146   6157 -1     gi|530     4621     4824 
  2147   4378  1     gi|403    36423    36526 
  2147   9900  1     gi|784    36084    36203 
  2148   4379  1     gi|403    36585    37061 
  2148  10166  1      gi|93    27740    28214 
  2149   4406  1     gi|406     8998     9059 
  2149   7118 -1     gi|591     2061     2121 
  2150   4407  1     gi|406    12169    12408 
  2150  10833 -1     gi|116    30622    31796 
  2150   5700  1     gi|494    18739    19039 
  2150  10839 -1     gi|393    29414    30598 
  2151   4408  1     gi|406    20685    20834 
  2151   9660 -1     gi|766    29544    30000 
  2151   4409  1     gi|406    21349    21549 
  2152   4411  1     gi|406    22186    22922 
  2152   6653  1     gi|566    27198    27955 
  2152   5354 -1     gi|474    37391    37553 
  2153   4412  1     gi|406    26389    26862 
  2153   6655  1     gi|566    31253    31853 
  2153  10138 -1      gi|92    15571    15986 
  2154   4417  1     gi|406    36593    36655 
  2154   6004 -1     gi|517    21647    21718 
  2155   4420  1     gi|407     5075     5311 
  2155   8932 -1     gi|715     6151     6564 
  2155   7397  1     gi|610    10874    11111 
  2155  10486 -1     gi|394    22274    22382 
  2155  10617  1     gi|329     7139     7638 
  2155   7378 -1      gi|61    26187    26246 
  2155   7371 -1      gi|61    10451    10535 
  2155  12031  1      gi|41     8163     8225 
  2155  10618 -1     gi|430    39624    39916 
  2156   4422  1     gi|407    13555    16459 
  2156   8564 -1     gi|690     5157     5429 
  2157   4424  1     gi|407    19515    19582 
  2157   5673  1     gi|492    10832    10890 
  2158   4425  1     gi|407    26380    26776 
  2158   4726 -1     gi|425     8765     9006 
  2158   5078 -1     gi|450    31561    31958 
  2158   5446 -1     gi|479    24167    24335 
  2158   4588 -1     gi|416    38419    38575 
  2159   4430  1     gi|407    31408    31676 
  2159   8468  1     gi|686      686      950 
  2160   4431  1     gi|407    32008    32818 
  2160   8469  1     gi|686      958     1730 
  2161   4432  1     gi|407    33661    33999 
  2161   5729 -1     gi|495    33584    33904 
  2162   4433  1     gi|407    34344    34780 
  2163   4435  1     gi|408     7903     9473 
  2163   8573  1     gi|691     2220     3834 
  2164   4437  1     gi|408    15410    15564 
  2164   5829  1     gi|504     5547     5701 
  2165   4438  1     gi|408    16389    16652 
  2165   5830  1     gi|504     6755     7015 
  2166   4439  1     gi|408    18549    19012 
  2166   9463 -1      gi|75    34815    35327 
  2167   4441  1     gi|408    31133    31227 
  2167   5670 -1     gi|491    36636    36730 
  2167   8780 -1     gi|704     7003     7097 
  2168   4446  1     gi|409     6287     6434 
  2168   6008 -1     gi|518     2399     2546 
  2169   4449  1     gi|409    17904    18023 
  2169   6341  1     gi|542    29421    29535 
  2170   4450  1     gi|409    18183    20108 
  2170   6342  1     gi|542    29534    31456 
  2171   4451  1     gi|409    28467    28583 
  2171   9202 -1     gi|737     5930     6046 
  2172   4452  1     gi|409    33157    33744 
  2172   9503 -1     gi|753    18362    20137 
  2172   4674  1     gi|422    17187    18972 
  2172   5551 -1     gi|484     6896     8702 
  2172   4454  1     gi|409    34124    34450 
  2172   5544 -1     gi|484        5      729 
  2172   5546 -1     gi|484     1943     2236 
  2172  11975  1     gi|753    31666    33348 
  2172  11974  1     gi|753    31604    31666 
  2172   6013  1     gi|518    16652    16817 
  2172   8791 -1     gi|704    39339    40081 
  2173   4461  1      gi|41     8276     8783 
  2173  10263 -1     gi|109    27227    28336 
  2173   4462  1      gi|41     8642     9081 
  2173  10266  1     gi|314     8533     9643 
  2174   4464  1      gi|41     9828     9927 
  2174   7370 -1      gi|61    10222    10321 
  2175   4465  1      gi|41     9978    10249 
  2175   5982 -1     gi|515    38937    39204 
  2175  12395  1     gi|398     1568     1636 
  2176   4467  1      gi|41    10738    11006 
  2176  10968  1     gi|523    25011    25396 
  2176   4480  1      gi|41    28430    28816 
  2176  10966  1     gi|212    33787    34172 
  2177   4473  1      gi|41    16412    16741 
  2177   6085  1     gi|523        1      327 
  2178   4484  1      gi|41    37302    38086 
  2178  11666  1     gi|523     6425     8343 
  2179   4491  1     gi|410    21714    22527 
  2179  10224  1      gi|98    17810    18609 
  2180   4494  1     gi|410    37245    38259 
  2180   8479  1     gi|686    31418    31761 
  2180   8516 -1     gi|689        1      996 
  2181   4506  1     gi|411    32715    32808 
  2181  10484  1     gi|543    23652    26955 
  2181   4803 -1     gi|430    26321    30441 
  2181   7733  1     gi|637    13846    14835 
  2181   7806 -1     gi|644    14810    14906 
  2181  10483  1     gi|543    22860    23651 
  2182   4512  1     gi|412     5366     5414 
  2182   6028 -1     gi|519    27191    27239 
  2182   6030  1     gi|519    28175    28223 
  2182   7607 -1     gi|627    10270    10318 
  2182   7609  1     gi|627    11208    11256 
  2183   4517  1     gi|412    18800    18855 
  2183  11327 -1     gi|147    10773    10864 
  2183  11319  1      gi|19    11986    12069 
  2183  11321  1      gi|19    20541    20625 
  2183  11328  1      gi|19    30214    30257 
  2183  11329  1      gi|19    37642    37677 
  2184   4520  1     gi|412    19193    19351 
  2184   4680  1     gi|422    33837    33995 
  2185   4522  1     gi|412    19901    20172 
  2185   4681  1     gi|422    33999    34259 
  2186   4523  1     gi|412    23538    23941 
  2187   4524  1     gi|412    24130    24416 
  2187   5752  1       gi|5     2458     4386 
  2187   6386 -1     gi|545    39215    40125 
  2188   4527  1     gi|412    25352    26469 
  2188   5680 -1     gi|493    22924    24003 
  2188   5557  1     gi|484    24787    25904 
  2189   4530  1     gi|412    37753    37985 
  2190   4537  1     gi|413     7784     8106 
  2190   8033  1     gi|657    19079    19310 
  2191   4538  1     gi|413    13666    13754 
  2191   7723  1     gi|635      641      720 
  2191   7724  1     gi|635      738      822 
  2192   4543  1     gi|414    13946    14177 
  2192   5103  1     gi|452    23891    24122 
  2193   4544  1     gi|414    15943    16448 
  2193   5104  1     gi|452    25888    26393 
  2194   4545  1     gi|414    18358    21315 
  2194   5105  1     gi|452    28303    31258 
  2195   4553  1     gi|415     2847     3098 
  2195   7694 -1     gi|631    26366    26612 
  2195   7698 -1     gi|631    32006    32232 
  2196   4555  1     gi|415     7616     7896 
  2196   8148  1     gi|664    19402    19683 
  2197   4556  1     gi|415     9894    10512 
  2197  12398 -1     gi|475     8567     9565 
  2197   4563 -1     gi|415    24669    25468 
  2197  12400 -1     gi|415    22173    23139 
  2198   4557  1     gi|415    13291    13535 
  2198   8427  1     gi|681    30638    30877 
  2198   4567 -1     gi|415    38793    39025 
  2199   4560  1     gi|415    18732    20392 
  2199   8785  1     gi|704    20975    21826 
  2199  12238  1     gi|315    11921    12183 
  2199  12237  1     gi|315    10769    11921 
  2199  12236  1     gi|315    10479    10768 
  2199   8688 -1     gi|699    18156    18474 
  2200   4564  1     gi|415    34891    35134 
  2200   7735 -1     gi|637    25756    26886 
  2200   5459  1      gi|48     3247     4382 
  2200   6893 -1     gi|578    15707    15812 
  2200   4565  1     gi|415    35342    35809 
  2200   6700  1     gi|568    19825    19939 
  2201   4568  1     gi|416       15     2522 
  2201   6564  1      gi|56    27407    29802 
  2201   6568  1      gi|56    31460    33588 
  2202   4569  1     gi|416     2553     2686 
  2202   6565  1      gi|56    29956    30107 
  2203   4570  1     gi|416     2951     3336 
  2203   6566  1      gi|56    30154    30551 
  2203   6567  1      gi|56    31060    31361 
  2203   6580  1      gi|56    38960    39357 
  2203   6581  1      gi|56    39718    39819 
  2204   4571  1     gi|416     3280     4518 
  2205   4575  1     gi|416    13015    13096 
  2205   6985  1     gi|583    16430    16486 
  2205  11741 -1      gi|43    25835    25914 
  2205  11742  1     gi|484     3833     3918 
  2205  11746 -1     gi|196     1784     1868 
  2205  11747  1     gi|621    32788    32871 
  2205  11749  1     gi|398    24931    24986 
  2205  11752 -1     gi|499     3471     3555 
  2205  11754 -1     gi|196    16990    17073 
  2205  12373 -1      gi|39     4146     4211 
  2205  12518  1     gi|656    32972    33007 
  2205  11743  1     gi|624    27285    27342 
  2206   4576  1     gi|416    15963    16094 
  2206   5037 -1     gi|447    17255    17342 
  2207   4586  1     gi|416    31497    31775 
  2207   5507 -1     gi|482     7574     7731 
  2207   6073  1     gi|522    27444    28229 
  2207   9316 -1     gi|743    19321    19371 
  2207   9434  1      gi|75     1351     1411 
  2207  10530  1      gi|59    14201    14452 
  2208   4587  1     gi|416    38046    38139 
  2208   7024 -1     gi|586    19278    19363 
  2209   4589  1     gi|417     1985     2338 
  2209   9007 -1     gi|720    16105    16455 
  2210   4590  1     gi|417     3252     3349 
  2210   9006 -1     gi|720    15493    15594 
  2211   4592  1     gi|417     9422    11872 
  2212   4594  1     gi|417    21444    21567 
  2212   6181 -1     gi|531    27585    27709 
  2213   4600  1     gi|417    32288    32545 
  2214   4601  1     gi|417    32724    32786 
  2214  10475 -1     gi|228    39621    39831 
  2214  10477 -1     gi|253     3068     3204 
  2215   4607  1     gi|417    38875    39094 
  2216   4615  1     gi|418    18521    18636 
  2216   7317 -1     gi|605    30968    31517 
  2217   4616  1     gi|418    19278    19582 
  2217  12402 -1     gi|542    14890    15672 
  2217  10248 -1      gi|99    29066    30783 
  2217   9427 -1     gi|749    35944    36410 
  2217   9428 -1     gi|749    37076    37164 
  2218   4619  1     gi|418    21276    21464 
  2218   8965  1     gi|718     5108     5295 
  2219   4620  1     gi|418    21607    21688 
  2219   8966  1     gi|718     5259     5339 
  2220   4624  1     gi|419     3596     3747 
  2220   8904  1     gi|712    34304    34454 
  2221   4625  1     gi|419     3683     3845 
  2221   8152  1     gi|664    26610    26792 
  2222   4629  1     gi|419    30754    31408 
  2222   7339 -1     gi|607     7039     7691 
  2223   4634  1      gi|42    24516    24605 
  2223   8114 -1     gi|661    27835    27928 
  2224   4641  1     gi|420    33818    33957 
  2224   7052  1     gi|587    23786    23926 
  2225   4642  1     gi|420    34531    34669 
  2225   7053  1     gi|587    23931    24090 
  2226   4651  1     gi|421     9121    11018 
  2226   8464  1     gi|684    35498    37411 
  2227   4656  1     gi|421    22931    23112 
  2227   5855 -1     gi|507    24495    24674 
  2228   4657  1     gi|421    24650    24901 
  2228   9389 -1     gi|748     2255     2756 
  2228   4658  1     gi|421    25863    26392 
  2229   4660  1     gi|421    34269    34417 
  2229   7114  1     gi|590    37945    38785 
  2229   7556  1     gi|624     5453     6279 
  2230   4665  1     gi|422     3270     3695 
  2230   9340  1     gi|745    16217    17481 
  2230  10403 -1     gi|665    13106    14312 
  2230   9342  1     gi|745    20231    21331 
  2230   9346  1     gi|745    27540    28420 
  2230  12409  1     gi|745    13692    14342 
  2230  12408  1     gi|745    12693    13692 
  2231   4667  1     gi|422     4170     4340 
  2231   9341  1     gi|745    17215    17879 
  2231   8172 -1     gi|665    12797    13118 
  2231  12407 -1     gi|422     3708     4171 
  2231  12406 -1     gi|422     3645     3707 
  2232   4668  1     gi|422     7089     7705 
  2232   7513 -1     gi|621     5130     7524 
  2232   5792 -1      gi|50    38558    40114 
  2233   4669  1     gi|422    11184    11862 
  2233   7139 -1     gi|592    16732    17426 
  2234   4670  1     gi|422    12023    12504 
  2234   7138 -1     gi|592    15909    16390 
  2235   4671  1     gi|422    13162    14080 
  2235   5872  1     gi|508    36975    38193 
  2235   4677  1     gi|422    22187    23419 
  2236   4672  1     gi|422    14460    15092 
  2236   5873  1     gi|508    38483    39137 
  2236   4678  1     gi|422    23744    24343 
  2236   4679  1     gi|422    25627    25726 
  2237   4673  1     gi|422    16647    16747 
  2237   9504 -1     gi|753    20548    20646 
  2237   9507  1     gi|753    31071    31186 
  2237   5547 -1     gi|484     2757     2875 
  2237   5552 -1     gi|484     9242     9360 
  2238   4675  1     gi|422    19713    19754 
  2238  10017 -1      gi|84    10557    10598 
  2239   4683  1     gi|423     4784     5235 
  2239  10784 -1     gi|648     1241     1319 
  2239  10803  1     gi|116     3697     4660 
  2239  10815 -1     gi|447     1111     1205 
  2239  10824 -1     gi|294     5358     5458 
  2239   6487 -1     gi|554    34265    34308 
  2239  10764 -1     gi|124    39734    40125 
  2239  10777  1     gi|447    37247    38201 
  2239  10778  1     gi|495    24386    25368 
  2239  10780 -1     gi|621     3349     4327 
  2239  10790  1      gi|78     3378     3413 
  2239  10793  1      gi|78    18010    18958 
  2239  10804 -1      gi|39    36579    37016 
  2239  10823 -1     gi|766    29257    29305 
  2239  10766  1     gi|231      363      712 
  2239   6155 -1     gi|530        2      368 
  2239  10794  1      gi|78    19108    19143 
  2239  10807  1     gi|231     1436     2029 
  2239  10808  1     gi|329     3413     3922 
  2239  10765 -1     gi|229    26565    27024 
  2239  10805 -1     gi|229    27016    27321 
  2239  10811 -1     gi|364    40007    40079 
  2239   4687  1     gi|423     7273     7556 
  2240   4694  1     gi|423    28890    29386 
  2241   4695  1     gi|423    29780    30131 
  2241  11721 -1     gi|629        5      749 
  2241  10210 -1      gi|97    21145    21645 
  2241  10211 -1      gi|97    22266    22471 
  2241  11725 -1     gi|581     4075     4890 
  2242   4697  1     gi|423    32548    33043 
  2243   4705  1     gi|424     6931     7187 
  2243  11592 -1      gi|43    21678    22409 
  2243  11589 -1     gi|537     1229     1982 
  2243  11595  1     gi|178     2775     3363 
  2243   4707  1     gi|424     8491     8545 
  2243   9273  1     gi|740     8115     8272 
  2243  11597  1     gi|424     3061     3491 
  2243  11598 -1     gi|249     1184     1981 
  2244   4708  1     gi|424     8543     8623 
  2244   5735  1     gi|496     1013     1093 
  2245   4713  1     gi|424    12092    13556 
  2246   4716  1     gi|424    24867    25237 
  2246   5082 -1     gi|451    18399    18766 
  2247   4725  1     gi|425     8641     8760 
  2248   4733  1     gi|425    34034    34684 
  2248   9179 -1     gi|735     4275     4925 
  2249   4734  1     gi|425    35499    37838 
  2249   9178 -1     gi|735     1116     3460 
  2250   4735  1     gi|425    39818    39943 
  2250   4773  1     gi|429    26207    26332 
  2251   4737  1     gi|426     8066    10384 
  2251   8472  1     gi|686    10739    13036 
  2252   4738  1     gi|426    10781    11256 
  2252   8473  1     gi|686    13460    13946 
  2253   4743  1     gi|426    23095    23194 
  2253   9319 -1     gi|743    23086    23170 
  2254   4744  1     gi|426    25293    25405 
  2254   5235  1     gi|464     8582     8690 
  2255   4752  1     gi|427    11858    13729 
  2255   9791 -1     gi|778    37319    39190 
  2255  12080  1     gi|510    24613    25054 
  2256   4762  1     gi|427    38213    38292 
  2256   9250  1     gi|739    19149    19234 
  2257   4768  1     gi|429    16779    17198 
  2257  10767 -1     gi|236    15566    15985 
  2257  10781 -1     gi|640    37877    38316 
  2258   4769  1     gi|429    17606    17792 
  2258   7778 -1     gi|640    37306    37492 
  2259   4772  1     gi|429    24075    24225 
  2259   6063 -1     gi|522    16598    16748 
  2260   4774  1     gi|429    27811    27966 
  2260   5230 -1     gi|463    31468    31762 
  2260   4775  1     gi|429    28815    29101 
  2261   4785  1      gi|43    23450    23847 
  2261   8484 -1     gi|686    37668    38631 
  2261   6495 -1     gi|555     3285     4471 
  2262   4788  1      gi|43    25091    25156 
  2262   5013 -1     gi|443    19248    19313 
  2262   8020 -1     gi|656    33317    33383 
  2262  12215  1      gi|30    36145    36210 
  2262  12220  1      gi|44     8244     8309 
  2263   4793  1      gi|43    37598    37721 
  2263   9686  1     gi|768     2892     2995 
  2264   4798  1     gi|430    13020    13104 
  2264  10208  1      gi|97    19817    19897 
  2265   4799  1     gi|430    13760    19097 
  2265   6359 -1     gi|543    34924    40258 
  2266   4800  1     gi|430    19108    19197 
  2266   6357 -1     gi|543    33295    33384 
  2267   4802  1     gi|430    25572    25985 
  2267   6355 -1     gi|543    27291    27701 
  2268   4804  1     gi|430    31953    32200 
  2268   6353 -1     gi|543    21098    21345 
  2269   4805  1     gi|430    33562    33680 
  2269   6352 -1     gi|543    19630    19736 
  2270   4806  1     gi|430    35348    35932 
  2270   6351 -1     gi|543    17364    17947 
  2271   4807  1     gi|430    36202    36863 
  2271   6347 -1     gi|543     7486     7927 
  2271   6348 -1     gi|543    15356    16016 
  2272   4812  1     gi|431    13157    13242 
  2272   5413  1     gi|477    25062    25393 
  2272   8784  1     gi|704    19826    20156 
  2272   8839  1     gi|709     6330     6393 
  2273   4813  1     gi|431    21818    22004 
  2273  10216 -1      gi|97    28927    29094 
  2274   4815  1     gi|431    29043    29458 
  2274   5497  1     gi|481    28704    29131 
  2275   4819  1     gi|432     8411     8696 
  2275   6283 -1     gi|540    11702    11960 
  2275   6294 -1     gi|540    26012    26240 
  2275   7621 -1     gi|627    34089    34297 
  2275  12169 -1     gi|627    23662    23930 
  2275   4823  1     gi|432    10969    11262 
  2275   6285 -1     gi|540    14742    15032 
  2275   6281 -1     gi|540     7545     7741 
  2275   6298 -1     gi|540    36082    36263 
  2275   7624 -1     gi|627    36430    36751 
  2275  12170 -1     gi|540     4689     4848 
  2275   7619 -1     gi|627    31500    31735 
  2275  12168  1     gi|286    20591    20788 
  2275   4826  1     gi|432    14472    14707 
  2275   4838  1     gi|432    30294    30419 
  2276   4822  1     gi|432    10742    10972 
  2276   5284 -1      gi|47    28361    28582 
  2277   4825  1     gi|432    13377    13537 
  2277   8046 -1     gi|658     8513     8678 
  2277   8053  1     gi|658    31640    31806 
  2277   8612 -1     gi|694    25948    26115 
  2278   4830  1     gi|432    17406    17596 
  2279   4833  1     gi|432    19102    19244 
  2280   4841  1     gi|432    34642    34783 
  2280   5109  1     gi|454    10013    10154 
  2281   4842  1     gi|432    34866    35710 
  2281   5110  1     gi|454    10190    10944 
  2282   4843  1     gi|432    36091    36335 
  2282   5111  1     gi|454    11232    11475 
  2283   4844  1     gi|432    36851    37084 
  2283   9938 -1       gi|8    22564    22789 
  2284   4846  1     gi|432    39354    39485 
  2285   4847  1     gi|432    39643    39767 
  2285   5274  1      gi|47        2     1952 
  2285  12151  1      gi|47     3969     4031 
  2285   7611 -1     gi|627    20485    21866 
  2285  12161  1     gi|432    37621    39310 
  2285   5278  1      gi|47     4501     6388 
  2285  12150  1      gi|47     2279     3969 
  2286   4848  1     gi|432    39710    40129 
  2286   5275  1      gi|47     2138     2276 
  2286   5277  1      gi|47     4088     4500 
  2287   4850  1     gi|434     3527     4295 
  2287   5840 -1     gi|505    32718    33432 
  2288   4852  1     gi|434    32564    33352 
  2288   7708 -1     gi|633     9349    10136 
  2289   4860  1     gi|435    10000    10116 
  2289   7766 -1      gi|64    11942    12068 
  2290   4863  1     gi|435    14151    14262 
  2290   5094 -1     gi|452     4771     4884 
  2291   4865  1     gi|435    30137    31153 
  2292   4874  1     gi|437     8399     9787 
  2292   7510 -1     gi|621     2606     3233 
  2292   7515 -1     gi|621     8803    10184 
  2293   4875  1     gi|437     9736    10062 
  2293  12433 -1     gi|621     8794     9106 
  2293   4876  1     gi|437    10170    10376 
  2293  12434  1     gi|437    10316    10569 
  2294   4878  1     gi|437    11841    11957 
  2294   6289 -1     gi|540    20671    20757 
  2294   6290  1     gi|540    20931    20991 
  2295   4883  1     gi|437    29586    30888 
  2295   9671 -1     gi|767     9446    10708 
  2296   4884  1     gi|437    30917    32086 
  2296   9669 -1     gi|767     5127     6289 
  2296   5639 -1      gi|49    23280    23460 
  2296   4886  1     gi|437    33754    34057 
  2296   5638 -1      gi|49    20560    20659 
  2297   4885  1     gi|437    32083    33694 
  2297   7946 -1     gi|652    39484    39699 
  2297   9668 -1     gi|767     2997     4596 
  2298   4889  1     gi|438       15      211 
  2298   7837 -1     gi|647    17617    17811 
  2299   4890  1     gi|438      126      571 
  2299   9768  1     gi|775      399      818 
  2300   4893  1     gi|438     7122     7168 
  2300   5470 -1      gi|48    22026    22072 
  2301   4895  1     gi|438     9362     9887 
  2301   7231  1       gi|6    13712    14238 
  2301   8606 -1     gi|694    10116    10585 
  2301   9903  1     gi|784    36941    37484 
  2301   4896  1     gi|438    17619    17682 
  2302   4898  1     gi|439     1363     1575 
  2302   6108  1     gi|524    18677    18890 
  2303   4899  1     gi|439     1581     2146 
  2303   6109  1     gi|524    19087    19626 
  2304   4900  1     gi|439     3323     3799 
  2304   8322  1     gi|674    21497    22283 
  2304   6104 -1     gi|524     7278     7883 
  2305   4901  1     gi|439     6512     7296 
  2305  11095  1     gi|616    31626    33093 
  2305   9024 -1     gi|722     7034     7684 
  2305   9963 -1      gi|80    23873    24621 
  2305  11099  1      gi|13    33220    34688 
  2305  11092  1     gi|616        1      829 
  2305   9961 -1      gi|80    20230    20706 
  2305   9962 -1      gi|80    21842    22034 
  2306   4902  1     gi|439     7523     7708 
  2306   9959 -1      gi|80    13325    13512 
  2307   4903  1     gi|439     8455     9324 
  2308   4905  1     gi|439    10501    10632 
  2308   9958 -1      gi|80    13169    13303 
  2309   4906  1     gi|439    14210    14555 
  2309   8321  1     gi|674    20324    20724 
  2309   4911  1     gi|439    21779    22175 
  2310   4913  1     gi|439    23372    23530 
  2310   6103 -1     gi|524     6601     6753 
  2311   4914  1     gi|439    25240    25352 
  2311   6107  1     gi|524    17287    17402 
  2312   4922  1      gi|44    13184    13228 
  2312  12425  1     gi|435    34753    34911 
  2312  12427  1      gi|44    11707    11792 
  2312  12428 -1     gi|440    18185    18381 
  2312  12430 -1     gi|690     2540     2726 
  2313   4928  1      gi|44    30939    31049 
  2313  12439 -1     gi|555    22868    25871 
  2313  12436  1      gi|44    27813    30710 
  2313  12448  1     gi|444    32027    35031 
  2313   7533  1     gi|622     9617     9758 
  2313   7534  1     gi|622     9956    10087 
  2313  12438 -1     gi|653    36812    37262 
  2313   8351  1     gi|676    39143    39306 
  2314   4929  1      gi|44    34203    34354 
  2315   4930  1      gi|44    34388    34484 
  2315   5777  1      gi|50     4611     4867 
  2315   6867 -1     gi|576    26296    26519 
  2316   4932  1      gi|44    38573    39401 
  2317   4935  1     gi|440     5933     6008 
  2317   7066  1     gi|589    12377    12452 
  2318   4943  1     gi|440    18721    18950 
  2318   6539 -1     gi|558     7860     9008 
  2318   6649  1     gi|565    39504    39610 
  2318  11240  1     gi|530    10021    11172 
  2319   4967  1     gi|441    21720    22047 
  2320   4977  1     gi|441    38365    40173 
  2320   9092  1     gi|726     7292     9270 
  2321   4989  1     gi|442    26508    27062 
  2321   9271  1      gi|74    34805    35363 
  2322   4990  1     gi|442    27177    27248 
  2322   9270  1      gi|74    34322    34390 
  2323   5009  1     gi|443    12914    13079 
  2323   9454 -1      gi|75    21772    21937 
  2324   5012  1     gi|443    18191    18257 
  2324   9376  1     gi|747     5741     5810 
  2324  12217 -1      gi|30    36387    36457 
  2324  12222 -1      gi|44     8484     8553 
  2324  12226  1     gi|540    15376    15445 
  2324  12228  1     gi|348    22286    22355 
  2324  12229 -1      gi|43    37419    37482 
  2325   5016  1     gi|444    38372    39302 
  2326   5019  1     gi|445    20839    20901 
  2326   5675 -1     gi|492    18446    18510 
  2327   5025  1     gi|445    31963    32050 
  2327   9282  1     gi|741    17191    17274 
  2328   5027  1     gi|447      593      783 
  2328   6789 -1     gi|573    11258    11450 
  2329   5031  1     gi|447     4603     4791 
  2330   5032  1     gi|447     6149     6259 
  2330  11375  1     gi|149    31985    32102 
  2330  11378  1     gi|362     4240     4348 
  2330   5034  1     gi|447    12545    12632 
  2330  11376  1     gi|573    17053    17146 
  2330  11380  1     gi|695    35441    35517 
  2331   5033  1     gi|447     7097     8331 
  2331   5193 -1     gi|461    38581    38800 
  2331   5194 -1     gi|461    38999    39618 
  2331   8470  1     gi|686     2751     3977 
  2331   9022  1     gi|722     6719     6822 
  2331   9023  1     gi|722     6818     6939 
  2332   5044  1     gi|447    32934    33279 
  2332   8542  1      gi|69    10594    11098 
  2332  11876  1     gi|226     6308     6807 
  2332  11877 -1     gi|314    14027    14452 
  2332   9828  1      gi|78    13814    14282 
  2332   8559  1      gi|69    32693    32867 
  2332  12449  1      gi|69    29441    29806 
  2332  11874  1     gi|447    30966    31094 
  2333   5047  1     gi|447    38220    39122 
  2333   8661 -1     gi|698     3394     4294 
  2334   5048  1     gi|447    39111    40000 
  2334   8660 -1     gi|698     2792     3680 
  2335   5049  1     gi|448     4253     4368 
  2335   5476  1     gi|480    19367    19472 
  2336   5052  1     gi|448    10599    11428 
  2337   5054  1     gi|448    11646    11911 
  2338   5059  1     gi|448    30873    31073 
  2338   7328  1     gi|606    14577    14786 
  2339   5060  1     gi|448    31804    31955 
  2339   7329  1     gi|606    15522    15673 
  2340   5061  1     gi|449       26      255 
  2340  12450  1      gi|65    39507    39623 
  2340  12452  1     gi|164    10389    10611 
  2341   5063  1     gi|449     3232     3481 
  2341   6208 -1     gi|534    35592    35771 
  2341   9308  1     gi|743     8954     9196 
  2342   5064  1     gi|449     3782     3845 
  2342   9894 -1     gi|784    19096    19159 
  2343   5065  1     gi|449     3832     4054 
  2343   9309  1     gi|743     9547    11017 
  2343   5067  1     gi|449    11375    11695 
  2343   6207 -1     gi|534    33751    35216 
  2344   5069  1     gi|449    16374    16688 
  2344  11163  1     gi|373    10908    14030 
  2344   9927  1       gi|8     2680     4426 
  2344  11161 -1     gi|580    34066    35724 
  2344  11162  1     gi|278     8637    11890 
  2344   6944 -1     gi|580    37399    38112 
  2345   5070  1     gi|449    18656    18978 
  2346   5071  1     gi|449    24743    24837 
  2346   7417 -1     gi|613     1843     1937 
  2346   8945  1     gi|715    29457    29551 
  2346   9723 -1     gi|771      459      553 
  2347   5072  1     gi|449    33831    33954 
  2347   9522  1     gi|755      478      596 
  2347   5073  1     gi|449    38737    38835 
  2348   5074  1     gi|449    39015    39268 
  2348   9523  1     gi|755      657      903 
  2349   5076  1     gi|450    11918    12099 
  2349   9852 -1     gi|781    27285    27515 
  2350   5077  1     gi|450    12100    12335 
  2350   6492  1     gi|554    37888    38127 
  2351   5079  1     gi|450    32247    32330 
  2351   8793  1     gi|706       16       85 
  2352   5080  1     gi|451     5603     7807 
  2352   8236 -1     gi|669     3683     3983 
  2352  10460 -1     gi|509    17455    19620 
  2352  10461  1     gi|519    22987    24352 
  2353   5085  1     gi|451    31813    32027 
  2353  10183 -1      gi|94    27059    27268 
  2354   5086  1     gi|451    32318    32559 
  2354   9729  1     gi|772     1928     2171 
  2355   5112  1     gi|454    23421    23482 
  2356   5117  1     gi|454    39578    39956 
  2356   7356  1     gi|609     6469     8009 
  2356   8456  1     gi|684    24239    24361 
  2356   9201 -1     gi|737     2127     2708 
  2357   5120  1     gi|455     3472     4066 
  2357   5634 -1      gi|49      926     1391 
  2357  10209  1      gi|97    20869    21086 
  2357  10213 -1      gi|97    24141    24414 
  2358   5121  1     gi|455     7485     7796 
  2358   5240  1     gi|465    27869    28179 
  2359   5122  1     gi|455     9767    10168 
  2359   6462 -1     gi|553    15610    15962 
  2360   5123  1     gi|455    17858    17964 
  2360   6977  1     gi|583     7381     7506 
  2361   5125  1     gi|455    24513    24544 
  2361   9664 -1     gi|766    33934    33965 
  2362   5126  1     gi|455    24535    24591 
  2362   8649  1     gi|697    18452    18544 
  2362   5814 -1     gi|502     1976     2066 
  2362  12212  1      gi|30     1300     1394 
  2362  12213 -1     gi|473    14562    14607 
  2363   5127  1     gi|455    26992    28823 
  2363   6874  1     gi|577     5990     8073 
  2363   5129  1     gi|455    31678    33045 
  2363   5128  1     gi|455    29279    31362 
  2364   5130  1     gi|455    37304    37414 
  2364   6214 -1     gi|535    23432    23556 
  2365   5134  1     gi|457     3481     4643 
  2365   5365 -1     gi|475    13826    16803 
  2365   5135  1     gi|457     4730     5534 
  2365   5136  1     gi|457     5752     6335 
  2365   5138  1     gi|457    10456    13418 
  2366   5140  1     gi|457    28320    29517 
  2366   8725 -1      gi|70    30166    31382 
  2367   5141  1     gi|457    29518    29978 
  2367   8724 -1      gi|70    29600    30107 
  2368   5144  1     gi|458    26966    27050 
  2368   8075 -1      gi|66    15078    15155 
  2369   5145  1     gi|458    29898    30484 
  2369   5487  1     gi|481    15504    16105 
  2369   9727  1     gi|772      166      724 
  2370   5151  1     gi|458    37281    37371 
  2371   5152  1     gi|458    38056    38281 
  2371   6769  1     gi|572    10500    11831 
  2371   5153  1     gi|458    38810    40120 
  2372   5155  1     gi|459     6762     7432 
  2372   8551 -1      gi|69    21713    22426 
  2373   5156  1     gi|459     7434     7920 
  2373   8957 -1     gi|717    21971    24130 
  2373   8550 -1      gi|69    19264    21411 
  2374   5157  1     gi|459     7919     8007 
  2374   8549 -1      gi|69    19189    19274 
  2375   5158  1     gi|459     7989     8568 
  2375   8546 -1      gi|69    17499    18092 
  2376   5160  1     gi|459    12353    12469 
  2376   8545 -1      gi|69    15594    15710 
  2376   9627 -1     gi|764    11798    11914 
  2377   5163  1     gi|459    23713    24959 
  2378   5182  1     gi|461    14107    14757 
  2378   8821  1     gi|707    29237    29890 
  2378   5662 -1     gi|491    20135    20324 
  2379   5184  1     gi|461    18577    18770 
  2379   8808  1     gi|707     3529     3685 
  2379   8823  1     gi|707    33763    33956 
  2380   5185  1     gi|461    18864    19093 
  2380   8807  1     gi|707     2421     3123 
  2380   6654 -1     gi|566    28051    28136 
  2381   5190  1     gi|461    28866    28978 
  2381   5577  1     gi|485    30665    30766 
  2381  10196 -1      gi|95    32505    32600 
  2381   5721 -1     gi|495    16846    16912 
  2382   5195  1     gi|462     2376     2774 
  2383   5212  1     gi|462    24970    25180 
  2383  11568 -1     gi|178     1115     1919 
  2383   5915 -1     gi|510     3527     3637 
  2383  11570  1     gi|462    24010    24769 
  2384   5218  1     gi|463     4388     4628 
  2384  12463 -1     gi|452    16129    16518 
  2384  12465 -1      gi|76    15391    15798 
  2385   5219  1     gi|463    11612    12032 
  2385  12462 -1     gi|452    15581    16129 
  2385  12464 -1      gi|76    14843    15391 
  2386   5220  1     gi|463    12402    14348 
  2386  12458 -1      gi|76    12641    14586 
  2386  12461 -1     gi|452    13399    15324 
  2387   5223  1     gi|463    21905    22965 
  2387   9562 -1      gi|76     9076    10124 
  2388   5225  1     gi|463    24072    24353 
  2388  10228  1      gi|98    30397    30658 
  2389   5228  1     gi|463    25789    26219 
  2389   8491 -1     gi|687    21308    21743 
  2390   5241  1     gi|465    36709    36792 
  2390   8379 -1     gi|678    38660    38746 
  2391   5244  1     gi|466     4141     4209 
  2391  12472 -1     gi|784    18285    18673 
  2391  12470 -1      gi|48    15083    16003 
  2391   5250  1     gi|466    38126    38788 
  2391   6955  1     gi|581    13686    14593 
  2392   5249  1     gi|466    37403    37435 
  2392  10258 -1      gi|29    25463    25864 
  2392   6196 -1     gi|534     7694     8036 
  2392   6204  1     gi|534    29515    29857 
  2392  10254 -1     gi|466    18836    19171 
  2392  10257  1     gi|466    37037    37129 
  2393   5253  1     gi|468     3178     3428 
  2393   9312 -1     gi|743    13235    13485 
  2393  10023  1      gi|84    30996    31215 
  2394   5257  1     gi|468    12643    12713 
  2394   9229  1     gi|738    17935    18005 
  2395   5262  1     gi|468    35740    35793 
  2395  11774 -1     gi|197    33896    34127 
  2395   5823  1     gi|502    28765    28980 
  2395  10828  1     gi|334    30984    31222 
  2396   5263  1     gi|468    36246    36375 
  2396  11773 -1     gi|197    33583    33886 
  2396  10829  1     gi|334    31228    31542 
  2397   5279  1      gi|47     9760    10380 
  2397   8952 -1     gi|717     2248     2596 
  2398   5281  1      gi|47    20359    20826 
  2399   5282  1      gi|47    22713    23162 
  2400   5283  1      gi|47    25346    25976 
  2401   5285  1      gi|47    28538    28640 
  2401   5931 -1     gi|511    28082    28184 
  2402   5286  1      gi|47    28690    28951 
  2402   8739 -1     gi|700    20916    21176 
  2403   5288  1      gi|47    30064    30317 
  2403   8737 -1     gi|700    19675    19932 
  2404   5292  1     gi|470     4700     5020 
  2404  11382 -1     gi|431     2508     3444 
  2404   5293  1     gi|470     5144     6759 
  2404  11381 -1     gi|431     1721     2507 
  2405   5295  1     gi|470    18510    18726 
  2405   5657  1     gi|491     6430     6636 
  2406   5298  1     gi|470    25258    25394 
  2406   8245  1     gi|669    28437    28584 
  2407   5299  1     gi|470    26680    26846 
  2407   7737  1     gi|638     3657     3831 
  2408   5303  1     gi|471     9276     9337 
  2408   6909  1     gi|579    26611    26682 
  2409   5305  1     gi|471    10697    11277 
  2409   9303 -1     gi|743        1      568 
  2410   5307  1     gi|471    13677    13790 
  2410   5461  1      gi|48     7195     7322 
  2411   5310  1     gi|471    15394    15565 
  2411   6446 -1     gi|552    29298    29427 
  2411   8100 -1     gi|661     1731     1833 
  2412   5313  1     gi|471    20268    20717 
  2412   8251 -1      gi|67     4429     4707 
  2412   8269  1      gi|67    25968    26416 
  2413   5314  1     gi|471    21053    21452 
  2413   8256 -1      gi|67     8104     8517 
  2414   5316  1     gi|471    22123    22272 
  2414   8103  1     gi|661     3271     3450 
  2415   5327  1     gi|473     4359     4452 
  2415   7399  1     gi|610    19848    19941 
  2416   5332  1     gi|473    15805    17763 
  2416   6551 -1     gi|558    37852    39905 
  2416   5815  1     gi|502     2479     2787 
  2417   5347  1     gi|474    27153    27276 
  2417   7941  1     gi|652    11669    11782 
  2418   5352  1     gi|474    32542    33250 
  2418   7327  1     gi|606    13579    14177 
  2419   5369  1     gi|475    22374    22451 
  2419   6518  1     gi|557    18066    18146 
  2420   5372  1     gi|475    25379    25509 
  2420   6193 -1     gi|533    13942    14060 
  2421   5374  1     gi|475    32022    33310 
  2421   5820 -1     gi|502     7912     9180 
  2421   5821 -1     gi|502    11086    12360 
  2422   5377  1     gi|476    18263    18445 
  2422   7050 -1     gi|587    19711    23718 
  2422   5379  1     gi|476    22065    22496 
  2422   5740 -1     gi|496    18088    22091 
  2422   5378  1     gi|476    19107    21807 
  2423   5393  1     gi|476    34559    34682 
  2423  10630  1     gi|496    14500    15550 
  2423   5394  1     gi|476    34677    34785 
  2423  10628  1     gi|476    31211    32242 
  2424   5408  1     gi|477    21791    22822 
  2424   5786 -1      gi|50    13719    14078 
  2424   5787 -1      gi|50    14434    14977 
  2424   5788 -1      gi|50    15356    16363 
  2425   5410  1     gi|477    23203    24035 
  2425   9497  1     gi|753     9352    10124 
  2426   5411  1     gi|477    23912    24962 
  2426   9494  1     gi|753     7381     7499 
  2426   9495  1     gi|753     8248     8626 
  2426   9496  1     gi|753     9077     9184 
  2426   9498  1     gi|753    10224    10651 
  2426   9499  1     gi|753    11067    12091 
  2426  10059 -1      gi|87     5448     5812 
  2427   5412  1     gi|477    24988    25069 
  2427   9500  1     gi|753    12242    12324 
  2428   5414  1     gi|477    26355    26473 
  2428   7354 -1     gi|609        3     1926 
  2428   6732 -1      gi|57    32575    34828 
  2429   5418  1     gi|477    34444    35000 
  2429  10132 -1      gi|91    38727    39301 
  2430   5419  1     gi|477    35659    35832 
  2430   5594  1     gi|488     9667     9902 
  2430  10089 -1      gi|89    11817    11981 
  2431   5420  1     gi|477    35945    38235 
  2431   5595  1     gi|488     9933    12288 
  2432   5421  1     gi|477    38210    38759 
  2432   8927  1     gi|714    35563    36641 
  2432  10085 -1      gi|89     4814     7853 
  2432   8926  1     gi|714    33366    35379 
  2433   5429  1     gi|478    22563    23112 
  2433   9157  1     gi|733     2301     2981 
  2433   5430  1     gi|478    24133    24777 
  2434   5436  1     gi|478    36282    38104 
  2435   5438  1     gi|479     2576     2805 
  2435   5537  1     gi|483    24291    24539 
  2436   5440  1     gi|479     4442     4847 
  2436   7773 -1     gi|640    16746    17147 
  2436  12179 -1     gi|765    23003    23407 
  2436  12180  1     gi|538    34327    34733 
  2436  12183 -1     gi|289     2992     3025 
  2437   5441  1     gi|479     5249     6144 
  2437   5539  1     gi|483    25668    26561 
  2438   5443  1     gi|479    13759    14225 
  2438   5834  1     gi|504    31121    31586 
  2439   5445  1     gi|479    15412    15501 
  2439  11123 -1     gi|738    20716    21081 
  2439  11122  1     gi|483    33654    34011 
  2440   5450  1     gi|479    32118    32399 
  2440   6436 -1     gi|550    28058    28372 
  2441   5467  1      gi|48    18897    19264 
  2441   8361  1     gi|677    30796    31124 
  2442   5471  1      gi|48    24714    24781 
  2442   9512  1     gi|753    37231    37300 
  2443   5472  1      gi|48    26136    26288 
  2443   8958  1     gi|717    28567    28715 
  2444   5474  1      gi|48    37788    38450 
  2444   7003 -1     gi|584    26172    26744 
  2445   5477  1     gi|480    26037    26513 
  2445   8226 -1     gi|668    16386    16856 
  2446   5478  1     gi|480    26866    27458 
  2446   8225 -1     gi|668    15402    16032 
  2447   5483  1     gi|480    31304    32823 
  2447   7716  1     gi|634    11391    12890 
  2448   5491  1     gi|481    19578    19998 
  2448   8800  1     gi|706    27565    27979 
  2449   5505  1     gi|482     3268     3359 
  2449   8805 -1     gi|706    34838    34926 
  2450   5506  1     gi|482     7123     7212 
  2450   5585 -1     gi|485    39227    39317 
  2451   5508  1     gi|482     7779     8470 
  2451   7564 -1     gi|624    14567    16469 
  2451   7562 -1     gi|624    13275    13719 
  2452   5509  1     gi|482     8356     9013 
  2452   7555 -1     gi|624     4152     5447 
  2452   8124  1     gi|662    13567    13635 
  2453   5510  1     gi|482     9002     9290 
  2453   7563 -1     gi|624    14271    14562 
  2454   5511  1     gi|482     9554     9769 
  2454   7559 -1     gi|624     7710     9443 
  2455   5512  1     gi|482    13954    14324 
  2455   8409 -1     gi|681     2374     2736 
  2456   5513  1     gi|482    14710    15130 
  2457   5520  1     gi|482    26807    26885 
  2458   5522  1     gi|482    33754    33828 
  2458   9320 -1     gi|743    30855    31095 
  2458   7374  1      gi|61    18733    18964 
  2459   5523  1     gi|482    34008    34090 
  2459   8933 -1     gi|715     8059     8141 
  2460   5525  1     gi|483     1022     1234 
  2460   8873  1     gi|711     9789    10013 
  2461   5526  1     gi|483     1452     1831 
  2461   8874  1     gi|711    10317    10675 
  2462   5527  1     gi|483     1946     2220 
  2462   8875  1     gi|711    10801    11071 
  2463   5529  1     gi|483     8489     8695 
  2463   9795  1     gi|779    13387    13480 
  2464   5533  1     gi|483    16813    19097 
  2465   5536  1     gi|483    21335    21573 
  2465   9650 -1     gi|765    40146    40378 
  2466   5550  1     gi|484     5118     5288 
  2466   7638 -1     gi|629    21869    22038 
  2466  12478 -1     gi|596     9509     9642 
  2466  12479  1     gi|725    35700    35864 
  2467   5555  1     gi|484    18815    18898 
  2467   8882  1     gi|711    28983    29071 
  2468   5558  1     gi|484    29396    29913 
  2468  11289 -1     gi|423    22719    23352 
  2468  11291 -1     gi|484    23770    24398 
  2469   5560  1     gi|484    32525    32641 
  2469   8790 -1     gi|704    38890    39002 
  2470   5562  1     gi|485        5     1013 
  2470   7519 -1     gi|621    23289    24973 
  2471   5565  1     gi|485    12402    12469 
  2471   6396  1     gi|548    22791    22858 
  2472   5568  1     gi|485    16124    16286 
  2472   6242 -1     gi|537    26881    27049 
  2473   5576  1     gi|485    30461    30666 
  2473   6144 -1     gi|529     5531     5930 
  2473   5853  1     gi|507    22067    22265 
  2473  11445 -1     gi|270    10372    11216 
  2473   5852  1     gi|507    21778    22086 
  2473  11415  1     gi|164    31209    32046 
  2473  11426 -1     gi|529     5921     5960 
  2473  11438 -1     gi|529     3501     3633 
  2473  11439  1     gi|591    17749    18288 
  2473   7892 -1      gi|65    23906    24148 
  2473  11435  1     gi|178     3853     4202 
  2473   5578  1     gi|485    30955    31061 
  2474   5581  1     gi|485    33358    33957 
  2475   5582  1     gi|485    33767    34495 
  2475   6587  1     gi|561     5145     5847 
  2476   5583  1     gi|485    34814    36935 
  2476   7516 -1     gi|621    10535    12667 
  2477   5590  1     gi|488     7051     7261 
  2477   6917 -1      gi|58    13988    14198 
  2478   5604  1     gi|488    32503    33134 
  2478   6919 -1      gi|58    17307    17935 
  2479   5605  1     gi|488    34933    35067 
  2479   8382  1      gi|68     3184     3318 
  2480   5610  1     gi|489     1371     1457 
  2480   9620 -1     gi|764     2475     2558 
  2481   5614  1     gi|489     5002     8452 
  2481   8090 -1     gi|660    11109    14546 
  2482   5615  1     gi|489     8452    10922 
  2482   8089 -1     gi|660     8137    10607 
  2483   5616  1     gi|489    10919    11342 
  2483   8087 -1     gi|660     6575     6999 
  2483   8851 -1     gi|709    26384    26475 
  2484   5622  1     gi|489    19620    19704 
  2484   9515  1     gi|754     3545     3629 
  2485   5624  1     gi|489    24178    24344 
  2485   7143  1     gi|592    24328    24507 
  2486   5625  1     gi|489    27229    27602 
  2486  12482 -1     gi|592    21265    21968 
  2486  12480  1     gi|545     6183     6795 
  2486   7145  1     gi|592    24771    25383 
  2486  12513 -1     gi|592    23268    23847 
  2486  12481 -1     gi|545     6935     7160 
  2486   6375 -1     gi|545     7163     7272 
  2487   5627  1     gi|489    31719    31839 
  2487  11795  1     gi|202    25869    26396 
  2488   5628  1     gi|489    31902    32453 
  2489   5629  1     gi|489    32784    32841 
  2489   5710 -1     gi|494    37655    37712 
  2490   5631  1     gi|489    36659    36843 
  2490   9981  1      gi|82     7552     7726 
  2491   5632  1     gi|489    36876    37078 
  2491   9982  1      gi|82     8213     8404 
  2492   5633  1     gi|489    37377    38470 
  2492   9983  1      gi|82     8411     9571 
  2493   5640  1      gi|49    28439    28691 
  2493   6369  1     gi|545     1020     1211 
  2493   7054 -1     gi|587    24197    24427 
  2494   5641  1      gi|49    29227    29472 
  2494   6123  1     gi|525    20359    20622 
  2495   5642  1      gi|49    29461    29783 
  2495   6124  1     gi|525    20640    21028 
  2496   5643  1      gi|49    29781    30026 
  2496   6125  1     gi|525    22560    22790 
  2497   5644  1      gi|49    30021    30155 
  2497   6126  1     gi|525    22910    23044 
  2498   5645  1      gi|49    30144    30301 
  2498   6130 -1     gi|525    28540    28694 
  2499   5664  1     gi|491    22332    22389 
  2499   6506 -1     gi|555    27153    27210 
  2500   5676  1     gi|492    28439    28544 
  2500   6594  1     gi|561    16477    16585 
  2501   5677  1     gi|493     6474     6530 
  2501   6081 -1     gi|522    37249    37307 
  2502   5685  1     gi|493    27915    28575 
  2503   5687  1     gi|493    34989    35387 
  2503   9030  1     gi|722    13995    14366 
  2504   5689  1     gi|493    36586    37814 
  2504  10087  1      gi|89     9869    11043 
  2505   5691  1     gi|493    38360    39149 
  2505  10088  1      gi|89    11042    11842 
  2506   5695  1     gi|494     6003     9765 
  2506  10527 -1     gi|107     8400    12162 
  2506  10531 -1     gi|635    21513    25273 
  2506  10534  1     gi|601     5183     8942 
  2506   6322 -1     gi|541    31998    32089 
  2506   6746 -1     gi|570    16149    16313 
  2506  10529 -1     gi|570     9682     9851 
  2506  10528 -1     gi|570     9120     9681 
  2506  10533 -1     gi|570     2220     2391 
  2507   5696  1     gi|494    10500    11075 
  2507   7352  1     gi|608    38746    39324 
  2508   5697  1     gi|494    11418    12135 
  2509   5702  1     gi|494    21897    23844 
  2509   8007  1     gi|656    16909    18837 
  2510   5705  1     gi|494    30986    32559 
  2510   5869  1     gi|508    13921    15571 
  2511   5711  1     gi|494    37941    38318 
  2511  10287 -1     gi|174    19384    19776 
  2511   9692 -1     gi|768     6461     6818 
  2511  10292  1     gi|669    11891    12025 
  2511  10299 -1     gi|101    18160    18549 
  2511  10301 -1     gi|308    31952    32343 
  2512   5713  1     gi|495     6229     7105 
  2512   8758  1     gi|703       10     1550 
  2512   5950 -1     gi|513    11939    13011 
  2513   5730  1     gi|495    35236    35467 
  2513   9675 -1     gi|767    22369    22603 
  2514   5731  1     gi|495    35963    36763 
  2514   9674 -1     gi|767    19523    20347 
  2515   5732  1     gi|495    36580    37081 
  2515   7672  1     gi|630    22226    22734 
  2515   9673 -1     gi|767    19368    19514 
  2516   5734  1     gi|495    38890    39994 
  2516   9438  1      gi|75     3702     4794 
  2517   5739  1     gi|496    15429    16267 
  2517  10372 -1     gi|650      976     1833 
  2517  10375  1     gi|587    17066    17914 
  2518   5744  1     gi|497    29982    30099 
  2518   8656  1     gi|697    38444    38582 
  2519   5759  1       gi|5    27399    28297 
  2519  12071  1     gi|306    20008    21337 
  2519   5762  1       gi|5    29600    30026 
  2519   9214 -1     gi|738     2728     4045 
  2519  12082  1      gi|82     4192     4412 
  2519  12519 -1     gi|688    35171    35375 
  2519   9364  1     gi|746    26857    27017 
  2519   9977  1      gi|82     4412     5208 
  2519  12067 -1     gi|427     9419     9590 
  2519  12072  1     gi|306    21339    21452 
  2520   5767  1       gi|5    37207    37255 
  2521   5773  1      gi|50     2236     2327 
  2521  12231 -1     gi|576    29431    31066 
  2521  12232  1      gi|30    37493    39136 
  2522   5774  1      gi|50     2630     2868 
  2522  12230 -1     gi|576    28998    29423 
  2522  12233  1      gi|30    39138    39587 
  2523   5776  1      gi|50     2955     3052 
  2523   6868 -1     gi|576    26517    26604 
  2524   5785  1      gi|50    12892    13019 
  2524   8648  1     gi|697    18213    18337 
  2525   5790  1      gi|50    22382    22485 
  2525   9548  1     gi|757    19432    19547 
  2526   5791  1      gi|50    35906    36091 
  2526   7512  1     gi|621     4451     4643 
  2527   5797  1     gi|500    14118    14168 
  2527   9429 -1     gi|749    37547    38112 
  2527  12509  1      gi|59    32387    32737 
  2527  12510 -1      gi|99    38747    39312 
  2528   5798  1     gi|500    27931    28187 
  2528   6734  1      gi|57    36069    36316 
  2529   5800  1     gi|500    36127    36464 
  2529   8858 -1      gi|71    31108    31487 
  2530   5801  1     gi|500    37803    38323 
  2531   5805  1     gi|501    15297    15383 
  2531  11110 -1     gi|408    32261    32494 
  2531  11108 -1     gi|286    22541    22591 
  2532   5810  1     gi|501    33034    33457 
  2532   9437 -1      gi|75     2163     2564 
  2533   5811  1     gi|501    33551    33692 
  2533   9436 -1      gi|75     2002     2141 
  2534   5812  1     gi|501    36008    36198 
  2534   9767 -1     gi|774    37009    37199 
  2535   5813  1     gi|501    37872    38146 
  2535   9766 -1     gi|774    35531    35809 
  2536   5818  1     gi|502     3983     5598 
  2536   9721 -1     gi|770    29651    31240 
  2537   5819  1     gi|502     5605     5905 
  2537   9719 -1     gi|770    23074    23373 
  2538   5825  1     gi|502    32105    32675 
  2538   6158  1     gi|530     4827     7588 
  2538  11126  1     gi|328    12375    15230 
  2538  11127 -1     gi|403    29474    32329 
  2539   5833  1     gi|504    25653    25783 
  2539   9455 -1      gi|75    23924    24745 
  2539  12093 -1     gi|408    18928    19871 
  2539   9432 -1      gi|75        3      566 
  2539   9433 -1      gi|75      469     1136 
  2539   9443 -1      gi|75    13708    14202 
  2539   9456 -1      gi|75    24599    25355 
  2539   9460  1      gi|75    29699    30455 
  2539   9461  1      gi|75    30229    31168 
  2539   9465  1      gi|75    39570    40000 
  2539  12094 -1      gi|75    12995    13837 
  2539  12096  1      gi|75    33727    34771 
  2539  12091 -1     gi|276    17108    17409 
  2540   5839  1     gi|505    30119    30166 
  2540   6900 -1     gi|578    36619    36671 
  2541   5843  1     gi|507      197      362 
  2541   6715  1      gi|57     1512     1654 
  2542   5859  1     gi|507    33733    34104 
  2542   7854  1     gi|648     9877    10258 
  2542   7858 -1     gi|648    28591    28948 
  2543   5868  1     gi|508    11968    12042 
  2543   8447 -1     gi|682    24745    24827 
  2544   5879  1     gi|509    11605    11710 
  2545   5880  1     gi|509    14403    14490 
  2545  10035 -1      gi|85    10687    10769 
  2546   5881  1     gi|509    14533    14666 
  2546  10034 -1      gi|85    10435    10567 
  2547   5882  1     gi|509    14697    15234 
  2547  10033 -1      gi|85     9759    10289 
  2548   5883  1     gi|509    15224    15393 
  2548  10032 -1      gi|85     9550     9711 
  2549   5891  1     gi|509    38429    40117 
  2549   7225  1       gi|6     7708     7793 
  2549   7235  1       gi|6    18530    18718 
  2549   7520 -1     gi|621    24305    26025 
  2549   7528 -1     gi|621    36142    36183 
  2549   7530 -1     gi|621    36344    36474 
  2549   7233  1       gi|6    15044    15322 
  2550   5900  1      gi|51    27842    28388 
  2550  10342 -1     gi|474    17094    17637 
  2550  10338 -1     gi|197    32201    32536 
  2551   5904  1      gi|51    30895    31948 
  2551   6544  1     gi|558    12478    13532 
  2552   5910  1      gi|51    37410    38013 
  2553   5913  1      gi|51    38956    39034 
  2553   7579  1     gi|625     2401     2451 
  2553   9653 -1     gi|766     1023     1101 
  2554   5914  1     gi|510     2965     3089 
  2554  11567  1     gi|178      988     1112 
  2554  11569  1     gi|263    33601    33704 
  2554  11571 -1     gi|462    24773    24894 
  2555   5922  1     gi|510    26959    26991 
  2555  10050  1      gi|86    20700    20732 
  2556   5928  1     gi|511     2582     2760 
  2556   7444 -1     gi|615    21872    22047 
  2557   5944  1     gi|513     7711     7844 
  2557   8901  1     gi|712    31014    31068 
  2557  10819  1     gi|673    38780    39017 
  2557  10822 -1     gi|701    34704    34941 
  2558   5945  1     gi|513     8066     8420 
  2558   6849  1     gi|576        1      355 
  2559   5946  1     gi|513     8421     8727 
  2559   6851  1     gi|576     2425     2731 
  2560   5947  1     gi|513     8680     8784 
  2560   8798 -1     gi|706    21682    21785 
  2561   5948  1     gi|513     9207    10130 
  2562   5956  1     gi|513    32796    34051 
  2562   8912 -1     gi|713    19169    19237 
  2562  11584 -1      gi|17     2519     3777 
  2562  11585  1     gi|513    37653    38835 
  2563   5960  1     gi|514     6326     7041 
  2563   9184  1     gi|735    10498    10766 
  2563  12039  1     gi|264    17387    18100 
  2563   5964  1     gi|514    20182    20888 
  2563  12041  1     gi|345    38138    38521 
  2564   5965  1     gi|514    20888    20948 
  2564  12043  1     gi|264    18489    18549 
  2564  12045  1     gi|514     7041     7100 
  2565   5968  1     gi|514    26474    26644 
  2565  12044  1     gi|264    18549    18720 
  2565  12046  1     gi|514     7102     7271 
  2566   5975  1     gi|515     8057     8178 
  2566   9112  1     gi|727    18173    18314 
  2566   9449  1      gi|75    18561    18693 
  2567   5976  1     gi|515     8544     8760 
  2567   9450  1      gi|75    18943    19277 
  2567   9113  1     gi|727    18580    18879 
  2567   9026  1     gi|722     9984    10039 
  2568   5977  1     gi|515     9260     9432 
  2568   8665  1     gi|698     8715     8921 
  2569   5978  1     gi|515     9380     9586 
  2569   8666  1     gi|698     8947     9149 
  2570   5979  1     gi|515     9604    10131 
  2570   8670  1     gi|698    12894    14614 
  2571   5997  1     gi|516    20766    21198 
  2571   7912 -1     gi|650    26535    27044 
  2571   6241  1     gi|537    26354    26707 
  2572   5998  1     gi|516    24165    24551 
  2572   7908 -1     gi|650    25641    26113 
  2573   5999  1     gi|516    25180    25362 
  2573   9885 -1     gi|784    12498    12680 
  2574   6006  1     gi|517    30561    30693 
  2574   7836  1     gi|647    17117    17560 
  2575   6007  1     gi|518     2227     2355 
  2576   6016  1     gi|519     1967     2049 
  2576  10755 -1     gi|115    39550    39674 
  2576   6995  1     gi|583    39108    39235 
  2576  10750  1     gi|642    13965    14084 
  2576  10752  1     gi|379    28712    28838 
  2576  10754  1     gi|319    19769    19897 
  2576  10758  1     gi|276     4498     4600 
  2576   6996  1     gi|583    39239    39275 
  2577   6027  1     gi|519    25441    25561 
  2577   6892 -1     gi|578    14621    14741 
  2578   6029  1     gi|519    27715    27744 
  2578   7608 -1     gi|627    10749    10778 
  2579   6035  1     gi|519    35560    35831 
  2580   6043  1      gi|52    23446    23545 
  2580  12314 -1     gi|501    31293    31597 
  2580  12315  1     gi|356    17834    18131 
  2581   6044  1      gi|52    23928    24411 
  2581  12313 -1     gi|501    30789    31290 
  2581  12316  1     gi|356    18140    18639 
  2582   6052  1     gi|522     1891     2111 
  2582   9180  1     gi|735     8155     8374 
  2583   6053  1     gi|522     2277     2899 
  2583   9181  1     gi|735     8420     8969 
  2584   6060  1     gi|522    14707    15037 
  2584   9107 -1     gi|727    10122    10452 
  2585   6071  1     gi|522    26428    26612 
  2585   7084 -1      gi|59    15054    15206 
  2586   6078  1     gi|522    35363    36452 
  2586   7420 -1     gi|613    10881    12156 
  2586   7421 -1     gi|613    12167    13019 
  2587   6080  1     gi|522    36938    37123 
  2587   6767  1     gi|572     3391     3638 
  2587   7845  1     gi|647    38776    39037 
  2588   6082  1     gi|522    37348    37737 
  2588   6747  1     gi|570    17574    17956 
  2589   6083  1     gi|522    37944    38221 
  2589   6748  1     gi|570    18163    18441 
  2590   6096  1     gi|523    36616    37054 
  2590   8806  1     gi|706    38250    38589 
  2591   6105  1     gi|524    14538    14814 
  2591   9471 -1     gi|751     1948     2222 
  2592   6132  1     gi|525    29278    29650 
  2592   9222  1     gi|738     8282     8636 
  2593   6133  1     gi|525    29886    30380 
  2593  11937  1     gi|638    35473    35970 
  2593  11938 -1     gi|232    10937    11435 
  2593  11941  1     gi|638    25960    26448 
  2594   6136  1     gi|527    10600    11671 
  2594   8078 -1      gi|66    21194    21560 
  2594  10037 -1      gi|85    16835    17854 
  2595   6143  1     gi|529     4139     4996 
  2595  11274 -1     gi|141    14484    15341 
  2596   6148  1     gi|529    30465    30550 
  2596  10077 -1      gi|88    11142    11237 
  2597   6149  1     gi|529    35982    36046 
  2597   7721 -1     gi|634    23040    23104 
  2598   6150  1     gi|529    36729    36821 
  2598   7720 -1     gi|634    22502    22600 
  2599   6151  1     gi|529    37538    37656 
  2599   7719 -1     gi|634    21190    21311 
  2600   6152  1     gi|529    38212    38529 
  2600   7718 -1     gi|634    19829    20196 
  2601   6159  1     gi|530     7326     7993 
  2602   6161  1     gi|530     8478     9219 
  2603   6167  1     gi|530    11709    12293 
  2603   8599  1     gi|692    31416    32030 
  2604   6180  1     gi|531    27548    27619 
  2604   6468  1     gi|553    34478    34547 
  2605   6182  1     gi|531    28526    28677 
  2605  10103 -1       gi|9    28001    28154 
  2606   6185  1     gi|532     5558     6122 
  2606   8373 -1     gi|678    20354    20899 
  2606   8374 -1     gi|678    21711    22234 
  2606   8375 -1     gi|678    23159    23552 
  2607   6187  1     gi|533     3236     3303 
  2607   8865  1     gi|710     8372     8446 
  2607   7182  1     gi|596    31846    31921 
  2608   6190  1     gi|533     8704     9664 
  2609   6206  1     gi|534    33512    33683 
  2609   9306  1     gi|743     8658     8821 
  2610   6209  1     gi|534    36425    36629 
  2610   9307 -1     gi|743     8792     8998 
  2611   6210  1     gi|534    39541    40000 
  2611   6906 -1     gi|579    18807    19299 
  2611   9987 -1      gi|82    14020    14097 
  2612   6215  1     gi|535    26988    27143 
  2612   7031 -1     gi|586    24161    24316 
  2613   6216  1     gi|535    33018    33124 
  2613   8789  1     gi|704    36095    36205 
  2614   6217  1     gi|536       23      120 
  2614   9254  1     gi|739    37088    37189 
  2615   6227  1     gi|536    34758    34823 
  2615   6229  1     gi|537       22       86 
  2616   6228  1     gi|536    34879    35069 
  2616   6230  1     gi|537       81      275 
  2617   6234  1     gi|537     4415     4753 
  2617   6994  1     gi|583    38780    39107 
  2618   6238  1     gi|537     8408     8697 
  2618   6989 -1     gi|583    30340    30634 
  2619   6239  1     gi|537    16295    16381 
  2619   8669 -1     gi|698    12534    12618 
  2620   6240  1     gi|537    23354    23623 
  2620   6983 -1     gi|583    15530    15803 
  2621   6244  1     gi|537    27493    27658 
  2621   7909 -1     gi|650    26059    26232 
  2622   6249  1     gi|537    36649    36818 
  2622   6982 -1     gi|583    14416    14569 
  2622   6990  1     gi|583    32163    32324 
  2623   6255  1     gi|538    16036    16309 
  2623  12196  1     gi|744    39030    39303 
  2623  12201 -1     gi|297    17289    17561 
  2624   6256  1     gi|538    16876    17191 
  2624  12200 -1     gi|297    16717    17288 
  2624   6257  1     gi|538    17429    17663 
  2624  12197  1     gi|744    39303    39874 
  2625   6259  1     gi|538    31443    31895 
  2625   8570 -1     gi|690    15558    16014 
  2626   6268  1     gi|539     6346     6450 
  2626  10202  1      gi|96    24397    24503 
  2627   6269  1     gi|539    14395    15290 
  2627   6967 -1     gi|581    33544    34447 
  2627   8462  1     gi|684    34300    34966 
  2628   6271  1      gi|54    14158    14451 
  2628   9862 -1     gi|783     1580     3393 
  2628   7214 -1     gi|599    30510    32296 
  2628  12484 -1     gi|783     6410     7658 
  2628  12483 -1     gi|783     6032     6409 
  2629   6274  1      gi|54    32371    32545 
  2629   8603 -1     gi|693    17115    17296 
  2630   6276  1     gi|540     1098     1724 
  2630   7029 -1     gi|586    21841    22361 
  2630   7041 -1     gi|586    35661    36093 
  2631   6277  1     gi|540     1792     3022 
  2631   7028 -1     gi|586    21049    21849 
  2631   7040 -1     gi|586    34457    35674 
  2632   6295  1     gi|540    29853    31016 
  2632  10832 -1     gi|784    12764    12922 
  2633   6304  1     gi|541     4632     4751 
  2633   6960  1     gi|581    22360    23567 
  2633   6318  1     gi|541    26223    27416 
  2633   6946  1     gi|581     2316     3492 
  2633   6962  1     gi|581    27950    29152 
  2633  10673 -1     gi|415     1169     1503 
  2633   9591 -1     gi|761    25748    25920 
  2633   6308  1     gi|541    10164    10320 
  2634   6305  1     gi|541     5020     5193 
  2634   6958  1     gi|581    16769    17989 
  2634   6307  1     gi|541     6259     7431 
  2634   6312  1     gi|541    12374    13688 
  2634   6316  1     gi|541    22334    22452 
  2634   6319  1     gi|541    27708    27894 
  2634   6961  1     gi|581    23866    25232 
  2634   6964  1     gi|581    29619    30013 
  2634   6959  1     gi|581    18801    19627 
  2634   6966  1     gi|581    33028    33258 
  2634  10402  1     gi|581    34733    35601 
  2634   6327  1     gi|541    37062    37507 
  2634   6315  1     gi|541    18464    18956 
  2634   6317  1     gi|541    23013    23504 
  2634  10405  1     gi|541    27903    28201 
  2634   9404  1     gi|748    36187    36241 
  2634  10396  1     gi|243    39535    39738 
  2634  10401 -1     gi|761    35097    35391 
  2635   6309  1     gi|541    10440    11799 
  2635   9590 -1     gi|761    24791    25782 
  2635   6313  1     gi|541    16400    17756 
  2635  10682 -1     gi|415       59      969 
  2636   6310  1     gi|541    11757    11956 
  2636   6965  1     gi|581    32523    32948 
  2636   9589 -1     gi|761    24206    24308 
  2636   6311  1     gi|541    11948    12106 
  2636   6314  1     gi|541    17710    18185 
  2637   6324  1     gi|541    33650    33891 
  2637   9111 -1     gi|727    17553    17830 
  2638   6331  1     gi|542     3941     4193 
  2638   8434  1     gi|682    10470    10828 
  2638   6340  1     gi|542    21886    22138 
  2639   6350  1     gi|543    16574    17386 
  2640   6368  1     gi|544    38833    39627 
  2640   6520 -1     gi|557    21041    21787 
  2640   6521 -1     gi|557    22541    23101 
  2640   6527 -1     gi|557    28014    28235 
  2640   9355 -1     gi|746     8028     8342 
  2641   6371  1     gi|545     4195     4501 
  2641   6496  1     gi|555     4514     4804 
  2641   7593 -1     gi|625    28346    28621 
  2642   6382  1     gi|545    27736    28472 
  2642   8964 -1     gi|718     4920     5103 
  2642   7067  1     gi|589    12472    12593 
  2643   6383  1     gi|545    30170    30700 
  2643   7772 -1     gi|640    14493    15226 
  2644   6394  1     gi|548    14878    14937 
  2644   7230 -1       gi|6    13446    13505 
  2645   6397  1     gi|548    24355    24647 
  2645   9032 -1     gi|722    37528    37814 
  2646   6399  1     gi|548    27645    27723 
  2646  10232  1      gi|98    40038    40115 
  2647   6400  1     gi|548    30374    30761 
  2647   7707 -1     gi|633     7570     7945 
  2648   6403  1     gi|548    34346    34920 
  2648   7840 -1     gi|647    26055    26636 
  2649   6404  1     gi|548    34975    36323 
  2649   7839 -1     gi|647    24755    26057 
  2650   6411  1     gi|549     5639     5862 
  2650   7459  1     gi|617       33      272 
  2651   6419  1     gi|549    13023    14580 
  2651   9771 -1     gi|775    13827    15377 
  2651   9773 -1     gi|775    17837    19365 
  2652   6430  1      gi|55     1157     1598 
  2652  10076 -1      gi|88     5722     6118 
  2653   6431  1      gi|55     1652     1864 
  2653  10075 -1      gi|88     5519     5731 
  2654   6432  1      gi|55    24191    24393 
  2654   6558  1      gi|56      479      685 
  2655   6434  1     gi|550     2183     2482 
  2655   6923 -1      gi|58    23751    24041 
  2656   6440  1     gi|552    10350    10462 
  2656   6644  1     gi|565     1040     1146 
  2657   6444  1     gi|552    27962    28333 
  2658   6448  1     gi|552    29497    29732 
  2658   8104  1     gi|661     7543     7782 
  2659   6457  1     gi|552    37046    37456 
  2660   6463  1     gi|553    18371    18615 
  2661   6465  1     gi|553    19454    19767 
  2661  12415  1     gi|424    13761    14373 
  2661   6860  1     gi|576     9813     9922 
  2661  12410 -1     gi|459    22907    23481 
  2661  12412  1     gi|576     9366     9814 
  2661  12413 -1     gi|783    33894    34410 
  2662   6466  1     gi|553    25734    25882 
  2662   7059 -1     gi|588       22      174 
  2663   6472  1     gi|554    10216    10348 
  2663  11252 -1     gi|360    39200    39327 
  2663   6478 -1     gi|554    23474    23613 
  2663   6482 -1     gi|554    27138    27276 
  2663  11254 -1     gi|554    30814    30902 
  2664   6475  1     gi|554    12030    12220 
  2664  11249 -1     gi|360    37393    37629 
  2664   6479 -1     gi|554    25208    25434 
  2664   6483 -1     gi|554    29019    29215 
  2664   8856  1      gi|71    19869    19949 
  2664   8857 -1      gi|71    27306    27386 
  2664  12487 -1     gi|554    21592    21830 
  2665   6484  1     gi|554    29255    29865 
  2666   6486  1     gi|554    31807    32022 
  2666   7109  1     gi|590    11922    12116 
  2666  10198 -1      gi|95    33162    33327 
  2667   6505  1     gi|555    26339    26463 
  2667  11482  1      gi|37    30673    30798 
  2667  11485 -1     gi|645     5186     5310 
  2668   6507  1     gi|555    27898    33096 
  2668  11483  1      gi|37    30801    32301 
  2668   7813 -1     gi|645        1     5182 
  2669   6512  1     gi|557     2381     2860 
  2669  12104  1      gi|28    37591    38072 
  2669  12102  1     gi|495    15992    16201 
  2670   6513  1     gi|557     3864     4164 
  2670  10102  1       gi|9    24793    25087 
  2671   6523  1     gi|557    25611    26017 
  2671   7959 -1     gi|653    20503    20658 
  2672   6529  1     gi|557    28665    29151 
  2672   7874  1     gi|649     6423     6909 
  2673   6550  1     gi|558    37597    37636 
  2674   6552  1     gi|558    40089    40125 
  2674  12214 -1     gi|473    14628    15905 
  2674  12211  1      gi|30        1     1298 
  2675   6556  1     gi|559    23424    23532 
  2675   9672  1     gi|767    19122    19234 
  2675   7581  1     gi|625     2862     2971 
  2676   6557  1      gi|56      172      260 
  2676   9280  1     gi|741    14410    14484 
  2677   6563  1      gi|56    24800    24873 
  2677   7770 -1     gi|640    10155    10231 
  2678   6570  1      gi|56    34940    35152 
  2678  11400  1     gi|167    11539    11754 
  2678   6571 -1      gi|56    36153    36363 
  2678  11401  1     gi|334     1695     1903 
  2678  11403 -1      gi|50     6226     6432 
  2678  11404  1     gi|368    11294    11502 
  2679   6589  1     gi|561    11057    11229 
  2679   9851  1     gi|781    25608    25805 
  2680   6596  1     gi|561    20348    20735 
  2681   6597  1     gi|561    20588    21203 
  2682   6599  1     gi|561    23641    24783 
  2683   6600  1     gi|561    29238    30596 
  2683  10462 -1     gi|767     2511     2851 
  2684   6601  1     gi|561    32256    32781 
  2685   6604  1     gi|561    35164    35721 
  2685   9579  1     gi|760    20335    20894 
  2686   6605  1     gi|561    36034    36451 
  2686   9580  1     gi|760    21156    21554 
  2687   6608  1     gi|562     3116     3385 
  2687  10157  1      gi|93    19119    19384 
  2688   6609  1     gi|562     3385     3712 
  2688  10159  1      gi|93    19948    20278 
  2689   6615  1     gi|562    10799    12172 
  2690   6616  1     gi|562    12351    12497 
  2690   9031  1     gi|722    21139    21285 
  2691   6619  1     gi|562    19868    20730 
  2691   7728 -1     gi|635    15748    16623 
  2692   6620  1     gi|562    21150    22163 
  2692   7727 -1     gi|635    14308    15328 
  2693   6625  1     gi|563    13177    13239 
  2693  12422  1     gi|598    25498    25590 
  2693   8270 -1      gi|67    27292    27375 
  2693  12423  1     gi|432    21598    21694 
  2693   7195 -1     gi|598    24987    25069 
  2694   6626  1     gi|563    20248    20619 
  2694   8634  1     gi|696     2046     2428 
  2694   8637  1     gi|696     5127     5453 
  2695   6628  1     gi|563    29777    30050 
  2695   7158  1     gi|595     8610     8886 
  2696   6633  1     gi|564     9437     9476 
  2696   8517 -1     gi|689      996     1035 
  2697   6636  1     gi|564     9858     9902 
  2697  12318  1     gi|577    11131    11326 
  2697   8947 -1     gi|715    34320    34398 
  2697  12321 -1     gi|361    20806    20983 
  2697  12322 -1     gi|549     2901     3090 
  2697   9164  1     gi|734     3455     3526 
  2697   9755  1     gi|774    12008    12151 
  2698   6637  1     gi|564    23267    24126 
  2698  10236 -1      gi|99    11399    12229 
  2698   8763  1     gi|703     8744     8988 
  2699   6638  1     gi|564    24589    24753 
  2699  10235 -1      gi|99    10488    10648 
  2700   6639  1     gi|564    35020    35725 
  2700   9351  1     gi|746     1281     1539 
  2700   9354  1     gi|746     6531     7236 
  2700   9357  1     gi|746     9797    10376 
  2701   6640  1     gi|564    35923    36540 
  2701   8892  1     gi|712    11080    11692 
  2702   6641  1     gi|564    36577    37313 
  2702   9356  1     gi|746     9038     9754 
  2703   6642  1     gi|564    37334    38223 
  2703   9360  1     gi|746    12339    13250 
  2704   6643  1     gi|564    38510    40060 
  2704   9353  1     gi|746     3631     5179 
  2704   9358  1     gi|746    10511    10574 
  2704   9361  1     gi|746    13824    13951 
  2705   6657  1     gi|566    36091    36172 
  2705   7025  1     gi|586    19373    19455 
  2706   6658  1     gi|566    36423    36570 
  2706   6744  1     gi|570    15107    15252 
  2707   6659  1     gi|566    37157    38656 
  2707   7333  1     gi|606    34054    36002 
  2707   8580  1     gi|691    38122    40000 
  2707   6662  1     gi|566    39671    40000 
  2708   6661  1     gi|566    39235    39660 
  2708   9607  1     gi|762    15868    16413 
  2709   6669  1     gi|567    14849    15468 
  2709   7431 -1     gi|613    28765    29395 
  2709   9980  1      gi|82     6890     7194 
  2709   9984 -1      gi|82     9660     9979 
  2710   6670  1     gi|567    19309    19439 
  2710  10993 -1     gi|477    23033    23167 
  2710  10994 -1     gi|507    33598    33728 
  2710  10995  1     gi|583    24322    24453 
  2710  10992  1     gi|123    10786    10876 
  2710  10997 -1     gi|354     4196     4318 
  2710  11000  1     gi|701    29403    29524 
  2711   6683  1     gi|567    37888    38040 
  2711   7937 -1     gi|651    39306    39458 
  2712   6686  1     gi|568     9727     9781 
  2712   9218 -1     gi|738     6477     6531 
  2713   6687  1     gi|568    10438    10573 
  2713   9217 -1     gi|738     6362     6496 
  2714   6707  1     gi|568    33442    33608 
  2714   8339 -1     gi|675    16965    17923 
  2714   8672  1     gi|698    14995    15953 
  2715   6714  1     gi|569    37146    37528 
  2715  10131 -1      gi|91    37043    37431 
  2716   6718  1      gi|57     3019     3097 
  2716   8303 -1     gi|673     5164     5753 
  2717   6720  1      gi|57     4606     4859 
  2717   7991  1     gi|655    39669    39944 
  2718   6721  1      gi|57     8160     9740 
  2718   7988 -1     gi|655    35547    37103 
  2719   6723  1      gi|57    16637    16812 
  2719   9574  1      gi|76    27311    27483 
  2720   6735  1      gi|57    37146    37390 
  2721   6736  1      gi|57    37332    37712 
  2721   9147  1     gi|731    32683    33066 
  2722   6750  1     gi|570    22034    22454 
  2723   6763  1     gi|572     1318     1409 
  2723  10074 -1      gi|88     4905     4996 
  2724   6764  1     gi|572     2662     2741 
  2724   9176  1     gi|734    32311    32392 
  2725   6765  1     gi|572     2714     2791 
  2725   7844  1     gi|647    38428    38508 
  2726   6770  1     gi|572    11909    12131 
  2726   8206  1     gi|666    12263    12382 
  2726  11804 -1      gi|82     1351     3099 
  2726   7035  1     gi|586    27611    28303 
  2726  11802 -1     gi|202    13899    14217 
  2726   9997  1      gi|82    31104    31269 
  2727   6775  1     gi|572    23757    23895 
  2727   8363 -1     gi|677    32999    33137 
  2728   6779  1     gi|572    28271    28393 
  2728   7037 -1     gi|586    29427    29549 
  2729   6787  1     gi|573     6244     6845 
  2729   8571  1     gi|690    16444    17438 
  2730   6788  1     gi|573     8773    10066 
  2730   9161  1     gi|733    38879    40137 
  2731   6791  1     gi|573    16427    16801 
  2732   6795  1     gi|573    22081    22571 
  2732   9053 -1     gi|723    33897    34201 
  2733   6797  1     gi|573    23633    24182 
  2733  10955 -1     gi|723    35726    36016 
  2734   6802  1     gi|573    30026    30389 
  2735   6819  1     gi|574     5740     6551 
  2735   7486  1     gi|618     7325     8136 
  2735   7492 -1     gi|618    23176    23986 
  2736   6822  1     gi|574    11059    11098 
  2736   8021 -1     gi|656    37619    37658 
  2737   6832  1     gi|574    25767    27092 
  2737   8969  1     gi|718    11035    12423 
  2738   6833  1     gi|574    27505    27789 
  2738   8971  1     gi|718    12835    13120 
  2739   6834  1     gi|574    28163    28497 
  2739   8972  1     gi|718    13469    13802 
  2740   6835  1     gi|574    30614    32411 
  2740   8968 -1     gi|718     8243    10025 
  2741   6836  1     gi|574    32857    33748 
  2741   8967 -1     gi|718     6848     7750 
  2742   6837  1     gi|574    34258    34456 
  2742   8962 -1     gi|718     2860     3061 
  2743   6840  1     gi|575     9524     9558 
  2743  12490 -1     gi|557     7076     8568 
  2743   8578 -1     gi|691    34195    34530 
  2743  12491  1     gi|575     7605     9086 
  2744   6841  1     gi|575     9697     9839 
  2744   8577 -1     gi|691    33968    34110 
  2745   6846  1     gi|575    33988    34036 
  2745   7102  1     gi|590     2651     2699 
  2745   7880 -1     gi|649    19738    19783 
  2746   6857  1     gi|576     5836     5884 
  2746   9542 -1     gi|757     6639     6693 
  2747   6871  1     gi|576    35729    36276 
  2747   7782 -1     gi|641    17430    17985 
  2748   6891  1     gi|578     4757     5088 
  2748   7765 -1      gi|64       94      412 
  2749   6895  1     gi|578    24286    24415 
  2749  10040  1      gi|85    25987    27194 
  2749   6898  1     gi|578    29226    29322 
  2749  12495  1     gi|578    24887    25323 
  2749  12497  1      gi|60    37412    38558 
  2749  10046  1      gi|85    35405    35593 
  2749  10042  1      gi|85    30093    30484 
  2749  10044  1      gi|85    30654    31309 
  2750   6897  1     gi|578    25490    25819 
  2750  10041  1      gi|85    27371    27691 
  2751   6899  1     gi|578    30115    30348 
  2751   7251  1      gi|60    38793    39097 
  2751  10047  1      gi|85    35911    36022 
  2752   6902  1     gi|579     8701     8806 
  2752  12416  1     gi|429     6823     7081 
  2752  10801 -1     gi|236    22492    22750 
  2752  10110 -1      gi|90     2704     2835 
  2753   6903  1     gi|579     9355     9508 
  2753  10800 -1     gi|236    22334    22490 
  2753  12417  1     gi|429     7082     7239 
  2754   6904  1     gi|579    10237    11588 
  2754  12418  1     gi|429     7239    10733 
  2754   6905  1     gi|579    11950    14158 
  2754  12420 -1      gi|90       14     2732 
  2754  12421 -1     gi|236    18837    22334 
  2755   6908  1     gi|579    24640    25430 
  2755   7771 -1     gi|640    11260    11848 
  2755   9875 -1     gi|783    28485    29240 
  2756   6910  1     gi|579    33001    33090 
  2756   7406  1     gi|611     2240     2319 
  2757   6911  1     gi|579    36651    36718 
  2757   8260  1      gi|67    12506    12573 
  2758   6915  1      gi|58     9272     9923 
  2758   9265  1      gi|74    19502    20140 
  2759   6920  1      gi|58    21040    21812 
  2759   6997  1     gi|584     3791     4602 
  2760   6922  1      gi|58    21885    22159 
  2760   6999  1     gi|584     4783     5061 
  2761   6929  1     gi|580     3942     4099 
  2761  11313  1     gi|153      622     1360 
  2761  11308  1     gi|199     3755     4502 
  2761  11312  1      gi|51     1761     2508 
  2761  11316 -1     gi|417    36217    36923 
  2762   6931  1     gi|580     4919     5045 
  2762   8727 -1      gi|70    38100    38231 
  2763   6935  1     gi|580    14835    15359 
  2763  10135  1      gi|92     9238     9763 
  2764   6937  1     gi|580    25470    25612 
  2764   9068 -1     gi|724    20457    20581 
  2764   9073 -1     gi|724    24575    24731 
  2765   6941  1     gi|580    32298    32576 
  2765   9928 -1       gi|8     5855     6146 
  2766   6943  1     gi|580    36055    37079 
  2766   9925 -1       gi|8     1094     1871 
  2767   6954  1     gi|581    11821    12180 
  2767  12471 -1      gi|48    16003    16362 
  2767  12473 -1     gi|784    18675    19031 
  2768   6978  1     gi|583     9750    10176 
  2768   9241  1     gi|738    33100    33901 
  2768   9605 -1     gi|762    15324    15718 
  2768  11861 -1     gi|566    39221    39315 
  2768  11860 -1     gi|566    38834    39221 
  2769   6986  1     gi|583    21636    22779 
  2769   8511 -1     gi|688    27196    28342 
  2769   9430 -1     gi|749    38321    39473 
  2769   9588  1     gi|761     9693    10830 
  2770   6993  1     gi|583    38030    38154 
  2770   8123  1     gi|662     8604     8729 
  2771   7004  1     gi|584    32598    32687 
  2771   9046  1     gi|723    16159    16249 
  2772   7005  1     gi|584    33495    33579 
  2772   9047  1     gi|723    16854    16945 
  2773   7016  1     gi|586     5146     5393 
  2773   7135 -1     gi|592     3406     3647 
  2774   7017  1     gi|586    15837    16178 
  2774   9132 -1     gi|731    16272    16617 
  2774   7027  1     gi|586    20763    21081 
  2775   7018  1     gi|586    16294    16505 
  2775   9979 -1      gi|82     6761     6882 
  2776   7019  1     gi|586    16498    16958 
  2776   9978 -1      gi|82     5406     6779 
  2776   7021  1     gi|586    17427    17525 
  2776   7022  1     gi|586    17697    17991 
  2776   9744  1     gi|772    27822    28035 
  2777   7026  1     gi|586    19576    20868 
  2777   8607  1     gi|694    11650    12944 
  2777   9135 -1     gi|731    18253    18346 
  2778   7036  1     gi|586    28539    28803 
  2778  11806 -1      gi|82    23337    24345 
  2778  11792  1     gi|586    22429    24006 
  2778   7627 -1     gi|627    39149    40127 
  2778   9992 -1      gi|82    26064    26517 
  2778   9995 -1      gi|82    29430    30597 
  2778  11791 -1     gi|540       20      730 
  2778   7038  1     gi|586    32331    32922 
  2778   9988 -1      gi|82    15598    15698 
  2779   7044  1     gi|587      640     1242 
  2779   7904 -1     gi|650    19309    19952 
  2779  10134 -1      gi|92     5214     5467 
  2780   7045  1     gi|587     2916    10339 
  2780   7903 -1     gi|650    10108    17467 
  2780  12371 -1     gi|388    35065    38668 
  2780  12372  1      gi|92      179     3457 
  2781   7047  1     gi|587    13329    14144 
  2781   7901 -1     gi|650     6296     7115 
  2781   7905 -1     gi|650    22160    22999 
  2781   8212 -1     gi|666    25872    26393 
  2782   7058  1     gi|587    36221    36496 
  2783   7069  1     gi|589    13091    13439 
  2783   7752  1     gi|639      725     1059 
  2784   7071  1     gi|589    22849    24590 
  2784   7739  1     gi|638     8072     8142 
  2784   8684 -1     gi|699     5421     7152 
  2784   7075  1     gi|589    27692    29316 
  2784   7738  1     gi|638     7127     7676 
  2785   7078  1      gi|59     5306     6503 
  2785   8005 -1     gi|656    15215    16481 
  2786   7081  1      gi|59    12049    12629 
  2786   8159  1     gi|664    37188    37286 
  2786   9530 -1     gi|755    25538    26053 
  2786  12501 -1     gi|755    31157    31564 
  2786   8162  1     gi|664    38464    38826 
  2787   7083  1      gi|59    14897    15009 
  2787  11513 -1     gi|271     5569     5656 
  2787  11514  1     gi|414    25753    25847 
  2787  11515 -1     gi|673    23037    23132 
  2787  12252 -1     gi|321    30309    30402 
  2787  12254 -1     gi|522    26811    26892 
  2788   7089  1      gi|59    27823    28664 
  2789   7091  1      gi|59    29866    30144 
  2789   7582 -1     gi|625     3322     3561 
  2790   7092  1      gi|59    30049    30311 
  2790   7918 -1     gi|651     4283     4544 
  2791   7093  1      gi|59    30305    30683 
  2791   7917 -1     gi|651     3814     4188 
  2792   7096  1      gi|59    32738    33518 
  2792   7578 -1     gi|625     1974     2054 
  2792  10247 -1      gi|99    28471    29257 
  2793   7099  1      gi|59    37388    37500 
  2793  11644  1       gi|8    23783    26084 
  2793  10418 -1     gi|414    29665    31958 
  2793  10419  1     gi|673    16046    18353 
  2793  11642  1     gi|261    16682    18715 
  2793  11646  1     gi|174    35777    37865 
  2793  12027  1     gi|261    19224    19488 
  2794   7101  1     gi|590      421     1231 
  2794   8037 -1     gi|657    27010    27796 
  2795   7105  1     gi|590     7611     7654 
  2795   7436  1     gi|613    39717    39760 
  2796   7108  1     gi|590     8395     8650 
  2796  12393 -1      gi|58     2982     3604 
  2796   8695  1       gi|7     5011     5624 
  2796   9338 -1     gi|745     9308     9556 
  2797   7111  1     gi|590    18667    18813 
  2797   9255  1     gi|739    38404    38539 
  2798   7136  1     gi|592    11441    11534 
  2798  10197  1      gi|95    32608    32708 
  2799   7144  1     gi|592    24481    24857 
  2800   7165  1     gi|596     5219     5458 
  2800   9514  1     gi|753    39934    40173 
  2800   7166 -1     gi|596     5859     6098 
  2801   7171  1     gi|596     9662     9691 
  2801   9086 -1     gi|725    35283    35312 
  2802   7172  1     gi|596    12168    13588 
  2802   9527  1     gi|755    10089    11550 
  2802   7173  1     gi|596    14070    15493 
  2803   7178  1     gi|596    25636    25904 
  2803   8291  1     gi|672    22734    23463 
  2803   7964  1     gi|653    35855    36575 
  2804   7179  1     gi|596    26002    26191 
  2805   7181  1     gi|596    31642    31676 
  2805   8864  1     gi|710     8334     8368 
  2806   7194  1     gi|598    21338    21429 
  2806   8942  1     gi|715    25519    25600 
  2807   7198  1     gi|598    31794    31855 
  2808   7203  1     gi|599    11066    12254 
  2809   7205  1     gi|599    14147    14284 
  2809   8651  1     gi|697    19458    19626 
  2809  11608 -1     gi|170     2502     2658 
  2809  11611  1     gi|173     5780     5944 
  2810   7207  1     gi|599    15501    15593 
  2810   8076 -1      gi|66    19456    19553 
  2811   7215  1     gi|599    33757    34191 
  2812   7216  1     gi|599    34829    35681 
  2812   8595  1     gi|692    24617    25551 
  2812   8597  1     gi|692    28310    29176 
  2813   7217  1     gi|599    36265    37353 
  2813   9145 -1     gi|731    29291    30317 
  2814   7218  1     gi|599    39740    39999 
  2814  12240  1     gi|316    34950    34989 
  2814  12243  1     gi|440     8559     8819 
  2814  12246 -1     gi|714    25733    25990 
  2815   7221  1       gi|6     3909     4315 
  2815   7509 -1     gi|621      398      794 
  2816   7223  1       gi|6     4950     6436 
  2817   7224  1       gi|6     7113     7277 
  2817   8848 -1     gi|709    22486    23396 
  2817   7228  1       gi|6     9781    12148 
  2818   7226  1       gi|6     7939     8202 
  2819   7232  1       gi|6    14454    14851 
  2820   7238  1       gi|6    20690    23086 
  2821   7247  1      gi|60    11145    11381 
  2821   8445 -1     gi|682    19684    21430 
  2821   9252  1     gi|739    25281    27030 
  2821   8383  1      gi|68     4926     5071 
  2821   8384 -1      gi|68     7005     7149 
  2821   8444  1     gi|682    19542    19731 
  2822   7248  1      gi|60    11371    12329 
  2823   7252  1      gi|60    39319    39408 
  2823  10181  1      gi|94    13007    13564 
  2823   8232 -1     gi|668    36119    36613 
  2824   7255  1     gi|600    10959    11708 
  2825   7281  1     gi|602    29962    30161 
  2825   8949  1     gi|716    17586    17786 
  2826   7283  1     gi|602    35769    35925 
  2826  10113 -1      gi|90    12436    12592 
  2827   7284  1     gi|602    36328    36525 
  2827  10112 -1      gi|90    11797    11996 
  2828   7285  1     gi|602    37528    37587 
  2828   9313 -1     gi|743    13794    13853 
  2828  10122  1      gi|91    15503    15562 
  2829   7288  1     gi|604     1632     1707 
  2829   8359 -1     gi|677    27793    27867 
  2830   7296  1     gi|604    17991    18161 
  2830   9508  1     gi|753    31296    31476 
  2831   7297  1     gi|604    20492    20669 
  2832   7298  1     gi|604    20768    21428 
  2832  10634 -1     gi|543    27702    32769 
  2832   7299  1     gi|604    21814    22331 
  2832   9760  1     gi|774    26906    27063 
  2832  10637  1     gi|430    19714    24762 
  2833   7307  1     gi|605     3854     4003 
  2833  11488 -1     gi|458    11973    12069 
  2833  11491  1     gi|331     7182     7375 
  2833  11487 -1      gi|17     1406     1502 
  2833  11494 -1     gi|158    21077    21247 
  2833  11496 -1     gi|617     9604     9777 
  2833  11493  1     gi|697      443      539 
  2834   7309  1     gi|605     4202     5139 
  2834   9850 -1     gi|781    21686    22597 
  2835   7311  1     gi|605     6506     6541 
  2835  10158 -1      gi|93    19763    19798 
  2836   7316  1     gi|605    30249    31043 
  2836   9109 -1     gi|727    15353    16229 
  2836  12404  1     gi|522    14004    14421 
  2837   7318  1     gi|605    34277    34427 
  2837   9969  1      gi|80    38540    38681 
  2838   7326  1     gi|606    11611    12401 
  2838   9475  1     gi|751    24287    27997 
  2839   7332  1     gi|606    24383    32620 
  2840   7342  1     gi|607    35108    35287 
  2840   9752  1     gi|774     3550     3738 
  2841   7357  1     gi|609     9798    11966 
  2842   7360  1     gi|609    13193    14198 
  2843   7361  1      gi|61        1     1819 
  2843  10435  1     gi|271    33484    34030 
  2843  10437  1      gi|76    20305    22121 
  2844   7362  1      gi|61     2114     3158 
  2844   9571  1      gi|76    22467    23511 
  2845   7363  1      gi|61     3765     3984 
  2845   9572  1      gi|76    24118    24337 
  2846   7364  1      gi|61     4775     5990 
  2846   9573  1      gi|76    25128    26354 
  2847   7366  1      gi|61     8733     8864 
  2847  11395 -1     gi|386    16320    16501 
  2847  11397 -1     gi|319    20242    20426 
  2847   7863 -1     gi|648    33845    33937 
  2848   7368  1      gi|61     9428     9563 
  2848  11424 -1     gi|507    30064    30185 
  2848  11444 -1     gi|712    39889    40023 
  2849   7369  1      gi|61     9927     9995 
  2849  12394 -1     gi|398     1498     1566 
  2849   7385 -1      gi|61    28748    28814 
  2850   7372  1      gi|61    10525    11976 
  2850   7977  1     gi|655     5660     7110 
  2850  12517  1     gi|692     9521     9929 
  2850   7926 -1     gi|651    25953    26450 
  2851   7380  1      gi|61    26507    26643 
  2852   7391  1      gi|61    39984    40116 
  2852  10107 -1       gi|9    35645    35777 
  2853   7403  1     gi|610    23462    23633 
  2853   7795 -1     gi|642    22589    22760 
  2854   7405  1     gi|610    25156    25280 
  2854   8457 -1     gi|684    24376    24919 
  2855   7415  1     gi|613        1      654 
  2855  10835  1     gi|116    32387    34531 
  2855  10841  1     gi|393    31182    33333 
  2856   7422  1     gi|613    13525    13574 
  2856   8253  1      gi|67     4945     5005 
  2856   8754 -1     gi|702     1133     1189 
  2857   7429  1     gi|613    20330    20454 
  2857   8908  1     gi|712    37196    38064 
  2857  11026 -1     gi|402     1415     1751 
  2858   7434  1     gi|613    37147    37190 
  2858   9336 -1     gi|745      164      207 
  2859   7437  1     gi|614     4008     4723 
  2859   8795 -1     gi|706    11831    12508 
  2860   7442  1     gi|615    18756    18876 
  2860   9125  1      gi|73    31850    31976 
  2861   7446  1     gi|615    39941    40034 
  2861   8618 -1     gi|694    39651    39746 
  2862   7469  1     gi|617    15603    15867 
  2862   9736 -1     gi|772    13178    13443 
  2863   7470  1     gi|617    16062    17790 
  2863   8108  1     gi|661    12189    13856 
  2864   7482  1     gi|617    35384    35585 
  2864   8504  1     gi|688    12879    15037 
  2864   9279  1     gi|741    10120    12293 
  2864  11989  1     gi|617    34606    34717 
  2864   7483  1     gi|617    36491    36781 
  2864   8503  1     gi|688    12824    12878 
  2865   7506  1     gi|620    14652    14706 
  2865  10068  1      gi|87    21487    22142 
  2865   7507  1     gi|620    14701    15098 
  2865   8499  1     gi|688     4340     4807 
  2866   7535  1     gi|622    22090    22147 
  2866   7925  1     gi|651    25100    25157 
  2867   7539  1     gi|623      812     2433 
  2868   7546  1     gi|623     8731    11094 
  2869   7558  1     gi|624     7368     7450 
  2869   8105  1     gi|661     8066     8151 
  2869  11166 -1     gi|689     3410     3494 
  2869  11167 -1     gi|735     9619     9704 
  2869  11169  1     gi|226    36131    36219 
  2869  11174 -1     gi|368    20020    20103 
  2869  11176  1     gi|416    30568    30644 
  2869  12047 -1     gi|266    16923    17008 
  2870   7560  1     gi|624    10100    11590 
  2871   7561  1     gi|624    12314    13414 
  2872   7576  1     gi|625      934     1115 
  2872   9395  1     gi|748    18866    19009 
  2873   7577  1     gi|625     1119     1356 
  2873   9738 -1     gi|772    14839    15049 
  2874   7585  1     gi|625     8769     9107 
  2874   9665 -1     gi|766    35372    35722 
  2875   7586  1     gi|625    12377    13783 
  2875   9063  1     gi|724     8294     9645 
  2875   7587  1     gi|625    14423    14948 
  2875   7588  1     gi|625    15021    15540 
  2875   7589  1     gi|625    16610    17138 
  2876   7590  1     gi|625    21836    22161 
  2876   7753  1     gi|639     5268     5587 
  2876   7594  1     gi|625    29055    29374 
  2877   7591  1     gi|625    25639    26464 
  2878   7595  1     gi|625    32958    32996 
  2878  10099  1       gi|9    19639    19677 
  2879   7606  1     gi|627     7228     8913 
  2879  10079 -1      gi|88    14989    16686 
  2880   7617  1     gi|627    28434    29778 
  2881   7639  1     gi|629    22835    23296 
  2881  11633 -1     gi|648    31144    31653 
  2881  11636 -1     gi|664    37995    38471 
  2882   7640  1     gi|629    23281    23786 
  2882  10011  1      gi|83    28645    28990 
  2883   7641  1     gi|629    23804    24743 
  2883  12248 -1     gi|414    27990    29607 
  2883   7642  1     gi|629    26532    26859 
  2883  11269  1     gi|673    18398    20028 
  2884   7648  1      gi|63      137      423 
  2885   7649  1      gi|63      388      660 
  2886   7651  1      gi|63     2088     3040 
  2886   9344  1     gi|745    23608    25088 
  2887   7657  1      gi|63    17875    18670 
  2887   9601 -1     gi|762    12168    12972 
  2888   7658  1      gi|63    18740    19178 
  2888   9600 -1     gi|762    11731    12161 
  2889   7659  1      gi|63    19628    19672 
  2889   8762  1     gi|703     7414     8492 
  2889  10237 -1      gi|99    11820    12893 
  2890   7679  1     gi|630    31311    31488 
  2890  10222  1      gi|98     8228     8405 
  2891   7685  1     gi|631     8231     8601 
  2891   8195  1     gi|665    36305    36669 
  2892   7695  1     gi|631    27466    27574 
  2893   7699  1     gi|631    32607    33034 
  2894   7714  1     gi|634     6964     7158 
  2894  10271  1     gi|141    12677    13087 
  2894   9368  1     gi|746    32430    32649 
  2894  10274  1      gi|91     9671    10103 
  2895   7734  1     gi|637    18389    18439 
  2895   7768  1      gi|64    27319    27369 
  2896   7736  1     gi|638      368      791 
  2896   9720  1     gi|770    23616    24045 
  2897   7741  1     gi|638    13834    14331 
  2897   9895  1     gi|784    19540    19943 
  2897  11369  1     gi|154     1307     1754 
  2897  11371  1     gi|149    31014    31477 
  2897  11374 -1     gi|327    36554    36603 
  2898   7761  1     gi|639    26691    26996 
  2898   7822 -1     gi|645    16547    16874 
  2899   7762  1     gi|639    27086    27505 
  2899   7821 -1     gi|645    16175    16589 
  2900   7783  1     gi|641    18492    18616 
  2901   7788  1     gi|642    14237    15211 
  2902   7789  1     gi|642    18848    19040 
  2902   9936  1       gi|8    18325    19437 
  2903   7801  1     gi|643    37846    37989 
  2903   7827 -1     gi|645    24267    24410 
  2903   8917  1     gi|714    11369    11512 
  2904   7802  1     gi|643    38995    39230 
  2904   7826 -1     gi|645    22848    23083 
  2904   8918  1     gi|714    12863    13098 
  2905   7803  1     gi|644     9984    10805 
  2906   7811  1     gi|644    35170    35744 
  2906   9750  1     gi|773    37159    37720 
  2906   9751  1     gi|773    37807    38103 
  2907   7820  1     gi|645    14617    14750 
  2907  11499  1     gi|158    30917    31152 
  2907  11500 -1     gi|291    30626    30860 
  2908   7841  1     gi|647    27590    27659 
  2909   7862  1     gi|648    31619    31830 
  2909  12284 -1     gi|507    31945    32297 
  2909  12286 -1     gi|648     8274     8591 
  2910   7877  1     gi|649     8512     9656 
  2910   9385  1     gi|747    33928    35069 
  2910   9386  1     gi|747    35959    36368 
  2911   7881  1     gi|649    36169    36402 
  2911  11980  1     gi|593     6634     7251 
  2911   8844 -1     gi|709    12707    12830 
  2911  11389  1     gi|387    10230    10852 
  2911  11393  1     gi|277     1897     2525 
  2912   7889  1      gi|65    21569    22274 
  2912   9458 -1      gi|75    27822    28561 
  2912   9907  1      gi|79     3498     3742 
  2913   7890  1      gi|65    22379    23323 
  2913   9451 -1      gi|75    19951    20230 
  2913   9457 -1      gi|75    26879    27821 
  2914   7894  1      gi|65    34624    34950 
  2914   8066  1     gi|659    22017    22331 
  2915   7895  1      gi|65    35191    35867 
  2915   8067  1     gi|659    22690    23358 
  2916   7896  1      gi|65    36362    36474 
  2916  11103 -1     gi|755     8395     8505 
  2916  11105 -1       gi|9    21928    22007 
  2917   7906  1     gi|650    23170    23231 
  2918   7911  1     gi|650    26334    26529 
  2919   7915  1     gi|651       13      455 
  2919  12504 -1      gi|59    31502    31534 
  2919  12507 -1      gi|59    31696    32089 
  2919  12512  1      gi|99    39593    40052 
  2920   7916  1     gi|651     1390     2205 
  2920  12503 -1      gi|59    30687    31501 
  2920  12506  1      gi|99    40050    40172 
  2921   7930  1     gi|651    32416    32460 
  2921  11835  1      gi|40    15178    15222 
  2922   7940  1     gi|652     9768    10498 
  2923   7947  1     gi|653     1948     2460 
  2924   7951  1     gi|653     8825     9498 
  2924   8454  1     gi|684    20225    20870 
  2924   8459  1     gi|684    26412    26875 
  2925   7952  1     gi|653    10869    11027 
  2925  12344 -1     gi|379    25286    25645 
  2925   7967  1     gi|653    39652    40016 
  2925  12347  1     gi|653    14921    15056 
  2926   7961  1     gi|653    30053    30173 
  2926  12335 -1      gi|74     5833     6462 
  2926   7962  1     gi|653    32005    32518 
  2926  12333 -1      gi|67    23706    23968 
  2926  12336 -1     gi|364    16934    17110 
  2926  12334  1     gi|700    11741    11911 
  2927   7963  1     gi|653    32760    33238 
  2927   8266 -1      gi|67    20899    21318 
  2927   9257 -1      gi|74     4841     5117 
  2927   9258 -1      gi|74     5381     5584 
  2928   7989  1     gi|655    38224    38294 
  2928   9435 -1      gi|75     1813     1883 
  2929   7993  1     gi|656      610     1655 
  2930   8025  1     gi|657        1      114 
  2930   9930 -1       gi|8    10292    10405 
  2931   8035  1     gi|657    21966    22294 
  2931   8641  1     gi|696    27848    28227 
  2932   8036  1     gi|657    24152    25796 
  2933   8038  1     gi|657    27946    28415 
  2933  10245  1      gi|99    25179    25638 
  2934   8042  1     gi|658     3941     4500 
  2934   8153  1     gi|664    27998    28494 
  2934   8044  1     gi|658     7422     7479 
  2935   8047  1     gi|658     9097     9168 
  2935   8731  1     gi|700    13172    13290 
  2935  10244  1      gi|99    23554    23672 
  2936   8049  1     gi|658     9666    10447 
  2936   8155  1     gi|664    29151    29936 
  2936  12337 -1     gi|368    16740    17475 
  2936  12340  1     gi|658     4505     5284 
  2936   8465 -1     gi|684    37582    38383 
  2937   8052  1     gi|658    29235    31383 
  2937   8237 -1     gi|669     4043     4225 
  2938   8055  1     gi|658    33193    33387 
  2938   8611  1     gi|694    24131    24324 
  2939   8083  1     gi|660     1766     2289 
  2939   9643  1     gi|765    24842    25209 
  2940   8109  1     gi|661    14348    14458 
  2940   9586  1     gi|761     9157     9262 
  2941   8110  1     gi|661    14587    14729 
  2941   9587  1     gi|761     9250     9392 
  2942   8126  1     gi|662    20655    20921 
  2942  12389  1     gi|678    24180    24882 
  2942  12385  1     gi|390    23018    23695 
  2942  12390  1      gi|88    38797    39508 
  2942  12387 -1     gi|488     8235     8917 
  2942   9126 -1      gi|73    37914    38608 
  2943   8140  1     gi|664       61      257 
  2943   8241 -1     gi|669    15596    15792 
  2944   8156  1     gi|664    34883    35199 
  2944   9291 -1     gi|741    38028    38346 
  2945   8158  1     gi|664    35939    36014 
  2945   9289 -1     gi|741    36974    37049 
  2946   8174  1     gi|665    14175    14897 
  2946   9345 -1     gi|745    26309    27071 
  2947   8177  1     gi|665    19267    19617 
  2948   8183  1     gi|665    25771    26164 
  2949   8188  1     gi|665    29501    29961 
  2950   8210  1     gi|666    23235    23776 
  2950   9422  1     gi|749    30696    31237 
  2951   8211  1     gi|666    24856    25335 
  2951   9423  1     gi|749    32316    32795 
  2952   8213  1     gi|666    34729    35477 
  2952  10144  1      gi|92    24634    25306 
  2953   8227  1     gi|668    19500    19657 
  2953   9806  1     gi|779    19945    20076 
  2954   8228  1     gi|668    22247    22398 
  2955   8231  1     gi|668    35532    35796 
  2955  10182 -1      gi|94    13923    14180 
  2956   8235  1     gi|669     2088     2167 
  2956  10756 -1     gi|115    39678    40005 
  2956  10753  1     gi|319    19550    19767 
  2956  10757  1     gi|276     4210     4472 
  2956  10759  1       gi|8    30973    31109 
  2957   8240  1     gi|669    12373    12740 
  2957  10289 -1     gi|507    17407    17601 
  2957  10288 -1     gi|507    17254    17406 
  2958   8242  1     gi|669    22781    25491 
  2958   9731 -1     gi|772     3824     4063 
  2959   8243  1     gi|669    25915    26798 
  2959   8423 -1     gi|681    24737    25657 
  2959   8425 -1     gi|681    28035    28157 
  2959   8426 -1     gi|681    28354    29017 
  2960   8244  1     gi|669    27025    28001 
  2960   8422 -1     gi|681    23562    24459 
  2960   8424 -1     gi|681    26876    27579 
  2961   8271  1     gi|671     8425     9509 
  2961  11539  1      gi|36      646     1909 
  2961  11542 -1      gi|36    26273    27538 
  2961  11546  1     gi|163     5585     6829 
  2961   8272  1     gi|671     9696     9747 
  2961   8276  1     gi|671    11564    12860 
  2962   8275  1     gi|671    10632    10664 
  2962   9712  1     gi|770    12958    12990 
  2963   8277  1     gi|671    12914    13536 
  2963  11540  1      gi|36     1910     2820 
  2963  11547  1     gi|163     6845     7740 
  2963  11541 -1      gi|36    25363    26273 
  2963  11544  1     gi|671     9798    10424 
  2964   8279  1     gi|671    14844    14921 
  2965   8282  1     gi|672        1      167 
  2965   9647 -1     gi|765    28593    28759 
  2966   8283  1     gi|672     3030     3090 
  2966   9646 -1     gi|765    28537    28597 
  2967   8284  1     gi|672     3090     4034 
  2967   9644 -1     gi|765    25540    26476 
  2968   8285  1     gi|672     5529     5679 
  2969   8286  1     gi|672     6058    15097 
  2969   9638 -1     gi|765    12147    21072 
  2969   9648 -1     gi|765    28740    30864 
  2970   8296  1     gi|672    32115    32174 
  2970   8507 -1     gi|688    18829    18888 
  2971   8299  1     gi|673      812     1587 
  2971  10577 -1     gi|108    18661    19005 
  2971  10578 -1     gi|116      770     1545 
  2972   8335  1     gi|675     9226     9790 
  2972  10694  1     gi|113    26308    26874 
  2972  10696  1     gi|314    30974    31539 
  2973   8336  1     gi|675    10285    10380 
  2973  10697  1     gi|314    31543    31639 
  2973  10699  1     gi|113    26877    26973 
  2974   8337  1     gi|675    10950    11124 
  2974  10698  1     gi|314    31639    32287 
  2974  10700  1     gi|113    26974    27564 
  2974   8338  1     gi|675    11438    11745 
  2975   8340  1     gi|675    18299    21544 
  2975   9822 -1      gi|78        1     3246 
  2976   8349  1     gi|676    37360    37874 
  2976   8494 -1     gi|687    36877    37402 
  2977   8350  1     gi|676    38853    39063 
  2977   8493 -1     gi|687    36659    36871 
  2978   8353  1     gi|677     3942     4051 
  2978   9014 -1     gi|720    36156    36266 
  2979   8354  1     gi|677     4044     4314 
  2979   9013 -1     gi|720    35724    36023 
  2980   8356  1     gi|677     5730     5813 
  2980   9012 -1     gi|720    35644    35725 
  2980  10006 -1      gi|83     1700     1767 
  2981   8364  1     gi|677    33206    33367 
  2981   9812  1     gi|779    24646    24892 
  2982   8386  1      gi|68    15815    16109 
  2983   8407  1     gi|680    17271    18067 
  2984   8418  1     gi|681    13473    15863 
  2984   9397 -1     gi|748    22098    24433 
  2984  10190 -1      gi|95    11292    13676 
  2984  10193  1      gi|95    29596    30454 
  2985   8420  1     gi|681    18822    19308 
  2986   8431  1     gi|682     6981     7978 
  2986   9616 -1     gi|762    36927    37923 
  2987   8432  1     gi|682     8056     8276 
  2987   9615 -1     gi|762    36719    36919 
  2988   8435  1     gi|682    11122    11287 
  2988   9614 -1     gi|762    36519    36679 
  2988   8441  1     gi|682    18115    18269 
  2989   8440  1     gi|682    17328    17801 
  2990   8442  1     gi|682    18672    18831 
  2990   9604 -1     gi|762    14944    15123 
  2991   8443  1     gi|682    19135    19323 
  2991   9603 -1     gi|762    14480    14656 
  2992   8446  1     gi|682    21407    21605 
  2992   9251 -1     gi|739    24636    24834 
  2993   8452  1     gi|683    32936    33538 
  2994   8463  1     gi|684    35163    35296 
  2994  10381 -1     gi|608    19391    19629 
  2994  10380  1     gi|246    28292    28529 
  2994  10386  1     gi|740     7336     7573 
  2995   8467  1     gi|686      291      358 
  2995   9269  1      gi|74    32685    32753 
  2996   8480  1     gi|686    32049    33418 
  2996  11715  1     gi|438     7308     9309 
  2996  11713  1     gi|243    10575    12513 
  2996  11718 -1      gi|48    19438    21443 
  2996   9352 -1     gi|746     1627     2649 
  2996   9362  1     gi|746    20201    21224 
  2996  11714 -1     gi|259    35159    35635 
  2997   8495  1     gi|687    37409    37522 
  2997   9901  1     gi|784    36295    36405 
  2998   8496  1     gi|687    38502    38573 
  2998  12466  1     gi|454    34386    34890 
  2998  12469 -1      gi|90    28861    29366 
  2999   8497  1     gi|687    39211    39496 
  2999  12467  1     gi|454    34890    35174 
  2999  12468 -1      gi|90    28578    28861 
  3000   8528  1     gi|689    19340    19374 
  3000   9598  1     gi|761    38419    38454 
  3001   8529  1     gi|689    19859    20303 
  3001   9253  1     gi|739    28349    28801 
  3002   8534  1     gi|689    39496    39565 
  3002  10173 -1      gi|94     4492     4561 
  3003   8535  1     gi|689    39620    40078 
  3003  10172 -1      gi|94     4045     4494 
  3004   8540  1      gi|69     9689    10470 
  3004  11871  1     gi|226     1259     2034 
  3004  11875  1      gi|78    12642    13414 
  3004   8554  1      gi|69    28796    29177 
  3004   8558  1      gi|69    32171    32422 
  3004  11872  1     gi|447    30663    30849 
  3005   8552  1      gi|69    22395    23210 
  3005   9832  1      gi|78    19493    19985 
  3006   8562  1      gi|69    35158    35508 
  3006  11168 -1     gi|226    35234    36128 
  3006  11171  1      gi|69    15462    15592 
  3006  11173  1      gi|78    30762    30868 
  3006  11175  1     gi|368    20111    20189 
  3006  11178  1      gi|69    34869    35009 
  3007   8583  1     gi|692     7219     7681 
  3008   8596  1     gi|692    25925    27286 
  3008   9908 -1      gi|79     6375     7682 
  3008   9913  1      gi|79    22574    23943 
  3008   9915  1      gi|79    27003    27275 
  3009   8602  1     gi|692    37725    38194 
  3009   9635  1     gi|765     4569     5041 
  3010   8626  1     gi|695    19162    19240 
  3010  10519  1     gi|429    12614    15191 
  3010  10521  1     gi|430    37053    39629 
  3010  11525  1     gi|160    20084    20209 
  3011   8628  1     gi|695    32474    32557 
  3011  10161 -1      gi|93    22338    22421 
  3012   8639  1     gi|696    20699    20749 
  3012   9185 -1     gi|735    13333    13382 
  3013   8645  1     gi|697    13998    14781 
  3014   8646  1     gi|697    16070    16262 
  3015   8653  1     gi|697    24144    24243 
  3015   8862  1     gi|710     5585     5683 
  3016   8708  1       gi|7    36794    36999 
  3016  11590  1     gi|537     1982     2187 
  3016  11593  1      gi|43    22411    22614 
  3017   8715  1      gi|70    12348    13202 
  3018   8718  1      gi|70    20075    21756 
  3019   8741  1     gi|700    29193    29394 
  3019   9511 -1     gi|753    36390    36594 
  3020   8756  1     gi|702    30061    30133 
  3020   9278 -1     gi|741     8114     8186 
  3021   8766  1     gi|703    13256    13360 
  3021   8782  1     gi|704    16266    16371 
  3022   8778  1     gi|704      822      916 
  3022   9544 -1     gi|757    11517    11618 
  3023   8786  1     gi|704    26841    27016 
  3023   9347  1     gi|745    34608    35269 
  3023   9920 -1      gi|79    36265    36825 
  3023   9923 -1      gi|79    39688    40116 
  3024   8812  1     gi|707     5498     6831 
  3025   8816  1     gi|707    12663    12737 
  3025  10772 -1     gi|294     5115     5352 
  3025  10774 -1     gi|447      868     1098 
  3026   8819  1     gi|707    22321    22471 
  3026  12525 -1     gi|712    34664    34814 
  3026  12527 -1     gi|784    20529    20679 
  3027   8820  1     gi|707    28447    28485 
  3027  12524 -1     gi|712    34626    34664 
  3027  12526 -1     gi|784    20491    20529 
  3028   8859  1      gi|71    35385    35573 
  3028  10221  1      gi|98     6998     7175 
  3028  11694 -1     gi|188    24924    25169 
  3028  11695 -1     gi|357     2976     3222 
  3029   8866  1     gi|710     8795     8850 
  3029   9728  1     gi|772     1240     1294 
  3030   8879  1     gi|711    26968    27560 
  3030   9922 -1      gi|79    37750    38369 
  3031   8880  1     gi|711    28013    28265 
  3031   9921 -1      gi|79    37044    37297 
  3032   8885  1     gi|712     1076     3508 
  3032  10072 -1      gi|87    24546    26987 
  3033   8910  1     gi|713    10493    10540 
  3033   9084 -1     gi|725    30799    30842 
  3034   8924  1     gi|714    26349    29255 
  3034  12146 -1     gi|477      467     3618 
  3034  12144 -1      gi|89        3     1949 
  3035   8928  1     gi|714    37932    38342 
  3035   9070  1     gi|724    21897    22297 
  3036   8936  1     gi|715    10715    11741 
  3037   8953  1     gi|717     2446     2881 
  3038   8980  1     gi|718    29519    29651 
  3038   9628 -1     gi|764    36424    36556 
  3039   8987  1      gi|72    26385    26775 
  3040   8992  1      gi|72    30094    30214 
  3040  11317  1     gi|145     4037     4169 
  3041   9008  1     gi|720    16485    16639 
  3042   9020  1     gi|722     4718     5913 
  3043   9021  1     gi|722     5724     6247 
  3044   9035  1     gi|723     3349     3686 
  3045   9038  1     gi|723     6052     6630 
  3046   9042  1     gi|723     9774    10441 
  3047   9043  1     gi|723    10551    10909 
  3048   9044  1     gi|723    11206    12013 
  3048  10948  1     gi|573    31564    31880 
  3049   9049  1     gi|723    28763    28991 
  3050   9055  1     gi|723    36954    37263 
  3051   9067  1     gi|724    15588    15657 
  3051   9363  1     gi|746    25979    26048 
  3052   9102  1     gi|726    30109    30829 
  3052  10039 -1      gi|85    24258    25095 
  3052   9104  1     gi|726    37417    38192 
  3053   9103  1     gi|726    31226    36678 
  3053  10026  1      gi|85       56     1006 
  3053  10027  1      gi|85     1322     3862 
  3053  10038 -1      gi|85    18400    23962 
  3053   9105  1     gi|726    38481    39356 
  3053   9106  1     gi|726    39465    40108 
  3054   9108  1     gi|727    11063    11142 
  3054  12405 -1     gi|522    14421    14495 
  3054  12403 -1     gi|542    15676    15739 
  3055   9117  1     gi|727    30975    32336 
  3055   9777  1     gi|775    25242    26640 
  3056   9150  1     gi|731    36046    36696 
  3057   9151  1     gi|731    37718    38293 
  3058   9169  1     gi|734    15046    15580 
  3058  10226  1      gi|98    23172    23706 
  3059   9170  1     gi|734    26530    26796 
  3060   9186  1     gi|735    15784    16041 
  3061   9187  1     gi|735    18036    18391 
  3061   9640 -1     gi|765    22214    22569 
  3062   9205  1     gi|737    26742    26983 
  3063   9292  1     gi|742        1      768 
  3063  11781  1     gi|562     1726     1912 
  3064   9323  1     gi|744     5799     6051 
  3064   9575  1      gi|76    27760    27979 
  3065   9324  1     gi|744     8823    10274 
  3065   9576  1      gi|76    30578    32012 
  3065   9560 -1     gi|759    33616    34756 
  3066   9334  1     gi|744    36459    36946 
  3066  12203  1     gi|538    12231    13249 
  3066  12206 -1     gi|297    18262    19280 
  3067   9365  1     gi|746    28894    29043 
  3068   9367  1     gi|746    31650    31981 
  3068  10270  1     gi|141    12433    12675 
  3068  10273  1      gi|91     9327     9650 
  3069   9372  1     gi|746    38322    38491 
  3070   9373  1     gi|746    38608    38844 
  3070  10116 -1      gi|90    36847    37002 
  3070  10826 -1     gi|316    39295    39409 
  3070  10827 -1     gi|334    30895    30973 
  3071   9400  1     gi|748    26768    26855 
  3072   9431  1     gi|749    39724    40000 
  3072  12508 -1      gi|59    32094    32385 
  3072  12511  1      gi|99    39315    39591 
  3073   9444  1      gi|75    14054    14447 
  3074   9459  1      gi|75    28788    29082 
  3074  10552 -1     gi|332    20395    27224 
  3074  10542 -1     gi|232    17358    17838 
  3074  10544 -1     gi|252    21437    21913 
  3074  10555  1     gi|749    14184    21014 
  3075   9501  1     gi|753    13197    13331 
  3075  10058 -1      gi|87     4603     4743 
  3076   9510  1     gi|753    34848    35029 
  3076   9929  1       gi|8     9461     9642 
  3077   9528  1     gi|755    11757    11867 
  3077  10121  1      gi|91    11477    11584 
  3078   9529  1     gi|755    24620    24964 
  3078  12076 -1     gi|268    10849    11117 
  3078  12075 -1     gi|268    10803    10848 
  3078   9533  1     gi|755    30137    30443 
  3078   9535  1     gi|755    31850    32108 
  3079   9559  1     gi|759    31988    32568 
  3080   9563  1      gi|76    10112    11431 
  3080  12459  1     gi|452    12040    13360 
  3080  12456 -1     gi|463    21365    21714 
  3081   9606  1     gi|762    15647    15944 
  3082   9663  1     gi|766    33189    33258 
  3083   9685  1     gi|768     2024     2299 
  3084   9732  1     gi|772     4995     5748 
  3084  12268  1     gi|334    33312    34210 
  3084   9740  1     gi|772    17541    17986 
  3084  12270  1     gi|772    28844    29743 
  3085   9733  1     gi|772     6167     7169 
  3085  12269  1     gi|334    34211    36400 
  3085   9741  1     gi|772    18638    19577 
  3086   9759  1     gi|774    25525    26263 
  3087   9783  1     gi|777    12911    12991 
  3087  10111 -1      gi|90     9544     9624 
  3088   9792  1     gi|778    39531    40378 
  3088  12070 -1     gi|510    23474    24321 
  3088  12074 -1     gi|427    10672    11517 
  3089   9846  1     gi|781    12997    13201 
  3090   9847  1     gi|781    17135    17504 
  3090   9877 -1     gi|783    32202    32571 
  3091   9859  1     gi|782    37123    37256 
  3091  10043 -1      gi|85    30455    30593 
  3092   9861  1     gi|783        1       38 
  3092  12244  1     gi|440     8820     8857 
  3092  12245 -1     gi|714    25697    25729 
  3093   9870  1     gi|783    14413    14485 
  3093  12292  1     gi|347    22107    22183 
  3093  12295 -1     gi|347    25866    25942 
  3093  12297 -1     gi|347    37704    37780 
  3093   9871 -1     gi|783    18160    18232 
  3093  12298  1      gi|94     8459     8542 
  3094   9879  1     gi|783    34928    35160 
  3095   9880  1     gi|783    35262    36306 
  3096   9884  1     gi|784    10210    11249 
  3097   9916  1      gi|79    31290    31871 
  3098   9924  1       gi|8        1      749 
  3099   9954  1      gi|80    10540    11927 
  3100   9957  1      gi|80    12787    13147 
  3100  11094 -1     gi|616      961     1320 
  3100  11097 -1     gi|616    33225    33584 
  3100  11101 -1      gi|13    34820    35179 
  3101   9960  1      gi|80    13516    13648 
  3101  11093 -1     gi|616      829      961 
  3101  11096 -1     gi|616    33093    33225 
  3101  11100 -1      gi|13    34688    34820 
  3102   9964  1      gi|80    25953    27101 
  3102  10731  1     gi|398    21621    22768 
  3103   9967  1      gi|80    35501    36179 
  3104   9993  1      gi|82    27188    28761 
  3105  10008  1      gi|83    23757    23836 
  3105  12058  1     gi|545    26491    26587 
  3105  12060  1      gi|85    38165    38283 
  3105  10009 -1      gi|83    26378    26458 
  3106  10025  1      gi|84    38595    38649 
  3106  10078  1      gi|88    11237    11290 
  3107  10029  1      gi|85     6505     6638 
  3107  12063  1     gi|266    37260    37618 
  3108  10030  1      gi|85     6706     6908 
  3108  12064  1     gi|266    37623    38995 
  3108  10031  1      gi|85     7662     7935 
  3108  12066  1     gi|627    15209    16580 
  3108  12065  1     gi|627    14786    15207 
  3109  10057  1      gi|87     2308     3494 
  3110  10067  1      gi|87    20411    20502 
  3110  10081  1      gi|88    36777    36868 
  3111  10073  1      gi|88     2759     3916 
  3112  10093  1      gi|89    14283    14595 
  3113  10097  1       gi|9    14857    15050 
  3114  10100  1       gi|9    20265    20673 
  3115  10124  1      gi|91    21802    22606 
  3116  10128  1      gi|91    28010    29176 
  3117  10154  1      gi|93    17509    17761 
  3117  11787 -1     gi|562     8445     9883 
  3117  11785 -1     gi|201     4566     6005 
  3118  10165  1      gi|93    24624    24757 
  3118  11145 -1     gi|412    13418    16838 
  3118  11141 -1     gi|135     5104     8513 
  3119  10167  1      gi|93    28467    29354 
  3119  11776  1     gi|403    37375    38582 
  3119  11779 -1     gi|328    10247    11455 
  3120  10199  1      gi|95    34070    35486 
  3121  10230  1      gi|98    30920    31052 
  3122  10261  1     gi|144     2401     4293 
  3123  10275  1     gi|222    19277    19916 
  3123  10277  1      gi|62     9679    10356 
  3123  10276  1     gi|222    19920    20141 
  3124  10281  1     gi|321    27945    28239 
  3124  10285 -1     gi|297     1137     1436 
  3125  10324  1     gi|742    35886    35930 
  3125  10331  1      gi|52    10998    11038 
  3125  10347  1     gi|375    35543    35581 
  3125  10351  1     gi|443    18145    18191 
  3126  10325  1     gi|742    35933    38082 
  3126  10348  1     gi|375    35590    37733 
  3127  10328  1     gi|496    29178    29242 
  3127  12499  1     gi|587    23716    23778 
  3128  10336  1     gi|152    16800    16835 
  3128  10339 -1     gi|230    34486    34532 
  3129  10352  1     gi|742    11484    11801 
  3129  10356  1     gi|375    11165    11456 
  3130  10365  1     gi|681    31246    31282 
  3130  10368 -1     gi|687    18213    18261 
  3131  10369  1     gi|717    11823    12006 
  3132  10377  1      gi|31    15927    15966 
  3132  10383 -1     gi|718     4403     4442 
  3133  10433  1     gi|271    30137    30935 
  3134  10441  1      gi|86    32261    34269 
  3134  10442 -1     gi|726    21029    23010 
  3135  10455  1     gi|617     2942     3037 
  3135  10458  1     gi|327    26057    26113 
  3136  10485  1     gi|394    22218    22271 
  3136  12032 -1      gi|41     8225     8302 
  3137  10495  1     gi|423     7271     7330 
  3138  10497  1     gi|430    36841    36876 
  3138  10507  1     gi|695    18086    18128 
  3139  10503  1     gi|625    27999    28047 
  3139  10510  1     gi|157     5750     5781 
  3140  10505  1     gi|625    28226    28310 
  3140  10523  1     gi|475    22889    22972 
  3140  10517  1     gi|216    38105    38142 
  3141  10513  1     gi|111    30038    30116 
  3141  10515  1     gi|196    34317    34373 
  3141  10525  1     gi|499    19849    19905 
  3142  10556  1     gi|645    22147    22393 
  3142  10559 -1     gi|714    13818    14065 
  3143  10574  1      gi|31    23535    26510 
  3143  11831  1     gi|204    33011    35998 
  3143  11833  1     gi|714    21855    24844 
  3144  10576  1     gi|108    18612    18661 
  3144  10579 -1     gi|673     2150     2217 
  3144  10582  1     gi|116      706      773 
  3145  10588  1     gi|379    35814    35865 
  3145  10591  1      gi|79    19139    19172 
  3146  10598  1     gi|601    32715    32992 
  3147  10600  1     gi|256    23772    24126 
  3148  10601  1      gi|29    30899    32966 
  3148  10608 -1     gi|534    23077    25145 
  3149  10604  1      gi|29    33121    33293 
  3149  10606 -1     gi|534    22750    22923 
  3150  10614  1     gi|109    32582    32840 
  3150  10621 -1     gi|314     4030     4288 
  3151  10641  1     gi|214    27488    27526 
  3151  10643  1     gi|354    24890    24928 
  3151  10645  1     gi|402    20829    20866 
  3151  10653 -1     gi|701    10572    10609 
  3151  10658  1      gi|13    27769    27807 
  3152  10651  1     gi|673    22033    22070 
  3152  10656 -1     gi|414    27122    27159 
  3152  12176 -1      gi|59    37556    37593 
  3153  10662  1     gi|140    36440    36572 
  3153  10666 -1     gi|112    20044    20164 
  3154  10665  1     gi|112    19948    20031 
  3155  10667  1     gi|494    19044    19247 
  3155  10669  1     gi|113    11326    11529 
  3156  10686  1     gi|475    19533    19628 
  3157  10702  1       gi|9    18264    18311 
  3157  10704  1     gi|595     7209     7254 
  3158  10719  1     gi|114    22085    22180 
  3158  10728  1     gi|386    34801    34885 
  3158  10736  1     gi|243    15857    15930 
  3159  10721  1     gi|116    29143    29174 
  3159  10730  1     gi|398    21586    21621 
  3160  10733  1     gi|703    35772    35837 
  3160  10735  1      gi|80    37764    37824 
  3161  10749  1     gi|642    13874    13959 
  3161  10751  1     gi|379    28629    28712 
  3162  10763  1     gi|678    13317    13528 
  3163  10768  1     gi|236    15985    16975 
  3163  10782  1     gi|640    38319    39309 
  3163  10814 -1     gi|429    11454    12442 
  3164  10770  1      gi|29     5702     5975 
  3164  10787 -1     gi|764    37717    37990 
  3165  10783  1     gi|640    39315    40021 
  3165  10798  1     gi|236    18118    18823 
  3165  10813 -1     gi|429    10748    11448 
  3165  12419 -1     gi|429    10750    11441 
  3166  10785  1     gi|648     1321     1359 
  3166  10802 -1     gi|116     3657     3697 
  3166  10806  1     gi|229    27323    27362 
  3167  10809  1     gi|329     3924     3991 
  3167  10818 -1     gi|621     3278     3335 
  3168  10812  1       gi|4    38319    38423 
  3169  10816  1     gi|447     1213     1355 
  3169  10825  1     gi|294     5460     5612 
  3170  10836  1     gi|208    20674    20774 
  3170  10874  1     gi|363    35955    36063 
  3171  10860  1      gi|51    17838    18077 
  3171  10915  1     gi|199    19821    20011 
  3172  10869  1     gi|278     6348     6380 
  3172  10901  1     gi|753     3866     3918 
  3172  10879 -1     gi|500    34418    34467 
  3172  10887  1     gi|543     2175     2229 
  3173  10882  1     gi|522    35179    35219 
  3173  10894  1     gi|607     3594     3658 
  3173  10902 -1     gi|737    12806    12885 
  3174  10890  1     gi|604    30279    30331 
  3175  10904  1     gi|737    12983    13032 
  3176  10908  1      gi|29    39929    40000 
  3176  10912 -1     gi|534    15757    16029 
  3176  10909 -1     gi|466    27482    27754 
  3177  10924  1     gi|216    34266    34297 
  3177  10926 -1     gi|302    37781    37829 
  3178  10944  1     gi|605    35797    35865 
  3178  10946  1     gi|116    12104    12163 
  3179  10957  1     gi|720     7274     7348 
  3179  10959  1      gi|28     4184     4261 
  3180  10960  1      gi|28     4261     4351 
  3181  10973  1     gi|311    33364    33437 
  3181  10976 -1     gi|660    35663    35736 
  3182  10977  1     gi|441    22370    22741 
  3183  10979  1     gi|121    25569    25680 
  3183  10983  1     gi|311    18314    18492 
  3183  10981  1     gi|478     4411     4530 
  3183  10982  1     gi|478     4531     4625 
  3184  10980  1     gi|121    25686    25773 
  3184  10984  1     gi|311    18495    18586 
  3185  10998  1     gi|354     4319     6394 
  3185  10999 -1     gi|701    27327    29402 
  3186  11005  1     gi|162    30017    30191 
  3186  11006 -1     gi|489    11576    11750 
  3187  11012  1     gi|375    39163    39365 
  3187  11021  1     gi|742    39512    39714 
  3188  11017  1     gi|561     6512     6601 
  3188  11020 -1     gi|617    13505    13594 
  3189  11039  1     gi|128    13702    13804 
  3189  11041  1     gi|201    16392    16482 
  3190  11053  1     gi|157     5426     5482 
  3190  11073  1     gi|342    16284    16345 
  3190  11061  1     gi|435    12102    12151 
  3191  11063  1     gi|471    31060    31258 
  3192  11085  1     gi|525    30940    30984 
  3192  11091 -1      gi|74    18851    18895 
  3193  11089  1      gi|74    17199    17540 
  3194  11107  1     gi|134    13704    13768 
  3194  11111  1     gi|408    32494    32562 
  3195  11109  1     gi|286    22591    22775 
  3196  11112  1       gi|3    30420    31218 
  3196  11115 -1     gi|617    19175    19954 
  3196  11116  1     gi|381    29366    30162 
  3197  11140  1     gi|135     5017     5093 
  3197  11144  1     gi|412    13329    13418 
  3197  11146 -1     gi|673     4134     4209 
  3197  11150  1     gi|412    13340    13407 
  3198  11153  1     gi|454     6175     6206 
  3198  11158 -1     gi|762      741      773 
  3199  11180  1      gi|69     2804     2908 
  3200  11183  1     gi|285    36632    37219 
  3200  11184 -1     gi|305    28387    28972 
  3200  11188  1       gi|7    13078    13664 
  3200  11193  1     gi|541     3906     4251 
  3201  11190  1     gi|306    36858    37217 
  3201  11198 -1     gi|281    11594    11953 
  3202  11196  1     gi|281     8811     9145 
  3203  11207  1     gi|323    25561    25754 
  3204  11212  1     gi|630    20166    21034 
  3205  11213  1     gi|630    21036    21098 
  3205  11215  1      gi|78    32906    32959 
  3206  11228  1     gi|493     6683     6740 
  3207  11230  1      gi|50     5685     5749 
  3208  11250  1     gi|360    37632    37765 
  3208  12488  1     gi|554    21830    21966 
  3209  11253  1     gi|360    39328    39557 
  3209  11255  1     gi|554    30935    31132 
  3210  11263  1     gi|684    25548    25615 
  3210  11265  1     gi|761     6160     6223 
  3211  11277  1      gi|91    22923    24105 
  3212  11281  1     gi|191     6734     6775 
  3213  11292  1     gi|557    37812    37932 
  3213  11294  1     gi|332    15834    15980 
  3213  11297 -1     gi|217    36604    36750 
  3214  11293  1     gi|557    37933    38618 
  3214  11295  1     gi|332    15981    16666 
  3214  11296 -1     gi|217    35918    36603 
  3215  11305  1     gi|199     1995     2209 
  3215  11309  1      gi|51        1      215 
  3216  11331  1      gi|19    25942    26329 
  3216  11333 -1     gi|230    26424    26900 
  3216  11334 -1     gi|147    16812    17254 
  3216  11332  1      gi|19    33369    33642 
  3217  11341  1     gi|485    24790    24859 
  3217  11345  1     gi|224    28475    28546 
  3218  11346  1     gi|148     6709     6902 
  3218  11351 -1     gi|315      462      652 
  3219  11348  1     gi|148     7167     7277 
  3219  11349 -1     gi|315       87      194 
  3220  11357  1     gi|448    18071    18323 
  3220  11361  1     gi|391    34510    34778 
  3221  11358  1     gi|448    18325    18525 
  3221  11362  1     gi|391    34781    34980 
  3221  11366 -1     gi|468    12175    12387 
  3221  11368 -1     gi|738    17464    17676 
  3222  11372  1     gi|149    31480    31627 
  3222  11373 -1     gi|327    36404    36554 
  3223  11377  1     gi|362     3751     4240 
  3223  11379  1     gi|695    34951    35440 
  3224  11402  1      gi|50     5707     6221 
  3224  11405 -1     gi|368    11503    12027 
  3225  11412  1     gi|155    29437    29502 
  3225  11423  1     gi|507    29879    30057 
  3225  11443  1     gi|712    39781    39888 
  3225  11450 -1      gi|61    29170    29346 
  3226  11416  1     gi|209     1629     1971 
  3226  11428 -1     gi|537      244      552 
  3226  11429  1     gi|557    28263    28521 
  3226  11436 -1     gi|509    28563    28664 
  3226  11447  1     gi|364     6719     7062 
  3226  11449  1     gi|524    16709    17052 
  3226  11452  1     gi|254    33924    34252 
  3226  11441 -1     gi|741     6691     6953 
  3227  11417  1     gi|253     9419     9479 
  3227  11425 -1     gi|507    30187    30244 
  3228  11419  1     gi|254    33888    33919 
  3228  11437  1     gi|529     3466     3500 
  3229  11427  1     gi|529     5964     6028 
  3229  11434  1     gi|768    25526    25593 
  3230  11448  1     gi|524    16657    16708 
  3230  11451 -1     gi|741     6971     7006 
  3231  11463  1     gi|602     6607     6640 
  3231  12530 -1     gi|732     4565     4599 
  3232  11468  1     gi|284     3571     3680 
  3232  11470  1     gi|765    35990    36099 
  3233  11472  1     gi|225    39542    39588 
  3233  11474 -1     gi|734    31276    31316 
  3234  11478  1     gi|277    34418    34521 
  3234  11480  1     gi|326     9759     9862 
  3235  11484  1     gi|645     3683     5184 
  3236  11490  1     gi|331     7076     7181 
  3236  11497 -1     gi|617     9797     9974 
  3236  11495 -1     gi|158    21251    21447 
  3237  11502  1     gi|261    15689    15838 
  3237  11504  1     gi|656    24314    24463 
  3238  11503  1     gi|261    15840    16233 
  3238  11505  1     gi|656    24465    24858 
  3238  11516  1      gi|16    24688    25102 
  3238  11517 -1      gi|30     2543     2953 
  3239  11527  1     gi|160    21877    21908 
  3239  11530 -1     gi|388    11933    11971 
  3240  11532  1     gi|267    26410    26472 
  3241  11538  1      gi|36      403      643 
  3241  11545  1     gi|163     5305     5563 
  3241  11543 -1      gi|36    27540    27833 
  3242  11560  1     gi|209    18294    18424 
  3243  11594  1     gi|178     2520     2775 
  3243  11596  1     gi|424     2780     3054 
  3244  11602  1     gi|255     5793     5857 
  3245  11609  1     gi|170     2660     2753 
  3245  11610 -1     gi|173     5689     5770 
  3246  11613  1     gi|171    24135    24169 
  3246  12341 -1     gi|369    33163    33203 
  3247  11616  1     gi|172     9231     9264 
  3247  11618  1     gi|482    21621    21659 
  3248  11621  1     gi|173    19630    19731 
  3248  11622 -1     gi|224    30164    30266 
  3248  11625 -1     gi|329    32646    32747 
  3248  11627 -1     gi|348    19117    19210 
  3249  11635  1     gi|664    37794    37993 
  3250  11643  1       gi|8    23333    23780 
  3251  11653  1     gi|390     7528     8359 
  3251  11655  1     gi|177    13881    14691 
  3252  11657  1     gi|178    31693    32164 
  3252  11658 -1     gi|631    14438    14880 
  3253  11660  1     gi|180    18281    18328 
  3253  11664  1     gi|261    12124    12174 
  3254  11674  1     gi|391    15687    16898 
  3254  11677 -1     gi|252    35129    36298 
  3255  11680  1     gi|541     5764     6185 
  3255  11683 -1     gi|623    17745    18135 
  3256  11716  1     gi|438     9313     9396 
  3256  11717 -1      gi|48    19374    19438 
  3257  11722  1     gi|629      754     1213 
  3257  11726  1     gi|581     4893     5360 
  3258  11729  1     gi|195     2285     3126 
  3259  11737  1     gi|195    18462    18496 
  3259  11740 -1     gi|553    28043    28075 
  3260  11744  1     gi|624    27348    27381 
  3260  11750  1     gi|398    24991    25022 
  3261  11745  1     gi|196     1681     1783 
  3261  11751  1     gi|499     3367     3470 
  3261  11753  1     gi|196    16886    16989 
  3262  11763  1     gi|196    40249    40290 
  3262  11765  1     gi|499    39723    39764 
  3263  11769  1      gi|76    11436    11572 
  3263  11772 -1     gi|197    19185    19319 
  3264  11770  1      gi|76    11572    12593 
  3264  11771 -1     gi|197    15824    19182 
  3265  11778  1     gi|328     8831    10247 
  3266  11784  1     gi|740    19091    19239 
  3267  11789  1     gi|202     2061     2092 
  3267  11803  1      gi|82     1300     1344 
  3268  11796  1     gi|202    26401    26453 
  3268  11797 -1     gi|489    30912    30970 
  3269  11801  1     gi|202    13844    13896 
  3269  11807  1      gi|82    37479    37527 
  3270  11824  1     gi|319    11991    12036 
  3270  11826  1     gi|600    30978    31019 
  3271  11830  1     gi|204    32715    33011 
  3272  11839  1      gi|51    29811    29886 
  3272  11845  1     gi|558    12057    12110 
  3272  11843  1     gi|697     5768     5837 
  3273  11846  1     gi|558    12122    12257 
  3273  11847 -1      gi|40    15441    15705 
  3274  11853  1      gi|41    19282    19530 
  3274  11855  1     gi|523     2868     3115 
  3275  11873  1     gi|447    30852    30963 
  3275  11879  1      gi|69    10466    10581 
  3276  11878  1      gi|69    10278    10466 
  3277  11880  1      gi|69    10581    10711 
  3278  11886  1     gi|290    30880    30955 
  3279  11894  1     gi|731    19253    19303 
  3279  11896  1     gi|267    38214    38258 
  3280  11903  1     gi|284    35946    35981 
  3280  11905  1     gi|229    17821    17853 
  3281  11910  1     gi|775    19885    19928 
  3281  11914 -1     gi|639    30365    30417 
  3282  11917  1     gi|244    11424    11603 
  3282  11922 -1     gi|747    39438    39620 
  3283  11919  1     gi|694    26425    26471 
  3283  11923  1     gi|747    39127    39175 
  3284  11924  1     gi|747    39175    39218 
  3285  11927  1     gi|296     8521     8563 
  3285  11930  1     gi|448    11384    11428 
  3286  11944  1     gi|474    20412    20471 
  3286  11949 -1     gi|751    16190    16251 
  3287  11946  1     gi|474    21648    21702 
  3287  11947 -1     gi|751    14959    15015 
  3288  11961  1     gi|724    23671    23707 
  3288  11964 -1      gi|82    37096    37131 
  3289  11987  1     gi|593    17437    17540 
  3290  11990  1     gi|251     1303     1383 
  3291  11992  1     gi|251    38353    38424 
  3291  11993  1     gi|575      181      254 
  3292  12002  1     gi|300    27650    27848 
  3292  12005 -1     gi|394     3926     4121 
  3293  12015  1     gi|260    30342    30392 
  3294  12023  1     gi|261     7654     7789 
  3294  12025  1     gi|515     6115     6247 
  3295  12028  1     gi|261    19489    19760 
  3295  12030  1       gi|8    26085    26356 
  3296  12029  1       gi|8    25819    26084 
  3297  12049  1     gi|381    18899    18962 
  3297  12051  1     gi|516      295      444 
  3298  12056  1     gi|734    31047    31167 
  3299  12061  1      gi|85    38283    38341 
  3299  12062  1     gi|545    26609    26645 
  3300  12083  1     gi|427    13293    13726 
  3301  12092  1     gi|276    17413    17487 
  3301  12095 -1      gi|75    33648    33727 
  3302  12103  1      gi|28    37520    37590 
  3303  12105  1     gi|516     1617     1752 
  3303  12110 -1     gi|280    26969    27123 
  3303  12107  1     gi|516     9638     9744 
  3304  12112  1     gi|672    29167    29237 
  3304  12114  1     gi|516     2177     2245 
  3304  12116  1     gi|672    18062    18116 
  3305  12121  1     gi|618    15515    15702 
  3306  12128  1     gi|420     7532     7823 
  3307  12143  1      gi|48        1     1949 
  3308  12147  1     gi|477     3620     3686 
  3309  12148  1     gi|432     9240     9340 
  3309  12160 -1     gi|768    40002    40128 
  3309  12162  1     gi|432    20193    20280 
  3309  12164  1     gi|432    11797    11855 
  3310  12172  1     gi|379    19403    19461 
  3310  12173 -1     gi|699     2573     2625 
  3311  12178  1     gi|765    22856    23000 
  3311  12181 -1     gi|538    34734    34894 
  3311  12182  1     gi|289     2832     2984 
  3312  12185  1     gi|296    11775    11847 
  3312  12187  1     gi|336     8378     8475 
  3312  12191  1     gi|296    10468    10566 
  3313  12188  1     gi|434    29418    29485 
  3313  12194 -1     gi|296    13569    13641 
  3314  12195  1     gi|744    38333    39030 
  3314  12202 -1     gi|297    17562    18259 
  3314  12204  1     gi|538    13251    13949 
  3314  12205 -1     gi|297    17562    18260 
  3315  12199  1     gi|297    16592    16717 
  3316  12216  1      gi|30    36211    36386 
  3316  12221  1      gi|44     8310     8464 
  3317  12218  1      gi|30    36459    36641 
  3317  12223  1      gi|44     8558     8719 
  3318  12239  1     gi|316    34903    34950 
  3318  12241  1     gi|440     8512     8559 
  3319  12242  1     gi|440     8560     8598 
  3320  12251  1     gi|321    30203    30304 
  3320  12253  1     gi|522    26707    26810 
  3321  12256  1     gi|403    15135    15214 
  3321  12259 -1     gi|328    26915    26995 
  3322  12260  1     gi|331    10834    11133 
  3323  12261  1     gi|380    17092    17146 
  3323  12266  1      gi|69    18026    18087 
  3324  12271  1     gi|772    29743    31861 
  3325  12272  1      gi|93     9845     9898 
  3325  12276 -1      gi|34    11977    12008 
  3326  12293  1     gi|347    22189    22220 
  3326  12299  1      gi|94     8542     8582 
  3326  12294 -1     gi|347    25830    25861 
  3326  12296 -1     gi|347    37668    37699 
  3327  12301  1     gi|349      632      696 
  3327  12302 -1     gi|397    20371    20427 
  3328  12307  1     gi|353    14106    14228 
  3328  12308 -1     gi|703    28938    29052 
  3328  12309  1     gi|750    22026    22144 
  3328  12310 -1      gi|95    28461    28580 
  3329  12317  1     gi|577    11042    11130 
  3329  12323 -1     gi|549     3094     3176 
  3330  12319  1     gi|577    11328    11373 
  3330  12320 -1     gi|361    20758    20791 
  3331  12329  1     gi|491    17992    18070 
  3331  12331  1     gi|364     4941     5030 
  3332  12338  1     gi|368    17477    17737 
  3332  12339 -1     gi|658     4276     4545 
  3333  12345  1     gi|379    25648    25723 
  3333  12346 -1     gi|653    14845    14916 
  3334  12359  1     gi|659     5659     5715 
  3334  12362 -1     gi|652    35475    35528 
  3334  12363  1      gi|57     2864     2913 
  3335  12365  1     gi|510    32764    33677 
  3335  12368 -1     gi|441    18741    19635 
  3336  12378  1     gi|454    36002    36469 
  3336  12383 -1     gi|390    10872    11341 
  3337  12380  1     gi|454    38527    38993 
  3337  12381 -1     gi|390     8348     8816 
  3338  12384  1     gi|390    22937    23014 
  3338  12388 -1     gi|488     8917     9001 
  3339  12397  1     gi|398    20704    21312 
  3340  12399  1     gi|475     9566     9654 
  3340  12401  1     gi|415    23172    23228 
  3341  12411  1     gi|459    23488    23562 
  3341  12414 -1     gi|424    13676    13760 
  3342  12431  1     gi|690     2734     2993 
  3343  12432  1     gi|621     7570     8793 
  3343  12435 -1     gi|437    10588    11793 
  3344  12455  1     gi|463    21326    21365 
  3344  12457 -1      gi|76    12603    12641 
  3344  12460 -1     gi|452    13361    13400 
  3345  12476  1     gi|481    20254    20377 
  3345  12523 -1     gi|735     9883    10005 
  3345  12520  1     gi|706    28235    28358 
  3346  12489  1     gi|557     6577     7075 
  3346  12492 -1     gi|575     9098     9525 
  3347  12496  1     gi|578    25328    25389 
  3347  12498  1      gi|60    38580    38631 
  3348  12502  1     gi|755    31564    31689 
  3349  12505  1      gi|99    40018    40050 
  3350  12531  1     gi|348    14258    14293 
  3351  12533  1      gi|82    19032    20812 
