1 gi|1 1 146
2 gi|1 180 260
3 gi|1 11054 11347
4 gi|1 12248 12450
5 gi|1 13352 13402
6 gi|1 13418 13683
7 gi|1 20466 20747
8 gi|1 21769 21899
9 gi|1 31010 31271
10 gi|1 35701 36061
11 gi|1 36913 37032
12 gi|1 38119 40021
13 gi|10 1 1803
14 gi|100 7059 7642
15 gi|100 8736 8864
16 gi|100 9652 10888
17 gi|100 12336 13615
18 gi|100 24943 25490
19 gi|100 33101 33170
20 gi|100 38313 38572
21 gi|100 38731 38950
22 gi|101 1297 1701
23 gi|101 2643 2859
24 gi|101 3535 3798
25 gi|101 3981 4132
26 gi|101 5569 7199
27 gi|101 18007 18551
28 gi|101 20996 21074
29 gi|101 24212 24286
30 gi|101 24969 25112
31 gi|101 25222 25317
32 gi|101 25399 25523
33 gi|101 25558 26072
34 gi|101 26537 26615
35 gi|101 26903 27305
36 gi|101 29566 29874
37 gi|101 30174 30309
38 gi|102 2 222
39 gi|102 1387 2443
40 gi|102 3682 4570
41 gi|102 4490 4741
42 gi|102 5958 6840
43 gi|102 6714 7036
44 gi|102 8451 9215
45 gi|102 9162 9394
46 gi|102 9753 9903
47 gi|102 10165 10420
48 gi|102 12348 12930
49 gi|102 16460 16516
50 gi|102 17008 17073
51 gi|102 17928 18890
52 gi|102 20002 20272
53 gi|102 23863 24012
54 gi|102 24474 24566
55 gi|102 24622 25208
56 gi|102 25890 26149
57 gi|102 26275 26397
58 gi|102 26462 26586
59 gi|102 26625 26826
60 gi|102 26909 27006
61 gi|102 27217 27393
62 gi|102 27781 28046
63 gi|102 29638 29697
64 gi|102 29809 30597
65 gi|102 31594 31645
66 gi|102 33954 35141
67 gi|103 1 1588
68 gi|103 1825 2045
69 gi|103 2244 2628
70 gi|103 2890 3350
71 gi|103 3773 3995
72 gi|103 4054 4207
73 gi|103 4864 5044
74 gi|103 5404 5579
75 gi|103 9925 10223
76 gi|103 13969 16044
77 gi|103 18315 18368
78 gi|103 22933 23135
79 gi|103 23166 25261
80 gi|103 25307 25369
81 gi|103 25479 26183
82 gi|103 26308 26669
83 gi|103 29319 31506
84 gi|103 32247 32433
85 gi|103 32411 32948
86 gi|103 33647 35157
87 gi|103 36569 39259
88 gi|103 39618 40173
89 gi|104 1608 1989
90 gi|104 2061 2119
91 gi|104 2194 2818
92 gi|104 3720 4139
93 gi|104 5655 6565
94 gi|104 7140 7316
95 gi|104 8126 8260
96 gi|104 8887 9940
97 gi|104 11945 12260
98 gi|104 15257 15305
99 gi|104 17287 17400
100 gi|104 17351 17805
101 gi|104 17758 17928
102 gi|104 18017 19174
103 gi|104 19171 19574
104 gi|104 19554 20067
105 gi|104 21184 21523
106 gi|104 21828 22263
107 gi|104 22516 23058
108 gi|104 23610 25831
109 gi|104 25955 26618
110 gi|104 26434 28397
111 gi|104 29557 30608
112 gi|104 30779 31130
113 gi|104 31149 31397
114 gi|104 34810 34966
115 gi|104 36101 36263
116 gi|104 36826 36898
117 gi|105 1 1290
118 gi|105 5017 5101
119 gi|105 11654 11801
120 gi|105 13551 13685
121 gi|105 21725 21849
122 gi|105 25245 25399
123 gi|105 26304 26616
124 gi|105 27140 28484
125 gi|105 28411 28593
126 gi|105 39627 39784
127 gi|106 6885 8328
128 gi|106 10364 10472
129 gi|106 10487 11541
130 gi|106 11540 11652
131 gi|106 11732 12076
132 gi|106 13981 14136
133 gi|106 15711 16066
134 gi|106 16422 17012
135 gi|106 23724 23870
136 gi|106 37279 37378
137 gi|107 1504 1564
138 gi|107 1586 1656
139 gi|107 1653 1740
140 gi|107 1729 2146
141 gi|107 7221 8403
142 gi|107 8383 12170
143 gi|107 12539 27338
144 gi|107 27609 27675
145 gi|108 157 308
146 gi|108 2713 3795
147 gi|108 7921 7978
148 gi|108 9506 9774
149 gi|108 10448 10727
150 gi|108 11125 11175
151 gi|108 11227 11386
152 gi|108 12137 12887
153 gi|108 12849 12981
154 gi|108 16115 17199
155 gi|108 18612 19005
156 gi|108 19025 19146
157 gi|108 19108 20557
158 gi|108 20869 20906
159 gi|108 20926 21104
160 gi|108 26902 27175
161 gi|108 27743 27923
162 gi|109 7354 7436
163 gi|109 15939 16033
164 gi|109 19899 19960
165 gi|109 20032 20369
166 gi|109 25997 26525
167 gi|109 27227 31790
168 gi|109 32582 35862
169 gi|109 36427 36861
170 gi|109 37445 38512
171 gi|109 38852 39125
172 gi|109 39871 39992
173 gi|11 15483 16032
174 gi|11 18031 18099
175 gi|11 32324 32397
176 gi|11 33953 34284
177 gi|11 34234 34628
178 gi|110 2 1434
179 gi|110 1195 32166
180 gi|111 4527 4833
181 gi|111 5558 5845
182 gi|111 5854 5957
183 gi|111 5983 6411
184 gi|111 7534 8370
185 gi|111 8760 9078
186 gi|111 9546 9634
187 gi|111 9954 10048
188 gi|111 11821 12996
189 gi|111 14487 15056
190 gi|111 15180 16983
191 gi|111 17590 17939
192 gi|111 19416 20172
193 gi|111 20364 20975
194 gi|111 26099 26198
195 gi|111 27316 29440
196 gi|111 29853 30116
197 gi|111 30038 30989
198 gi|111 31933 32141
199 gi|112 1156 3945
200 gi|112 4981 5325
201 gi|112 6336 6439
202 gi|112 8187 8261
203 gi|112 10537 10654
204 gi|112 19331 20047
205 gi|112 19948 20164
206 gi|112 20968 21573
207 gi|112 32610 32780
208 gi|113 800 834
209 gi|113 2614 2652
210 gi|113 4478 5441
211 gi|113 6706 6907
212 gi|113 7308 7414
213 gi|113 7695 7900
214 gi|113 8293 8406
215 gi|113 10215 10316
216 gi|113 11326 11798
217 gi|113 14802 14954
218 gi|113 15139 15700
219 gi|113 18078 19739
220 gi|113 22239 22510
221 gi|113 23153 23400
222 gi|113 24019 24073
223 gi|113 24397 25801
224 gi|113 26308 27564
225 gi|113 28860 30074
226 gi|113 32700 34287
227 gi|113 37251 38474
228 gi|113 39676 39757
229 gi|114 821 936
230 gi|114 4783 4944
231 gi|114 5186 5393
232 gi|114 6018 6759
233 gi|114 7017 7625
234 gi|114 9467 9847
235 gi|114 10372 12081
236 gi|114 12608 13026
237 gi|114 14485 15545
238 gi|114 15637 15775
239 gi|114 19170 20027
240 gi|114 22085 22890
241 gi|114 23994 24236
242 gi|114 26493 26760
243 gi|114 33966 34682
244 gi|114 34669 34913
245 gi|114 35313 36630
246 gi|114 36623 36717
247 gi|114 37415 37901
248 gi|114 37899 38813
249 gi|114 38986 39112
250 gi|115 4032 4463
251 gi|115 5264 6051
252 gi|115 6313 6392
253 gi|115 6774 6982
254 gi|115 11866 17455
255 gi|115 17527 17824
256 gi|115 18257 18360
257 gi|115 18802 20174
258 gi|115 20591 20781
259 gi|115 22386 22547
260 gi|115 22658 23095
261 gi|115 23637 24625
262 gi|115 24931 25026
263 gi|115 25628 27043
264 gi|115 30620 30868
265 gi|115 32373 32570
266 gi|115 34051 34365
267 gi|115 38848 39551
268 gi|115 39531 40005
269 gi|115 40027 40207
270 gi|116 647 774
271 gi|116 725 1545
272 gi|116 3248 3688
273 gi|116 3657 4668
274 gi|116 6438 6588
275 gi|116 7153 7285
276 gi|116 7334 7976
277 gi|116 8018 8157
278 gi|116 8629 8735
279 gi|116 9874 10034
280 gi|116 10101 10712
281 gi|116 11065 11159
282 gi|116 11871 11935
283 gi|116 12009 12163
284 gi|116 12306 12378
285 gi|116 12433 12501
286 gi|116 15838 16032
287 gi|116 16587 16744
288 gi|116 16744 17100
289 gi|116 17268 17664
290 gi|116 20231 21925
291 gi|116 21917 22001
292 gi|116 22012 22207
293 gi|116 22208 22274
294 gi|116 22658 22844
295 gi|116 22774 24079
296 gi|116 24802 24892
297 gi|116 25063 25764
298 gi|116 25763 26143
299 gi|116 26166 26370
300 gi|116 28855 29013
301 gi|116 29143 29890
302 gi|116 30210 30361
303 gi|116 30363 30624
304 gi|116 30619 34531
305 gi|116 38016 38733
306 gi|116 38798 39089
307 gi|117 1 119
308 gi|118 2 658
309 gi|118 978 1024
310 gi|118 1487 1843
311 gi|118 2285 2524
312 gi|118 2840 3417
313 gi|118 3584 3940
314 gi|118 4242 4978
315 gi|118 4969 5293
316 gi|118 5288 10132
317 gi|118 12045 12531
318 gi|118 13311 13477
319 gi|118 13775 14158
320 gi|118 14855 15177
321 gi|118 16636 16765
322 gi|118 24091 24418
323 gi|118 24712 25294
324 gi|118 25744 25803
325 gi|118 26385 26572
326 gi|118 27386 27835
327 gi|118 28140 29213
328 gi|118 29514 30067
329 gi|118 30286 32659
330 gi|118 32739 32845
331 gi|118 33283 33591
332 gi|118 33891 34531
333 gi|118 35102 35505
334 gi|118 35802 36377
335 gi|118 37743 38018
336 gi|119 8073 8451
337 gi|119 8644 9091
338 gi|119 10536 10710
339 gi|119 10875 11321
340 gi|119 13199 13397
341 gi|119 18530 19503
342 gi|119 21630 22603
343 gi|12 15407 16401
344 gi|12 17726 17823
345 gi|12 21680 21835
346 gi|12 30320 31204
347 gi|12 34332 35216
348 gi|121 632 690
349 gi|121 4844 5163
350 gi|121 6055 6301
351 gi|121 6955 7310
352 gi|121 15170 15340
353 gi|121 16215 16518
354 gi|121 19291 19942
355 gi|121 25562 25776
356 gi|121 29866 31585
357 gi|121 33644 35235
358 gi|121 35372 35464
359 gi|121 39163 39237
360 gi|122 2616 2836
361 gi|122 6055 8494
362 gi|122 28373 31441
363 gi|122 31442 31943
364 gi|122 36122 36785
365 gi|123 2595 3004
366 gi|123 5257 5720
367 gi|123 5730 6191
368 gi|123 7936 7986
369 gi|123 9739 10785
370 gi|123 10765 10889
371 gi|123 10879 11167
372 gi|123 11951 12646
373 gi|123 13381 16156
374 gi|123 16283 16646
375 gi|123 16822 18048
376 gi|123 20362 21680
377 gi|123 26323 26497
378 gi|123 27227 27372
379 gi|123 27529 27600
380 gi|123 27944 29590
381 gi|123 29906 30137
382 gi|123 30353 30517
383 gi|123 30524 30714
384 gi|123 33933 35108
385 gi|123 35367 35564
386 gi|124 2058 4781
387 gi|124 5591 6381
388 gi|124 16887 16917
389 gi|124 22586 22816
390 gi|124 23088 23216
391 gi|124 23369 23475
392 gi|124 23605 23750
393 gi|124 24547 24709
394 gi|124 27877 27996
395 gi|124 28819 29819
396 gi|124 37657 38597
397 gi|124 38992 39737
398 gi|124 39705 40129
399 gi|125 9117 9498
400 gi|125 9618 9766
401 gi|125 14110 14684
402 gi|125 14753 14889
403 gi|125 16204 16429
404 gi|125 16498 17057
405 gi|125 17465 17787
406 gi|125 38722 39127
407 gi|126 756 1097
408 gi|126 1339 1893
409 gi|126 5313 6693
410 gi|126 6733 7024
411 gi|126 7819 9921
412 gi|126 10907 10964
413 gi|126 14189 14298
414 gi|126 14964 15120
415 gi|126 17506 17633
416 gi|126 20269 20325
417 gi|126 21717 21764
418 gi|126 24573 24699
419 gi|126 25261 25421
420 gi|126 26375 26500
421 gi|126 28210 30690
422 gi|126 30875 30991
423 gi|126 31468 32842
424 gi|126 34319 36087
425 gi|126 37749 37988
426 gi|127 4928 5019
427 gi|127 7430 7628
428 gi|127 9642 9777
429 gi|127 19140 20689
430 gi|127 22545 25116
431 gi|127 30802 30896
432 gi|128 8518 12671
433 gi|128 12891 13401
434 gi|128 13702 14831
435 gi|128 14901 15163
436 gi|128 15125 15214
437 gi|128 23294 23380
438 gi|128 25871 26022
439 gi|128 27075 27165
440 gi|128 28065 28134
441 gi|128 28143 30186
442 gi|128 35815 35907
443 gi|128 36767 37719
444 gi|128 38150 38297
445 gi|128 38927 40000
446 gi|129 4927 5107
447 gi|129 14207 14361
448 gi|129 15930 16090
449 gi|129 16087 16210
450 gi|129 28703 28840
451 gi|13 14601 15073
452 gi|13 16189 16662
453 gi|13 20775 20815
454 gi|13 27754 27875
455 gi|13 27853 28571
456 gi|13 29602 30389
457 gi|13 30693 30814
458 gi|13 31341 32533
459 gi|13 33220 35179
460 gi|13 37649 37897
461 gi|13 38502 40000
462 gi|130 1392 1518
463 gi|130 1735 1871
464 gi|130 9628 9739
465 gi|130 10189 11518
466 gi|130 12365 15109
467 gi|130 16728 16913
468 gi|130 19054 19303
469 gi|130 22157 22362
470 gi|130 22831 22996
471 gi|130 23097 23325
472 gi|130 25792 25888
473 gi|130 28029 28382
474 gi|130 28456 28552
475 gi|130 33398 33496
476 gi|130 36520 38513
477 gi|130 39962 40000
478 gi|131 3749 4049
479 gi|131 5652 6008
480 gi|131 10856 11633
481 gi|131 18157 18715
482 gi|131 19387 19575
483 gi|131 29785 29942
484 gi|131 30690 30921
485 gi|131 35213 35294
486 gi|132 1 32841
487 gi|133 1 336
488 gi|134 60 3023
489 gi|134 3252 3632
490 gi|134 3805 4540
491 gi|134 4641 4761
492 gi|134 5955 6096
493 gi|134 6409 6571
494 gi|134 9349 10271
495 gi|134 10325 10917
496 gi|134 13504 13768
497 gi|134 15520 17509
498 gi|134 19258 19702
499 gi|134 29390 29537
500 gi|134 30612 31180
501 gi|134 32319 34434
502 gi|135 99 690
503 gi|135 5015 8513
504 gi|135 11625 11748
505 gi|135 14626 15305
506 gi|135 16381 17190
507 gi|135 17759 17865
508 gi|135 35209 35656
509 gi|135 37335 37633
510 gi|135 37985 38917
511 gi|136 2007 2192
512 gi|136 5518 13825
513 gi|136 14105 14709
514 gi|136 15139 15243
515 gi|136 20599 21832
516 gi|136 21837 22235
517 gi|136 22224 23717
518 gi|136 24196 24653
519 gi|136 24611 24838
520 gi|136 25900 25966
521 gi|137 1373 10732
522 gi|137 11042 15795
523 gi|137 16411 16485
524 gi|137 18953 19456
525 gi|137 19443 19846
526 gi|137 19833 21907
527 gi|137 21895 23254
528 gi|137 23524 25324
529 gi|137 26264 26542
530 gi|137 27475 27521
531 gi|137 27988 28148
532 gi|137 28376 28785
533 gi|138 7202 7237
534 gi|138 7886 8020
535 gi|138 12867 13344
536 gi|138 16596 16759
537 gi|138 32108 32156
538 gi|138 38590 38784
539 gi|139 3232 3377
540 gi|139 14990 15724
541 gi|139 15718 16178
542 gi|139 21385 21557
543 gi|14 11005 13646
544 gi|14 15432 15648
545 gi|14 18015 18074
546 gi|14 18075 18319
547 gi|14 18881 18991
548 gi|14 19399 20063
549 gi|14 20056 20586
550 gi|14 21259 22926
551 gi|14 23508 23948
552 gi|14 25855 25958
553 gi|14 25953 26217
554 gi|14 28632 28880
555 gi|14 30638 30762
556 gi|140 6969 7021
557 gi|140 7407 7613
558 gi|140 14781 15408
559 gi|140 15812 17366
560 gi|140 17417 17543
561 gi|140 17835 18365
562 gi|140 23291 23697
563 gi|140 23686 24097
564 gi|140 24170 24734
565 gi|140 24621 25066
566 gi|140 33862 34820
567 gi|140 34858 35670
568 gi|140 36000 36109
569 gi|140 36440 36668
570 gi|140 36805 37231
571 gi|140 39801 40000
572 gi|141 1855 1897
573 gi|141 6111 6424
574 gi|141 8959 9181
575 gi|141 9565 9946
576 gi|141 9920 10368
577 gi|141 12433 13098
578 gi|141 13357 13557
579 gi|141 14464 15341
580 gi|141 17628 17704
581 gi|141 18376 20653
582 gi|141 22097 22449
583 gi|141 24307 24397
584 gi|141 24486 24702
585 gi|141 24693 26276
586 gi|141 27938 28001
587 gi|141 32066 32124
588 gi|141 38235 38462
589 gi|141 38445 38678
590 gi|141 38636 39445
591 gi|141 39529 39638
592 gi|141 39631 39754
593 gi|141 39721 40050
594 gi|142 2379 3342
595 gi|142 3774 4945
596 gi|142 5152 6806
597 gi|142 6958 8329
598 gi|142 8568 8748
599 gi|142 8741 9071
600 gi|142 12099 13207
601 gi|142 13725 14042
602 gi|142 14067 14151
603 gi|142 14394 14528
604 gi|142 15711 16109
605 gi|142 17342 17625
606 gi|142 17574 18124
607 gi|142 18879 20079
608 gi|142 22250 22321
609 gi|142 37457 37703
610 gi|142 38183 38452
611 gi|142 38641 38832
612 gi|143 486 685
613 gi|143 4835 4932
614 gi|143 5202 5424
615 gi|143 31596 31812
616 gi|144 1 335
617 gi|144 2396 4733
618 gi|144 3711 6666
619 gi|144 10434 11060
620 gi|144 11183 12052
621 gi|144 12624 12661
622 gi|144 18316 21223
623 gi|144 22574 22766
624 gi|144 23118 23478
625 gi|144 24268 24428
626 gi|144 24673 24962
627 gi|144 24963 25180
628 gi|144 25184 25979
629 gi|144 26260 26390
630 gi|144 26665 26809
631 gi|144 27411 28073
632 gi|144 28250 28313
633 gi|144 30948 31200
634 gi|144 35822 36057
635 gi|145 65 126
636 gi|145 107 182
637 gi|145 214 275
638 gi|145 458 554
639 gi|145 625 736
640 gi|145 736 894
641 gi|145 906 1211
642 gi|145 1357 2344
643 gi|145 2430 2593
644 gi|145 3845 3913
645 gi|145 3967 4255
646 gi|145 4347 4616
647 gi|145 5118 7050
648 gi|145 6608 26427
649 gi|146 8797 8853
650 gi|146 9422 9871
651 gi|146 9835 9911
652 gi|146 32443 32611
653 gi|146 32799 33201
654 gi|147 8220 8250
655 gi|147 10248 10455
656 gi|147 10449 10512
657 gi|147 10493 10865
658 gi|147 12615 12746
659 gi|147 16795 17257
660 gi|147 17252 18347
661 gi|147 18470 18574
662 gi|147 18844 19107
663 gi|147 19102 19273
664 gi|147 19315 19608
665 gi|147 19622 19714
666 gi|147 19714 19994
667 gi|147 19972 20035
668 gi|147 20140 20287
669 gi|147 21202 21984
670 gi|147 22059 23302
671 gi|147 27260 27462
672 gi|148 100 1845
673 gi|148 2099 3832
674 gi|148 4995 5417
675 gi|148 5800 6080
676 gi|148 6198 6248
677 gi|148 6252 6644
678 gi|148 6709 7277
679 gi|148 7399 7907
680 gi|148 20635 20726
681 gi|149 463 694
682 gi|149 1549 1683
683 gi|149 3118 3217
684 gi|149 3732 4257
685 gi|149 4478 4674
686 gi|149 5141 6167
687 gi|149 7298 7370
688 gi|149 7438 9124
689 gi|149 15463 16320
690 gi|149 16501 17672
691 gi|149 18667 20467
692 gi|149 21201 21420
693 gi|149 30138 30327
694 gi|149 30722 30851
695 gi|149 31014 31627
696 gi|149 31479 31880
697 gi|149 31982 32126
698 gi|149 39146 39344
699 gi|149 39345 39468
700 gi|15 5 379
701 gi|15 567 679
702 gi|15 698 771
703 gi|15 12300 12697
704 gi|15 17949 18444
705 gi|15 24856 25195
706 gi|15 25107 26869
707 gi|15 27833 28175
708 gi|15 28765 29034
709 gi|15 29826 29913
710 gi|15 30604 31734
711 gi|15 35784 35919
712 gi|15 35857 36367
713 gi|15 36960 37316
714 gi|15 38823 39634
715 gi|150 1 25430
716 gi|151 6307 6829
717 gi|151 10510 10578
718 gi|151 10698 11546
719 gi|151 13309 14785
720 gi|151 14942 15600
721 gi|151 15736 15865
722 gi|151 15916 16239
723 gi|151 19282 19588
724 gi|151 22739 24571
725 gi|151 24718 25278
726 gi|151 28082 28263
727 gi|151 33905 33979
728 gi|151 34076 35963
729 gi|151 36647 39642
730 gi|152 190 3070
731 gi|152 3903 5072
732 gi|152 8349 10219
733 gi|152 14225 14537
734 gi|152 14772 14839
735 gi|152 14907 14998
736 gi|152 15123 15293
737 gi|152 15259 15368
738 gi|152 15688 15812
739 gi|152 16093 16404
740 gi|152 16424 16730
741 gi|152 16740 16835
742 gi|152 16852 17324
743 gi|152 17461 17668
744 gi|152 17662 17722
745 gi|152 18829 19069
746 gi|152 19771 20018
747 gi|152 20028 20288
748 gi|152 20402 20475
749 gi|152 20804 21106
750 gi|152 22377 25932
751 gi|152 26548 26990
752 gi|152 27645 29311
753 gi|152 32764 33412
754 gi|152 33807 34530
755 gi|152 35278 35609
756 gi|152 37286 37613
757 gi|153 621 2136
758 gi|153 15328 15374
759 gi|153 16496 16838
760 gi|153 16709 17505
761 gi|153 18747 19713
762 gi|153 19852 20020
763 gi|153 24682 28122
764 gi|153 29419 29499
765 gi|153 31301 31431
766 gi|153 32209 32313
767 gi|153 34315 35116
768 gi|153 39570 40083
769 gi|154 823 946
770 gi|154 1307 1869
771 gi|154 2169 2310
772 gi|154 11450 11538
773 gi|154 11833 12360
774 gi|154 17301 17522
775 gi|154 17813 20077
776 gi|154 20362 22784
777 gi|154 23720 26408
778 gi|154 28449 30586
779 gi|154 32675 34883
780 gi|155 35 68
781 gi|155 59 187
782 gi|155 582 1224
783 gi|155 2352 2717
784 gi|155 2882 3139
785 gi|155 10552 10611
786 gi|155 13692 13816
787 gi|155 17346 17470
788 gi|155 17640 17715
789 gi|155 22295 22629
790 gi|155 23286 23508
791 gi|155 25106 25335
792 gi|155 28020 28837
793 gi|155 29407 29589
794 gi|155 32585 32855
795 gi|155 37069 38647
796 gi|156 16055 16369
797 gi|156 18696 19141
798 gi|156 20736 21143
799 gi|156 21266 22171
800 gi|156 22232 22341
801 gi|156 28034 28169
802 gi|157 132 485
803 gi|157 456 1077
804 gi|157 1054 1222
805 gi|157 2017 2093
806 gi|157 5426 5781
807 gi|157 5746 5958
808 gi|157 6324 8157
809 gi|157 8429 8816
810 gi|157 9365 9582
811 gi|157 9843 9998
812 gi|157 9997 10113
813 gi|157 10056 10515
814 gi|157 10619 11956
815 gi|157 12007 12722
816 gi|157 12966 13096
817 gi|157 16121 18224
818 gi|157 19716 20940
819 gi|157 21073 21444
820 gi|157 21495 23636
821 gi|157 24711 25366
822 gi|157 28290 28714
823 gi|157 29353 33540
824 gi|157 34206 34408
825 gi|157 35695 39586
826 gi|158 1 869
827 gi|158 1198 1282
828 gi|158 3191 3429
829 gi|158 3428 3491
830 gi|158 3497 3604
831 gi|158 3914 4160
832 gi|158 6158 6556
833 gi|158 6483 6667
834 gi|158 7665 10434
835 gi|158 17233 20202
836 gi|158 21077 21447
837 gi|158 21699 21739
838 gi|158 21740 29335
839 gi|158 29684 31152
840 gi|158 32668 33051
841 gi|158 34361 35362
842 gi|158 35758 40378
843 gi|159 9485 9659
844 gi|159 19613 20383
845 gi|159 34134 34195
846 gi|159 34229 34731
847 gi|159 35443 35984
848 gi|16 7 2925
849 gi|16 1856 4079
850 gi|16 4515 5236
851 gi|16 5235 6105
852 gi|16 8759 8811
853 gi|16 9094 9130
854 gi|16 14934 15965
855 gi|16 19134 19216
856 gi|16 19461 20778
857 gi|16 22175 22331
858 gi|16 22300 22845
859 gi|16 22842 23007
860 gi|16 24434 24592
861 gi|16 24676 25102
862 gi|16 32919 33544
863 gi|16 35891 35998
864 gi|16 36435 36874
865 gi|16 36870 37151
866 gi|160 860 1428
867 gi|160 3051 3249
868 gi|160 9117 9207
869 gi|160 9177 9468
870 gi|160 9695 9997
871 gi|160 16922 17599
872 gi|160 19125 19267
873 gi|160 19925 20209
874 gi|160 20210 20439
875 gi|160 21052 21906
876 gi|160 21877 22464
877 gi|160 25060 30363
878 gi|160 30994 31186
879 gi|160 32235 32565
880 gi|160 32564 32667
881 gi|160 32964 33564
882 gi|160 36315 36388
883 gi|160 36910 37245
884 gi|160 37985 38202
885 gi|161 1082 2071
886 gi|161 2085 2228
887 gi|161 2236 3276
888 gi|161 3348 3491
889 gi|161 3449 7457
890 gi|161 7595 8711
891 gi|161 8704 8810
892 gi|161 8818 8952
893 gi|161 27911 28023
894 gi|161 27992 28253
895 gi|162 3154 3439
896 gi|162 4516 5904
897 gi|162 5906 5998
898 gi|162 9019 9394
899 gi|162 10004 10250
900 gi|162 10837 10983
901 gi|162 11500 11657
902 gi|162 12458 12694
903 gi|162 13270 13561
904 gi|162 15264 15635
905 gi|162 16131 16308
906 gi|162 16874 16963
907 gi|162 17571 17808
908 gi|162 18277 18534
909 gi|162 18461 18663
910 gi|162 19607 19786
911 gi|162 19855 19954
912 gi|162 21619 21964
913 gi|162 23997 24145
914 gi|162 24512 24877
915 gi|162 26697 26809
916 gi|162 27478 27757
917 gi|162 29931 30191
918 gi|162 38170 40021
919 gi|163 5305 7740
920 gi|163 7765 7953
921 gi|163 12790 12990
922 gi|163 13509 15321
923 gi|163 16332 18243
924 gi|163 19208 19421
925 gi|163 19499 19742
926 gi|163 19735 20012
927 gi|163 20013 21123
928 gi|163 21108 21347
929 gi|163 21933 22067
930 gi|163 22066 24014
931 gi|163 24423 25654
932 gi|163 33306 33400
933 gi|163 38539 38601
934 gi|164 7043 7334
935 gi|164 7653 10474
936 gi|164 10389 10955
937 gi|164 13424 15099
938 gi|164 19702 19835
939 gi|164 19949 20730
940 gi|164 23480 23581
941 gi|164 27723 27828
942 gi|164 28415 28729
943 gi|164 28727 29548
944 gi|164 30778 30826
945 gi|164 30823 30952
946 gi|164 30957 31215
947 gi|164 31194 32059
948 gi|164 32048 32367
949 gi|164 32408 32505
950 gi|164 32604 35009
951 gi|164 34998 35316
952 gi|164 35543 36808
953 gi|164 39313 40125
954 gi|165 1329 1633
955 gi|165 1630 2124
956 gi|165 2111 2334
957 gi|165 2419 2519
958 gi|165 2655 2811
959 gi|165 3473 3547
960 gi|165 4101 4462
961 gi|165 4459 4493
962 gi|165 25032 25714
963 gi|165 33515 33727
964 gi|165 34064 34116
965 gi|165 34126 34911
966 gi|165 34559 35416
967 gi|165 35073 35800
968 gi|165 36949 37227
969 gi|165 39520 39851
970 gi|166 272 780
971 gi|166 785 1356
972 gi|166 1922 2458
973 gi|166 2451 2507
974 gi|166 26439 27635
975 gi|166 27352 28230
976 gi|166 30607 30650
977 gi|166 31817 32080
978 gi|166 32584 32625
979 gi|166 33961 34460
980 gi|166 34739 35215
981 gi|166 36750 37098
982 gi|166 37595 39118
983 gi|167 1041 1098
984 gi|167 10057 10195
985 gi|167 10336 10532
986 gi|167 11510 11760
987 gi|167 11746 12143
988 gi|167 12297 12347
989 gi|167 13938 14786
990 gi|167 15991 16131
991 gi|167 16317 16387
992 gi|167 16429 16528
993 gi|167 16563 16719
994 gi|167 16718 17668
995 gi|167 18787 19037
996 gi|167 19447 19620
997 gi|167 20075 20736
998 gi|167 20854 21242
999 gi|167 21507 21911
1000 gi|167 21993 22104
1001 gi|167 23342 23625
1002 gi|167 31343 32270
1003 gi|168 1 7294
1004 gi|168 7602 19051
1005 gi|169 11958 12382
1006 gi|169 14935 15052
1007 gi|169 23945 24050
1008 gi|17 887 1219
1009 gi|17 1387 1509
1010 gi|17 1508 1554
1011 gi|17 1626 3777
1012 gi|17 9236 9374
1013 gi|17 9355 10171
1014 gi|17 10221 10942
1015 gi|17 10911 10983
1016 gi|17 11259 12364
1017 gi|17 12750 12846
1018 gi|17 13096 14080
1019 gi|17 14637 14835
1020 gi|17 15181 15346
1021 gi|17 15577 15646
1022 gi|17 18281 18592
1023 gi|17 18940 19141
1024 gi|17 19558 21029
1025 gi|17 22705 23638
1026 gi|17 33690 35169
1027 gi|17 35456 35667
1028 gi|17 36064 37605
1029 gi|17 38233 38736
1030 gi|17 39290 39563
1031 gi|17 39858 39958
1032 gi|170 2497 2753
1033 gi|170 2752 2862
1034 gi|170 2942 3034
1035 gi|170 3199 4114
1036 gi|170 4200 4281
1037 gi|170 4414 4525
1038 gi|170 4474 4657
1039 gi|170 19214 19336
1040 gi|170 20500 20683
1041 gi|170 20856 21506
1042 gi|170 28389 28477
1043 gi|170 28830 29348
1044 gi|171 167 2467
1045 gi|171 2799 12112
1046 gi|171 12434 20370
1047 gi|171 20606 20811
1048 gi|171 21650 21733
1049 gi|171 23870 24169
1050 gi|171 24137 26335
1051 gi|171 27359 28884
1052 gi|171 30356 32201
1053 gi|171 31908 33608
1054 gi|171 33950 37752
1055 gi|171 37999 39474
1056 gi|171 39783 39935
1057 gi|172 1 6655
1058 gi|172 8081 8220
1059 gi|172 8220 8739
1060 gi|172 8723 9264
1061 gi|172 10905 11397
1062 gi|172 13098 13190
1063 gi|172 13367 14090
1064 gi|172 14103 14277
1065 gi|172 14561 15718
1066 gi|172 16363 17030
1067 gi|172 18884 18959
1068 gi|172 19925 20507
1069 gi|172 22562 22743
1070 gi|172 24884 25095
1071 gi|172 25878 26055
1072 gi|172 26749 27191
1073 gi|172 27123 28136
1074 gi|172 29321 29400
1075 gi|172 30143 30319
1076 gi|172 33193 33565
1077 gi|172 33917 34306
1078 gi|172 34576 34758
1079 gi|172 35067 35613
1080 gi|172 35672 35798
1081 gi|172 38696 39046
1082 gi|172 39307 39997
1083 gi|173 2793 3459
1084 gi|173 4115 4229
1085 gi|173 4177 4391
1086 gi|173 4658 4748
1087 gi|173 4750 4890
1088 gi|173 5525 5771
1089 gi|173 5689 5944
1090 gi|173 5929 6798
1091 gi|173 6781 10442
1092 gi|173 10510 14257
1093 gi|173 14254 14490
1094 gi|173 15052 15261
1095 gi|173 15237 15598
1096 gi|173 15933 16011
1097 gi|173 16530 17052
1098 gi|173 17104 17414
1099 gi|173 19466 19760
1100 gi|173 20018 20984
1101 gi|173 22082 22899
1102 gi|173 24778 25482
1103 gi|173 27679 28673
1104 gi|173 37301 37440
1105 gi|173 37434 37594
1106 gi|173 38183 38299
1107 gi|173 39088 39259
1108 gi|174 842 1060
1109 gi|174 1076 1493
1110 gi|174 4823 5069
1111 gi|174 5593 7297
1112 gi|174 8979 10177
1113 gi|174 10792 14586
1114 gi|174 15705 16006
1115 gi|174 16028 16731
1116 gi|174 16744 17886
1117 gi|174 19384 19805
1118 gi|174 34939 35196
1119 gi|174 35375 37865
1120 gi|174 38350 38916
1121 gi|175 1636 2086
1122 gi|175 7193 7520
1123 gi|175 8185 8475
1124 gi|175 22058 22146
1125 gi|175 27576 28318
1126 gi|175 31486 31689
1127 gi|175 35899 36088
1128 gi|175 37259 37349
1129 gi|175 39930 40069
1130 gi|176 1 11417
1131 gi|176 11725 29538
1132 gi|176 29220 30200
1133 gi|177 3757 4800
1134 gi|177 5256 6089
1135 gi|177 6379 7172
1136 gi|177 7483 9535
1137 gi|177 10605 12438
1138 gi|177 12597 12788
1139 gi|177 12965 13274
1140 gi|177 13392 14691
1141 gi|177 23523 23807
1142 gi|177 27711 30983
1143 gi|177 39253 40081
1144 gi|178 1 375
1145 gi|178 375 879
1146 gi|178 948 991
1147 gi|178 983 1919
1148 gi|178 2012 2173
1149 gi|178 2167 2525
1150 gi|178 2520 3363
1151 gi|178 3576 3857
1152 gi|178 3827 4226
1153 gi|178 4315 4363
1154 gi|178 5955 6121
1155 gi|178 13298 13357
1156 gi|178 14444 14517
1157 gi|178 14483 14607
1158 gi|178 17453 17532
1159 gi|178 19511 19626
1160 gi|178 20523 22068
1161 gi|178 22095 22211
1162 gi|178 22190 22514
1163 gi|178 30772 32164
1164 gi|178 34220 34613
1165 gi|178 34612 35139
1166 gi|178 36630 37859
1167 gi|178 37988 38666
1168 gi|178 38919 39336
1169 gi|179 12646 12763
1170 gi|179 28417 28465
1171 gi|179 31574 32002
1172 gi|179 38600 39106
1173 gi|179 39108 40000
1174 gi|18 1 14340
1175 gi|18 13797 28677
1176 gi|180 213 757
1177 gi|180 971 1552
1178 gi|180 1425 1821
1179 gi|180 2022 2592
1180 gi|180 15002 16950
1181 gi|180 17160 18119
1182 gi|180 18281 19037
1183 gi|180 19653 19720
1184 gi|180 19726 20080
1185 gi|180 20404 20491
1186 gi|180 20573 21331
1187 gi|180 21019 22513
1188 gi|180 22512 22585
1189 gi|180 23004 23528
1190 gi|180 23546 25610
1191 gi|180 26888 27539
1192 gi|180 29482 30928
1193 gi|180 32223 32318
1194 gi|180 37921 38446
1195 gi|180 38483 38592
1196 gi|180 38825 40000
1197 gi|181 27 2476
1198 gi|181 2688 3923
1199 gi|181 5664 6283
1200 gi|181 6543 8980
1201 gi|181 9734 10488
1202 gi|181 14579 15455
1203 gi|181 15425 15638
1204 gi|181 16931 17038
1205 gi|181 17348 17769
1206 gi|181 18008 21212
1207 gi|181 25637 25676
1208 gi|181 26102 26320
1209 gi|181 26988 27617
1210 gi|181 27589 28563
1211 gi|181 28587 28665
1212 gi|181 30909 40000
1213 gi|182 2349 2670
1214 gi|182 7265 7496
1215 gi|182 18835 18929
1216 gi|182 22749 22807
1217 gi|182 31210 31443
1218 gi|182 31785 32902
1219 gi|182 37037 37128
1220 gi|182 37534 38664
1221 gi|182 38151 39271
1222 gi|183 1 24189
1223 gi|184 1 41571
1224 gi|185 4598 5388
1225 gi|185 12620 18416
1226 gi|185 28879 28909
1227 gi|185 29199 30434
1228 gi|185 34426 34768
1229 gi|185 34934 37832
1230 gi|185 37987 38776
1231 gi|186 1470 2719
1232 gi|186 3084 3291
1233 gi|186 4524 4605
1234 gi|186 4807 6974
1235 gi|186 9963 10377
1236 gi|186 11099 11451
1237 gi|186 13002 13557
1238 gi|186 13868 14760
1239 gi|186 15839 17638
1240 gi|186 24811 24901
1241 gi|186 28336 28390
1242 gi|186 32858 33111
1243 gi|186 33279 34527
1244 gi|186 38116 39940
1245 gi|187 1111 1437
1246 gi|187 8296 8957
1247 gi|187 10649 11452
1248 gi|187 12645 13483
1249 gi|187 13693 14098
1250 gi|187 17824 17914
1251 gi|187 24045 24297
1252 gi|187 36415 36873
1253 gi|187 37124 39996
1254 gi|188 20665 22584
1255 gi|188 22551 24033
1256 gi|188 24037 24912
1257 gi|188 24924 25192
1258 gi|188 25284 25431
1259 gi|188 25429 29249
1260 gi|188 29250 29680
1261 gi|188 30467 32229
1262 gi|188 32796 33078
1263 gi|188 33752 33843
1264 gi|188 33937 34021
1265 gi|188 34532 36646
1266 gi|188 37775 39894
1267 gi|189 2 5621
1268 gi|189 5929 29282
1269 gi|19 2178 3789
1270 gi|19 3700 3901
1271 gi|19 4206 4295
1272 gi|19 5837 6821
1273 gi|19 6391 7716
1274 gi|19 11985 13740
1275 gi|19 14850 15757
1276 gi|19 15765 16526
1277 gi|19 20541 20960
1278 gi|19 20954 21814
1279 gi|19 21811 22191
1280 gi|19 22201 22437
1281 gi|19 22881 23040
1282 gi|19 24668 25942
1283 gi|19 25926 26334
1284 gi|19 30213 31123
1285 gi|19 31109 31387
1286 gi|19 31309 31620
1287 gi|19 31609 32115
1288 gi|19 31919 32350
1289 gi|19 32574 32777
1290 gi|19 32828 32946
1291 gi|19 32977 33369
1292 gi|19 33369 33660
1293 gi|19 37641 39160
1294 gi|19 39160 39367
1295 gi|190 1 169
1296 gi|190 146 576
1297 gi|190 8032 8351
1298 gi|190 8350 9897
1299 gi|190 9894 10067
1300 gi|190 17535 17916
1301 gi|190 24334 25780
1302 gi|190 32397 34219
1303 gi|190 34217 35614
1304 gi|190 36118 40000
1305 gi|191 5691 5732
1306 gi|191 6148 6254
1307 gi|191 6734 6797
1308 gi|191 6775 6938
1309 gi|191 8850 8921
1310 gi|191 10282 10435
1311 gi|191 10975 11125
1312 gi|191 12753 13991
1313 gi|191 14257 14880
1314 gi|191 15257 15513
1315 gi|191 19232 19779
1316 gi|191 20336 20886
1317 gi|191 24365 24526
1318 gi|191 34335 34409
1319 gi|191 34827 35319
1320 gi|191 36009 36202
1321 gi|191 36855 37461
1322 gi|191 39264 40125
1323 gi|192 4786 4851
1324 gi|192 12390 12482
1325 gi|192 23618 26782
1326 gi|192 27868 27929
1327 gi|192 28299 28362
1328 gi|192 28734 29271
1329 gi|192 33549 33764
1330 gi|192 38104 38548
1331 gi|193 1 1978
1332 gi|193 3270 3541
1333 gi|193 3554 3626
1334 gi|193 9144 9246
1335 gi|193 11943 12316
1336 gi|193 13362 13525
1337 gi|193 13516 13862
1338 gi|193 13859 14391
1339 gi|193 15545 16600
1340 gi|193 17952 17986
1341 gi|193 17972 18164
1342 gi|193 20776 21952
1343 gi|193 21852 22472
1344 gi|193 22310 24032
1345 gi|193 24476 24964
1346 gi|193 25975 27091
1347 gi|193 27691 27861
1348 gi|193 28176 28406
1349 gi|193 36130 36179
1350 gi|194 1 1698
1351 gi|195 1 2701
1352 gi|195 2285 3344
1353 gi|195 3703 3777
1354 gi|195 3767 3851
1355 gi|195 4324 4360
1356 gi|195 6505 6773
1357 gi|195 6804 9858
1358 gi|195 18462 19412
1359 gi|195 19851 20171
1360 gi|195 39712 39864
1361 gi|196 1681 1878
1362 gi|196 2370 12919
1363 gi|196 16886 17084
1364 gi|196 17576 30236
1365 gi|196 30043 30619
1366 gi|196 30599 30799
1367 gi|196 30773 30940
1368 gi|196 31006 33817
1369 gi|196 34132 34373
1370 gi|196 36514 40253
1371 gi|196 40249 40378
1372 gi|197 379 1639
1373 gi|197 2390 2483
1374 gi|197 8604 9843
1375 gi|197 9968 15465
1376 gi|197 15824 19319
1377 gi|197 19301 20105
1378 gi|197 20587 25546
1379 gi|197 25531 27818
1380 gi|197 30582 30698
1381 gi|197 30823 31113
1382 gi|197 31216 32536
1383 gi|197 33583 34127
1384 gi|197 35692 37371
1385 gi|197 37377 37501
1386 gi|197 37871 37938
1387 gi|197 37917 38168
1388 gi|197 38152 38619
1389 gi|197 38688 38737
1390 gi|197 39758 40026
1391 gi|198 1 12186
1392 gi|198 12494 14682
1393 gi|199 1 581
1394 gi|199 747 1545
1395 gi|199 1546 2142
1396 gi|199 1995 4504
1397 gi|199 5015 5782
1398 gi|199 6047 20011
1399 gi|199 22374 23272
1400 gi|199 23802 24185
1401 gi|199 26127 26459
1402 gi|199 26451 26690
1403 gi|199 29184 29239
1404 gi|199 29418 29559
1405 gi|199 29613 29694
1406 gi|199 30109 30456
1407 gi|199 30963 32402
1408 gi|199 36103 36282
1409 gi|199 37261 40000
1410 gi|2 5150 5877
1411 gi|2 6164 6262
1412 gi|2 8721 8844
1413 gi|2 8783 8937
1414 gi|2 10967 11328
1415 gi|2 11863 11937
1416 gi|2 12123 12474
1417 gi|2 12770 13332
1418 gi|2 13555 15091
1419 gi|2 17431 17502
1420 gi|2 23337 25340
1421 gi|2 26722 26770
1422 gi|2 32971 33102
1423 gi|2 34267 34482
1424 gi|2 36084 36643
1425 gi|2 37403 40000
1426 gi|20 8916 9024
1427 gi|20 9888 10005
1428 gi|200 2812 5507
1429 gi|200 5603 6069
1430 gi|200 7339 7399
1431 gi|200 7815 7916
1432 gi|200 8694 9226
1433 gi|200 16659 16806
1434 gi|200 34907 34941
1435 gi|200 36477 36597
1436 gi|201 113 244
1437 gi|201 829 1830
1438 gi|201 2489 3972
1439 gi|201 4148 4408
1440 gi|201 4566 6892
1441 gi|201 8006 8945
1442 gi|201 9071 9157
1443 gi|201 15192 15379
1444 gi|201 16392 17305
1445 gi|201 17340 17423
1446 gi|201 17543 17588
1447 gi|201 22290 22394
1448 gi|201 27998 28155
1449 gi|201 31531 32575
1450 gi|201 32592 32673
1451 gi|201 36587 37101
1452 gi|201 37945 38536
1453 gi|201 39871 39995
1454 gi|202 1 1893
1455 gi|202 2061 3110
1456 gi|202 3093 3200
1457 gi|202 7497 7728
1458 gi|202 9276 9311
1459 gi|202 9299 10153
1460 gi|202 10313 11489
1461 gi|202 11507 13217
1462 gi|202 13844 14232
1463 gi|202 14347 15584
1464 gi|202 15963 16837
1465 gi|202 20019 21140
1466 gi|202 21153 22987
1467 gi|202 23515 25049
1468 gi|202 25253 26087
1469 gi|202 25869 26453
1470 gi|202 27366 29072
1471 gi|202 29596 29704
1472 gi|202 29685 30524
1473 gi|202 30773 30903
1474 gi|202 33598 33783
1475 gi|203 1 759
1476 gi|203 1905 2379
1477 gi|203 2977 3759
1478 gi|203 4246 4487
1479 gi|203 6083 6324
1480 gi|203 6459 8342
1481 gi|203 9894 10016
1482 gi|203 11371 11753
1483 gi|203 16386 16498
1484 gi|203 17790 18217
1485 gi|203 19600 20069
1486 gi|203 20534 21015
1487 gi|203 23593 24290
1488 gi|203 24217 24440
1489 gi|203 25464 26985
1490 gi|203 27524 31173
1491 gi|203 31503 31638
1492 gi|203 36916 37998
1493 gi|204 460 1387
1494 gi|204 2295 2443
1495 gi|204 2439 2936
1496 gi|204 3893 3985
1497 gi|204 4040 4991
1498 gi|204 5007 5250
1499 gi|204 5417 5510
1500 gi|204 5744 6709
1501 gi|204 7991 10878
1502 gi|204 11298 11741
1503 gi|204 11753 11807
1504 gi|204 11953 14885
1505 gi|204 15364 16808
1506 gi|204 17184 17347
1507 gi|204 17474 17733
1508 gi|204 23332 23434
1509 gi|204 24534 24693
1510 gi|204 26800 27773
1511 gi|204 28062 28267
1512 gi|204 28384 30399
1513 gi|204 29781 33012
1514 gi|204 32715 36532
1515 gi|204 36580 36669
1516 gi|204 38479 38569
1517 gi|204 39010 39516
1518 gi|205 2187 2326
1519 gi|205 35447 36535
1520 gi|205 37565 37956
1521 gi|205 38204 38327
1522 gi|205 38661 38712
1523 gi|205 39542 39785
1524 gi|206 5374 5547
1525 gi|206 15936 16079
1526 gi|206 16715 16911
1527 gi|207 1302 2002
1528 gi|207 11703 11765
1529 gi|208 348 2679
1530 gi|208 3431 3917
1531 gi|208 4118 4320
1532 gi|208 5117 5307
1533 gi|208 5308 6728
1534 gi|208 6699 6994
1535 gi|208 7475 7570
1536 gi|208 8892 9115
1537 gi|208 9470 9590
1538 gi|208 16698 16819
1539 gi|208 20674 20902
1540 gi|208 21371 21599
1541 gi|208 22138 23565
1542 gi|208 34152 35068
1543 gi|208 35458 37168
1544 gi|208 37149 37202
1545 gi|208 37482 39414
1546 gi|208 39483 39680
1547 gi|209 1 128
1548 gi|209 1179 1632
1549 gi|209 1618 1985
1550 gi|209 1963 2450
1551 gi|209 3475 4075
1552 gi|209 4515 5173
1553 gi|209 5301 5383
1554 gi|209 6810 6965
1555 gi|209 7191 7378
1556 gi|209 7481 7590
1557 gi|209 18100 18426
1558 gi|209 18294 18620
1559 gi|209 18621 19126
1560 gi|209 19367 19873
1561 gi|209 25258 25435
1562 gi|209 25432 25822
1563 gi|209 25870 25925
1564 gi|209 35506 35637
1565 gi|21 5786 6023
1566 gi|21 6236 6429
1567 gi|21 13002 14472
1568 gi|21 16411 16579
1569 gi|21 17456 18622
1570 gi|21 28766 28993
1571 gi|21 31619 31665
1572 gi|21 33016 33158
1573 gi|210 1 5454
1574 gi|211 1444 1569
1575 gi|211 4125 4528
1576 gi|211 4480 5326
1577 gi|211 5330 5839
1578 gi|211 5917 7405
1579 gi|211 7463 7674
1580 gi|211 8163 8669
1581 gi|211 8452 9827
1582 gi|211 10078 10229
1583 gi|211 10225 10581
1584 gi|211 10576 12878
1585 gi|211 13327 15537
1586 gi|211 14780 16666
1587 gi|211 16677 17028
1588 gi|211 17078 17366
1589 gi|211 17447 17510
1590 gi|211 17554 17901
1591 gi|211 18286 20123
1592 gi|211 20139 20261
1593 gi|211 20536 20661
1594 gi|211 20975 22432
1595 gi|211 22802 25126
1596 gi|211 25582 27684
1597 gi|211 26981 29341
1598 gi|211 28857 29923
1599 gi|211 29682 31027
1600 gi|211 30868 31305
1601 gi|211 31482 32986
1602 gi|211 33327 34832
1603 gi|211 35804 35852
1604 gi|211 37458 37488
1605 gi|211 38120 39571
1606 gi|211 39874 39981
1607 gi|212 4753 5836
1608 gi|212 5793 6917
1609 gi|212 8243 8429
1610 gi|212 10130 11122
1611 gi|212 13390 14190
1612 gi|212 14106 14416
1613 gi|212 14588 17422
1614 gi|212 17898 19646
1615 gi|212 22587 22622
1616 gi|212 23421 24914
1617 gi|212 24953 25040
1618 gi|212 32266 33242
1619 gi|212 33787 35793
1620 gi|212 37143 37330
1621 gi|212 39030 40000
1622 gi|213 1 30722
1623 gi|214 27173 27212
1624 gi|214 27487 27571
1625 gi|214 27941 28234
1626 gi|214 28748 28872
1627 gi|214 28974 34702
1628 gi|214 35000 38084
1629 gi|214 38221 38259
1630 gi|215 7068 7950
1631 gi|215 17640 21210
1632 gi|215 21390 24689
1633 gi|215 25214 25387
1634 gi|216 1262 1560
1635 gi|216 1833 1949
1636 gi|216 3315 3488
1637 gi|216 3817 4037
1638 gi|216 13107 13337
1639 gi|216 15577 15915
1640 gi|216 17992 18615
1641 gi|216 18614 21758
1642 gi|216 34153 34297
1643 gi|216 34950 35247
1644 gi|216 35248 37909
1645 gi|216 37917 38154
1646 gi|216 38343 38604
1647 gi|216 38864 39300
1648 gi|216 39833 39986
1649 gi|217 2099 2513
1650 gi|217 3414 3708
1651 gi|217 11476 11754
1652 gi|217 12669 13256
1653 gi|217 22967 23174
1654 gi|217 23227 24550
1655 gi|217 28863 29184
1656 gi|217 30595 30801
1657 gi|217 32040 32234
1658 gi|217 35918 36750
1659 gi|217 37148 37275
1660 gi|217 37579 37629
1661 gi|217 37618 37831
1662 gi|218 3565 3999
1663 gi|218 4057 5064
1664 gi|218 24628 24763
1665 gi|218 39823 40021
1666 gi|219 4 1183
1667 gi|219 1181 1316
1668 gi|219 2070 2652
1669 gi|219 2964 3375
1670 gi|219 4726 4848
1671 gi|219 4840 6301
1672 gi|219 7801 7880
1673 gi|219 9825 9940
1674 gi|219 26112 26153
1675 gi|219 26323 29623
1676 gi|219 30537 30924
1677 gi|219 31297 35691
1678 gi|219 39499 39576
1679 gi|22 1 1714
1680 gi|220 17337 17558
1681 gi|220 17885 18085
1682 gi|220 18223 18577
1683 gi|220 18789 18883
1684 gi|221 2502 2590
1685 gi|221 6231 6402
1686 gi|221 6379 7455
1687 gi|221 7459 7765
1688 gi|221 7766 8447
1689 gi|221 8557 8817
1690 gi|221 8965 9268
1691 gi|221 9363 9430
1692 gi|221 14862 15172
1693 gi|221 16432 16755
1694 gi|221 17738 18028
1695 gi|221 35490 36066
1696 gi|221 36871 37639
1697 gi|221 38078 38577
1698 gi|222 7610 7692
1699 gi|222 8750 8799
1700 gi|222 9848 9919
1701 gi|222 10300 10480
1702 gi|222 19277 20143
1703 gi|222 25667 25734
1704 gi|223 449 2157
1705 gi|223 4610 4755
1706 gi|223 10550 11990
1707 gi|223 16304 16545
1708 gi|223 16962 17013
1709 gi|223 17119 19942
1710 gi|223 19998 20056
1711 gi|223 20053 20090
1712 gi|223 26046 26319
1713 gi|223 28194 28288
1714 gi|224 2797 2881
1715 gi|224 25935 27220
1716 gi|224 27888 28546
1717 gi|224 29111 29525
1718 gi|224 29709 29837
1719 gi|224 30164 31392
1720 gi|224 33041 34379
1721 gi|224 35064 35166
1722 gi|224 35298 36834
1723 gi|225 2192 3562
1724 gi|225 3647 3877
1725 gi|225 3869 3951
1726 gi|225 4240 4316
1727 gi|225 4324 4463
1728 gi|225 5845 5888
1729 gi|225 6267 6423
1730 gi|225 7009 7088
1731 gi|225 7281 7795
1732 gi|225 12270 12327
1733 gi|225 13566 13700
1734 gi|225 15927 16696
1735 gi|225 18430 18499
1736 gi|225 19472 19761
1737 gi|225 20144 20251
1738 gi|225 21365 22143
1739 gi|225 22884 23154
1740 gi|225 28569 28668
1741 gi|225 28661 28713
1742 gi|225 29683 30079
1743 gi|225 30056 30313
1744 gi|225 30409 30559
1745 gi|225 30790 31891
1746 gi|225 31903 31974
1747 gi|225 32824 32898
1748 gi|225 34809 35797
1749 gi|225 35917 36821
1750 gi|225 36821 37268
1751 gi|225 38509 38963
1752 gi|225 39381 39588
1753 gi|225 39534 39974
1754 gi|226 213 751
1755 gi|226 1259 2066
1756 gi|226 2145 2284
1757 gi|226 2858 2951
1758 gi|226 3185 3427
1759 gi|226 3409 3812
1760 gi|226 4027 5081
1761 gi|226 5502 5616
1762 gi|226 6305 6839
1763 gi|226 7144 8333
1764 gi|226 9669 10468
1765 gi|226 12367 12456
1766 gi|226 14851 15876
1767 gi|226 15897 16384
1768 gi|226 16228 16625
1769 gi|226 16667 17275
1770 gi|226 17611 18059
1771 gi|226 18635 18725
1772 gi|226 22400 22488
1773 gi|226 25760 26436
1774 gi|226 26747 27368
1775 gi|226 28318 28976
1776 gi|226 30801 33033
1777 gi|226 33548 34527
1778 gi|226 35234 36221
1779 gi|226 36217 36705
1780 gi|226 37988 38317
1781 gi|226 38869 39137
1782 gi|226 39477 40000
1783 gi|227 1 23166
1784 gi|228 119 433
1785 gi|228 6357 7145
1786 gi|228 10113 11325
1787 gi|228 11885 12020
1788 gi|228 12078 13959
1789 gi|228 17830 18063
1790 gi|228 18519 18655
1791 gi|228 20209 21928
1792 gi|228 21885 22638
1793 gi|228 23556 23647
1794 gi|228 24103 24305
1795 gi|228 24303 24461
1796 gi|228 25389 25555
1797 gi|228 25779 25959
1798 gi|228 25980 26300
1799 gi|228 26472 26671
1800 gi|228 27359 27677
1801 gi|228 33773 33859
1802 gi|228 34692 34781
1803 gi|228 36822 37355
1804 gi|228 38290 38332
1805 gi|228 39365 39831
1806 gi|229 198 1196
1807 gi|229 10615 10870
1808 gi|229 11244 11344
1809 gi|229 11393 13321
1810 gi|229 13603 14383
1811 gi|229 14621 14830
1812 gi|229 16616 17121
1813 gi|229 17128 17169
1814 gi|229 17821 18256
1815 gi|229 20334 21992
1816 gi|229 21582 22495
1817 gi|229 22923 23214
1818 gi|229 24253 24627
1819 gi|229 26546 27033
1820 gi|229 27016 27362
1821 gi|229 27380 27641
1822 gi|229 28564 28697
1823 gi|229 32746 34510
1824 gi|229 34098 35693
1825 gi|229 36765 37130
1826 gi|229 38734 38771
1827 gi|229 39093 39354
1828 gi|23 7715 8142
1829 gi|23 8197 8794
1830 gi|23 8953 9613
1831 gi|23 11424 11573
1832 gi|23 11884 13196
1833 gi|23 13660 13976
1834 gi|23 15449 16421
1835 gi|23 16791 16951
1836 gi|23 17614 17808
1837 gi|23 20879 20953
1838 gi|23 23484 23633
1839 gi|23 24581 24645
1840 gi|23 24883 24999
1841 gi|23 31290 31512
1842 gi|23 32987 33055
1843 gi|230 8161 8270
1844 gi|230 8253 8486
1845 gi|230 9574 9634
1846 gi|230 10350 10466
1847 gi|230 10670 12179
1848 gi|230 15652 16831
1849 gi|230 17608 18506
1850 gi|230 22720 23206
1851 gi|230 23197 23494
1852 gi|230 23488 23592
1853 gi|230 25873 26137
1854 gi|230 26412 26900
1855 gi|230 27175 27276
1856 gi|230 27273 27442
1857 gi|230 28080 28652
1858 gi|230 29026 29871
1859 gi|230 34486 34606
1860 gi|230 34908 35177
1861 gi|230 35719 36964
1862 gi|230 37090 37699
1863 gi|231 38 149
1864 gi|231 170 349
1865 gi|231 339 712
1866 gi|231 1436 2080
1867 gi|231 3617 3764
1868 gi|231 4216 5546
1869 gi|231 5834 7708
1870 gi|231 7705 8036
1871 gi|231 8038 8221
1872 gi|231 8402 8543
1873 gi|231 8768 8938
1874 gi|231 8946 9013
1875 gi|231 9275 9932
1876 gi|231 9939 10116
1877 gi|231 10425 11755
1878 gi|231 12005 12297
1879 gi|231 19502 19672
1880 gi|231 19690 20458
1881 gi|231 20710 23438
1882 gi|231 24339 25381
1883 gi|231 25613 26590
1884 gi|231 27152 27195
1885 gi|231 27370 27537
1886 gi|231 27937 27993
1887 gi|231 29800 30113
1888 gi|232 2568 2730
1889 gi|232 2889 2943
1890 gi|232 3084 3423
1891 gi|232 3434 3744
1892 gi|232 4140 4202
1893 gi|232 4390 4628
1894 gi|232 4674 4790
1895 gi|232 8518 8766
1896 gi|232 10937 12517
1897 gi|232 12510 13377
1898 gi|232 13365 13454
1899 gi|232 15200 15634
1900 gi|232 16835 16908
1901 gi|232 17134 17373
1902 gi|232 17355 17859
1903 gi|232 18227 18433
1904 gi|232 18432 18638
1905 gi|232 18764 19129
1906 gi|232 19129 19457
1907 gi|232 19596 19658
1908 gi|232 19971 20186
1909 gi|232 23314 23571
1910 gi|232 25683 25782
1911 gi|232 27478 27513
1912 gi|233 668 1501
1913 gi|233 3674 5149
1914 gi|233 6527 6583
1915 gi|233 7110 8559
1916 gi|233 9142 10635
1917 gi|233 11848 13358
1918 gi|233 13911 14275
1919 gi|233 14563 14877
1920 gi|233 15014 15645
1921 gi|233 22958 23342
1922 gi|233 24283 26151
1923 gi|233 26406 26571
1924 gi|233 33570 34755
1925 gi|233 35379 36614
1926 gi|233 37410 38601
1927 gi|234 1 740
1928 gi|234 5099 6078
1929 gi|234 7199 7470
1930 gi|234 17071 17181
1931 gi|234 18082 18137
1932 gi|234 19148 19469
1933 gi|234 20119 20285
1934 gi|234 20873 21029
1935 gi|234 21629 22057
1936 gi|234 22551 23109
1937 gi|234 29514 29750
1938 gi|234 30715 31064
1939 gi|234 32115 32308
1940 gi|234 32237 32549
1941 gi|234 32506 32861
1942 gi|234 33367 35264
1943 gi|234 36107 36239
1944 gi|235 1 29083
1945 gi|235 29391 32911
1946 gi|236 2618 3803
1947 gi|236 4333 4588
1948 gi|236 4892 7199
1949 gi|236 7926 8138
1950 gi|236 8537 8925
1951 gi|236 9199 14493
1952 gi|236 15566 16976
1953 gi|236 17101 17471
1954 gi|236 18118 22750
1955 gi|236 23008 23995
1956 gi|236 23991 24881
1957 gi|236 24934 25078
1958 gi|236 26985 27074
1959 gi|236 28936 29723
1960 gi|236 29846 30424
1961 gi|236 30498 34833
1962 gi|236 35396 35618
1963 gi|236 35734 36135
1964 gi|236 36781 36863
1965 gi|236 36972 38922
1966 gi|236 39168 39915
1967 gi|237 2741 2798
1968 gi|237 3135 3270
1969 gi|237 7370 7499
1970 gi|237 12248 12498
1971 gi|237 19959 20191
1972 gi|237 20393 20533
1973 gi|237 27550 27676
1974 gi|237 28224 28322
1975 gi|238 2 8900
1976 gi|238 9208 41698
1977 gi|239 776 992
1978 gi|239 12738 12947
1979 gi|239 12934 14268
1980 gi|239 15140 15183
1981 gi|239 21066 22049
1982 gi|239 22574 22688
1983 gi|239 23255 24789
1984 gi|239 25382 26324
1985 gi|239 26245 26476
1986 gi|239 27620 29036
1987 gi|239 29665 29761
1988 gi|239 30701 30919
1989 gi|239 31382 31421
1990 gi|239 34273 34575
1991 gi|239 37687 39938
1992 gi|24 2207 2409
1993 gi|24 3762 4656
1994 gi|24 4494 4823
1995 gi|24 5906 6181
1996 gi|24 8106 8915
1997 gi|24 9356 9810
1998 gi|24 9809 9976
1999 gi|24 16472 16809
2000 gi|24 18212 18266
2001 gi|24 26810 28148
2002 gi|240 10407 11064
2003 gi|240 12202 12537
2004 gi|240 12532 14236
2005 gi|240 14081 16657
2006 gi|240 16657 16931
2007 gi|240 16950 19385
2008 gi|240 19380 19839
2009 gi|240 20418 21726
2010 gi|240 21901 23614
2011 gi|240 23015 24650
2012 gi|240 25138 25858
2013 gi|240 28977 29088
2014 gi|240 29091 29216
2015 gi|240 30123 30264
2016 gi|240 32297 32343
2017 gi|240 32710 32781
2018 gi|240 33325 34782
2019 gi|240 34882 36438
2020 gi|240 36759 36887
2021 gi|240 37381 38085
2022 gi|240 38416 39893
2023 gi|241 2534 2633
2024 gi|241 6498 6589
2025 gi|241 24647 25310
2026 gi|241 26061 26463
2027 gi|242 808 916
2028 gi|243 1 1015
2029 gi|243 1458 1674
2030 gi|243 2843 3382
2031 gi|243 3272 4148
2032 gi|243 6357 6447
2033 gi|243 6808 7200
2034 gi|243 8658 8822
2035 gi|243 10362 10427
2036 gi|243 10472 10548
2037 gi|243 10572 12543
2038 gi|243 13512 14267
2039 gi|243 15857 16640
2040 gi|243 19186 21020
2041 gi|243 21125 21577
2042 gi|243 22332 22715
2043 gi|243 24155 24475
2044 gi|243 25222 25410
2045 gi|243 25717 26322
2046 gi|243 31809 32589
2047 gi|243 36473 39319
2048 gi|243 39533 39755
2049 gi|244 234 808
2050 gi|244 1073 1335
2051 gi|244 10385 10509
2052 gi|244 11424 11866
2053 gi|244 12242 13039
2054 gi|244 18711 19193
2055 gi|244 19554 19621
2056 gi|244 20897 21053
2057 gi|244 22393 22487
2058 gi|244 22670 22838
2059 gi|244 23031 23175
2060 gi|244 30207 31097
2061 gi|244 32289 32538
2062 gi|245 9369 9406
2063 gi|245 12341 12525
2064 gi|245 29496 29601
2065 gi|246 256 318
2066 gi|246 953 4476
2067 gi|246 5851 6336
2068 gi|246 9565 9865
2069 gi|246 11657 12256
2070 gi|246 12705 13216
2071 gi|246 13384 15874
2072 gi|246 17609 19071
2073 gi|246 25124 28529
2074 gi|246 28872 31505
2075 gi|246 32443 40000
2076 gi|247 4622 6182
2077 gi|247 7118 8682
2078 gi|247 9562 9630
2079 gi|247 26420 26521
2080 gi|247 29509 29596
2081 gi|247 29859 29929
2082 gi|247 34080 34188
2083 gi|248 846 1280
2084 gi|248 14671 15101
2085 gi|248 28251 28873
2086 gi|248 29127 29294
2087 gi|248 29629 29751
2088 gi|248 29842 29875
2089 gi|248 30497 30530
2090 gi|248 30617 30743
2091 gi|248 38120 38742
2092 gi|248 38757 39099
2093 gi|249 1184 1995
2094 gi|249 2936 3744
2095 gi|249 3863 3924
2096 gi|249 3971 4519
2097 gi|249 5505 6255
2098 gi|249 6986 7180
2099 gi|249 12288 12592
2100 gi|249 14508 14578
2101 gi|249 15700 15839
2102 gi|249 18952 19189
2103 gi|249 19189 21810
2104 gi|249 24459 24493
2105 gi|249 24878 24967
2106 gi|249 26351 26438
2107 gi|249 27358 27513
2108 gi|249 39718 39877
2109 gi|250 1 2426
2110 gi|250 3962 4061
2111 gi|250 9307 9359
2112 gi|250 20567 20649
2113 gi|250 20621 27576
2114 gi|250 29467 29556
2115 gi|250 31430 32251
2116 gi|250 32920 32950
2117 gi|250 32947 33734
2118 gi|250 34859 35067
2119 gi|250 35412 36102
2120 gi|250 36283 36665
2121 gi|250 36654 40130
2122 gi|251 1303 1395
2123 gi|251 6829 6965
2124 gi|251 13471 14059
2125 gi|251 20176 20308
2126 gi|251 35643 37528
2127 gi|251 37964 38096
2128 gi|251 38310 38424
2129 gi|252 15500 15654
2130 gi|252 17550 19041
2131 gi|252 19013 19100
2132 gi|252 21304 21396
2133 gi|252 21418 21934
2134 gi|252 22559 22648
2135 gi|252 23616 23822
2136 gi|252 24389 24593
2137 gi|252 24598 24977
2138 gi|252 25623 25968
2139 gi|252 25960 26017
2140 gi|252 26028 26077
2141 gi|252 28026 28459
2142 gi|252 28655 29087
2143 gi|252 29249 29329
2144 gi|252 29598 29752
2145 gi|252 29834 29900
2146 gi|252 34056 34126
2147 gi|252 34559 36298
2148 gi|252 36667 37580
2149 gi|252 38491 38604
2150 gi|252 38672 38765
2151 gi|253 220 719
2152 gi|253 1347 1389
2153 gi|253 2812 3204
2154 gi|253 6107 7263
2155 gi|253 8052 8666
2156 gi|253 8858 9172
2157 gi|253 9419 10297
2158 gi|253 10439 11380
2159 gi|253 11371 12465
2160 gi|253 12450 12923
2161 gi|253 13454 13966
2162 gi|253 16916 17658
2163 gi|253 17839 18043
2164 gi|253 18172 18319
2165 gi|253 32161 32468
2166 gi|253 33752 33852
2167 gi|253 35179 35499
2168 gi|253 35496 36230
2169 gi|253 36650 36756
2170 gi|253 37013 37310
2171 gi|253 38537 38648
2172 gi|253 38599 38909
2173 gi|253 38905 39320
2174 gi|254 1966 2163
2175 gi|254 8255 8334
2176 gi|254 33278 33418
2177 gi|254 33564 33927
2178 gi|254 33888 34271
2179 gi|254 35302 36095
2180 gi|254 39328 40021
2181 gi|255 5239 5398
2182 gi|255 5387 5428
2183 gi|255 5452 5857
2184 gi|255 5782 6227
2185 gi|255 6278 6513
2186 gi|255 6874 8148
2187 gi|255 8385 8482
2188 gi|255 12947 13439
2189 gi|255 13447 13516
2190 gi|255 14531 15138
2191 gi|255 15159 15255
2192 gi|255 15269 15727
2193 gi|255 15912 16137
2194 gi|255 18730 20825
2195 gi|255 21050 21167
2196 gi|255 21377 21703
2197 gi|255 22168 22383
2198 gi|255 22949 23576
2199 gi|255 23597 23693
2200 gi|255 23706 24405
2201 gi|255 24349 24569
2202 gi|255 25204 25666
2203 gi|255 25839 26514
2204 gi|255 26589 26676
2205 gi|255 26702 26857
2206 gi|255 29545 29610
2207 gi|255 35220 35344
2208 gi|255 35489 36411
2209 gi|255 36455 38436
2210 gi|255 38666 38844
2211 gi|256 6404 6603
2212 gi|256 6537 6700
2213 gi|256 6907 7485
2214 gi|256 11044 11114
2215 gi|256 12517 13001
2216 gi|256 13688 13850
2217 gi|256 23755 24126
2218 gi|256 29789 29867
2219 gi|256 36497 37070
2220 gi|257 3297 3444
2221 gi|257 3687 3828
2222 gi|257 6091 6154
2223 gi|257 36557 37109
2224 gi|258 1 2117
2225 gi|258 2149 2816
2226 gi|258 2815 3171
2227 gi|258 3169 3660
2228 gi|258 3659 3715
2229 gi|258 4788 4910
2230 gi|258 5732 5859
2231 gi|258 5855 6458
2232 gi|258 6457 6626
2233 gi|258 6803 9228
2234 gi|258 9837 9917
2235 gi|258 10046 10181
2236 gi|258 10413 10690
2237 gi|258 11681 14203
2238 gi|258 14492 14639
2239 gi|258 14639 14861
2240 gi|258 15200 15841
2241 gi|258 17729 18376
2242 gi|258 19471 20112
2243 gi|258 22515 23160
2244 gi|258 27178 27269
2245 gi|258 29728 30365
2246 gi|258 31934 32583
2247 gi|258 35885 37473
2248 gi|259 4430 4831
2249 gi|259 5575 6145
2250 gi|259 6425 6579
2251 gi|259 8620 8954
2252 gi|259 8933 9173
2253 gi|259 9166 14068
2254 gi|259 14061 14152
2255 gi|259 14136 14266
2256 gi|259 14261 15237
2257 gi|259 18358 18593
2258 gi|259 31563 31766
2259 gi|259 33492 34126
2260 gi|259 35144 35635
2261 gi|259 36177 37320
2262 gi|259 37307 37896
2263 gi|259 38218 39123
2264 gi|259 39443 40173
2265 gi|26 14608 14832
2266 gi|26 15112 15230
2267 gi|26 23744 26364
2268 gi|26 28223 28460
2269 gi|26 28725 28855
2270 gi|26 28854 29109
2271 gi|26 29268 29961
2272 gi|26 31590 33639
2273 gi|26 35206 35721
2274 gi|260 1 38
2275 gi|260 479 584
2276 gi|260 1718 1822
2277 gi|260 2015 2152
2278 gi|260 2155 3528
2279 gi|260 3486 3617
2280 gi|260 9699 11472
2281 gi|260 12604 13916
2282 gi|260 14758 16470
2283 gi|260 17203 18707
2284 gi|260 19882 20113
2285 gi|260 20367 20538
2286 gi|260 20556 20770
2287 gi|260 20762 20824
2288 gi|260 21304 21553
2289 gi|260 21934 22023
2290 gi|260 22191 24915
2291 gi|260 30260 30423
2292 gi|260 30342 31865
2293 gi|260 32362 32500
2294 gi|260 33930 34611
2295 gi|260 34890 35389
2296 gi|260 36725 36766
2297 gi|260 37081 37128
2298 gi|260 39505 40378
2299 gi|261 1877 2003
2300 gi|261 2339 2659
2301 gi|261 3699 3852
2302 gi|261 4295 4339
2303 gi|261 4481 7069
2304 gi|261 7654 9919
2305 gi|261 10526 10595
2306 gi|261 11729 12175
2307 gi|261 12124 12818
2308 gi|261 12995 15691
2309 gi|261 15689 16234
2310 gi|261 16229 18715
2311 gi|261 19220 19760
2312 gi|261 19760 19863
2313 gi|261 19850 20096
2314 gi|261 20133 20608
2315 gi|261 21579 22019
2316 gi|261 22284 23046
2317 gi|261 23547 23717
2318 gi|261 28323 28687
2319 gi|261 34455 34577
2320 gi|261 35077 35609
2321 gi|261 37167 37979
2322 gi|261 38781 38854
2323 gi|261 38849 40081
2324 gi|262 165 207
2325 gi|262 447 750
2326 gi|262 734 1223
2327 gi|262 1585 1694
2328 gi|262 2032 2151
2329 gi|262 2537 2901
2330 gi|262 3534 3582
2331 gi|262 5074 5355
2332 gi|262 5709 6017
2333 gi|262 6000 6080
2334 gi|262 6283 6417
2335 gi|262 6433 6505
2336 gi|262 24250 24346
2337 gi|263 20768 20858
2338 gi|263 22444 22645
2339 gi|263 22645 25612
2340 gi|263 25622 26445
2341 gi|263 26444 27049
2342 gi|263 33590 33704
2343 gi|264 753 1009
2344 gi|264 2896 3106
2345 gi|264 4022 4969
2346 gi|264 5232 5828
2347 gi|264 5676 6701
2348 gi|264 10828 11091
2349 gi|264 16079 16906
2350 gi|264 17387 18181
2351 gi|264 18489 18720
2352 gi|264 24492 24755
2353 gi|264 29085 29168
2354 gi|264 31226 32166
2355 gi|264 32077 33267
2356 gi|264 33596 34158
2357 gi|264 34325 38633
2358 gi|264 39558 39990
2359 gi|265 4150 5580
2360 gi|265 5774 7459
2361 gi|265 8287 8647
2362 gi|265 10191 10313
2363 gi|265 18916 19020
2364 gi|265 22992 23392
2365 gi|265 23606 24021
2366 gi|265 36324 36415
2367 gi|266 1202 1601
2368 gi|266 5851 7385
2369 gi|266 8332 8901
2370 gi|266 10397 10647
2371 gi|266 12699 13077
2372 gi|266 12938 13460
2373 gi|266 14179 15157
2374 gi|266 15155 15508
2375 gi|266 15496 15975
2376 gi|266 16015 16170
2377 gi|266 16185 16345
2378 gi|266 16537 16784
2379 gi|266 16918 17033
2380 gi|266 17949 18272
2381 gi|266 18672 19001
2382 gi|266 18942 19199
2383 gi|266 19647 20198
2384 gi|266 21722 21962
2385 gi|266 24311 24686
2386 gi|266 24929 25343
2387 gi|266 25386 26516
2388 gi|266 29242 29345
2389 gi|266 31573 31915
2390 gi|266 32263 32524
2391 gi|266 32516 32620
2392 gi|266 32581 33127
2393 gi|266 33853 34091
2394 gi|266 37085 37335
2395 gi|266 37260 38995
2396 gi|267 63 472
2397 gi|267 937 1092
2398 gi|267 1080 1169
2399 gi|267 1187 1377
2400 gi|267 2217 2538
2401 gi|267 16173 17858
2402 gi|267 18703 18774
2403 gi|267 24547 24650
2404 gi|267 26410 26730
2405 gi|267 26933 27448
2406 gi|267 28107 28278
2407 gi|267 37084 37215
2408 gi|267 37927 38118
2409 gi|267 38214 38481
2410 gi|268 632 780
2411 gi|268 1313 1503
2412 gi|268 4247 4493
2413 gi|268 10803 11117
2414 gi|268 23999 24410
2415 gi|268 24553 25215
2416 gi|268 27347 27483
2417 gi|268 27478 27554
2418 gi|268 28531 28600
2419 gi|268 30588 32646
2420 gi|268 33318 35200
2421 gi|268 35511 35741
2422 gi|268 35835 37804
2423 gi|269 29449 29575
2424 gi|269 38736 39078
2425 gi|269 39236 39361
2426 gi|27 193 327
2427 gi|27 4089 4322
2428 gi|27 9893 10751
2429 gi|27 10786 11217
2430 gi|27 11820 13113
2431 gi|27 14009 14834
2432 gi|27 14711 15081
2433 gi|27 18589 18819
2434 gi|27 28044 28253
2435 gi|27 33226 33303
2436 gi|27 34136 35959
2437 gi|27 36872 37428
2438 gi|27 37460 37551
2439 gi|27 37721 38826
2440 gi|27 39096 39276
2441 gi|270 46 263
2442 gi|270 234 319
2443 gi|270 1179 1381
2444 gi|270 10338 11246
2445 gi|270 11395 11450
2446 gi|270 16145 16184
2447 gi|270 18584 18903
2448 gi|270 24288 24485
2449 gi|270 24488 24540
2450 gi|270 24651 25826
2451 gi|270 25826 26180
2452 gi|270 27886 28094
2453 gi|270 29386 30637
2454 gi|270 30710 30779
2455 gi|270 30856 30924
2456 gi|270 33954 34173
2457 gi|270 34172 34268
2458 gi|270 39716 40065
2459 gi|271 103 293
2460 gi|271 745 1411
2461 gi|271 5532 5660
2462 gi|271 6265 6455
2463 gi|271 6453 6760
2464 gi|271 13461 17078
2465 gi|271 18774 20995
2466 gi|271 21565 24165
2467 gi|271 24647 25232
2468 gi|271 26577 26913
2469 gi|271 27794 28132
2470 gi|271 28089 28616
2471 gi|271 28617 30935
2472 gi|271 30125 32818
2473 gi|271 32940 34030
2474 gi|271 35873 36133
2475 gi|272 1 16746
2476 gi|273 24141 26098
2477 gi|273 26157 26289
2478 gi|273 26271 27355
2479 gi|274 9550 9810
2480 gi|274 10338 10414
2481 gi|274 12544 12751
2482 gi|274 32473 34851
2483 gi|274 39325 39413
2484 gi|274 39631 39685
2485 gi|274 39682 40000
2486 gi|275 248 674
2487 gi|275 1222 1421
2488 gi|275 1543 2417
2489 gi|275 2947 3036
2490 gi|275 3016 3381
2491 gi|275 3336 3462
2492 gi|275 3729 3981
2493 gi|275 5400 6326
2494 gi|275 6271 7477
2495 gi|275 7007 7986
2496 gi|275 12209 12254
2497 gi|275 15212 17516
2498 gi|275 17493 18457
2499 gi|275 18454 19592
2500 gi|275 19497 19691
2501 gi|275 20132 20529
2502 gi|275 20531 20724
2503 gi|275 20944 21415
2504 gi|275 21817 22290
2505 gi|275 24035 24085
2506 gi|275 27301 28706
2507 gi|275 29010 30078
2508 gi|275 34503 35961
2509 gi|276 3 738
2510 gi|276 4210 4610
2511 gi|276 4675 4802
2512 gi|276 9744 9842
2513 gi|276 13063 14988
2514 gi|276 15599 15710
2515 gi|276 17104 17487
2516 gi|276 19714 19798
2517 gi|276 20133 20315
2518 gi|276 20229 21937
2519 gi|276 26391 26507
2520 gi|276 27836 28773
2521 gi|276 29154 29661
2522 gi|276 34088 34239
2523 gi|276 36321 36441
2524 gi|276 36444 39354
2525 gi|277 1897 6951
2526 gi|277 9200 10286
2527 gi|277 10275 15298
2528 gi|277 27352 27409
2529 gi|277 33912 34521
2530 gi|278 51 1185
2531 gi|278 1348 1452
2532 gi|278 1445 1592
2533 gi|278 2131 2351
2534 gi|278 2506 2621
2535 gi|278 2593 2722
2536 gi|278 2921 3021
2537 gi|278 6236 6380
2538 gi|278 8315 8383
2539 gi|278 8613 11890
2540 gi|278 11935 13357
2541 gi|278 13979 14747
2542 gi|278 18744 18936
2543 gi|278 19411 20222
2544 gi|278 20379 20660
2545 gi|278 23451 23516
2546 gi|278 25199 25824
2547 gi|278 25994 26367
2548 gi|278 26713 27021
2549 gi|278 27496 29651
2550 gi|278 29846 30411
2551 gi|278 31618 31693
2552 gi|278 33384 33442
2553 gi|278 38272 39123
2554 gi|278 39733 39804
2555 gi|279 3310 3586
2556 gi|279 3623 6131
2557 gi|279 6132 6412
2558 gi|279 6755 6979
2559 gi|279 7206 7291
2560 gi|279 16124 16261
2561 gi|279 27876 27913
2562 gi|279 30513 30721
2563 gi|279 30835 31023
2564 gi|279 31529 31664
2565 gi|28 1 148
2566 gi|28 781 3041
2567 gi|28 4184 4351
2568 gi|28 4347 4429
2569 gi|28 6181 6564
2570 gi|28 11429 12021
2571 gi|28 12023 13312
2572 gi|28 13553 13678
2573 gi|28 13677 13973
2574 gi|28 13959 15129
2575 gi|28 15177 15422
2576 gi|28 15410 15457
2577 gi|28 15560 16140
2578 gi|28 19094 19171
2579 gi|28 22534 22649
2580 gi|28 22660 23395
2581 gi|28 23254 24452
2582 gi|28 24371 25001
2583 gi|28 26241 27290
2584 gi|28 27274 27423
2585 gi|28 27367 27522
2586 gi|28 27487 28095
2587 gi|28 33926 36838
2588 gi|28 36835 37595
2589 gi|28 37520 38072
2590 gi|28 38788 39628
2591 gi|28 39842 40000
2592 gi|280 1 212
2593 gi|280 13491 13617
2594 gi|280 14377 14608
2595 gi|280 15010 17695
2596 gi|280 26534 27123
2597 gi|280 27730 28480
2598 gi|280 28555 29911
2599 gi|280 30479 30872
2600 gi|280 38920 38980
2601 gi|281 1213 1832
2602 gi|281 2207 3239
2603 gi|281 5045 5248
2604 gi|281 5425 9146
2605 gi|281 8811 12254
2606 gi|281 14669 15264
2607 gi|281 15672 15924
2608 gi|281 16984 20382
2609 gi|281 21247 21571
2610 gi|281 21677 25711
2611 gi|281 25817 26125
2612 gi|281 26612 27392
2613 gi|281 38025 38186
2614 gi|281 38866 39138
2615 gi|281 39894 40000
2616 gi|282 1 1554
2617 gi|282 1393 1786
2618 gi|282 1704 1941
2619 gi|282 3009 3309
2620 gi|282 4013 4346
2621 gi|282 27162 27344
2622 gi|282 27437 32250
2623 gi|282 34212 34489
2624 gi|282 36519 38889
2625 gi|282 38900 40065
2626 gi|283 2907 3861
2627 gi|283 5132 6656
2628 gi|283 7559 9120
2629 gi|283 9723 9773
2630 gi|283 9773 9928
2631 gi|283 9881 10246
2632 gi|283 10373 11533
2633 gi|283 11721 11931
2634 gi|283 12685 13868
2635 gi|283 13993 14246
2636 gi|283 14743 17139
2637 gi|283 17854 20136
2638 gi|283 25382 25485
2639 gi|283 29275 29508
2640 gi|283 29496 29578
2641 gi|283 29548 29963
2642 gi|283 30186 30710
2643 gi|283 31406 31613
2644 gi|283 31784 31986
2645 gi|283 32843 33616
2646 gi|283 33618 33834
2647 gi|283 34905 35888
2648 gi|283 36022 36058
2649 gi|283 38238 39058
2650 gi|283 39166 39912
2651 gi|284 3 410
2652 gi|284 1484 1637
2653 gi|284 2223 2605
2654 gi|284 3372 3680
2655 gi|284 4139 4225
2656 gi|284 4229 6973
2657 gi|284 7070 12680
2658 gi|284 13122 15810
2659 gi|284 16065 17775
2660 gi|284 17918 18952
2661 gi|284 19732 20261
2662 gi|284 20262 20697
2663 gi|284 23745 24122
2664 gi|284 24256 24447
2665 gi|284 24519 24611
2666 gi|284 24811 25132
2667 gi|284 25163 27346
2668 gi|284 27322 27440
2669 gi|284 28474 29397
2670 gi|284 32133 32207
2671 gi|284 35946 36369
2672 gi|284 36727 39590
2673 gi|285 1 917
2674 gi|285 2960 3135
2675 gi|285 6967 7004
2676 gi|285 7651 8449
2677 gi|285 8706 9362
2678 gi|285 13173 14290
2679 gi|285 14426 15456
2680 gi|285 15714 16097
2681 gi|285 21299 21459
2682 gi|285 24550 26120
2683 gi|285 27052 27441
2684 gi|285 27912 29987
2685 gi|285 30214 37220
2686 gi|286 49 272
2687 gi|286 14716 15205
2688 gi|286 18218 18444
2689 gi|286 18591 18712
2690 gi|286 19460 19498
2691 gi|286 20571 20795
2692 gi|286 21472 22559
2693 gi|286 22541 22785
2694 gi|286 22756 23179
2695 gi|286 23298 23392
2696 gi|286 23395 23716
2697 gi|286 23724 23775
2698 gi|286 23887 24053
2699 gi|286 25861 25960
2700 gi|286 29083 32430
2701 gi|286 36229 36359
2702 gi|286 36974 37123
2703 gi|286 38190 39280
2704 gi|287 1471 1957
2705 gi|287 1766 2283
2706 gi|287 14210 14329
2707 gi|287 15430 15922
2708 gi|287 17903 18767
2709 gi|287 20991 21347
2710 gi|287 21799 21960
2711 gi|287 22471 24583
2712 gi|287 27654 28397
2713 gi|287 28394 28436
2714 gi|287 28438 29154
2715 gi|287 30142 30674
2716 gi|287 38806 39325
2717 gi|287 39807 40129
2718 gi|289 3 156
2719 gi|289 213 347
2720 gi|289 779 972
2721 gi|289 1533 1627
2722 gi|289 2832 3025
2723 gi|289 3181 3384
2724 gi|289 6662 7805
2725 gi|289 7805 8614
2726 gi|289 9288 10292
2727 gi|289 11440 12293
2728 gi|289 13441 13790
2729 gi|289 29584 29931
2730 gi|289 37413 37972
2731 gi|289 38133 39275
2732 gi|29 1 705
2733 gi|29 926 1837
2734 gi|29 4688 6353
2735 gi|29 25463 26523
2736 gi|29 30899 33293
2737 gi|29 34137 35082
2738 gi|29 35354 35548
2739 gi|29 36027 40000
2740 gi|290 1272 2959
2741 gi|290 6042 6135
2742 gi|290 15948 16043
2743 gi|290 19827 19920
2744 gi|290 20710 22817
2745 gi|290 23410 24359
2746 gi|290 24036 26919
2747 gi|290 28622 28744
2748 gi|290 29242 30626
2749 gi|290 30787 30892
2750 gi|290 30879 30973
2751 gi|290 31467 33157
2752 gi|291 11237 11536
2753 gi|291 14830 16206
2754 gi|291 16363 17838
2755 gi|291 18146 18426
2756 gi|291 19673 19927
2757 gi|291 20003 20588
2758 gi|291 20908 26018
2759 gi|291 26414 27415
2760 gi|291 28725 29108
2761 gi|291 30626 32094
2762 gi|291 32443 40038
2763 gi|292 476 634
2764 gi|292 616 708
2765 gi|292 1037 1480
2766 gi|292 1702 2149
2767 gi|292 13805 13908
2768 gi|292 13903 15510
2769 gi|292 15696 16030
2770 gi|292 16326 16515
2771 gi|292 16759 17124
2772 gi|292 17154 18349
2773 gi|292 18564 18776
2774 gi|292 24022 24318
2775 gi|292 34584 34725
2776 gi|293 1382 1567
2777 gi|293 1768 2086
2778 gi|293 2487 2570
2779 gi|293 3771 4045
2780 gi|293 8560 8644
2781 gi|293 11296 11468
2782 gi|293 11690 11907
2783 gi|293 12393 12470
2784 gi|293 14030 14301
2785 gi|293 22637 22769
2786 gi|293 22752 22882
2787 gi|293 22871 25739
2788 gi|293 25741 25801
2789 gi|293 26516 26837
2790 gi|293 29767 29858
2791 gi|293 32006 32170
2792 gi|293 32426 32625
2793 gi|293 34436 34633
2794 gi|293 36151 36296
2795 gi|293 38862 38992
2796 gi|293 39210 39411
2797 gi|294 773 1024
2798 gi|294 2678 3352
2799 gi|294 4928 5015
2800 gi|294 5115 5612
2801 gi|294 5671 8230
2802 gi|294 9214 9416
2803 gi|294 13031 13068
2804 gi|294 35311 35386
2805 gi|295 2 28010
2806 gi|296 8521 8780
2807 gi|296 10273 10566
2808 gi|296 11575 11847
2809 gi|296 13371 13641
2810 gi|296 31695 31982
2811 gi|296 32372 32629
2812 gi|296 32897 33072
2813 gi|296 33328 33415
2814 gi|297 1 1436
2815 gi|297 1529 2146
2816 gi|297 2599 3820
2817 gi|297 7394 7540
2818 gi|297 8132 8286
2819 gi|297 10676 10814
2820 gi|297 16435 16720
2821 gi|297 16592 18259
2822 gi|297 17561 19280
2823 gi|297 19279 19519
2824 gi|297 19519 20397
2825 gi|297 20396 22414
2826 gi|297 30726 31183
2827 gi|297 32412 32616
2828 gi|297 35945 35981
2829 gi|297 37622 37896
2830 gi|298 3853 6894
2831 gi|298 13157 13230
2832 gi|298 13695 14717
2833 gi|298 16152 16239
2834 gi|298 20912 21104
2835 gi|298 21860 22347
2836 gi|299 4812 5176
2837 gi|299 5762 5979
2838 gi|299 9407 9444
2839 gi|299 13771 14217
2840 gi|299 15984 16064
2841 gi|299 17276 17659
2842 gi|299 18723 19433
2843 gi|299 20122 20167
2844 gi|299 20503 21098
2845 gi|299 27560 27691
2846 gi|299 37157 37689
2847 gi|3 12919 13773
2848 gi|3 13499 14353
2849 gi|3 14362 14821
2850 gi|3 15177 15697
2851 gi|3 15787 15923
2852 gi|3 15927 17521
2853 gi|3 18044 18085
2854 gi|3 18716 23105
2855 gi|3 24234 24557
2856 gi|3 24834 27366
2857 gi|3 27312 27450
2858 gi|3 30420 31778
2859 gi|3 32013 32168
2860 gi|30 1 1397
2861 gi|30 2543 2969
2862 gi|30 5667 6109
2863 gi|30 9743 9890
2864 gi|30 9953 10752
2865 gi|30 11064 11620
2866 gi|30 13404 14224
2867 gi|30 14385 14472
2868 gi|30 15450 15491
2869 gi|30 15496 15560
2870 gi|30 18129 20025
2871 gi|30 36145 36973
2872 gi|30 37493 39587
2873 gi|30 40059 40338
2874 gi|300 1467 1788
2875 gi|300 2874 4531
2876 gi|300 11012 11513
2877 gi|300 11531 11744
2878 gi|300 12029 12275
2879 gi|300 12293 12625
2880 gi|300 12687 12795
2881 gi|300 12800 12869
2882 gi|300 14963 15061
2883 gi|300 15360 15472
2884 gi|300 15721 15884
2885 gi|300 15956 16190
2886 gi|300 17566 17656
2887 gi|300 18484 18880
2888 gi|300 19745 19847
2889 gi|300 25619 25963
2890 gi|300 25953 28035
2891 gi|300 28301 28413
2892 gi|300 28414 30784
2893 gi|300 30742 31040
2894 gi|300 31290 31843
2895 gi|300 32585 32646
2896 gi|300 32883 33561
2897 gi|300 33772 34482
2898 gi|300 35468 35965
2899 gi|300 36321 37109
2900 gi|300 38874 39557
2901 gi|301 1 217
2902 gi|301 217 989
2903 gi|301 2606 3242
2904 gi|301 4113 4354
2905 gi|301 4739 4798
2906 gi|301 4816 7491
2907 gi|301 15011 15103
2908 gi|301 24811 25143
2909 gi|301 27197 27367
2910 gi|301 27319 27962
2911 gi|301 27937 28425
2912 gi|301 29496 29569
2913 gi|301 29638 29970
2914 gi|301 29939 30002
2915 gi|301 31025 31165
2916 gi|301 32440 33089
2917 gi|301 33436 34084
2918 gi|301 34856 35339
2919 gi|301 36884 37023
2920 gi|302 439 631
2921 gi|302 926 1890
2922 gi|302 7231 7431
2923 gi|302 7972 8163
2924 gi|302 15903 16417
2925 gi|302 19202 19254
2926 gi|302 19250 19474
2927 gi|302 20274 20349
2928 gi|302 20361 20618
2929 gi|302 29201 29502
2930 gi|302 30009 30565
2931 gi|302 30302 31180
2932 gi|302 31401 31517
2933 gi|302 33421 33497
2934 gi|302 33674 34032
2935 gi|302 34022 34228
2936 gi|302 34211 34291
2937 gi|302 34848 35468
2938 gi|302 35370 35805
2939 gi|302 35693 36076
2940 gi|302 36441 37185
2941 gi|302 37781 37956
2942 gi|302 38113 39659
2943 gi|303 22300 22536
2944 gi|303 32630 32854
2945 gi|304 1 1404
2946 gi|304 2472 2795
2947 gi|304 2938 3060
2948 gi|304 3195 3422
2949 gi|304 3998 4258
2950 gi|304 5733 5868
2951 gi|304 5872 6025
2952 gi|304 6303 6431
2953 gi|304 7225 7260
2954 gi|304 8507 9761
2955 gi|304 9791 10866
2956 gi|304 10843 11161
2957 gi|304 11333 11405
2958 gi|304 12808 14472
2959 gi|304 14153 14896
2960 gi|304 15433 15474
2961 gi|304 15586 15894
2962 gi|304 15885 16620
2963 gi|304 16609 16745
2964 gi|304 17104 18476
2965 gi|304 18398 21544
2966 gi|304 21538 22899
2967 gi|304 23384 23652
2968 gi|304 24421 25136
2969 gi|304 25355 26074
2970 gi|304 26818 31953
2971 gi|304 32173 33507
2972 gi|305 288 395
2973 gi|305 6012 7628
2974 gi|305 9021 11100
2975 gi|305 11434 12801
2976 gi|305 13582 13918
2977 gi|305 16403 16631
2978 gi|305 28386 35056
2979 gi|305 35031 37016
2980 gi|305 37487 37761
2981 gi|305 38808 40117
2982 gi|306 842 875
2983 gi|306 2112 4269
2984 gi|306 4800 5323
2985 gi|306 6387 6528
2986 gi|306 6485 6672
2987 gi|306 7353 9438
2988 gi|306 11293 11931
2989 gi|306 15602 15760
2990 gi|306 17936 18200
2991 gi|306 19998 21452
2992 gi|306 21753 23760
2993 gi|306 24035 24112
2994 gi|306 28367 28542
2995 gi|306 31545 31699
2996 gi|306 33202 36106
2997 gi|306 36290 36775
2998 gi|306 36727 40000
2999 gi|307 1 31696
3000 gi|308 6490 6558
3001 gi|308 7987 8840
3002 gi|308 8995 9192
3003 gi|308 9856 10071
3004 gi|308 13941 14021
3005 gi|308 14132 15027
3006 gi|308 15138 15218
3007 gi|308 15628 15743
3008 gi|308 20525 20614
3009 gi|308 23626 23687
3010 gi|308 27136 27247
3011 gi|308 30571 31006
3012 gi|308 31799 32345
3013 gi|308 33150 33243
3014 gi|309 1328 1400
3015 gi|309 13716 14061
3016 gi|309 28019 28603
3017 gi|31 1654 1759
3018 gi|31 2022 2211
3019 gi|31 2491 2797
3020 gi|31 5074 5208
3021 gi|31 15353 15966
3022 gi|31 16098 16467
3023 gi|31 16448 17173
3024 gi|31 17323 17391
3025 gi|31 17391 17579
3026 gi|31 17687 19388
3027 gi|31 19048 20881
3028 gi|31 20879 21033
3029 gi|31 22401 23274
3030 gi|31 23239 26512
3031 gi|31 28214 28741
3032 gi|31 28743 29017
3033 gi|31 29010 29199
3034 gi|31 29857 30203
3035 gi|31 30256 31024
3036 gi|31 31620 31803
3037 gi|31 33375 39081
3038 gi|31 39075 39442
3039 gi|31 39537 40065
3040 gi|310 10939 11179
3041 gi|310 22884 23187
3042 gi|310 23386 24881
3043 gi|310 33454 34587
3044 gi|310 34571 34812
3045 gi|310 35190 35275
3046 gi|310 35679 36444
3047 gi|310 38035 38332
3048 gi|310 38335 40041
3049 gi|311 10090 10534
3050 gi|311 18307 18589
3051 gi|311 27645 29318
3052 gi|311 30518 30609
3053 gi|311 30694 30798
3054 gi|311 33364 34004
3055 gi|311 37957 38348
3056 gi|311 39414 40081
3057 gi|312 844 1178
3058 gi|312 1699 1861
3059 gi|312 1863 2121
3060 gi|312 2166 2495
3061 gi|312 2714 3094
3062 gi|312 3091 3177
3063 gi|312 3819 4139
3064 gi|312 19494 20238
3065 gi|312 20386 20946
3066 gi|312 22441 22784
3067 gi|312 22972 23066
3068 gi|312 23251 23351
3069 gi|312 23893 24152
3070 gi|312 24233 24341
3071 gi|312 24995 26598
3072 gi|312 26964 27208
3073 gi|312 27396 27546
3074 gi|312 27683 28172
3075 gi|312 29482 29583
3076 gi|312 29705 29780
3077 gi|312 31773 31873
3078 gi|312 35293 35665
3079 gi|312 38874 39356
3080 gi|313 2365 2458
3081 gi|313 15567 15663
3082 gi|313 16510 16781
3083 gi|313 34058 34158
3084 gi|313 34622 35151
3085 gi|313 36980 37392
3086 gi|313 38514 38707
3087 gi|314 1 1110
3088 gi|314 725 4288
3089 gi|314 5080 9643
3090 gi|314 10195 10982
3091 gi|314 12316 13371
3092 gi|314 14023 14474
3093 gi|314 15524 16015
3094 gi|314 16652 17146
3095 gi|314 18884 21296
3096 gi|314 23915 25019
3097 gi|314 25375 27029
3098 gi|314 27262 27415
3099 gi|314 27668 28117
3100 gi|314 29026 29330
3101 gi|314 29813 30467
3102 gi|314 30974 32287
3103 gi|314 33433 34185
3104 gi|314 34666 34700
3105 gi|315 87 652
3106 gi|315 751 2055
3107 gi|315 2789 3910
3108 gi|315 9416 9851
3109 gi|315 10479 12183
3110 gi|315 29444 29545
3111 gi|315 29545 29815
3112 gi|315 30800 32327
3113 gi|315 33569 33966
3114 gi|315 34368 35884
3115 gi|315 35971 36043
3116 gi|315 36045 36084
3117 gi|315 36099 36191
3118 gi|315 36964 38236
3119 gi|315 39405 39613
3120 gi|316 4613 4647
3121 gi|316 4642 5809
3122 gi|316 5985 6237
3123 gi|316 6530 7168
3124 gi|316 7234 7597
3125 gi|316 7698 7814
3126 gi|316 8085 8411
3127 gi|316 8698 9337
3128 gi|316 17573 17633
3129 gi|316 18112 18465
3130 gi|316 18754 19610
3131 gi|316 19696 20152
3132 gi|316 20448 21512
3133 gi|316 21813 22896
3134 gi|316 23197 24202
3135 gi|316 24177 24432
3136 gi|316 24743 29187
3137 gi|316 29436 29493
3138 gi|316 29704 30452
3139 gi|316 30868 31571
3140 gi|316 33321 33638
3141 gi|316 33939 34304
3142 gi|316 34293 34419
3143 gi|316 34903 34989
3144 gi|316 36530 36926
3145 gi|316 37229 37442
3146 gi|316 38857 39185
3147 gi|316 39279 39416
3148 gi|316 39399 39716
3149 gi|317 3295 3377
3150 gi|317 3339 3728
3151 gi|317 3652 3849
3152 gi|317 10251 10322
3153 gi|317 14115 14514
3154 gi|317 14776 15110
3155 gi|317 15636 16330
3156 gi|317 16640 16694
3157 gi|317 32954 33123
3158 gi|318 1124 1632
3159 gi|318 2436 2536
3160 gi|318 4284 4556
3161 gi|318 5043 5281
3162 gi|318 19388 19533
3163 gi|318 29191 29229
3164 gi|318 30381 30703
3165 gi|318 31067 31446
3166 gi|318 31559 35281
3167 gi|318 35012 36120
3168 gi|318 36119 37173
3169 gi|318 36832 40021
3170 gi|319 5038 5116
3171 gi|319 11761 12036
3172 gi|319 17625 19338
3173 gi|319 19547 19936
3174 gi|319 20236 20802
3175 gi|319 25364 25963
3176 gi|319 31055 31366
3177 gi|319 31443 31498
3178 gi|319 33294 33484
3179 gi|319 35018 35593
3180 gi|319 36030 36580
3181 gi|319 36588 36637
3182 gi|32 183 341
3183 gi|32 1939 2578
3184 gi|32 2907 2996
3185 gi|32 3785 3939
3186 gi|32 15597 15717
3187 gi|32 15725 16011
3188 gi|32 18617 18968
3189 gi|32 33901 33990
3190 gi|32 35478 35530
3191 gi|32 36676 37026
3192 gi|32 38893 38950
3193 gi|32 39702 40000
3194 gi|320 2418 2920
3195 gi|320 2859 4425
3196 gi|320 9222 12769
3197 gi|320 13339 13872
3198 gi|320 14380 14459
3199 gi|320 14711 15233
3200 gi|320 15164 16815
3201 gi|320 17113 20203
3202 gi|320 28791 29319
3203 gi|320 30820 30913
3204 gi|321 407 1046
3205 gi|321 7049 7426
3206 gi|321 7666 7853
3207 gi|321 8196 8513
3208 gi|321 8541 10192
3209 gi|321 10193 10289
3210 gi|321 10254 10618
3211 gi|321 11089 11164
3212 gi|321 11158 11674
3213 gi|321 11902 12710
3214 gi|321 12704 14639
3215 gi|321 18013 18217
3216 gi|321 18554 19057
3217 gi|321 19124 19875
3218 gi|321 19507 20869
3219 gi|321 21139 22939
3220 gi|321 22938 23216
3221 gi|321 23219 23265
3222 gi|321 23264 23424
3223 gi|321 23384 23574
3224 gi|321 23921 24061
3225 gi|321 24346 25445
3226 gi|321 25672 26501
3227 gi|321 26487 26661
3228 gi|321 27102 27662
3229 gi|321 27945 28804
3230 gi|321 28804 28870
3231 gi|321 28864 30128
3232 gi|321 30203 30404
3233 gi|321 30383 31024
3234 gi|321 33601 33724
3235 gi|321 34626 35861
3236 gi|321 36948 37138
3237 gi|321 37127 37709
3238 gi|321 37847 38376
3239 gi|321 38359 38871
3240 gi|321 39586 39857
3241 gi|321 39853 40000
3242 gi|322 1621 1823
3243 gi|322 3112 3160
3244 gi|322 3206 3347
3245 gi|322 18311 19754
3246 gi|322 20105 20343
3247 gi|322 20744 20827
3248 gi|322 20864 21107
3249 gi|322 21677 21795
3250 gi|322 25374 25576
3251 gi|322 31481 31738
3252 gi|322 32808 33306
3253 gi|322 33438 33588
3254 gi|322 33885 34369
3255 gi|323 1 3350
3256 gi|323 3232 7264
3257 gi|323 8941 9293
3258 gi|323 14755 14941
3259 gi|323 15198 15317
3260 gi|323 17013 17103
3261 gi|323 21472 21616
3262 gi|323 21620 25757
3263 gi|323 25564 26536
3264 gi|323 31756 31827
3265 gi|323 31822 32105
3266 gi|323 32449 32997
3267 gi|323 35741 36356
3268 gi|323 37489 38369
3269 gi|323 39733 39792
3270 gi|324 2645 2854
3271 gi|324 6949 7101
3272 gi|324 9688 10139
3273 gi|324 10700 10977
3274 gi|324 11651 12673
3275 gi|324 12725 13596
3276 gi|324 15730 15772
3277 gi|324 32141 32546
3278 gi|324 32411 32742
3279 gi|324 32876 33537
3280 gi|324 33790 34205
3281 gi|324 35255 36340
3282 gi|324 37383 38583
3283 gi|324 39638 39852
3284 gi|325 1 2244
3285 gi|325 2552 45453
3286 gi|326 2687 2744
3287 gi|326 9253 9862
3288 gi|326 16323 16758
3289 gi|326 35409 35465
3290 gi|327 64 248
3291 gi|327 2251 3572
3292 gi|327 4105 4247
3293 gi|327 4229 4625
3294 gi|327 24663 26113
3295 gi|327 30935 30974
3296 gi|327 31256 31490
3297 gi|327 31558 31817
3298 gi|327 32099 32138
3299 gi|327 36404 36603
3300 gi|327 37075 38155
3301 gi|327 37822 39875
3302 gi|328 2425 2709
3303 gi|328 2722 4625
3304 gi|328 5627 6125
3305 gi|328 6725 9424
3306 gi|328 8830 11455
3307 gi|328 11766 15230
3308 gi|328 15523 17113
3309 gi|328 17111 17611
3310 gi|328 17943 18288
3311 gi|328 18962 19679
3312 gi|328 26713 26995
3313 gi|328 27790 28075
3314 gi|328 28555 29474
3315 gi|328 30027 30232
3316 gi|328 31765 32854
3317 gi|329 3410 3991
3318 gi|329 4407 4792
3319 gi|329 5389 5681
3320 gi|329 5665 6150
3321 gi|329 6993 7642
3322 gi|329 15155 15196
3323 gi|329 16702 16942
3324 gi|329 24266 24373
3325 gi|329 27916 27972
3326 gi|329 31563 31651
3327 gi|329 32006 32440
3328 gi|329 32617 32911
3329 gi|329 33885 34057
3330 gi|329 34001 34158
3331 gi|329 39607 39987
3332 gi|33 4763 4847
3333 gi|33 33215 33294
3334 gi|33 35058 36005
3335 gi|33 37001 37103
3336 gi|330 2 16547
3337 gi|330 16855 32560
3338 gi|331 2 1124
3339 gi|331 1536 1682
3340 gi|331 3905 6334
3341 gi|331 7074 7375
3342 gi|331 7380 10289
3343 gi|331 10709 10809
3344 gi|331 10807 11133
3345 gi|331 11143 12448
3346 gi|331 12507 12556
3347 gi|331 13919 13992
3348 gi|331 17565 17644
3349 gi|331 18241 21156
3350 gi|331 21374 21896
3351 gi|331 21896 22090
3352 gi|331 23029 23394
3353 gi|331 24233 24616
3354 gi|331 24840 25041
3355 gi|331 25596 25685
3356 gi|331 28594 28903
3357 gi|331 28977 29145
3358 gi|331 29167 29295
3359 gi|331 29308 29576
3360 gi|331 29897 30127
3361 gi|331 30129 31745
3362 gi|331 32026 37602
3363 gi|331 38351 38616
3364 gi|332 5582 5656
3365 gi|332 7206 7337
3366 gi|332 10046 10084
3367 gi|332 11864 11932
3368 gi|332 14064 14108
3369 gi|332 14813 15026
3370 gi|332 15331 15426
3371 gi|332 15834 16666
3372 gi|332 20395 29307
3373 gi|332 30552 30832
3374 gi|332 31468 32210
3375 gi|332 32865 32910
3376 gi|332 33246 35309
3377 gi|332 35538 39340
3378 gi|332 39681 40000
3379 gi|333 57 364
3380 gi|333 3544 3681
3381 gi|333 21056 21386
3382 gi|333 21703 21787
3383 gi|334 1685 1922
3384 gi|334 2239 2978
3385 gi|334 3590 3790
3386 gi|334 5159 6006
3387 gi|334 6004 6076
3388 gi|334 7278 7430
3389 gi|334 10525 11083
3390 gi|334 11083 11504
3391 gi|334 12805 12893
3392 gi|334 25344 25450
3393 gi|334 25856 26057
3394 gi|334 26060 26163
3395 gi|334 26468 26594
3396 gi|334 27464 27654
3397 gi|334 28610 29236
3398 gi|334 30891 31542
3399 gi|334 32440 32720
3400 gi|334 33312 36400
3401 gi|334 35777 40116
3402 gi|335 1 6460
3403 gi|335 6768 24791
3404 gi|336 6877 7079
3405 gi|336 8184 8475
3406 gi|336 9479 9675
3407 gi|336 10848 11064
3408 gi|336 27377 27576
3409 gi|336 28825 29483
3410 gi|336 29553 29644
3411 gi|336 30275 31073
3412 gi|336 32401 33200
3413 gi|336 33588 33721
3414 gi|336 34337 34431
3415 gi|336 35387 35547
3416 gi|336 35969 36032
3417 gi|336 39583 39739
3418 gi|337 12767 13117
3419 gi|337 13463 13656
3420 gi|337 33063 34539
3421 gi|337 36270 36600
3422 gi|337 36952 38815
3423 gi|337 38923 39846
3424 gi|338 1181 1491
3425 gi|338 7447 8270
3426 gi|338 18411 19602
3427 gi|338 25606 25979
3428 gi|338 34483 34944
3429 gi|339 1070 2668
3430 gi|339 2677 5512
3431 gi|339 26924 27181
3432 gi|339 36037 36180
3433 gi|34 1 245
3434 gi|34 464 740
3435 gi|34 1768 1832
3436 gi|34 2255 2424
3437 gi|34 4195 4234
3438 gi|34 5387 5897
3439 gi|34 6428 7861
3440 gi|34 7751 8300
3441 gi|34 8667 9154
3442 gi|34 11456 12008
3443 gi|34 12803 13384
3444 gi|34 13322 14684
3445 gi|34 14617 15254
3446 gi|34 15470 15502
3447 gi|34 19676 20830
3448 gi|34 23421 23558
3449 gi|34 27069 27121
3450 gi|34 27449 27677
3451 gi|34 27592 28002
3452 gi|34 28163 28317
3453 gi|34 28833 28940
3454 gi|34 30945 31007
3455 gi|34 31457 31562
3456 gi|34 36025 37161
3457 gi|34 37654 37805
3458 gi|34 38416 39370
3459 gi|340 1833 2716
3460 gi|340 6618 6734
3461 gi|340 7669 7874
3462 gi|340 7883 8525
3463 gi|340 14999 15171
3464 gi|340 16909 17515
3465 gi|340 17944 18484
3466 gi|340 20599 20982
3467 gi|340 22290 23291
3468 gi|340 23687 25064
3469 gi|340 25263 25337
3470 gi|340 28612 28912
3471 gi|340 30700 31299
3472 gi|340 31748 32274
3473 gi|340 32427 34917
3474 gi|340 36652 38114
3475 gi|341 6114 6705
3476 gi|341 6730 6995
3477 gi|341 14921 15244
3478 gi|341 30543 31266
3479 gi|341 31881 32218
3480 gi|341 32916 33765
3481 gi|341 34065 34598
3482 gi|341 39600 40147
3483 gi|342 16284 16533
3484 gi|342 16525 17110
3485 gi|342 17525 17656
3486 gi|342 17653 17805
3487 gi|342 17803 17896
3488 gi|342 25811 26207
3489 gi|342 30195 30344
3490 gi|342 30340 30540
3491 gi|343 548 777
3492 gi|343 5063 5263
3493 gi|343 6701 7186
3494 gi|343 8561 12088
3495 gi|343 12722 12784
3496 gi|343 13781 14249
3497 gi|343 15677 16108
3498 gi|343 20985 22813
3499 gi|343 24242 24480
3500 gi|343 24911 25453
3501 gi|343 27955 28862
3502 gi|343 30657 30802
3503 gi|343 30791 30979
3504 gi|343 30971 31080
3505 gi|343 33499 35879
3506 gi|343 36900 38425
3507 gi|343 38449 40000
3508 gi|344 7817 9937
3509 gi|344 28122 28546
3510 gi|344 29271 29677
3511 gi|344 30729 31444
3512 gi|345 6166 6979
3513 gi|345 6980 7344
3514 gi|345 7711 7856
3515 gi|345 14948 16488
3516 gi|345 20019 21708
3517 gi|345 21981 23485
3518 gi|345 23853 23975
3519 gi|345 28042 28145
3520 gi|345 28596 28728
3521 gi|345 29564 29700
3522 gi|345 38138 38636
3523 gi|345 39543 40000
3524 gi|346 843 1620
3525 gi|346 1983 2091
3526 gi|346 2862 3682
3527 gi|346 4733 4893
3528 gi|346 6444 6600
3529 gi|346 6750 7204
3530 gi|346 7368 7446
3531 gi|346 7798 7842
3532 gi|346 8696 9435
3533 gi|346 9976 12230
3534 gi|346 12977 13062
3535 gi|346 13053 13491
3536 gi|346 13551 14061
3537 gi|346 15298 15364
3538 gi|346 15636 15942
3539 gi|346 23557 26220
3540 gi|346 25731 27192
3541 gi|346 27187 27966
3542 gi|346 27965 28362
3543 gi|346 28914 29027
3544 gi|346 30616 30776
3545 gi|346 30976 31539
3546 gi|346 32746 32790
3547 gi|346 33776 33894
3548 gi|346 34110 34616
3549 gi|346 37802 38956
3550 gi|347 2532 3541
3551 gi|347 4019 4179
3552 gi|347 4675 5091
3553 gi|347 5091 5241
3554 gi|347 9246 9491
3555 gi|347 20253 20933
3556 gi|347 21077 21200
3557 gi|347 21329 21415
3558 gi|347 22103 22220
3559 gi|347 23701 24094
3560 gi|347 25830 25947
3561 gi|347 26638 26720
3562 gi|347 26858 26974
3563 gi|347 27013 27765
3564 gi|347 27768 27861
3565 gi|347 27861 28254
3566 gi|347 28318 28602
3567 gi|347 28663 28808
3568 gi|347 29976 30379
3569 gi|347 30941 31207
3570 gi|347 31208 31885
3571 gi|347 31845 32009
3572 gi|347 32007 32179
3573 gi|347 32231 32322
3574 gi|347 32765 33970
3575 gi|347 34143 34383
3576 gi|347 35623 36464
3577 gi|347 37668 37785
3578 gi|347 38476 38562
3579 gi|347 38694 38817
3580 gi|347 38958 39130
3581 gi|347 39126 39348
3582 gi|347 39640 39915
3583 gi|348 2932 3427
3584 gi|348 3570 4232
3585 gi|348 6371 7273
3586 gi|348 8250 11327
3587 gi|348 14219 14418
3588 gi|348 15145 15287
3589 gi|348 15299 15382
3590 gi|348 15424 16603
3591 gi|348 17094 17256
3592 gi|348 17271 17319
3593 gi|348 17602 17851
3594 gi|348 18049 18466
3595 gi|348 18662 18790
3596 gi|348 19117 20323
3597 gi|348 21734 21991
3598 gi|348 22263 22355
3599 gi|348 22632 23075
3600 gi|348 23653 24077
3601 gi|348 24077 25334
3602 gi|348 25966 26123
3603 gi|348 26145 26289
3604 gi|349 1 696
3605 gi|349 967 1400
3606 gi|349 1485 5278
3607 gi|349 6861 7256
3608 gi|349 13367 13576
3609 gi|349 14404 15770
3610 gi|349 15886 15976
3611 gi|349 16352 16442
3612 gi|349 16821 17319
3613 gi|349 18306 18381
3614 gi|349 18375 18513
3615 gi|349 20635 20943
3616 gi|349 22848 23202
3617 gi|349 23704 23879
3618 gi|349 26316 26458
3619 gi|349 26805 27469
3620 gi|349 28046 28449
3621 gi|349 29021 29358
3622 gi|349 29843 31399
3623 gi|349 32768 32818
3624 gi|349 32838 32978
3625 gi|349 33384 33678
3626 gi|349 33908 34276
3627 gi|349 34906 35213
3628 gi|349 35438 35573
3629 gi|349 37607 37666
3630 gi|349 39108 39385
3631 gi|349 39551 39898
3632 gi|35 1 42
3633 gi|35 77 738
3634 gi|35 943 1449
3635 gi|35 1665 2170
3636 gi|35 2108 2505
3637 gi|35 2307 2738
3638 gi|35 2671 3179
3639 gi|35 3175 3249
3640 gi|35 3248 3740
3641 gi|35 3819 3964
3642 gi|35 4709 4894
3643 gi|35 11277 11802
3644 gi|35 11831 12840
3645 gi|35 13577 14118
3646 gi|35 14596 14662
3647 gi|35 15980 16073
3648 gi|35 22774 23071
3649 gi|35 23139 23895
3650 gi|35 30120 30214
3651 gi|350 1395 1600
3652 gi|350 3402 3669
3653 gi|350 3834 4802
3654 gi|350 4807 4867
3655 gi|350 5096 5200
3656 gi|350 5736 5967
3657 gi|350 6123 6551
3658 gi|350 7338 9449
3659 gi|350 9418 9534
3660 gi|350 9557 9652
3661 gi|350 10447 10537
3662 gi|350 11834 12024
3663 gi|350 12140 12359
3664 gi|350 15801 16176
3665 gi|350 16810 16876
3666 gi|350 17618 17692
3667 gi|350 18425 18653
3668 gi|350 25239 25835
3669 gi|351 2323 2446
3670 gi|351 3527 3708
3671 gi|351 14396 14517
3672 gi|351 14474 14562
3673 gi|351 17477 19004
3674 gi|351 20958 21217
3675 gi|351 22485 22605
3676 gi|351 23975 26162
3677 gi|351 27334 29433
3678 gi|351 30541 32585
3679 gi|352 2 159
3680 gi|352 467 32848
3681 gi|353 5156 5325
3682 gi|353 11393 11714
3683 gi|353 12286 12688
3684 gi|353 13398 13812
3685 gi|353 14085 14276
3686 gi|353 14433 14752
3687 gi|353 22075 22424
3688 gi|353 24853 27898
3689 gi|353 29258 31632
3690 gi|353 31776 32384
3691 gi|353 33294 35366
3692 gi|353 36059 36214
3693 gi|354 1 654
3694 gi|354 1233 6394
3695 gi|354 6390 6646
3696 gi|354 14622 15472
3697 gi|354 16755 17884
3698 gi|354 24875 24972
3699 gi|354 25410 33900
3700 gi|354 34687 36520
3701 gi|354 38044 38198
3702 gi|354 38801 39727
3703 gi|355 1 38358
3704 gi|356 1568 1697
3705 gi|356 2388 2469
3706 gi|356 11519 11723
3707 gi|356 13593 14332
3708 gi|356 17834 18639
3709 gi|356 18899 19497
3710 gi|356 33537 33580
3711 gi|356 36884 40159
3712 gi|357 56 1012
3713 gi|357 1854 2689
3714 gi|357 2976 3245
3715 gi|357 4689 8837
3716 gi|357 10819 11122
3717 gi|357 11238 11370
3718 gi|357 14775 14980
3719 gi|357 16507 16586
3720 gi|357 16701 16830
3721 gi|357 17067 17311
3722 gi|357 19217 19344
3723 gi|357 19369 20019
3724 gi|357 24241 24308
3725 gi|357 24276 24454
3726 gi|357 24990 25817
3727 gi|357 26340 27188
3728 gi|357 27709 28882
3729 gi|357 29408 29621
3730 gi|357 30261 30447
3731 gi|357 32481 32790
3732 gi|357 32791 32977
3733 gi|357 32973 34330
3734 gi|357 35177 35594
3735 gi|357 35590 35669
3736 gi|357 39510 40337
3737 gi|358 7980 8279
3738 gi|358 10877 11213
3739 gi|358 11994 13370
3740 gi|358 13704 15783
3741 gi|358 17176 19540
3742 gi|358 19348 22582
3743 gi|358 26849 27148
3744 gi|358 34701 35261
3745 gi|358 36439 36545
3746 gi|358 36546 36890
3747 gi|358 37950 38289
3748 gi|359 1 19192
3749 gi|36 403 2820
3750 gi|36 3621 4364
3751 gi|36 8709 9997
3752 gi|36 10041 10314
3753 gi|36 11975 13198
3754 gi|36 13319 13568
3755 gi|36 13515 13715
3756 gi|36 14473 14504
3757 gi|36 21182 22004
3758 gi|36 22833 24390
3759 gi|36 25363 27833
3760 gi|36 36040 36442
3761 gi|36 37943 39215
3762 gi|360 9187 10106
3763 gi|360 19694 19901
3764 gi|360 20318 21918
3765 gi|360 23566 25197
3766 gi|360 26687 26753
3767 gi|360 27497 27690
3768 gi|360 36168 36334
3769 gi|360 37390 37765
3770 gi|360 37976 38551
3771 gi|360 38926 39042
3772 gi|360 39191 39557
3773 gi|361 155 286
3774 gi|361 4952 5304
3775 gi|361 9143 9218
3776 gi|361 10140 10437
3777 gi|361 13005 13073
3778 gi|361 19197 20544
3779 gi|361 20758 20987
3780 gi|361 22208 23067
3781 gi|361 23267 23630
3782 gi|361 23734 23821
3783 gi|361 23821 24084
3784 gi|361 24258 24547
3785 gi|361 24512 24822
3786 gi|361 24802 25139
3787 gi|361 25127 25302
3788 gi|361 25449 25501
3789 gi|361 25617 26079
3790 gi|361 26558 27696
3791 gi|361 27688 27998
3792 gi|361 28408 29337
3793 gi|361 29070 29978
3794 gi|361 35858 37376
3795 gi|361 38091 39412
3796 gi|361 39939 40088
3797 gi|362 1 124
3798 gi|362 243 386
3799 gi|362 1241 1380
3800 gi|362 2435 2750
3801 gi|362 3316 3410
3802 gi|362 3751 4368
3803 gi|362 5121 5265
3804 gi|362 8335 8633
3805 gi|362 14523 14607
3806 gi|362 16853 16944
3807 gi|362 17931 18051
3808 gi|362 22431 22655
3809 gi|362 24443 24877
3810 gi|362 25105 25412
3811 gi|362 25813 26409
3812 gi|362 36152 37964
3813 gi|362 39372 40140
3814 gi|363 7600 7845
3815 gi|363 8184 9787
3816 gi|363 10983 11134
3817 gi|363 15886 16027
3818 gi|363 16033 16084
3819 gi|363 18636 18980
3820 gi|363 19265 19821
3821 gi|363 24145 24302
3822 gi|363 27319 27478
3823 gi|363 29136 29436
3824 gi|363 29621 29666
3825 gi|363 31332 31577
3826 gi|363 32289 32390
3827 gi|363 35324 35711
3828 gi|363 35955 36190
3829 gi|364 3 843
3830 gi|364 1130 1622
3831 gi|364 3023 3324
3832 gi|364 3218 3492
3833 gi|364 4941 5244
3834 gi|364 5419 5560
3835 gi|364 5525 5686
3836 gi|364 6689 7084
3837 gi|364 7744 7866
3838 gi|364 8061 8191
3839 gi|364 8779 9072
3840 gi|364 9065 9214
3841 gi|364 11654 12535
3842 gi|364 13762 13855
3843 gi|364 14977 15117
3844 gi|364 16676 16751
3845 gi|364 16934 17134
3846 gi|364 17385 18239
3847 gi|364 18432 18519
3848 gi|364 18774 19187
3849 gi|364 21188 21917
3850 gi|364 22091 22211
3851 gi|364 22376 22514
3852 gi|364 22852 24354
3853 gi|364 23883 25553
3854 gi|364 27528 28289
3855 gi|364 29517 30289
3856 gi|364 30490 31227
3857 gi|364 31519 31802
3858 gi|364 32253 34818
3859 gi|364 35624 35882
3860 gi|364 36247 37600
3861 gi|364 37579 38030
3862 gi|364 38581 40007
3863 gi|364 39968 40081
3864 gi|365 1 6684
3865 gi|365 6060 25350
3866 gi|365 23922 32709
3867 gi|365 32192 42272
3868 gi|366 1 654
3869 gi|367 1 2554
3870 gi|367 2861 29319
3871 gi|368 1896 2305
3872 gi|368 2930 3211
3873 gi|368 9370 10836
3874 gi|368 10863 10987
3875 gi|368 11253 12027
3876 gi|368 16740 17737
3877 gi|368 18055 18209
3878 gi|368 19526 19704
3879 gi|368 19806 20040
3880 gi|368 20011 20189
3881 gi|368 20811 21367
3882 gi|368 21698 22069
3883 gi|368 22255 23790
3884 gi|368 25002 26560
3885 gi|368 27032 28836
3886 gi|368 28997 29360
3887 gi|368 29677 30184
3888 gi|368 32914 33812
3889 gi|368 35579 36429
3890 gi|368 37417 39505
3891 gi|369 1 11851
3892 gi|369 12555 12644
3893 gi|369 13073 22067
3894 gi|369 22231 24044
3895 gi|369 24046 24202
3896 gi|369 24407 24459
3897 gi|369 25783 26120
3898 gi|369 26116 26233
3899 gi|369 26284 26443
3900 gi|369 26452 26724
3901 gi|369 27725 28328
3902 gi|369 28688 28768
3903 gi|369 29062 29498
3904 gi|369 29329 30169
3905 gi|369 29856 30858
3906 gi|369 31009 31095
3907 gi|369 31271 31349
3908 gi|369 32626 32801
3909 gi|369 33081 33191
3910 gi|369 33163 33244
3911 gi|369 33208 33544
3912 gi|369 34114 34573
3913 gi|369 34805 35118
3914 gi|369 35620 35762
3915 gi|369 36913 37463
3916 gi|369 37517 37622
3917 gi|369 37902 37966
3918 gi|369 38564 38618
3919 gi|369 38616 38775
3920 gi|369 39626 39826
3921 gi|369 40005 40147
3922 gi|37 329 615
3923 gi|37 2993 3092
3924 gi|37 29109 32301
3925 gi|370 28401 30204
3926 gi|371 17794 18432
3927 gi|371 18376 19210
3928 gi|372 396 949
3929 gi|372 1204 1408
3930 gi|372 2368 2447
3931 gi|372 3876 6700
3932 gi|372 7389 9140
3933 gi|372 9393 11120
3934 gi|372 15965 16081
3935 gi|372 28467 28819
3936 gi|372 28848 28903
3937 gi|372 28956 29418
3938 gi|372 29730 30217
3939 gi|372 30636 31252
3940 gi|372 31253 32061
3941 gi|372 32571 32758
3942 gi|372 32949 34510
3943 gi|372 35056 35291
3944 gi|372 35638 35976
3945 gi|373 17 1887
3946 gi|373 2713 4061
3947 gi|373 4525 4645
3948 gi|373 4658 8454
3949 gi|373 9031 9432
3950 gi|373 10904 14053
3951 gi|373 15162 16574
3952 gi|373 17211 17970
3953 gi|373 24715 24863
3954 gi|373 27235 27436
3955 gi|373 28722 30202
3956 gi|373 30132 32205
3957 gi|373 32316 33029
3958 gi|373 33394 33427
3959 gi|374 1 11431
3960 gi|374 10544 23962
3961 gi|375 1 1192
3962 gi|375 1828 1961
3963 gi|375 2256 4323
3964 gi|375 4702 6372
3965 gi|375 7789 8701
3966 gi|375 10101 10485
3967 gi|375 11165 17803
3968 gi|375 18132 20855
3969 gi|375 22326 37733
3970 gi|375 39163 40000
3971 gi|377 1 35989
3972 gi|379 3386 7397
3973 gi|379 7780 8876
3974 gi|379 8894 9479
3975 gi|379 9529 9800
3976 gi|379 15199 15488
3977 gi|379 16286 16496
3978 gi|379 17150 19461
3979 gi|379 20274 20690
3980 gi|379 23956 24051
3981 gi|379 24840 25128
3982 gi|379 25286 25723
3983 gi|379 26961 28567
3984 gi|379 28629 28842
3985 gi|379 28887 29184
3986 gi|379 29691 29906
3987 gi|379 30229 31833
3988 gi|379 32075 32137
3989 gi|379 32123 32181
3990 gi|379 32222 32350
3991 gi|379 32408 32457
3992 gi|379 32552 32788
3993 gi|379 32955 33192
3994 gi|379 33180 34785
3995 gi|379 34851 34993
3996 gi|379 35006 35510
3997 gi|379 35548 35845
3998 gi|379 35814 36009
3999 gi|379 38857 38988
4000 gi|379 38990 39307
4001 gi|379 39308 40081
4002 gi|38 1 21223
4003 gi|38 21531 33404
4004 gi|380 5166 6007
4005 gi|380 7239 7598
4006 gi|380 9300 10224
4007 gi|380 10933 11448
4008 gi|380 11741 12351
4009 gi|380 13010 13568
4010 gi|380 13629 13750
4011 gi|380 13911 15306
4012 gi|380 16760 17148
4013 gi|380 17092 17286
4014 gi|380 18095 18264
4015 gi|380 18247 18423
4016 gi|380 18380 19493
4017 gi|380 18942 20958
4018 gi|380 22022 23252
4019 gi|380 23620 23694
4020 gi|380 24310 27030
4021 gi|380 27013 27795
4022 gi|380 28105 37464
4023 gi|380 39045 39190
4024 gi|380 39812 40173
4025 gi|381 1872 2111
4026 gi|381 18525 18962
4027 gi|381 19081 19136
4028 gi|381 19768 19974
4029 gi|381 25317 25400
4030 gi|381 28696 28796
4031 gi|381 29342 30162
4032 gi|381 31542 31713
4033 gi|381 32455 32641
4034 gi|381 33179 33526
4035 gi|381 33954 34037
4036 gi|381 34645 34712
4037 gi|381 35415 36319
4038 gi|381 38707 39999
4039 gi|382 17553 17628
4040 gi|382 18998 19174
4041 gi|382 19242 19291
4042 gi|382 19284 20113
4043 gi|382 24477 25202
4044 gi|382 25250 25880
4045 gi|382 26151 26285
4046 gi|382 26786 30573
4047 gi|382 30569 30967
4048 gi|382 30969 31061
4049 gi|382 31061 31414
4050 gi|382 31632 33231
4051 gi|382 33398 33585
4052 gi|382 33581 33649
4053 gi|382 34084 34281
4054 gi|382 34583 35019
4055 gi|382 36367 37679
4056 gi|382 39235 40132
4057 gi|383 1 34015
4058 gi|384 2131 4134
4059 gi|384 4245 6841
4060 gi|384 8139 10017
4061 gi|384 10417 11101
4062 gi|384 11188 13248
4063 gi|384 13711 14853
4064 gi|384 14857 14962
4065 gi|384 14935 16263
4066 gi|384 16279 16417
4067 gi|384 16466 16569
4068 gi|384 16800 19325
4069 gi|384 20247 23625
4070 gi|384 23602 24887
4071 gi|384 25592 26113
4072 gi|384 26518 26598
4073 gi|384 27820 28177
4074 gi|384 28338 28490
4075 gi|384 30762 31530
4076 gi|384 32644 32689
4077 gi|384 33928 35204
4078 gi|384 38427 40021
4079 gi|385 2376 2830
4080 gi|385 2826 3046
4081 gi|385 3653 3830
4082 gi|385 4152 4458
4083 gi|385 5196 5692
4084 gi|385 5872 7564
4085 gi|385 7849 8170
4086 gi|385 8245 8394
4087 gi|385 8452 9039
4088 gi|385 9010 9136
4089 gi|385 9149 9645
4090 gi|385 12495 12622
4091 gi|385 13458 13591
4092 gi|385 14576 15217
4093 gi|385 16029 16401
4094 gi|385 17683 18370
4095 gi|385 39506 39832
4096 gi|385 39832 40130
4097 gi|386 1332 1456
4098 gi|386 2081 2300
4099 gi|386 4965 5349
4100 gi|386 7761 8547
4101 gi|386 9388 10374
4102 gi|386 10442 10730
4103 gi|386 10999 11305
4104 gi|386 11442 11734
4105 gi|386 16314 16877
4106 gi|386 28575 28727
4107 gi|386 29563 29756
4108 gi|386 29687 31444
4109 gi|386 34801 35595
4110 gi|386 37342 38037
4111 gi|386 38289 39205
4112 gi|386 39661 39982
4113 gi|387 4604 5226
4114 gi|387 5315 5836
4115 gi|387 10144 15277
4116 gi|387 15268 15391
4117 gi|387 15573 15859
4118 gi|387 17937 23197
4119 gi|387 23630 24017
4120 gi|387 28617 29191
4121 gi|387 32388 33405
4122 gi|387 33877 35918
4123 gi|387 36198 36908
4124 gi|387 39692 39735
4125 gi|388 2307 2503
4126 gi|388 2504 2688
4127 gi|388 3319 8623
4128 gi|388 11377 11971
4129 gi|388 13898 16734
4130 gi|388 16971 17033
4131 gi|388 19349 19495
4132 gi|388 19962 20043
4133 gi|388 21787 21885
4134 gi|388 21882 21959
4135 gi|388 22029 22093
4136 gi|388 22078 22377
4137 gi|388 22392 22644
4138 gi|388 22635 24763
4139 gi|388 24612 25159
4140 gi|388 25156 25256
4141 gi|388 25267 25509
4142 gi|388 25493 25551
4143 gi|388 28298 28561
4144 gi|388 30317 30461
4145 gi|388 31382 31506
4146 gi|388 31449 32418
4147 gi|388 32489 32764
4148 gi|388 32844 33265
4149 gi|388 35032 38668
4150 gi|389 1 40550
4151 gi|39 4131 4212
4152 gi|39 4404 4709
4153 gi|39 5212 5289
4154 gi|39 14729 14952
4155 gi|39 15200 15621
4156 gi|39 15951 16354
4157 gi|39 18845 19017
4158 gi|39 19018 19105
4159 gi|39 26179 26283
4160 gi|39 26447 26525
4161 gi|39 28585 29385
4162 gi|39 29599 29683
4163 gi|39 29669 29819
4164 gi|39 30261 30456
4165 gi|39 30538 30736
4166 gi|39 30729 30802
4167 gi|39 34779 35739
4168 gi|39 35971 36075
4169 gi|39 36175 36251
4170 gi|39 36251 36406
4171 gi|39 36556 37016
4172 gi|390 243 1302
4173 gi|390 1537 2353
4174 gi|390 2360 3153
4175 gi|390 3152 7038
4176 gi|390 7039 8359
4177 gi|390 8348 11341
4178 gi|390 11330 11435
4179 gi|390 15206 15420
4180 gi|390 22937 23742
4181 gi|390 29151 29575
4182 gi|390 30335 31925
4183 gi|390 32318 32388
4184 gi|390 32919 33248
4185 gi|390 33998 34967
4186 gi|390 35767 36368
4187 gi|390 36704 37808
4188 gi|390 39886 40051
4189 gi|391 2219 3264
4190 gi|391 5019 7637
4191 gi|391 7599 7724
4192 gi|391 10175 10214
4193 gi|391 10210 10759
4194 gi|391 12749 12889
4195 gi|391 14404 15318
4196 gi|391 15687 17485
4197 gi|391 17922 17989
4198 gi|391 21659 21739
4199 gi|391 23049 23784
4200 gi|391 25712 25912
4201 gi|391 25916 26005
4202 gi|391 27409 27470
4203 gi|391 28034 28168
4204 gi|391 29989 30924
4205 gi|391 31498 31716
4206 gi|391 32285 32340
4207 gi|391 32485 32579
4208 gi|391 32662 32705
4209 gi|391 32823 33124
4210 gi|391 33227 33530
4211 gi|391 33554 33695
4212 gi|391 33988 35240
4213 gi|392 1 27642
4214 gi|393 879 1806
4215 gi|393 3463 3679
4216 gi|393 3623 3971
4217 gi|393 4651 4812
4218 gi|393 22719 25150
4219 gi|393 27081 27687
4220 gi|393 28113 28761
4221 gi|393 29414 33333
4222 gi|394 1 2276
4223 gi|394 3367 3482
4224 gi|394 3739 6247
4225 gi|394 6361 7332
4226 gi|394 9108 9647
4227 gi|394 9930 10175
4228 gi|394 10435 10669
4229 gi|394 10928 11075
4230 gi|394 11067 11115
4231 gi|394 11212 11323
4232 gi|394 11753 12395
4233 gi|394 13444 13941
4234 gi|394 18375 18435
4235 gi|394 21169 21309
4236 gi|394 22218 22388
4237 gi|394 22559 22631
4238 gi|394 23250 23381
4239 gi|394 23394 23474
4240 gi|394 23612 23765
4241 gi|394 23710 23892
4242 gi|394 37728 38356
4243 gi|395 9607 10107
4244 gi|396 21355 22697
4245 gi|396 22729 22819
4246 gi|396 33092 33140
4247 gi|396 34170 34277
4248 gi|396 37666 37814
4249 gi|397 15269 15586
4250 gi|397 20371 21942
4251 gi|397 35811 35940
4252 gi|397 35937 36023
4253 gi|397 36162 36265
4254 gi|398 30 175
4255 gi|398 1498 1636
4256 gi|398 1695 1888
4257 gi|398 3288 3636
4258 gi|398 5549 6093
4259 gi|398 9755 9816
4260 gi|398 9813 9911
4261 gi|398 10102 10148
4262 gi|398 11122 11324
4263 gi|398 11331 11435
4264 gi|398 12424 12482
4265 gi|398 14231 14438
4266 gi|398 14374 14585
4267 gi|398 14692 14969
4268 gi|398 16594 16661
4269 gi|398 19745 19910
4270 gi|398 20704 21333
4271 gi|398 21586 22768
4272 gi|398 23050 23667
4273 gi|398 24186 24294
4274 gi|398 24273 24334
4275 gi|398 24931 25022
4276 gi|398 30707 31001
4277 gi|398 31902 32316
4278 gi|399 1 33213
4279 gi|4 1 699
4280 gi|4 402 1083
4281 gi|4 1142 2245
4282 gi|4 2255 2342
4283 gi|4 2669 2733
4284 gi|4 4061 4534
4285 gi|4 5155 5394
4286 gi|4 7408 8136
4287 gi|4 9922 10023
4288 gi|4 13677 13766
4289 gi|4 15494 15935
4290 gi|4 16540 16803
4291 gi|4 16777 16871
4292 gi|4 17267 17374
4293 gi|4 18000 18325
4294 gi|4 18941 19391
4295 gi|4 21322 21881
4296 gi|4 32622 32714
4297 gi|4 37648 38186
4298 gi|4 38298 38427
4299 gi|4 38378 38573
4300 gi|4 39019 39822
4301 gi|4 39838 39940
4302 gi|40 168 660
4303 gi|40 2091 2228
4304 gi|40 2269 4280
4305 gi|40 4330 4442
4306 gi|40 4431 4581
4307 gi|40 8604 8754
4308 gi|40 10153 10312
4309 gi|40 14898 14997
4310 gi|40 15178 15512
4311 gi|40 15414 15716
4312 gi|40 15703 15807
4313 gi|40 15975 16080
4314 gi|40 16923 17056
4315 gi|40 18486 18650
4316 gi|40 18861 18909
4317 gi|40 19051 21065
4318 gi|40 26424 26493
4319 gi|40 26499 26569
4320 gi|40 26595 26728
4321 gi|40 26764 26939
4322 gi|40 26929 26983
4323 gi|40 27735 27869
4324 gi|40 29014 29439
4325 gi|40 30488 30642
4326 gi|40 31488 31610
4327 gi|40 31594 31657
4328 gi|40 32811 33084
4329 gi|40 34271 34342
4330 gi|40 36993 37583
4331 gi|40 38489 38762
4332 gi|40 39929 40000
4333 gi|400 1671 2075
4334 gi|400 2602 2888
4335 gi|400 5633 5732
4336 gi|400 8449 8488
4337 gi|400 8708 8926
4338 gi|400 17851 18585
4339 gi|400 19165 21028
4340 gi|400 21200 21385
4341 gi|400 22349 22833
4342 gi|400 22868 22968
4343 gi|400 29530 29579
4344 gi|400 29578 36390
4345 gi|400 38084 40147
4346 gi|401 17831 18061
4347 gi|401 33050 33173
4348 gi|402 1 1174
4349 gi|402 1388 1756
4350 gi|402 1624 4481
4351 gi|402 5964 6177
4352 gi|402 6573 6622
4353 gi|402 8931 9454
4354 gi|402 9775 9933
4355 gi|402 11435 12372
4356 gi|402 12753 13438
4357 gi|402 14127 14172
4358 gi|402 14508 15116
4359 gi|402 15333 15978
4360 gi|402 15967 16394
4361 gi|402 16463 16612
4362 gi|402 18072 18143
4363 gi|402 18670 19531
4364 gi|402 20829 20911
4365 gi|403 208 516
4366 gi|403 14372 14518
4367 gi|403 15135 15384
4368 gi|403 22441 22765
4369 gi|403 22765 22956
4370 gi|403 23630 23975
4371 gi|403 24305 24805
4372 gi|403 25819 25854
4373 gi|403 27591 29181
4374 gi|403 29474 32938
4375 gi|403 33274 33319
4376 gi|403 34944 35655
4377 gi|403 35984 36209
4378 gi|403 36423 36526
4379 gi|403 36585 37061
4380 gi|403 37375 40000
4381 gi|404 1 1457
4382 gi|404 1591 3783
4383 gi|404 3618 5174
4384 gi|404 7459 9849
4385 gi|404 10853 12251
4386 gi|404 12017 12596
4387 gi|404 13894 14137
4388 gi|404 14387 16191
4389 gi|404 16191 18445
4390 gi|404 19877 21939
4391 gi|404 22511 23185
4392 gi|404 24116 24168
4393 gi|404 24923 26847
4394 gi|404 27155 27223
4395 gi|404 32169 33294
4396 gi|404 39535 40100
4397 gi|405 2457 2718
4398 gi|405 12589 12680
4399 gi|405 14869 15025
4400 gi|405 15693 16100
4401 gi|405 16672 16886
4402 gi|405 25656 25758
4403 gi|405 35148 35411
4404 gi|406 3739 4000
4405 gi|406 6756 7159
4406 gi|406 8998 9059
4407 gi|406 12169 12408
4408 gi|406 20684 20835
4409 gi|406 21349 21549
4410 gi|406 21715 21824
4411 gi|406 22186 22922
4412 gi|406 26389 26862
4413 gi|406 27957 28279
4414 gi|406 29859 30284
4415 gi|406 32546 32994
4416 gi|406 34062 34252
4417 gi|406 36593 36655
4418 gi|407 611 1026
4419 gi|407 1947 2175
4420 gi|407 5075 5316
4421 gi|407 12145 12281
4422 gi|407 13555 16459
4423 gi|407 17129 18120
4424 gi|407 19515 19582
4425 gi|407 26375 26776
4426 gi|407 26904 27003
4427 gi|407 28236 28878
4428 gi|407 29034 29678
4429 gi|407 29973 30095
4430 gi|407 31408 31676
4431 gi|407 32008 32818
4432 gi|407 33661 33999
4433 gi|407 34344 34780
4434 gi|407 35805 35903
4435 gi|408 7903 9473
4436 gi|408 10146 10422
4437 gi|408 15410 15564
4438 gi|408 16389 16652
4439 gi|408 18549 19012
4440 gi|408 18900 19879
4441 gi|408 31133 31227
4442 gi|408 31627 31773
4443 gi|408 31806 31961
4444 gi|408 32261 32562
4445 gi|408 33994 34553
4446 gi|409 6287 6434
4447 gi|409 6477 6564
4448 gi|409 12756 12956
4449 gi|409 17904 18023
4450 gi|409 18183 20108
4451 gi|409 28467 28583
4452 gi|409 33157 33744
4453 gi|409 33714 34121
4454 gi|409 34120 34450
4455 gi|409 36505 36648
4456 gi|409 37229 38176
4457 gi|41 3 3246
4458 gi|41 4127 4484
4459 gi|41 5046 8147
4460 gi|41 8163 8302
4461 gi|41 8276 8783
4462 gi|41 8642 9081
4463 gi|41 8871 9407
4464 gi|41 9828 9927
4465 gi|41 9978 10249
4466 gi|41 10477 10737
4467 gi|41 10738 11006
4468 gi|41 11148 11456
4469 gi|41 11955 12531
4470 gi|41 12809 12862
4471 gi|41 14386 15208
4472 gi|41 15245 16321
4473 gi|41 16412 16741
4474 gi|41 17643 17830
4475 gi|41 19282 20515
4476 gi|41 22765 23584
4477 gi|41 24019 24240
4478 gi|41 24406 26944
4479 gi|41 27449 28431
4480 gi|41 28430 28816
4481 gi|41 29190 30450
4482 gi|41 32179 32362
4483 gi|41 34064 35047
4484 gi|41 37302 38086
4485 gi|41 38086 38812
4486 gi|41 38794 39910
4487 gi|410 3533 3609
4488 gi|410 7834 7930
4489 gi|410 8904 9557
4490 gi|410 10177 10287
4491 gi|410 21714 22527
4492 gi|410 30889 31167
4493 gi|410 32266 34432
4494 gi|410 37245 38259
4495 gi|410 37936 39498
4496 gi|410 39572 39645
4497 gi|411 4386 4624
4498 gi|411 7765 7841
4499 gi|411 12192 12259
4500 gi|411 22469 23434
4501 gi|411 25228 26826
4502 gi|411 26981 27035
4503 gi|411 27629 27685
4504 gi|411 28093 29521
4505 gi|411 29883 29947
4506 gi|411 32712 32808
4507 gi|411 33999 34070
4508 gi|412 4 1610
4509 gi|412 1421 2583
4510 gi|412 3027 3110
4511 gi|412 3621 5264
4512 gi|412 5366 5414
4513 gi|412 8357 8530
4514 gi|412 11738 12416
4515 gi|412 12415 13407
4516 gi|412 13328 16838
4517 gi|412 18800 18858
4518 gi|412 18883 19042
4519 gi|412 19025 19210
4520 gi|412 19193 19351
4521 gi|412 19347 19901
4522 gi|412 19901 20172
4523 gi|412 23538 23941
4524 gi|412 24130 24421
4525 gi|412 24415 24452
4526 gi|412 24589 24744
4527 gi|412 25352 26469
4528 gi|412 28711 29341
4529 gi|412 30342 30653
4530 gi|412 37753 37985
4531 gi|412 38073 38495
4532 gi|412 38657 39359
4533 gi|412 39360 40147
4534 gi|413 2278 2390
4535 gi|413 2453 2736
4536 gi|413 3554 3876
4537 gi|413 7784 8106
4538 gi|413 13663 13754
4539 gi|413 24803 26861
4540 gi|414 1201 1248
4541 gi|414 2324 2368
4542 gi|414 8720 12595
4543 gi|414 13946 14177
4544 gi|414 15943 16448
4545 gi|414 18358 21315
4546 gi|414 25732 25855
4547 gi|414 27122 31965
4548 gi|414 32531 34599
4549 gi|414 36379 36442
4550 gi|414 36735 40000
4551 gi|415 54 993
4552 gi|415 1150 1515
4553 gi|415 2847 3098
4554 gi|415 5368 6757
4555 gi|415 7616 7896
4556 gi|415 9894 10512
4557 gi|415 13291 13535
4558 gi|415 15812 16449
4559 gi|415 16899 16993
4560 gi|415 18732 20392
4561 gi|415 20755 21671
4562 gi|415 22173 23228
4563 gi|415 24669 25468
4564 gi|415 34891 35134
4565 gi|415 35342 35811
4566 gi|415 36612 37014
4567 gi|415 38793 39025
4568 gi|416 15 2522
4569 gi|416 2553 2686
4570 gi|416 2951 3338
4571 gi|416 3280 4518
4572 gi|416 6580 6967
4573 gi|416 12269 12500
4574 gi|416 12721 12799
4575 gi|416 13013 13105
4576 gi|416 15961 16094
4577 gi|416 19864 20233
4578 gi|416 22349 22400
4579 gi|416 22975 23849
4580 gi|416 24373 24683
4581 gi|416 24668 24951
4582 gi|416 28070 28286
4583 gi|416 30535 30659
4584 gi|416 30721 30799
4585 gi|416 30981 31177
4586 gi|416 31496 31781
4587 gi|416 38046 38139
4588 gi|416 38418 38580
4589 gi|417 1985 2338
4590 gi|417 3252 3349
4591 gi|417 3332 7036
4592 gi|417 9422 11872
4593 gi|417 14348 15395
4594 gi|417 21444 21567
4595 gi|417 23520 23765
4596 gi|417 25721 25968
4597 gi|417 27445 27743
4598 gi|417 27745 28136
4599 gi|417 30629 31090
4600 gi|417 32288 32549
4601 gi|417 32724 32786
4602 gi|417 33602 33667
4603 gi|417 35475 36925
4604 gi|417 37410 37742
4605 gi|417 38734 38773
4606 gi|417 38806 38873
4607 gi|417 38875 39095
4608 gi|417 39461 39654
4609 gi|417 39654 39754
4610 gi|417 39851 40000
4611 gi|418 15844 16211
4612 gi|418 16493 16720
4613 gi|418 17007 17159
4614 gi|418 17727 18528
4615 gi|418 18521 18636
4616 gi|418 19276 19583
4617 gi|418 20132 20426
4618 gi|418 20540 20604
4619 gi|418 21276 21464
4620 gi|418 21607 21688
4621 gi|418 23026 23943
4622 gi|418 26106 26184
4623 gi|419 3312 3515
4624 gi|419 3596 3747
4625 gi|419 3683 3845
4626 gi|419 18695 19919
4627 gi|419 20920 21138
4628 gi|419 27687 27924
4629 gi|419 30754 31408
4630 gi|419 35620 35718
4631 gi|419 35695 35758
4632 gi|419 38041 38103
4633 gi|42 18688 18771
4634 gi|42 24516 24605
4635 gi|420 4709 4967
4636 gi|420 7201 7823
4637 gi|420 7758 8810
4638 gi|420 20943 21029
4639 gi|420 32352 32419
4640 gi|420 33329 33849
4641 gi|420 33818 33957
4642 gi|420 34531 34669
4643 gi|420 37556 37633
4644 gi|420 39876 40000
4645 gi|421 1 1038
4646 gi|421 2325 2598
4647 gi|421 5460 5731
4648 gi|421 6858 7204
4649 gi|421 7546 7607
4650 gi|421 8585 8669
4651 gi|421 9121 11018
4652 gi|421 15918 16110
4653 gi|421 16112 17247
4654 gi|421 20172 21005
4655 gi|421 21156 21358
4656 gi|421 22931 23112
4657 gi|421 24650 24901
4658 gi|421 25863 26392
4659 gi|421 27271 28197
4660 gi|421 34269 34417
4661 gi|421 35237 35550
4662 gi|421 36207 37488
4663 gi|421 37415 37645
4664 gi|422 6 1197
4665 gi|422 3267 3698
4666 gi|422 3645 4177
4667 gi|422 4170 4340
4668 gi|422 7089 7705
4669 gi|422 11184 11862
4670 gi|422 12023 12504
4671 gi|422 13162 14080
4672 gi|422 14460 15092
4673 gi|422 16646 16747
4674 gi|422 17187 18973
4675 gi|422 19713 19754
4676 gi|422 20260 20530
4677 gi|422 22187 23419
4678 gi|422 23744 24343
4679 gi|422 25627 25726
4680 gi|422 33837 33995
4681 gi|422 33999 34259
4682 gi|422 34670 36028
4683 gi|423 4777 5242
4684 gi|423 5665 5858
4685 gi|423 6216 6925
4686 gi|423 7092 7334
4687 gi|423 7269 7561
4688 gi|423 8386 10106
4689 gi|423 21588 21755
4690 gi|423 21907 23352
4691 gi|423 26128 26473
4692 gi|423 26750 26923
4693 gi|423 27806 27976
4694 gi|423 28890 29386
4695 gi|423 29775 30131
4696 gi|423 30408 30592
4697 gi|423 32548 33043
4698 gi|423 33498 33781
4699 gi|423 35225 35475
4700 gi|423 36561 36883
4701 gi|424 2780 3491
4702 gi|424 3483 3628
4703 gi|424 6757 6805
4704 gi|424 6873 6931
4705 gi|424 6931 7187
4706 gi|424 7586 7640
4707 gi|424 8491 8545
4708 gi|424 8543 8623
4709 gi|424 8767 8846
4710 gi|424 9007 9261
4711 gi|424 10911 11007
4712 gi|424 11018 11318
4713 gi|424 12092 13556
4714 gi|424 13676 14373
4715 gi|424 20059 20119
4716 gi|424 24867 25237
4717 gi|424 25174 25384
4718 gi|424 27771 27861
4719 gi|424 35737 35879
4720 gi|424 36276 36455
4721 gi|424 37367 37772
4722 gi|424 38174 38623
4723 gi|424 38948 39134
4724 gi|424 39289 39375
4725 gi|425 8641 8762
4726 gi|425 8763 9009
4727 gi|425 9016 9341
4728 gi|425 9377 11677
4729 gi|425 11695 12097
4730 gi|425 12619 12980
4731 gi|425 12967 13203
4732 gi|425 13572 13706
4733 gi|425 34034 34684
4734 gi|425 35499 37838
4735 gi|425 39818 39943
4736 gi|426 3860 4543
4737 gi|426 8066 10384
4738 gi|426 10781 11256
4739 gi|426 11969 12582
4740 gi|426 13519 13601
4741 gi|426 14094 14203
4742 gi|426 14202 14260
4743 gi|426 23095 23194
4744 gi|426 25293 25405
4745 gi|427 1 154
4746 gi|427 151 426
4747 gi|427 2270 2416
4748 gi|427 3044 6129
4749 gi|427 5818 8230
4750 gi|427 7982 9441
4751 gi|427 9415 11517
4752 gi|427 11858 13729
4753 gi|427 13293 15423
4754 gi|427 16058 16188
4755 gi|427 16159 16874
4756 gi|427 19146 20606
4757 gi|427 23935 24078
4758 gi|427 27155 32891
4759 gi|427 35738 36636
4760 gi|427 36628 37421
4761 gi|427 37338 37850
4762 gi|427 38213 38292
4763 gi|427 39676 40378
4764 gi|429 6823 11441
4765 gi|429 10748 12443
4766 gi|429 12434 15191
4767 gi|429 16370 16593
4768 gi|429 16777 17198
4769 gi|429 17606 17792
4770 gi|429 18284 23559
4771 gi|429 23768 23801
4772 gi|429 24075 24225
4773 gi|429 26207 26332
4774 gi|429 27811 27966
4775 gi|429 28815 29101
4776 gi|429 29058 29190
4777 gi|429 33607 33745
4778 gi|43 5031 5167
4779 gi|43 5319 5579
4780 gi|43 7234 7421
4781 gi|43 9384 11121
4782 gi|43 13033 13247
4783 gi|43 13239 13799
4784 gi|43 21676 23074
4785 gi|43 23450 23847
4786 gi|43 23875 24103
4787 gi|43 24102 24139
4788 gi|43 25091 25159
4789 gi|43 25831 25948
4790 gi|43 27849 28159
4791 gi|43 32357 32689
4792 gi|43 37415 37506
4793 gi|43 37598 37721
4794 gi|430 1 3036
4795 gi|430 4246 4433
4796 gi|430 10539 10644
4797 gi|430 11662 12080
4798 gi|430 13020 13104
4799 gi|430 13760 19097
4800 gi|430 19108 19197
4801 gi|430 19488 24762
4802 gi|430 25572 25985
4803 gi|430 26321 30441
4804 gi|430 31953 32200
4805 gi|430 33562 33680
4806 gi|430 35348 35932
4807 gi|430 36202 36863
4808 gi|430 36841 39629
4809 gi|430 39624 40062
4810 gi|431 1494 1827
4811 gi|431 1721 3444
4812 gi|431 13157 13243
4813 gi|431 21818 22004
4814 gi|431 28257 28874
4815 gi|431 29043 29458
4816 gi|431 31429 31629
4817 gi|432 3893 7088
4818 gi|432 6975 8061
4819 gi|432 8411 8696
4820 gi|432 9240 10370
4821 gi|432 10535 10716
4822 gi|432 10742 10972
4823 gi|432 10962 11266
4824 gi|432 11797 12891
4825 gi|432 13377 13537
4826 gi|432 14472 14707
4827 gi|432 15275 16235
4828 gi|432 16576 17137
4829 gi|432 17133 17442
4830 gi|432 17406 17596
4831 gi|432 17556 17777
4832 gi|432 18082 19088
4833 gi|432 19102 19244
4834 gi|432 20193 21292
4835 gi|432 21598 21714
4836 gi|432 22019 24906
4837 gi|432 26890 28279
4838 gi|432 30294 30419
4839 gi|432 31077 31985
4840 gi|432 32166 32915
4841 gi|432 34642 34783
4842 gi|432 34866 35710
4843 gi|432 36091 36335
4844 gi|432 36851 37084
4845 gi|432 37620 39338
4846 gi|432 39354 39486
4847 gi|432 39643 39767
4848 gi|432 39710 40130
4849 gi|434 1703 2955
4850 gi|434 3527 4295
4851 gi|434 29418 29683
4852 gi|434 32564 33352
4853 gi|435 896 2329
4854 gi|435 2848 3078
4855 gi|435 5343 5480
4856 gi|435 5453 5642
4857 gi|435 6794 7282
4858 gi|435 7039 7798
4859 gi|435 8282 9526
4860 gi|435 10000 10116
4861 gi|435 12102 12348
4862 gi|435 13167 13268
4863 gi|435 14151 14262
4864 gi|435 28560 28616
4865 gi|435 30137 31153
4866 gi|435 31732 31921
4867 gi|435 32613 32987
4868 gi|435 33715 33895
4869 gi|435 34521 34911
4870 gi|436 1 15295
4871 gi|436 15603 23124
4872 gi|437 6266 6446
4873 gi|437 6731 6802
4874 gi|437 8399 9787
4875 gi|437 9736 10066
4876 gi|437 10170 10376
4877 gi|437 10316 11793
4878 gi|437 11841 11957
4879 gi|437 22420 22538
4880 gi|437 22549 22783
4881 gi|437 22906 23502
4882 gi|437 27317 28954
4883 gi|437 29586 30888
4884 gi|437 30917 32086
4885 gi|437 32083 33694
4886 gi|437 33754 34063
4887 gi|437 36164 36549
4888 gi|437 38006 40117
4889 gi|438 15 211
4890 gi|438 126 571
4891 gi|438 6407 6880
4892 gi|438 6887 7031
4893 gi|438 7122 7168
4894 gi|438 7308 9396
4895 gi|438 9359 9887
4896 gi|438 17617 17688
4897 gi|439 1013 1075
4898 gi|439 1363 1575
4899 gi|439 1581 2146
4900 gi|439 3322 3799
4901 gi|439 6512 7296
4902 gi|439 7523 7708
4903 gi|439 8455 9324
4904 gi|439 9207 10454
4905 gi|439 10501 10632
4906 gi|439 14210 14555
4907 gi|439 15523 16064
4908 gi|439 16542 16609
4909 gi|439 18122 18205
4910 gi|439 19416 19568
4911 gi|439 21779 22175
4912 gi|439 22964 23093
4913 gi|439 23372 23530
4914 gi|439 25240 25352
4915 gi|44 7875 7929
4916 gi|44 8003 8039
4917 gi|44 8244 9051
4918 gi|44 9137 9222
4919 gi|44 10155 10993
4920 gi|44 11635 11794
4921 gi|44 12017 13101
4922 gi|44 13181 13228
4923 gi|44 16470 17013
4924 gi|44 17788 18121
4925 gi|44 23081 23259
4926 gi|44 27378 27639
4927 gi|44 27792 30718
4928 gi|44 30939 31049
4929 gi|44 34203 34354
4930 gi|44 34388 34484
4931 gi|44 35033 37063
4932 gi|44 38573 39401
4933 gi|440 778 979
4934 gi|440 4576 4736
4935 gi|440 5933 6008
4936 gi|440 8512 8598
4937 gi|440 8559 8857
4938 gi|440 10351 12040
4939 gi|440 12989 13491
4940 gi|440 13536 14073
4941 gi|440 15679 17635
4942 gi|440 18185 18720
4943 gi|440 18721 18950
4944 gi|440 19196 19393
4945 gi|440 20244 20322
4946 gi|440 24155 24787
4947 gi|440 26476 26544
4948 gi|440 27042 27591
4949 gi|440 27830 27977
4950 gi|440 32178 32216
4951 gi|440 33853 34156
4952 gi|440 35065 35701
4953 gi|440 35713 36606
4954 gi|440 36612 36727
4955 gi|440 38644 39475
4956 gi|440 39908 40078
4957 gi|441 1 5822
4958 gi|441 6280 7086
4959 gi|441 9388 9587
4960 gi|441 12069 12457
4961 gi|441 12604 12750
4962 gi|441 12746 16120
4963 gi|441 16122 17344
4964 gi|441 17208 17800
4965 gi|441 18190 19635
4966 gi|441 20342 21609
4967 gi|441 21720 22047
4968 gi|441 21959 22745
4969 gi|441 22370 23429
4970 gi|441 23401 24927
4971 gi|441 26013 27245
4972 gi|441 28102 28476
4973 gi|441 30793 33083
4974 gi|441 34577 34965
4975 gi|441 35119 35290
4976 gi|441 37488 37667
4977 gi|441 38365 40173
4978 gi|442 10760 11466
4979 gi|442 11787 12378
4980 gi|442 12361 12420
4981 gi|442 12412 12700
4982 gi|442 19570 20329
4983 gi|442 20516 20599
4984 gi|442 21585 21739
4985 gi|442 22627 22681
4986 gi|442 23661 23721
4987 gi|442 23929 24073
4988 gi|442 24560 25810
4989 gi|442 26508 27062
4990 gi|442 27177 27248
4991 gi|442 27589 27782
4992 gi|442 27854 28049
4993 gi|442 29346 29486
4994 gi|442 29833 30023
4995 gi|442 29983 30143
4996 gi|442 30142 30188
4997 gi|442 30191 30469
4998 gi|442 30468 32268
4999 gi|442 32538 34283
5000 gi|442 34350 34853
5001 gi|442 36728 37582
5002 gi|442 38031 38243
5003 gi|442 38234 38375
5004 gi|442 38380 38522
5005 gi|442 38520 40378
5006 gi|443 3774 3916
5007 gi|443 4041 4878
5008 gi|443 10382 10609
5009 gi|443 12914 13079
5010 gi|443 16002 16357
5011 gi|443 16942 18196
5012 gi|443 18191 18261
5013 gi|443 19248 19313
5014 gi|444 11430 11719
5015 gi|444 31598 35033
5016 gi|444 38372 39303
5017 gi|445 1 56
5018 gi|445 10599 10651
5019 gi|445 20839 20901
5020 gi|445 21011 21140
5021 gi|445 21128 21279
5022 gi|445 21799 21850
5023 gi|445 23110 23294
5024 gi|445 28035 28140
5025 gi|445 31963 32050
5026 gi|446 30488 33777
5027 gi|447 593 783
5028 gi|447 781 868
5029 gi|447 868 1355
5030 gi|447 1343 3677
5031 gi|447 4602 4791
5032 gi|447 6149 6273
5033 gi|447 7097 8331
5034 gi|447 12545 12635
5035 gi|447 12969 13048
5036 gi|447 15496 15790
5037 gi|447 17255 17342
5038 gi|447 17527 20691
5039 gi|447 27686 27819
5040 gi|447 28231 28265
5041 gi|447 28264 29001
5042 gi|447 29004 30660
5043 gi|447 30659 31096
5044 gi|447 32927 33280
5045 gi|447 33917 34972
5046 gi|447 36322 38203
5047 gi|447 38220 39122
5048 gi|447 39111 40000
5049 gi|448 4253 4368
5050 gi|448 9813 10255
5051 gi|448 10328 10574
5052 gi|448 10599 11432
5053 gi|448 11384 11646
5054 gi|448 11643 11911
5055 gi|448 13408 13910
5056 gi|448 17516 18838
5057 gi|448 19033 19305
5058 gi|448 20319 20461
5059 gi|448 30873 31073
5060 gi|448 31804 31955
5061 gi|449 26 258
5062 gi|449 2103 2375
5063 gi|449 3232 3481
5064 gi|449 3782 3845
5065 gi|449 3829 4056
5066 gi|449 5777 5858
5067 gi|449 11375 11695
5068 gi|449 14387 16299
5069 gi|449 16374 16688
5070 gi|449 18656 18978
5071 gi|449 24741 24841
5072 gi|449 33831 33954
5073 gi|449 38737 38835
5074 gi|449 39015 39268
5075 gi|45 2 35283
5076 gi|450 11918 12099
5077 gi|450 12100 12335
5078 gi|450 31561 31961
5079 gi|450 32247 32330
5080 gi|451 5603 7812
5081 gi|451 12775 14834
5082 gi|451 18399 18766
5083 gi|451 20006 20203
5084 gi|451 20372 20539
5085 gi|451 31813 32027
5086 gi|451 32318 32559
5087 gi|451 36762 36865
5088 gi|451 37054 37390
5089 gi|452 866 1001
5090 gi|452 1486 1603
5091 gi|452 1918 1967
5092 gi|452 2593 2630
5093 gi|452 3071 3176
5094 gi|452 4771 4884
5095 gi|452 6399 6517
5096 gi|452 6498 6628
5097 gi|452 9957 10932
5098 gi|452 12040 13400
5099 gi|452 13358 15324
5100 gi|452 15581 16518
5101 gi|452 16808 16837
5102 gi|452 18670 22540
5103 gi|452 23891 24122
5104 gi|452 25888 26393
5105 gi|452 28303 31258
5106 gi|452 38578 39229
5107 gi|452 39749 39806
5108 gi|454 5992 6211
5109 gi|454 10013 10154
5110 gi|454 10190 10944
5111 gi|454 11232 11475
5112 gi|454 23421 23482
5113 gi|454 32916 33829
5114 gi|454 34386 35174
5115 gi|454 35403 35901
5116 gi|454 36002 38993
5117 gi|454 39572 39959
5118 gi|454 39860 40081
5119 gi|455 2932 3120
5120 gi|455 3471 4067
5121 gi|455 7485 7796
5122 gi|455 9767 10168
5123 gi|455 17858 17964
5124 gi|455 24275 24388
5125 gi|455 24513 24544
5126 gi|455 24531 24594
5127 gi|455 26992 28823
5128 gi|455 29279 31362
5129 gi|455 31678 33045
5130 gi|455 37304 37414
5131 gi|456 1 1919
5132 gi|456 2227 40653
5133 gi|457 754 3469
5134 gi|457 3481 4643
5135 gi|457 4730 5534
5136 gi|457 5752 6335
5137 gi|457 7720 10493
5138 gi|457 10456 13418
5139 gi|457 20322 20722
5140 gi|457 28320 29517
5141 gi|457 29518 29978
5142 gi|457 31641 31755
5143 gi|458 11971 12284
5144 gi|458 26966 27050
5145 gi|458 29898 30484
5146 gi|458 31095 31266
5147 gi|458 31239 31347
5148 gi|458 33656 35394
5149 gi|458 34919 36205
5150 gi|458 36436 36581
5151 gi|458 37281 37371
5152 gi|458 38056 38281
5153 gi|458 38810 40120
5154 gi|459 6569 6704
5155 gi|459 6762 7432
5156 gi|459 7434 7920
5157 gi|459 7919 8007
5158 gi|459 7989 8568
5159 gi|459 9050 9166
5160 gi|459 12353 12469
5161 gi|459 19967 20014
5162 gi|459 22907 23562
5163 gi|459 23713 24959
5164 gi|459 28522 28755
5165 gi|459 29129 29253
5166 gi|459 31183 31599
5167 gi|46 620 678
5168 gi|46 39477 39538
5169 gi|460 9397 10233
5170 gi|460 10765 11445
5171 gi|460 15114 15179
5172 gi|460 15388 15616
5173 gi|460 15849 15976
5174 gi|460 16194 16319
5175 gi|460 23748 24345
5176 gi|460 27196 27652
5177 gi|460 28273 28402
5178 gi|460 36087 36184
5179 gi|460 39905 40081
5180 gi|461 1 616
5181 gi|461 2742 3172
5182 gi|461 14107 14757
5183 gi|461 17505 18265
5184 gi|461 18577 18770
5185 gi|461 18861 19093
5186 gi|461 20400 21034
5187 gi|461 21681 21748
5188 gi|461 22527 23406
5189 gi|461 27203 28270
5190 gi|461 28864 28978
5191 gi|461 29109 29149
5192 gi|461 30593 31563
5193 gi|461 38581 38800
5194 gi|461 38999 39618
5195 gi|462 2376 2783
5196 gi|462 3082 3273
5197 gi|462 3204 3483
5198 gi|462 3783 4078
5199 gi|462 6493 6800
5200 gi|462 8914 9180
5201 gi|462 9176 9543
5202 gi|462 9696 10066
5203 gi|462 10062 10344
5204 gi|462 10914 11032
5205 gi|462 11461 11587
5206 gi|462 12165 12441
5207 gi|462 15037 15826
5208 gi|462 15808 16999
5209 gi|462 17799 19790
5210 gi|462 21117 21244
5211 gi|462 24010 24910
5212 gi|462 24970 25180
5213 gi|462 25300 25379
5214 gi|462 25551 26385
5215 gi|462 27366 27600
5216 gi|462 30269 30340
5217 gi|462 40033 40123
5218 gi|463 4388 4628
5219 gi|463 11611 12032
5220 gi|463 12402 14349
5221 gi|463 19967 20030
5222 gi|463 21326 21714
5223 gi|463 21905 22965
5224 gi|463 23888 24065
5225 gi|463 24072 24353
5226 gi|463 24222 24521
5227 gi|463 24537 24819
5228 gi|463 25789 26219
5229 gi|463 30842 31125
5230 gi|463 31467 31762
5231 gi|464 3438 3569
5232 gi|464 4593 5547
5233 gi|464 6572 7174
5234 gi|464 7182 7844
5235 gi|464 8582 8690
5236 gi|464 32371 34808
5237 gi|464 34987 37679
5238 gi|464 38082 38176
5239 gi|465 7297 8109
5240 gi|465 27869 28179
5241 gi|465 36709 36792
5242 gi|466 2791 2946
5243 gi|466 2934 3613
5244 gi|466 4141 4211
5245 gi|466 18836 19824
5246 gi|466 24153 26956
5247 gi|466 27482 31261
5248 gi|466 36384 37130
5249 gi|466 37403 37435
5250 gi|466 38126 38788
5251 gi|466 38883 39303
5252 gi|467 1 29
5253 gi|468 3178 3428
5254 gi|468 3894 3994
5255 gi|468 8554 8818
5256 gi|468 11726 12392
5257 gi|468 12643 12713
5258 gi|468 16300 16578
5259 gi|468 17499 17769
5260 gi|468 19461 19870
5261 gi|468 35188 35356
5262 gi|468 35740 35796
5263 gi|468 36246 36378
5264 gi|468 38301 40000
5265 gi|469 2050 4220
5266 gi|469 25823 27682
5267 gi|469 27448 28049
5268 gi|469 30310 30473
5269 gi|469 30531 30693
5270 gi|469 30696 31598
5271 gi|469 31816 32643
5272 gi|469 36151 36235
5273 gi|469 37818 38018
5274 gi|47 2 1952
5275 gi|47 2138 2276
5276 gi|47 2279 4031
5277 gi|47 4088 4500
5278 gi|47 4500 6388
5279 gi|47 9760 10380
5280 gi|47 18077 18162
5281 gi|47 20359 20826
5282 gi|47 22713 23162
5283 gi|47 25346 25976
5284 gi|47 28361 28582
5285 gi|47 28538 28640
5286 gi|47 28690 28951
5287 gi|47 29191 29526
5288 gi|47 30064 30317
5289 gi|47 31516 31711
5290 gi|47 37501 37569
5291 gi|47 39614 40096
5292 gi|470 4700 5020
5293 gi|470 5144 6759
5294 gi|470 7608 7724
5295 gi|470 18510 18726
5296 gi|470 24398 24648
5297 gi|470 24635 24722
5298 gi|470 25258 25394
5299 gi|470 26680 26846
5300 gi|470 28934 29013
5301 gi|471 233 4516
5302 gi|471 7437 8440
5303 gi|471 9276 9337
5304 gi|471 9948 10176
5305 gi|471 10697 11277
5306 gi|471 11764 12106
5307 gi|471 13677 13790
5308 gi|471 14213 14486
5309 gi|471 14471 15426
5310 gi|471 15394 15565
5311 gi|471 16170 18420
5312 gi|471 19140 20092
5313 gi|471 20268 20717
5314 gi|471 21053 21452
5315 gi|471 21704 21979
5316 gi|471 22123 22272
5317 gi|471 22726 23826
5318 gi|471 26317 26801
5319 gi|471 26628 27086
5320 gi|471 28574 29082
5321 gi|471 31041 31258
5322 gi|471 33497 37708
5323 gi|471 38292 38515
5324 gi|471 39454 39846
5325 gi|472 38275 39577
5326 gi|472 39906 40000
5327 gi|473 4359 4452
5328 gi|473 5592 7540
5329 gi|473 9477 13034
5330 gi|473 13895 14219
5331 gi|473 14562 15905
5332 gi|473 15805 17764
5333 gi|473 17848 17897
5334 gi|473 17895 18350
5335 gi|473 19201 29063
5336 gi|473 31151 31592
5337 gi|473 36936 37107
5338 gi|473 39130 39659
5339 gi|474 5593 10084
5340 gi|474 13130 13349
5341 gi|474 15958 16104
5342 gi|474 16219 17637
5343 gi|474 17600 17697
5344 gi|474 20412 21702
5345 gi|474 22956 23195
5346 gi|474 23287 25964
5347 gi|474 27153 27276
5348 gi|474 29685 29782
5349 gi|474 30439 30601
5350 gi|474 30960 31343
5351 gi|474 31798 32418
5352 gi|474 32542 33250
5353 gi|474 34493 34670
5354 gi|474 37391 37553
5355 gi|474 37602 37843
5356 gi|475 904 1360
5357 gi|475 1325 1541
5358 gi|475 2094 3062
5359 gi|475 4698 4942
5360 gi|475 5916 8312
5361 gi|475 8567 9654
5362 gi|475 10304 11091
5363 gi|475 11407 11704
5364 gi|475 12111 12535
5365 gi|475 13826 16803
5366 gi|475 16932 19662
5367 gi|475 19533 22155
5368 gi|475 22292 22391
5369 gi|475 22374 22451
5370 gi|475 22526 22703
5371 gi|475 22701 22972
5372 gi|475 25379 25509
5373 gi|475 30191 30289
5374 gi|475 32022 33310
5375 gi|476 1 264
5376 gi|476 920 2607
5377 gi|476 18263 18445
5378 gi|476 19107 21808
5379 gi|476 22065 22501
5380 gi|476 24281 24726
5381 gi|476 26102 26212
5382 gi|476 26227 26355
5383 gi|476 26414 26546
5384 gi|476 26544 27012
5385 gi|476 28855 28949
5386 gi|476 29078 29206
5387 gi|476 29223 29339
5388 gi|476 29436 30685
5389 gi|476 30905 32242
5390 gi|476 32363 32538
5391 gi|476 32652 32742
5392 gi|476 32734 34485
5393 gi|476 34559 34682
5394 gi|476 34677 34785
5395 gi|476 35011 36871
5396 gi|476 37066 39925
5397 gi|477 467 3686
5398 gi|477 3624 5028
5399 gi|477 4940 5460
5400 gi|477 5444 5982
5401 gi|477 5977 7323
5402 gi|477 8264 8967
5403 gi|477 9445 10683
5404 gi|477 11048 11545
5405 gi|477 12779 12854
5406 gi|477 12855 12996
5407 gi|477 13219 13456
5408 gi|477 21791 22824
5409 gi|477 23028 23191
5410 gi|477 23203 24035
5411 gi|477 23912 24962
5412 gi|477 24988 25069
5413 gi|477 25062 25393
5414 gi|477 26355 26473
5415 gi|477 30404 30475
5416 gi|477 30921 31450
5417 gi|477 33584 33742
5418 gi|477 34444 35000
5419 gi|477 35659 35832
5420 gi|477 35945 38236
5421 gi|477 38201 38759
5422 gi|477 38896 39424
5423 gi|478 1839 2132
5424 gi|478 4411 4625
5425 gi|478 5198 5483
5426 gi|478 8330 8752
5427 gi|478 8749 9774
5428 gi|478 9836 10222
5429 gi|478 22563 23112
5430 gi|478 24133 24777
5431 gi|478 25747 25943
5432 gi|478 26079 26299
5433 gi|478 26375 26457
5434 gi|478 34943 35490
5435 gi|478 35348 35766
5436 gi|478 36282 38104
5437 gi|479 35 509
5438 gi|479 2576 2805
5439 gi|479 3015 4037
5440 gi|479 4442 4854
5441 gi|479 5249 6144
5442 gi|479 6362 13271
5443 gi|479 13759 14225
5444 gi|479 14532 14680
5445 gi|479 15412 15501
5446 gi|479 24166 24335
5447 gi|479 24325 24551
5448 gi|479 24440 24750
5449 gi|479 28394 28510
5450 gi|479 32118 32399
5451 gi|479 32623 32695
5452 gi|479 32941 34204
5453 gi|479 34541 34826
5454 gi|479 34829 35111
5455 gi|479 39039 39117
5456 gi|479 39863 40081
5457 gi|48 1 1961
5458 gi|48 2818 3156
5459 gi|48 3247 4382
5460 gi|48 6133 6397
5461 gi|48 7195 7322
5462 gi|48 12742 12811
5463 gi|48 15083 16362
5464 gi|48 16806 16955
5465 gi|48 17036 17167
5466 gi|48 17906 18675
5467 gi|48 18897 19264
5468 gi|48 19374 21443
5469 gi|48 21846 21988
5470 gi|48 22026 22072
5471 gi|48 24714 24781
5472 gi|48 26136 26288
5473 gi|48 33667 33821
5474 gi|48 37788 38450
5475 gi|480 6461 6576
5476 gi|480 19367 19472
5477 gi|480 26037 26513
5478 gi|480 26866 27458
5479 gi|480 28434 28792
5480 gi|480 28809 28915
5481 gi|480 28955 29163
5482 gi|480 29418 30003
5483 gi|480 31304 32823
5484 gi|481 3442 3484
5485 gi|481 13454 13587
5486 gi|481 14873 14996
5487 gi|481 15504 16105
5488 gi|481 16582 17996
5489 gi|481 17980 18655
5490 gi|481 18767 19565
5491 gi|481 19578 19998
5492 gi|481 20254 20502
5493 gi|481 20891 21009
5494 gi|481 23370 23851
5495 gi|481 24412 25539
5496 gi|481 28107 28724
5497 gi|481 28704 29131
5498 gi|481 31193 31914
5499 gi|481 31912 32032
5500 gi|481 34266 35175
5501 gi|481 36579 39842
5502 gi|482 645 955
5503 gi|482 955 1014
5504 gi|482 1015 1182
5505 gi|482 3268 3359
5506 gi|482 7123 7212
5507 gi|482 7574 7734
5508 gi|482 7779 8470
5509 gi|482 8356 9013
5510 gi|482 9002 9290
5511 gi|482 9554 9774
5512 gi|482 13954 14324
5513 gi|482 14710 15130
5514 gi|482 15017 16877
5515 gi|482 19122 19340
5516 gi|482 19851 20037
5517 gi|482 21047 21659
5518 gi|482 25731 26029
5519 gi|482 26278 26814
5520 gi|482 26807 26885
5521 gi|482 27114 31932
5522 gi|482 33754 33830
5523 gi|482 34008 34090
5524 gi|482 39855 40073
5525 gi|483 1022 1234
5526 gi|483 1452 1831
5527 gi|483 1946 2220
5528 gi|483 8171 8276
5529 gi|483 8481 8695
5530 gi|483 10637 11442
5531 gi|483 13674 15734
5532 gi|483 16388 16632
5533 gi|483 16813 19097
5534 gi|483 20359 20575
5535 gi|483 20571 21334
5536 gi|483 21335 21573
5537 gi|483 24291 24539
5538 gi|483 24650 25834
5539 gi|483 25668 26561
5540 gi|483 26740 34011
5541 gi|483 34449 34927
5542 gi|483 35573 35711
5543 gi|483 35796 39885
5544 gi|484 1 731
5545 gi|484 882 1259
5546 gi|484 1942 2236
5547 gi|484 2757 2875
5548 gi|484 3489 3799
5549 gi|484 3804 3934
5550 gi|484 5116 5293
5551 gi|484 6896 8704
5552 gi|484 9242 9360
5553 gi|484 10219 10316
5554 gi|484 18595 18678
5555 gi|484 18815 18898
5556 gi|484 22963 24398
5557 gi|484 24787 25904
5558 gi|484 29396 29913
5559 gi|484 30894 31708
5560 gi|484 32525 32641
5561 gi|484 33050 36261
5562 gi|485 1 1013
5563 gi|485 1014 1229
5564 gi|485 1236 4627
5565 gi|485 12402 12469
5566 gi|485 15132 15318
5567 gi|485 15877 15932
5568 gi|485 16124 16286
5569 gi|485 16488 16556
5570 gi|485 16894 17020
5571 gi|485 17259 17323
5572 gi|485 22239 23444
5573 gi|485 24237 24859
5574 gi|485 25474 25598
5575 gi|485 30327 30479
5576 gi|485 30461 30668
5577 gi|485 30665 30766
5578 gi|485 30955 31066
5579 gi|485 31830 31962
5580 gi|485 31982 33110
5581 gi|485 33358 33957
5582 gi|485 33767 34495
5583 gi|485 34814 36935
5584 gi|485 36927 37063
5585 gi|485 39227 39317
5586 gi|487 1 30141
5587 gi|487 30449 43005
5588 gi|488 1 317
5589 gi|488 5015 6598
5590 gi|488 7051 7261
5591 gi|488 8233 9001
5592 gi|488 9542 9612
5593 gi|488 9591 9665
5594 gi|488 9667 9902
5595 gi|488 9933 12288
5596 gi|488 12243 15690
5597 gi|488 16480 16673
5598 gi|488 16869 17132
5599 gi|488 17389 17798
5600 gi|488 28593 29300
5601 gi|488 29932 30087
5602 gi|488 30578 30746
5603 gi|488 31054 31292
5604 gi|488 32503 33134
5605 gi|488 34933 35067
5606 gi|489 41 249
5607 gi|489 588 742
5608 gi|489 975 1040
5609 gi|489 1078 1209
5610 gi|489 1371 1457
5611 gi|489 1469 1566
5612 gi|489 2124 2518
5613 gi|489 2970 5032
5614 gi|489 5002 8452
5615 gi|489 8452 10922
5616 gi|489 10919 11346
5617 gi|489 11340 11426
5618 gi|489 11576 11820
5619 gi|489 12661 12737
5620 gi|489 17482 17668
5621 gi|489 18390 19500
5622 gi|489 19620 19704
5623 gi|489 20292 20955
5624 gi|489 24178 24344
5625 gi|489 27229 27603
5626 gi|489 30912 31753
5627 gi|489 31719 31839
5628 gi|489 31902 32453
5629 gi|489 32784 32841
5630 gi|489 32911 32998
5631 gi|489 36659 36843
5632 gi|489 36876 37078
5633 gi|489 37377 38470
5634 gi|49 921 1395
5635 gi|49 15344 16780
5636 gi|49 18624 18700
5637 gi|49 20174 20386
5638 gi|49 20560 20659
5639 gi|49 23280 23460
5640 gi|49 28439 28691
5641 gi|49 29227 29472
5642 gi|49 29461 29783
5643 gi|49 29781 30026
5644 gi|49 30021 30155
5645 gi|49 30144 30301
5646 gi|49 30301 30498
5647 gi|49 30486 30817
5648 gi|49 33096 33330
5649 gi|490 24811 25829
5650 gi|490 25770 28080
5651 gi|490 28458 28549
5652 gi|490 28877 29337
5653 gi|490 29402 30010
5654 gi|490 30991 31376
5655 gi|490 32086 32378
5656 gi|490 39889 40137
5657 gi|491 6430 6636
5658 gi|491 10877 11958
5659 gi|491 13779 14836
5660 gi|491 17992 19183
5661 gi|491 19557 20002
5662 gi|491 20135 20324
5663 gi|491 20756 21041
5664 gi|491 22332 22389
5665 gi|491 25634 25671
5666 gi|491 32322 33176
5667 gi|491 33187 33386
5668 gi|491 33466 34015
5669 gi|491 34518 34625
5670 gi|491 36636 36730
5671 gi|491 38063 38345
5672 gi|491 39687 39817
5673 gi|492 10832 10890
5674 gi|492 13968 15286
5675 gi|492 18446 18510
5676 gi|492 28439 28544
5677 gi|493 6474 6530
5678 gi|493 6668 6740
5679 gi|493 18720 18968
5680 gi|493 22924 24003
5681 gi|493 24470 24630
5682 gi|493 25639 25704
5683 gi|493 26733 27748
5684 gi|493 27668 27923
5685 gi|493 27915 28575
5686 gi|493 33977 34586
5687 gi|493 34989 35387
5688 gi|493 36105 36587
5689 gi|493 36586 37814
5690 gi|493 37899 38234
5691 gi|493 38360 39149
5692 gi|493 39135 39998
5693 gi|494 189 3697
5694 gi|494 3790 5627
5695 gi|494 5996 9765
5696 gi|494 10500 11075
5697 gi|494 11418 12135
5698 gi|494 12010 13194
5699 gi|494 17391 18650
5700 gi|494 18739 19042
5701 gi|494 19044 19516
5702 gi|494 21897 23844
5703 gi|494 24764 25513
5704 gi|494 30399 30997
5705 gi|494 30986 32559
5706 gi|494 32945 35376
5707 gi|494 35522 35674
5708 gi|494 36501 36905
5709 gi|494 37479 37570
5710 gi|494 37655 37712
5711 gi|494 37940 38318
5712 gi|495 1 109
5713 gi|495 6229 7105
5714 gi|495 6987 7886
5715 gi|495 8717 9374
5716 gi|495 11065 12673
5717 gi|495 13088 14088
5718 gi|495 15691 15905
5719 gi|495 15922 16201
5720 gi|495 16268 16467
5721 gi|495 16844 16916
5722 gi|495 17118 17170
5723 gi|495 17317 24385
5724 gi|495 24360 25398
5725 gi|495 25363 28335
5726 gi|495 29780 30301
5727 gi|495 32136 32289
5728 gi|495 33017 33210
5729 gi|495 33584 33914
5730 gi|495 35236 35467
5731 gi|495 35963 36763
5732 gi|495 36580 37081
5733 gi|495 37747 37954
5734 gi|495 38890 39994
5735 gi|496 1013 1093
5736 gi|496 1783 1947
5737 gi|496 10094 10168
5738 gi|496 14341 15550
5739 gi|496 15429 16267
5740 gi|496 18088 22091
5741 gi|496 22092 22122
5742 gi|496 29178 29621
5743 gi|496 34420 34512
5744 gi|497 29982 30099
5745 gi|497 30650 30891
5746 gi|499 3367 3565
5747 gi|499 4057 16729
5748 gi|499 16612 19349
5749 gi|499 19664 19905
5750 gi|499 23433 27172
5751 gi|499 39723 40065
5752 gi|5 2458 4386
5753 gi|5 7486 7903
5754 gi|5 7901 8101
5755 gi|5 20019 20174
5756 gi|5 21027 21361
5757 gi|5 21355 26264
5758 gi|5 26319 26598
5759 gi|5 27385 28297
5760 gi|5 28817 28896
5761 gi|5 29148 29617
5762 gi|5 29600 30030
5763 gi|5 30095 30310
5764 gi|5 30372 30413
5765 gi|5 34413 36509
5766 gi|5 37118 37215
5767 gi|5 37207 37255
5768 gi|5 37236 37307
5769 gi|5 37890 37980
5770 gi|5 39443 39659
5771 gi|50 743 1590
5772 gi|50 1739 2207
5773 gi|50 2236 2327
5774 gi|50 2630 2872
5775 gi|50 2866 2945
5776 gi|50 2955 3052
5777 gi|50 4611 4867
5778 gi|50 4857 4992
5779 gi|50 5004 5314
5780 gi|50 5465 5749
5781 gi|50 5707 6436
5782 gi|50 6536 6827
5783 gi|50 8697 9435
5784 gi|50 9817 10549
5785 gi|50 12892 13019
5786 gi|50 13719 14078
5787 gi|50 14434 14977
5788 gi|50 15356 16363
5789 gi|50 20401 22083
5790 gi|50 22382 22485
5791 gi|50 35906 36091
5792 gi|50 38558 40114
5793 gi|500 31 198
5794 gi|500 267 415
5795 gi|500 602 910
5796 gi|500 9486 9531
5797 gi|500 14118 14168
5798 gi|500 27931 28187
5799 gi|500 34416 34607
5800 gi|500 36127 36464
5801 gi|500 37803 38323
5802 gi|501 4862 5005
5803 gi|501 12510 12988
5804 gi|501 13299 13761
5805 gi|501 15297 15383
5806 gi|501 24132 24470
5807 gi|501 26281 27975
5808 gi|501 29872 30528
5809 gi|501 30789 31597
5810 gi|501 33034 33457
5811 gi|501 33551 33692
5812 gi|501 36008 36198
5813 gi|501 37872 38146
5814 gi|502 1976 2066
5815 gi|502 2479 2787
5816 gi|502 2999 3051
5817 gi|502 3666 3718
5818 gi|502 3983 5598
5819 gi|502 5605 5905
5820 gi|502 7912 9180
5821 gi|502 11086 12360
5822 gi|502 26554 28166
5823 gi|502 28765 28981
5824 gi|502 30274 31351
5825 gi|502 32104 32675
5826 gi|502 33365 33570
5827 gi|502 34022 34262
5828 gi|502 34242 34321
5829 gi|504 5547 5701
5830 gi|504 6755 7015
5831 gi|504 11796 11983
5832 gi|504 12773 12918
5833 gi|504 25653 25783
5834 gi|504 31121 31586
5835 gi|504 31816 31974
5836 gi|504 37349 37619
5837 gi|504 38268 38425
5838 gi|504 38770 38946
5839 gi|505 30119 30166
5840 gi|505 32718 33432
5841 gi|505 34259 34475
5842 gi|506 1 32116
5843 gi|507 197 362
5844 gi|507 3707 4421
5845 gi|507 4442 6029
5846 gi|507 9032 9169
5847 gi|507 9239 9963
5848 gi|507 10602 12078
5849 gi|507 12393 13002
5850 gi|507 17254 17602
5851 gi|507 21045 21081
5852 gi|507 21778 22086
5853 gi|507 22067 22266
5854 gi|507 24132 24402
5855 gi|507 24495 24674
5856 gi|507 29862 30244
5857 gi|507 31945 33593
5858 gi|507 33576 33736
5859 gi|507 33731 34104
5860 gi|507 36736 36827
5861 gi|507 37929 37980
5862 gi|507 38373 38723
5863 gi|507 38719 38805
5864 gi|507 39587 39665
5865 gi|508 2120 2379
5866 gi|508 2650 3136
5867 gi|508 3056 3292
5868 gi|508 11968 12042
5869 gi|508 13921 15571
5870 gi|508 18240 19436
5871 gi|508 20361 21477
5872 gi|508 36975 38193
5873 gi|508 38483 39137
5874 gi|509 6736 7009
5875 gi|509 7414 7452
5876 gi|509 7473 7547
5877 gi|509 7546 9427
5878 gi|509 10956 11159
5879 gi|509 11605 11710
5880 gi|509 14403 14490
5881 gi|509 14533 14666
5882 gi|509 14697 15234
5883 gi|509 15224 15393
5884 gi|509 17437 19620
5885 gi|509 20841 20888
5886 gi|509 21067 21105
5887 gi|509 22527 22717
5888 gi|509 28557 28679
5889 gi|509 32304 32488
5890 gi|509 32500 35899
5891 gi|509 38429 40117
5892 gi|51 1 2510
5893 gi|51 3021 3788
5894 gi|51 4064 18077
5895 gi|51 18076 18974
5896 gi|51 19501 19884
5897 gi|51 21821 22219
5898 gi|51 22061 27277
5899 gi|51 27637 27887
5900 gi|51 27842 28389
5901 gi|51 28903 29886
5902 gi|51 29811 30560
5903 gi|51 30576 30710
5904 gi|51 30895 31948
5905 gi|51 32517 32684
5906 gi|51 32649 33920
5907 gi|51 33906 35116
5908 gi|51 35057 36611
5909 gi|51 36495 36839
5910 gi|51 37410 38013
5911 gi|51 38110 38481
5912 gi|51 38652 38951
5913 gi|51 38956 39034
5914 gi|510 2962 3090
5915 gi|510 3527 3637
5916 gi|510 4278 4587
5917 gi|510 5036 5561
5918 gi|510 21364 21510
5919 gi|510 21593 21755
5920 gi|510 22559 24321
5921 gi|510 24613 26849
5922 gi|510 26959 26991
5923 gi|510 26983 27352
5924 gi|510 27684 28458
5925 gi|510 30834 32090
5926 gi|510 32764 34052
5927 gi|510 34831 35213
5928 gi|511 2582 2760
5929 gi|511 17790 18461
5930 gi|511 25170 25377
5931 gi|511 28082 28184
5932 gi|511 38033 38907
5933 gi|512 13312 13512
5934 gi|512 25040 25739
5935 gi|512 32283 32790
5936 gi|512 33197 35908
5937 gi|512 36926 37288
5938 gi|512 37480 38929
5939 gi|512 39006 40100
5940 gi|513 1368 3407
5941 gi|513 4002 4692
5942 gi|513 5388 5880
5943 gi|513 6356 6522
5944 gi|513 7711 7846
5945 gi|513 8066 8420
5946 gi|513 8421 8727
5947 gi|513 8680 8784
5948 gi|513 9207 10130
5949 gi|513 10355 10987
5950 gi|513 11939 13016
5951 gi|513 20778 21642
5952 gi|513 22119 22834
5953 gi|513 26792 26953
5954 gi|513 27456 27550
5955 gi|513 31100 31320
5956 gi|513 32796 34053
5957 gi|513 34363 35290
5958 gi|513 37653 39705
5959 gi|514 4993 5821
5960 gi|514 6326 7046
5961 gi|514 7041 7271
5962 gi|514 13583 13845
5963 gi|514 18836 19674
5964 gi|514 20181 20893
5965 gi|514 20888 20949
5966 gi|514 20943 22651
5967 gi|514 26110 26487
5968 gi|514 26473 26644
5969 gi|514 32329 32592
5970 gi|514 38003 38202
5971 gi|514 38454 38533
5972 gi|514 39621 39999
5973 gi|515 6115 7238
5974 gi|515 7232 8083
5975 gi|515 8057 8178
5976 gi|515 8544 8760
5977 gi|515 9260 9432
5978 gi|515 9380 9586
5979 gi|515 9604 10131
5980 gi|515 23355 23943
5981 gi|515 24858 25136
5982 gi|515 38937 39204
5983 gi|515 39183 39997
5984 gi|516 79 186
5985 gi|516 197 444
5986 gi|516 1617 2245
5987 gi|516 3051 3252
5988 gi|516 4238 4489
5989 gi|516 4528 4898
5990 gi|516 4886 4958
5991 gi|516 5490 5682
5992 gi|516 6391 9338
5993 gi|516 9638 10177
5994 gi|516 10855 11712
5995 gi|516 14298 14890
5996 gi|516 17397 17753
5997 gi|516 20766 21198
5998 gi|516 24165 24551
5999 gi|516 25180 25362
6000 gi|516 25626 25866
6001 gi|516 34554 34698
6002 gi|516 36203 40147
6003 gi|517 11605 11923
6004 gi|517 21647 21718
6005 gi|517 23430 23567
6006 gi|517 30561 30693
6007 gi|518 2226 2355
6008 gi|518 2399 2546
6009 gi|518 2525 5661
6010 gi|518 5663 5823
6011 gi|518 6967 7157
6012 gi|518 8674 8804
6013 gi|518 16652 16817
6014 gi|519 1528 1650
6015 gi|519 1897 1967
6016 gi|519 1960 2054
6017 gi|519 2440 2613
6018 gi|519 5911 5996
6019 gi|519 12875 13838
6020 gi|519 13935 15053
6021 gi|519 18777 18927
6022 gi|519 19089 21103
6023 gi|519 21101 21139
6024 gi|519 21141 22284
6025 gi|519 22293 22432
6026 gi|519 22982 24368
6027 gi|519 25441 25561
6028 gi|519 27191 27239
6029 gi|519 27715 27744
6030 gi|519 28175 28223
6031 gi|519 29149 29317
6032 gi|519 31368 33796
6033 gi|519 34406 34440
6034 gi|519 34721 35234
6035 gi|519 35560 35831
6036 gi|52 2991 3795
6037 gi|52 3961 4236
6038 gi|52 10210 11038
6039 gi|52 10971 12204
6040 gi|52 15210 16436
6041 gi|52 16943 17094
6042 gi|52 17171 17303
6043 gi|52 23446 23548
6044 gi|52 23928 24417
6045 gi|52 24452 24838
6046 gi|52 26034 26116
6047 gi|52 27205 27280
6048 gi|520 26595 26711
6049 gi|522 307 492
6050 gi|522 1210 1277
6051 gi|522 1387 1679
6052 gi|522 1891 2111
6053 gi|522 2277 2899
6054 gi|522 3694 7425
6055 gi|522 8118 8332
6056 gi|522 8931 9319
6057 gi|522 9773 12706
6058 gi|522 13761 13884
6059 gi|522 14003 14495
6060 gi|522 14707 15037
6061 gi|522 14933 15507
6062 gi|522 16232 16365
6063 gi|522 16598 16748
6064 gi|522 17286 17331
6065 gi|522 17789 19111
6066 gi|522 19098 19874
6067 gi|522 21490 22711
6068 gi|522 24069 24100
6069 gi|522 24284 24432
6070 gi|522 25605 25687
6071 gi|522 26428 26612
6072 gi|522 26707 26892
6073 gi|522 27444 28237
6074 gi|522 28760 30587
6075 gi|522 30916 31106
6076 gi|522 31663 34896
6077 gi|522 35050 35222
6078 gi|522 35363 36452
6079 gi|522 36435 36937
6080 gi|522 36938 37123
6081 gi|522 37249 37307
6082 gi|522 37348 37737
6083 gi|522 37944 38221
6084 gi|522 39697 40137
6085 gi|523 1 327
6086 gi|523 2868 4099
6087 gi|523 6425 8647
6088 gi|523 9123 10871
6089 gi|523 13816 13851
6090 gi|523 14650 16143
6091 gi|523 16182 16269
6092 gi|523 23489 24465
6093 gi|523 25011 27017
6094 gi|523 28367 28554
6095 gi|523 30254 31248
6096 gi|523 36616 37054
6097 gi|523 37435 40000
6098 gi|524 1 345
6099 gi|524 1289 1505
6100 gi|524 3157 3455
6101 gi|524 3436 3828
6102 gi|524 4317 6317
6103 gi|524 6601 6753
6104 gi|524 7277 7883
6105 gi|524 14538 14814
6106 gi|524 16657 17052
6107 gi|524 17287 17402
6108 gi|524 18677 18890
6109 gi|524 19087 19626
6110 gi|524 19716 19855
6111 gi|524 20098 20673
6112 gi|524 21067 23189
6113 gi|524 30662 31127
6114 gi|524 31093 31761
6115 gi|524 33518 33874
6116 gi|525 5105 5231
6117 gi|525 5782 5882
6118 gi|525 8532 8704
6119 gi|525 9229 12528
6120 gi|525 12391 16094
6121 gi|525 16959 19411
6122 gi|525 19731 20139
6123 gi|525 20359 20622
6124 gi|525 20640 21028
6125 gi|525 22560 22790
6126 gi|525 22910 23044
6127 gi|525 23041 23560
6128 gi|525 24302 25066
6129 gi|525 27286 28495
6130 gi|525 28540 28694
6131 gi|525 28671 29218
6132 gi|525 29278 29650
6133 gi|525 29883 30380
6134 gi|525 30940 31181
6135 gi|527 5708 6172
6136 gi|527 10600 11671
6137 gi|527 26400 26465
6138 gi|527 29726 30343
6139 gi|527 33169 33434
6140 gi|528 1 21946
6141 gi|529 2101 2611
6142 gi|529 3466 3634
6143 gi|529 4139 4996
6144 gi|529 5531 5930
6145 gi|529 5920 6028
6146 gi|529 6244 6380
6147 gi|529 27472 27631
6148 gi|529 30465 30550
6149 gi|529 35982 36046
6150 gi|529 36729 36821
6151 gi|529 37538 37656
6152 gi|529 38212 38529
6153 gi|53 1 6473
6154 gi|53 6781 25912
6155 gi|530 1 368
6156 gi|530 1757 3255
6157 gi|530 4621 4824
6158 gi|530 4827 7591
6159 gi|530 7326 7993
6160 gi|530 7867 8462
6161 gi|530 8478 9219
6162 gi|530 9571 9925
6163 gi|530 10021 11189
6164 gi|530 11204 11306
6165 gi|530 11347 11502
6166 gi|530 11492 11714
6167 gi|530 11709 12293
6168 gi|530 14299 14460
6169 gi|530 18691 20245
6170 gi|530 21177 21558
6171 gi|530 22058 22420
6172 gi|530 22941 23974
6173 gi|530 24229 25818
6174 gi|530 26717 27514
6175 gi|530 27989 29579
6176 gi|530 29908 30297
6177 gi|530 37040 40130
6178 gi|531 17492 18000
6179 gi|531 21530 21624
6180 gi|531 27548 27619
6181 gi|531 27585 27709
6182 gi|531 28526 28677
6183 gi|532 3713 3837
6184 gi|532 4354 4393
6185 gi|532 5558 6122
6186 gi|533 1902 2393
6187 gi|533 3236 3303
6188 gi|533 3843 4617
6189 gi|533 6750 7729
6190 gi|533 8704 9664
6191 gi|533 10800 11468
6192 gi|533 13011 13819
6193 gi|533 13942 14060
6194 gi|534 582 1630
6195 gi|534 5679 7324
6196 gi|534 7694 8036
6197 gi|534 8038 8512
6198 gi|534 12428 15231
6199 gi|534 15757 19931
6200 gi|534 20414 20608
6201 gi|534 20880 21825
6202 gi|534 22750 25145
6203 gi|534 29039 29513
6204 gi|534 29515 29857
6205 gi|534 30269 33087
6206 gi|534 33512 33683
6207 gi|534 33751 35216
6208 gi|534 35591 35771
6209 gi|534 36425 36629
6210 gi|534 39541 40000
6211 gi|535 1 109
6212 gi|535 5430 5498
6213 gi|535 5477 5821
6214 gi|535 23432 23556
6215 gi|535 26988 27143
6216 gi|535 33018 33124
6217 gi|536 23 120
6218 gi|536 227 1968
6219 gi|536 2532 2650
6220 gi|536 5575 5678
6221 gi|536 6375 6644
6222 gi|536 8201 8289
6223 gi|536 22978 23048
6224 gi|536 23513 23688
6225 gi|536 23968 24883
6226 gi|536 32445 32571
6227 gi|536 34758 34823
6228 gi|536 34879 35069
6229 gi|537 22 86
6230 gi|537 81 275
6231 gi|537 236 577
6232 gi|537 1229 2636
6233 gi|537 2852 3411
6234 gi|537 4415 4753
6235 gi|537 6838 6956
6236 gi|537 6937 7004
6237 gi|537 7214 7331
6238 gi|537 8408 8697
6239 gi|537 16295 16381
6240 gi|537 23354 23623
6241 gi|537 26354 26707
6242 gi|537 26881 27049
6243 gi|537 27248 27469
6244 gi|537 27493 27658
6245 gi|537 28734 28910
6246 gi|537 31157 31293
6247 gi|537 31244 31775
6248 gi|537 35570 35654
6249 gi|537 36649 36822
6250 gi|538 1 2019
6251 gi|538 2588 3466
6252 gi|538 11510 11750
6253 gi|538 12231 13950
6254 gi|538 13917 16035
6255 gi|538 16036 16310
6256 gi|538 16876 17191
6257 gi|538 17429 17665
6258 gi|538 24140 24425
6259 gi|538 31443 31895
6260 gi|538 32502 32593
6261 gi|538 33619 33864
6262 gi|538 34327 34894
6263 gi|538 37353 37705
6264 gi|538 37750 37914
6265 gi|538 37933 38672
6266 gi|538 38882 39420
6267 gi|538 39729 39946
6268 gi|539 6346 6450
6269 gi|539 14395 15290
6270 gi|539 27981 31665
6271 gi|54 14158 14451
6272 gi|54 19557 19638
6273 gi|54 22095 24092
6274 gi|54 32371 32545
6275 gi|540 11 758
6276 gi|540 1098 1724
6277 gi|540 1792 3025
6278 gi|540 3018 4055
6279 gi|540 4686 4868
6280 gi|540 5872 6957
6281 gi|540 7543 7741
6282 gi|540 10129 11147
6283 gi|540 11702 11960
6284 gi|540 12958 14007
6285 gi|540 14742 15032
6286 gi|540 15353 15445
6287 gi|540 15722 16162
6288 gi|540 17972 18419
6289 gi|540 20671 20757
6290 gi|540 20931 20991
6291 gi|540 21374 21488
6292 gi|540 22139 24267
6293 gi|540 24250 25269
6294 gi|540 26011 26250
6295 gi|540 29847 31016
6296 gi|540 32492 33456
6297 gi|540 34227 35267
6298 gi|540 36082 36263
6299 gi|540 37283 37345
6300 gi|540 37944 38010
6301 gi|540 38888 39089
6302 gi|541 1 1242
6303 gi|541 3906 4263
6304 gi|541 4629 4753
6305 gi|541 5020 5193
6306 gi|541 5764 6270
6307 gi|541 6259 7436
6308 gi|541 10163 10321
6309 gi|541 10439 11799
6310 gi|541 11757 11956
6311 gi|541 11948 12106
6312 gi|541 12374 13691
6313 gi|541 16400 17759
6314 gi|541 17710 18185
6315 gi|541 18464 18958
6316 gi|541 22334 22452
6317 gi|541 23008 23512
6318 gi|541 26222 27416
6319 gi|541 27708 27894
6320 gi|541 27888 28202
6321 gi|541 31632 32013
6322 gi|541 31998 32095
6323 gi|541 32512 32960
6324 gi|541 33650 33891
6325 gi|541 33870 33968
6326 gi|541 33973 34157
6327 gi|541 37062 37510
6328 gi|542 1119 1820
6329 gi|542 2213 2325
6330 gi|542 3774 3884
6331 gi|542 3941 4193
6332 gi|542 10480 10568
6333 gi|542 13205 13450
6334 gi|542 14013 14693
6335 gi|542 14890 15739
6336 gi|542 18757 18901
6337 gi|542 19109 19259
6338 gi|542 21113 21216
6339 gi|542 21719 21829
6340 gi|542 21886 22138
6341 gi|542 29421 29535
6342 gi|542 29534 31456
6343 gi|542 32178 32953
6344 gi|543 95 634
6345 gi|543 2055 2229
6346 gi|543 4623 4992
6347 gi|543 7486 7927
6348 gi|543 15356 16016
6349 gi|543 16015 16575
6350 gi|543 16574 17386
6351 gi|543 17364 17947
6352 gi|543 19630 19736
6353 gi|543 21098 21345
6354 gi|543 22860 26955
6355 gi|543 27291 27701
6356 gi|543 27702 32997
6357 gi|543 33295 33384
6358 gi|543 33663 33743
6359 gi|543 34924 40258
6360 gi|544 9229 10868
6361 gi|544 18538 18600
6362 gi|544 23785 23896
6363 gi|544 24118 25447
6364 gi|544 27211 27540
6365 gi|544 27722 27856
6366 gi|544 32715 33177
6367 gi|544 33488 33962
6368 gi|544 38833 39627
6369 gi|545 1020 1211
6370 gi|545 4037 4169
6371 gi|545 4195 4501
6372 gi|545 5813 5964
6373 gi|545 6183 6818
6374 gi|545 6922 7166
6375 gi|545 7163 7272
6376 gi|545 14230 14499
6377 gi|545 18748 19024
6378 gi|545 21931 22135
6379 gi|545 26491 26645
6380 gi|545 26689 26875
6381 gi|545 26940 27310
6382 gi|545 27736 28477
6383 gi|545 30170 30700
6384 gi|545 36226 36368
6385 gi|545 37451 37562
6386 gi|545 39206 40128
6387 gi|547 1 2414
6388 gi|548 6 800
6389 gi|548 1873 2148
6390 gi|548 8355 10420
6391 gi|548 13254 13697
6392 gi|548 14531 14570
6393 gi|548 14741 14876
6394 gi|548 14878 14937
6395 gi|548 15027 15133
6396 gi|548 22791 22858
6397 gi|548 24355 24647
6398 gi|548 25543 27503
6399 gi|548 27645 27723
6400 gi|548 30374 30761
6401 gi|548 31227 31368
6402 gi|548 31439 31587
6403 gi|548 34346 34920
6404 gi|548 34975 36323
6405 gi|548 36407 36483
6406 gi|548 38723 38879
6407 gi|549 151 434
6408 gi|549 2891 3176
6409 gi|549 3910 4969
6410 gi|549 4990 5473
6411 gi|549 5639 5862
6412 gi|549 8283 8374
6413 gi|549 9056 9513
6414 gi|549 10583 10923
6415 gi|549 11077 11110
6416 gi|549 11109 11250
6417 gi|549 11477 12053
6418 gi|549 12146 12292
6419 gi|549 13023 14580
6420 gi|549 15611 17672
6421 gi|549 18233 19237
6422 gi|549 21800 22128
6423 gi|549 22179 22362
6424 gi|549 22559 23914
6425 gi|549 24151 25801
6426 gi|549 25978 27153
6427 gi|549 27487 28471
6428 gi|549 35245 35791
6429 gi|549 35855 36022
6430 gi|55 1157 1598
6431 gi|55 1652 1864
6432 gi|55 24191 24393
6433 gi|55 26271 26406
6434 gi|550 2183 2482
6435 gi|550 25699 27937
6436 gi|550 28058 28372
6437 gi|550 30998 31084
6438 gi|550 33164 33424
6439 gi|551 2 31115
6440 gi|552 10350 10462
6441 gi|552 23667 23848
6442 gi|552 24388 25141
6443 gi|552 26174 27750
6444 gi|552 27962 28333
6445 gi|552 28928 29237
6446 gi|552 29298 29427
6447 gi|552 29401 29523
6448 gi|552 29497 29732
6449 gi|552 30425 30534
6450 gi|552 30587 32060
6451 gi|552 32057 32230
6452 gi|552 32294 32558
6453 gi|552 32563 32745
6454 gi|552 32845 35006
6455 gi|552 35080 35268
6456 gi|552 35418 36964
6457 gi|552 37046 37456
6458 gi|552 37630 39333
6459 gi|552 39922 40337
6460 gi|553 457 1107
6461 gi|553 9206 9303
6462 gi|553 15610 15962
6463 gi|553 18371 18615
6464 gi|553 18803 18924
6465 gi|553 19454 19767
6466 gi|553 25734 25882
6467 gi|553 27127 28075
6468 gi|553 34478 34547
6469 gi|554 2391 3245
6470 gi|554 7285 7357
6471 gi|554 9511 9673
6472 gi|554 10216 10355
6473 gi|554 11341 11647
6474 gi|554 11807 11881
6475 gi|554 12030 12220
6476 gi|554 21592 21966
6477 gi|554 21888 22177
6478 gi|554 23471 23614
6479 gi|554 25206 25434
6480 gi|554 25521 25812
6481 gi|554 25915 26053
6482 gi|554 27138 27276
6483 gi|554 29019 29215
6484 gi|554 29255 29865
6485 gi|554 30814 31132
6486 gi|554 31807 32022
6487 gi|554 34265 34310
6488 gi|554 35751 35889
6489 gi|554 36404 36839
6490 gi|554 36821 37792
6491 gi|554 37790 37870
6492 gi|554 37888 38127
6493 gi|554 39585 40000
6494 gi|555 1620 1798
6495 gi|555 3285 4471
6496 gi|555 4513 4804
6497 gi|555 6347 6712
6498 gi|555 6792 8016
6499 gi|555 9323 9619
6500 gi|555 16451 17368
6501 gi|555 17394 17920
6502 gi|555 17910 19478
6503 gi|555 19474 20471
6504 gi|555 22866 26344
6505 gi|555 26338 26463
6506 gi|555 27153 27210
6507 gi|555 27898 33096
6508 gi|555 34444 34526
6509 gi|555 35353 37092
6510 gi|555 36744 38248
6511 gi|557 487 1247
6512 gi|557 2380 2862
6513 gi|557 3864 4164
6514 gi|557 6577 8568
6515 gi|557 11777 11836
6516 gi|557 11953 12557
6517 gi|557 17030 17987
6518 gi|557 18066 18153
6519 gi|557 18748 20651
6520 gi|557 21041 21787
6521 gi|557 22538 23101
6522 gi|557 23350 23508
6523 gi|557 25609 26018
6524 gi|557 26024 26561
6525 gi|557 26560 26695
6526 gi|557 26867 27018
6527 gi|557 28014 28235
6528 gi|557 28248 28533
6529 gi|557 28665 29151
6530 gi|557 32012 32050
6531 gi|557 33828 33896
6532 gi|557 36052 36096
6533 gi|557 36916 36966
6534 gi|557 37223 37388
6535 gi|557 37786 38618
6536 gi|558 751 2766
6537 gi|558 4244 5911
6538 gi|558 7446 7508
6539 gi|558 7859 9008
6540 gi|558 8472 11051
6541 gi|558 11303 11632
6542 gi|558 11660 11808
6543 gi|558 12056 12266
6544 gi|558 12478 13532
6545 gi|558 14101 14237
6546 gi|558 22088 22305
6547 gi|558 34501 34532
6548 gi|558 35920 37175
6549 gi|558 37171 37452
6550 gi|558 37597 37636
6551 gi|558 37852 39905
6552 gi|558 40089 40125
6553 gi|559 4390 4450
6554 gi|559 4451 4580
6555 gi|559 5281 5768
6556 gi|559 23424 23532
6557 gi|56 172 260
6558 gi|56 479 685
6559 gi|56 6304 6468
6560 gi|56 6407 6566
6561 gi|56 7178 7607
6562 gi|56 22925 23817
6563 gi|56 24800 24873
6564 gi|56 27407 29802
6565 gi|56 29956 30107
6566 gi|56 30154 30551
6567 gi|56 31060 31361
6568 gi|56 31460 33588
6569 gi|56 34311 34984
6570 gi|56 34938 35152
6571 gi|56 36153 36363
6572 gi|56 36359 36684
6573 gi|56 36839 36882
6574 gi|56 36985 37146
6575 gi|56 37183 37338
6576 gi|56 37520 37598
6577 gi|56 37676 37913
6578 gi|56 38342 38490
6579 gi|56 38604 38656
6580 gi|56 38960 39357
6581 gi|56 39718 39819
6582 gi|560 1 30567
6583 gi|561 560 641
6584 gi|561 1392 1498
6585 gi|561 2268 2554
6586 gi|561 3278 5455
6587 gi|561 5145 5847
6588 gi|561 6512 7566
6589 gi|561 11057 11229
6590 gi|561 12489 14040
6591 gi|561 14309 14456
6592 gi|561 15493 15725
6593 gi|561 16051 16098
6594 gi|561 16477 16585
6595 gi|561 17385 17508
6596 gi|561 20348 20735
6597 gi|561 20588 21203
6598 gi|561 21510 21604
6599 gi|561 23641 24783
6600 gi|561 29238 30596
6601 gi|561 32256 32781
6602 gi|561 33626 33837
6603 gi|561 33888 34452
6604 gi|561 35164 35721
6605 gi|561 36034 36451
6606 gi|561 39731 39967
6607 gi|562 148 1912
6608 gi|562 3116 3385
6609 gi|562 3385 3712
6610 gi|562 4337 4559
6611 gi|562 4485 5674
6612 gi|562 6117 6187
6613 gi|562 6536 8022
6614 gi|562 8445 10493
6615 gi|562 10799 12172
6616 gi|562 12351 12497
6617 gi|562 12718 13196
6618 gi|562 17770 18123
6619 gi|562 19868 20730
6620 gi|562 21150 22163
6621 gi|562 23903 24102
6622 gi|562 33037 40000
6623 gi|563 8609 8691
6624 gi|563 9219 9473
6625 gi|563 13177 13243
6626 gi|563 20245 20619
6627 gi|563 20847 21520
6628 gi|563 29777 30050
6629 gi|563 33172 35697
6630 gi|564 66 319
6631 gi|564 8448 8575
6632 gi|564 9151 9352
6633 gi|564 9437 9476
6634 gi|564 9476 9564
6635 gi|564 9567 9854
6636 gi|564 9856 9909
6637 gi|564 23267 24126
6638 gi|564 24589 24753
6639 gi|564 35020 35730
6640 gi|564 35923 36540
6641 gi|564 36577 37313
6642 gi|564 37334 38223
6643 gi|564 38510 40060
6644 gi|565 1040 1146
6645 gi|565 1555 1672
6646 gi|565 14929 15198
6647 gi|565 15172 15275
6648 gi|565 19773 19895
6649 gi|565 39498 39610
6650 gi|565 39907 40021
6651 gi|566 8047 9495
6652 gi|566 23068 23215
6653 gi|566 27198 27955
6654 gi|566 28051 28136
6655 gi|566 31253 31853
6656 gi|566 35833 36088
6657 gi|566 36091 36172
6658 gi|566 36423 36570
6659 gi|566 37157 38656
6660 gi|566 38830 39315
6661 gi|566 39235 39660
6662 gi|566 39668 40000
6663 gi|567 2725 3601
6664 gi|567 4967 5185
6665 gi|567 7657 8115
6666 gi|567 8071 8655
6667 gi|567 10340 10429
6668 gi|567 12467 13255
6669 gi|567 14849 15469
6670 gi|567 19308 19439
6671 gi|567 22940 23030
6672 gi|567 25990 27052
6673 gi|567 27075 27180
6674 gi|567 27207 27540
6675 gi|567 28211 28747
6676 gi|567 30238 30487
6677 gi|567 31594 31990
6678 gi|567 32117 33269
6679 gi|567 33780 34166
6680 gi|567 34319 34375
6681 gi|567 35101 35418
6682 gi|567 35584 37902
6683 gi|567 37888 38040
6684 gi|568 1 986
6685 gi|568 5422 5702
6686 gi|568 9727 9781
6687 gi|568 10438 10573
6688 gi|568 12115 12405
6689 gi|568 12412 12751
6690 gi|568 12783 12983
6691 gi|568 13697 13907
6692 gi|568 14081 14361
6693 gi|568 14700 15086
6694 gi|568 15483 16726
6695 gi|568 16766 16898
6696 gi|568 16966 17088
6697 gi|568 17057 17356
6698 gi|568 17312 19001
6699 gi|568 19610 19764
6700 gi|568 19825 19939
6701 gi|568 19930 21397
6702 gi|568 23162 23252
6703 gi|568 24107 24541
6704 gi|568 27647 27742
6705 gi|568 28297 28463
6706 gi|568 31446 31950
6707 gi|568 33442 33608
6708 gi|569 18007 18775
6709 gi|569 28504 28600
6710 gi|569 31977 32282
6711 gi|569 32456 32548
6712 gi|569 32739 33044
6713 gi|569 33340 33898
6714 gi|569 37146 37528
6715 gi|57 1512 1654
6716 gi|57 2864 2981
6717 gi|57 2979 3028
6718 gi|57 3019 3097
6719 gi|57 3848 3966
6720 gi|57 4606 4859
6721 gi|57 8160 9740
6722 gi|57 15618 15777
6723 gi|57 16637 16812
6724 gi|57 17076 17143
6725 gi|57 17486 17815
6726 gi|57 17853 17891
6727 gi|57 20537 20623
6728 gi|57 25505 25789
6729 gi|57 30047 30139
6730 gi|57 30873 31363
6731 gi|57 32090 33013
6732 gi|57 32575 34828
6733 gi|57 34875 35116
6734 gi|57 36069 36316
6735 gi|57 37146 37390
6736 gi|57 37332 37712
6737 gi|57 39950 40000
6738 gi|570 23 422
6739 gi|570 1837 2013
6740 gi|570 2191 2391
6741 gi|570 9104 9851
6742 gi|570 10875 12039
6743 gi|570 14065 14412
6744 gi|570 15107 15252
6745 gi|570 15330 15477
6746 gi|570 16149 16313
6747 gi|570 17574 17956
6748 gi|570 18163 18441
6749 gi|570 19740 19891
6750 gi|570 22034 22454
6751 gi|570 23475 23602
6752 gi|570 23746 25354
6753 gi|570 25647 25717
6754 gi|570 27766 28246
6755 gi|570 28224 28295
6756 gi|570 29732 30444
6757 gi|570 34244 34538
6758 gi|570 36331 36930
6759 gi|570 37379 37892
6760 gi|570 38058 40000
6761 gi|571 2 23637
6762 gi|571 23946 42864
6763 gi|572 1318 1409
6764 gi|572 2662 2741
6765 gi|572 2714 2791
6766 gi|572 2908 3285
6767 gi|572 3391 3638
6768 gi|572 7818 7864
6769 gi|572 10500 11831
6770 gi|572 11909 12131
6771 gi|572 15393 15427
6772 gi|572 15969 16104
6773 gi|572 18043 18518
6774 gi|572 22717 23186
6775 gi|572 23757 23895
6776 gi|572 23932 24429
6777 gi|572 24442 25096
6778 gi|572 25446 25488
6779 gi|572 28271 28393
6780 gi|572 29009 29709
6781 gi|572 29710 29918
6782 gi|572 31433 31527
6783 gi|572 31533 31586
6784 gi|572 36832 37365
6785 gi|573 1910 1968
6786 gi|573 4549 5542
6787 gi|573 6244 6850
6788 gi|573 8773 10066
6789 gi|573 11258 11450
6790 gi|573 15475 16023
6791 gi|573 16427 16801
6792 gi|573 17051 17173
6793 gi|573 18113 18445
6794 gi|573 19573 19767
6795 gi|573 22081 22571
6796 gi|573 23099 23145
6797 gi|573 23633 24182
6798 gi|573 25380 25454
6799 gi|573 25905 26289
6800 gi|573 27279 27598
6801 gi|573 28599 28938
6802 gi|573 30025 30389
6803 gi|573 31548 31887
6804 gi|573 32670 33003
6805 gi|573 33438 33650
6806 gi|573 33966 34633
6807 gi|573 34976 35347
6808 gi|573 35562 35816
6809 gi|573 36722 36817
6810 gi|573 37006 37117
6811 gi|573 37225 37487
6812 gi|573 37824 37971
6813 gi|573 38516 38579
6814 gi|574 225 1476
6815 gi|574 940 2714
6816 gi|574 2713 4178
6817 gi|574 4179 4296
6818 gi|574 4571 4614
6819 gi|574 5740 6551
6820 gi|574 7631 7702
6821 gi|574 8232 10700
6822 gi|574 11059 11098
6823 gi|574 11793 12045
6824 gi|574 13364 13559
6825 gi|574 15248 15451
6826 gi|574 15746 15798
6827 gi|574 17932 18806
6828 gi|574 19502 20223
6829 gi|574 20659 21532
6830 gi|574 21818 24672
6831 gi|574 25157 25457
6832 gi|574 25767 27092
6833 gi|574 27505 27789
6834 gi|574 28159 28497
6835 gi|574 30614 32411
6836 gi|574 32857 33748
6837 gi|574 34258 34456
6838 gi|575 158 254
6839 gi|575 7605 9525
6840 gi|575 9524 9558
6841 gi|575 9697 9839
6842 gi|575 12492 12896
6843 gi|575 15582 15740
6844 gi|575 21652 21909
6845 gi|575 30959 31223
6846 gi|575 33988 34039
6847 gi|575 34420 34509
6848 gi|575 35295 36397
6849 gi|576 1 355
6850 gi|576 346 843
6851 gi|576 2425 2731
6852 gi|576 2999 3166
6853 gi|576 3267 4471
6854 gi|576 4689 4898
6855 gi|576 4950 5277
6856 gi|576 5296 5489
6857 gi|576 5836 5884
6858 gi|576 7923 9246
6859 gi|576 9344 9814
6860 gi|576 9813 9922
6861 gi|576 18468 18849
6862 gi|576 18689 19315
6863 gi|576 21047 21154
6864 gi|576 21485 22263
6865 gi|576 22521 22733
6866 gi|576 24427 26042
6867 gi|576 26296 26519
6868 gi|576 26517 26604
6869 gi|576 26562 28499
6870 gi|576 28998 31066
6871 gi|576 35729 36276
6872 gi|576 36881 38639
6873 gi|576 38071 39595
6874 gi|577 5990 8073
6875 gi|577 8826 8919
6876 gi|577 8915 9141
6877 gi|577 9373 9676
6878 gi|577 10673 10969
6879 gi|577 11042 11373
6880 gi|577 13414 13558
6881 gi|577 14362 14772
6882 gi|577 16422 17893
6883 gi|577 28776 29066
6884 gi|577 34229 34715
6885 gi|577 35154 35561
6886 gi|577 35690 35948
6887 gi|577 37315 37552
6888 gi|577 37767 38283
6889 gi|577 38538 39221
6890 gi|578 984 1345
6891 gi|578 4757 5088
6892 gi|578 14621 14741
6893 gi|578 15706 15813
6894 gi|578 22465 22604
6895 gi|578 24286 24415
6896 gi|578 24887 25389
6897 gi|578 25485 25819
6898 gi|578 29226 29322
6899 gi|578 30115 30348
6900 gi|578 36619 36671
6901 gi|579 4495 4640
6902 gi|579 8701 8806
6903 gi|579 9355 9510
6904 gi|579 10235 11588
6905 gi|579 11950 14158
6906 gi|579 18807 19299
6907 gi|579 23041 23194
6908 gi|579 24640 25430
6909 gi|579 26611 26682
6910 gi|579 33001 33090
6911 gi|579 36651 36718
6912 gi|58 75 2551
6913 gi|58 2971 3617
6914 gi|58 6852 7108
6915 gi|58 9272 9923
6916 gi|58 13415 13838
6917 gi|58 13988 14198
6918 gi|58 14608 16222
6919 gi|58 17307 17935
6920 gi|58 21040 21812
6921 gi|58 21800 21901
6922 gi|58 21885 22159
6923 gi|58 23751 24041
6924 gi|58 28191 28531
6925 gi|58 38408 39778
6926 gi|58 39824 40021
6927 gi|580 5 3146
6928 gi|580 3331 3947
6929 gi|580 3942 4105
6930 gi|580 4294 4374
6931 gi|580 4919 5045
6932 gi|580 7246 7316
6933 gi|580 9162 9223
6934 gi|580 9511 9686
6935 gi|580 14835 15359
6936 gi|580 21661 21907
6937 gi|580 25468 25612
6938 gi|580 25719 26668
6939 gi|580 28657 28815
6940 gi|580 29480 29712
6941 gi|580 32298 32576
6942 gi|580 34066 35743
6943 gi|580 36055 37079
6944 gi|580 37395 38112
6945 gi|580 38506 38679
6946 gi|581 2315 3493
6947 gi|581 4075 5360
6948 gi|581 5343 6076
6949 gi|581 6512 7078
6950 gi|581 7079 7565
6951 gi|581 7552 7617
6952 gi|581 7927 7966
6953 gi|581 10611 11345
6954 gi|581 11821 12180
6955 gi|581 13685 14593
6956 gi|581 15201 15335
6957 gi|581 16145 16321
6958 gi|581 16769 17989
6959 gi|581 18801 19628
6960 gi|581 22360 23568
6961 gi|581 23865 25234
6962 gi|581 27949 29153
6963 gi|581 29375 29634
6964 gi|581 29613 30016
6965 gi|581 32523 32949
6966 gi|581 33028 33258
6967 gi|581 33544 34447
6968 gi|581 34733 35618
6969 gi|581 35700 36025
6970 gi|581 39298 39393
6971 gi|582 11067 11332
6972 gi|582 17098 17967
6973 gi|582 18704 18973
6974 gi|582 19731 20585
6975 gi|582 38962 39694
6976 gi|582 39696 39995
6977 gi|583 7381 7506
6978 gi|583 9750 10176
6979 gi|583 10346 10909
6980 gi|583 12602 12673
6981 gi|583 14042 14328
6982 gi|583 14416 14569
6983 gi|583 15530 15803
6984 gi|583 15941 16229
6985 gi|583 16425 16490
6986 gi|583 21634 22780
6987 gi|583 24296 24466
6988 gi|583 25795 26753
6989 gi|583 30340 30634
6990 gi|583 32163 32324
6991 gi|583 35771 36091
6992 gi|583 36297 36851
6993 gi|583 38030 38154
6994 gi|583 38780 39107
6995 gi|583 39106 39241
6996 gi|583 39239 39275
6997 gi|584 3791 4602
6998 gi|584 4658 4714
6999 gi|584 4783 5061
7000 gi|584 17899 17971
7001 gi|584 19107 19433
7002 gi|584 19650 19706
7003 gi|584 26172 26744
7004 gi|584 32598 32687
7005 gi|584 33495 33579
7006 gi|585 4165 4221
7007 gi|585 4981 5187
7008 gi|585 6452 7032
7009 gi|585 6796 8099
7010 gi|586 1 699
7011 gi|586 547 1162
7012 gi|586 1415 1540
7013 gi|586 2167 2411
7014 gi|586 2666 2973
7015 gi|586 3857 3911
7016 gi|586 5146 5393
7017 gi|586 15837 16178
7018 gi|586 16294 16505
7019 gi|586 16498 16958
7020 gi|586 16950 17430
7021 gi|586 17427 17525
7022 gi|586 17697 17995
7023 gi|586 18745 18912
7024 gi|586 19278 19363
7025 gi|586 19373 19455
7026 gi|586 19576 20868
7027 gi|586 20763 21081
7028 gi|586 21049 21849
7029 gi|586 21841 22361
7030 gi|586 22402 24012
7031 gi|586 24161 24316
7032 gi|586 24978 26694
7033 gi|586 26742 26799
7034 gi|586 26973 27514
7035 gi|586 27609 28307
7036 gi|586 28536 28811
7037 gi|586 29427 29549
7038 gi|586 32331 32922
7039 gi|586 33018 33570
7040 gi|586 34457 35674
7041 gi|586 35661 36093
7042 gi|586 39632 39706
7043 gi|587 170 490
7044 gi|587 640 1242
7045 gi|587 2916 10341
7046 gi|587 12101 13061
7047 gi|587 13329 14147
7048 gi|587 14145 16665
7049 gi|587 17031 17921
7050 gi|587 19703 23718
7051 gi|587 23716 23822
7052 gi|587 23786 23926
7053 gi|587 23931 24090
7054 gi|587 24197 24432
7055 gi|587 26170 26255
7056 gi|587 32848 33031
7057 gi|587 33234 36277
7058 gi|587 36221 36496
7059 gi|588 22 174
7060 gi|588 1247 1308
7061 gi|588 10388 10554
7062 gi|588 11754 12150
7063 gi|588 12599 14860
7064 gi|588 23833 24068
7065 gi|588 38306 38751
7066 gi|589 12377 12452
7067 gi|589 12472 12593
7068 gi|589 12611 12862
7069 gi|589 13091 13439
7070 gi|589 18157 18737
7071 gi|589 22849 24590
7072 gi|589 25007 25351
7073 gi|589 25385 25477
7074 gi|589 26626 27408
7075 gi|589 27692 29316
7076 gi|589 39475 39504
7077 gi|59 324 3764
7078 gi|59 5306 6503
7079 gi|59 6584 8739
7080 gi|59 10297 10602
7081 gi|59 12049 12629
7082 gi|59 14201 14467
7083 gi|59 14897 15009
7084 gi|59 15054 15206
7085 gi|59 23924 24568
7086 gi|59 24632 25686
7087 gi|59 25783 26206
7088 gi|59 26175 26307
7089 gi|59 27823 28664
7090 gi|59 28404 29286
7091 gi|59 29866 30144
7092 gi|59 30049 30311
7093 gi|59 30305 30683
7094 gi|59 30687 31535
7095 gi|59 31693 32737
7096 gi|59 32738 33520
7097 gi|59 33809 35545
7098 gi|59 35729 36573
7099 gi|59 37384 37500
7100 gi|59 37556 38094
7101 gi|590 421 1231
7102 gi|590 2651 2702
7103 gi|590 3074 3163
7104 gi|590 4652 4969
7105 gi|590 7611 7654
7106 gi|590 7648 8242
7107 gi|590 8241 8284
7108 gi|590 8395 8650
7109 gi|590 11920 12116
7110 gi|590 12340 12461
7111 gi|590 18667 18813
7112 gi|590 27363 28737
7113 gi|590 32878 32931
7114 gi|590 37945 38785
7115 gi|591 1 211
7116 gi|591 198 400
7117 gi|591 753 809
7118 gi|591 2061 2121
7119 gi|591 3657 4709
7120 gi|591 7519 7643
7121 gi|591 8145 8454
7122 gi|591 9441 9557
7123 gi|591 9557 11129
7124 gi|591 14029 14261
7125 gi|591 14258 15457
7126 gi|591 16683 16727
7127 gi|591 17708 17742
7128 gi|591 17727 18288
7129 gi|591 18835 19108
7130 gi|591 19447 20135
7131 gi|591 20616 20667
7132 gi|591 20654 20889
7133 gi|591 23374 23621
7134 gi|591 26581 26624
7135 gi|592 3406 3647
7136 gi|592 11441 11534
7137 gi|592 12613 14820
7138 gi|592 15909 16390
7139 gi|592 16732 17426
7140 gi|592 21239 21968
7141 gi|592 23254 23847
7142 gi|592 23847 23978
7143 gi|592 24328 24507
7144 gi|592 24481 24857
7145 gi|592 24771 25386
7146 gi|592 25412 25687
7147 gi|592 26071 29826
7148 gi|592 39483 40147
7149 gi|593 6549 7252
7150 gi|593 9157 16689
7151 gi|593 16683 17562
7152 gi|593 17437 17927
7153 gi|593 18148 23753
7154 gi|593 30597 31028
7155 gi|594 1 5076
7156 gi|595 7209 7331
7157 gi|595 7515 7914
7158 gi|595 8610 8886
7159 gi|595 16180 18631
7160 gi|595 18856 18985
7161 gi|595 19080 19996
7162 gi|595 20093 21245
7163 gi|595 39209 39286
7164 gi|596 126 265
7165 gi|596 5219 5458
7166 gi|596 5859 6098
7167 gi|596 6393 6491
7168 gi|596 6522 8736
7169 gi|596 9092 9278
7170 gi|596 9509 9665
7171 gi|596 9662 9691
7172 gi|596 12168 13588
7173 gi|596 14070 15493
7174 gi|596 17072 17584
7175 gi|596 17696 17949
7176 gi|596 18054 18374
7177 gi|596 18229 18649
7178 gi|596 25636 25904
7179 gi|596 26002 26191
7180 gi|596 27354 27492
7181 gi|596 31642 31676
7182 gi|596 31846 31921
7183 gi|596 38603 40125
7184 gi|597 790 2966
7185 gi|597 3750 4021
7186 gi|597 7702 8246
7187 gi|597 17960 20165
7188 gi|597 20196 20294
7189 gi|597 20953 21021
7190 gi|597 24378 27670
7191 gi|597 28288 28417
7192 gi|597 28631 28715
7193 gi|598 5701 9173
7194 gi|598 21338 21429
7195 gi|598 24982 25069
7196 gi|598 25498 25612
7197 gi|598 31580 31645
7198 gi|598 31794 31855
7199 gi|599 1 301
7200 gi|599 571 902
7201 gi|599 6948 7801
7202 gi|599 7855 9023
7203 gi|599 11066 12256
7204 gi|599 12295 12989
7205 gi|599 14147 14285
7206 gi|599 15146 15457
7207 gi|599 15501 15593
7208 gi|599 17527 17652
7209 gi|599 17755 17828
7210 gi|599 17908 18042
7211 gi|599 19314 22973
7212 gi|599 23212 23413
7213 gi|599 26416 28626
7214 gi|599 30510 32296
7215 gi|599 33757 34191
7216 gi|599 34827 35682
7217 gi|599 36265 37353
7218 gi|599 39740 40000
7219 gi|6 1 79
7220 gi|6 246 439
7221 gi|6 3909 4315
7222 gi|6 4582 4841
7223 gi|6 4950 6436
7224 gi|6 7113 7277
7225 gi|6 7708 7793
7226 gi|6 7939 8202
7227 gi|6 8469 9338
7228 gi|6 9781 12148
7229 gi|6 13012 13204
7230 gi|6 13446 13505
7231 gi|6 13712 14243
7232 gi|6 14454 14851
7233 gi|6 15044 15322
7234 gi|6 15442 16883
7235 gi|6 18530 18718
7236 gi|6 18771 19074
7237 gi|6 19394 20260
7238 gi|6 20690 23086
7239 gi|6 23997 26409
7240 gi|6 26721 26770
7241 gi|6 34238 34815
7242 gi|6 39533 39753
7243 gi|6 40020 40117
7244 gi|60 35 495
7245 gi|60 7316 7371
7246 gi|60 8445 8545
7247 gi|60 11145 11381
7248 gi|60 11371 12329
7249 gi|60 30331 31108
7250 gi|60 37409 38631
7251 gi|60 38793 39097
7252 gi|60 39319 39408
7253 gi|600 2295 3444
7254 gi|600 10645 10962
7255 gi|600 10959 11713
7256 gi|600 14883 14974
7257 gi|600 17145 17393
7258 gi|600 22569 22759
7259 gi|600 22758 22861
7260 gi|600 23459 25123
7261 gi|600 25433 25992
7262 gi|600 25907 26305
7263 gi|600 27609 27651
7264 gi|600 30736 31019
7265 gi|600 31368 31692
7266 gi|600 37122 37316
7267 gi|601 1 4806
7268 gi|601 5175 8972
7269 gi|601 8956 9996
7270 gi|601 10359 10674
7271 gi|601 12650 12867
7272 gi|601 12844 15140
7273 gi|601 15434 24736
7274 gi|601 25058 32990
7275 gi|601 32715 33435
7276 gi|601 35183 35266
7277 gi|601 37925 38184
7278 gi|602 4988 5751
7279 gi|602 6458 6618
7280 gi|602 6607 7004
7281 gi|602 29962 30161
7282 gi|602 32318 32514
7283 gi|602 35769 35925
7284 gi|602 36328 36525
7285 gi|602 37528 37587
7286 gi|603 1 22069
7287 gi|604 1182 1306
7288 gi|604 1632 1707
7289 gi|604 1976 2073
7290 gi|604 2256 4121
7291 gi|604 3991 4318
7292 gi|604 4317 4434
7293 gi|604 4545 4594
7294 gi|604 6907 7165
7295 gi|604 8450 8537
7296 gi|604 17991 18161
7297 gi|604 20492 20669
7298 gi|604 20768 21428
7299 gi|604 21814 22331
7300 gi|604 23219 23295
7301 gi|604 23821 23871
7302 gi|604 24709 24767
7303 gi|604 30279 30462
7304 gi|604 34068 35310
7305 gi|605 382 1788
7306 gi|605 2906 2995
7307 gi|605 3851 4003
7308 gi|605 4057 4207
7309 gi|605 4202 5139
7310 gi|605 5260 5321
7311 gi|605 6506 6541
7312 gi|605 26006 26699
7313 gi|605 27126 27849
7314 gi|605 28316 28905
7315 gi|605 29002 29177
7316 gi|605 30249 31043
7317 gi|605 30968 31525
7318 gi|605 34277 34427
7319 gi|605 34643 34736
7320 gi|605 35595 35865
7321 gi|605 36268 36380
7322 gi|605 38623 39484
7323 gi|605 39177 40125
7324 gi|606 5572 5945
7325 gi|606 6363 10923
7326 gi|606 11611 12401
7327 gi|606 13579 14177
7328 gi|606 14577 14786
7329 gi|606 15522 15673
7330 gi|606 20490 21095
7331 gi|606 21146 22404
7332 gi|606 24383 32620
7333 gi|606 34054 36002
7334 gi|606 36420 39998
7335 gi|607 1736 1876
7336 gi|607 3080 3140
7337 gi|607 3466 3658
7338 gi|607 6915 7019
7339 gi|607 7039 7691
7340 gi|607 20597 20717
7341 gi|607 20787 21025
7342 gi|607 35108 35287
7343 gi|608 5894 6032
7344 gi|608 9817 15477
7345 gi|608 16415 19048
7346 gi|608 19391 22798
7347 gi|608 28736 28975
7348 gi|608 28972 29159
7349 gi|608 30894 33384
7350 gi|608 33383 33683
7351 gi|608 36930 37136
7352 gi|608 38746 39324
7353 gi|608 39847 40021
7354 gi|609 3 1926
7355 gi|609 3833 5200
7356 gi|609 6469 8009
7357 gi|609 9798 11966
7358 gi|609 12533 12768
7359 gi|609 12895 13084
7360 gi|609 13193 14198
7361 gi|61 1 1819
7362 gi|61 2114 3158
7363 gi|61 3765 3984
7364 gi|61 4775 5990
7365 gi|61 6141 8327
7366 gi|61 8733 8865
7367 gi|61 8860 9037
7368 gi|61 9422 9565
7369 gi|61 9924 9995
7370 gi|61 10222 10321
7371 gi|61 10451 10539
7372 gi|61 10525 11976
7373 gi|61 12053 16863
7374 gi|61 18733 18964
7375 gi|61 19640 22397
7376 gi|61 22593 23702
7377 gi|61 24265 26184
7378 gi|61 26187 26246
7379 gi|61 26272 26507
7380 gi|61 26507 26643
7381 gi|61 26588 26741
7382 gi|61 27469 27810
7383 gi|61 27828 28555
7384 gi|61 28559 28628
7385 gi|61 28748 28814
7386 gi|61 29170 29384
7387 gi|61 29587 30092
7388 gi|61 30626 30914
7389 gi|61 34246 36449
7390 gi|61 36473 37417
7391 gi|61 39984 40116
7392 gi|610 1 2889
7393 gi|610 3731 5141
7394 gi|610 5118 6893
7395 gi|610 8028 8828
7396 gi|610 9359 9780
7397 gi|610 10866 11113
7398 gi|610 15717 15765
7399 gi|610 19848 19941
7400 gi|610 21085 23033
7401 gi|610 23034 23238
7402 gi|610 23168 23367
7403 gi|610 23462 23633
7404 gi|610 23630 24920
7405 gi|610 25156 25280
7406 gi|611 2240 2319
7407 gi|611 14809 17568
7408 gi|611 20239 20468
7409 gi|611 27155 27220
7410 gi|611 27304 27689
7411 gi|611 35081 35396
7412 gi|611 36140 36300
7413 gi|612 1 16544
7414 gi|612 16030 31045
7415 gi|613 1 654
7416 gi|613 1318 1363
7417 gi|613 1841 1940
7418 gi|613 4298 8166
7419 gi|613 8569 10322
7420 gi|613 10881 12156
7421 gi|613 12167 13019
7422 gi|613 13520 13574
7423 gi|613 14242 14343
7424 gi|613 14845 17151
7425 gi|613 17151 17268
7426 gi|613 17265 17597
7427 gi|613 18732 19094
7428 gi|613 20245 20336
7429 gi|613 20330 20454
7430 gi|613 21716 25796
7431 gi|613 28764 29395
7432 gi|613 29334 29819
7433 gi|613 31817 35897
7434 gi|613 37147 37190
7435 gi|613 38406 39076
7436 gi|613 39717 39760
7437 gi|614 4008 4723
7438 gi|614 27209 27383
7439 gi|615 861 1330
7440 gi|615 1899 2442
7441 gi|615 13964 14187
7442 gi|615 18756 18876
7443 gi|615 18838 18992
7444 gi|615 21872 22047
7445 gi|615 27902 27994
7446 gi|615 39941 40034
7447 gi|616 1 1323
7448 gi|616 1955 2452
7449 gi|616 2553 2623
7450 gi|616 5161 5265
7451 gi|616 8269 8368
7452 gi|616 8531 10318
7453 gi|616 10354 10637
7454 gi|616 15183 15340
7455 gi|616 16586 18575
7456 gi|616 19764 19955
7457 gi|616 21183 21283
7458 gi|616 31626 33587
7459 gi|617 33 272
7460 gi|617 704 781
7461 gi|617 781 1046
7462 gi|617 1548 3037
7463 gi|617 3925 4364
7464 gi|617 9604 9974
7465 gi|617 11469 11574
7466 gi|617 12551 13594
7467 gi|617 14049 14116
7468 gi|617 14237 15719
7469 gi|617 15603 15867
7470 gi|617 16062 17790
7471 gi|617 17891 18212
7472 gi|617 18228 18385
7473 gi|617 18615 19958
7474 gi|617 20084 20298
7475 gi|617 21620 21870
7476 gi|617 22487 22816
7477 gi|617 23343 24500
7478 gi|617 30189 30277
7479 gi|617 30236 30579
7480 gi|617 30447 31169
7481 gi|617 34606 34729
7482 gi|617 35384 35585
7483 gi|617 36484 36781
7484 gi|618 4679 4738
7485 gi|618 4838 6089
7486 gi|618 7325 8136
7487 gi|618 9761 12225
7488 gi|618 15514 17779
7489 gi|618 18361 20220
7490 gi|618 20433 20618
7491 gi|618 21586 22098
7492 gi|618 23176 23986
7493 gi|618 27667 27762
7494 gi|619 197 494
7495 gi|619 675 904
7496 gi|619 14275 14570
7497 gi|619 14637 16375
7498 gi|619 16819 17076
7499 gi|619 35556 37251
7500 gi|619 37482 37636
7501 gi|62 4328 5370
7502 gi|62 5376 8264
7503 gi|62 8324 8762
7504 gi|62 9679 10569
7505 gi|620 6198 6279
7506 gi|620 14652 14706
7507 gi|620 14701 15098
7508 gi|620 15788 16271
7509 gi|621 398 794
7510 gi|621 2606 3233
7511 gi|621 3278 4352
7512 gi|621 4451 4643
7513 gi|621 5127 7524
7514 gi|621 7570 9106
7515 gi|621 8803 10184
7516 gi|621 10535 12667
7517 gi|621 12717 12895
7518 gi|621 13131 13319
7519 gi|621 23289 24973
7520 gi|621 24305 26025
7521 gi|621 29394 29577
7522 gi|621 29889 30036
7523 gi|621 30246 30530
7524 gi|621 30835 31044
7525 gi|621 31332 31876
7526 gi|621 32785 32909
7527 gi|621 32873 33053
7528 gi|621 36142 36183
7529 gi|621 36163 36347
7530 gi|621 36344 36474
7531 gi|621 37052 37217
7532 gi|622 8730 8986
7533 gi|622 9617 9758
7534 gi|622 9953 10091
7535 gi|622 22090 22147
7536 gi|622 23971 24022
7537 gi|622 29661 29816
7538 gi|623 1 754
7539 gi|623 812 2433
7540 gi|623 2347 3361
7541 gi|623 3510 3686
7542 gi|623 3689 5170
7543 gi|623 5576 7939
7544 gi|623 8117 8534
7545 gi|623 8513 8744
7546 gi|623 8731 11094
7547 gi|623 11341 13170
7548 gi|623 13165 14088
7549 gi|623 15062 15213
7550 gi|623 15222 17124
7551 gi|623 17676 18135
7552 gi|623 18310 18483
7553 gi|623 18768 20275
7554 gi|623 31441 31588
7555 gi|624 4152 5447
7556 gi|624 5453 6279
7557 gi|624 6717 6899
7558 gi|624 7362 7461
7559 gi|624 7710 9443
7560 gi|624 10100 11590
7561 gi|624 12314 13414
7562 gi|624 13275 13719
7563 gi|624 14271 14562
7564 gi|624 14567 16469
7565 gi|624 16773 17694
7566 gi|624 18875 18966
7567 gi|624 19948 20104
7568 gi|624 20128 20338
7569 gi|624 20483 20731
7570 gi|624 20745 21259
7571 gi|624 26755 27043
7572 gi|624 27281 27381
7573 gi|624 28041 28362
7574 gi|624 35637 36091
7575 gi|624 36081 37779
7576 gi|625 934 1115
7577 gi|625 1119 1356
7578 gi|625 1973 2057
7579 gi|625 2401 2451
7580 gi|625 2448 2698
7581 gi|625 2862 2971
7582 gi|625 3322 3561
7583 gi|625 5476 6299
7584 gi|625 8469 8537
7585 gi|625 8769 9107
7586 gi|625 12377 13783
7587 gi|625 14423 14948
7588 gi|625 15021 15540
7589 gi|625 16610 17138
7590 gi|625 21836 22161
7591 gi|625 25639 26464
7592 gi|625 27995 28310
7593 gi|625 28346 28621
7594 gi|625 29055 29374
7595 gi|625 32958 32996
7596 gi|625 35857 36397
7597 gi|626 2242 3961
7598 gi|626 12757 13018
7599 gi|626 13059 13258
7600 gi|626 22525 22633
7601 gi|626 36697 36783
7602 gi|626 37900 39645
7603 gi|627 27 842
7604 gi|627 2522 4486
7605 gi|627 5039 5418
7606 gi|627 7228 8913
7607 gi|627 10270 10318
7608 gi|627 10749 10778
7609 gi|627 11208 11256
7610 gi|627 14786 16580
7611 gi|627 20485 21866
7612 gi|627 22125 23151
7613 gi|627 23662 23947
7614 gi|627 24865 25397
7615 gi|627 26827 26939
7616 gi|627 28239 28464
7617 gi|627 28434 29778
7618 gi|627 29770 30814
7619 gi|627 31496 31745
7620 gi|627 32442 33466
7621 gi|627 34086 34298
7622 gi|627 34502 34834
7623 gi|627 34907 35897
7624 gi|627 36430 36751
7625 gi|627 37120 38151
7626 gi|627 38594 38739
7627 gi|627 39149 40130
7628 gi|628 1 2273
7629 gi|629 1 1213
7630 gi|629 1018 2424
7631 gi|629 3333 4334
7632 gi|629 5881 5986
7633 gi|629 5974 6766
7634 gi|629 7383 8279
7635 gi|629 9387 10278
7636 gi|629 11276 11615
7637 gi|629 12875 12969
7638 gi|629 21864 22041
7639 gi|629 22835 23303
7640 gi|629 23281 23786
7641 gi|629 23804 24745
7642 gi|629 26531 26859
7643 gi|629 27137 27448
7644 gi|629 27439 28156
7645 gi|629 30156 30366
7646 gi|629 31135 31391
7647 gi|629 38967 40000
7648 gi|63 137 423
7649 gi|63 388 660
7650 gi|63 837 998
7651 gi|63 2088 3040
7652 gi|63 3325 3448
7653 gi|63 3551 3815
7654 gi|63 7261 8168
7655 gi|63 8769 9216
7656 gi|63 11997 14939
7657 gi|63 17875 18670
7658 gi|63 18740 19178
7659 gi|63 19628 19672
7660 gi|63 19863 20944
7661 gi|63 22018 24278
7662 gi|63 39311 39503
7663 gi|630 1317 1388
7664 gi|630 9415 10710
7665 gi|630 10766 10831
7666 gi|630 11239 11719
7667 gi|630 11974 12198
7668 gi|630 12808 15796
7669 gi|630 17543 18280
7670 gi|630 19840 20103
7671 gi|630 20166 21098
7672 gi|630 22226 22734
7673 gi|630 22889 22964
7674 gi|630 23299 23387
7675 gi|630 23653 24381
7676 gi|630 25214 25556
7677 gi|630 25572 27359
7678 gi|630 29752 29950
7679 gi|630 31311 31488
7680 gi|630 36874 38390
7681 gi|630 38543 38618
7682 gi|630 38632 38679
7683 gi|630 38693 38835
7684 gi|630 38810 39150
7685 gi|631 8231 8601
7686 gi|631 14438 15801
7687 gi|631 15788 15989
7688 gi|631 17274 19424
7689 gi|631 19521 20434
7690 gi|631 20534 20756
7691 gi|631 22089 22253
7692 gi|631 22289 22737
7693 gi|631 23085 25385
7694 gi|631 26366 26612
7695 gi|631 27466 27574
7696 gi|631 27961 30532
7697 gi|631 30675 30767
7698 gi|631 32006 32232
7699 gi|631 32607 33034
7700 gi|631 33768 33907
7701 gi|631 34349 34384
7702 gi|631 39150 40021
7703 gi|632 16009 17134
7704 gi|632 17120 18357
7705 gi|632 28386 28465
7706 gi|632 33509 33594
7707 gi|633 7570 7945
7708 gi|633 9349 10136
7709 gi|633 23528 23578
7710 gi|633 35579 35771
7711 gi|633 36276 36486
7712 gi|633 37071 37382
7713 gi|634 6007 6211
7714 gi|634 6956 7160
7715 gi|634 9440 9734
7716 gi|634 11391 12890
7717 gi|634 17206 17373
7718 gi|634 19829 20196
7719 gi|634 21190 21311
7720 gi|634 22502 22600
7721 gi|634 23040 23104
7722 gi|634 25301 25381
7723 gi|635 641 720
7724 gi|635 738 822
7725 gi|635 1720 2087
7726 gi|635 10737 12935
7727 gi|635 14308 15328
7728 gi|635 15748 16623
7729 gi|635 21489 25282
7730 gi|635 25651 40173
7731 gi|636 1 1447
7732 gi|637 3576 4861
7733 gi|637 13846 14835
7734 gi|637 18389 18439
7735 gi|637 25756 26886
7736 gi|638 368 791
7737 gi|638 3657 3831
7738 gi|638 7127 7676
7739 gi|638 8072 8142
7740 gi|638 12765 12927
7741 gi|638 13834 14332
7742 gi|638 16174 16607
7743 gi|638 17703 17914
7744 gi|638 19257 19529
7745 gi|638 23824 23945
7746 gi|638 23919 25900
7747 gi|638 25901 26448
7748 gi|638 29447 29678
7749 gi|638 33174 33580
7750 gi|638 33577 35970
7751 gi|638 38084 38261
7752 gi|639 725 1059
7753 gi|639 5268 5590
7754 gi|639 8732 8842
7755 gi|639 10287 11928
7756 gi|639 14019 14171
7757 gi|639 15887 15930
7758 gi|639 16219 16298
7759 gi|639 20879 21554
7760 gi|639 22049 22773
7761 gi|639 26691 26996
7762 gi|639 27086 27505
7763 gi|639 30160 30417
7764 gi|639 38438 39359
7765 gi|64 94 412
7766 gi|64 11942 12068
7767 gi|64 24185 24239
7768 gi|64 27319 27369
7769 gi|64 29964 30025
7770 gi|640 10155 10231
7771 gi|640 11260 11848
7772 gi|640 14493 15226
7773 gi|640 16746 17147
7774 gi|640 18287 18470
7775 gi|640 19841 20815
7776 gi|640 27955 28021
7777 gi|640 31534 36827
7778 gi|640 37306 37492
7779 gi|640 37697 37905
7780 gi|640 37877 40021
7781 gi|641 16832 17024
7782 gi|641 17430 17985
7783 gi|641 18487 18616
7784 gi|641 23457 23523
7785 gi|641 24122 24184
7786 gi|642 5227 5369
7787 gi|642 13874 14106
7788 gi|642 14237 15211
7789 gi|642 18848 19045
7790 gi|642 19575 20378
7791 gi|642 20375 21666
7792 gi|642 21665 21963
7793 gi|642 21841 22097
7794 gi|642 22123 22291
7795 gi|642 22589 22760
7796 gi|642 36881 38342
7797 gi|643 243 9031
7798 gi|643 9455 9550
7799 gi|643 10254 22111
7800 gi|643 21506 36967
7801 gi|643 37846 37989
7802 gi|643 38995 39231
7803 gi|644 9984 10805
7804 gi|644 10630 12363
7805 gi|644 12950 13055
7806 gi|644 14810 14906
7807 gi|644 19800 19893
7808 gi|644 31341 31904
7809 gi|644 32460 32832
7810 gi|644 34035 34487
7811 gi|644 35170 35744
7812 gi|644 36097 36181
7813 gi|645 1 5182
7814 gi|645 3683 6869
7815 gi|645 12842 13699
7816 gi|645 13698 13784
7817 gi|645 13859 14045
7818 gi|645 14148 14302
7819 gi|645 14340 14497
7820 gi|645 14612 14750
7821 gi|645 16175 16589
7822 gi|645 16547 16874
7823 gi|645 16985 17064
7824 gi|645 17142 18542
7825 gi|645 22147 22849
7826 gi|645 22848 23083
7827 gi|645 24267 24410
7828 gi|645 25289 40147
7829 gi|646 3 19980
7830 gi|647 1 1411
7831 gi|647 2084 3046
7832 gi|647 5379 5504
7833 gi|647 5731 5821
7834 gi|647 5891 6143
7835 gi|647 6791 7718
7836 gi|647 17117 17560
7837 gi|647 17617 17811
7838 gi|647 18856 18949
7839 gi|647 24755 26057
7840 gi|647 26055 26636
7841 gi|647 27590 27659
7842 gi|647 31281 32069
7843 gi|647 38134 38432
7844 gi|647 38428 38508
7845 gi|647 38776 39037
7846 gi|647 39352 39394
7847 gi|648 1 627
7848 gi|648 1041 1238
7849 gi|648 1239 1359
7850 gi|648 3370 4706
7851 gi|648 4819 4982
7852 gi|648 6455 7935
7853 gi|648 8274 9887
7854 gi|648 9877 10258
7855 gi|648 11451 11567
7856 gi|648 13745 17532
7857 gi|648 24720 25554
7858 gi|648 28591 28948
7859 gi|648 28944 30215
7860 gi|648 30203 30728
7861 gi|648 30940 31653
7862 gi|648 31618 31830
7863 gi|648 33845 33937
7864 gi|648 36370 36446
7865 gi|648 37602 37969
7866 gi|648 37965 38084
7867 gi|649 324 562
7868 gi|649 871 1215
7869 gi|649 1988 2307
7870 gi|649 3026 3105
7871 gi|649 3357 3809
7872 gi|649 4210 4613
7873 gi|649 4943 6035
7874 gi|649 6423 6909
7875 gi|649 7337 7535
7876 gi|649 7721 7902
7877 gi|649 8512 9656
7878 gi|649 17047 17481
7879 gi|649 19252 19341
7880 gi|649 19738 19783
7881 gi|649 36169 36408
7882 gi|649 38254 38669
7883 gi|649 38664 39024
7884 gi|649 39509 39844
7885 gi|65 1040 1658
7886 gi|65 1689 2191
7887 gi|65 2582 2666
7888 gi|65 3291 3390
7889 gi|65 21569 22274
7890 gi|65 22379 23323
7891 gi|65 23689 23786
7892 gi|65 23902 24148
7893 gi|65 24150 24505
7894 gi|65 34624 34950
7895 gi|65 35191 35867
7896 gi|65 36362 36474
7897 gi|65 38580 38837
7898 gi|65 39507 39835
7899 gi|650 969 1868
7900 gi|650 2234 4762
7901 gi|650 6296 7115
7902 gi|650 7389 8347
7903 gi|650 10107 17473
7904 gi|650 19309 19952
7905 gi|650 22160 22999
7906 gi|650 23170 23231
7907 gi|650 23955 24230
7908 gi|650 25641 26113
7909 gi|650 26059 26232
7910 gi|650 26161 26428
7911 gi|650 26334 26529
7912 gi|650 26535 27044
7913 gi|650 30042 37179
7914 gi|650 36510 39545
7915 gi|651 11 456
7916 gi|651 1390 2205
7917 gi|651 3814 4188
7918 gi|651 4283 4544
7919 gi|651 4911 5522
7920 gi|651 9559 9721
7921 gi|651 10116 10585
7922 gi|651 11650 11825
7923 gi|651 11824 12116
7924 gi|651 12134 12175
7925 gi|651 25100 25157
7926 gi|651 25953 26451
7927 gi|651 27839 28107
7928 gi|651 28592 29825
7929 gi|651 29813 32175
7930 gi|651 32416 32461
7931 gi|651 32457 32561
7932 gi|651 32561 32666
7933 gi|651 33089 34482
7934 gi|651 34852 34988
7935 gi|651 35119 35471
7936 gi|651 35552 37191
7937 gi|651 39306 39458
7938 gi|651 39449 40000
7939 gi|652 289 435
7940 gi|652 9768 10498
7941 gi|652 11669 11782
7942 gi|652 11778 11878
7943 gi|652 12474 13962
7944 gi|652 21824 22834
7945 gi|652 35369 35531
7946 gi|652 39484 39699
7947 gi|653 1948 2460
7948 gi|653 3517 4247
7949 gi|653 7991 8277
7950 gi|653 8277 8323
7951 gi|653 8822 9498
7952 gi|653 10869 11027
7953 gi|653 11312 12151
7954 gi|653 12480 12966
7955 gi|653 14845 15056
7956 gi|653 15449 16254
7957 gi|653 16749 16974
7958 gi|653 18406 20026
7959 gi|653 20503 20658
7960 gi|653 25856 27873
7961 gi|653 30051 30178
7962 gi|653 32005 32518
7963 gi|653 32760 33238
7964 gi|653 35855 36575
7965 gi|653 36810 37296
7966 gi|653 37678 38043
7967 gi|653 39647 40016
7968 gi|654 2 22854
7969 gi|654 22801 22937
7970 gi|654 22913 23890
7971 gi|654 24191 24935
7972 gi|654 24984 27416
7973 gi|654 27257 40087
7974 gi|654 39025 48181
7975 gi|655 1 1546
7976 gi|655 5494 5649
7977 gi|655 5650 7110
7978 gi|655 7081 12908
7979 gi|655 17717 18476
7980 gi|655 18542 19540
7981 gi|655 20011 20433
7982 gi|655 27281 27435
7983 gi|655 29311 29544
7984 gi|655 30197 31642
7985 gi|655 31370 32231
7986 gi|655 32755 32848
7987 gi|655 33066 33316
7988 gi|655 35547 37103
7989 gi|655 38224 38294
7990 gi|655 38950 39121
7991 gi|655 39669 39944
7992 gi|656 1 810
7993 gi|656 610 1655
7994 gi|656 2124 2645
7995 gi|656 4180 4973
7996 gi|656 5237 5295
7997 gi|656 5287 7611
7998 gi|656 8377 8469
7999 gi|656 8903 8999
8000 gi|656 9904 9972
8001 gi|656 10444 10911
8002 gi|656 11564 11749
8003 gi|656 11940 12693
8004 gi|656 12699 15140
8005 gi|656 15215 16481
8006 gi|656 16482 16934
8007 gi|656 16909 18837
8008 gi|656 18797 18894
8009 gi|656 18894 19059
8010 gi|656 19127 19764
8011 gi|656 19920 22609
8012 gi|656 24314 24859
8013 gi|656 25806 25860
8014 gi|656 29538 29637
8015 gi|656 30137 30396
8016 gi|656 30396 30946
8017 gi|656 30947 31105
8018 gi|656 32455 32537
8019 gi|656 32940 33007
8020 gi|656 33315 33383
8021 gi|656 37619 37658
8022 gi|656 37768 38937
8023 gi|656 38920 39505
8024 gi|656 39830 40000
8025 gi|657 1 114
8026 gi|657 529 861
8027 gi|657 3122 4119
8028 gi|657 4114 4207
8029 gi|657 12056 12961
8030 gi|657 13605 13806
8031 gi|657 14583 14793
8032 gi|657 15154 15743
8033 gi|657 19078 19310
8034 gi|657 19852 21005
8035 gi|657 21966 22294
8036 gi|657 24152 25796
8037 gi|657 27010 27796
8038 gi|657 27946 28415
8039 gi|657 34414 34591
8040 gi|658 37 230
8041 gi|658 3306 3372
8042 gi|658 3941 4500
8043 gi|658 4276 5301
8044 gi|658 7422 7479
8045 gi|658 7478 7577
8046 gi|658 8508 8678
8047 gi|658 9097 9168
8048 gi|658 9280 9474
8049 gi|658 9665 10447
8050 gi|658 26529 26659
8051 gi|658 27903 28112
8052 gi|658 29235 31384
8053 gi|658 31640 31811
8054 gi|658 32079 32178
8055 gi|658 33193 33387
8056 gi|659 3931 5414
8057 gi|659 5657 5895
8058 gi|659 7732 8830
8059 gi|659 9214 9317
8060 gi|659 10387 11843
8061 gi|659 12407 12643
8062 gi|659 12897 13068
8063 gi|659 13086 13300
8064 gi|659 13292 13354
8065 gi|659 14221 14423
8066 gi|659 22017 22331
8067 gi|659 22690 23358
8068 gi|659 23822 26688
8069 gi|659 29297 29458
8070 gi|659 29744 30417
8071 gi|659 30449 30609
8072 gi|66 2201 2327
8073 gi|66 2549 3168
8074 gi|66 8542 9094
8075 gi|66 15078 15155
8076 gi|66 19456 19553
8077 gi|66 20949 21132
8078 gi|66 21194 21560
8079 gi|66 28287 28385
8080 gi|66 34473 34664
8081 gi|66 34673 34953
8082 gi|66 39371 39581
8083 gi|660 1766 2289
8084 gi|660 2307 3540
8085 gi|660 4021 5063
8086 gi|660 4987 6576
8087 gi|660 6572 6999
8088 gi|660 6994 7047
8089 gi|660 8137 10607
8090 gi|660 11109 14546
8091 gi|660 14524 15102
8092 gi|660 27381 29201
8093 gi|660 30787 31302
8094 gi|660 35104 35736
8095 gi|660 37230 37685
8096 gi|660 38046 38402
8097 gi|660 38812 38991
8098 gi|660 39886 40127
8099 gi|661 1483 1754
8100 gi|661 1731 1833
8101 gi|661 1817 1983
8102 gi|661 2346 2488
8103 gi|661 3271 3450
8104 gi|661 7543 7782
8105 gi|661 8064 8154
8106 gi|661 9107 9686
8107 gi|661 10568 10949
8108 gi|661 12189 13856
8109 gi|661 14348 14458
8110 gi|661 14587 14729
8111 gi|661 20584 24853
8112 gi|661 25177 25692
8113 gi|661 26980 27373
8114 gi|661 27835 27928
8115 gi|661 28282 28546
8116 gi|661 29597 30115
8117 gi|661 32158 32877
8118 gi|661 33908 35341
8119 gi|661 35681 39937
8120 gi|662 1 195
8121 gi|662 951 2027
8122 gi|662 2133 3186
8123 gi|662 8604 8729
8124 gi|662 13567 13635
8125 gi|662 18667 18794
8126 gi|662 20655 20921
8127 gi|662 23143 24902
8128 gi|662 25619 25842
8129 gi|662 25829 27309
8130 gi|662 27325 28461
8131 gi|662 28378 30583
8132 gi|662 31069 33201
8133 gi|662 33744 33841
8134 gi|662 33816 37610
8135 gi|662 37272 37961
8136 gi|662 38737 38865
8137 gi|662 39324 40021
8138 gi|663 1 8839
8139 gi|663 9147 34906
8140 gi|664 60 265
8141 gi|664 396 557
8142 gi|664 1278 1846
8143 gi|664 3468 8253
8144 gi|664 10000 10297
8145 gi|664 12364 13642
8146 gi|664 17325 17505
8147 gi|664 18154 18758
8148 gi|664 19402 19683
8149 gi|664 19991 20183
8150 gi|664 23808 24044
8151 gi|664 25952 26129
8152 gi|664 26610 26792
8153 gi|664 27998 28494
8154 gi|664 28773 28907
8155 gi|664 29151 29936
8156 gi|664 34883 35199
8157 gi|664 35256 35928
8158 gi|664 35939 36014
8159 gi|664 37188 37287
8160 gi|664 37268 38000
8161 gi|664 37792 38472
8162 gi|664 38459 38830
8163 gi|665 1000 1429
8164 gi|665 1420 1667
8165 gi|665 4088 4582
8166 gi|665 5357 5434
8167 gi|665 6626 6864
8168 gi|665 6858 7204
8169 gi|665 7210 7985
8170 gi|665 10369 10901
8171 gi|665 11334 12157
8172 gi|665 12797 13119
8173 gi|665 13091 14312
8174 gi|665 14175 14897
8175 gi|665 15231 15467
8176 gi|665 16106 19172
8177 gi|665 19267 19617
8178 gi|665 20051 22335
8179 gi|665 22461 22869
8180 gi|665 22894 23890
8181 gi|665 23888 24869
8182 gi|665 25410 25509
8183 gi|665 25771 26164
8184 gi|665 26027 28061
8185 gi|665 28253 28317
8186 gi|665 28579 28855
8187 gi|665 28832 29433
8188 gi|665 29501 29961
8189 gi|665 29733 30421
8190 gi|665 30412 30618
8191 gi|665 30648 30732
8192 gi|665 30893 31851
8193 gi|665 31848 32056
8194 gi|665 32513 32703
8195 gi|665 36305 36669
8196 gi|665 37333 38088
8197 gi|665 37994 38510
8198 gi|665 38977 39246
8199 gi|666 109 767
8200 gi|666 764 1092
8201 gi|666 1154 2819
8202 gi|666 2875 3024
8203 gi|666 3079 6124
8204 gi|666 6130 7530
8205 gi|666 7528 7704
8206 gi|666 12263 12382
8207 gi|666 12778 13003
8208 gi|666 18343 20040
8209 gi|666 21090 21152
8210 gi|666 23235 23776
8211 gi|666 24856 25335
8212 gi|666 25872 26394
8213 gi|666 34729 35477
8214 gi|666 39355 39559
8215 gi|667 1 974
8216 gi|667 972 1852
8217 gi|667 2995 3610
8218 gi|667 4310 4379
8219 gi|667 7445 7967
8220 gi|667 8615 8760
8221 gi|667 10341 19700
8222 gi|667 20010 24763
8223 gi|667 25379 25453
8224 gi|668 78 190
8225 gi|668 15402 16032
8226 gi|668 16386 16856
8227 gi|668 19500 19657
8228 gi|668 22247 22398
8229 gi|668 26422 26480
8230 gi|668 34016 34211
8231 gi|668 35532 35796
8232 gi|668 36119 36613
8233 gi|669 550 786
8234 gi|669 800 861
8235 gi|669 2088 2167
8236 gi|669 3683 3983
8237 gi|669 4038 4225
8238 gi|669 11860 12026
8239 gi|669 11987 12505
8240 gi|669 12372 12740
8241 gi|669 15595 15800
8242 gi|669 22778 25491
8243 gi|669 25915 26798
8244 gi|669 27025 28002
8245 gi|669 28437 28584
8246 gi|669 30146 30245
8247 gi|669 33852 37639
8248 gi|67 720 1020
8249 gi|67 2730 2850
8250 gi|67 3482 4461
8251 gi|67 4429 4707
8252 gi|67 4898 4940
8253 gi|67 4945 5005
8254 gi|67 5070 6729
8255 gi|67 6720 7276
8256 gi|67 8104 8517
8257 gi|67 9938 10334
8258 gi|67 10259 10673
8259 gi|67 11660 12067
8260 gi|67 12506 12573
8261 gi|67 12900 13059
8262 gi|67 13053 15502
8263 gi|67 15445 15563
8264 gi|67 15846 17930
8265 gi|67 20654 20918
8266 gi|67 20899 21318
8267 gi|67 23706 23982
8268 gi|67 23969 25967
8269 gi|67 25968 26416
8270 gi|67 27289 27375
8271 gi|671 8425 9509
8272 gi|671 9696 9750
8273 gi|671 9779 10424
8274 gi|671 10415 10643
8275 gi|671 10632 10664
8276 gi|671 11562 12863
8277 gi|671 12906 13536
8278 gi|671 14338 14398
8279 gi|671 14844 14921
8280 gi|671 15517 15656
8281 gi|671 16111 16242
8282 gi|672 1 167
8283 gi|672 3030 3090
8284 gi|672 3090 4034
8285 gi|672 5529 5679
8286 gi|672 6058 15097
8287 gi|672 15664 16092
8288 gi|672 17637 18116
8289 gi|672 22028 22145
8290 gi|672 22307 22362
8291 gi|672 22734 23463
8292 gi|672 23741 24295
8293 gi|672 24775 27463
8294 gi|672 28742 29237
8295 gi|672 30429 31647
8296 gi|672 32115 32174
8297 gi|673 1 152
8298 gi|673 376 816
8299 gi|673 812 1588
8300 gi|673 2149 2276
8301 gi|673 2935 2988
8302 gi|673 4134 4534
8303 gi|673 5164 5753
8304 gi|673 5545 11268
8305 gi|673 11561 11624
8306 gi|673 13406 15474
8307 gi|673 16040 20860
8308 gi|673 21982 22070
8309 gi|673 23025 23153
8310 gi|673 32022 32112
8311 gi|673 35471 35900
8312 gi|673 37631 38350
8313 gi|673 38780 40000
8314 gi|674 6327 6818
8315 gi|674 7355 7411
8316 gi|674 7408 7530
8317 gi|674 7514 7644
8318 gi|674 15694 16297
8319 gi|674 18737 18906
8320 gi|674 19082 19295
8321 gi|674 20324 20724
8322 gi|674 21497 22283
8323 gi|674 25147 25479
8324 gi|674 28621 29082
8325 gi|674 29393 29874
8326 gi|674 39734 39783
8327 gi|674 39846 39890
8328 gi|675 151 218
8329 gi|675 1319 2824
8330 gi|675 3702 4693
8331 gi|675 5705 5976
8332 gi|675 6619 6866
8333 gi|675 6937 6991
8334 gi|675 7315 8551
8335 gi|675 9226 9792
8336 gi|675 10285 10381
8337 gi|675 10949 11124
8338 gi|675 11438 11745
8339 gi|675 16965 17924
8340 gi|675 18290 21544
8341 gi|675 21545 25559
8342 gi|675 25440 26858
8343 gi|675 33793 35599
8344 gi|675 35595 37041
8345 gi|675 37036 37588
8346 gi|676 25747 25829
8347 gi|676 33360 33797
8348 gi|676 37111 37374
8349 gi|676 37360 37874
8350 gi|676 38853 39063
8351 gi|676 39143 39312
8352 gi|676 39312 39593
8353 gi|677 3942 4051
8354 gi|677 4044 4314
8355 gi|677 4576 5532
8356 gi|677 5730 5816
8357 gi|677 5822 6516
8358 gi|677 6506 6756
8359 gi|677 27793 27867
8360 gi|677 28285 30680
8361 gi|677 30796 31124
8362 gi|677 31553 31746
8363 gi|677 32999 33137
8364 gi|677 33206 33367
8365 gi|677 33838 33907
8366 gi|677 34328 34617
8367 gi|678 11424 11545
8368 gi|678 12979 13069
8369 gi|678 13120 13528
8370 gi|678 13941 13999
8371 gi|678 14002 14582
8372 gi|678 17889 18484
8373 gi|678 20354 20899
8374 gi|678 21711 22234
8375 gi|678 23159 23552
8376 gi|678 24180 24928
8377 gi|678 25042 26488
8378 gi|678 26502 27463
8379 gi|678 38660 38746
8380 gi|679 26263 26369
8381 gi|679 28477 28793
8382 gi|68 3184 3318
8383 gi|68 4924 5071
8384 gi|68 7005 7152
8385 gi|68 7862 8309
8386 gi|68 15815 16109
8387 gi|68 24079 24240
8388 gi|68 24299 25525
8389 gi|68 25496 25649
8390 gi|68 25647 26308
8391 gi|68 26546 27508
8392 gi|68 27805 27903
8393 gi|68 28237 28371
8394 gi|68 29184 29324
8395 gi|68 29467 30114
8396 gi|68 32118 33017
8397 gi|68 35147 35638
8398 gi|68 35586 38524
8399 gi|68 39239 40000
8400 gi|680 1680 1928
8401 gi|680 3988 4524
8402 gi|680 4903 4951
8403 gi|680 9123 9308
8404 gi|680 14383 15249
8405 gi|680 15681 16490
8406 gi|680 17232 17276
8407 gi|680 17271 18067
8408 gi|680 25936 26121
8409 gi|681 2374 2736
8410 gi|681 6132 6524
8411 gi|681 6947 7040
8412 gi|681 7079 7321
8413 gi|681 7313 7401
8414 gi|681 7480 7645
8415 gi|681 7590 7719
8416 gi|681 12335 12520
8417 gi|681 13074 13179
8418 gi|681 13473 15863
8419 gi|681 16011 16527
8420 gi|681 18822 19308
8421 gi|681 22716 22849
8422 gi|681 23562 24459
8423 gi|681 24737 25657
8424 gi|681 26876 27579
8425 gi|681 28035 28157
8426 gi|681 28354 29017
8427 gi|681 30638 30877
8428 gi|681 31246 31484
8429 gi|681 31510 32316
8430 gi|681 32317 32438
8431 gi|682 6981 7978
8432 gi|682 8056 8276
8433 gi|682 9317 10107
8434 gi|682 10470 10828
8435 gi|682 11122 11287
8436 gi|682 13298 15006
8437 gi|682 15027 15365
8438 gi|682 15383 16262
8439 gi|682 16329 17093
8440 gi|682 17328 17801
8441 gi|682 18115 18269
8442 gi|682 18672 18831
8443 gi|682 19135 19323
8444 gi|682 19542 19731
8445 gi|682 19684 21430
8446 gi|682 21407 21605
8447 gi|682 24745 24827
8448 gi|682 29859 30495
8449 gi|682 30778 31095
8450 gi|682 31437 31801
8451 gi|682 39402 39546
8452 gi|683 32936 33538
8453 gi|684 4209 4361
8454 gi|684 20225 20870
8455 gi|684 23810 24225
8456 gi|684 24239 24361
8457 gi|684 24376 24919
8458 gi|684 25548 25688
8459 gi|684 26412 26875
8460 gi|684 33002 33147
8461 gi|684 33354 33557
8462 gi|684 34300 34968
8463 gi|684 35163 35296
8464 gi|684 35498 37411
8465 gi|684 37579 38383
8466 gi|685 1 39460
8467 gi|686 291 358
8468 gi|686 686 950
8469 gi|686 958 1730
8470 gi|686 2751 3977
8471 gi|686 9116 9390
8472 gi|686 10739 13036
8473 gi|686 13460 13946
8474 gi|686 16048 17831
8475 gi|686 18036 18598
8476 gi|686 19405 19498
8477 gi|686 21732 22452
8478 gi|686 22503 22800
8479 gi|686 31418 31761
8480 gi|686 32046 33422
8481 gi|686 33482 33762
8482 gi|686 33883 34306
8483 gi|686 34922 35746
8484 gi|686 37668 38631
8485 gi|686 38617 38698
8486 gi|686 38691 38778
8487 gi|686 38982 39151
8488 gi|687 17664 17810
8489 gi|687 17913 18261
8490 gi|687 20735 20926
8491 gi|687 21308 21743
8492 gi|687 24366 24455
8493 gi|687 36659 36871
8494 gi|687 36877 37402
8495 gi|687 37409 37522
8496 gi|687 38502 38574
8497 gi|687 39210 39496
8498 gi|688 592 2641
8499 gi|688 4340 4810
8500 gi|688 5166 5224
8501 gi|688 5219 5418
8502 gi|688 8083 8169
8503 gi|688 12824 12878
8504 gi|688 12879 15037
8505 gi|688 15890 15953
8506 gi|688 18050 18257
8507 gi|688 18829 18888
8508 gi|688 21671 22400
8509 gi|688 25376 25466
8510 gi|688 25525 25762
8511 gi|688 27196 28344
8512 gi|688 35157 35375
8513 gi|688 36856 36935
8514 gi|688 37431 37576
8515 gi|688 38976 39304
8516 gi|689 1 996
8517 gi|689 996 1035
8518 gi|689 3394 3509
8519 gi|689 6023 6124
8520 gi|689 8233 8479
8521 gi|689 9032 9109
8522 gi|689 9330 10185
8523 gi|689 10614 10724
8524 gi|689 10976 11171
8525 gi|689 11195 11616
8526 gi|689 11620 11836
8527 gi|689 15792 16103
8528 gi|689 19340 19374
8529 gi|689 19859 20303
8530 gi|689 25559 25651
8531 gi|689 32622 32673
8532 gi|689 33589 34335
8533 gi|689 34964 35168
8534 gi|689 39496 39565
8535 gi|689 39620 40078
8536 gi|69 1 87
8537 gi|69 1980 2909
8538 gi|69 2798 3716
8539 gi|69 9069 9300
8540 gi|69 9689 10477
8541 gi|69 10278 10711
8542 gi|69 10592 11098
8543 gi|69 11435 12592
8544 gi|69 13924 15592
8545 gi|69 15594 15710
8546 gi|69 17499 18092
8547 gi|69 18026 18227
8548 gi|69 19036 19204
8549 gi|69 19189 19274
8550 gi|69 19264 21411
8551 gi|69 21713 22426
8552 gi|69 22395 23211
8553 gi|69 28568 28712
8554 gi|69 28796 29180
8555 gi|69 29438 29838
8556 gi|69 30497 31487
8557 gi|69 31578 31645
8558 gi|69 32171 32423
8559 gi|69 32693 32867
8560 gi|69 33394 34426
8561 gi|69 34791 35009
8562 gi|69 35156 35508
8563 gi|690 2540 2993
8564 gi|690 5157 5429
8565 gi|690 8195 8375
8566 gi|690 8647 8711
8567 gi|690 9010 9083
8568 gi|690 9193 9508
8569 gi|690 9559 9683
8570 gi|690 15558 16014
8571 gi|690 16444 17438
8572 gi|690 35104 35901
8573 gi|691 2220 3834
8574 gi|691 20386 20507
8575 gi|691 24263 24597
8576 gi|691 29456 29701
8577 gi|691 33965 34110
8578 gi|691 34192 34530
8579 gi|691 35040 35361
8580 gi|691 38122 40000
8581 gi|692 5631 5869
8582 gi|692 6157 6268
8583 gi|692 7217 7681
8584 gi|692 8466 8914
8585 gi|692 9507 9929
8586 gi|692 10881 11004
8587 gi|692 11045 11083
8588 gi|692 11314 13216
8589 gi|692 14128 14243
8590 gi|692 14802 15570
8591 gi|692 15859 17739
8592 gi|692 18779 19668
8593 gi|692 22154 22558
8594 gi|692 22720 23661
8595 gi|692 24617 25551
8596 gi|692 25925 27291
8597 gi|692 28310 29176
8598 gi|692 30511 31520
8599 gi|692 31416 32030
8600 gi|692 37158 37512
8601 gi|692 37442 37840
8602 gi|692 37725 38194
8603 gi|693 17115 17296
8604 gi|694 3 1270
8605 gi|694 1797 2002
8606 gi|694 10116 10592
8607 gi|694 11650 12944
8608 gi|694 13251 14558
8609 gi|694 21341 21463
8610 gi|694 23842 23899
8611 gi|694 24131 24324
8612 gi|694 25945 26115
8613 gi|694 26375 26442
8614 gi|694 26425 26514
8615 gi|694 26550 26607
8616 gi|694 28371 28454
8617 gi|694 28491 28695
8618 gi|694 39651 39746
8619 gi|695 2905 3386
8620 gi|695 4397 4476
8621 gi|695 4764 4829
8622 gi|695 6532 6603
8623 gi|695 16820 17118
8624 gi|695 17563 17747
8625 gi|695 18086 18254
8626 gi|695 19162 19240
8627 gi|695 22815 24287
8628 gi|695 32474 32557
8629 gi|695 34951 35517
8630 gi|695 39081 39182
8631 gi|695 39795 39912
8632 gi|695 39905 40028
8633 gi|695 40140 40338
8634 gi|696 2046 2428
8635 gi|696 2282 3212
8636 gi|696 3455 3615
8637 gi|696 5127 5453
8638 gi|696 5687 6367
8639 gi|696 20699 20749
8640 gi|696 25224 25413
8641 gi|696 27848 28227
8642 gi|697 401 542
8643 gi|697 538 2123
8644 gi|697 5767 6512
8645 gi|697 13998 14781
8646 gi|697 16070 16262
8647 gi|697 17028 17905
8648 gi|697 18213 18337
8649 gi|697 18447 18544
8650 gi|697 18799 19050
8651 gi|697 19455 19626
8652 gi|697 20236 20455
8653 gi|697 24144 24243
8654 gi|697 29346 31120
8655 gi|697 38051 38291
8656 gi|697 38444 38582
8657 gi|698 187 1734
8658 gi|698 2305 2624
8659 gi|698 2623 2791
8660 gi|698 2792 3680
8661 gi|698 3394 4299
8662 gi|698 4817 6037
8663 gi|698 6034 6989
8664 gi|698 6960 8033
8665 gi|698 8715 8921
8666 gi|698 8947 9149
8667 gi|698 9829 9972
8668 gi|698 10358 11735
8669 gi|698 12534 12618
8670 gi|698 12894 14614
8671 gi|698 14670 14842
8672 gi|698 14994 15953
8673 gi|698 17961 17996
8674 gi|698 20315 20409
8675 gi|698 20703 21172
8676 gi|698 23553 23785
8677 gi|698 25491 26765
8678 gi|698 30095 30542
8679 gi|698 30845 31316
8680 gi|698 33696 34609
8681 gi|698 34587 34945
8682 gi|698 37756 38965
8683 gi|699 2573 4702
8684 gi|699 5421 7153
8685 gi|699 8145 10412
8686 gi|699 11814 12039
8687 gi|699 12830 12867
8688 gi|699 18156 18474
8689 gi|699 26882 26960
8690 gi|699 28794 29128
8691 gi|699 29243 29437
8692 gi|699 37133 37268
8693 gi|699 38296 38667
8694 gi|7 3447 3727
8695 gi|7 5008 5629
8696 gi|7 11057 12597
8697 gi|7 13077 13676
8698 gi|7 17539 17930
8699 gi|7 17814 18158
8700 gi|7 18610 18726
8701 gi|7 20111 23055
8702 gi|7 23053 25637
8703 gi|7 25581 26023
8704 gi|7 26903 28497
8705 gi|7 29728 29848
8706 gi|7 30741 31053
8707 gi|7 30931 31429
8708 gi|7 36792 36999
8709 gi|7 37951 38252
8710 gi|7 39895 40000
8711 gi|70 1 2497
8712 gi|70 3517 3599
8713 gi|70 5438 6431
8714 gi|70 7990 8898
8715 gi|70 12348 13202
8716 gi|70 14529 14648
8717 gi|70 15105 15970
8718 gi|70 20075 21756
8719 gi|70 22304 23223
8720 gi|70 23352 24025
8721 gi|70 24479 24603
8722 gi|70 24616 24739
8723 gi|70 25859 26749
8724 gi|70 29600 30107
8725 gi|70 30166 31382
8726 gi|70 36112 36213
8727 gi|70 38100 38231
8728 gi|70 38269 38988
8729 gi|700 11716 11912
8730 gi|700 12073 12434
8731 gi|700 13171 13290
8732 gi|700 13530 13654
8733 gi|700 15463 15660
8734 gi|700 16491 17144
8735 gi|700 17146 17238
8736 gi|700 17845 18634
8737 gi|700 19675 19932
8738 gi|700 19927 20768
8739 gi|700 20916 21176
8740 gi|700 21218 21344
8741 gi|700 29193 29394
8742 gi|700 36153 36202
8743 gi|700 36198 36275
8744 gi|701 94 812
8745 gi|701 1600 10090
8746 gi|701 10528 10625
8747 gi|701 15843 16972
8748 gi|701 18255 19105
8749 gi|701 20472 20728
8750 gi|701 27327 32488
8751 gi|701 33067 33788
8752 gi|701 33570 34941
8753 gi|701 35374 36093
8754 gi|702 1133 1192
8755 gi|702 15169 15290
8756 gi|702 30061 30133
8757 gi|702 31087 31212
8758 gi|703 9 1550
8759 gi|703 3026 4044
8760 gi|703 4529 4721
8761 gi|703 5753 5869
8762 gi|703 7414 8496
8763 gi|703 8744 8988
8764 gi|703 11318 11414
8765 gi|703 12051 13094
8766 gi|703 13256 13360
8767 gi|703 16553 17950
8768 gi|703 18372 18760
8769 gi|703 21330 21665
8770 gi|703 22219 23590
8771 gi|703 25792 25936
8772 gi|703 26310 28148
8773 gi|703 28268 28408
8774 gi|703 28938 29074
8775 gi|703 30444 30682
8776 gi|703 35083 35837
8777 gi|704 360 825
8778 gi|704 822 916
8779 gi|704 952 1132
8780 gi|704 7003 7097
8781 gi|704 15059 16097
8782 gi|704 16266 16371
8783 gi|704 18585 18854
8784 gi|704 19826 20156
8785 gi|704 20975 21826
8786 gi|704 26841 27016
8787 gi|704 29889 30079
8788 gi|704 32694 32908
8789 gi|704 36095 36205
8790 gi|704 38890 39002
8791 gi|704 39339 40081
8792 gi|705 1 34737
8793 gi|706 16 85
8794 gi|706 1065 1143
8795 gi|706 11831 12508
8796 gi|706 14765 14949
8797 gi|706 20323 20472
8798 gi|706 21682 21785
8799 gi|706 26721 27490
8800 gi|706 27565 27979
8801 gi|706 28235 28483
8802 gi|706 28872 28990
8803 gi|706 29756 31555
8804 gi|706 31662 31751
8805 gi|706 34838 34926
8806 gi|706 38250 38589
8807 gi|707 2421 3123
8808 gi|707 3529 3685
8809 gi|707 3734 3799
8810 gi|707 3799 3886
8811 gi|707 4615 4755
8812 gi|707 5498 6831
8813 gi|707 7287 7514
8814 gi|707 8534 10172
8815 gi|707 10395 12298
8816 gi|707 12660 12738
8817 gi|707 14812 15170
8818 gi|707 16561 16656
8819 gi|707 22321 22471
8820 gi|707 28446 28485
8821 gi|707 29237 29890
8822 gi|707 32696 33434
8823 gi|707 33763 33956
8824 gi|707 35038 35876
8825 gi|707 39912 40081
8826 gi|708 2 21530
8827 gi|708 15580 34937
8828 gi|708 34914 35412
8829 gi|708 36074 36816
8830 gi|708 36920 37089
8831 gi|708 37075 37592
8832 gi|708 37529 38223
8833 gi|708 38543 38706
8834 gi|708 38917 38958
8835 gi|708 39212 40000
8836 gi|709 5022 5574
8837 gi|709 5410 5875
8838 gi|709 6090 6235
8839 gi|709 6330 6393
8840 gi|709 6445 6574
8841 gi|709 6792 7017
8842 gi|709 7007 7144
8843 gi|709 9202 12165
8844 gi|709 12701 12830
8845 gi|709 12882 13274
8846 gi|709 19859 20563
8847 gi|709 20971 22757
8848 gi|709 22486 23396
8849 gi|709 23873 25873
8850 gi|709 26086 26256
8851 gi|709 26383 26476
8852 gi|71 9431 9773
8853 gi|71 9774 9899
8854 gi|71 9982 10641
8855 gi|71 10848 12316
8856 gi|71 19869 19949
8857 gi|71 27306 27386
8858 gi|71 31108 31487
8859 gi|71 35383 35573
8860 gi|710 2204 2358
8861 gi|710 2391 2471
8862 gi|710 5585 5683
8863 gi|710 7675 8201
8864 gi|710 8334 8368
8865 gi|710 8372 8448
8866 gi|710 8795 8850
8867 gi|710 12930 13073
8868 gi|710 16821 16912
8869 gi|710 17112 17216
8870 gi|710 24623 24849
8871 gi|711 3177 3467
8872 gi|711 3666 6724
8873 gi|711 9789 10013
8874 gi|711 10317 10675
8875 gi|711 10801 11071
8876 gi|711 21684 23799
8877 gi|711 24245 26315
8878 gi|711 26678 26945
8879 gi|711 26968 27560
8880 gi|711 28013 28265
8881 gi|711 28468 29018
8882 gi|711 28983 29071
8883 gi|711 34219 35339
8884 gi|712 610 927
8885 gi|712 1076 3508
8886 gi|712 4904 5663
8887 gi|712 5940 6289
8888 gi|712 6774 7092
8889 gi|712 9382 9503
8890 gi|712 9636 9885
8891 gi|712 10799 10872
8892 gi|712 11080 11692
8893 gi|712 12770 13985
8894 gi|712 20358 20458
8895 gi|712 27888 28175
8896 gi|712 28080 28334
8897 gi|712 29557 29725
8898 gi|712 29998 30193
8899 gi|712 30464 30588
8900 gi|712 30754 30814
8901 gi|712 31014 31068
8902 gi|712 31472 32840
8903 gi|712 33174 33930
8904 gi|712 34304 34454
8905 gi|712 34626 34814
8906 gi|712 34974 35096
8907 gi|712 35107 36914
8908 gi|712 37196 38064
8909 gi|712 39781 40032
8910 gi|713 10493 10540
8911 gi|713 18735 19087
8912 gi|713 19164 19240
8913 gi|713 27361 27510
8914 gi|713 27544 27751
8915 gi|714 158 9512
8916 gi|714 9083 10490
8917 gi|714 11369 11512
8918 gi|714 12863 13104
8919 gi|714 13104 14065
8920 gi|714 17307 20538
8921 gi|714 21291 21484
8922 gi|714 21854 25383
8923 gi|714 25697 25990
8924 gi|714 26349 29255
8925 gi|714 29956 31123
8926 gi|714 33366 35379
8927 gi|714 35562 36641
8928 gi|714 37932 38342
8929 gi|714 38432 40173
8930 gi|715 3078 3635
8931 gi|715 5298 5440
8932 gi|715 6149 6564
8933 gi|715 8059 8141
8934 gi|715 8148 9629
8935 gi|715 9985 11199
8936 gi|715 10715 11744
8937 gi|715 12388 12476
8938 gi|715 12472 12761
8939 gi|715 24549 24883
8940 gi|715 24865 25219
8941 gi|715 25201 25343
8942 gi|715 25519 25600
8943 gi|715 26317 26514
8944 gi|715 26715 26941
8945 gi|715 29455 29555
8946 gi|715 34168 34332
8947 gi|715 34320 34401
8948 gi|715 34982 35754
8949 gi|716 17586 17786
8950 gi|716 24745 25131
8951 gi|716 25344 25466
8952 gi|717 2248 2599
8953 gi|717 2446 2881
8954 gi|717 5325 5719
8955 gi|717 11802 12006
8956 gi|717 14594 14718
8957 gi|717 21971 24130
8958 gi|717 28567 28715
8959 gi|717 32693 33027
8960 gi|717 33575 33916
8961 gi|717 38704 38846
8962 gi|718 2860 3061
8963 gi|718 4403 4486
8964 gi|718 4920 5106
8965 gi|718 5108 5295
8966 gi|718 5259 5339
8967 gi|718 6848 7750
8968 gi|718 8243 10025
8969 gi|718 11035 12423
8970 gi|718 12594 12699
8971 gi|718 12835 13120
8972 gi|718 13469 13802
8973 gi|718 15170 17359
8974 gi|718 20497 20588
8975 gi|718 21048 21116
8976 gi|718 22787 24244
8977 gi|718 25189 25469
8978 gi|718 27082 28095
8979 gi|718 28363 28736
8980 gi|718 29519 29651
8981 gi|719 1 378
8982 gi|72 2 21488
8983 gi|72 18855 25466
8984 gi|72 25403 25850
8985 gi|72 25824 25891
8986 gi|72 26068 26157
8987 gi|72 26385 26775
8988 gi|72 26791 26938
8989 gi|72 26934 27446
8990 gi|72 27473 28082
8991 gi|72 29193 29786
8992 gi|72 30094 30214
8993 gi|72 30478 30556
8994 gi|72 30898 31241
8995 gi|72 31203 31903
8996 gi|72 31988 32155
8997 gi|72 32697 47183
8998 gi|720 634 2874
8999 gi|720 3242 6294
9000 gi|720 6597 6740
9001 gi|720 7274 7462
9002 gi|720 7731 8605
9003 gi|720 9667 13390
9004 gi|720 13375 14622
9005 gi|720 14884 15508
9006 gi|720 15493 15594
9007 gi|720 16105 16455
9008 gi|720 16485 16639
9009 gi|720 17897 18681
9010 gi|720 18648 19167
9011 gi|720 19164 19443
9012 gi|720 35644 35725
9013 gi|720 35724 36023
9014 gi|720 36156 36266
9015 gi|720 38696 38976
9016 gi|720 39109 39811
9017 gi|721 1 27407
9018 gi|721 27715 41803
9019 gi|722 2926 3194
9020 gi|722 4718 5913
9021 gi|722 5724 6247
9022 gi|722 6719 6822
9023 gi|722 6818 6939
9024 gi|722 7034 7684
9025 gi|722 8285 8952
9026 gi|722 9984 10039
9027 gi|722 10923 12362
9028 gi|722 13208 13493
9029 gi|722 13574 13649
9030 gi|722 13995 14366
9031 gi|722 21139 21285
9032 gi|722 37528 37814
9033 gi|723 1 674
9034 gi|723 1912 2081
9035 gi|723 3349 3686
9036 gi|723 3846 4375
9037 gi|723 4662 5757
9038 gi|723 6052 6630
9039 gi|723 7878 8042
9040 gi|723 8904 8981
9041 gi|723 8950 9487
9042 gi|723 9774 10441
9043 gi|723 10551 10909
9044 gi|723 11206 12013
9045 gi|723 12223 12286
9046 gi|723 16159 16249
9047 gi|723 16854 16945
9048 gi|723 27169 27387
9049 gi|723 28755 28991
9050 gi|723 29444 30011
9051 gi|723 30311 30551
9052 gi|723 30798 31017
9053 gi|723 33890 34205
9054 gi|723 35695 36058
9055 gi|723 36954 37273
9056 gi|723 38619 38970
9057 gi|724 966 2179
9058 gi|724 2171 2359
9059 gi|724 4255 4456
9060 gi|724 4529 5154
9061 gi|724 5780 7507
9062 gi|724 7803 7869
9063 gi|724 8294 9645
9064 gi|724 10631 10893
9065 gi|724 11652 13016
9066 gi|724 14096 14508
9067 gi|724 15588 15657
9068 gi|724 20457 20581
9069 gi|724 21389 21892
9070 gi|724 21897 22297
9071 gi|724 22629 22853
9072 gi|724 23671 23922
9073 gi|724 24575 24731
9074 gi|724 25307 27113
9075 gi|724 31110 31383
9076 gi|724 31534 31670
9077 gi|724 31969 32356
9078 gi|724 38555 40109
9079 gi|725 4344 4483
9080 gi|725 4433 4849
9081 gi|725 4848 5130
9082 gi|725 11175 11449
9083 gi|725 11577 11682
9084 gi|725 30799 30842
9085 gi|725 31137 32983
9086 gi|725 35283 35312
9087 gi|725 35680 35864
9088 gi|726 1123 3149
9089 gi|726 3801 5222
9090 gi|726 5767 7134
9091 gi|726 7211 7301
9092 gi|726 7292 9270
9093 gi|726 8727 10732
9094 gi|726 12931 14151
9095 gi|726 15031 15382
9096 gi|726 17072 18075
9097 gi|726 17996 18265
9098 gi|726 18377 19561
9099 gi|726 21029 24242
9100 gi|726 25096 25472
9101 gi|726 27162 29447
9102 gi|726 30109 30829
9103 gi|726 31226 36678
9104 gi|726 37417 38192
9105 gi|726 38481 39356
9106 gi|726 39465 40108
9107 gi|727 10122 10452
9108 gi|727 11063 11146
9109 gi|727 15347 16229
9110 gi|727 16775 17626
9111 gi|727 17553 17830
9112 gi|727 18172 18314
9113 gi|727 18579 18879
9114 gi|727 24774 25972
9115 gi|727 26605 26926
9116 gi|727 27231 28412
9117 gi|727 30975 32336
9118 gi|727 36184 36258
9119 gi|727 36367 36774
9120 gi|727 40096 40147
9121 gi|728 1 24985
9122 gi|729 5539 5899
9123 gi|729 9545 9716
9124 gi|729 9650 9886
9125 gi|73 31850 31976
9126 gi|73 37913 38613
9127 gi|730 2 23711
9128 gi|731 3 1412
9129 gi|731 1820 3462
9130 gi|731 4065 4247
9131 gi|731 12307 12646
9132 gi|731 16272 16618
9133 gi|731 16609 16671
9134 gi|731 16657 18254
9135 gi|731 18253 18346
9136 gi|731 18711 18779
9137 gi|731 19253 19491
9138 gi|731 20152 20666
9139 gi|731 21983 22585
9140 gi|731 22585 24288
9141 gi|731 24287 24799
9142 gi|731 24802 25022
9143 gi|731 25311 25414
9144 gi|731 26645 28185
9145 gi|731 29285 30317
9146 gi|731 31759 31933
9147 gi|731 32683 33066
9148 gi|731 35272 35743
9149 gi|731 35653 35837
9150 gi|731 36046 36696
9151 gi|731 37718 38293
9152 gi|731 39146 39274
9153 gi|731 39783 39952
9154 gi|732 4524 4599
9155 gi|732 24859 26527
9156 gi|733 36 2187
9157 gi|733 2301 2981
9158 gi|733 8542 8845
9159 gi|733 11281 11700
9160 gi|733 21805 22123
9161 gi|733 38879 40137
9162 gi|734 1 1368
9163 gi|734 1376 1607
9164 gi|734 3455 3526
9165 gi|734 4144 5436
9166 gi|734 5845 6033
9167 gi|734 8072 11804
9168 gi|734 12437 13084
9169 gi|734 15046 15580
9170 gi|734 26530 26796
9171 gi|734 30729 31140
9172 gi|734 31047 31312
9173 gi|734 31276 31501
9174 gi|734 31665 31932
9175 gi|734 31997 32300
9176 gi|734 32311 32392
9177 gi|734 35099 36624
9178 gi|735 1116 3460
9179 gi|735 4275 4925
9180 gi|735 8155 8374
9181 gi|735 8420 8969
9182 gi|735 9611 9730
9183 gi|735 9733 10005
9184 gi|735 10497 10766
9185 gi|735 13333 13382
9186 gi|735 15784 16041
9187 gi|735 18036 18391
9188 gi|735 25431 27123
9189 gi|735 27382 27926
9190 gi|735 28357 28430
9191 gi|735 28729 29176
9192 gi|735 29660 29693
9193 gi|735 29689 29913
9194 gi|735 32282 32361
9195 gi|735 36034 36384
9196 gi|735 36259 36761
9197 gi|736 1 12013
9198 gi|736 12321 31576
9199 gi|737 1445 1501
9200 gi|737 1640 1893
9201 gi|737 2127 2708
9202 gi|737 5930 6046
9203 gi|737 12806 13032
9204 gi|737 25930 26105
9205 gi|737 26742 26983
9206 gi|737 27195 27337
9207 gi|737 27408 27629
9208 gi|737 27535 27823
9209 gi|737 28087 28269
9210 gi|737 36458 36656
9211 gi|737 36982 37235
9212 gi|737 37626 37709
9213 gi|738 2253 2351
9214 gi|738 2727 4045
9215 gi|738 4989 5074
9216 gi|738 5391 5506
9217 gi|738 6362 6496
9218 gi|738 6477 6531
9219 gi|738 6521 6630
9220 gi|738 6625 6764
9221 gi|738 6748 7084
9222 gi|738 8282 8636
9223 gi|738 9924 10113
9224 gi|738 12424 12611
9225 gi|738 14548 14797
9226 gi|738 15774 16122
9227 gi|738 16371 16684
9228 gi|738 17014 17681
9229 gi|738 17935 18005
9230 gi|738 17974 19618
9231 gi|738 20192 20747
9232 gi|738 20716 24112
9233 gi|738 24108 25565
9234 gi|738 26837 27872
9235 gi|738 28477 28588
9236 gi|738 30114 30568
9237 gi|738 30566 30749
9238 gi|738 30745 30807
9239 gi|738 31424 31749
9240 gi|738 32852 33119
9241 gi|738 33100 33903
9242 gi|738 36413 36727
9243 gi|738 36967 37315
9244 gi|738 38065 38159
9245 gi|739 12496 12991
9246 gi|739 13315 13681
9247 gi|739 14904 15411
9248 gi|739 15760 16101
9249 gi|739 17067 17699
9250 gi|739 19149 19234
9251 gi|739 24636 24834
9252 gi|739 25281 27030
9253 gi|739 28349 28801
9254 gi|739 37088 37189
9255 gi|739 38404 38539
9256 gi|74 1800 1913
9257 gi|74 4841 5117
9258 gi|74 5381 5584
9259 gi|74 5833 6482
9260 gi|74 8447 8627
9261 gi|74 9051 10037
9262 gi|74 10794 12807
9263 gi|74 14353 17748
9264 gi|74 17199 18895
9265 gi|74 19502 20140
9266 gi|74 20956 21227
9267 gi|74 22394 22948
9268 gi|74 27738 28550
9269 gi|74 32685 32753
9270 gi|74 34322 34390
9271 gi|74 34805 35363
9272 gi|740 4168 7573
9273 gi|740 8115 8272
9274 gi|740 11487 19239
9275 gi|740 19046 19813
9276 gi|741 446 820
9277 gi|741 6691 7006
9278 gi|741 8114 8186
9279 gi|741 10120 12293
9280 gi|741 14410 14484
9281 gi|741 15308 15388
9282 gi|741 17191 17274
9283 gi|741 19520 22812
9284 gi|741 26169 26237
9285 gi|741 26805 26901
9286 gi|741 27560 27628
9287 gi|741 30985 34275
9288 gi|741 34369 34467
9289 gi|741 36974 37049
9290 gi|741 37115 37848
9291 gi|741 38028 38346
9292 gi|742 1 768
9293 gi|742 585 2822
9294 gi|742 3458 3591
9295 gi|742 3886 5917
9296 gi|742 6296 7963
9297 gi|742 7965 8877
9298 gi|742 10277 10661
9299 gi|742 11476 18148
9300 gi|742 18477 21198
9301 gi|742 22669 38082
9302 gi|742 39512 40000
9303 gi|743 1 568
9304 gi|743 3456 3585
9305 gi|743 3778 3973
9306 gi|743 8658 8821
9307 gi|743 8792 8998
9308 gi|743 8954 9196
9309 gi|743 9544 11017
9310 gi|743 11579 11710
9311 gi|743 11820 11865
9312 gi|743 13235 13485
9313 gi|743 13794 13853
9314 gi|743 14310 14476
9315 gi|743 18406 18470
9316 gi|743 19321 19371
9317 gi|743 19395 19459
9318 gi|743 22153 22212
9319 gi|743 23086 23170
9320 gi|743 30855 31095
9321 gi|743 32971 33383
9322 gi|743 33382 33764
9323 gi|744 5799 6051
9324 gi|744 8823 10274
9325 gi|744 10664 11157
9326 gi|744 13625 13659
9327 gi|744 15126 15353
9328 gi|744 15696 15766
9329 gi|744 18085 18262
9330 gi|744 20775 21004
9331 gi|744 21739 21827
9332 gi|744 22141 23987
9333 gi|744 35918 35971
9334 gi|744 36459 36946
9335 gi|744 38333 40000
9336 gi|745 164 207
9337 gi|745 7200 7468
9338 gi|745 9300 9556
9339 gi|745 12693 14342
9340 gi|745 16217 17483
9341 gi|745 17215 17879
9342 gi|745 20231 21333
9343 gi|745 23459 23525
9344 gi|745 23608 25088
9345 gi|745 26309 27071
9346 gi|745 27540 28420
9347 gi|745 34608 35269
9348 gi|745 35741 36442
9349 gi|745 36440 36487
9350 gi|746 106 263
9351 gi|746 1281 1539
9352 gi|746 1627 2649
9353 gi|746 3631 5179
9354 gi|746 6531 7236
9355 gi|746 8028 8342
9356 gi|746 9038 9754
9357 gi|746 9797 10376
9358 gi|746 10511 10574
9359 gi|746 11479 11983
9360 gi|746 12339 13250
9361 gi|746 13824 13951
9362 gi|746 20201 21232
9363 gi|746 25979 26048
9364 gi|746 26857 27020
9365 gi|746 28894 29043
9366 gi|746 31528 31750
9367 gi|746 31650 31990
9368 gi|746 32427 32649
9369 gi|746 34111 34297
9370 gi|746 34734 34825
9371 gi|746 35201 36805
9372 gi|746 38313 38491
9373 gi|746 38604 38844
9374 gi|746 39775 39961
9375 gi|747 3874 4084
9376 gi|747 5736 5810
9377 gi|747 5978 6028
9378 gi|747 7230 7456
9379 gi|747 7663 7765
9380 gi|747 24575 24827
9381 gi|747 26242 26535
9382 gi|747 28270 29264
9383 gi|747 29216 29562
9384 gi|747 30498 31532
9385 gi|747 33928 35069
9386 gi|747 35959 36368
9387 gi|747 39127 39218
9388 gi|747 39175 39620
9389 gi|748 2255 2756
9390 gi|748 9348 9434
9391 gi|748 9426 13479
9392 gi|748 14659 14772
9393 gi|748 17550 17620
9394 gi|748 18028 18115
9395 gi|748 18866 19009
9396 gi|748 19674 21781
9397 gi|748 22098 24433
9398 gi|748 24933 24976
9399 gi|748 25436 26146
9400 gi|748 26768 26855
9401 gi|748 26897 27025
9402 gi|748 27882 28008
9403 gi|748 29677 29789
9404 gi|748 36187 36241
9405 gi|748 36906 39017
9406 gi|749 1 1695
9407 gi|749 2036 5838
9408 gi|749 6103 8162
9409 gi|749 8498 8543
9410 gi|749 9198 9940
9411 gi|749 10576 10856
9412 gi|749 12101 21014
9413 gi|749 21950 22081
9414 gi|749 23631 23705
9415 gi|749 23915 24452
9416 gi|749 27902 27936
9417 gi|749 28621 28995
9418 gi|749 29136 29349
9419 gi|749 29621 29730
9420 gi|749 29727 30081
9421 gi|749 30071 30267
9422 gi|749 30696 31237
9423 gi|749 32316 32795
9424 gi|749 34708 34890
9425 gi|749 34911 35353
9426 gi|749 35334 35944
9427 gi|749 35940 36410
9428 gi|749 37072 37165
9429 gi|749 37547 38112
9430 gi|749 38321 39475
9431 gi|749 39724 40000
9432 gi|75 3 566
9433 gi|75 469 1136
9434 gi|75 1344 1413
9435 gi|75 1813 1883
9436 gi|75 2002 2141
9437 gi|75 2163 2564
9438 gi|75 3702 4794
9439 gi|75 4763 5045
9440 gi|75 5199 5452
9441 gi|75 7189 7456
9442 gi|75 12967 13837
9443 gi|75 13708 14202
9444 gi|75 14054 14447
9445 gi|75 14950 15004
9446 gi|75 14987 15362
9447 gi|75 16330 16547
9448 gi|75 16844 17076
9449 gi|75 18561 18693
9450 gi|75 18943 19277
9451 gi|75 19951 20230
9452 gi|75 20204 20474
9453 gi|75 20617 20907
9454 gi|75 21772 21937
9455 gi|75 23924 24745
9456 gi|75 24599 25355
9457 gi|75 26879 27821
9458 gi|75 27822 28561
9459 gi|75 28788 29082
9460 gi|75 29699 30455
9461 gi|75 30229 31168
9462 gi|75 33648 34771
9463 gi|75 34815 35327
9464 gi|75 37730 38181
9465 gi|75 39570 40000
9466 gi|750 18 316
9467 gi|750 11392 11743
9468 gi|750 22022 22157
9469 gi|750 22257 22410
9470 gi|750 22433 24548
9471 gi|751 1948 2222
9472 gi|751 14324 14429
9473 gi|751 14959 16251
9474 gi|751 20170 24308
9475 gi|751 24287 27997
9476 gi|751 34151 35528
9477 gi|752 2 50
9478 gi|752 1150 1202
9479 gi|752 2429 3630
9480 gi|752 6031 6986
9481 gi|752 8087 8153
9482 gi|752 9379 10158
9483 gi|752 22928 23331
9484 gi|752 23328 26723
9485 gi|752 27731 29972
9486 gi|752 31606 32037
9487 gi|752 35131 36983
9488 gi|752 38090 38157
9489 gi|752 39360 39914
9490 gi|753 3 1393
9491 gi|753 3738 3918
9492 gi|753 4691 5100
9493 gi|753 5588 7094
9494 gi|753 7381 7499
9495 gi|753 8248 8626
9496 gi|753 9077 9184
9497 gi|753 9352 10124
9498 gi|753 10224 10651
9499 gi|753 11067 12091
9500 gi|753 12242 12324
9501 gi|753 13197 13331
9502 gi|753 14117 14295
9503 gi|753 18358 20137
9504 gi|753 20548 20646
9505 gi|753 21457 21636
9506 gi|753 27315 27463
9507 gi|753 31071 31187
9508 gi|753 31296 31476
9509 gi|753 31604 33348
9510 gi|753 34848 35029
9511 gi|753 36390 36594
9512 gi|753 37231 37300
9513 gi|753 38288 39640
9514 gi|753 39934 40173
9515 gi|754 3545 3629
9516 gi|754 4573 5407
9517 gi|754 5727 5796
9518 gi|754 18435 18529
9519 gi|754 20422 20603
9520 gi|754 22364 23616
9521 gi|754 23976 24183
9522 gi|755 478 596
9523 gi|755 657 903
9524 gi|755 3949 4106
9525 gi|755 7405 7483
9526 gi|755 8225 8505
9527 gi|755 10089 11555
9528 gi|755 11757 11867
9529 gi|755 24620 24964
9530 gi|755 25538 26053
9531 gi|755 27389 29494
9532 gi|755 30060 30097
9533 gi|755 30137 30444
9534 gi|755 31154 31689
9535 gi|755 31850 32108
9536 gi|755 37668 38184
9537 gi|755 39707 39880
9538 gi|755 39964 40033
9539 gi|756 1 27890
9540 gi|756 27180 32789
9541 gi|757 1182 1310
9542 gi|757 6639 6693
9543 gi|757 6796 10956
9544 gi|757 11517 11618
9545 gi|757 11869 12320
9546 gi|757 13055 17263
9547 gi|757 17534 19090
9548 gi|757 19432 19547
9549 gi|757 20777 21615
9550 gi|757 30245 30478
9551 gi|757 39722 39875
9552 gi|758 1 41
9553 gi|759 17038 17183
9554 gi|759 18783 19671
9555 gi|759 20112 20410
9556 gi|759 22426 22814
9557 gi|759 23226 23679
9558 gi|759 31212 31799
9559 gi|759 31988 32568
9560 gi|759 33616 34756
9561 gi|759 37149 39008
9562 gi|76 9076 10124
9563 gi|76 10112 11434
9564 gi|76 11436 12616
9565 gi|76 12600 14586
9566 gi|76 14843 15798
9567 gi|76 17051 17208
9568 gi|76 19248 19938
9569 gi|76 19983 22121
9570 gi|76 22184 22232
9571 gi|76 22467 23511
9572 gi|76 24118 24337
9573 gi|76 25128 26354
9574 gi|76 27311 27483
9575 gi|76 27760 27979
9576 gi|76 30578 32012
9577 gi|76 32420 33089
9578 gi|76 37387 37460
9579 gi|760 20335 20894
9580 gi|760 21156 21554
9581 gi|760 22953 23032
9582 gi|761 5767 5876
9583 gi|761 6084 6204
9584 gi|761 6160 6297
9585 gi|761 6929 7582
9586 gi|761 9157 9262
9587 gi|761 9250 9392
9588 gi|761 9693 10830
9589 gi|761 24201 24308
9590 gi|761 24790 25782
9591 gi|761 25740 25924
9592 gi|761 26488 26643
9593 gi|761 27369 27779
9594 gi|761 30078 30473
9595 gi|761 35087 35411
9596 gi|761 35525 35587
9597 gi|761 35751 37907
9598 gi|761 38419 38454
9599 gi|762 741 954
9600 gi|762 11731 12161
9601 gi|762 12168 12972
9602 gi|762 13872 14038
9603 gi|762 14480 14656
9604 gi|762 14944 15123
9605 gi|762 15323 15718
9606 gi|762 15647 15944
9607 gi|762 15868 16413
9608 gi|762 16536 19432
9609 gi|762 20199 25938
9610 gi|762 26495 29306
9611 gi|762 29760 32781
9612 gi|762 33440 34228
9613 gi|762 34471 36190
9614 gi|762 36514 36680
9615 gi|762 36719 36919
9616 gi|762 36927 37923
9617 gi|762 38086 38458
9618 gi|762 38579 40338
9619 gi|764 1276 1402
9620 gi|764 2475 2558
9621 gi|764 2888 3253
9622 gi|764 3451 3659
9623 gi|764 3629 4042
9624 gi|764 4374 4618
9625 gi|764 5067 5391
9626 gi|764 9830 9918
9627 gi|764 11798 11914
9628 gi|764 36424 36556
9629 gi|764 37339 39004
9630 gi|765 1 477
9631 gi|765 2153 3634
9632 gi|765 3855 3935
9633 gi|765 3934 4010
9634 gi|765 4012 4720
9635 gi|765 4569 5041
9636 gi|765 8867 9824
9637 gi|765 12058 12167
9638 gi|765 12144 21072
9639 gi|765 21453 21605
9640 gi|765 22214 22569
9641 gi|765 22856 23407
9642 gi|765 24008 24859
9643 gi|765 24842 25209
9644 gi|765 25540 26476
9645 gi|765 28242 28378
9646 gi|765 28537 28597
9647 gi|765 28593 28759
9648 gi|765 28740 30864
9649 gi|765 35791 36099
9650 gi|765 40146 40378
9651 gi|766 336 429
9652 gi|766 427 498
9653 gi|766 1023 1101
9654 gi|766 1368 1903
9655 gi|766 9442 9764
9656 gi|766 10262 11043
9657 gi|766 11121 11239
9658 gi|766 23178 23246
9659 gi|766 29223 29320
9660 gi|766 29540 30000
9661 gi|766 31298 31369
9662 gi|766 32939 32992
9663 gi|766 33189 33258
9664 gi|766 33934 33965
9665 gi|766 35372 35722
9666 gi|766 36841 36908
9667 gi|767 2507 2876
9668 gi|767 2997 4596
9669 gi|767 5127 6289
9670 gi|767 7872 8681
9671 gi|767 9446 10708
9672 gi|767 19122 19239
9673 gi|767 19368 19514
9674 gi|767 19523 20347
9675 gi|767 22369 22603
9676 gi|767 23414 24254
9677 gi|767 30213 30762
9678 gi|767 30876 32999
9679 gi|767 33136 33463
9680 gi|767 33966 34357
9681 gi|767 34437 35063
9682 gi|767 36287 37846
9683 gi|767 39105 40125
9684 gi|768 1 833
9685 gi|768 2024 2299
9686 gi|768 2892 2995
9687 gi|768 3889 4059
9688 gi|768 3996 4136
9689 gi|768 4730 4877
9690 gi|768 5693 5851
9691 gi|768 6257 6559
9692 gi|768 6460 6820
9693 gi|768 7060 7585
9694 gi|768 8223 9141
9695 gi|768 9492 9813
9696 gi|768 16085 16676
9697 gi|768 17206 17755
9698 gi|768 17747 17824
9699 gi|768 18217 18308
9700 gi|768 19247 19451
9701 gi|768 21781 21948
9702 gi|768 22295 22546
9703 gi|768 24816 25593
9704 gi|768 27843 28139
9705 gi|768 33234 34922
9706 gi|768 36204 36546
9707 gi|768 37062 37994
9708 gi|768 38474 38883
9709 gi|768 38869 40128
9710 gi|77 2 51
9711 gi|77 359 42438
9712 gi|770 12958 12990
9713 gi|770 13112 13252
9714 gi|770 14465 15105
9715 gi|770 15243 15410
9716 gi|770 15652 15894
9717 gi|770 16777 16944
9718 gi|770 17082 17722
9719 gi|770 23074 23373
9720 gi|770 23616 24045
9721 gi|770 29651 31240
9722 gi|770 38551 38676
9723 gi|771 457 556
9724 gi|771 1438 4196
9725 gi|771 30581 30880
9726 gi|771 35147 39109
9727 gi|772 166 724
9728 gi|772 1240 1294
9729 gi|772 1928 2171
9730 gi|772 3130 3837
9731 gi|772 3824 4064
9732 gi|772 4995 5748
9733 gi|772 6167 7169
9734 gi|772 7115 9470
9735 gi|772 9678 10778
9736 gi|772 13178 13443
9737 gi|772 13431 14461
9738 gi|772 14839 15049
9739 gi|772 15048 15126
9740 gi|772 17541 17986
9741 gi|772 18638 19577
9742 gi|772 19335 21615
9743 gi|772 22433 23134
9744 gi|772 27822 28042
9745 gi|772 28163 28440
9746 gi|772 28621 28713
9747 gi|772 28844 31861
9748 gi|772 31061 35414
9749 gi|773 6498 7940
9750 gi|773 37159 37720
9751 gi|773 37807 38103
9752 gi|774 3550 3738
9753 gi|774 4142 4310
9754 gi|774 4249 4384
9755 gi|774 12008 12151
9756 gi|774 24197 24345
9757 gi|774 24435 25091
9758 gi|774 25125 25423
9759 gi|774 25525 26263
9760 gi|774 26906 27063
9761 gi|774 27266 28467
9762 gi|774 28920 29000
9763 gi|774 32525 32788
9764 gi|774 33263 33789
9765 gi|774 33990 34363
9766 gi|774 35531 35809
9767 gi|774 37009 37199
9768 gi|775 399 818
9769 gi|775 4054 9934
9770 gi|775 11980 12387
9771 gi|775 13827 15377
9772 gi|775 16420 16555
9773 gi|775 17837 19365
9774 gi|775 19885 20203
9775 gi|775 23043 23992
9776 gi|775 25083 25398
9777 gi|775 25242 26640
9778 gi|775 27039 27815
9779 gi|776 2 21845
9780 gi|777 12344 12447
9781 gi|777 12590 12677
9782 gi|777 12728 12857
9783 gi|777 12911 12991
9784 gi|778 6996 7379
9785 gi|778 14552 15109
9786 gi|778 15950 22436
9787 gi|778 22432 23164
9788 gi|778 23057 23873
9789 gi|778 33258 33566
9790 gi|778 33828 35628
9791 gi|778 37318 39190
9792 gi|778 39531 40378
9793 gi|779 4763 6324
9794 gi|779 6893 7588
9795 gi|779 13387 13481
9796 gi|779 16596 18142
9797 gi|779 18132 18271
9798 gi|779 18455 18904
9799 gi|779 18860 18978
9800 gi|779 18956 19013
9801 gi|779 19044 19109
9802 gi|779 19102 19434
9803 gi|779 19466 19553
9804 gi|779 19762 19859
9805 gi|779 19813 19938
9806 gi|779 19945 20076
9807 gi|779 20345 22017
9808 gi|779 22238 22290
9809 gi|779 23784 23977
9810 gi|779 24016 24184
9811 gi|779 24183 24425
9812 gi|779 24646 24892
9813 gi|779 25162 25226
9814 gi|779 26420 26532
9815 gi|779 26751 27799
9816 gi|779 28066 28174
9817 gi|779 34438 34866
9818 gi|779 35192 37434
9819 gi|779 37425 37602
9820 gi|779 37587 38033
9821 gi|779 39084 39201
9822 gi|78 1 3246
9823 gi|78 3378 3777
9824 gi|78 3760 4256
9825 gi|78 9618 10189
9826 gi|78 10328 12372
9827 gi|78 12642 13446
9828 gi|78 13814 14282
9829 gi|78 14619 15761
9830 gi|78 17108 18959
9831 gi|78 19108 19508
9832 gi|78 19490 19986
9833 gi|78 24817 25562
9834 gi|78 26217 26262
9835 gi|78 26598 27192
9836 gi|78 28064 28208
9837 gi|78 29176 30897
9838 gi|78 30857 32959
9839 gi|78 32888 33648
9840 gi|78 34218 34496
9841 gi|780 1 26682
9842 gi|780 26989 28853
9843 gi|780 29059 39789
9844 gi|780 39399 41448
9845 gi|781 7385 7574
9846 gi|781 12997 13201
9847 gi|781 17135 17504
9848 gi|781 18929 19263
9849 gi|781 20264 20894
9850 gi|781 21686 22597
9851 gi|781 25608 25805
9852 gi|781 27285 27515
9853 gi|781 30284 30426
9854 gi|781 30646 31304
9855 gi|781 36497 38995
9856 gi|782 11590 11663
9857 gi|782 11759 11838
9858 gi|782 17589 20371
9859 gi|782 37123 37256
9860 gi|782 38200 38306
9861 gi|783 1 38
9862 gi|783 1580 3393
9863 gi|783 3578 3812
9864 gi|783 6032 7658
9865 gi|783 8360 9558
9866 gi|783 10126 10295
9867 gi|783 10778 12003
9868 gi|783 13094 13487
9869 gi|783 13489 13541
9870 gi|783 14413 14485
9871 gi|783 18160 18232
9872 gi|783 19113 19169
9873 gi|783 19166 19899
9874 gi|783 25899 26640
9875 gi|783 28485 29240
9876 gi|783 31417 31830
9877 gi|783 32202 32571
9878 gi|783 33894 34434
9879 gi|783 34928 35160
9880 gi|783 35262 36306
9881 gi|783 38842 39989
9882 gi|784 5833 5915
9883 gi|784 9760 10019
9884 gi|784 10210 11249
9885 gi|784 12498 12680
9886 gi|784 12760 12938
9887 gi|784 13769 13847
9888 gi|784 14033 14310
9889 gi|784 15461 15570
9890 gi|784 15794 15935
9891 gi|784 16243 16542
9892 gi|784 16515 16683
9893 gi|784 18285 19031
9894 gi|784 19096 19159
9895 gi|784 19535 19947
9896 gi|784 20491 20679
9897 gi|784 20999 21950
9898 gi|784 22177 22540
9899 gi|784 35088 35359
9900 gi|784 36084 36203
9901 gi|784 36295 36405
9902 gi|784 36511 36916
9903 gi|784 36935 37484
9904 gi|79 865 1216
9905 gi|79 1310 1561
9906 gi|79 1573 1804
9907 gi|79 3498 3742
9908 gi|79 6375 7682
9909 gi|79 13875 15513
9910 gi|79 19139 19376
9911 gi|79 20589 21525
9912 gi|79 21573 21978
9913 gi|79 22574 23943
9914 gi|79 24380 24444
9915 gi|79 27003 27275
9916 gi|79 31290 31871
9917 gi|79 32078 32311
9918 gi|79 33804 34026
9919 gi|79 34429 34890
9920 gi|79 36265 36825
9921 gi|79 37044 37297
9922 gi|79 37750 38369
9923 gi|79 39688 40116
9924 gi|8 1 749
9925 gi|8 1094 1871
9926 gi|8 2054 2211
9927 gi|8 2680 4426
9928 gi|8 5855 6146
9929 gi|8 9461 9642
9930 gi|8 10292 10405
9931 gi|8 10406 11136
9932 gi|8 11415 12320
9933 gi|8 13681 13836
9934 gi|8 14409 15335
9935 gi|8 17114 17424
9936 gi|8 18325 19437
9937 gi|8 20643 21504
9938 gi|8 22564 22789
9939 gi|8 22829 23773
9940 gi|8 23333 26084
9941 gi|8 25816 26356
9942 gi|8 30973 31122
9943 gi|8 32658 33737
9944 gi|8 34609 34987
9945 gi|8 36673 37587
9946 gi|8 38344 40173
9947 gi|80 898 1337
9948 gi|80 2991 3224
9949 gi|80 5881 6880
9950 gi|80 7184 7290
9951 gi|80 7808 7988
9952 gi|80 8069 9907
9953 gi|80 9935 10393
9954 gi|80 10540 11927
9955 gi|80 11858 12017
9956 gi|80 11988 12084
9957 gi|80 12785 13148
9958 gi|80 13169 13303
9959 gi|80 13325 13512
9960 gi|80 13514 13650
9961 gi|80 20228 20708
9962 gi|80 21841 22037
9963 gi|80 23873 24622
9964 gi|80 25950 27101
9965 gi|80 27134 27687
9966 gi|80 34264 34332
9967 gi|80 35501 36179
9968 gi|80 37691 37824
9969 gi|80 38540 38681
9970 gi|80 38714 38858
9971 gi|80 38790 39025
9972 gi|81 20605 20796
9973 gi|81 21374 22173
9974 gi|81 22761 23138
9975 gi|82 1300 3099
9976 gi|82 4159 4412
9977 gi|82 4412 5214
9978 gi|82 5406 6782
9979 gi|82 6761 6882
9980 gi|82 6890 7196
9981 gi|82 7552 7726
9982 gi|82 8213 8404
9983 gi|82 8411 9571
9984 gi|82 9650 9979
9985 gi|82 12264 12671
9986 gi|82 12894 13756
9987 gi|82 14020 14097
9988 gi|82 15598 15698
9989 gi|82 19011 20812
9990 gi|82 21421 22909
9991 gi|82 23280 24354
9992 gi|82 26056 26524
9993 gi|82 27188 28761
9994 gi|82 29000 29324
9995 gi|82 29429 30600
9996 gi|82 30603 30889
9997 gi|82 31101 31271
9998 gi|82 31270 31464
9999 gi|82 34963 36750
10000 gi|82 36856 37140
10001 gi|82 37158 37335
10002 gi|82 37479 39394
10003 gi|82 39662 40129
10004 gi|83 302 757
10005 gi|83 1188 1543
10006 gi|83 1698 1767
10007 gi|83 18112 18261
10008 gi|83 23757 23836
10009 gi|83 26377 26459
10010 gi|83 26528 28279
10011 gi|83 28645 28990
10012 gi|83 35891 35973
10013 gi|83 38340 40030
10014 gi|84 5810 5936
10015 gi|84 5904 6029
10016 gi|84 9095 10206
10017 gi|84 10557 10598
10018 gi|84 19715 21715
10019 gi|84 22486 23822
10020 gi|84 23928 24112
10021 gi|84 27132 27225
10022 gi|84 30796 30833
10023 gi|84 30996 31215
10024 gi|84 31695 35765
10025 gi|84 38595 38649
10026 gi|85 56 1006
10027 gi|85 1322 3862
10028 gi|85 6047 6297
10029 gi|85 6505 6638
10030 gi|85 6706 6909
10031 gi|85 7660 7935
10032 gi|85 9550 9711
10033 gi|85 9759 10289
10034 gi|85 10435 10567
10035 gi|85 10687 10769
10036 gi|85 12352 12819
10037 gi|85 16835 17854
10038 gi|85 18400 23962
10039 gi|85 24258 25096
10040 gi|85 25985 27198
10041 gi|85 27371 27691
10042 gi|85 30093 30484
10043 gi|85 30455 30593
10044 gi|85 30654 31318
10045 gi|85 33969 34113
10046 gi|85 35405 35594
10047 gi|85 35911 36022
10048 gi|85 38165 38341
10049 gi|86 15014 15305
10050 gi|86 20700 20732
10051 gi|86 27063 27092
10052 gi|86 27199 28132
10053 gi|86 29810 30121
10054 gi|86 31038 34269
10055 gi|86 37913 38068
10056 gi|86 39729 39848
10057 gi|87 2308 3494
10058 gi|87 4603 4743
10059 gi|87 5448 5812
10060 gi|87 7929 8047
10061 gi|87 9197 9406
10062 gi|87 9714 10247
10063 gi|87 11663 12600
10064 gi|87 13545 13857
10065 gi|87 19410 19976
10066 gi|87 19825 20346
10067 gi|87 20411 20502
10068 gi|87 21487 22142
10069 gi|87 22660 22721
10070 gi|87 23321 24338
10071 gi|87 24470 24533
10072 gi|87 24546 26987
10073 gi|88 2752 3918
10074 gi|88 4905 4996
10075 gi|88 5519 5731
10076 gi|88 5722 6118
10077 gi|88 11142 11237
10078 gi|88 11237 11290
10079 gi|88 14989 16686
10080 gi|88 36025 36601
10081 gi|88 36777 36868
10082 gi|88 38790 39524
10083 gi|89 3 2017
10084 gi|89 3135 3508
10085 gi|89 4814 7853
10086 gi|89 7869 8367
10087 gi|89 9869 11043
10088 gi|89 11042 11842
10089 gi|89 11817 11981
10090 gi|89 11992 12216
10091 gi|89 13917 13969
10092 gi|89 13965 14256
10093 gi|89 14283 14595
10094 gi|89 14609 14713
10095 gi|89 15919 16499
10096 gi|89 38411 39263
10097 gi|9 14857 15052
10098 gi|9 18264 18790
10099 gi|9 19639 19677
10100 gi|9 20265 20673
10101 gi|9 21743 22007
10102 gi|9 24793 25087
10103 gi|9 28001 28154
10104 gi|9 32215 32536
10105 gi|9 34182 34860
10106 gi|9 35301 35489
10107 gi|9 35645 35777
10108 gi|9 39794 39927
10109 gi|90 1 2732
10110 gi|90 2704 2835
10111 gi|90 9544 9624
10112 gi|90 11797 11996
10113 gi|90 12436 12592
10114 gi|90 24428 24591
10115 gi|90 28578 29366
10116 gi|90 36847 37008
10117 gi|91 21 851
10118 gi|91 746 2694
10119 gi|91 4511 5503
10120 gi|91 9327 10105
10121 gi|91 11477 11584
10122 gi|91 15503 15562
10123 gi|91 17749 20061
10124 gi|91 21802 22606
10125 gi|91 22594 22742
10126 gi|91 22923 24130
10127 gi|91 26841 27788
10128 gi|91 28005 29176
10129 gi|91 29430 29591
10130 gi|91 29742 29850
10131 gi|91 37043 37431
10132 gi|91 38727 39301
10133 gi|92 161 3494
10134 gi|92 5214 5468
10135 gi|92 9238 9763
10136 gi|92 11927 12165
10137 gi|92 14068 14146
10138 gi|92 15571 15986
10139 gi|92 17591 19582
10140 gi|92 21812 22311
10141 gi|92 22767 23079
10142 gi|92 23117 24117
10143 gi|92 24130 24359
10144 gi|92 24634 25306
10145 gi|92 28333 28548
10146 gi|92 33481 33679
10147 gi|92 35428 37958
10148 gi|92 37967 38212
10149 gi|93 587 1007
10150 gi|93 9845 10419
10151 gi|93 11185 11341
10152 gi|93 16064 16260
10153 gi|93 16470 16961
10154 gi|93 17504 17761
10155 gi|93 17753 17957
10156 gi|93 18459 18802
10157 gi|93 19119 19384
10158 gi|93 19763 19798
10159 gi|93 19948 20278
10160 gi|93 21221 21420
10161 gi|93 22338 22421
10162 gi|93 22472 22569
10163 gi|93 22646 22899
10164 gi|93 22819 22985
10165 gi|93 24624 24758
10166 gi|93 27740 28214
10167 gi|93 28467 29355
10168 gi|93 29780 29868
10169 gi|93 29862 31142
10170 gi|93 31534 33028
10171 gi|93 33574 34111
10172 gi|94 4045 4494
10173 gi|94 4492 4561
10174 gi|94 8456 8582
10175 gi|94 9043 9221
10176 gi|94 9278 9368
10177 gi|94 9447 9489
10178 gi|94 9477 10719
10179 gi|94 10833 10950
10180 gi|94 11861 11910
10181 gi|94 13007 13564
10182 gi|94 13923 14180
10183 gi|94 27059 27268
10184 gi|94 28046 28271
10185 gi|94 28706 30904
10186 gi|94 31729 32006
10187 gi|94 39827 39916
10188 gi|95 4347 4449
10189 gi|95 7860 8020
10190 gi|95 11292 13676
10191 gi|95 27803 28139
10192 gi|95 28427 28580
10193 gi|95 29596 30454
10194 gi|95 32140 32249
10195 gi|95 32335 32494
10196 gi|95 32505 32604
10197 gi|95 32608 32708
10198 gi|95 33162 33329
10199 gi|95 34070 35486
10200 gi|96 2 1023
10201 gi|96 17537 17595
10202 gi|96 24397 24503
10203 gi|97 1036 1999
10204 gi|97 1995 2189
10205 gi|97 3428 3634
10206 gi|97 5045 5366
10207 gi|97 19269 19347
10208 gi|97 19817 19897
10209 gi|97 20869 21086
10210 gi|97 21145 21645
10211 gi|97 22261 22471
10212 gi|97 22744 23823
10213 gi|97 24141 24416
10214 gi|97 25069 25143
10215 gi|97 25615 25705
10216 gi|97 28927 29094
10217 gi|97 30216 30292
10218 gi|97 30287 30390
10219 gi|97 30601 30690
10220 gi|97 37557 37650
10221 gi|98 6996 7175
10222 gi|98 8228 8405
10223 gi|98 11216 11471
10224 gi|98 17810 18609
10225 gi|98 20545 21192
10226 gi|98 23172 23706
10227 gi|98 30062 30436
10228 gi|98 30397 30658
10229 gi|98 30652 30909
10230 gi|98 30920 31054
10231 gi|98 38552 38637
10232 gi|98 40038 40115
10233 gi|99 1 896
10234 gi|99 2621 3913
10235 gi|99 10488 10648
10236 gi|99 11399 12229
10237 gi|99 11820 12893
10238 gi|99 14929 15044
10239 gi|99 15171 15520
10240 gi|99 15832 16425
10241 gi|99 17768 18100
10242 gi|99 18412 18710
10243 gi|99 18885 19031
10244 gi|99 23553 23672
10245 gi|99 25179 25638
10246 gi|99 26977 27765
10247 gi|99 28469 29257
10248 gi|99 29066 30786
10249 gi|99 38747 40052
10250 gi|99 40018 40172
